# TPV29
# author = Dunyu Liu
# date =  2/27/2015 11:17:30
# code = EQdyna
# code_version = 3.1
# element_size = 100 m x 100 m on fault
# time_step =  0.0080  s
# num_time_steps =  2500
# location = on main fault, 5 km along strike, 12 km down-dip

# Time series in 8 columns in format e15.7
# Column #1 = Time (s)
# Column #2 = horizontal slip (m)
# Column #3 = horizontal slip rate (m/s)
# Column #4 = horizontal shear stress (MPa)
# Column #5 = down-dip slip (m)
# Column #6 = down-dip slip rate (m/s)
# Column #7 = down-dip shear stress (MPa)
# Column #8 = normal stress (MPa)
# The line below lists the names of the data fields:
 t h-slip h-slip-rate h-shear-stress v-slip v-slip-rate v-shear-stress n-stress
#
     0.00800   0.0000000E+0000   0.0000000E+0000   0.2646727E+0002   0.0000000E+0000   0.0000000E+0000   0.6931560E+0000  -0.1795351E+0003
     0.01600  -0.7953786E-0018  -0.9942232E-0016   0.2646727E+0002   0.7766072E-0018   0.9707589E-0016   0.6931585E+0000  -0.1795351E+0003
     0.02400   0.3975642E-0018   0.1491178E-0015   0.2646727E+0002   0.1214835E-0017   0.5477843E-0016   0.6931629E+0000  -0.1795351E+0003
     0.03200   0.7944716E-0017   0.9433939E-0015   0.2646727E+0002   0.1068384E-0017  -0.1830635E-0016   0.6931690E+0000  -0.1795351E+0003
     0.04000   0.1508631E-0016   0.8926998E-0015   0.2646727E+0002   0.1197010E-0017   0.1607825E-0016   0.6931762E+0000  -0.1795351E+0003
     0.04800   0.1872883E-0016   0.4553145E-0015   0.2646727E+0002   0.1662202E-0017   0.5814897E-0016   0.6931840E+0000  -0.1795351E+0003
     0.05600   0.2961590E-0016   0.1360883E-0014   0.2646727E+0002   0.1558773E-0017  -0.1292858E-0016   0.6931920E+0000  -0.1795351E+0003
     0.06400   0.3450530E-0016   0.6111753E-0015   0.2646727E+0002   0.1786450E-0017   0.2845988E-0016   0.6931999E+0000  -0.1795351E+0003
     0.07200   0.3082959E-0016  -0.4594639E-0015   0.2646727E+0002   0.2021093E-0017   0.2933042E-0016   0.6932073E+0000  -0.1795351E+0003
     0.08000   0.4105499E-0016   0.1278175E-0014   0.2646727E+0002   0.1901662E-0017  -0.1492874E-0016   0.6932142E+0000  -0.1795351E+0003
     0.08800   0.2766333E-0016  -0.1673958E-0014   0.2646726E+0002   0.2871855E-0017   0.1212746E-0015   0.6932206E+0000  -0.1795351E+0003
     0.09600   0.2349468E-0016  -0.5210807E-0015   0.2646726E+0002   0.3742284E-0017   0.1088036E-0015   0.6932265E+0000  -0.1795351E+0003
     0.10400   0.2081106E-0016  -0.3354527E-0015   0.2646726E+0002   0.4050002E-0017   0.3846398E-0016   0.6932320E+0000  -0.1795351E+0003
     0.11200   0.3250267E-0016   0.1461451E-0014   0.2646726E+0002   0.4402871E-0017   0.4410861E-0016   0.6932372E+0000  -0.1795351E+0003
     0.12000   0.2101339E-0016  -0.1436159E-0014   0.2646726E+0002   0.5279384E-0017   0.1095639E-0015   0.6932421E+0000  -0.1795351E+0003
     0.12800   0.3482201E-0016   0.1726078E-0014   0.2646726E+0002   0.5254013E-0017  -0.3168962E-0017   0.6932466E+0000  -0.1795351E+0003
     0.13600   0.2638912E-0016  -0.1054111E-0014   0.2646725E+0002   0.5664692E-0017   0.5133104E-0016   0.6932508E+0000  -0.1795351E+0003
     0.14400   0.3394947E-0016   0.9450430E-0015   0.2646725E+0002   0.5745477E-0017   0.1009896E-0016   0.6932546E+0000  -0.1795351E+0003
     0.15200   0.4159684E-0016   0.9559203E-0015   0.2646725E+0002   0.6369622E-0017   0.7801957E-0016   0.6932580E+0000  -0.1795351E+0003
     0.16000   0.5196989E-0016   0.1296630E-0014   0.2646725E+0002   0.7133989E-0017   0.9554913E-0016   0.6932609E+0000  -0.1795351E+0003
     0.16800   0.5152952E-0016  -0.5504581E-0016   0.2646725E+0002   0.8012627E-0017   0.1098294E-0015   0.6932633E+0000  -0.1795351E+0003
     0.17600   0.4153259E-0016  -0.1249615E-0014   0.2646724E+0002   0.8561055E-0017   0.6855249E-0016   0.6932652E+0000  -0.1795351E+0003
     0.18400   0.4368242E-0016   0.2687277E-0015   0.2646724E+0002   0.9218207E-0017   0.8214536E-0016   0.6932667E+0000  -0.1795351E+0003
     0.19200   0.4610796E-0016   0.3031931E-0015   0.2646724E+0002   0.9415009E-0017   0.2460297E-0016   0.6932678E+0000  -0.1795351E+0003
     0.20000   0.5878696E-0016   0.1584872E-0014   0.2646724E+0002   0.9546485E-0017   0.1643466E-0016   0.6932686E+0000  -0.1795351E+0003
     0.20800   0.6194765E-0016   0.3950894E-0015   0.2646724E+0002   0.9792151E-0017   0.3070510E-0016   0.6932692E+0000  -0.1795351E+0003
     0.21600   0.6583118E-0016   0.4854435E-0015   0.2646724E+0002   0.1018613E-0016   0.4924840E-0016   0.6932696E+0000  -0.1795351E+0003
     0.22400   0.7322458E-0016   0.9241742E-0015   0.2646724E+0002   0.1054381E-0016   0.4471392E-0016   0.6932698E+0000  -0.1795351E+0003
     0.23200   0.8527943E-0016   0.1506855E-0014   0.2646724E+0002   0.1089973E-0016   0.4449041E-0016   0.6932699E+0000  -0.1795351E+0003
     0.24000   0.7284885E-0016  -0.1553821E-0014   0.2646724E+0002   0.1161961E-0016   0.8998486E-0016   0.6932698E+0000  -0.1795351E+0003
     0.24800   0.7048307E-0016  -0.2957234E-0015   0.2646724E+0002   0.1214498E-0016   0.6567068E-0016   0.6932696E+0000  -0.1795351E+0003
     0.25600   0.6668523E-0016  -0.4747300E-0015   0.2646724E+0002   0.1266988E-0016   0.6561223E-0016   0.6932694E+0000  -0.1795351E+0003
     0.26400   0.7957590E-0016   0.1611334E-0014   0.2646724E+0002   0.1283723E-0016   0.2091917E-0016   0.6932692E+0000  -0.1795351E+0003
     0.27200   0.8427409E-0016   0.5872725E-0015   0.2646724E+0002   0.1346944E-0016   0.7902394E-0016   0.6932690E+0000  -0.1795351E+0003
     0.28000   0.7676517E-0016  -0.9386167E-0015   0.2646724E+0002   0.1368503E-0016   0.2694962E-0016   0.6932689E+0000  -0.1795351E+0003
     0.28800   0.7054470E-0016  -0.7775589E-0015   0.2646725E+0002   0.1433207E-0016   0.8087831E-0016   0.6932689E+0000  -0.1795351E+0003
     0.29600   0.7031083E-0016  -0.2923259E-0016   0.2646725E+0002   0.1486035E-0016   0.6603427E-0016   0.6932691E+0000  -0.1795351E+0003
     0.30400   0.6928141E-0016  -0.1286764E-0015   0.2646725E+0002   0.1550475E-0016   0.8055262E-0016   0.6932695E+0000  -0.1795351E+0003
     0.31200   0.6591980E-0016  -0.4202021E-0015   0.2646725E+0002   0.1619889E-0016   0.8676709E-0016   0.6932700E+0000  -0.1795351E+0003
     0.32000   0.6275809E-0016  -0.3952163E-0015   0.2646725E+0002   0.1670659E-0016   0.6346183E-0016   0.6932708E+0000  -0.1795351E+0003
     0.32800   0.6741371E-0016   0.5819540E-0015   0.2646725E+0002   0.1694034E-0016   0.2921914E-0016   0.6932717E+0000  -0.1795351E+0003
     0.33600   0.6601526E-0016  -0.1748071E-0015   0.2646726E+0002   0.1787642E-0016   0.1170101E-0015   0.6932729E+0000  -0.1795351E+0003
     0.34400   0.6345351E-0016  -0.3202176E-0015   0.2646726E+0002   0.1833683E-0016   0.5755165E-0016   0.6932741E+0000  -0.1795351E+0003
     0.35200   0.5732875E-0016  -0.7655922E-0015   0.2646726E+0002   0.1919399E-0016   0.1071444E-0015   0.6932756E+0000  -0.1795351E+0003
     0.36000   0.5153102E-0016  -0.7247148E-0015   0.2646726E+0002   0.1986701E-0016   0.8412721E-0016   0.6932771E+0000  -0.1795351E+0003
     0.36800   0.6504948E-0016   0.1689809E-0014   0.2646726E+0002   0.2017643E-0016   0.3867780E-0016   0.6932789E+0000  -0.1795351E+0003
     0.37600   0.5414933E-0016  -0.1362522E-0014   0.2646727E+0002   0.2118660E-0016   0.1262707E-0015   0.6932807E+0000  -0.1795351E+0003
     0.38400   0.5253735E-0016  -0.2014918E-0015   0.2646727E+0002   0.2153102E-0016   0.4305320E-0016   0.6932826E+0000  -0.1795351E+0003
     0.39200   0.5356480E-0016   0.1284276E-0015   0.2646727E+0002   0.2176630E-0016   0.2940957E-0016   0.6932847E+0000  -0.1795351E+0003
     0.40000   0.4778748E-0016  -0.7221646E-0015   0.2646727E+0002   0.2248904E-0016   0.9034173E-0016   0.6932868E+0000  -0.1795351E+0003
     0.40800   0.3233254E-0016  -0.1931869E-0014   0.2646727E+0002   0.2294477E-0016   0.5696688E-0016   0.6932889E+0000  -0.1795351E+0003
     0.41600   0.3557443E-0016   0.4052394E-0015   0.2646728E+0002   0.2319045E-0016   0.3070828E-0016   0.6932910E+0000  -0.1795351E+0003
     0.42400   0.4355094E-0016   0.9970592E-0015   0.2646728E+0002   0.2366478E-0016   0.5929109E-0016   0.6932931E+0000  -0.1795351E+0003
     0.43200   0.4541767E-0016   0.2333470E-0015   0.2646728E+0002   0.2367324E-0016   0.1057732E-0017   0.6932952E+0000  -0.1795351E+0003
     0.44000   0.5545117E-0016   0.1254185E-0014   0.2646728E+0002   0.2411783E-0016   0.5557500E-0016   0.6932972E+0000  -0.1795351E+0003
     0.44800   0.6269513E-0016   0.9054958E-0015   0.2646728E+0002   0.2407992E-0016  -0.4740155E-0017   0.6932992E+0000  -0.1795351E+0003
     0.45600   0.5406384E-0016  -0.1078910E-0014   0.2646728E+0002   0.2480465E-0016   0.9059335E-0016   0.6933011E+0000  -0.1795351E+0003
     0.46400   0.6220692E-0016   0.1017881E-0014   0.2646728E+0002   0.2526321E-0016   0.5731941E-0016   0.6933029E+0000  -0.1795351E+0003
     0.47200   0.7223481E-0016   0.1253487E-0014   0.2646728E+0002   0.2609264E-0016   0.1036784E-0015   0.6933047E+0000  -0.1795351E+0003
     0.48000   0.7707748E-0016   0.6053299E-0015   0.2646729E+0002   0.2675671E-0016   0.8300955E-0016   0.6933063E+0000  -0.1795351E+0003
     0.48800   0.7238524E-0016  -0.5865361E-0015   0.2646729E+0002   0.2712697E-0016   0.4628114E-0016   0.6933079E+0000  -0.1795351E+0003
     0.49600   0.6748555E-0016  -0.6124596E-0015   0.2646729E+0002   0.2759464E-0016   0.5846063E-0016   0.6933094E+0000  -0.1795351E+0003
     0.50400   0.5605198E-0016  -0.1429196E-0014   0.2646729E+0002   0.2840496E-0016   0.1012895E-0015   0.6933108E+0000  -0.1795351E+0003
     0.51200   0.5269887E-0016  -0.4191419E-0015   0.2646729E+0002   0.2838331E-0016  -0.2707011E-0017   0.6933120E+0000  -0.1795351E+0003
     0.52000   0.5471788E-0016   0.2523757E-0015   0.2646729E+0002   0.2898961E-0016   0.7578981E-0016   0.6933131E+0000  -0.1795351E+0003
     0.52800   0.5562386E-0016   0.1132508E-0015   0.2646729E+0002   0.2966066E-0016   0.8388183E-0016   0.6933141E+0000  -0.1795351E+0003
     0.53600   0.4971747E-0016  -0.7382957E-0015   0.2646729E+0002   0.3044514E-0016   0.9806026E-0016   0.6933149E+0000  -0.1795351E+0003
     0.54400   0.5560258E-0016   0.7356363E-0015   0.2646729E+0002   0.3086932E-0016   0.5302246E-0016   0.6933157E+0000  -0.1795351E+0003
     0.55200   0.6081665E-0016   0.6517587E-0015   0.2646729E+0002   0.3137295E-0016   0.6295498E-0016   0.6933163E+0000  -0.1795351E+0003
     0.56000   0.6326738E-0016   0.3063379E-0015   0.2646729E+0002   0.3169431E-0016   0.4016694E-0016   0.6933168E+0000  -0.1795351E+0003
     0.56800   0.5659197E-0016  -0.8344266E-0015   0.2646729E+0002   0.3235433E-0016   0.8250440E-0016   0.6933171E+0000  -0.1795351E+0003
     0.57600   0.5093643E-0016  -0.7069424E-0015   0.2646729E+0002   0.3295429E-0016   0.7499556E-0016   0.6933174E+0000  -0.1795351E+0003
     0.58400   0.4159302E-0016  -0.1167929E-0014   0.2646729E+0002   0.3363969E-0016   0.8567421E-0016   0.6933175E+0000  -0.1795351E+0003
     0.59200   0.5889521E-0016   0.2162782E-0014   0.2646729E+0002   0.3388427E-0016   0.3057260E-0016   0.6933175E+0000  -0.1795351E+0003
     0.60000   0.6269632E-0016   0.4751389E-0015   0.2646729E+0002   0.3433212E-0016   0.5598067E-0016   0.6933174E+0000  -0.1795351E+0003
     0.60800   0.5387447E-0016  -0.1102735E-0014   0.2646729E+0002   0.3511003E-0016   0.9724012E-0016   0.6933172E+0000  -0.1795351E+0003
     0.61600   0.5730469E-0016   0.4287850E-0015   0.2646729E+0002   0.3540005E-0016   0.3624877E-0016   0.6933169E+0000  -0.1795351E+0003
     0.62400   0.4388843E-0016  -0.1677022E-0014   0.2646729E+0002   0.3605668E-0016   0.8208226E-0016   0.6933165E+0000  -0.1795351E+0003
     0.63200   0.4939690E-0016   0.6885491E-0015   0.2646729E+0002   0.3643597E-0016   0.4740727E-0016   0.6933162E+0000  -0.1795351E+0003
     0.64000   0.5356435E-0016   0.5209301E-0015   0.2646729E+0002   0.3676840E-0016   0.4155321E-0016   0.6933157E+0000  -0.1795351E+0003
     0.64800   0.4861943E-0016  -0.6181070E-0015   0.2646729E+0002   0.3727559E-0016   0.6340116E-0016   0.6933153E+0000  -0.1795351E+0003
     0.65600   0.5034504E-0016   0.2156961E-0015   0.2646729E+0002   0.3760564E-0016   0.4125315E-0016   0.6933149E+0000  -0.1795351E+0003
     0.66400   0.5101674E-0016   0.8396172E-0016   0.2646729E+0002   0.3850239E-0016   0.1120906E-0015   0.6933145E+0000  -0.1795351E+0003
     0.67200   0.5249259E-0016   0.1844785E-0015   0.2646729E+0002   0.3857692E-0016   0.9317680E-0017   0.6933141E+0000  -0.1795351E+0003
     0.68000   0.4772094E-0016  -0.5964615E-0015   0.2646729E+0002   0.3905603E-0016   0.5989190E-0016   0.6933137E+0000  -0.1795351E+0003
     0.68800   0.5573667E-0016   0.1001968E-0014   0.2646728E+0002   0.3904102E-0016  -0.1875331E-0017   0.6933134E+0000  -0.1795351E+0003
     0.69600   0.5380899E-0016  -0.2409497E-0015   0.2646728E+0002   0.3943309E-0016   0.4901123E-0016   0.6933132E+0000  -0.1795351E+0003
     0.70400   0.5271150E-0016  -0.1371924E-0015   0.2646728E+0002   0.3953688E-0016   0.1297443E-0016   0.6933130E+0000  -0.1795351E+0003
     0.71200   0.6707485E-0016   0.1795420E-0014   0.2646728E+0002   0.3974276E-0016   0.2573021E-0016   0.6933129E+0000  -0.1795351E+0003
     0.72000   0.7357577E-0016   0.8126097E-0015   0.2646728E+0002   0.4005878E-0016   0.3950339E-0016   0.6933128E+0000  -0.1795351E+0003
     0.72800   0.7779346E-0016   0.5272232E-0015   0.2646728E+0002   0.4028306E-0016   0.2803446E-0016   0.6933128E+0000  -0.1795351E+0003
     0.73600   0.9356342E-0016   0.1971260E-0014   0.2646728E+0002   0.4017655E-0016  -0.1331525E-0016   0.6933129E+0000  -0.1795351E+0003
     0.74400   0.9406502E-0016   0.6268743E-0016   0.2646728E+0002   0.4067638E-0016   0.6247694E-0016   0.6933130E+0000  -0.1795351E+0003
     0.75200   0.9619801E-0016   0.2666197E-0015   0.2646728E+0002   0.4121228E-0016   0.6699147E-0016   0.6933131E+0000  -0.1795351E+0003
     0.76000   0.8175228E-0016  -0.1805709E-0014   0.2646728E+0002   0.4198276E-0016   0.9631130E-0016   0.6933133E+0000  -0.1795351E+0003
     0.76800   0.8209999E-0016   0.4346687E-0016   0.2646728E+0002   0.4250263E-0016   0.6499003E-0016   0.6933134E+0000  -0.1795351E+0003
     0.77600   0.8609947E-0016   0.4999267E-0015   0.2646728E+0002   0.4321777E-0016   0.8938479E-0016   0.6933136E+0000  -0.1795351E+0003
     0.78400   0.7725639E-0016  -0.1105386E-0014   0.2646727E+0002   0.4358104E-0016   0.4541100E-0016   0.6933137E+0000  -0.1795351E+0003
     0.79200   0.8230704E-0016   0.6313289E-0015   0.2646727E+0002   0.4399727E-0016   0.5202670E-0016   0.6933139E+0000  -0.1795351E+0003
     0.80000   0.9858256E-0016   0.2034452E-0014   0.2646727E+0002   0.4385770E-0016  -0.1744644E-0016   0.6933139E+0000  -0.1795351E+0003
     0.80800   0.9346368E-0016  -0.6398579E-0015   0.2646727E+0002   0.4422526E-0016   0.4594508E-0016   0.6933140E+0000  -0.1795351E+0003
     0.81600   0.9037677E-0016  -0.3858590E-0015   0.2646727E+0002   0.4440994E-0016   0.2308594E-0016   0.6933140E+0000  -0.1795351E+0003
     0.82400   0.9498220E-0016   0.5756720E-0015   0.2646727E+0002   0.4434313E-0016  -0.8352062E-0017   0.6933139E+0000  -0.1795351E+0003
     0.83200   0.9719714E-0016   0.2768790E-0015   0.2646727E+0002   0.4519810E-0016   0.1068732E-0015   0.6933137E+0000  -0.1795351E+0003
     0.84000   0.1051830E-0015   0.9982189E-0015   0.2646727E+0002   0.4510752E-0016  -0.1131837E-0016   0.6933135E+0000  -0.1795351E+0003
     0.84800   0.1000433E-0015  -0.6424692E-0015   0.2646727E+0002   0.4510932E-0016   0.2228755E-0018   0.6933132E+0000  -0.1795351E+0003
     0.85600   0.1037200E-0015   0.4596030E-0015   0.2646727E+0002   0.4571792E-0016   0.7607415E-0016   0.6933129E+0000  -0.1795351E+0003
     0.86400   0.1057674E-0015   0.2559272E-0015   0.2646727E+0002   0.4594344E-0016   0.2819444E-0016   0.6933125E+0000  -0.1795351E+0003
     0.87200   0.1113701E-0015   0.7003306E-0015   0.2646727E+0002   0.4588446E-0016  -0.7377657E-0017   0.6933120E+0000  -0.1795351E+0003
     0.88000   0.1053269E-0015  -0.7553981E-0015   0.2646727E+0002   0.4662810E-0016   0.9295202E-0016   0.6933115E+0000  -0.1795351E+0003
     0.88800   0.1141645E-0015   0.1104707E-0014   0.2646727E+0002   0.4719159E-0016   0.7043354E-0016   0.6933110E+0000  -0.1795351E+0003
     0.89600   0.9650924E-0016  -0.2206913E-0014   0.2646727E+0002   0.4774862E-0016   0.6963479E-0016   0.6933104E+0000  -0.1795351E+0003
     0.90400   0.9204501E-0016  -0.5580321E-0015   0.2646727E+0002   0.4806732E-0016   0.3983405E-0016   0.6933097E+0000  -0.1795351E+0003
     0.91200   0.9299019E-0016   0.1181519E-0015   0.2646727E+0002   0.4858364E-0016   0.6454539E-0016   0.6933091E+0000  -0.1795351E+0003
     0.92000   0.9457096E-0016   0.1975885E-0015   0.2646727E+0002   0.4880921E-0016   0.2819243E-0016   0.6933084E+0000  -0.1795351E+0003
     0.92800   0.9090516E-0016  -0.4582199E-0015   0.2646726E+0002   0.4897968E-0016   0.2130478E-0016   0.6933077E+0000  -0.1795351E+0003
     0.93600   0.9193357E-0016   0.1285459E-0015   0.2646726E+0002   0.4948118E-0016   0.6268361E-0016   0.6933070E+0000  -0.1795351E+0003
     0.94400   0.8570798E-0016  -0.7782051E-0015   0.2646726E+0002   0.4996240E-0016   0.6015459E-0016   0.6933062E+0000  -0.1795351E+0003
     0.95200   0.7916047E-0016  -0.8184393E-0015   0.2646726E+0002   0.5024388E-0016   0.3519020E-0016   0.6933054E+0000  -0.1795351E+0003
     0.96000   0.7908519E-0016  -0.9408974E-0017   0.2646726E+0002   0.5085056E-0016   0.7582999E-0016   0.6933047E+0000  -0.1795351E+0003
     0.96800   0.9238853E-0016   0.1662920E-0014   0.2646726E+0002   0.5093421E-0016   0.1045260E-0016   0.6933039E+0000  -0.1795351E+0003
     0.97600   0.8886805E-0016  -0.4400592E-0015   0.2646726E+0002   0.5140002E-0016   0.5822864E-0016   0.6933030E+0000  -0.1795351E+0003
     0.98400   0.9165791E-0016   0.3487244E-0015   0.2646726E+0002   0.5188103E-0016   0.6013277E-0016   0.6933022E+0000  -0.1795351E+0003
     0.99200   0.8201878E-0016  -0.1204900E-0014   0.2646726E+0002   0.5232578E-0016   0.5558696E-0016   0.6933013E+0000  -0.1795351E+0003
     1.00000   0.8096259E-0016  -0.1320205E-0015   0.2646726E+0002   0.5248333E-0016   0.1969754E-0016   0.6933003E+0000  -0.1795351E+0003
     1.00800   0.8647518E-0016   0.6890783E-0015   0.2646726E+0002   0.5257523E-0016   0.1147518E-0016   0.6932994E+0000  -0.1795351E+0003
     1.01600   0.8978888E-0016   0.4142205E-0015   0.2646726E+0002   0.5282839E-0016   0.3165468E-0016   0.6932984E+0000  -0.1795351E+0003
     1.02400   0.9393632E-0016   0.5184381E-0015   0.2646726E+0002   0.5333804E-0016   0.6370492E-0016   0.6932973E+0000  -0.1795351E+0003
     1.03200   0.7919350E-0016  -0.1842863E-0014   0.2646726E+0002   0.5435315E-0016   0.1268868E-0015   0.6932962E+0000  -0.1795351E+0003
     1.04000   0.7644425E-0016  -0.3436596E-0015   0.2646726E+0002   0.5466544E-0016   0.3903911E-0016   0.6932951E+0000  -0.1795351E+0003
     1.04800   0.7246335E-0016  -0.4976013E-0015   0.2646726E+0002   0.5503342E-0016   0.4599516E-0016   0.6932939E+0000  -0.1795351E+0003
     1.05600   0.7165925E-0016  -0.1005233E-0015   0.2646726E+0002   0.5547388E-0016   0.5506561E-0016   0.6932927E+0000  -0.1795351E+0003
     1.06400   0.8532486E-0016   0.1708206E-0014   0.2646726E+0002   0.5549273E-0016   0.2370422E-0017   0.6932914E+0000  -0.1795351E+0003
     1.07200   0.8797284E-0016   0.3310029E-0015   0.2646726E+0002   0.5581926E-0016   0.4083207E-0016   0.6932901E+0000  -0.1795351E+0003
     1.08000   0.9345780E-0016   0.6856241E-0015   0.2646726E+0002   0.5601090E-0016   0.2393885E-0016   0.6932888E+0000  -0.1795351E+0003
     1.08800   0.1021258E-0015   0.1083501E-0014   0.2646726E+0002   0.5592016E-0016  -0.1131848E-0016   0.6932874E+0000  -0.1795351E+0003
     1.09600   0.9918973E-0016  -0.3670145E-0015   0.2646726E+0002   0.5618571E-0016   0.3318760E-0016   0.6932860E+0000  -0.1795351E+0003
     1.10400   0.9629097E-0016  -0.3623338E-0015   0.2646726E+0002   0.5652801E-0016   0.4278406E-0016   0.6932845E+0000  -0.1795351E+0003
     1.11200   0.9780991E-0016   0.1898606E-0015   0.2646726E+0002   0.5671786E-0016   0.2371735E-0016   0.6932830E+0000  -0.1795351E+0003
     1.12000   0.9240388E-0016  -0.6757468E-0015   0.2646726E+0002   0.5776214E-0016   0.1305422E-0015   0.6932815E+0000  -0.1795351E+0003
     1.12800   0.1048787E-0015   0.1559351E-0014   0.2646726E+0002   0.5797443E-0016   0.2652865E-0016   0.6932800E+0000  -0.1795351E+0003
     1.13600   0.9585491E-0016  -0.1127975E-0014   0.2646726E+0002   0.5838482E-0016   0.5130987E-0016   0.6932784E+0000  -0.1795351E+0003
     1.14400   0.1119186E-0015   0.2007944E-0014   0.2646726E+0002   0.5886741E-0016   0.6032357E-0016   0.6932768E+0000  -0.1795351E+0003
     1.15200   0.1113382E-0015  -0.7253238E-0016   0.2646726E+0002   0.5933752E-0016   0.5876460E-0016   0.6932752E+0000  -0.1795351E+0003
     1.16000   0.1219202E-0015   0.1322756E-0014   0.2646726E+0002   0.5976897E-0016   0.5395092E-0016   0.6932735E+0000  -0.1795351E+0003
     1.16800   0.1185838E-0015  -0.4170443E-0015   0.2646726E+0002   0.6002880E-0016   0.3246677E-0016   0.6932719E+0000  -0.1795351E+0003
     1.17600   0.1216564E-0015   0.3840692E-0015   0.2646726E+0002   0.6020774E-0016   0.2234896E-0016   0.6932702E+0000  -0.1795351E+0003
     1.18400   0.1293069E-0015   0.9563245E-0015   0.2646726E+0002   0.6047836E-0016   0.3384151E-0016   0.6932685E+0000  -0.1795351E+0003
     1.19200   0.1123872E-0015  -0.2114967E-0014   0.2646726E+0002   0.6156479E-0016   0.1357963E-0015   0.6932668E+0000  -0.1795351E+0003
     1.20000   0.1099416E-0015  -0.3057008E-0015   0.2646726E+0002   0.6177644E-0016   0.2639948E-0016   0.6932652E+0000  -0.1795351E+0003
     1.20800   0.1155344E-0015   0.6990937E-0015   0.2646726E+0002   0.6242061E-0016   0.8055876E-0016   0.6932635E+0000  -0.1795351E+0003
     1.21600   0.1221783E-0015   0.8304959E-0015   0.2646727E+0002   0.6269547E-0016   0.3437514E-0016   0.6932618E+0000  -0.1795351E+0003
     1.22400   0.1168436E-0015  -0.6668468E-0015   0.2646727E+0002   0.6293391E-0016   0.2980709E-0016   0.6932602E+0000  -0.1795351E+0003
     1.23200   0.1151609E-0015  -0.2103392E-0015   0.2646727E+0002   0.6279034E-0016  -0.1794609E-0016   0.6932586E+0000  -0.1795351E+0003
     1.24000   0.1112833E-0015  -0.4846959E-0015   0.2646727E+0002   0.6321936E-0016   0.5362566E-0016   0.6932570E+0000  -0.1795351E+0003
     1.24800   0.1123267E-0015   0.1304139E-0015   0.2646727E+0002   0.6351519E-0016   0.3696071E-0016   0.6932555E+0000  -0.1795351E+0003
     1.25600   0.1151542E-0015   0.3534406E-0015   0.2646727E+0002   0.6380974E-0016   0.3686626E-0016   0.6932540E+0000  -0.1795351E+0003
     1.26400   0.1231749E-0015   0.1002586E-0014   0.2646727E+0002   0.6390165E-0016   0.1148450E-0016   0.6932526E+0000  -0.1795351E+0003
     1.27200   0.1236021E-0015   0.5339653E-0016   0.2646727E+0002   0.6400647E-0016   0.1306845E-0016   0.6932513E+0000  -0.1795351E+0003
     1.28000   0.1246981E-0015   0.1369961E-0015   0.2646727E+0002   0.6497039E-0016   0.1205214E-0015   0.6932501E+0000  -0.1795351E+0003
     1.28800   0.1260366E-0015   0.1673333E-0015   0.2646727E+0002   0.6543054E-0016   0.5753344E-0016   0.6932490E+0000  -0.1795351E+0003
     1.29600   0.1342242E-0015   0.1023443E-0014   0.2646727E+0002   0.6552774E-0016   0.1214730E-0016   0.6932480E+0000  -0.1795351E+0003
     1.30400   0.1346949E-0015   0.5882983E-0016   0.2646727E+0002   0.6555379E-0016   0.3233337E-0017   0.6932471E+0000  -0.1795351E+0003
     1.31200   0.1357930E-0015   0.1372788E-0015   0.2646728E+0002   0.6630913E-0016   0.9439907E-0016   0.6932463E+0000  -0.1795351E+0003
     1.32000   0.1418229E-0015   0.7537378E-0015   0.2646728E+0002   0.6672333E-0016   0.5175160E-0016   0.6932456E+0000  -0.1795351E+0003
     1.32800   0.1324544E-0015  -0.1171080E-0014   0.2646728E+0002   0.6738825E-0016   0.8316042E-0016   0.6932451E+0000  -0.1795351E+0003
     1.33600   0.1417995E-0015   0.1168144E-0014   0.2646728E+0002   0.6724722E-0016  -0.1763861E-0016   0.6932447E+0000  -0.1795351E+0003
     1.34400   0.1302069E-0015  -0.1449082E-0014   0.2646728E+0002   0.6798964E-0016   0.9280305E-0016   0.6932444E+0000  -0.1795351E+0003
     1.35200   0.1251501E-0015  -0.6320922E-0015   0.2646728E+0002   0.6854402E-0016   0.6927957E-0016   0.6932442E+0000  -0.1795351E+0003
     1.36000   0.1253506E-0015   0.2506032E-0016   0.2646728E+0002   0.6912699E-0016   0.7290201E-0016   0.6932441E+0000  -0.1795351E+0003
     1.36800   0.1303560E-0015   0.6256711E-0015   0.2646728E+0002   0.6952002E-0016   0.4908207E-0016   0.6932441E+0000  -0.1795351E+0003
     1.37600   0.1296190E-0015  -0.9213474E-0016   0.2646728E+0002   0.6983893E-0016   0.3986402E-0016   0.6932442E+0000  -0.1795351E+0003
     1.38400   0.1418500E-0015   0.1528893E-0014   0.2646728E+0002   0.7028002E-0016   0.5515148E-0016   0.6932443E+0000  -0.1795351E+0003
     1.39200   0.1368047E-0015  -0.6306640E-0015   0.2646728E+0002   0.7076621E-0016   0.6078266E-0016   0.6932445E+0000  -0.1795351E+0003
     1.40000   0.1380079E-0015   0.1504134E-0015   0.2646728E+0002   0.7063704E-0016  -0.1618892E-0016   0.6932446E+0000  -0.1795351E+0003
     1.40800   0.1384837E-0015   0.5946717E-0016   0.2646728E+0002   0.7111202E-0016   0.5939395E-0016   0.6932448E+0000  -0.1795351E+0003
     1.41600   0.1405218E-0015   0.2547656E-0015   0.2646728E+0002   0.7177842E-0016   0.8333068E-0016   0.6932449E+0000  -0.1795351E+0003
     1.42400   0.1488948E-0015   0.1046631E-0014   0.2646728E+0002   0.7226716E-0016   0.6108759E-0016   0.6932450E+0000  -0.1795351E+0003
     1.43200   0.1688167E-0015   0.2490231E-0014   0.2646728E+0002   0.7258755E-0016   0.4004920E-0016   0.6932451E+0000  -0.1795351E+0003
     1.44000   0.1695474E-0015   0.9131899E-0016   0.2646728E+0002   0.7302864E-0016   0.5511538E-0016   0.6932452E+0000  -0.1795351E+0003
     1.44800   0.1802092E-0015   0.1332729E-0014   0.2646728E+0002   0.7304135E-0016   0.1589881E-0017   0.6932454E+0000  -0.1795351E+0003
     1.45600   0.1815385E-0015   0.1661706E-0015   0.2646728E+0002   0.7347714E-0016   0.5450911E-0016   0.6932455E+0000  -0.1795351E+0003
     1.46400   0.1828839E-0015   0.1681677E-0015   0.2646728E+0002   0.7379288E-0016   0.3946030E-0016   0.6932457E+0000  -0.1795351E+0003
     1.47200   0.1782436E-0015  -0.5800280E-0015   0.2646728E+0002   0.7466701E-0016   0.1092774E-0015   0.6932459E+0000  -0.1795351E+0003
     1.48000   0.1796828E-0015   0.1798970E-0015   0.2646728E+0002   0.7525570E-0016   0.7355888E-0016   0.6932462E+0000  -0.1795351E+0003
     1.48800   0.1639536E-0015  -0.1966148E-0014   0.2646728E+0002   0.7591406E-0016   0.8230227E-0016   0.6932466E+0000  -0.1795351E+0003
     1.49600   0.1682010E-0015   0.5309249E-0015   0.2646728E+0002   0.7702515E-0016   0.1388650E-0015   0.6932470E+0000  -0.1795351E+0003
     1.50400   0.1721611E-0015   0.4949965E-0015   0.2646728E+0002   0.7729853E-0016   0.3419874E-0016   0.6932475E+0000  -0.1795351E+0003
     1.51200   0.1601311E-0015  -0.1503748E-0014   0.2646728E+0002   0.7821905E-0016   0.1150675E-0015   0.6932480E+0000  -0.1795351E+0003
     1.52000   0.1544681E-0015  -0.7078676E-0015   0.2646728E+0002   0.7889095E-0016   0.8397336E-0016   0.6932486E+0000  -0.1795351E+0003
     1.52800   0.1567332E-0015   0.2831402E-0015   0.2646728E+0002   0.7901780E-0016   0.1587001E-0016   0.6932491E+0000  -0.1795351E+0003
     1.53600   0.1593809E-0015   0.3309625E-0015   0.2646728E+0002   0.7946736E-0016   0.5618507E-0016   0.6932497E+0000  -0.1795351E+0003
     1.54400   0.1511830E-0015  -0.1024742E-0014   0.2646728E+0002   0.7969924E-0016   0.2896154E-0016   0.6932502E+0000  -0.1795351E+0003
     1.55200   0.1502875E-0015  -0.1119333E-0015   0.2646728E+0002   0.8003276E-0016   0.4170578E-0016   0.6932507E+0000  -0.1795351E+0003
     1.56000   0.1419323E-0015  -0.1044403E-0014   0.2646728E+0002   0.8068222E-0016   0.8118546E-0016   0.6932512E+0000  -0.1795351E+0003
     1.56800   0.1425104E-0015   0.7226822E-0016   0.2646728E+0002   0.8083066E-0016   0.1854399E-0016   0.6932517E+0000  -0.1795351E+0003
     1.57600   0.1465201E-0015   0.5012034E-0015   0.2646728E+0002   0.8123152E-0016   0.5014075E-0016   0.6932522E+0000  -0.1795351E+0003
     1.58400   0.1464556E-0015  -0.8061636E-0017   0.2646728E+0002   0.8172915E-0016   0.6221457E-0016   0.6932526E+0000  -0.1795351E+0003
     1.59200   0.1597012E-0015   0.1655701E-0014   0.2646728E+0002   0.8181830E-0016   0.1111445E-0016   0.6932531E+0000  -0.1795351E+0003
     1.60000   0.1656765E-0015   0.7469197E-0015   0.2646728E+0002   0.8258275E-0016   0.9559233E-0016   0.6932535E+0000  -0.1795351E+0003
     1.60800   0.1618202E-0015  -0.4820455E-0015   0.2646728E+0002   0.8297895E-0016   0.4950992E-0016   0.6932538E+0000  -0.1795351E+0003
     1.61600   0.1629303E-0015   0.1387643E-0015   0.2646728E+0002   0.8344460E-0016   0.5821530E-0016   0.6932542E+0000  -0.1795351E+0003
     1.62400   0.1598439E-0015  -0.3858022E-0015   0.2646728E+0002   0.8412181E-0016   0.8463638E-0016   0.6932545E+0000  -0.1795351E+0003
     1.63200   0.1724077E-0015   0.1570485E-0014   0.2646728E+0002   0.8471494E-0016   0.7416388E-0016   0.6932547E+0000  -0.1795351E+0003
     1.64000   0.1812673E-0015   0.1107436E-0014   0.2646728E+0002   0.8489345E-0016   0.2227718E-0016   0.6932550E+0000  -0.1795351E+0003
     1.64800   0.1849518E-0015   0.4605712E-0015   0.2646728E+0002   0.8572376E-0016   0.1038373E-0015   0.6932551E+0000  -0.1795351E+0003
     1.65600   0.1852091E-0015   0.3216639E-0016   0.2646728E+0002   0.8630186E-0016   0.7223963E-0016   0.6932553E+0000  -0.1795351E+0003
     1.66400   0.2041484E-0015   0.2367405E-0014   0.2646728E+0002   0.8655851E-0016   0.3207057E-0016   0.6932554E+0000  -0.1795351E+0003
     1.67200   0.2042145E-0015   0.8256877E-0017   0.2646728E+0002   0.8716753E-0016   0.7613280E-0016   0.6932554E+0000  -0.1795351E+0003
     1.68000   0.2052586E-0015   0.1305144E-0015   0.2646728E+0002   0.8746568E-0016   0.3727707E-0016   0.6932555E+0000  -0.1795351E+0003
     1.68800   0.2063510E-0015   0.1365563E-0015   0.2646728E+0002   0.8780153E-0016   0.4195524E-0016   0.6932555E+0000  -0.1795351E+0003
     1.69600   0.2150372E-0015   0.1085774E-0014   0.2646728E+0002   0.8771788E-0016  -0.1046043E-0016   0.6932554E+0000  -0.1795351E+0003
     1.70400   0.2255998E-0015   0.1320328E-0014   0.2646728E+0002   0.8755060E-0016  -0.2088953E-0016   0.6932553E+0000  -0.1795351E+0003
     1.71200   0.2263314E-0015   0.9144843E-0016   0.2646728E+0002   0.8809778E-0016   0.6837250E-0016   0.6932552E+0000  -0.1795351E+0003
     1.72000   0.2302018E-0015   0.4838013E-0015   0.2646728E+0002   0.8854332E-0016   0.5568860E-0016   0.6932551E+0000  -0.1795351E+0003
     1.72800   0.2358412E-0015   0.7049216E-0015   0.2646728E+0002   0.8941640E-0016   0.1091296E-0015   0.6932550E+0000  -0.1795351E+0003
     1.73600   0.2345834E-0015  -0.1572256E-0015   0.2646728E+0002   0.8950280E-0016   0.1083059E-0016   0.6932548E+0000  -0.1795351E+0003
     1.74400   0.2424654E-0015   0.9852463E-0015   0.2646728E+0002   0.8969952E-0016   0.2458810E-0016   0.6932547E+0000  -0.1795351E+0003
     1.75200   0.2444980E-0015   0.2540834E-0015   0.2646728E+0002   0.9013595E-0016   0.5459254E-0016   0.6932546E+0000  -0.1795351E+0003
     1.76000   0.2286204E-0015  -0.1984708E-0014   0.2646728E+0002   0.9094508E-0016   0.1011226E-0015   0.6932545E+0000  -0.1795351E+0003
     1.76800   0.2320491E-0015   0.4285847E-0015   0.2646728E+0002   0.9122375E-0016   0.3481517E-0016   0.6932544E+0000  -0.1795351E+0003
     1.77600   0.2446713E-0015   0.1577782E-0014   0.2646728E+0002   0.9150158E-0016   0.3476647E-0016   0.6932544E+0000  -0.1795351E+0003
     1.78400   0.2420597E-0015  -0.3264605E-0015   0.2646728E+0002   0.9233676E-0016   0.1043896E-0015   0.6932544E+0000  -0.1795351E+0003
     1.79200   0.2519057E-0015   0.1230752E-0014   0.2646728E+0002   0.9279458E-0016   0.5728441E-0016   0.6932545E+0000  -0.1795351E+0003
     1.80000   0.2654789E-0015   0.1696651E-0014   0.2646728E+0002   0.9304742E-0016   0.3162948E-0016   0.6932546E+0000  -0.1795351E+0003
     1.80800   0.2786218E-0015   0.1642872E-0014   0.2646728E+0002   0.9359883E-0016   0.6895653E-0016   0.6932548E+0000  -0.1795351E+0003
     1.81600   0.2867677E-0015   0.1018236E-0014   0.2646728E+0002   0.9374198E-0016   0.1791094E-0016   0.6932551E+0000  -0.1795351E+0003
     1.82400   0.2812361E-0015  -0.6914559E-0015   0.2646728E+0002   0.9430103E-0016   0.6982728E-0016   0.6932554E+0000  -0.1795351E+0003
     1.83200   0.2811060E-0015  -0.1626134E-0016   0.2646728E+0002   0.9471904E-0016   0.5231826E-0016   0.6932559E+0000  -0.1795351E+0003
     1.84000   0.2899852E-0015   0.1109900E-0014   0.2646728E+0002   0.9461527E-0016  -0.1293250E-0016   0.6932564E+0000  -0.1795351E+0003
     1.84800   0.2842434E-0015  -0.7177228E-0015   0.2646728E+0002   0.9459029E-0016  -0.3240325E-0017   0.6932569E+0000  -0.1795351E+0003
     1.85600   0.2720327E-0015  -0.1526339E-0014   0.2646728E+0002   0.9501804E-0016   0.5346853E-0016   0.6932576E+0000  -0.1795351E+0003
     1.86400   0.2696587E-0015  -0.2967512E-0015   0.2646728E+0002   0.9531577E-0016   0.3721820E-0016   0.6932583E+0000  -0.1795351E+0003
     1.87200   0.2712085E-0015   0.1937228E-0015   0.2646728E+0002   0.9540979E-0016   0.1176741E-0016   0.6932591E+0000  -0.1795351E+0003
     1.88000   0.2852611E-0015   0.1756581E-0014   0.2646728E+0002   0.9604295E-0016   0.7914379E-0016   0.6932599E+0000  -0.1795351E+0003
     1.88800   0.2932938E-0015   0.1004094E-0014   0.2646728E+0002   0.9609123E-0016   0.6056286E-0017   0.6932608E+0000  -0.1795351E+0003
     1.89600   0.2906256E-0015  -0.3335192E-0015   0.2646728E+0002   0.9652787E-0016   0.5464379E-0016   0.6932617E+0000  -0.1795351E+0003
     1.90400   0.3000594E-0015   0.1179207E-0014   0.2646728E+0002   0.9713901E-0016   0.7647882E-0016   0.6932627E+0000  -0.1795352E+0003
     1.91200   0.3121688E-0015   0.1513679E-0014   0.2646728E+0002   0.9771118E-0016   0.7151520E-0016   0.6932636E+0000  -0.1795352E+0003
     1.92000   0.3062342E-0015  -0.7418348E-0015   0.2646728E+0002   0.9807879E-0016   0.4592814E-0016   0.6932645E+0000  -0.1795352E+0003
     1.92800   0.2985249E-0015  -0.9636609E-0015   0.2646728E+0002   0.9900036E-0016   0.1151468E-0015   0.6932654E+0000  -0.1795352E+0003
     1.93600   0.2916817E-0015  -0.8554016E-0015   0.2646727E+0002   0.9975761E-0016   0.9467700E-0016   0.6932662E+0000  -0.1795352E+0003
     1.94400   0.2856885E-0015  -0.7491668E-0015   0.2646727E+0002   0.1003565E-0015   0.7484383E-0016   0.6932670E+0000  -0.1795352E+0003
     1.95200   0.2855507E-0015  -0.1722526E-0016   0.2646727E+0002   0.1010608E-0015   0.8795844E-0016   0.6932676E+0000  -0.1795353E+0003
     1.96000   0.2809903E-0015  -0.5700227E-0015   0.2646726E+0002   0.1016050E-0015   0.6818488E-0016   0.6932683E+0000  -0.1795353E+0003
     1.96800   0.2738114E-0015  -0.8973399E-0015   0.2646726E+0002   0.1025465E-0015   0.1176080E-0015   0.6932688E+0000  -0.1795353E+0003
     1.97600   0.2812423E-0015   0.9288360E-0015   0.2646726E+0002   0.1023326E-0015  -0.2666629E-0016   0.6932693E+0000  -0.1795354E+0003
     1.98400   0.2926982E-0015   0.1432014E-0014   0.2646726E+0002   0.1024931E-0015   0.2003064E-0016   0.6932699E+0000  -0.1795354E+0003
     1.99200   0.2923204E-0015  -0.4723056E-0016   0.2646726E+0002   0.1030178E-0015   0.6557221E-0016   0.6932705E+0000  -0.1795355E+0003
     2.00000   0.2909283E-0015  -0.1739467E-0015   0.2646725E+0002   0.1033516E-0015   0.4170621E-0016   0.6932712E+0000  -0.1795355E+0003
     2.00800   0.2960456E-0015   0.6396522E-0015   0.2646726E+0002   0.1038276E-0015   0.5947527E-0016   0.6932723E+0000  -0.1795356E+0003
     2.01600   0.2998514E-0015   0.4755853E-0015   0.2646726E+0002   0.1041427E-0015   0.3940736E-0016   0.6932738E+0000  -0.1795357E+0003
     2.02400   0.2878362E-0015  -0.1501864E-0014   0.2646727E+0002   0.1048000E-0015   0.8215542E-0016   0.6932759E+0000  -0.1795358E+0003
     2.03200   0.2881911E-0015   0.4434387E-0016   0.2646728E+0002   0.1056940E-0015   0.1117474E-0015   0.6932788E+0000  -0.1795359E+0003
     2.04000   0.3051944E-0015   0.2125470E-0014   0.2646730E+0002   0.1058277E-0015   0.1670349E-0016   0.6932829E+0000  -0.1795360E+0003
     2.04800   0.3037308E-0015  -0.1833657E-0015   0.2646733E+0002   0.1065379E-0015   0.8877583E-0016   0.6932883E+0000  -0.1795361E+0003
     2.05600   0.3059839E-0015   0.2819197E-0015   0.2646736E+0002   0.1069287E-0015   0.4886364E-0016   0.6932953E+0000  -0.1795362E+0003
     2.06400   0.3075187E-0015   0.1916869E-0015   0.2646740E+0002   0.1070831E-0015   0.1928525E-0016   0.6933045E+0000  -0.1795363E+0003
     2.07200   0.3154486E-0015   0.9909608E-0015   0.2646746E+0002   0.1075890E-0015   0.6324964E-0016   0.6933160E+0000  -0.1795365E+0003
     2.08000   0.3145406E-0015  -0.1137328E-0015   0.2646752E+0002   0.1082237E-0015   0.7932294E-0016   0.6933304E+0000  -0.1795366E+0003
     2.08800   0.3153775E-0015   0.1046255E-0015   0.2646760E+0002   0.1088531E-0015   0.7863176E-0016   0.6933479E+0000  -0.1795367E+0003
     2.09600   0.3251184E-0015   0.1217993E-0014   0.2646770E+0002   0.1091919E-0015   0.4236520E-0016   0.6933692E+0000  -0.1795368E+0003
     2.10400   0.3205613E-0015  -0.5695856E-0015   0.2646781E+0002   0.1097695E-0015   0.7226207E-0016   0.6933945E+0000  -0.1795369E+0003
     2.11200   0.3275171E-0015   0.8681207E-0015   0.2646795E+0002   0.1096408E-0015  -0.1612751E-0016   0.6934243E+0000  -0.1795370E+0003
     2.12000   0.3276594E-0015   0.1886512E-0016   0.2646811E+0002   0.1099940E-0015   0.4408637E-0016   0.6934591E+0000  -0.1795371E+0003
     2.12800   0.3310408E-0015   0.4226220E-0015   0.2646828E+0002   0.1102888E-0015   0.3694419E-0016   0.6934993E+0000  -0.1795372E+0003
     2.13600   0.3354793E-0015   0.5558705E-0015   0.2646849E+0002   0.1105886E-0015   0.3751340E-0016   0.6935453E+0000  -0.1795372E+0003
     2.14400   0.3314271E-0015  -0.5062140E-0015   0.2646872E+0002   0.1110494E-0015   0.5754403E-0016   0.6935975E+0000  -0.1795373E+0003
     2.15200   0.3293467E-0015  -0.2590159E-0015   0.2646898E+0002   0.1118659E-0015   0.1020234E-0015   0.6936562E+0000  -0.1795373E+0003
     2.16000   0.3308172E-0015   0.1812786E-0015   0.2646927E+0002   0.1124453E-0015   0.7258734E-0016   0.6937218E+0000  -0.1795373E+0003
     2.16800   0.3398974E-0015   0.1136244E-0014   0.2646959E+0002   0.1124080E-0015  -0.4824700E-0017   0.6937948E+0000  -0.1795373E+0003
     2.17600   0.3533415E-0015   0.1680297E-0014   0.2646995E+0002   0.1127028E-0015   0.3683577E-0016   0.6938754E+0000  -0.1795372E+0003
     2.18400   0.3470531E-0015  -0.7852876E-0015   0.2647033E+0002   0.1127164E-0015   0.1761829E-0017   0.6939639E+0000  -0.1795371E+0003
     2.19200   0.3519591E-0015   0.6101890E-0015   0.2647076E+0002   0.1132381E-0015   0.6572976E-0016   0.6940606E+0000  -0.1795370E+0003
     2.20000   0.3462129E-0015  -0.7164408E-0015   0.2647122E+0002   0.1142173E-0015   0.1221083E-0015   0.6941658E+0000  -0.1795369E+0003
     2.20800   0.3559165E-0015   0.1213222E-0014   0.2647173E+0002   0.1139869E-0015  -0.2856873E-0016   0.6942798E+0000  -0.1795367E+0003
     2.21600   0.3565128E-0015   0.7632783E-0016   0.2647227E+0002   0.1139090E-0015  -0.9540979E-0017   0.6944028E+0000  -0.1795365E+0003
     2.22400   0.3589522E-0015   0.3048777E-0015   0.2647285E+0002   0.1143833E-0015   0.5892639E-0016   0.6945350E+0000  -0.1795363E+0003
     2.23200   0.3618254E-0015   0.3612562E-0015   0.2647348E+0002   0.1146916E-0015   0.3805550E-0016   0.6946766E+0000  -0.1795360E+0003
     2.24000   0.3641835E-0015   0.2929514E-0015   0.2647414E+0002   0.1150847E-0015   0.4906015E-0016   0.6948277E+0000  -0.1795357E+0003
     2.24800   0.3769771E-0015   0.1599198E-0014   0.2647486E+0002   0.1157996E-0015   0.8906721E-0016   0.6949884E+0000  -0.1795353E+0003
     2.25600   0.3875752E-0015   0.1324895E-0014   0.2647561E+0002   0.1156234E-0015  -0.2114194E-0016   0.6951588E+0000  -0.1795349E+0003
     2.26400   0.3885781E-0015   0.1257675E-0015   0.2647641E+0002   0.1161452E-0015   0.6521476E-0016   0.6953389E+0000  -0.1795344E+0003
     2.27200   0.3866536E-0015  -0.2452465E-0015   0.2647725E+0002   0.1164569E-0015   0.3935654E-0016   0.6955287E+0000  -0.1795339E+0003
     2.28000   0.3897436E-0015   0.3905296E-0015   0.2647814E+0002   0.1168431E-0015   0.4786753E-0016   0.6957282E+0000  -0.1795334E+0003
     2.28800   0.3948664E-0015   0.6422814E-0015   0.2647907E+0002   0.1173988E-0015   0.6841316E-0016   0.6959372E+0000  -0.1795328E+0003
     2.29600   0.3976854E-0015   0.3549678E-0015   0.2648004E+0002   0.1180290E-0015   0.7952623E-0016   0.6961558E+0000  -0.1795322E+0003
     2.30400   0.3950020E-0015  -0.3361027E-0015   0.2648106E+0002   0.1181713E-0015   0.1843144E-0016   0.6963838E+0000  -0.1795316E+0003
     2.31200   0.3869247E-0015  -0.1010043E-0014   0.2648212E+0002   0.1193368E-0015   0.1446055E-0015   0.6966211E+0000  -0.1795309E+0003
     2.32000   0.3917222E-0015   0.5997806E-0015   0.2648322E+0002   0.1193436E-0015   0.5692061E-0018   0.6968678E+0000  -0.1795302E+0003
     2.32800   0.3947038E-0015   0.3790371E-0015   0.2648436E+0002   0.1199941E-0015   0.8150490E-0016   0.6971236E+0000  -0.1795294E+0003
     2.33600   0.3962217E-0015   0.1821460E-0015   0.2648554E+0002   0.1206378E-0015   0.8009544E-0016   0.6973886E+0000  -0.1795286E+0003
     2.34400   0.3978480E-0015   0.2014448E-0015   0.2648676E+0002   0.1204616E-0015  -0.2238877E-0016   0.6976627E+0000  -0.1795278E+0003
     2.35200   0.3868975E-0015  -0.1368263E-0014   0.2648803E+0002   0.1210512E-0015   0.7413232E-0016   0.6979459E+0000  -0.1795270E+0003
     2.36000   0.3806092E-0015  -0.7864803E-0015   0.2648933E+0002   0.1217152E-0015   0.8345646E-0016   0.6982382E+0000  -0.1795261E+0003
     2.36800   0.3895538E-0015   0.1128438E-0014   0.2649068E+0002   0.1218101E-0015   0.1027282E-0016   0.6985396E+0000  -0.1795252E+0003
     2.37600   0.3885781E-0015  -0.1205633E-0015   0.2649207E+0002   0.1219321E-0015   0.1610040E-0016   0.6988502E+0000  -0.1795243E+0003
     2.38400   0.3940533E-0015   0.6852158E-0015   0.2649350E+0002   0.1222777E-0015   0.4334098E-0016   0.6991698E+0000  -0.1795233E+0003
     2.39200   0.3901502E-0015  -0.4907099E-0015   0.2649497E+0002   0.1224606E-0015   0.2295798E-0016   0.6994987E+0000  -0.1795224E+0003
     2.40000   0.3948122E-0015   0.5846018E-0015   0.2649649E+0002   0.1225826E-0015   0.1414884E-0016   0.6998367E+0000  -0.1795214E+0003
     2.40800   0.3913428E-0015  -0.4336809E-0015   0.2649805E+0002   0.1230163E-0015   0.5407458E-0016   0.7001839E+0000  -0.1795203E+0003
     2.41600   0.4065758E-0015   0.1898004E-0014   0.2649965E+0002   0.1231518E-0015   0.1723881E-0016   0.7005403E+0000  -0.1795193E+0003
     2.42400   0.4100453E-0015   0.4441976E-0015   0.2650129E+0002   0.1232602E-0015   0.1097755E-0016   0.7009061E+0000  -0.1795182E+0003
     2.43200   0.4154663E-0015   0.6763253E-0015   0.2650297E+0002   0.1235177E-0015   0.3236343E-0016   0.7012811E+0000  -0.1795172E+0003
     2.44000   0.4130810E-0015  -0.2977219E-0015   0.2650470E+0002   0.1240869E-0015   0.7117787E-0016   0.7016655E+0000  -0.1795161E+0003
     2.44800   0.4084732E-0015  -0.5782050E-0015   0.2650648E+0002   0.1246561E-0015   0.7384772E-0016   0.7020594E+0000  -0.1795150E+0003
     2.45600   0.4214294E-0015   0.1629773E-0014   0.2650830E+0002   0.1248052E-0015   0.1767250E-0016   0.7024627E+0000  -0.1795138E+0003
     2.46400   0.4171468E-0015  -0.5427516E-0015   0.2651016E+0002   0.1246968E-0015  -0.1474515E-0016   0.7028757E+0000  -0.1795127E+0003
     2.47200   0.4144905E-0015  -0.3258028E-0015   0.2651206E+0002   0.1253067E-0015   0.7674796E-0016   0.7032983E+0000  -0.1795115E+0003
     2.48000   0.4117800E-0015  -0.3382711E-0015   0.2651402E+0002   0.1257403E-0015   0.5355620E-0016   0.7037308E+0000  -0.1795103E+0003
     2.48800   0.4227846E-0015   0.1372275E-0014   0.2651602E+0002   0.1262553E-0015   0.6387645E-0016   0.7041731E+0000  -0.1795091E+0003
     2.49600   0.4327593E-0015   0.1243363E-0014   0.2651806E+0002   0.1262960E-0015   0.7094748E-0017   0.7046254E+0000  -0.1795079E+0003
     2.50400   0.4370419E-0015   0.5300664E-0015   0.2652015E+0002   0.1261469E-0015  -0.1904808E-0016   0.7050878E+0000  -0.1795067E+0003
     2.51200   0.4520039E-0015   0.1872851E-0014   0.2652229E+0002   0.1260927E-0015  -0.6579752E-0017   0.7055603E+0000  -0.1795055E+0003
     2.52000   0.4529797E-0015   0.1259843E-0015   0.2652448E+0002   0.1261198E-0015   0.2154852E-0017   0.7060432E+0000  -0.1795042E+0003
     2.52800   0.4452818E-0015  -0.9591937E-0015   0.2652671E+0002   0.1268245E-0015   0.8882326E-0016   0.7065365E+0000  -0.1795030E+0003
     2.53600   0.4444145E-0015  -0.9725293E-0016   0.2652899E+0002   0.1273124E-0015   0.6396793E-0016   0.7070403E+0000  -0.1795017E+0003
     2.54400   0.4408366E-0015  -0.4562323E-0015   0.2653132E+0002   0.1279901E-0015   0.8105766E-0016   0.7075547E+0000  -0.1795004E+0003
     2.55200   0.4397524E-0015  -0.1360674E-0015   0.2653370E+0002   0.1283560E-0015   0.4847739E-0016   0.7080800E+0000  -0.1794991E+0003
     2.56000   0.4399692E-0015   0.1973248E-0016   0.2653613E+0002   0.1283424E-0015  -0.1219727E-0017   0.7086162E+0000  -0.1794978E+0003
     2.56800   0.4408366E-0015   0.1096128E-0015   0.2653861E+0002   0.1283560E-0015   0.1897354E-0017   0.7091635E+0000  -0.1794965E+0003
     2.57600   0.4552565E-0015   0.1808016E-0014   0.2654115E+0002   0.1287084E-0015   0.4250073E-0016   0.7097221E+0000  -0.1794952E+0003
     2.58400   0.4515702E-0015  -0.4719532E-0015   0.2654373E+0002   0.1292979E-0015   0.7716809E-0016   0.7102921E+0000  -0.1794938E+0003
     2.59200   0.4617075E-0015   0.1262445E-0014   0.2654636E+0002   0.1296503E-0015   0.4285309E-0016   0.7108737E+0000  -0.1794925E+0003
     2.60000   0.4599186E-0015  -0.2237793E-0015   0.2654905E+0002   0.1303279E-0015   0.8367330E-0016   0.7114670E+0000  -0.1794911E+0003
     2.60800   0.4708690E-0015   0.1366312E-0014   0.2655179E+0002   0.1306599E-0015   0.4157915E-0016   0.7120724E+0000  -0.1794898E+0003
     2.61600   0.4568286E-0015  -0.1748601E-0014   0.2655459E+0002   0.1314053E-0015   0.9600610E-0016   0.7126899E+0000  -0.1794884E+0003
     2.62400   0.4520039E-0015  -0.5991301E-0015   0.2655744E+0002   0.1321981E-0015   0.9709030E-0016   0.7133198E+0000  -0.1794870E+0003
     2.63200   0.4619243E-0015   0.1232521E-0014   0.2656034E+0002   0.1325098E-0015   0.3946496E-0016   0.7139624E+0000  -0.1794857E+0003
     2.64000   0.4460950E-0015  -0.1974332E-0014   0.2656331E+0002   0.1330926E-0015   0.7329207E-0016   0.7146179E+0000  -0.1794843E+0003
     2.64800   0.4559070E-0015   0.1224498E-0014   0.2656633E+0002   0.1332959E-0015   0.2553296E-0016   0.7152865E+0000  -0.1794829E+0003
     2.65600   0.4598101E-0015   0.4933120E-0015   0.2656941E+0002   0.1338244E-0015   0.6499792E-0016   0.7159687E+0000  -0.1794814E+0003
     2.66400   0.4664238E-0015   0.8135853E-0015   0.2657256E+0002   0.1338380E-0015   0.2114194E-0017   0.7166648E+0000  -0.1794800E+0003
     2.67200   0.4599186E-0015  -0.8107664E-0015   0.2657577E+0002   0.1339600E-0015   0.1577514E-0016   0.7173750E+0000  -0.1794786E+0003
     2.68000   0.4690801E-0015   0.1153374E-0014   0.2657904E+0002   0.1342175E-0015   0.3041187E-0016   0.7180998E+0000  -0.1794771E+0003
     2.68800   0.4914688E-0015   0.2789869E-0014   0.2658239E+0002   0.1340413E-0015  -0.2168404E-0016   0.7188397E+0000  -0.1794757E+0003
     2.69600   0.5039914E-0015   0.1580116E-0014   0.2658581E+0002   0.1342446E-0015   0.2640032E-0016   0.7195952E+0000  -0.1794742E+0003
     2.70400   0.5150502E-0015   0.1390381E-0014   0.2658930E+0002   0.1343462E-0015   0.1111307E-0016   0.7203667E+0000  -0.1794727E+0003
     2.71200   0.5128276E-0015  -0.2957704E-0015   0.2659287E+0002   0.1349086E-0015   0.6982262E-0016   0.7211550E+0000  -0.1794712E+0003
     2.72000   0.5061598E-0015  -0.8140190E-0015   0.2659653E+0002   0.1352712E-0015   0.4499439E-0016   0.7219607E+0000  -0.1794697E+0003
     2.72800   0.5076235E-0015   0.1808449E-0015   0.2660028E+0002   0.1359047E-0015   0.7892992E-0016   0.7227846E+0000  -0.1794682E+0003
     2.73600   0.5022024E-0015  -0.6817463E-0015   0.2660412E+0002   0.1364418E-0015   0.6711211E-0016   0.7236274E+0000  -0.1794666E+0003
     2.74400   0.5089245E-0015   0.8519661E-0015   0.2660807E+0002   0.1370364E-0015   0.7372575E-0016   0.7244899E+0000  -0.1794650E+0003
     2.75200   0.5113097E-0015   0.2953367E-0015   0.2661212E+0002   0.1377682E-0015   0.9123561E-0016   0.7253730E+0000  -0.1794634E+0003
     2.76000   0.5018772E-0015  -0.1179178E-0014   0.2661629E+0002   0.1381866E-0015   0.5220433E-0016   0.7262774E+0000  -0.1794618E+0003
     2.76800   0.5082740E-0015   0.7914676E-0015   0.2662057E+0002   0.1387033E-0015   0.6472687E-0016   0.7272038E+0000  -0.1794602E+0003
     2.77600   0.5097919E-0015   0.2055647E-0015   0.2662498E+0002   0.1391861E-0015   0.6076953E-0016   0.7281529E+0000  -0.1794586E+0003
     2.78400   0.5048045E-0015  -0.6136584E-0015   0.2662951E+0002   0.1394369E-0015   0.3100818E-0016   0.7291252E+0000  -0.1794570E+0003
     2.79200   0.4994919E-0015  -0.6754580E-0015   0.2663418E+0002   0.1399434E-0015   0.6331741E-0016   0.7301211E+0000  -0.1794553E+0003
     2.80000   0.5161887E-0015   0.2081668E-0014   0.2663897E+0002   0.1401060E-0015   0.2049142E-0016   0.7311410E+0000  -0.1794537E+0003
     2.80800   0.5133697E-0015  -0.3458605E-0015   0.2664390E+0002   0.1409700E-0015   0.1074444E-0015   0.7321849E+0000  -0.1794521E+0003
     2.81600   0.5149960E-0015   0.1984090E-0015   0.2664897E+0002   0.1418611E-0015   0.1108055E-0015   0.7332531E+0000  -0.1794504E+0003
     2.82400   0.5033951E-0015  -0.1431797E-0014   0.2665416E+0002   0.1426675E-0015   0.1013729E-0015   0.7343457E+0000  -0.1794489E+0003
     2.83200   0.5072982E-0015   0.4826868E-0015   0.2665949E+0002   0.1431350E-0015   0.5876376E-0016   0.7354626E+0000  -0.1794473E+0003
     2.84000   0.5018772E-0015  -0.6891189E-0015   0.2666496E+0002   0.1441176E-0015   0.1222980E-0015   0.7366042E+0000  -0.1794457E+0003
     2.84800   0.5054551E-0015   0.4566660E-0015   0.2667055E+0002   0.1445987E-0015   0.6087795E-0016   0.7377706E+0000  -0.1794442E+0003
     2.85600   0.4955888E-0015  -0.1227967E-0014   0.2667629E+0002   0.1452018E-0015   0.7616520E-0016   0.7389622E+0000  -0.1794427E+0003
     2.86400   0.4837710E-0015  -0.1461721E-0014   0.2668216E+0002   0.1459472E-0015   0.9275350E-0016   0.7401794E+0000  -0.1794411E+0003
     2.87200   0.4913604E-0015   0.9220055E-0015   0.2668817E+0002   0.1462724E-0015   0.4065758E-0016   0.7414230E+0000  -0.1794396E+0003
     2.88000   0.4890836E-0015  -0.2615096E-0015   0.2669433E+0002   0.1469365E-0015   0.8348357E-0016   0.7426934E+0000  -0.1794381E+0003
     2.88800   0.4797595E-0015  -0.1180913E-0014   0.2670064E+0002   0.1470449E-0015   0.1301043E-0016   0.7439913E+0000  -0.1794365E+0003
     2.89600   0.4855057E-0015   0.7151398E-0015   0.2670711E+0002   0.1475057E-0015   0.5719166E-0016   0.7453174E+0000  -0.1794350E+0003
     2.90400   0.4874573E-0015   0.2493665E-0015   0.2671374E+0002   0.1481969E-0015   0.8603144E-0016   0.7466720E+0000  -0.1794334E+0003
     2.91200   0.4976488E-0015   0.1264180E-0014   0.2672053E+0002   0.1489152E-0015   0.9156087E-0016   0.7480555E+0000  -0.1794317E+0003
     2.92000   0.5013351E-0015   0.4740132E-0015   0.2672749E+0002   0.1488881E-0015  -0.3740497E-0017   0.7494681E+0000  -0.1794301E+0003
     2.92800   0.5099003E-0015   0.1059916E-0014   0.2673462E+0002   0.1487796E-0015  -0.1539567E-0016   0.7509099E+0000  -0.1794284E+0003
     2.93600   0.5070814E-0015  -0.3321995E-0015   0.2674192E+0002   0.1492540E-0015   0.6011901E-0016   0.7523810E+0000  -0.1794267E+0003
     2.94400   0.5064308E-0015  -0.1222980E-0015   0.2674939E+0002   0.1496606E-0015   0.5231275E-0016   0.7538811E+0000  -0.1794250E+0003
     2.95200   0.4982993E-0015  -0.1021752E-0014   0.2675704E+0002   0.1504466E-0015   0.9710386E-0016   0.7554102E+0000  -0.1794232E+0003
     2.96000   0.4969983E-0015  -0.1587272E-0015   0.2676487E+0002   0.1506092E-0015   0.2003064E-0016   0.7569682E+0000  -0.1794213E+0003
     2.96800   0.4920109E-0015  -0.6418477E-0015   0.2677288E+0002   0.1516392E-0015   0.1288845E-0015   0.7585550E+0000  -0.1794194E+0003
     2.97600   0.4993835E-0015   0.9072604E-0015   0.2678106E+0002   0.1518290E-0015   0.2423192E-0016   0.7601703E+0000  -0.1794174E+0003
     2.98400   0.5035035E-0015   0.5490400E-0015   0.2678943E+0002   0.1521271E-0015   0.3838076E-0016   0.7618137E+0000  -0.1794153E+0003
     2.99200   0.5037203E-0015   0.2341877E-0016   0.2679798E+0002   0.1529267E-0015   0.1001261E-0015   0.7634846E+0000  -0.1794130E+0003
     3.00000   0.5069729E-0015   0.3781697E-0015   0.2680670E+0002   0.1532520E-0015   0.4087442E-0016   0.7651823E+0000  -0.1794107E+0003
     3.00800   0.5035035E-0015  -0.4631712E-0015   0.2681561E+0002   0.1534011E-0015   0.1859407E-0016   0.7669054E+0000  -0.1794081E+0003
     3.01600   0.5089245E-0015   0.7129713E-0015   0.2682468E+0002   0.1534146E-0015   0.1843144E-0017   0.7686524E+0000  -0.1794055E+0003
     3.02400   0.5293075E-0015   0.2504941E-0014   0.2683392E+0002   0.1537941E-0015   0.4824700E-0016   0.7704213E+0000  -0.1794026E+0003
     3.03200   0.5293075E-0015   0.2081668E-0016   0.2684332E+0002   0.1542074E-0015   0.5198749E-0016   0.7722099E+0000  -0.1793996E+0003
     3.04000   0.5284401E-0015  -0.1231654E-0015   0.2685287E+0002   0.1545124E-0015   0.3794708E-0016   0.7740153E+0000  -0.1793963E+0003
     3.04800   0.5249707E-0015  -0.4024558E-0015   0.2686255E+0002   0.1548376E-0015   0.4044074E-0016   0.7758342E+0000  -0.1793929E+0003
     3.05600   0.5182486E-0015  -0.8396062E-0015   0.2687236E+0002   0.1558879E-0015   0.1312427E-0015   0.7776631E+0000  -0.1793894E+0003
     3.06400   0.5110929E-0015  -0.9332812E-0015   0.2688226E+0002   0.1563691E-0015   0.6093216E-0016   0.7794977E+0000  -0.1793856E+0003
     3.07200   0.5052382E-0015  -0.7147061E-0015   0.2689226E+0002   0.1567214E-0015   0.4380177E-0016   0.7813335E+0000  -0.1793818E+0003
     3.08000   0.5121771E-0015   0.8239937E-0015   0.2690232E+0002   0.1569857E-0015   0.3252607E-0016   0.7831652E+0000  -0.1793778E+0003
     3.08800   0.5043709E-0015  -0.9246076E-0015   0.2691242E+0002   0.1573855E-0015   0.4900594E-0016   0.7849874E+0000  -0.1793737E+0003
     3.09600   0.5065393E-0015   0.3001072E-0015   0.2692254E+0002   0.1573787E-0015   0.7589415E-0018   0.7867940E+0000  -0.1793696E+0003
     3.10400   0.5143455E-0015   0.9159340E-0015   0.2693266E+0002   0.1579479E-0015   0.7112366E-0016   0.7885786E+0000  -0.1793654E+0003
     3.11200   0.5230191E-0015   0.1129305E-0014   0.2694275E+0002   0.1583884E-0015   0.5442695E-0016   0.7903345E+0000  -0.1793612E+0003
     3.12000   0.5282233E-0015   0.6071532E-0015   0.2695277E+0002   0.1588153E-0015   0.5301749E-0016   0.7920545E+0000  -0.1793571E+0003
     3.12800   0.5390653E-0015   0.1366962E-0014   0.2696271E+0002   0.1590186E-0015   0.2515349E-0016   0.7937313E+0000  -0.1793529E+0003
     3.13600   0.5447032E-0015   0.7511353E-0015   0.2697252E+0002   0.1593371E-0015   0.3729655E-0016   0.7953570E+0000  -0.1793488E+0003
     3.14400   0.5355959E-0015  -0.1176143E-0014   0.2698218E+0002   0.1594590E-0015   0.1604619E-0016   0.7969237E+0000  -0.1793447E+0003
     3.15200   0.5460042E-0015   0.1238593E-0014   0.2699165E+0002   0.1597707E-0015   0.3946496E-0016   0.7984231E+0000  -0.1793406E+0003
     3.16000   0.5559789E-0015   0.1360023E-0014   0.2700089E+0002   0.1604619E-0015   0.8532671E-0016   0.7998467E+0000  -0.1793366E+0003
     3.16800   0.5481726E-0015  -0.1040834E-0014   0.2700986E+0002   0.1610989E-0015   0.7936360E-0016   0.8011860E+0000  -0.1793327E+0003
     3.17600   0.5568462E-0015   0.1127570E-0014   0.2701854E+0002   0.1617088E-0015   0.7502679E-0016   0.8024328E+0000  -0.1793288E+0003
     3.18400   0.5529431E-0015  -0.5447032E-0015   0.2702688E+0002   0.1623457E-0015   0.8348357E-0016   0.8035791E+0000  -0.1793250E+0003
     3.19200   0.5538105E-0015   0.1040834E-0015   0.2703484E+0002   0.1630369E-0015   0.8554355E-0016   0.8046176E+0000  -0.1793212E+0003
     3.20000   0.5603157E-0015   0.7563394E-0015   0.2704241E+0002   0.1634164E-0015   0.4727121E-0016   0.8055419E+0000  -0.1793176E+0003
     3.20800   0.5585810E-0015  -0.1353084E-0015   0.2704956E+0002   0.1641347E-0015   0.8684459E-0016   0.8063468E+0000  -0.1793140E+0003
     3.21600   0.5585810E-0015  -0.6938894E-0016   0.2705626E+0002   0.1644328E-0015   0.3718813E-0016   0.8070286E+0000  -0.1793104E+0003
     3.22400   0.5525094E-0015  -0.6973588E-0015   0.2706253E+0002   0.1648800E-0015   0.5518589E-0016   0.8075855E+0000  -0.1793069E+0003
     3.23200   0.5594483E-0015   0.7736867E-0015   0.2706835E+0002   0.1654628E-0015   0.7632783E-0016   0.8080176E+0000  -0.1793034E+0003
     3.24000   0.5559789E-0015  -0.3989864E-0015   0.2707376E+0002   0.1658829E-0015   0.5735429E-0016   0.8083272E+0000  -0.1792999E+0003
     3.24800   0.5412337E-0015  -0.1710437E-0014   0.2707878E+0002   0.1667096E-0015   0.9844556E-0016   0.8085188E+0000  -0.1792964E+0003
     3.25600   0.5473053E-0015   0.6314393E-0015   0.2708346E+0002   0.1674550E-0015   0.9508453E-0016   0.8085995E+0000  -0.1792927E+0003
     3.26400   0.5559789E-0015   0.1190020E-0014   0.2708787E+0002   0.1679971E-0015   0.6451003E-0016   0.8085784E+0000  -0.1792890E+0003
     3.27200   0.5481726E-0015  -0.1148387E-0014   0.2709208E+0002   0.1684850E-0015   0.6396793E-0016   0.8084671E+0000  -0.1792850E+0003
     3.28000   0.5429684E-0015  -0.6834810E-0015   0.2709618E+0002   0.1690271E-0015   0.7074419E-0016   0.8082790E+0000  -0.1792808E+0003
     3.28800   0.5351622E-0015  -0.1009609E-0014   0.2710028E+0002   0.1699216E-0015   0.1109139E-0015   0.8080297E+0000  -0.1792762E+0003
     3.29600   0.5360296E-0015   0.2151057E-0015   0.2710451E+0002   0.1704637E-0015   0.6732895E-0016   0.8077365E+0000  -0.1792713E+0003
     3.30400   0.5308254E-0015  -0.7702172E-0015   0.2710900E+0002   0.1713717E-0015   0.1145460E-0015   0.8074178E+0000  -0.1792658E+0003
     3.31200   0.5308254E-0015  -0.6938894E-0017   0.2711390E+0002   0.1717783E-0015   0.4759648E-0016   0.8070932E+0000  -0.1792598E+0003
     3.32000   0.5325601E-0015   0.3330669E-0015   0.2711935E+0002   0.1723475E-0015   0.7101524E-0016   0.8067824E+0000  -0.1792531E+0003
     3.32800   0.5421011E-0015   0.1103284E-0014   0.2712551E+0002   0.1725914E-0015   0.3661893E-0016   0.8065051E+0000  -0.1792456E+0003
     3.33600   0.5412337E-0015  -0.2289835E-0015   0.2713254E+0002   0.1731877E-0015   0.7367154E-0016   0.8062798E+0000  -0.1792374E+0003
     3.34400   0.5499073E-0015   0.1054712E-0014   0.2714058E+0002   0.1737298E-0015   0.6353425E-0016   0.8061235E+0000  -0.1792281E+0003
     3.35200   0.5394990E-0015  -0.1276756E-0014   0.2714977E+0002   0.1742042E-0015   0.6201636E-0016   0.8060506E+0000  -0.1792179E+0003
     3.36000   0.5464379E-0015   0.8881784E-0015   0.2716024E+0002   0.1749225E-0015   0.9204876E-0016   0.8060726E+0000  -0.1792066E+0003
     3.36800   0.5499073E-0015   0.6245005E-0015   0.2717207E+0002   0.1753290E-0015   0.4737963E-0016   0.8061971E+0000  -0.1791941E+0003
     3.37600   0.5568462E-0015   0.1009609E-0014   0.2718535E+0002   0.1755188E-0015   0.2320193E-0016   0.8064274E+0000  -0.1791805E+0003
     3.38400   0.5551115E-0015  -0.6418477E-0015   0.2720013E+0002   0.1762506E-0015   0.8651933E-0016   0.8067625E+0000  -0.1791658E+0003
     3.39200   0.5499073E-0015  -0.5967449E-0015   0.2721643E+0002   0.1771722E-0015   0.1225148E-0015   0.8071960E+0000  -0.1791498E+0003
     3.40000   0.5637851E-0015   0.1960238E-0014   0.2723424E+0002   0.1769825E-0015  -0.2775558E-0016   0.8077166E+0000  -0.1791327E+0003
     3.40800   0.5620504E-0015  -0.4440892E-0015   0.2725352E+0002   0.1776059E-0015   0.7632783E-0016   0.8083079E+0000  -0.1791145E+0003
     3.41600   0.5637851E-0015   0.1595946E-0015   0.2727420E+0002   0.1779718E-0015   0.4727121E-0016   0.8089487E+0000  -0.1790952E+0003
     3.42400   0.5551115E-0015  -0.9506285E-0015   0.2729621E+0002   0.1782970E-0015   0.3859760E-0016   0.8096133E+0000  -0.1790749E+0003
     3.43200   0.5499073E-0015  -0.7875645E-0015   0.2731942E+0002   0.1792457E-0015   0.1177444E-0015   0.8102722E+0000  -0.1790536E+0003
     3.44000   0.5464379E-0015  -0.8326673E-0016   0.2734369E+0002   0.1798962E-0015   0.7892992E-0016   0.8108929E+0000  -0.1790316E+0003
     3.44800   0.5551115E-0015   0.7008283E-0015   0.2736890E+0002   0.1803299E-0015   0.5702903E-0016   0.8114412E+0000  -0.1790088E+0003
     3.45600   0.5499073E-0015  -0.3573530E-0015   0.2739486E+0002   0.1808653E-0015   0.6895526E-0016   0.8118816E+0000  -0.1789855E+0003
     3.46400   0.5585810E-0015   0.7320533E-0015   0.2742143E+0002   0.1812244E-0015   0.4423545E-0016   0.8121790E+0000  -0.1789617E+0003
     3.47200   0.5655199E-0015   0.9436896E-0015   0.2744843E+0002   0.1817258E-0015   0.6331741E-0016   0.8122998E+0000  -0.1789375E+0003
     3.48000   0.5707240E-0015   0.5342948E-0015   0.2747570E+0002   0.1818749E-0015   0.1864828E-0016   0.8122126E+0000  -0.1789131E+0003
     3.48800   0.5776629E-0015   0.9332812E-0015   0.2750309E+0002   0.1824983E-0015   0.7806256E-0016   0.8118889E+0000  -0.1788886E+0003
     3.49600   0.6019490E-0015   0.3191891E-0014   0.2753047E+0002   0.1823628E-0015  -0.1257675E-0016   0.8113044E+0000  -0.1788641E+0003
     3.50400   0.6071532E-0015   0.6210310E-0015   0.2755770E+0002   0.1825796E-0015   0.2428613E-0016   0.8104385E+0000  -0.1788396E+0003
     3.51200   0.6210310E-0015   0.1582068E-0014   0.2758467E+0002   0.1827152E-0015   0.1561251E-0016   0.8092752E+0000  -0.1788154E+0003
     3.52000   0.6297046E-0015   0.1141448E-0014   0.2761128E+0002   0.1831760E-0015   0.6201636E-0016   0.8078019E+0000  -0.1787915E+0003
     3.52800   0.6210310E-0015  -0.1110223E-0014   0.2763746E+0002   0.1840704E-0015   0.1058181E-0015   0.8060102E+0000  -0.1787679E+0003
     3.53600   0.6245005E-0015   0.3885781E-0015   0.2766312E+0002   0.1846667E-0015   0.7589415E-0016   0.8038941E+0000  -0.1787447E+0003
     3.54400   0.6245005E-0015  -0.3469447E-0016   0.2768820E+0002   0.1850191E-0015   0.5290907E-0016   0.8014504E+0000  -0.1787220E+0003
     3.55200   0.6349088E-0015   0.1061651E-0014   0.2771265E+0002   0.1856696E-0015   0.7892992E-0016   0.7986774E+0000  -0.1786998E+0003
     3.56000   0.6453171E-0015   0.1484923E-0014   0.2773639E+0002   0.1857238E-0015   0.5204170E-0017   0.7955746E+0000  -0.1786782E+0003
     3.56800   0.6557255E-0015   0.1460637E-0014   0.2775938E+0002   0.1861033E-0015   0.4466913E-0016   0.7921419E+0000  -0.1786572E+0003
     3.57600   0.6730727E-0015   0.1765948E-0014   0.2778156E+0002   0.1859407E-0015  -0.1734723E-0016   0.7883796E+0000  -0.1786369E+0003
     3.58400   0.6661338E-0015  -0.6210310E-0015   0.2780284E+0002   0.1862659E-0015   0.4423545E-0016   0.7842882E+0000  -0.1786173E+0003
     3.59200   0.6643991E-0015  -0.2914335E-0015   0.2782316E+0002   0.1871875E-0015   0.1071192E-0015   0.7798684E+0000  -0.1785986E+0003
     3.60000   0.6765422E-0015   0.1628905E-0014   0.2784245E+0002   0.1878380E-0015   0.7892992E-0016   0.7751219E+0000  -0.1785808E+0003
     3.60800   0.6904199E-0015   0.1757275E-0014   0.2786061E+0002   0.1881091E-0015   0.3686287E-0016   0.7700519E+0000  -0.1785639E+0003
     3.61600   0.6921547E-0015   0.3469447E-0016   0.2787757E+0002   0.1885428E-0015   0.5290907E-0016   0.7646642E+0000  -0.1785482E+0003
     3.62400   0.6973588E-0015   0.7164408E-0015   0.2789326E+0002   0.1894101E-0015   0.1010476E-0015   0.7589687E+0000  -0.1785338E+0003
     3.63200   0.6973588E-0015   0.3330669E-0015   0.2790762E+0002   0.1901691E-0015   0.1040834E-0015   0.7529802E+0000  -0.1785207E+0003
     3.64000   0.7008283E-0015   0.4371503E-0015   0.2792060E+0002   0.1909280E-0015   0.8586881E-0016   0.7467206E+0000  -0.1785091E+0003
     3.64800   0.7181755E-0015   0.1987126E-0014   0.2793219E+0002   0.1913617E-0015   0.6245005E-0016   0.7402194E+0000  -0.1784993E+0003
     3.65600   0.7181755E-0015  -0.5290907E-0016   0.2794241E+0002   0.1923375E-0015   0.1136244E-0015   0.7335150E+0000  -0.1784913E+0003
     3.66400   0.7337880E-0015   0.2071260E-0014   0.2795132E+0002   0.1925543E-0015   0.1908196E-0016   0.7266554E+0000  -0.1784854E+0003
     3.67200   0.7285839E-0015  -0.7997075E-0015   0.2795903E+0002   0.1936385E-0015   0.1405126E-0015   0.7196983E+0000  -0.1784818E+0003
     3.68000   0.7407269E-0015   0.1538700E-0014   0.2796567E+0002   0.1940722E-0015   0.5724587E-0016   0.7127110E+0000  -0.1784805E+0003
     3.68800   0.7459311E-0015   0.9419548E-0015   0.2797144E+0002   0.1945059E-0015   0.5984796E-0016   0.7057707E+0000  -0.1784819E+0003
     3.69600   0.7615436E-0015   0.1592476E-0014   0.2797655E+0002   0.1947227E-0015   0.3469447E-0016   0.6989649E+0000  -0.1784861E+0003
     3.70400   0.7476658E-0015  -0.1602884E-0014   0.2798131E+0002   0.1959153E-0015   0.1526557E-0015   0.6923925E+0000  -0.1784933E+0003
     3.71200   0.7528700E-0015   0.6383782E-0015   0.2798606E+0002   0.1966743E-0015   0.5984796E-0016   0.6861666E+0000  -0.1785035E+0003
     3.72000   0.7494005E-0015  -0.3851086E-0015   0.2799123E+0002   0.1968911E-0015   0.5377643E-0016   0.6804183E+0000  -0.1785168E+0003
     3.72800   0.7528700E-0015   0.4996004E-0015   0.2799739E+0002   0.1973248E-0015   0.2688821E-0016   0.6753015E+0000  -0.1785332E+0003
     3.73600   0.7494005E-0015  -0.5342948E-0015   0.2800522E+0002   0.1975416E-0015   0.3122502E-0016   0.6709988E+0000  -0.1785526E+0003
     3.74400   0.7476658E-0015  -0.2359224E-0015   0.2801558E+0002   0.1979753E-0015   0.7979728E-0016   0.6677259E+0000  -0.1785749E+0003
     3.75200   0.7407269E-0015  -0.8951173E-0015   0.2802954E+0002   0.1986258E-0015   0.6505213E-0016   0.6657364E+0000  -0.1785999E+0003
     3.76000   0.7337880E-0015  -0.8673617E-0015   0.2804840E+0002   0.1988427E-0015   0.4250073E-0016   0.6653236E+0000  -0.1786274E+0003
     3.76800   0.7303186E-0015  -0.6661338E-0015   0.2807372E+0002   0.1992764E-0015   0.3903128E-0016   0.6668209E+0000  -0.1786571E+0003
     3.77600   0.7337880E-0015   0.5134781E-0015   0.2810734E+0002   0.1999269E-0015   0.6765422E-0016   0.6706005E+0000  -0.1786886E+0003
     3.78400   0.7355228E-0015   0.2081668E-0015   0.2815141E+0002   0.2001437E-0015   0.1344411E-0016   0.6770691E+0000  -0.1787218E+0003
     3.79200   0.7320533E-0015  -0.5828671E-0015   0.2820842E+0002   0.2010111E-0015   0.1101549E-0015   0.6866586E+0000  -0.1787561E+0003
     3.80000   0.7216450E-0015  -0.1235123E-0014   0.2828117E+0002   0.2014448E-0015   0.8066464E-0016   0.6998109E+0000  -0.1787912E+0003
     3.80800   0.7251144E-0015   0.3608225E-0015   0.2837272E+0002   0.2016616E-0015   0.5290907E-0016   0.7169491E+0000  -0.1788268E+0003
     3.81600   0.7337880E-0015   0.1276756E-0014   0.2848629E+0002   0.2020953E-0015   0.3295975E-0016   0.7384318E+0000  -0.1788626E+0003
     3.82400   0.7329207E-0015  -0.1942890E-0015   0.2862498E+0002   0.2029626E-0015   0.7632783E-0016   0.7644955E+0000  -0.1788984E+0003
     3.83200   0.7394259E-0015   0.8326673E-0015   0.2879138E+0002   0.2029626E-0015   0.4683753E-0016   0.7951085E+0000  -0.1789342E+0003
     3.84000   0.7459311E-0015   0.7216450E-0015   0.2898703E+0002   0.2033963E-0015   0.1734723E-0016   0.8298576E+0000  -0.1789701E+0003
     3.84800   0.7337880E-0015  -0.1415534E-0014   0.2921175E+0002   0.2042637E-0015   0.1214306E-0015   0.8677836E+0000  -0.1790065E+0003
     3.85600   0.7441964E-0015   0.1415534E-0014   0.2946146E+0002   0.2046974E-0015   0.5204170E-0016   0.9069068E+0000  -0.1790448E+0003
     3.86400   0.7424616E-0015  -0.1665335E-0015   0.2972866E+0002   0.2052395E-0015   0.7632783E-0016   0.9450473E+0000  -0.1790873E+0003
     3.87200   0.7320533E-0015  -0.1304512E-0014   0.3000349E+0002   0.2059984E-0015   0.9020562E-0016   0.9807093E+0000  -0.1791370E+0003
     3.88000   0.7233797E-0015  -0.1082467E-0014   0.3037270E+0002   0.2060526E-0015   0.6938894E-0017   0.1039287E+0001  -0.1791756E+0003
     3.88800   0.7268491E-0015   0.5273559E-0015   0.3102283E+0002   0.2068658E-0015   0.1040834E-0015   0.1117757E+0001  -0.1791619E+0003
     3.89600   0.7363901E-0015   0.9992007E-0015   0.3196795E+0002   0.2075163E-0015   0.8326673E-0016   0.1181964E+0001  -0.1790939E+0003
     3.90400   0.7407269E-0015   0.4718448E-0015   0.3259916E+0002   0.2081668E-0015   0.1040834E-0015   0.1189192E+0001  -0.1790047E+0003
     3.91200   0.4604627E-0003   0.5755784E-0001   0.3257862E+0002   0.1679731E-0004   0.2099664E-0002   0.1135880E+0001  -0.1789717E+0003
     3.92000   0.2203539E-0002   0.2178845E+0000   0.3253851E+0002   0.7757110E-0004   0.7596723E-0002   0.1068724E+0001  -0.1790835E+0003
     3.92800   0.5233015E-0002   0.3786845E+0000   0.3246779E+0002   0.1770739E-0003   0.1243786E-0001   0.1004452E+0001  -0.1792837E+0003
     3.93600   0.8948673E-0002   0.4644572E+0000   0.3236777E+0002   0.2920248E-0003   0.1436886E-0001   0.9457199E+0000  -0.1794608E+0003
     3.94400   0.1272060E-0001   0.4714910E+0000   0.3224716E+0002   0.4022328E-0003   0.1377600E-0001   0.8694786E+0000  -0.1795325E+0003
     3.95200   0.1639898E-0001   0.4597976E+0000   0.3211075E+0002   0.5014129E-0003   0.1239750E-0001   0.7699692E+0000  -0.1794942E+0003
     3.96000   0.2044740E-0001   0.5060526E+0000   0.3195789E+0002   0.5984881E-0003   0.1213441E-0001   0.6626291E+0000  -0.1794382E+0003
     3.96800   0.2550846E-0001   0.6326315E+0000   0.3178070E+0002   0.7034263E-0003   0.1311726E-0001   0.5636801E+0000  -0.1794532E+0003
     3.97600   0.3186391E-0001   0.7944311E+0000   0.3156969E+0002   0.8161500E-0003   0.1409047E-0001   0.4807744E+0000  -0.1795441E+0003
     3.98400   0.3925848E-0001   0.9243213E+0000   0.3132200E+0002   0.9287618E-0003   0.1407648E-0001   0.4131530E+0000  -0.1796425E+0003
     3.99200   0.4716910E-0001   0.9888274E+0000   0.3104368E+0002   0.1033107E-0002   0.1304313E-0001   0.3549894E+0000  -0.1796731E+0003
     4.00000   0.5526017E-0001   0.1011384E+0001   0.3074438E+0002   0.1125630E-0002   0.1156534E-0001   0.3005493E+0000  -0.1796193E+0003
     4.00800   0.6363466E-0001   0.1046811E+0001   0.3042871E+0002   0.1207497E-0002   0.1023336E-0001   0.2478925E+0000  -0.1795280E+0003
     4.01600   0.7270248E-0001   0.1133477E+0001   0.3009213E+0002   0.1281369E-0002   0.9234057E-0002   0.1996415E+0000  -0.1794595E+0003
     4.02400   0.8281952E-0001   0.1264630E+0001   0.2972515E+0002   0.1348489E-0002   0.8389987E-0002   0.1603894E+0000  -0.1794346E+0003
     4.03200   0.9401170E-0001   0.1399023E+0001   0.2932198E+0002   0.1408879E-0002   0.7548777E-0002   0.1335130E+0000  -0.1794244E+0003
     4.04000   0.1059865E+0000   0.1496844E+0001   0.2888597E+0002   0.1463404E-0002   0.6815643E-0002   0.1194775E+0000  -0.1793844E+0003
     4.04800   0.1183845E+0000   0.1549755E+0001   0.2842711E+0002   0.1514685E-0002   0.6410064E-0002   0.1155129E+0000  -0.1792944E+0003
     4.05600   0.1310492E+0000   0.1583087E+0001   0.2795394E+0002   0.1566147E-0002   0.6432835E-0002   0.1168944E+0000  -0.1791707E+0003
     4.06400   0.1441106E+0000   0.1632676E+0001   0.2746710E+0002   0.1620766E-0002   0.6827330E-0002   0.1196813E+0000  -0.1790466E+0003
     4.07200   0.1578449E+0000   0.1716782E+0001   0.2695988E+0002   0.1680610E-0002   0.7480464E-0002   0.1228437E+0000  -0.1789430E+0003
     4.08000   0.1724394E+0000   0.1824321E+0001   0.2642482E+0002   0.1747111E-0002   0.8312584E-0002   0.1278301E+0000  -0.1788556E+0003
     4.08800   0.1878479E+0000   0.1926061E+0001   0.2586092E+0002   0.1821649E-0002   0.9317328E-0002   0.1359762E+0000  -0.1787667E+0003
     4.09600   0.2038159E+0000   0.1996002E+0001   0.2527569E+0002   0.1905609E-0002   0.1049494E-0001   0.1473968E+0000  -0.1786644E+0003
     4.10400   0.2200316E+0000   0.2026957E+0001   0.2468049E+0002   0.2000171E-0002   0.1182033E-0001   0.1611724E+0000  -0.1785493E+0003
     4.11200   0.2362964E+0000   0.2033103E+0001   0.2408354E+0002   0.2106386E-0002   0.1327688E-0001   0.1762368E+0000  -0.1784287E+0003
     4.12000   0.2526160E+0000   0.2039946E+0001   0.2348883E+0002   0.2225809E-0002   0.1492777E-0001   0.1902129E+0000  -0.1783345E+0003
     4.12800   0.2690405E+0000   0.2053063E+0001   0.2289415E+0002   0.2358814E-0002   0.1662573E-0001   0.2041198E+0000  -0.1782655E+0003
     4.13600   0.2855612E+0000   0.2065094E+0001   0.2229640E+0002   0.2506110E-0002   0.1841198E-0001   0.2193009E+0000  -0.1781960E+0003
     4.14400   0.3021191E+0000   0.2069734E+0001   0.2177165E+0002   0.2668969E-0002   0.2035730E-0001   0.2364126E+0000  -0.1781078E+0003
     4.15200   0.3185862E+0000   0.2058380E+0001   0.2175848E+0002   0.2847780E-0002   0.2235141E-0001   0.2590901E+0000  -0.1780002E+0003
     4.16000   0.3344166E+0000   0.1978802E+0001   0.2174021E+0002   0.3036281E-0002   0.2356266E-0001   0.2800088E+0000  -0.1778501E+0003
     4.16800   0.3494564E+0000   0.1879979E+0001   0.2172026E+0002   0.3229991E-0002   0.2421369E-0001   0.2977015E+0000  -0.1776859E+0003
     4.17600   0.3639098E+0000   0.1806671E+0001   0.2170374E+0002   0.3428091E-0002   0.2476253E-0001   0.3126580E+0000  -0.1775499E+0003
     4.18400   0.3780997E+0000   0.1773742E+0001   0.2169271E+0002   0.3632507E-0002   0.2555203E-0001   0.3265181E+0000  -0.1774597E+0003
     4.19200   0.3922433E+0000   0.1767951E+0001   0.2168548E+0002   0.3845397E-0002   0.2661116E-0001   0.3418256E+0000  -0.1774015E+0003
     4.20000   0.4063660E+0000   0.1765330E+0001   0.2168084E+0002   0.4068010E-0002   0.2782668E-0001   0.3577225E+0000  -0.1773649E+0003
     4.20800   0.4202766E+0000   0.1738830E+0001   0.2167584E+0002   0.4297528E-0002   0.2868978E-0001   0.3715220E+0000  -0.1773252E+0003
     4.21600   0.4337296E+0000   0.1681628E+0001   0.2166879E+0002   0.4528112E-0002   0.2882296E-0001   0.3808367E+0000  -0.1772678E+0003
     4.22400   0.4466120E+0000   0.1610298E+0001   0.2166070E+0002   0.4754524E-0002   0.2830155E-0001   0.3850068E+0000  -0.1772010E+0003
     4.23200   0.4590088E+0000   0.1549600E+0001   0.2165424E+0002   0.4974871E-0002   0.2754327E-0001   0.3853344E+0000  -0.1771473E+0003
     4.24000   0.4711195E+0000   0.1513841E+0001   0.2165126E+0002   0.5190379E-0002   0.2693861E-0001   0.3842405E+0000  -0.1771223E+0003
     4.24800   0.4831153E+0000   0.1499465E+0001   0.2165159E+0002   0.5403265E-0002   0.2661070E-0001   0.3838495E+0000  -0.1771249E+0003
     4.25600   0.4950321E+0000   0.1489602E+0001   0.2165321E+0002   0.5614532E-0002   0.2640837E-0001   0.3850747E+0000  -0.1771386E+0003
     4.26400   0.5067713E+0000   0.1467407E+0001   0.2165380E+0002   0.5823300E-0002   0.2609596E-0001   0.3875873E+0000  -0.1771439E+0003
     4.27200   0.5181966E+0000   0.1428158E+0001   0.2165232E+0002   0.6027804E-0002   0.2556299E-0001   0.3902564E+0000  -0.1771320E+0003
     4.28000   0.5292475E+0000   0.1381355E+0001   0.2164962E+0002   0.6226981E-0002   0.2489723E-0001   0.3917849E+0000  -0.1771097E+0003
     4.28800   0.5399838E+0000   0.1342047E+0001   0.2164758E+0002   0.6421273E-0002   0.2428650E-0001   0.3913919E+0000  -0.1770926E+0003
     4.29600   0.5505352E+0000   0.1318924E+0001   0.2164756E+0002   0.6612044E-0002   0.2384638E-0001   0.3892432E+0000  -0.1770922E+0003
     4.30400   0.5609999E+0000   0.1308085E+0001   0.2164955E+0002   0.6800209E-0002   0.2352058E-0001   0.3863565E+0000  -0.1771084E+0003
     4.31200   0.5713724E+0000   0.1296565E+0001   0.2165231E+0002   0.6985316E-0002   0.2313841E-0001   0.3840927E+0000  -0.1771310E+0003
     4.32000   0.5815524E+0000   0.1272494E+0001   0.2165442E+0002   0.7165900E-0002   0.2257291E-0001   0.3835417E+0000  -0.1771484E+0003
     4.32800   0.5914255E+0000   0.1234139E+0001   0.2165521E+0002   0.7340772E-0002   0.2185899E-0001   0.3850444E+0000  -0.1771553E+0003
     4.33600   0.6009557E+0000   0.1191273E+0001   0.2165509E+0002   0.7510225E-0002   0.2118165E-0001   0.3880525E+0000  -0.1771547E+0003
     4.34400   0.6102209E+0000   0.1158159E+0001   0.2165494E+0002   0.7676256E-0002   0.2075386E-0001   0.3914454E+0000  -0.1771540E+0003
     4.35200   0.6193683E+0000   0.1143420E+0001   0.2165545E+0002   0.7841608E-0002   0.2066902E-0001   0.3941250E+0000  -0.1771586E+0003
     4.36000   0.6285205E+0000   0.1144023E+0001   0.2165666E+0002   0.8008176E-0002   0.2082100E-0001   0.3954713E+0000  -0.1771689E+0003
     4.36800   0.6376994E+0000   0.1147368E+0001   0.2165815E+0002   0.8175792E-0002   0.2095204E-0001   0.3954480E+0000  -0.1771814E+0003
     4.37600   0.6468171E+0000   0.1139713E+0001   0.2165950E+0002   0.8342269E-0002   0.2080959E-0001   0.3944994E+0000  -0.1771924E+0003
     4.38400   0.6557373E+0000   0.1115026E+0001   0.2166057E+0002   0.8504739E-0002   0.2030874E-0001   0.3934238E+0000  -0.1772012E+0003
     4.39200   0.6643650E+0000   0.1078452E+0001   0.2166154E+0002   0.8661443E-0002   0.1958807E-0001   0.3932138E+0000  -0.1772092E+0003
     4.40000   0.6727052E+0000   0.1042529E+0001   0.2166262E+0002   0.8812841E-0002   0.1892464E-0001   0.3947389E+0000  -0.1772185E+0003
     4.40800   0.6808579E+0000   0.1019094E+0001   0.2166383E+0002   0.8961401E-0002   0.1857006E-0001   0.3982813E+0000  -0.1772291E+0003
     4.41600   0.6889561E+0000   0.1012263E+0001   0.2166496E+0002   0.9110282E-0002   0.1861008E-0001   0.4031973E+0000  -0.1772392E+0003
     4.42400   0.6970892E+0000   0.1016648E+0001   0.2166579E+0002   0.9261645E-0002   0.1892041E-0001   0.4080315E+0000  -0.1772470E+0003
     4.43200   0.7052598E+0000   0.1021317E+0001   0.2166637E+0002   0.9415521E-0002   0.1923445E-0001   0.4111372E+0000  -0.1772522E+0003
     4.44000   0.7133918E+0000   0.1016508E+0001   0.2166697E+0002   0.9569833E-0002   0.1928909E-0001   0.4115512E+0000  -0.1772573E+0003
     4.44800   0.7213830E+0000   0.9988980E+0000   0.2166796E+0002   0.9721621E-0002   0.1897347E-0001   0.4096800E+0000  -0.1772653E+0003
     4.45600   0.7291644E+0000   0.9726684E+0000   0.2166946E+0002   0.9868744E-0002   0.1839042E-0001   0.4073208E+0000  -0.1772774E+0003
     4.46400   0.7367355E+0000   0.9463871E+0000   0.2167119E+0002   0.1001106E-0001   0.1778924E-0001   0.4067961E+0000  -0.1772918E+0003
     4.47200   0.7441593E+0000   0.9279820E+0000   0.2167263E+0002   0.1015041E-0001   0.1741941E-0001   0.4095861E+0000  -0.1773042E+0003
     4.48000   0.7515251E+0000   0.9207169E+0000   0.2167333E+0002   0.1028962E-0001   0.1740042E-0001   0.4153362E+0000  -0.1773109E+0003
     4.48800   0.7589016E+0000   0.9220609E+0000   0.2167330E+0002   0.1043098E-0001   0.1766989E-0001   0.4219333E+0000  -0.1773117E+0003
     4.49600   0.7663063E+0000   0.9255903E+0000   0.2167304E+0002   0.1057513E-0001   0.1801928E-0001   0.4266136E+0000  -0.1773103E+0003
     4.50400   0.7737029E+0000   0.9245817E+0000   0.2167324E+0002   0.1072073E-0001   0.1819953E-0001   0.4274753E+0000  -0.1773121E+0003
     4.51200   0.7810258E+0000   0.9153613E+0000   0.2167431E+0002   0.1086516E-0001   0.1805426E-0001   0.4246059E+0000  -0.1773206E+0003
     4.52000   0.7882166E+0000   0.8988406E+0000   0.2167609E+0002   0.1100603E-0001   0.1760855E-0001   0.4201955E+0000  -0.1773347E+0003
     4.52800   0.7952539E+0000   0.8796728E+0000   0.2167793E+0002   0.1114245E-0001   0.1705264E-0001   0.4174347E+0000  -0.1773495E+0003
     4.53600   0.8021629E+0000   0.8636209E+0000   0.2167910E+0002   0.1127549E-0001   0.1663007E-0001   0.4186916E+0000  -0.1773595E+0003
     4.54400   0.8089992E+0000   0.8545430E+0000   0.2167929E+0002   0.1140752E-0001   0.1650391E-0001   0.4240541E+0000  -0.1773619E+0003
     4.55200   0.8158194E+0000   0.8525233E+0000   0.2167879E+0002   0.1154093E-0001   0.1667564E-0001   0.4312187E+0000  -0.1773590E+0003
     4.56000   0.8226518E+0000   0.8540496E+0000   0.2167835E+0002   0.1167683E-0001   0.1698813E-0001   0.4368304E+0000  -0.1773562E+0003
     4.56800   0.8294843E+0000   0.8540624E+0000   0.2167863E+0002   0.1181451E-0001   0.1720982E-0001   0.4384473E+0000  -0.1773588E+0003
     4.57600   0.8362742E+0000   0.8487280E+0000   0.2167982E+0002   0.1195183E-0001   0.1716541E-0001   0.4359781E+0000  -0.1773684E+0003
     4.58400   0.8429736E+0000   0.8374355E+0000   0.2168151E+0002   0.1208656E-0001   0.1684071E-0001   0.4317526E+0000  -0.1773818E+0003
     4.59200   0.8495574E+0000   0.8229698E+0000   0.2168295E+0002   0.1221766E-0001   0.1638812E-0001   0.4291201E+0000  -0.1773933E+0003
     4.60000   0.8560359E+0000   0.8098174E+0000   0.2168354E+0002   0.1234588E-0001   0.1602683E-0001   0.4303681E+0000  -0.1773984E+0003
     4.60800   0.8624486E+0000   0.8015821E+0000   0.2168325E+0002   0.1247316E-0001   0.1590955E-0001   0.4352996E+0000  -0.1773968E+0003
     4.61600   0.8688403E+0000   0.7989597E+0000   0.2168259E+0002   0.1260147E-0001   0.1603942E-0001   0.4414345E+0000  -0.1773924E+0003
     4.62400   0.8752356E+0000   0.7994110E+0000   0.2168231E+0002   0.1273167E-0001   0.1627516E-0001   0.4456573E+0000  -0.1773907E+0003
     4.63200   0.8816253E+0000   0.7987150E+0000   0.2168286E+0002   0.1286301E-0001   0.1641676E-0001   0.4461733E+0000  -0.1773954E+0003
     4.64000   0.8879733E+0000   0.7935048E+0000   0.2168414E+0002   0.1299363E-0001   0.1632814E-0001   0.4435557E+0000  -0.1774056E+0003
     4.64800   0.8942396E+0000   0.7832870E+0000   0.2168556E+0002   0.1312181E-0001   0.1602237E-0001   0.4403022E+0000  -0.1774169E+0003
     4.65600   0.9004053E+0000   0.7707083E+0000   0.2168644E+0002   0.1324700E-0001   0.1564841E-0001   0.4392021E+0000  -0.1774241E+0003
     4.66400   0.9064842E+0000   0.7598701E+0000   0.2168649E+0002   0.1337011E-0001   0.1538918E-0001   0.4415513E+0000  -0.1774249E+0003
     4.67200   0.9125140E+0000   0.7537173E+0000   0.2168596E+0002   0.1349288E-0001   0.1534619E-0001   0.4463996E+0000  -0.1774213E+0003
     4.68000   0.9185313E+0000   0.7521613E+0000   0.2168548E+0002   0.1361675E-0001   0.1548304E-0001   0.4513079E+0000  -0.1774182E+0003
     4.68800   0.9245487E+0000   0.7521745E+0000   0.2168562E+0002   0.1374198E-0001   0.1565390E-0001   0.4540154E+0000  -0.1774198E+0003
     4.69600   0.9305472E+0000   0.7498185E+0000   0.2168649E+0002   0.1386756E-0001   0.1569838E-0001   0.4538637E+0000  -0.1774270E+0003
     4.70400   0.9364901E+0000   0.7428622E+0000   0.2168769E+0002   0.1399194E-0001   0.1554692E-0001   0.4521125E+0000  -0.1774367E+0003
     4.71200   0.9423479E+0000   0.7322230E+0000   0.2168863E+0002   0.1411405E-0001   0.1526429E-0001   0.4510163E+0000  -0.1774443E+0003
     4.72000   0.9481179E+0000   0.7212520E+0000   0.2168893E+0002   0.1423404E-0001   0.1499848E-0001   0.4522842E+0000  -0.1774470E+0003
     4.72800   0.9538249E+0000   0.7133773E+0000   0.2168866E+0002   0.1435305E-0001   0.1487622E-0001   0.4559691E+0000  -0.1774454E+0003
     4.73600   0.9595030E+0000   0.7097632E+0000   0.2168829E+0002   0.1447242E-0001   0.1492163E-0001   0.4605480E+0000  -0.1774432E+0003
     4.74400   0.9651720E+0000   0.7086142E+0000   0.2168832E+0002   0.1459280E-0001   0.1504733E-0001   0.4640754E+0000  -0.1774441E+0003
     4.75200   0.9708245E+0000   0.7065668E+0000   0.2168896E+0002   0.1471375E-0001   0.1511875E-0001   0.4655303E+0000  -0.1774497E+0003
     4.76000   0.9764335E+0000   0.7011202E+0000   0.2168998E+0002   0.1483414E-0001   0.1504879E-0001   0.4654428E+0000  -0.1774581E+0003
     4.76800   0.9819722E+0000   0.6923470E+0000   0.2169090E+0002   0.1495300E-0001   0.1485700E-0001   0.4654340E+0000  -0.1774658E+0003
     4.77600   0.9874338E+0000   0.6826961E+0000   0.2169138E+0002   0.1507019E-0001   0.1464900E-0001   0.4670293E+0000  -0.1774701E+0003
     4.78400   0.9928347E+0000   0.6751090E+0000   0.2169140E+0002   0.1518647E-0001   0.1453553E-0001   0.4705955E+0000  -0.1774709E+0003
     4.79200   0.9982017E+0000   0.6708811E+0000   0.2169128E+0002   0.1530291E-0001   0.1455478E-0001   0.4751667E+0000  -0.1774707E+0003
     4.80000   0.1003552E+0001   0.6688242E+0000   0.2169141E+0002   0.1542012E-0001   0.1465119E-0001   0.4792317E+0000  -0.1774726E+0003
     4.80800   0.1008883E+0001   0.6662785E+0000   0.2169200E+0002   0.1553788E-0001   0.1472019E-0001   0.4818394E+0000  -0.1774780E+0003
     4.81600   0.1014172E+0001   0.6611464E+0000   0.2169291E+0002   0.1565537E-0001   0.1468589E-0001   0.4832209E+0000  -0.1774857E+0003
     4.82400   0.1019399E+0001   0.6534067E+0000   0.2169377E+0002   0.1577181E-0001   0.1455498E-0001   0.4845413E+0000  -0.1774932E+0003
     4.83200   0.1024559E+0001   0.6450172E+0000   0.2169432E+0002   0.1588707E-0001   0.1440678E-0001   0.4870081E+0000  -0.1774982E+0003
     4.84000   0.1029666E+0001   0.6383514E+0000   0.2169450E+0002   0.1600171E-0001   0.1433013E-0001   0.4910085E+0000  -0.1775005E+0003
     4.84800   0.1034741E+0001   0.6344055E+0000   0.2169458E+0002   0.1611657E-0001   0.1435841E-0001   0.4959042E+0000  -0.1775020E+0003
     4.85600   0.1039798E+0001   0.6321299E+0000   0.2169485E+0002   0.1623217E-0001   0.1444950E-0001   0.5005853E+0000  -0.1775052E+0003
     4.86400   0.1044833E+0001   0.6293385E+0000   0.2169547E+0002   0.1634834E-0001   0.1452131E-0001   0.5043058E+0000  -0.1775111E+0003
     4.87200   0.1049828E+0001   0.6244353E+0000   0.2169636E+0002   0.1646446E-0001   0.1451484E-0001   0.5071791E+0000  -0.1775190E+0003
     4.88000   0.1054769E+0001   0.6176034E+0000   0.2169722E+0002   0.1657996E-0001   0.1443724E-0001   0.5100127E+0000  -0.1775268E+0003
     4.88800   0.1059654E+0001   0.6105685E+0000   0.2169785E+0002   0.1669477E-0001   0.1435196E-0001   0.5136532E+0000  -0.1775327E+0003
     4.89600   0.1064495E+0001   0.6051827E+0000   0.2169820E+0002   0.1680938E-0001   0.1432649E-0001   0.5183547E+0000  -0.1775366E+0003
     4.90400   0.1069311E+0001   0.6019790E+0000   0.2169847E+0002   0.1692443E-0001   0.1438085E-0001   0.5236442E+0000  -0.1775399E+0003
     4.91200   0.1074110E+0001   0.5998252E+0000   0.2169888E+0002   0.1704024E-0001   0.1447545E-0001   0.5287436E+0000  -0.1775443E+0003
     4.92000   0.1078885E+0001   0.5969013E+0000   0.2169954E+0002   0.1715659E-0001   0.1454489E-0001   0.5331793E+0000  -0.1775508E+0003
     4.92800   0.1083622E+0001   0.5921734E+0000   0.2170037E+0002   0.1727300E-0001   0.1455029E-0001   0.5371089E+0000  -0.1775585E+0003
     4.93600   0.1088312E+0001   0.5861800E+0000   0.2170118E+0002   0.1738907E-0001   0.1450862E-0001   0.5411483E+0000  -0.1775660E+0003
     4.94400   0.1092956E+0001   0.5805388E+0000   0.2170181E+0002   0.1750488E-0001   0.1447652E-0001   0.5458640E+0000  -0.1775722E+0003
     4.95200   0.1097569E+0001   0.5766209E+0000   0.2170225E+0002   0.1762091E-0001   0.1450371E-0001   0.5513436E+0000  -0.1775771E+0003
     4.96000   0.1102165E+0001   0.5744829E+0000   0.2170265E+0002   0.1773766E-0001   0.1459468E-0001   0.5571734E+0000  -0.1775817E+0003
     4.96800   0.1106748E+0001   0.5728923E+0000   0.2170317E+0002   0.1785533E-0001   0.1470790E-0001   0.5628036E+0000  -0.1775872E+0003
     4.97600   0.1111311E+0001   0.5703726E+0000   0.2170385E+0002   0.1797365E-0001   0.1479083E-0001   0.5679808E+0000  -0.1775940E+0003
     4.98400   0.1115842E+0001   0.5663847E+0000   0.2170462E+0002   0.1809223E-0001   0.1482205E-0001   0.5729082E+0000  -0.1776015E+0003
     4.99200   0.1120336E+0001   0.5617000E+0000   0.2170535E+0002   0.1821084E-0001   0.1482646E-0001   0.5780327E+0000  -0.1776087E+0003
     5.00000   0.1124797E+0001   0.5577138E+0000   0.2170594E+0002   0.1832966E-0001   0.1485241E-0001   0.5836531E+0000  -0.1776149E+0003
     5.00800   0.1129240E+0001   0.5553064E+0000   0.2170641E+0002   0.1844912E-0001   0.1493169E-0001   0.5896773E+0000  -0.1776202E+0003
     5.01600   0.1133673E+0001   0.5541845E+0000   0.2170687E+0002   0.1856956E-0001   0.1505500E-0001   0.5957135E+0000  -0.1776254E+0003
     5.02400   0.1138099E+0001   0.5531923E+0000   0.2170741E+0002   0.1869101E-0001   0.1518156E-0001   0.6013961E+0000  -0.1776312E+0003
     5.03200   0.1142509E+0001   0.5512853E+0000   0.2170805E+0002   0.1881319E-0001   0.1527316E-0001   0.6066697E+0000  -0.1776377E+0003
     5.04000   0.1146896E+0001   0.5483501E+0000   0.2170872E+0002   0.1893579E-0001   0.1532461E-0001   0.6118088E+0000  -0.1776445E+0003
     5.04800   0.1151258E+0001   0.5452333E+0000   0.2170933E+0002   0.1905872E-0001   0.1536611E-0001   0.6171750E+0000  -0.1776509E+0003
     5.05600   0.1155602E+0001   0.5430128E+0000   0.2170984E+0002   0.1918222E-0001   0.1543732E-0001   0.6229179E+0000  -0.1776565E+0003
     5.06400   0.1159939E+0001   0.5421380E+0000   0.2171026E+0002   0.1930666E-0001   0.1555550E-0001   0.6288612E+0000  -0.1776614E+0003
     5.07200   0.1164276E+0001   0.5421250E+0000   0.2171068E+0002   0.1943229E-0001   0.1570324E-0001   0.6346541E+0000  -0.1776663E+0003
     5.08000   0.1168612E+0001   0.5420019E+0000   0.2171114E+0002   0.1955904E-0001   0.1584399E-0001   0.6400476E+0000  -0.1776715E+0003
     5.08800   0.1172941E+0001   0.5410973E+0000   0.2171167E+0002   0.1968665E-0001   0.1595162E-0001   0.6450737E+0000  -0.1776771E+0003
     5.09600   0.1177257E+0001   0.5395313E+0000   0.2171220E+0002   0.1981489E-0001   0.1602997E-0001   0.6499937E+0000  -0.1776827E+0003
     5.10400   0.1181561E+0001   0.5380484E+0000   0.2171266E+0002   0.1994375E-0001   0.1610745E-0001   0.6550704E+0000  -0.1776879E+0003
     5.11200   0.1185860E+0001   0.5373789E+0000   0.2171304E+0002   0.2007345E-0001   0.1621271E-0001   0.6603524E+0000  -0.1776923E+0003
     5.12000   0.1190162E+0001   0.5376645E+0000   0.2171335E+0002   0.2020427E-0001   0.1635184E-0001   0.6656405E+0000  -0.1776962E+0003
     5.12800   0.1194469E+0001   0.5383917E+0000   0.2171365E+0002   0.2033631E-0001   0.1650484E-0001   0.6706518E+0000  -0.1777000E+0003
     5.13600   0.1198780E+0001   0.5388439E+0000   0.2171400E+0002   0.2046945E-0001   0.1664283E-0001   0.6752411E+0000  -0.1777041E+0003
     5.14400   0.1203089E+0001   0.5386781E+0000   0.2171438E+0002   0.2060346E-0001   0.1675130E-0001   0.6795037E+0000  -0.1777084E+0003
     5.15200   0.1207394E+0001   0.5381631E+0000   0.2171476E+0002   0.2073818E-0001   0.1684063E-0001   0.6836875E+0000  -0.1777126E+0003
     5.16000   0.1211698E+0001   0.5379166E+0000   0.2171506E+0002   0.2087368E-0001   0.1693627E-0001   0.6879888E+0000  -0.1777163E+0003
     5.16800   0.1216005E+0001   0.5383823E+0000   0.2171529E+0002   0.2101013E-0001   0.1705733E-0001   0.6923996E+0000  -0.1777194E+0003
     5.17600   0.1220321E+0001   0.5394751E+0000   0.2171547E+0002   0.2114774E-0001   0.1720135E-0001   0.6967222E+0000  -0.1777220E+0003
     5.18400   0.1224646E+0001   0.5406666E+0000   0.2171566E+0002   0.2128652E-0001   0.1734682E-0001   0.7007314E+0000  -0.1777247E+0003
     5.19200   0.1228977E+0001   0.5414188E+0000   0.2171589E+0002   0.2142629E-0001   0.1747077E-0001   0.7043506E+0000  -0.1777276E+0003
     5.20000   0.1233310E+0001   0.5416063E+0000   0.2171615E+0002   0.2156682E-0001   0.1756689E-0001   0.7077052E+0000  -0.1777307E+0003
     5.20800   0.1237643E+0001   0.5415915E+0000   0.2171639E+0002   0.2170802E-0001   0.1764986E-0001   0.7110165E+0000  -0.1777336E+0003
     5.21600   0.1241978E+0001   0.5419098E+0000   0.2171657E+0002   0.2184996E-0001   0.1774267E-0001   0.7144267E+0000  -0.1777360E+0003
     5.22400   0.1246321E+0001   0.5428273E+0000   0.2171669E+0002   0.2199282E-0001   0.1785781E-0001   0.7178934E+0000  -0.1777379E+0003
     5.23200   0.1250674E+0001   0.5441274E+0000   0.2171679E+0002   0.2213672E-0001   0.1798734E-0001   0.7212341E+0000  -0.1777397E+0003
     5.24000   0.1255036E+0001   0.5452863E+0000   0.2171693E+0002   0.2228160E-0001   0.1810944E-0001   0.7242784E+0000  -0.1777417E+0003
     5.24800   0.1259403E+0001   0.5458865E+0000   0.2171712E+0002   0.2242724E-0001   0.1820579E-0001   0.7270064E+0000  -0.1777441E+0003
     5.25600   0.1263771E+0001   0.5459349E+0000   0.2171733E+0002   0.2257345E-0001   0.1827582E-0001   0.7295669E+0000  -0.1777465E+0003
     5.26400   0.1268137E+0001   0.5458371E+0000   0.2171751E+0002   0.2272014E-0001   0.1833672E-0001   0.7321683E+0000  -0.1777487E+0003
     5.27200   0.1272506E+0001   0.5460599E+0000   0.2171761E+0002   0.2286742E-0001   0.1840947E-0001   0.7349283E+0000  -0.1777504E+0003
     5.28000   0.1276880E+0001   0.5467569E+0000   0.2171768E+0002   0.2301544E-0001   0.1850236E-0001   0.7378004E+0000  -0.1777517E+0003
     5.28800   0.1281261E+0001   0.5476526E+0000   0.2171774E+0002   0.2316428E-0001   0.1860504E-0001   0.7406278E+0000  -0.1777531E+0003
     5.29600   0.1285647E+0001   0.5482667E+0000   0.2171786E+0002   0.2331386E-0001   0.1869722E-0001   0.7432780E+0000  -0.1777548E+0003
     5.30400   0.1290034E+0001   0.5482918E+0000   0.2171803E+0002   0.2346398E-0001   0.1876489E-0001   0.7457511E+0000  -0.1777570E+0003
     5.31200   0.1294416E+0001   0.5478239E+0000   0.2171821E+0002   0.2361446E-0001   0.1881111E-0001   0.7481821E+0000  -0.1777592E+0003
     5.32000   0.1298794E+0001   0.5472717E+0000   0.2171836E+0002   0.2376529E-0001   0.1885325E-0001   0.7507383E+0000  -0.1777611E+0003
     5.32800   0.1303171E+0001   0.5470266E+0000   0.2171845E+0002   0.2391656E-0001   0.1890906E-0001   0.7534934E+0000  -0.1777627E+0003
     5.33600   0.1307548E+0001   0.5471595E+0000   0.2171853E+0002   0.2406843E-0001   0.1898299E-0001   0.7563756E+0000  -0.1777641E+0003
     5.34400   0.1311927E+0001   0.5473761E+0000   0.2171863E+0002   0.2422093E-0001   0.1906307E-0001   0.7592274E+0000  -0.1777658E+0003
     5.35200   0.1316305E+0001   0.5472527E+0000   0.2171880E+0002   0.2437398E-0001   0.1913054E-0001   0.7619311E+0000  -0.1777680E+0003
     5.36000   0.1320677E+0001   0.5465607E+0000   0.2171902E+0002   0.2452737E-0001   0.1917424E-0001   0.7645034E+0000  -0.1777706E+0003
     5.36800   0.1325041E+0001   0.5454242E+0000   0.2171923E+0002   0.2468096E-0001   0.1919878E-0001   0.7670920E+0000  -0.1777731E+0003
     5.37600   0.1329394E+0001   0.5442028E+0000   0.2171941E+0002   0.2483472E-0001   0.1922046E-0001   0.7698746E+0000  -0.1777754E+0003
     5.38400   0.1333740E+0001   0.5432012E+0000   0.2171955E+0002   0.2498876E-0001   0.1925452E-0001   0.7729390E+0000  -0.1777775E+0003
     5.39200   0.1338079E+0001   0.5424392E+0000   0.2171969E+0002   0.2514319E-0001   0.1930391E-0001   0.7762292E+0000  -0.1777796E+0003
     5.40000   0.1342413E+0001   0.5416508E+0000   0.2171986E+0002   0.2529805E-0001   0.1935779E-0001   0.7795985E+0000  -0.1777821E+0003
     5.40800   0.1346737E+0001   0.5405017E+0000   0.2172009E+0002   0.2545326E-0001   0.1940041E-0001   0.7829238E+0000  -0.1777850E+0003
     5.41600   0.1351047E+0001   0.5388475E+0000   0.2172035E+0002   0.2560864E-0001   0.1942333E-0001   0.7861978E+0000  -0.1777881E+0003
     5.42400   0.1355342E+0001   0.5368377E+0000   0.2172060E+0002   0.2576410E-0001   0.1943158E-0001   0.7895330E+0000  -0.1777912E+0003
     5.43200   0.1359621E+0001   0.5347957E+0000   0.2172082E+0002   0.2591961E-0001   0.1943956E-0001   0.7930769E+0000  -0.1777941E+0003
     5.44000   0.1363884E+0001   0.5329789E+0000   0.2172100E+0002   0.2607530E-0001   0.1946028E-0001   0.7969054E+0000  -0.1777968E+0003
     5.44800   0.1368136E+0001   0.5314012E+0000   0.2172118E+0002   0.2623126E-0001   0.1949618E-0001   0.8009723E+0000  -0.1777996E+0003
     5.45600   0.1372374E+0001   0.5298446E+0000   0.2172140E+0002   0.2638757E-0001   0.1953811E-0001   0.8051489E+0000  -0.1778026E+0003
     5.46400   0.1376599E+0001   0.5280374E+0000   0.2172165E+0002   0.2654415E-0001   0.1957281E-0001   0.8093180E+0000  -0.1778060E+0003
     5.47200   0.1380805E+0001   0.5258594E+0000   0.2172192E+0002   0.2670089E-0001   0.1959278E-0001   0.8134505E+0000  -0.1778096E+0003
     5.48000   0.1384993E+0001   0.5234253E+0000   0.2172219E+0002   0.2685771E-0001   0.1960142E-0001   0.8176098E+0000  -0.1778131E+0003
     5.48800   0.1389161E+0001   0.5209952E+0000   0.2172242E+0002   0.2701459E-0001   0.1960994E-0001   0.8218847E+0000  -0.1778163E+0003
     5.49600   0.1393311E+0001   0.5187887E+0000   0.2172263E+0002   0.2717162E-0001   0.1962878E-0001   0.8263047E+0000  -0.1778195E+0003
     5.50400   0.1397446E+0001   0.5168376E+0000   0.2172283E+0002   0.2732889E-0001   0.1965993E-0001   0.8308031E+0000  -0.1778226E+0003
     5.51200   0.1401566E+0001   0.5149764E+0000   0.2172305E+0002   0.2748646E-0001   0.1969559E-0001   0.8352521E+0000  -0.1778259E+0003
     5.52000   0.1405669E+0001   0.5129675E+0000   0.2172330E+0002   0.2764425E-0001   0.1972362E-0001   0.8395421E+0000  -0.1778293E+0003
     5.52800   0.1409755E+0001   0.5106673E+0000   0.2172356E+0002   0.2780214E-0001   0.1973580E-0001   0.8436455E+0000  -0.1778328E+0003
     5.53600   0.1413820E+0001   0.5081195E+0000   0.2172382E+0002   0.2796000E-0001   0.1973308E-0001   0.8476211E+0000  -0.1778362E+0003
     5.54400   0.1417864E+0001   0.5055176E+0000   0.2172406E+0002   0.2811779E-0001   0.1972432E-0001   0.8515579E+0000  -0.1778395E+0003
     5.55200   0.1421888E+0001   0.5030686E+0000   0.2172428E+0002   0.2827555E-0001   0.1971971E-0001   0.8555013E+0000  -0.1778426E+0003
     5.56000   0.1425895E+0001   0.5008509E+0000   0.2172449E+0002   0.2843334E-0001   0.1972349E-0001   0.8594133E+0000  -0.1778457E+0003
     5.56800   0.1429885E+0001   0.4987612E+0000   0.2172471E+0002   0.2859119E-0001   0.1973082E-0001   0.8631923E+0000  -0.1778488E+0003
     5.57600   0.1433858E+0001   0.4965848E+0000   0.2172495E+0002   0.2874903E-0001   0.1973090E-0001   0.8667352E+0000  -0.1778520E+0003
     5.58400   0.1437811E+0001   0.4941414E+0000   0.2172522E+0002   0.2890675E-0001   0.1971419E-0001   0.8699967E+0000  -0.1778552E+0003
     5.59200   0.1441742E+0001   0.4914097E+0000   0.2172549E+0002   0.2906418E-0001   0.1967874E-0001   0.8730066E+0000  -0.1778585E+0003
     5.60000   0.1445651E+0001   0.4885444E+0000   0.2172575E+0002   0.2922123E-0001   0.1963143E-0001   0.8758374E+0000  -0.1778617E+0003
     5.60800   0.1449537E+0001   0.4857709E+0000   0.2172600E+0002   0.2937789E-0001   0.1958304E-0001   0.8785459E+0000  -0.1778646E+0003
     5.61600   0.1453403E+0001   0.4832253E+0000   0.2172622E+0002   0.2953422E-0001   0.1954044E-0001   0.8811311E+0000  -0.1778673E+0003
     5.62400   0.1457250E+0001   0.4808519E+0000   0.2172643E+0002   0.2969023E-0001   0.1950148E-0001   0.8835342E+0000  -0.1778699E+0003
     5.63200   0.1461077E+0001   0.4784354E+0000   0.2172665E+0002   0.2984588E-0001   0.1945621E-0001   0.8856796E+0000  -0.1778724E+0003
     5.64000   0.1464883E+0001   0.4757523E+0000   0.2172686E+0002   0.3000103E-0001   0.1939389E-0001   0.8875257E+0000  -0.1778749E+0003
     5.64800   0.1468665E+0001   0.4727350E+0000   0.2172708E+0002   0.3015552E-0001   0.1931086E-0001   0.8890944E+0000  -0.1778772E+0003
     5.65600   0.1472421E+0001   0.4695277E+0000   0.2172728E+0002   0.3030922E-0001   0.1921355E-0001   0.8904584E+0000  -0.1778793E+0003
     5.66400   0.1476152E+0001   0.4663833E+0000   0.2172745E+0002   0.3046214E-0001   0.1911398E-0001   0.8916987E+0000  -0.1778812E+0003
     5.67200   0.1479860E+0001   0.4634729E+0000   0.2172759E+0002   0.3061430E-0001   0.1902102E-0001   0.8928603E+0000  -0.1778828E+0003
     5.68000   0.1483546E+0001   0.4607494E+0000   0.2172773E+0002   0.3076577E-0001   0.1893375E-0001   0.8939344E+0000  -0.1778842E+0003
     5.68800   0.1487210E+0001   0.4579730E+0000   0.2172786E+0002   0.3091651E-0001   0.1884218E-0001   0.8948786E+0000  -0.1778857E+0003
     5.69600   0.1490849E+0001   0.4548874E+0000   0.2172802E+0002   0.3106639E-0001   0.1873488E-0001   0.8956576E+0000  -0.1778872E+0003
     5.70400   0.1494460E+0001   0.4514163E+0000   0.2172817E+0002   0.3121525E-0001   0.1860798E-0001   0.8962761E+0000  -0.1778887E+0003
     5.71200   0.1498042E+0001   0.4477266E+0000   0.2172831E+0002   0.3136300E-0001   0.1846850E-0001   0.8967816E+0000  -0.1778900E+0003
     5.72000   0.1501595E+0001   0.4441075E+0000   0.2172841E+0002   0.3150964E-0001   0.1832943E-0001   0.8972339E+0000  -0.1778910E+0003
     5.72800   0.1505121E+0001   0.4407526E+0000   0.2172848E+0002   0.3165524E-0001   0.1820005E-0001   0.8976660E+0000  -0.1778918E+0003
     5.73600   0.1508622E+0001   0.4376142E+0000   0.2172853E+0002   0.3179987E-0001   0.1807910E-0001   0.8980624E+0000  -0.1778924E+0003
     5.74400   0.1512097E+0001   0.4344428E+0000   0.2172859E+0002   0.3194352E-0001   0.1795596E-0001   0.8983720E+0000  -0.1778929E+0003
     5.75200   0.1515545E+0001   0.4309813E+0000   0.2172865E+0002   0.3208607E-0001   0.1781899E-0001   0.8985461E+0000  -0.1778935E+0003
     5.76000   0.1518963E+0001   0.4271649E+0000   0.2172871E+0002   0.3222739E-0001   0.1766458E-0001   0.8985744E+0000  -0.1778940E+0003
     5.76800   0.1522348E+0001   0.4231703E+0000   0.2172874E+0002   0.3236739E-0001   0.1749989E-0001   0.8984939E+0000  -0.1778942E+0003
     5.77600   0.1525702E+0001   0.4192791E+0000   0.2172874E+0002   0.3250609E-0001   0.1733739E-0001   0.8983640E+0000  -0.1778942E+0003
     5.78400   0.1529027E+0001   0.4156647E+0000   0.2172871E+0002   0.3264357E-0001   0.1718545E-0001   0.8982277E+0000  -0.1778939E+0003
     5.79200   0.1532326E+0001   0.4122673E+0000   0.2172867E+0002   0.3277991E-0001   0.1704242E-0001   0.8980846E+0000  -0.1778935E+0003
     5.80000   0.1535596E+0001   0.4088504E+0000   0.2172863E+0002   0.3291510E-0001   0.1689851E-0001   0.8978967E+0000  -0.1778931E+0003
     5.80800   0.1538838E+0001   0.4051899E+0000   0.2172860E+0002   0.3304905E-0001   0.1674375E-0001   0.8976206E+0000  -0.1778927E+0003
     5.81600   0.1542048E+0001   0.4012451E+0000   0.2172855E+0002   0.3318165E-0001   0.1657566E-0001   0.8972404E+0000  -0.1778922E+0003
     5.82400   0.1545225E+0001   0.3971827E+0000   0.2172849E+0002   0.3331286E-0001   0.1640093E-0001   0.8967789E+0000  -0.1778916E+0003
     5.83200   0.1548371E+0001   0.3932429E+0000   0.2172840E+0002   0.3344270E-0001   0.1622994E-0001   0.8962784E+0000  -0.1778906E+0003
     5.84000   0.1551488E+0001   0.3895567E+0000   0.2172828E+0002   0.3357125E-0001   0.1606889E-0001   0.8957667E+0000  -0.1778895E+0003
     5.84800   0.1554576E+0001   0.3860544E+0000   0.2172816E+0002   0.3369857E-0001   0.1591542E-0001   0.8952352E+0000  -0.1778883E+0003
     5.85600   0.1557636E+0001   0.3825285E+0000   0.2172804E+0002   0.3382466E-0001   0.1576079E-0001   0.8946462E+0000  -0.1778871E+0003
     5.86400   0.1560667E+0001   0.3787941E+0000   0.2172793E+0002   0.3394943E-0001   0.1559674E-0001   0.8939621E+0000  -0.1778859E+0003
     5.87200   0.1563665E+0001   0.3748230E+0000   0.2172781E+0002   0.3407281E-0001   0.1542151E-0001   0.8931761E+0000  -0.1778847E+0003
     5.88000   0.1566631E+0001   0.3707542E+0000   0.2172768E+0002   0.3419473E-0001   0.1524078E-0001   0.8923194E+0000  -0.1778833E+0003
     5.88800   0.1569566E+0001   0.3667831E+0000   0.2172753E+0002   0.3431524E-0001   0.1506317E-0001   0.8914411E+0000  -0.1778818E+0003
     5.89600   0.1572470E+0001   0.3630186E+0000   0.2172737E+0002   0.3443439E-0001   0.1489399E-0001   0.8905748E+0000  -0.1778801E+0003
     5.90400   0.1575345E+0001   0.3594135E+0000   0.2172720E+0002   0.3455224E-0001   0.1473186E-0001   0.8897183E+0000  -0.1778784E+0003
     5.91200   0.1578192E+0001   0.3558120E+0000   0.2172703E+0002   0.3466881E-0001   0.1457033E-0001   0.8888378E+0000  -0.1778767E+0003
     5.92000   0.1581008E+0001   0.3520704E+0000   0.2172687E+0002   0.3478403E-0001   0.1440296E-0001   0.8878946E+0000  -0.1778750E+0003
     5.92800   0.1583793E+0001   0.3481600E+0000   0.2172672E+0002   0.3489785E-0001   0.1422798E-0001   0.8868717E+0000  -0.1778734E+0003
     5.93600   0.1586547E+0001   0.3441810E+0000   0.2172657E+0002   0.3501025E-0001   0.1404926E-0001   0.8857817E+0000  -0.1778718E+0003
     5.94400   0.1589269E+0001   0.3402831E+0000   0.2172641E+0002   0.3512123E-0001   0.1387318E-0001   0.8846526E+0000  -0.1778701E+0003
     5.95200   0.1591962E+0001   0.3365558E+0000   0.2172625E+0002   0.3523086E-0001   0.1370383E-0001   0.8835034E+0000  -0.1778684E+0003
     5.96000   0.1594625E+0001   0.3329662E+0000   0.2172609E+0002   0.3533919E-0001   0.1354016E-0001   0.8823300E+0000  -0.1778667E+0003
     5.96800   0.1597260E+0001   0.3293865E+0000   0.2172595E+0002   0.3544620E-0001   0.1337689E-0001   0.8811097E+0000  -0.1778651E+0003
     5.97600   0.1599866E+0001   0.3256874E+0000   0.2172584E+0002   0.3555187E-0001   0.1320846E-0001   0.8798221E+0000  -0.1778637E+0003
     5.98400   0.1602441E+0001   0.3218298E+0000   0.2172573E+0002   0.3565613E-0001   0.1303301E-0001   0.8784666E+0000  -0.1778624E+0003
     5.99200   0.1604984E+0001   0.3178902E+0000   0.2172564E+0002   0.3575896E-0001   0.1285370E-0001   0.8770658E+0000  -0.1778611E+0003
     6.00000   0.1607496E+0001   0.3140032E+0000   0.2172555E+0002   0.3586037E-0001   0.1267633E-0001   0.8756510E+0000  -0.1778599E+0003
     6.00800   0.1609978E+0001   0.3102625E+0000   0.2172547E+0002   0.3596041E-0001   0.1250517E-0001   0.8742419E+0000  -0.1778588E+0003
     6.01600   0.1612431E+0001   0.3066529E+0000   0.2172540E+0002   0.3605913E-0001   0.1233984E-0001   0.8728344E+0000  -0.1778577E+0003
     6.02400   0.1614855E+0001   0.3030623E+0000   0.2172535E+0002   0.3615654E-0001   0.1217576E-0001   0.8714046E+0000  -0.1778568E+0003
     6.03200   0.1617250E+0001   0.2993652E+0000   0.2172533E+0002   0.3625260E-0001   0.1200755E-0001   0.8699249E+0000  -0.1778561E+0003
     6.04000   0.1619615E+0001   0.2955181E+0000   0.2172533E+0002   0.3634726E-0001   0.1183313E-0001   0.8683799E+0000  -0.1778557E+0003
     6.04800   0.1621947E+0001   0.2915946E+0000   0.2172535E+0002   0.3644051E-0001   0.1165529E-0001   0.8667716E+0000  -0.1778553E+0003
     6.05600   0.1624249E+0001   0.2877337E+0000   0.2172538E+0002   0.3653234E-0001   0.1147965E-0001   0.8651135E+0000  -0.1778550E+0003
     6.06400   0.1626521E+0001   0.2840362E+0000   0.2172541E+0002   0.3662283E-0001   0.1131044E-0001   0.8634183E+0000  -0.1778547E+0003
     6.07200   0.1628765E+0001   0.2804871E+0000   0.2172547E+0002   0.3671201E-0001   0.1114721E-0001   0.8616891E+0000  -0.1778546E+0003
     6.08000   0.1630981E+0001   0.2769617E+0000   0.2172555E+0002   0.3679989E-0001   0.1098503E-0001   0.8599192E+0000  -0.1778547E+0003
     6.08800   0.1633168E+0001   0.2733139E+0000   0.2172566E+0002   0.3688643E-0001   0.1081804E-0001   0.8580990E+0000  -0.1778550E+0003
     6.09600   0.1635323E+0001   0.2694826E+0000   0.2172580E+0002   0.3697158E-0001   0.1064376E-0001   0.8562234E+0000  -0.1778556E+0003
     6.10400   0.1637448E+0001   0.2655375E+0000   0.2172596E+0002   0.3705530E-0001   0.1046495E-0001   0.8542951E+0000  -0.1778562E+0003
     6.11200   0.1639541E+0001   0.2616288E+0000   0.2172612E+0002   0.3713760E-0001   0.1028761E-0001   0.8523223E+0000  -0.1778569E+0003
     6.12000   0.1641604E+0001   0.2578787E+0000   0.2172629E+0002   0.3721853E-0001   0.1011666E-0001   0.8503134E+0000  -0.1778577E+0003
     6.12800   0.1643638E+0001   0.2542924E+0000   0.2172648E+0002   0.3729815E-0001   0.9952374E-0002   0.8482718E+0000  -0.1778586E+0003
     6.13600   0.1645644E+0001   0.2507568E+0000   0.2172669E+0002   0.3737648E-0001   0.9790351E-0002   0.8461945E+0000  -0.1778597E+0003
     6.14400   0.1647621E+0001   0.2471256E+0000   0.2172693E+0002   0.3745347E-0001   0.9624858E-0002   0.8440731E+0000  -0.1778610E+0003
     6.15200   0.1649568E+0001   0.2433297E+0000   0.2172718E+0002   0.3752910E-0001   0.9453157E-0002   0.8418969E+0000  -0.1778624E+0003
     6.16000   0.1651483E+0001   0.2394309E+0000   0.2172744E+0002   0.3760332E-0001   0.9277603E-0002   0.8396563E+0000  -0.1778639E+0003
     6.16800   0.1653368E+0001   0.2355818E+0000   0.2172772E+0002   0.3767615E-0001   0.9104050E-0002   0.8373433E+0000  -0.1778654E+0003
     6.17600   0.1655223E+0001   0.2319207E+0000   0.2172799E+0002   0.3774766E-0001   0.8937766E-0002   0.8349507E+0000  -0.1778669E+0003
     6.18400   0.1657051E+0001   0.2284776E+0000   0.2172828E+0002   0.3781789E-0001   0.8779807E-0002   0.8324686E+0000  -0.1778685E+0003
     6.19200   0.1658852E+0001   0.2251568E+0000   0.2172858E+0002   0.3788690E-0001   0.8626360E-0002   0.8298811E+0000  -0.1778702E+0003
     6.20000   0.1660627E+0001   0.2218041E+0000   0.2172891E+0002   0.3795468E-0001   0.8471377E-0002   0.8271664E+0000  -0.1778720E+0003
     6.20800   0.1662373E+0001   0.2183103E+0000   0.2172925E+0002   0.3802116E-0001   0.8310540E-0002   0.8243016E+0000  -0.1778740E+0003
     6.21600   0.1664091E+0001   0.2146761E+0000   0.2172961E+0002   0.3808631E-0001   0.8143764E-0002   0.8212714E+0000  -0.1778761E+0003
     6.22400   0.1665779E+0001   0.2109978E+0000   0.2172999E+0002   0.3815011E-0001   0.7974670E-0002   0.8180762E+0000  -0.1778782E+0003
     6.23200   0.1667438E+0001   0.2073873E+0000   0.2173038E+0002   0.3821257E-0001   0.7807581E-0002   0.8147337E+0000  -0.1778804E+0003
     6.24000   0.1669069E+0001   0.2038866E+0000   0.2173078E+0002   0.3827372E-0001   0.7644290E-0002   0.8112726E+0000  -0.1778826E+0003
     6.24800   0.1670672E+0001   0.2004357E+0000   0.2173119E+0002   0.3833359E-0001   0.7482845E-0002   0.8077197E+0000  -0.1778850E+0003
     6.25600   0.1672248E+0001   0.1969150E+0000   0.2173162E+0002   0.3839214E-0001   0.7319070E-0002   0.8040892E+0000  -0.1778875E+0003
     6.26400   0.1673794E+0001   0.1932294E+0000   0.2173207E+0002   0.3844934E-0001   0.7149658E-0002   0.8003802E+0000  -0.1778901E+0003
     6.27200   0.1675309E+0001   0.1893776E+0000   0.2173253E+0002   0.3850513E-0001   0.6974673E-0002   0.7965843E+0000  -0.1778927E+0003
     6.28000   0.1676792E+0001   0.1854587E+0000   0.2173299E+0002   0.3855951E-0001   0.6797806E-0002   0.7926976E+0000  -0.1778953E+0003
     6.28800   0.1678245E+0001   0.1816151E+0000   0.2173344E+0002   0.3861251E-0001   0.6624302E-0002   0.7887272E+0000  -0.1778979E+0003
     6.29600   0.1679669E+0001   0.1779507E+0000   0.2173390E+0002   0.3866417E-0001   0.6457997E-0002   0.7846874E+0000  -0.1779005E+0003
     6.30400   0.1681065E+0001   0.1744778E+0000   0.2173434E+0002   0.3871457E-0001   0.6299401E-0002   0.7805860E+0000  -0.1779030E+0003
     6.31200   0.1682434E+0001   0.1711256E+0000   0.2173479E+0002   0.3876374E-0001   0.6145952E-0002   0.7764110E+0000  -0.1779055E+0003
     6.32000   0.1683776E+0001   0.1677983E+0000   0.2173524E+0002   0.3881169E-0001   0.5994097E-0002   0.7721278E+0000  -0.1779079E+0003
     6.32800   0.1685091E+0001   0.1644420E+0000   0.2173570E+0002   0.3885842E-0001   0.5841677E-0002   0.7676895E+0000  -0.1779104E+0003
     6.33600   0.1686380E+0001   0.1610745E+0000   0.2173616E+0002   0.3890393E-0001   0.5689037E-0002   0.7630556E+0000  -0.1779129E+0003
     6.34400   0.1687642E+0001   0.1577601E+0000   0.2173663E+0002   0.3894824E-0001   0.5538225E-0002   0.7582066E+0000  -0.1779154E+0003
     6.35200   0.1688879E+0001   0.1545516E+0000   0.2173712E+0002   0.3899137E-0001   0.5390992E-0002   0.7531467E+0000  -0.1779180E+0003
     6.36000   0.1690090E+0001   0.1514395E+0000   0.2173762E+0002   0.3903334E-0001   0.5247068E-0002   0.7478944E+0000  -0.1779207E+0003
     6.36800   0.1691277E+0001   0.1483455E+0000   0.2173814E+0002   0.3907418E-0001   0.5103906E-0002   0.7424688E+0000  -0.1779235E+0003
     6.37600   0.1692438E+0001   0.1451628E+0000   0.2173869E+0002   0.3911384E-0001   0.4958052E-0002   0.7368838E+0000  -0.1779264E+0003
     6.38400   0.1693573E+0001   0.1418150E+0000   0.2173925E+0002   0.3915230E-0001   0.4807153E-0002   0.7311538E+0000  -0.1779295E+0003
     6.39200   0.1694679E+0001   0.1382958E+0000   0.2173982E+0002   0.3918951E-0001   0.4651288E-0002   0.7253058E+0000  -0.1779326E+0003
     6.40000   0.1695756E+0001   0.1346650E+0000   0.2174040E+0002   0.3922545E-0001   0.4492829E-0002   0.7193900E+0000  -0.1779358E+0003
     6.40800   0.1696804E+0001   0.1310080E+0000   0.2174098E+0002   0.3926013E-0001   0.4335057E-0002   0.7134774E+0000  -0.1779390E+0003
     6.41600   0.1697824E+0001   0.1273887E+0000   0.2174156E+0002   0.3929358E-0001   0.4180536E-0002   0.7076462E+0000  -0.1779422E+0003
     6.42400   0.1698814E+0001   0.1238254E+0000   0.2174213E+0002   0.3932582E-0001   0.4030281E-0002   0.7019638E+0000  -0.1779455E+0003
     6.43200   0.1699777E+0001   0.1203027E+0000   0.2174271E+0002   0.3935689E-0001   0.3884077E-0002   0.6964739E+0000  -0.1779488E+0003
     6.44000   0.1700711E+0001   0.1168036E+0000   0.2174327E+0002   0.3938682E-0001   0.3741514E-0002   0.6911942E+0000  -0.1779521E+0003
     6.44800   0.1701618E+0001   0.1133386E+0000   0.2174384E+0002   0.3941565E-0001   0.3602906E-0002   0.6861246E+0000  -0.1779555E+0003
     6.45600   0.1702497E+0001   0.1099500E+0000   0.2174440E+0002   0.3944340E-0001   0.3469461E-0002   0.6812553E+0000  -0.1779589E+0003
     6.46400   0.1703351E+0001   0.1066921E+0000   0.2174495E+0002   0.3947014E-0001   0.3342680E-0002   0.6765723E+0000  -0.1779623E+0003
     6.47200   0.1704180E+0001   0.1036029E+0000   0.2174551E+0002   0.3949593E-0001   0.3223498E-0002   0.6720552E+0000  -0.1779658E+0003
     6.48000   0.1704985E+0001   0.1006863E+0000   0.2174607E+0002   0.3952082E-0001   0.3111759E-0002   0.6676729E+0000  -0.1779693E+0003
     6.48800   0.1705768E+0001   0.9791626E-0001   0.2174663E+0002   0.3954488E-0001   0.3006338E-0002   0.6633823E+0000  -0.1779729E+0003
     6.49600   0.1706531E+0001   0.9525527E-0001   0.2174720E+0002   0.3956812E-0001   0.2905768E-0002   0.6591335E+0000  -0.1779765E+0003
     6.50400   0.1707272E+0001   0.9267645E-0001   0.2174776E+0002   0.3959059E-0001   0.2808921E-0002   0.6548796E+0000  -0.1779802E+0003
     6.51200   0.1707993E+0001   0.9017384E-0001   0.2174833E+0002   0.3961232E-0001   0.2715360E-0002   0.6505876E+0000  -0.1779838E+0003
     6.52000   0.1708695E+0001   0.8775831E-0001   0.2174889E+0002   0.3963332E-0001   0.2625235E-0002   0.6462440E+0000  -0.1779874E+0003
     6.52800   0.1709379E+0001   0.8544401E-0001   0.2174945E+0002   0.3965363E-0001   0.2538874E-0002   0.6418552E+0000  -0.1779910E+0003
     6.53600   0.1710045E+0001   0.8323522E-0001   0.2175001E+0002   0.3967328E-0001   0.2456382E-0002   0.6374433E+0000  -0.1779946E+0003
     6.54400   0.1710694E+0001   0.8112094E-0001   0.2175057E+0002   0.3969230E-0001   0.2377470E-0002   0.6330412E+0000  -0.1779982E+0003
     6.55200   0.1711326E+0001   0.7907930E-0001   0.2175112E+0002   0.3971071E-0001   0.2301570E-0002   0.6286889E+0000  -0.1780017E+0003
     6.56000   0.1711943E+0001   0.7708806E-0001   0.2175168E+0002   0.3972854E-0001   0.2228134E-0002   0.6244306E+0000  -0.1780053E+0003
     6.56800   0.1712544E+0001   0.7513555E-0001   0.2175222E+0002   0.3974579E-0001   0.2156934E-0002   0.6203126E+0000  -0.1780089E+0003
     6.57600   0.1713130E+0001   0.7322675E-0001   0.2175276E+0002   0.3976250E-0001   0.2088222E-0002   0.6163798E+0000  -0.1780125E+0003
     6.58400   0.1713701E+0001   0.7138209E-0001   0.2175330E+0002   0.3977868E-0001   0.2022662E-0002   0.6126708E+0000  -0.1780160E+0003
     6.59200   0.1714258E+0001   0.6962996E-0001   0.2175382E+0002   0.3979437E-0001   0.1961093E-0002   0.6092128E+0000  -0.1780196E+0003
     6.60000   0.1714802E+0001   0.6799644E-0001   0.2175433E+0002   0.3980960E-0001   0.1904231E-0002   0.6060187E+0000  -0.1780231E+0003
     6.60800   0.1715334E+0001   0.6649698E-0001   0.2175484E+0002   0.3982442E-0001   0.1852431E-0002   0.6030858E+0000  -0.1780267E+0003
     6.61600   0.1715855E+0001   0.6513345E-0001   0.2175534E+0002   0.3983887E-0001   0.1805624E-0002   0.6003969E+0000  -0.1780302E+0003
     6.62400   0.1716366E+0001   0.6389709E-0001   0.2175583E+0002   0.3985297E-0001   0.1763412E-0002   0.5979233E+0000  -0.1780337E+0003
     6.63200   0.1716869E+0001   0.6277451E-0001   0.2175633E+0002   0.3986678E-0001   0.1725254E-0002   0.5956270E+0000  -0.1780373E+0003
     6.64000   0.1717363E+0001   0.6175268E-0001   0.2175682E+0002   0.3988030E-0001   0.1690615E-0002   0.5934626E+0000  -0.1780409E+0003
     6.64800   0.1717849E+0001   0.6082019E-0001   0.2175731E+0002   0.3989357E-0001   0.1658998E-0002   0.5913791E+0000  -0.1780445E+0003
     6.65600   0.1718329E+0001   0.5996491E-0001   0.2175780E+0002   0.3990661E-0001   0.1629889E-0002   0.5893209E+0000  -0.1780482E+0003
     6.66400   0.1718802E+0001   0.5917157E-0001   0.2175830E+0002   0.3991943E-0001   0.1602691E-0002   0.5872307E+0000  -0.1780518E+0003
     6.67200   0.1719270E+0001   0.5842242E-0001   0.2175879E+0002   0.3993205E-0001   0.1576752E-0002   0.5850539E+0000  -0.1780555E+0003
     6.68000   0.1719731E+0001   0.5770156E-0001   0.2175928E+0002   0.3994446E-0001   0.1551489E-0002   0.5827453E+0000  -0.1780591E+0003
     6.68800   0.1720187E+0001   0.5700035E-0001   0.2175978E+0002   0.3995667E-0001   0.1526552E-0002   0.5802761E+0000  -0.1780626E+0003
     6.69600   0.1720638E+0001   0.5631930E-0001   0.2176027E+0002   0.3996869E-0001   0.1501888E-0002   0.5776405E+0000  -0.1780661E+0003
     6.70400   0.1721083E+0001   0.5566435E-0001   0.2176077E+0002   0.3998051E-0001   0.1477646E-0002   0.5748585E+0000  -0.1780697E+0003
     6.71200   0.1721523E+0001   0.5503926E-0001   0.2176126E+0002   0.3999214E-0001   0.1453983E-0002   0.5719749E+0000  -0.1780731E+0003
     6.72000   0.1721959E+0001   0.5443908E-0001   0.2176176E+0002   0.4000359E-0001   0.1430882E-0002   0.5690544E+0000  -0.1780766E+0003
     6.72800   0.1722390E+0001   0.5384974E-0001   0.2176225E+0002   0.4001485E-0001   0.1408132E-0002   0.5661739E+0000  -0.1780801E+0003
     6.73600   0.1722816E+0001   0.5325483E-0001   0.2176274E+0002   0.4002594E-0001   0.1385495E-0002   0.5634146E+0000  -0.1780836E+0003
     6.74400   0.1723237E+0001   0.5264623E-0001   0.2176322E+0002   0.4003684E-0001   0.1362956E-0002   0.5608562E+0000  -0.1780871E+0003
     6.75200   0.1723653E+0001   0.5203246E-0001   0.2176370E+0002   0.4004757E-0001   0.1340919E-0002   0.5585711E+0000  -0.1780906E+0003
     6.76000   0.1724065E+0001   0.5144040E-0001   0.2176417E+0002   0.4005813E-0001   0.1320231E-0002   0.5566222E+0000  -0.1780941E+0003
     6.76800   0.1724472E+0001   0.5091014E-0001   0.2176463E+0002   0.4006855E-0001   0.1302035E-0002   0.5550591E+0000  -0.1780975E+0003
     6.77600   0.1724876E+0001   0.5048659E-0001   0.2176507E+0002   0.4007885E-0001   0.1287550E-0002   0.5539176E+0000  -0.1781010E+0003
     6.78400   0.1725278E+0001   0.5021234E-0001   0.2176550E+0002   0.4008907E-0001   0.1277896E-0002   0.5532174E+0000  -0.1781044E+0003
     6.79200   0.1725679E+0001   0.5012415E-0001   0.2176592E+0002   0.4009926E-0001   0.1274014E-0002   0.5529625E+0000  -0.1781078E+0003
     6.80000   0.1726081E+0001   0.5025197E-0001   0.2176632E+0002   0.4010947E-0001   0.1276650E-0002   0.5531412E+0000  -0.1781112E+0003
     6.80800   0.1726485E+0001   0.5061798E-0001   0.2176671E+0002   0.4011977E-0001   0.1286340E-0002   0.5537254E+0000  -0.1781146E+0003
     6.81600   0.1726895E+0001   0.5123439E-0001   0.2176708E+0002   0.4013019E-0001   0.1303356E-0002   0.5546694E+0000  -0.1781179E+0003
     6.82400   0.1727312E+0001   0.5210114E-0001   0.2176744E+0002   0.4014081E-0001   0.1327643E-0002   0.5559079E+0000  -0.1781212E+0003
     6.83200   0.1727738E+0001   0.5320633E-0001   0.2176779E+0002   0.4015168E-0001   0.1358810E-0002   0.5573551E+0000  -0.1781244E+0003
     6.84000   0.1728174E+0001   0.5453039E-0001   0.2176812E+0002   0.4016285E-0001   0.1396228E-0002   0.5589076E+0000  -0.1781274E+0003
     6.84800   0.1728622E+0001   0.5605188E-0001   0.2176843E+0002   0.4017437E-0001   0.1439161E-0002   0.5604521E+0000  -0.1781304E+0003
     6.85600   0.1729084E+0001   0.5775052E-0001   0.2176874E+0002   0.4018626E-0001   0.1486850E-0002   0.5618790E+0000  -0.1781332E+0003
     6.86400   0.1729561E+0001   0.5960411E-0001   0.2176903E+0002   0.4019857E-0001   0.1538458E-0002   0.5630969E+0000  -0.1781360E+0003
     6.87200   0.1730054E+0001   0.6158070E-0001   0.2176933E+0002   0.4021131E-0001   0.1592900E-0002   0.5640455E+0000  -0.1781386E+0003
     6.88000   0.1730563E+0001   0.6363198E-0001   0.2176962E+0002   0.4022450E-0001   0.1648711E-0002   0.5647015E+0000  -0.1781412E+0003
     6.88800   0.1731089E+0001   0.6569484E-0001   0.2176991E+0002   0.4023813E-0001   0.1704117E-0002   0.5650758E+0000  -0.1781437E+0003
     6.89600   0.1731630E+0001   0.6770425E-0001   0.2177021E+0002   0.4025219E-0001   0.1757381E-0002   0.5652036E+0000  -0.1781462E+0003
     6.90400   0.1732187E+0001   0.6961290E-0001   0.2177050E+0002   0.4026665E-0001   0.1807308E-0002   0.5651328E+0000  -0.1781486E+0003
     6.91200   0.1732758E+0001   0.7140782E-0001   0.2177078E+0002   0.4028148E-0001   0.1853651E-0002   0.5649142E+0000  -0.1781509E+0003
     6.92000   0.1733343E+0001   0.7311398E-0001   0.2177105E+0002   0.4029666E-0001   0.1897181E-0002   0.5645970E+0000  -0.1781531E+0003
     6.92800   0.1733942E+0001   0.7478184E-0001   0.2177132E+0002   0.4031217E-0001   0.1939346E-0002   0.5642303E+0000  -0.1781552E+0003
     6.93600   0.1734553E+0001   0.7646446E-0001   0.2177157E+0002   0.4032803E-0001   0.1981670E-0002   0.5638656E+0000  -0.1781573E+0003
     6.94400   0.1735179E+0001   0.7819609E-0001   0.2177182E+0002   0.4034423E-0001   0.2025214E-0002   0.5635574E+0000  -0.1781593E+0003
     6.95200   0.1735819E+0001   0.7998320E-0001   0.2177208E+0002   0.4036079E-0001   0.2070342E-0002   0.5633593E+0000  -0.1781614E+0003
     6.96000   0.1736473E+0001   0.8181132E-0001   0.2177233E+0002   0.4037773E-0001   0.2116894E-0002   0.5633163E+0000  -0.1781635E+0003
     6.96800   0.1737142E+0001   0.8366190E-0001   0.2177259E+0002   0.4039504E-0001   0.2164587E-0002   0.5634565E+0000  -0.1781657E+0003
     6.97600   0.1737827E+0001   0.8552810E-0001   0.2177286E+0002   0.4041275E-0001   0.2213396E-0002   0.5637880E+0000  -0.1781679E+0003
     6.98400   0.1738526E+0001   0.8741981E-0001   0.2177312E+0002   0.4043086E-0001   0.2263655E-0002   0.5643014E+0000  -0.1781703E+0003
     6.99200   0.1739241E+0001   0.8935571E-0001   0.2177339E+0002   0.4044939E-0001   0.2315863E-0002   0.5649785E+0000  -0.1781726E+0003
     7.00000   0.1739972E+0001   0.9134832E-0001   0.2177365E+0002   0.4046835E-0001   0.2370317E-0002   0.5658014E+0000  -0.1781750E+0003
     7.00800   0.1740719E+0001   0.9339204E-0001   0.2177393E+0002   0.4048776E-0001   0.2426848E-0002   0.5667595E+0000  -0.1781775E+0003
     7.01600   0.1741483E+0001   0.9546196E-0001   0.2177421E+0002   0.4050764E-0001   0.2484806E-0002   0.5678494E+0000  -0.1781801E+0003
     7.02400   0.1742263E+0001   0.9752403E-0001   0.2177449E+0002   0.4052799E-0001   0.2543329E-0002   0.5690695E+0000  -0.1781827E+0003
     7.03200   0.1743059E+0001   0.9955029E-0001   0.2177477E+0002   0.4054880E-0001   0.2601716E-0002   0.5704127E+0000  -0.1781854E+0003
     7.04000   0.1743871E+0001   0.1015300E+0000   0.2177506E+0002   0.4057008E-0001   0.2659684E-0002   0.5718625E+0000  -0.1781880E+0003
     7.04800   0.1744699E+0001   0.1034705E+0000   0.2177534E+0002   0.4059182E-0001   0.2717370E-0002   0.5733930E+0000  -0.1781907E+0003
     7.05600   0.1745542E+0001   0.1053874E+0000   0.2177562E+0002   0.4061402E-0001   0.2775083E-0002   0.5749753E+0000  -0.1781934E+0003
     7.06400   0.1746401E+0001   0.1072911E+0000   0.2177591E+0002   0.4063668E-0001   0.2832972E-0002   0.5765845E+0000  -0.1781962E+0003
     7.07200   0.1747274E+0001   0.1091772E+0000   0.2177619E+0002   0.4065981E-0001   0.2890805E-0002   0.5782051E+0000  -0.1781989E+0003
     7.08000   0.1748162E+0001   0.1110264E+0000   0.2177648E+0002   0.4068339E-0001   0.2947992E-0002   0.5798320E+0000  -0.1782017E+0003
     7.08800   0.1749065E+0001   0.1128130E+0000   0.2177678E+0002   0.4070742E-0001   0.3003818E-0002   0.5814673E+0000  -0.1782045E+0003
     7.09600   0.1749981E+0001   0.1145168E+0000   0.2177708E+0002   0.4073189E-0001   0.3057743E-0002   0.5831154E+0000  -0.1782074E+0003
     7.10400   0.1750910E+0001   0.1161312E+0000   0.2177739E+0002   0.4075676E-0001   0.3109593E-0002   0.5847787E+0000  -0.1782103E+0003
     7.11200   0.1751851E+0001   0.1176623E+0000   0.2177770E+0002   0.4078204E-0001   0.3159535E-0002   0.5864564E+0000  -0.1782133E+0003
     7.12000   0.1752804E+0001   0.1191224E+0000   0.2177801E+0002   0.4080770E-0001   0.3207873E-0002   0.5881454E+0000  -0.1782163E+0003
     7.12800   0.1753768E+0001   0.1205194E+0000   0.2177833E+0002   0.4083374E-0001   0.3254795E-0002   0.5898422E+0000  -0.1782193E+0003
     7.13600   0.1754743E+0001   0.1218522E+0000   0.2177865E+0002   0.4086014E-0001   0.3300233E-0002   0.5915430E+0000  -0.1782224E+0003
     7.14400   0.1755728E+0001   0.1231107E+0000   0.2177898E+0002   0.4088689E-0001   0.3343883E-0002   0.5932429E+0000  -0.1782255E+0003
     7.15200   0.1756722E+0001   0.1242828E+0000   0.2177931E+0002   0.4091398E-0001   0.3385371E-0002   0.5949334E+0000  -0.1782286E+0003
     7.16000   0.1757725E+0001   0.1253608E+0000   0.2177964E+0002   0.4094137E-0001   0.3424412E-0002   0.5966008E+0000  -0.1782318E+0003
     7.16800   0.1758736E+0001   0.1263436E+0000   0.2177999E+0002   0.4096906E-0001   0.3460878E-0002   0.5982262E+0000  -0.1782350E+0003
     7.17600   0.1759754E+0001   0.1272344E+0000   0.2178033E+0002   0.4099702E-0001   0.3494720E-0002   0.5997883E+0000  -0.1782382E+0003
     7.18400   0.1760778E+0001   0.1280343E+0000   0.2178068E+0002   0.4102522E-0001   0.3525818E-0002   0.6012680E+0000  -0.1782415E+0003
     7.19200   0.1761808E+0001   0.1287378E+0000   0.2178104E+0002   0.4105365E-0001   0.3553881E-0002   0.6026517E+0000  -0.1782448E+0003
     7.20000   0.1762843E+0001   0.1293329E+0000   0.2178141E+0002   0.4108228E-0001   0.3578464E-0002   0.6039338E+0000  -0.1782482E+0003
     7.20800   0.1763881E+0001   0.1298055E+0000   0.2178179E+0002   0.4111108E-0001   0.3599121E-0002   0.6051161E+0000  -0.1782516E+0003
     7.21600   0.1764922E+0001   0.1301465E+0000   0.2178218E+0002   0.4114000E-0001   0.3615577E-0002   0.6062052E+0000  -0.1782551E+0003
     7.22400   0.1765965E+0001   0.1303557E+0000   0.2178257E+0002   0.4116902E-0001   0.3627842E-0002   0.6072097E+0000  -0.1782586E+0003
     7.23200   0.1767009E+0001   0.1304417E+0000   0.2178297E+0002   0.4119811E-0001   0.3636186E-0002   0.6081373E+0000  -0.1782621E+0003
     7.24000   0.1768052E+0001   0.1304179E+0000   0.2178337E+0002   0.4122724E-0001   0.3641010E-0002   0.6089939E+0000  -0.1782657E+0003
     7.24800   0.1769094E+0001   0.1302975E+0000   0.2178378E+0002   0.4125638E-0001   0.3642703E-0002   0.6097838E+0000  -0.1782693E+0003
     7.25600   0.1770135E+0001   0.1300904E+0000   0.2178420E+0002   0.4128551E-0001   0.3641562E-0002   0.6105099E+0000  -0.1782729E+0003
     7.26400   0.1771173E+0001   0.1298039E+0000   0.2178462E+0002   0.4131462E-0001   0.3637800E-0002   0.6111746E+0000  -0.1782766E+0003
     7.27200   0.1772209E+0001   0.1294446E+0000   0.2178504E+0002   0.4134367E-0001   0.3631612E-0002   0.6117794E+0000  -0.1782802E+0003
     7.28000   0.1773241E+0001   0.1290204E+0000   0.2178547E+0002   0.4137266E-0001   0.3623221E-0002   0.6123247E+0000  -0.1782839E+0003
     7.28800   0.1774270E+0001   0.1285397E+0000   0.2178590E+0002   0.4140156E-0001   0.3612868E-0002   0.6128091E+0000  -0.1782877E+0003
     7.29600   0.1775294E+0001   0.1280102E+0000   0.2178634E+0002   0.4143036E-0001   0.3600761E-0002   0.6132305E+0000  -0.1782914E+0003
     7.30400   0.1776313E+0001   0.1274369E+0000   0.2178678E+0002   0.4145906E-0001   0.3587026E-0002   0.6135874E+0000  -0.1782952E+0003
     7.31200   0.1777328E+0001   0.1268217E+0000   0.2178723E+0002   0.4148763E-0001   0.3571717E-0002   0.6138803E+0000  -0.1782990E+0003
     7.32000   0.1778337E+0001   0.1261661E+0000   0.2178768E+0002   0.4151607E-0001   0.3554876E-0002   0.6141127E+0000  -0.1783028E+0003
     7.32800   0.1779341E+0001   0.1254733E+0000   0.2178814E+0002   0.4154437E-0001   0.3536619E-0002   0.6142911E+0000  -0.1783067E+0003
     7.33600   0.1780339E+0001   0.1247500E+0000   0.2178860E+0002   0.4157250E-0001   0.3517180E-0002   0.6144235E+0000  -0.1783105E+0003
     7.34400   0.1781331E+0001   0.1240061E+0000   0.2178907E+0002   0.4160048E-0001   0.3496886E-0002   0.6145177E+0000  -0.1783144E+0003
     7.35200   0.1782317E+0001   0.1232522E+0000   0.2178953E+0002   0.4162829E-0001   0.3476085E-0002   0.6145798E+0000  -0.1783183E+0003
     7.36000   0.1783297E+0001   0.1224974E+0000   0.2179000E+0002   0.4165593E-0001   0.3455073E-0002   0.6146135E+0000  -0.1783222E+0003
     7.36800   0.1784271E+0001   0.1217481E+0000   0.2179047E+0002   0.4168340E-0001   0.3434053E-0002   0.6146213E+0000  -0.1783261E+0003
     7.37600   0.1785239E+0001   0.1210079E+0000   0.2179094E+0002   0.4171071E-0001   0.3413145E-0002   0.6146052E+0000  -0.1783301E+0003
     7.38400   0.1786201E+0001   0.1202790E+0000   0.2179142E+0002   0.4173785E-0001   0.3392425E-0002   0.6145675E+0000  -0.1783340E+0003
     7.39200   0.1787158E+0001   0.1195629E+0000   0.2179189E+0002   0.4176482E-0001   0.3371947E-0002   0.6145114E+0000  -0.1783380E+0003
     7.40000   0.1788109E+0001   0.1188601E+0000   0.2179237E+0002   0.4179163E-0001   0.3351746E-0002   0.6144404E+0000  -0.1783419E+0003
     7.40800   0.1789054E+0001   0.1181698E+0000   0.2179285E+0002   0.4181829E-0001   0.3331821E-0002   0.6143579E+0000  -0.1783459E+0003
     7.41600   0.1789994E+0001   0.1174898E+0000   0.2179333E+0002   0.4184479E-0001   0.3312130E-0002   0.6142664E+0000  -0.1783499E+0003
     7.42400   0.1790928E+0001   0.1168171E+0000   0.2179382E+0002   0.4187113E-0001   0.3292604E-0002   0.6141681E+0000  -0.1783539E+0003
     7.43200   0.1791858E+0001   0.1161495E+0000   0.2179430E+0002   0.4189731E-0001   0.3273191E-0002   0.6140652E+0000  -0.1783579E+0003
     7.44000   0.1792781E+0001   0.1154862E+0000   0.2179479E+0002   0.4192334E-0001   0.3253881E-0002   0.6139596E+0000  -0.1783620E+0003
     7.44800   0.1793700E+0001   0.1148286E+0000   0.2179528E+0002   0.4194922E-0001   0.3234723E-0002   0.6138528E+0000  -0.1783660E+0003
     7.45600   0.1794613E+0001   0.1141793E+0000   0.2179576E+0002   0.4197495E-0001   0.3215801E-0002   0.6137450E+0000  -0.1783700E+0003
     7.46400   0.1795522E+0001   0.1135417E+0000   0.2179625E+0002   0.4200053E-0001   0.3197210E-0002   0.6136334E+0000  -0.1783740E+0003
     7.47200   0.1796425E+0001   0.1129193E+0000   0.2179673E+0002   0.4202596E-0001   0.3179036E-0002   0.6135127E+0000  -0.1783780E+0003
     7.48000   0.1797324E+0001   0.1123161E+0000   0.2179722E+0002   0.4205125E-0001   0.3161361E-0002   0.6133754E+0000  -0.1783820E+0003
     7.48800   0.1798218E+0001   0.1117368E+0000   0.2179770E+0002   0.4207640E-0001   0.3144281E-0002   0.6132130E+0000  -0.1783860E+0003
     7.49600   0.1799107E+0001   0.1111871E+0000   0.2179818E+0002   0.4210143E-0001   0.3127916E-0002   0.6130189E+0000  -0.1783900E+0003
     7.50400   0.1799992E+0001   0.1106731E+0000   0.2179866E+0002   0.4212633E-0001   0.3112402E-0002   0.6127886E+0000  -0.1783940E+0003
     7.51200   0.1800874E+0001   0.1102005E+0000   0.2179914E+0002   0.4215111E-0001   0.3097878E-0002   0.6125216E+0000  -0.1783979E+0003
     7.52000   0.1801752E+0001   0.1097738E+0000   0.2179962E+0002   0.4217578E-0001   0.3084470E-0002   0.6122205E+0000  -0.1784018E+0003
     7.52800   0.1802627E+0001   0.1093964E+0000   0.2180010E+0002   0.4220036E-0001   0.3072289E-0002   0.6118903E+0000  -0.1784057E+0003
     7.53600   0.1803500E+0001   0.1090716E+0000   0.2180058E+0002   0.4222485E-0001   0.3061447E-0002   0.6115381E+0000  -0.1784096E+0003
     7.54400   0.1804370E+0001   0.1088024E+0000   0.2180105E+0002   0.4224927E-0001   0.3052068E-0002   0.6111717E+0000  -0.1784135E+0003
     7.55200   0.1805239E+0001   0.1085926E+0000   0.2180152E+0002   0.4227363E-0001   0.3044289E-0002   0.6107998E+0000  -0.1784173E+0003
     7.56000   0.1806107E+0001   0.1084451E+0000   0.2180200E+0002   0.4229793E-0001   0.3038240E-0002   0.6104311E+0000  -0.1784212E+0003
     7.56800   0.1806974E+0001   0.1083620E+0000   0.2180247E+0002   0.4232220E-0001   0.3034012E-0002   0.6100739E+0000  -0.1784250E+0003
     7.57600   0.1807840E+0001   0.1083429E+0000   0.2180294E+0002   0.4234646E-0001   0.3031638E-0002   0.6097348E+0000  -0.1784289E+0003
     7.58400   0.1808707E+0001   0.1083856E+0000   0.2180341E+0002   0.4237070E-0001   0.3031081E-0002   0.6094183E+0000  -0.1784327E+0003
     7.59200   0.1809575E+0001   0.1084860E+0000   0.2180389E+0002   0.4239496E-0001   0.3032248E-0002   0.6091261E+0000  -0.1784366E+0003
     7.60000   0.1810444E+0001   0.1086390E+0000   0.2180437E+0002   0.4241924E-0001   0.3035002E-0002   0.6088577E+0000  -0.1784406E+0003
     7.60800   0.1811315E+0001   0.1088385E+0000   0.2180485E+0002   0.4244356E-0001   0.3039170E-0002   0.6086108E+0000  -0.1784445E+0003
     7.61600   0.1812188E+0001   0.1090782E+0000   0.2180534E+0002   0.4246791E-0001   0.3044559E-0002   0.6083821E+0000  -0.1784485E+0003
     7.62400   0.1813063E+0001   0.1093515E+0000   0.2180583E+0002   0.4249232E-0001   0.3050972E-0002   0.6081681E+0000  -0.1784526E+0003
     7.63200   0.1813940E+0001   0.1096529E+0000   0.2180633E+0002   0.4251679E-0001   0.3058237E-0002   0.6079651E+0000  -0.1784567E+0003
     7.64000   0.1814820E+0001   0.1099794E+0000   0.2180683E+0002   0.4254132E-0001   0.3066249E-0002   0.6077695E+0000  -0.1784609E+0003
     7.64800   0.1815702E+0001   0.1103314E+0000   0.2180734E+0002   0.4256592E-0001   0.3075002E-0002   0.6075776E+0000  -0.1784650E+0003
     7.65600   0.1816588E+0001   0.1107132E+0000   0.2180785E+0002   0.4259059E-0001   0.3084597E-0002   0.6073861E+0000  -0.1784692E+0003
     7.66400   0.1817477E+0001   0.1111324E+0000   0.2180836E+0002   0.4261536E-0001   0.3095227E-0002   0.6071921E+0000  -0.1784735E+0003
     7.67200   0.1818370E+0001   0.1115982E+0000   0.2180888E+0002   0.4264021E-0001   0.3107137E-0002   0.6069935E+0000  -0.1784777E+0003
     7.68000   0.1819267E+0001   0.1121202E+0000   0.2180939E+0002   0.4266518E-0001   0.3120574E-0002   0.6067891E+0000  -0.1784819E+0003
     7.68800   0.1820168E+0001   0.1127063E+0000   0.2180991E+0002   0.4269026E-0001   0.3135756E-0002   0.6065792E+0000  -0.1784862E+0003
     7.69600   0.1821075E+0001   0.1133626E+0000   0.2181042E+0002   0.4271549E-0001   0.3152852E-0002   0.6063649E+0000  -0.1784904E+0003
     7.70400   0.1821988E+0001   0.1140929E+0000   0.2181094E+0002   0.4274086E-0001   0.3171966E-0002   0.6061483E+0000  -0.1784946E+0003
     7.71200   0.1822907E+0001   0.1148983E+0000   0.2181145E+0002   0.4276641E-0001   0.3193141E-0002   0.6059325E+0000  -0.1784989E+0003
     7.72000   0.1823834E+0001   0.1157772E+0000   0.2181196E+0002   0.4279214E-0001   0.3216347E-0002   0.6057211E+0000  -0.1785031E+0003
     7.72800   0.1824767E+0001   0.1167258E+0000   0.2181247E+0002   0.4281807E-0001   0.3241493E-0002   0.6055177E+0000  -0.1785073E+0003
     7.73600   0.1825709E+0001   0.1177383E+0000   0.2181298E+0002   0.4284422E-0001   0.3268434E-0002   0.6053253E+0000  -0.1785115E+0003
     7.74400   0.1826660E+0001   0.1188078E+0000   0.2181348E+0002   0.4287059E-0001   0.3297000E-0002   0.6051454E+0000  -0.1785156E+0003
     7.75200   0.1827619E+0001   0.1199281E+0000   0.2181398E+0002   0.4289721E-0001   0.3327023E-0002   0.6049774E+0000  -0.1785197E+0003
     7.76000   0.1828588E+0001   0.1210941E+0000   0.2181447E+0002   0.4292408E-0001   0.3358361E-0002   0.6048184E+0000  -0.1785238E+0003
     7.76800   0.1829566E+0001   0.1223023E+0000   0.2181496E+0002   0.4295120E-0001   0.3390899E-0002   0.6046633E+0000  -0.1785278E+0003
     7.77600   0.1830555E+0001   0.1235502E+0000   0.2181544E+0002   0.4297860E-0001   0.3424543E-0002   0.6045052E+0000  -0.1785318E+0003
     7.78400   0.1831553E+0001   0.1248363E+0000   0.2181592E+0002   0.4300627E-0001   0.3459209E-0002   0.6043365E+0000  -0.1785357E+0003
     7.79200   0.1832563E+0001   0.1261590E+0000   0.2181638E+0002   0.4303423E-0001   0.3494810E-0002   0.6041499E+0000  -0.1785395E+0003
     7.80000   0.1833583E+0001   0.1275167E+0000   0.2181683E+0002   0.4306248E-0001   0.3531255E-0002   0.6039396E+0000  -0.1785433E+0003
     7.80800   0.1834614E+0001   0.1289078E+0000   0.2181728E+0002   0.4309103E-0001   0.3568461E-0002   0.6037016E+0000  -0.1785469E+0003
     7.81600   0.1835657E+0001   0.1303304E+0000   0.2181771E+0002   0.4311988E-0001   0.3606348E-0002   0.6034347E+0000  -0.1785504E+0003
     7.82400   0.1836711E+0001   0.1317826E+0000   0.2181813E+0002   0.4314904E-0001   0.3644847E-0002   0.6031404E+0000  -0.1785539E+0003
     7.83200   0.1837777E+0001   0.1332616E+0000   0.2181853E+0002   0.4317851E-0001   0.3683884E-0002   0.6028232E+0000  -0.1785572E+0003
     7.84000   0.1838855E+0001   0.1347635E+0000   0.2181893E+0002   0.4320830E-0001   0.3723375E-0002   0.6024899E+0000  -0.1785604E+0003
     7.84800   0.1839945E+0001   0.1362836E+0000   0.2181931E+0002   0.4323840E-0001   0.3763223E-0002   0.6021488E+0000  -0.1785635E+0003
     7.85600   0.1841048E+0001   0.1378159E+0000   0.2181968E+0002   0.4326883E-0001   0.3803314E-0002   0.6018091E+0000  -0.1785665E+0003
     7.86400   0.1842163E+0001   0.1393539E+0000   0.2182003E+0002   0.4329958E-0001   0.3843523E-0002   0.6014800E+0000  -0.1785694E+0003
     7.87200   0.1843290E+0001   0.1408904E+0000   0.2182038E+0002   0.4333065E-0001   0.3883714E-0002   0.6011696E+0000  -0.1785721E+0003
     7.88000   0.1844429E+0001   0.1424181E+0000   0.2182071E+0002   0.4336204E-0001   0.3923737E-0002   0.6008846E+0000  -0.1785748E+0003
     7.88800   0.1845581E+0001   0.1439292E+0000   0.2182102E+0002   0.4339374E-0001   0.3963429E-0002   0.6006297E+0000  -0.1785774E+0003
     7.89600   0.1846744E+0001   0.1454160E+0000   0.2182132E+0002   0.4342577E-0001   0.4002617E-0002   0.6004074E+0000  -0.1785799E+0003
     7.90400   0.1847919E+0001   0.1468718E+0000   0.2182161E+0002   0.4345809E-0001   0.4041135E-0002   0.6002175E+0000  -0.1785822E+0003
     7.91200   0.1849105E+0001   0.1482907E+0000   0.2182188E+0002   0.4349073E-0001   0.4078832E-0002   0.6000577E+0000  -0.1785844E+0003
     7.92000   0.1850303E+0001   0.1496689E+0000   0.2182214E+0002   0.4352365E-0001   0.4115592E-0002   0.5999238E+0000  -0.1785865E+0003
     7.92800   0.1851511E+0001   0.1510044E+0000   0.2182237E+0002   0.4355686E-0001   0.4151340E-0002   0.5998102E+0000  -0.1785885E+0003
     7.93600   0.1852729E+0001   0.1522969E+0000   0.2182259E+0002   0.4359035E-0001   0.4186035E-0002   0.5997106E+0000  -0.1785903E+0003
     7.94400   0.1853957E+0001   0.1535474E+0000   0.2182280E+0002   0.4362411E-0001   0.4219665E-0002   0.5996187E+0000  -0.1785919E+0003
     7.95200   0.1855196E+0001   0.1547576E+0000   0.2182298E+0002   0.4365812E-0001   0.4252230E-0002   0.5995288E+0000  -0.1785935E+0003
     7.96000   0.1856443E+0001   0.1559289E+0000   0.2182315E+0002   0.4369239E-0001   0.4283736E-0002   0.5994358E+0000  -0.1785948E+0003
     7.96800   0.1857699E+0001   0.1570626E+0000   0.2182330E+0002   0.4372691E-0001   0.4314178E-0002   0.5993358E+0000  -0.1785961E+0003
     7.97600   0.1858965E+0001   0.1581591E+0000   0.2182344E+0002   0.4376166E-0001   0.4343540E-0002   0.5992255E+0000  -0.1785973E+0003
     7.98400   0.1860238E+0001   0.1592177E+0000   0.2182358E+0002   0.4379663E-0001   0.4371780E-0002   0.5991023E+0000  -0.1785983E+0003
     7.99200   0.1861520E+0001   0.1602370E+0000   0.2182370E+0002   0.4383182E-0001   0.4398839E-0002   0.5989638E+0000  -0.1785993E+0003
     8.00000   0.1862810E+0001   0.1612149E+0000   0.2182381E+0002   0.4386722E-0001   0.4424634E-0002   0.5988069E+0000  -0.1786002E+0003
     8.00800   0.1864107E+0001   0.1621488E+0000   0.2182392E+0002   0.4390281E-0001   0.4449077E-0002   0.5986284E+0000  -0.1786011E+0003
     8.01600   0.1865412E+0001   0.1630365E+0000   0.2182402E+0002   0.4393859E-0001   0.4472080E-0002   0.5984239E+0000  -0.1786018E+0003
     8.02400   0.1866723E+0001   0.1638769E+0000   0.2182411E+0002   0.4397454E-0001   0.4493574E-0002   0.5981879E+0000  -0.1786026E+0003
     8.03200   0.1868040E+0001   0.1646696E+0000   0.2182420E+0002   0.4401064E-0001   0.4513510E-0002   0.5979146E+0000  -0.1786032E+0003
     8.04000   0.1869363E+0001   0.1654155E+0000   0.2182428E+0002   0.4404690E-0001   0.4531867E-0002   0.5975978E+0000  -0.1786039E+0003
     8.04800   0.1870692E+0001   0.1661167E+0000   0.2182436E+0002   0.4408329E-0001   0.4548649E-0002   0.5972318E+0000  -0.1786044E+0003
     8.05600   0.1872026E+0001   0.1667757E+0000   0.2182442E+0002   0.4411980E-0001   0.4563880E-0002   0.5968115E+0000  -0.1786049E+0003
     8.06400   0.1873366E+0001   0.1673954E+0000   0.2182449E+0002   0.4415642E-0001   0.4577599E-0002   0.5963338E+0000  -0.1786053E+0003
     8.07200   0.1874709E+0001   0.1679784E+0000   0.2182454E+0002   0.4419314E-0001   0.4589853E-0002   0.5957971E+0000  -0.1786056E+0003
     8.08000   0.1876058E+0001   0.1685270E+0000   0.2182459E+0002   0.4422994E-0001   0.4600688E-0002   0.5952024E+0000  -0.1786059E+0003
     8.08800   0.1877410E+0001   0.1690425E+0000   0.2182464E+0002   0.4426682E-0001   0.4610144E-0002   0.5945524E+0000  -0.1786061E+0003
     8.09600   0.1878766E+0001   0.1695251E+0000   0.2182468E+0002   0.4430377E-0001   0.4618248E-0002   0.5938518E+0000  -0.1786063E+0003
     8.10400   0.1880126E+0001   0.1699741E+0000   0.2182472E+0002   0.4434077E-0001   0.4625013E-0002   0.5931059E+0000  -0.1786065E+0003
     8.11200   0.1881489E+0001   0.1703878E+0000   0.2182476E+0002   0.4437781E-0001   0.4630439E-0002   0.5923201E+0000  -0.1786066E+0003
     8.12000   0.1882855E+0001   0.1707643E+0000   0.2182480E+0002   0.4441489E-0001   0.4634513E-0002   0.5914984E+0000  -0.1786068E+0003
     8.12800   0.1884224E+0001   0.1711014E+0000   0.2182485E+0002   0.4445199E-0001   0.4637211E-0002   0.5906427E+0000  -0.1786070E+0003
     8.13600   0.1885595E+0001   0.1713972E+0000   0.2182490E+0002   0.4448910E-0001   0.4638498E-0002   0.5897516E+0000  -0.1786072E+0003
     8.14400   0.1886968E+0001   0.1716503E+0000   0.2182495E+0002   0.4452620E-0001   0.4638327E-0002   0.5888208E+0000  -0.1786074E+0003
     8.15200   0.1888343E+0001   0.1718593E+0000   0.2182500E+0002   0.4456330E-0001   0.4636635E-0002   0.5878428E+0000  -0.1786076E+0003
     8.16000   0.1889719E+0001   0.1720236E+0000   0.2182506E+0002   0.4460036E-0001   0.4633350E-0002   0.5868078E+0000  -0.1786079E+0003
     8.16800   0.1891097E+0001   0.1721435E+0000   0.2182511E+0002   0.4463739E-0001   0.4628401E-0002   0.5857049E+0000  -0.1786081E+0003
     8.17600   0.1892474E+0001   0.1722197E+0000   0.2182517E+0002   0.4467436E-0001   0.4621737E-0002   0.5845236E+0000  -0.1786083E+0003
     8.18400   0.1893852E+0001   0.1722546E+0000   0.2182523E+0002   0.4471127E-0001   0.4613336E-0002   0.5832545E+0000  -0.1786085E+0003
     8.19200   0.1895230E+0001   0.1722513E+0000   0.2182528E+0002   0.4474810E-0001   0.4603221E-0002   0.5818913E+0000  -0.1786086E+0003
     8.20000   0.1896608E+0001   0.1722139E+0000   0.2182533E+0002   0.4478483E-0001   0.4591454E-0002   0.5804309E+0000  -0.1786088E+0003
     8.20800   0.1897985E+0001   0.1721469E+0000   0.2182538E+0002   0.4482145E-0001   0.4578138E-0002   0.5788740E+0000  -0.1786088E+0003
     8.21600   0.1899362E+0001   0.1720547E+0000   0.2182543E+0002   0.4485796E-0001   0.4563402E-0002   0.5772244E+0000  -0.1786088E+0003
     8.22400   0.1900737E+0001   0.1719411E+0000   0.2182547E+0002   0.4489434E-0001   0.4547383E-0002   0.5754889E+0000  -0.1786088E+0003
     8.23200   0.1902112E+0001   0.1718091E+0000   0.2182552E+0002   0.4493058E-0001   0.4530220E-0002   0.5736752E+0000  -0.1786088E+0003
     8.24000   0.1903485E+0001   0.1716607E+0000   0.2182556E+0002   0.4496668E-0001   0.4512035E-0002   0.5717917E+0000  -0.1786088E+0003
     8.24800   0.1904857E+0001   0.1714976E+0000   0.2182561E+0002   0.4500262E-0001   0.4492937E-0002   0.5698453E+0000  -0.1786087E+0003
     8.25600   0.1906228E+0001   0.1713207E+0000   0.2182566E+0002   0.4503841E-0001   0.4473017E-0002   0.5678416E+0000  -0.1786087E+0003
     8.26400   0.1907597E+0001   0.1711314E+0000   0.2182571E+0002   0.4507402E-0001   0.4452353E-0002   0.5657837E+0000  -0.1786087E+0003
     8.27200   0.1908964E+0001   0.1709314E+0000   0.2182576E+0002   0.4510947E-0001   0.4431022E-0002   0.5636728E+0000  -0.1786086E+0003
     8.28000   0.1910330E+0001   0.1707233E+0000   0.2182581E+0002   0.4514474E-0001   0.4409105E-0002   0.5615085E+0000  -0.1786086E+0003
     8.28800   0.1911694E+0001   0.1705105E+0000   0.2182587E+0002   0.4517984E-0001   0.4386691E-0002   0.5592894E+0000  -0.1786086E+0003
     8.29600   0.1913056E+0001   0.1702972E+0000   0.2182592E+0002   0.4521475E-0001   0.4363877E-0002   0.5570140E+0000  -0.1786085E+0003
     8.30400   0.1914417E+0001   0.1700875E+0000   0.2182597E+0002   0.4524948E-0001   0.4340761E-0002   0.5546814E+0000  -0.1786084E+0003
     8.31200   0.1915776E+0001   0.1698856E+0000   0.2182601E+0002   0.4528402E-0001   0.4317444E-0002   0.5522916E+0000  -0.1786083E+0003
     8.32000   0.1917134E+0001   0.1696951E+0000   0.2182604E+0002   0.4531837E-0001   0.4294015E-0002   0.5498457E+0000  -0.1786081E+0003
     8.32800   0.1918490E+0001   0.1695193E+0000   0.2182607E+0002   0.4535253E-0001   0.4270561E-0002   0.5473459E+0000  -0.1786078E+0003
     8.33600   0.1919845E+0001   0.1693607E+0000   0.2182609E+0002   0.4538651E-0001   0.4247165E-0002   0.5447953E+0000  -0.1786074E+0003
     8.34400   0.1921198E+0001   0.1692222E+0000   0.2182610E+0002   0.4542030E-0001   0.4223913E-0002   0.5421977E+0000  -0.1786070E+0003
     8.35200   0.1922551E+0001   0.1691068E+0000   0.2182611E+0002   0.4545391E-0001   0.4200901E-0002   0.5395574E+0000  -0.1786065E+0003
     8.36000   0.1923903E+0001   0.1690177E+0000   0.2182611E+0002   0.4548733E-0001   0.4178243E-0002   0.5368799E+0000  -0.1786059E+0003
     8.36800   0.1925255E+0001   0.1689592E+0000   0.2182611E+0002   0.4552058E-0001   0.4156067E-0002   0.5341711E+0000  -0.1786054E+0003
     8.37600   0.1926607E+0001   0.1689353E+0000   0.2182610E+0002   0.4555366E-0001   0.4134513E-0002   0.5314382E+0000  -0.1786048E+0003
     8.38400   0.1927958E+0001   0.1689503E+0000   0.2182610E+0002   0.4558657E-0001   0.4113727E-0002   0.5286892E+0000  -0.1786042E+0003
     8.39200   0.1929310E+0001   0.1690079E+0000   0.2182609E+0002   0.4561932E-0001   0.4093844E-0002   0.5259328E+0000  -0.1786035E+0003
     8.40000   0.1930663E+0001   0.1691107E+0000   0.2182607E+0002   0.4565192E-0001   0.4074980E-0002   0.5231780E+0000  -0.1786029E+0003
     8.40800   0.1932017E+0001   0.1692599E+0000   0.2182606E+0002   0.4568438E-0001   0.4057214E-0002   0.5204342E+0000  -0.1786022E+0003
     8.41600   0.1933373E+0001   0.1694550E+0000   0.2182604E+0002   0.4571670E-0001   0.4040591E-0002   0.5177103E+0000  -0.1786015E+0003
     8.42400   0.1934730E+0001   0.1696943E+0000   0.2182603E+0002   0.4574890E-0001   0.4025122E-0002   0.5150153E+0000  -0.1786009E+0003
     8.43200   0.1936090E+0001   0.1699754E+0000   0.2182601E+0002   0.4578099E-0001   0.4010804E-0002   0.5123585E+0000  -0.1786002E+0003
     8.44000   0.1937453E+0001   0.1702957E+0000   0.2182600E+0002   0.4581297E-0001   0.3997636E-0002   0.5097492E+0000  -0.1785996E+0003
     8.44800   0.1938818E+0001   0.1706535E+0000   0.2182598E+0002   0.4584485E-0001   0.3985638E-0002   0.5071975E+0000  -0.1785989E+0003
     8.45600   0.1940186E+0001   0.1710481E+0000   0.2182596E+0002   0.4587665E-0001   0.3974857E-0002   0.5047138E+0000  -0.1785983E+0003
     8.46400   0.1941558E+0001   0.1714792E+0000   0.2182594E+0002   0.4590838E-0001   0.3965365E-0002   0.5023089E+0000  -0.1785977E+0003
     8.47200   0.1942934E+0001   0.1719467E+0000   0.2182591E+0002   0.4594003E-0001   0.3957236E-0002   0.4999939E+0000  -0.1785970E+0003
     8.48000   0.1944313E+0001   0.1724495E+0000   0.2182588E+0002   0.4597164E-0001   0.3950519E-0002   0.4977792E+0000  -0.1785963E+0003
     8.48800   0.1945697E+0001   0.1729841E+0000   0.2182584E+0002   0.4600320E-0001   0.3945219E-0002   0.4956750E+0000  -0.1785956E+0003
     8.49600   0.1947085E+0001   0.1735447E+0000   0.2182580E+0002   0.4603473E-0001   0.3941280E-0002   0.4936905E+0000  -0.1785948E+0003
     8.50400   0.1948478E+0001   0.1741234E+0000   0.2182575E+0002   0.4606624E-0001   0.3938598E-0002   0.4918339E+0000  -0.1785941E+0003
     8.51200   0.1949876E+0001   0.1747110E+0000   0.2182570E+0002   0.4609774E-0001   0.3937038E-0002   0.4901122E+0000  -0.1785934E+0003
     8.52000   0.1951278E+0001   0.1752988E+0000   0.2182566E+0002   0.4612923E-0001   0.3936462E-0002   0.4885308E+0000  -0.1785927E+0003
     8.52800   0.1952686E+0001   0.1758789E+0000   0.2182561E+0002   0.4616072E-0001   0.3936755E-0002   0.4870930E+0000  -0.1785921E+0003
     8.53600   0.1954097E+0001   0.1764460E+0000   0.2182557E+0002   0.4619222E-0001   0.3937832E-0002   0.4857995E+0000  -0.1785914E+0003
     8.54400   0.1955513E+0001   0.1769961E+0000   0.2182552E+0002   0.4622374E-0001   0.3939628E-0002   0.4846483E+0000  -0.1785909E+0003
     8.55200   0.1956933E+0001   0.1775264E+0000   0.2182547E+0002   0.4625528E-0001   0.3942076E-0002   0.4836339E+0000  -0.1785903E+0003
     8.56000   0.1958358E+0001   0.1780342E+0000   0.2182543E+0002   0.4628684E-0001   0.3945086E-0002   0.4827486E+0000  -0.1785897E+0003
     8.56800   0.1959786E+0001   0.1785159E+0000   0.2182538E+0002   0.4631843E-0001   0.3948529E-0002   0.4819826E+0000  -0.1785892E+0003
     8.57600   0.1961217E+0001   0.1789669E+0000   0.2182533E+0002   0.4635004E-0001   0.3952230E-0002   0.4813252E+0000  -0.1785886E+0003
     8.58400   0.1962652E+0001   0.1793814E+0000   0.2182528E+0002   0.4638169E-0001   0.3955989E-0002   0.4807656E+0000  -0.1785881E+0003
     8.59200   0.1964090E+0001   0.1797537E+0000   0.2182524E+0002   0.4641337E-0001   0.3959600E-0002   0.4802937E+0000  -0.1785877E+0003
     8.60000   0.1965531E+0001   0.1800786E+0000   0.2182520E+0002   0.4644507E-0001   0.3962873E-0002   0.4799003E+0000  -0.1785873E+0003
     8.60800   0.1966974E+0001   0.1803524E+0000   0.2182517E+0002   0.4647680E-0001   0.3965653E-0002   0.4795767E+0000  -0.1785870E+0003
     8.61600   0.1968419E+0001   0.1805728E+0000   0.2182515E+0002   0.4650854E-0001   0.3967828E-0002   0.4793147E+0000  -0.1785868E+0003
     8.62400   0.1969864E+0001   0.1807395E+0000   0.2182514E+0002   0.4654029E-0001   0.3969325E-0002   0.4791062E+0000  -0.1785866E+0003
     8.63200   0.1971311E+0001   0.1808539E+0000   0.2182513E+0002   0.4657206E-0001   0.3970111E-0002   0.4789440E+0000  -0.1785866E+0003
     8.64000   0.1972759E+0001   0.1809186E+0000   0.2182514E+0002   0.4660382E-0001   0.3970187E-0002   0.4788220E+0000  -0.1785866E+0003
     8.64800   0.1974206E+0001   0.1809376E+0000   0.2182515E+0002   0.4663557E-0001   0.3969593E-0002   0.4787369E+0000  -0.1785866E+0003
     8.65600   0.1975653E+0001   0.1809157E+0000   0.2182517E+0002   0.4666732E-0001   0.3968405E-0002   0.4786890E+0000  -0.1785868E+0003
     8.66400   0.1977100E+0001   0.1808578E+0000   0.2182519E+0002   0.4669905E-0001   0.3966735E-0002   0.4786827E+0000  -0.1785870E+0003
     8.67200   0.1978546E+0001   0.1807684E+0000   0.2182523E+0002   0.4673077E-0001   0.3964715E-0002   0.4787263E+0000  -0.1785874E+0003
     8.68000   0.1979992E+0001   0.1806504E+0000   0.2182528E+0002   0.4676247E-0001   0.3962483E-0002   0.4788306E+0000  -0.1785878E+0003
     8.68800   0.1981436E+0001   0.1805052E+0000   0.2182534E+0002   0.4679415E-0001   0.3960152E-0002   0.4790073E+0000  -0.1785883E+0003
     8.69600   0.1982878E+0001   0.1803316E+0000   0.2182542E+0002   0.4682582E-0001   0.3957791E-0002   0.4792664E+0000  -0.1785890E+0003
     8.70400   0.1984319E+0001   0.1801267E+0000   0.2182551E+0002   0.4685746E-0001   0.3955419E-0002   0.4796153E+0000  -0.1785898E+0003
     8.71200   0.1985758E+0001   0.1798864E+0000   0.2182561E+0002   0.4688908E-0001   0.3953003E-0002   0.4800577E+0000  -0.1785907E+0003
     8.72000   0.1987195E+0001   0.1796065E+0000   0.2182573E+0002   0.4692069E-0001   0.3950473E-0002   0.4805938E+0000  -0.1785918E+0003
     8.72800   0.1988630E+0001   0.1792835E+0000   0.2182586E+0002   0.4695227E-0001   0.3947751E-0002   0.4812218E+0000  -0.1785931E+0003
     8.73600   0.1990061E+0001   0.1789155E+0000   0.2182601E+0002   0.4698383E-0001   0.3944772E-0002   0.4819385E+0000  -0.1785944E+0003
     8.74400   0.1991489E+0001   0.1785026E+0000   0.2182616E+0002   0.4701536E-0001   0.3941504E-0002   0.4827409E+0000  -0.1785958E+0003
     8.75200   0.1992913E+0001   0.1780472E+0000   0.2182633E+0002   0.4704686E-0001   0.3937965E-0002   0.4836262E+0000  -0.1785974E+0003
     8.76000   0.1994334E+0001   0.1775538E+0000   0.2182650E+0002   0.4707834E-0001   0.3934224E-0002   0.4845926E+0000  -0.1785990E+0003
     8.76800   0.1995750E+0001   0.1770288E+0000   0.2182668E+0002   0.4710978E-0001   0.3930398E-0002   0.4856378E+0000  -0.1786007E+0003
     8.77600   0.1997162E+0001   0.1764802E+0000   0.2182686E+0002   0.4714119E-0001   0.3926636E-0002   0.4867592E+0000  -0.1786024E+0003
     8.78400   0.1998569E+0001   0.1759159E+0000   0.2182705E+0002   0.4717258E-0001   0.3923086E-0002   0.4879525E+0000  -0.1786042E+0003
     8.79200   0.1999972E+0001   0.1753426E+0000   0.2182724E+0002   0.4720394E-0001   0.3919854E-0002   0.4892105E+0000  -0.1786060E+0003
     8.80000   0.2001370E+0001   0.1747636E+0000   0.2182743E+0002   0.4723527E-0001   0.3916948E-0002   0.4905222E+0000  -0.1786078E+0003
     8.80800   0.2002763E+0001   0.1741766E+0000   0.2182762E+0002   0.4726659E-0001   0.3914227E-0002   0.4918710E+0000  -0.1786097E+0003
     8.81600   0.2004152E+0001   0.1735733E+0000   0.2182782E+0002   0.4729788E-0001   0.3911360E-0002   0.4932327E+0000  -0.1786116E+0003
     8.82400   0.2005535E+0001   0.1729392E+0000   0.2182803E+0002   0.4732914E-0001   0.3907822E-0002   0.4945742E+0000  -0.1786136E+0003
     8.83200   0.2006914E+0001   0.1722557E+0000   0.2182824E+0002   0.4736036E-0001   0.3902928E-0002   0.4958533E+0000  -0.1786156E+0003
     8.84000   0.2008286E+0001   0.1715038E+0000   0.2182846E+0002   0.4739153E-0001   0.3895905E-0002   0.4970189E+0000  -0.1786177E+0003
     8.84800   0.2009651E+0001   0.1706687E+0000   0.2182870E+0002   0.4742262E-0001   0.3886007E-0002   0.4980146E+0000  -0.1786198E+0003
     8.85600   0.2011009E+0001   0.1697430E+0000   0.2182895E+0002   0.4745360E-0001   0.3872632E-0002   0.4987829E+0000  -0.1786220E+0003
     8.86400   0.2012359E+0001   0.1687311E+0000   0.2182920E+0002   0.4748444E-0001   0.3855439E-0002   0.4992710E+0000  -0.1786243E+0003
     8.87200   0.2013700E+0001   0.1676496E+0000   0.2182946E+0002   0.4751512E-0001   0.3834432E-0002   0.4994378E+0000  -0.1786264E+0003
     8.88000   0.2015032E+0001   0.1665274E+0000   0.2182971E+0002   0.4754560E-0001   0.3809992E-0002   0.4992595E+0000  -0.1786285E+0003
     8.88800   0.2016355E+0001   0.1654029E+0000   0.2182996E+0002   0.4757586E-0001   0.3782869E-0002   0.4987341E+0000  -0.1786305E+0003
     8.89600   0.2017670E+0001   0.1643203E+0000   0.2183020E+0002   0.4760589E-0001   0.3754113E-0002   0.4978847E+0000  -0.1786323E+0003
     8.90400   0.2018976E+0001   0.1633249E+0000   0.2183043E+0002   0.4763569E-0001   0.3724976E-0002   0.4967589E+0000  -0.1786340E+0003
     8.91200   0.2020276E+0001   0.1624573E+0000   0.2183064E+0002   0.4766527E-0001   0.3696772E-0002   0.4954270E+0000  -0.1786355E+0003
     8.92000   0.2021570E+0001   0.1617486E+0000   0.2183083E+0002   0.4769463E-0001   0.3670741E-0002   0.4939770E+0000  -0.1786369E+0003
     8.92800   0.2022860E+0001   0.1612154E+0000   0.2183102E+0002   0.4772382E-0001   0.3647900E-0002   0.4925080E+0000  -0.1786381E+0003
     8.93600   0.2024147E+0001   0.1608569E+0000   0.2183121E+0002   0.4775285E-0001   0.3628934E-0002   0.4911208E+0000  -0.1786394E+0003
     8.94400   0.2025432E+0001   0.1606536E+0000   0.2183139E+0002   0.4778176E-0001   0.3614106E-0002   0.4899091E+0000  -0.1786407E+0003
     8.95200   0.2026716E+0001   0.1605679E+0000   0.2183158E+0002   0.4781059E-0001   0.3603237E-0002   0.4889498E+0000  -0.1786421E+0003
     8.96000   0.2028001E+0001   0.1605486E+0000   0.2183178E+0002   0.4783935E-0001   0.3595719E-0002   0.4882950E+0000  -0.1786437E+0003
     8.96800   0.2029285E+0001   0.1605364E+0000   0.2183200E+0002   0.4786808E-0001   0.3590597E-0002   0.4879661E+0000  -0.1786455E+0003
     8.97600   0.2030569E+0001   0.1604711E+0000   0.2183224E+0002   0.4789677E-0001   0.3586683E-0002   0.4879508E+0000  -0.1786475E+0003
     8.98400   0.2031851E+0001   0.1602999E+0000   0.2183250E+0002   0.4792543E-0001   0.3582703E-0002   0.4882039E+0000  -0.1786497E+0003
     8.99200   0.2033131E+0001   0.1599836E+0000   0.2183277E+0002   0.4795405E-0001   0.3577448E-0002   0.4886511E+0000  -0.1786520E+0003
     9.00000   0.2034407E+0001   0.1595023E+0000   0.2183306E+0002   0.4798261E-0001   0.3569908E-0002   0.4891960E+0000  -0.1786545E+0003
     9.00800   0.2035678E+0001   0.1588571E+0000   0.2183334E+0002   0.4801109E-0001   0.3559384E-0002   0.4897283E+0000  -0.1786569E+0003
     9.01600   0.2036943E+0001   0.1580698E+0000   0.2183361E+0002   0.4803945E-0001   0.3545552E-0002   0.4901345E+0000  -0.1786593E+0003
     9.02400   0.2038200E+0001   0.1571797E+0000   0.2183387E+0002   0.4806768E-0001   0.3528469E-0002   0.4903068E+0000  -0.1786615E+0003
     9.03200   0.2039450E+0001   0.1562388E+0000   0.2183411E+0002   0.4809575E-0001   0.3508537E-0002   0.4901522E+0000  -0.1786634E+0003
     9.04000   0.2040692E+0001   0.1553047E+0000   0.2183432E+0002   0.4812364E-0001   0.3486423E-0002   0.4895996E+0000  -0.1786651E+0003
     9.04800   0.2041928E+0001   0.1544348E+0000   0.2183451E+0002   0.4815134E-0001   0.3462954E-0002   0.4886046E+0000  -0.1786665E+0003
     9.05600   0.2043157E+0001   0.1536802E+0000   0.2183467E+0002   0.4817885E-0001   0.3438999E-0002   0.4871514E+0000  -0.1786675E+0003
     9.06400   0.2044382E+0001   0.1530808E+0000   0.2183481E+0002   0.4820618E-0001   0.3415372E-0002   0.4852532E+0000  -0.1786684E+0003
     9.07200   0.2045603E+0001   0.1526629E+0000   0.2183495E+0002   0.4823332E-0001   0.3392755E-0002   0.4829490E+0000  -0.1786691E+0003
     9.08000   0.2046823E+0001   0.1524385E+0000   0.2183507E+0002   0.4826029E-0001   0.3371660E-0002   0.4802995E+0000  -0.1786696E+0003
     9.08800   0.2048042E+0001   0.1524059E+0000   0.2183519E+0002   0.4828711E-0001   0.3352427E-0002   0.4773810E+0000  -0.1786701E+0003
     9.09600   0.2049262E+0001   0.1525526E+0000   0.2183532E+0002   0.4831379E-0001   0.3335246E-0002   0.4742795E+0000  -0.1786706E+0003
     9.10400   0.2050485E+0001   0.1528583E+0000   0.2183545E+0002   0.4834036E-0001   0.3320198E-0002   0.4710835E+0000  -0.1786711E+0003
     9.11200   0.2051712E+0001   0.1532984E+0000   0.2183559E+0002   0.4836681E-0001   0.3307300E-0002   0.4678782E+0000  -0.1786716E+0003
     9.12000   0.2052943E+0001   0.1538470E+0000   0.2183573E+0002   0.4839319E-0001   0.3296529E-0002   0.4647401E+0000  -0.1786723E+0003
     9.12800   0.2054178E+0001   0.1544788E+0000   0.2183588E+0002   0.4841949E-0001   0.3287845E-0002   0.4617334E+0000  -0.1786730E+0003
     9.13600   0.2055420E+0001   0.1551710E+0000   0.2183603E+0002   0.4844574E-0001   0.3281188E-0002   0.4589064E+0000  -0.1786737E+0003
     9.14400   0.2056667E+0001   0.1559031E+0000   0.2183617E+0002   0.4847195E-0001   0.3276463E-0002   0.4562909E+0000  -0.1786745E+0003
     9.15200   0.2057920E+0001   0.1566573E+0000   0.2183631E+0002   0.4849814E-0001   0.3273527E-0002   0.4539017E+0000  -0.1786753E+0003
     9.16000   0.2059180E+0001   0.1574176E+0000   0.2183645E+0002   0.4852432E-0001   0.3272169E-0002   0.4517376E+0000  -0.1786760E+0003
     9.16800   0.2060445E+0001   0.1581697E+0000   0.2183658E+0002   0.4855049E-0001   0.3272107E-0002   0.4497840E+0000  -0.1786768E+0003
     9.17600   0.2061716E+0001   0.1589006E+0000   0.2183670E+0002   0.4857668E-0001   0.3272993E-0002   0.4480154E+0000  -0.1786774E+0003
     9.18400   0.2062993E+0001   0.1595991E+0000   0.2183681E+0002   0.4860287E-0001   0.3274436E-0002   0.4463987E+0000  -0.1786781E+0003
     9.19200   0.2064275E+0001   0.1602562E+0000   0.2183691E+0002   0.4862908E-0001   0.3276036E-0002   0.4448967E+0000  -0.1786787E+0003
     9.20000   0.2065562E+0001   0.1608662E+0000   0.2183700E+0002   0.4865530E-0001   0.3277426E-0002   0.4434714E+0000  -0.1786792E+0003
     9.20800   0.2066853E+0001   0.1614281E+0000   0.2183709E+0002   0.4868153E-0001   0.3278324E-0002   0.4420873E+0000  -0.1786797E+0003
     9.21600   0.2068149E+0001   0.1619462E+0000   0.2183717E+0002   0.4870775E-0001   0.3278566E-0002   0.4407135E+0000  -0.1786802E+0003
     9.22400   0.2069448E+0001   0.1624303E+0000   0.2183724E+0002   0.4873398E-0001   0.3278137E-0002   0.4393260E+0000  -0.1786805E+0003
     9.23200   0.2070751E+0001   0.1628959E+0000   0.2183731E+0002   0.4876020E-0001   0.3277171E-0002   0.4379087E+0000  -0.1786808E+0003
     9.24000   0.2072058E+0001   0.1633621E+0000   0.2183736E+0002   0.4878640E-0001   0.3275938E-0002   0.4364538E+0000  -0.1786810E+0003
     9.24800   0.2073369E+0001   0.1638503E+0000   0.2183740E+0002   0.4881260E-0001   0.3274804E-0002   0.4349618E+0000  -0.1786811E+0003
     9.25600   0.2074684E+0001   0.1643816E+0000   0.2183743E+0002   0.4883880E-0001   0.3274185E-0002   0.4334404E+0000  -0.1786811E+0003
     9.26400   0.2076004E+0001   0.1649746E+0000   0.2183744E+0002   0.4886499E-0001   0.3274500E-0002   0.4319033E+0000  -0.1786809E+0003
     9.27200   0.2077329E+0001   0.1656439E+0000   0.2183743E+0002   0.4889120E-0001   0.3276124E-0002   0.4303687E+0000  -0.1786806E+0003
     9.28000   0.2078660E+0001   0.1663986E+0000   0.2183741E+0002   0.4891744E-0001   0.3279357E-0002   0.4288579E+0000  -0.1786802E+0003
     9.28800   0.2079998E+0001   0.1672421E+0000   0.2183737E+0002   0.4894371E-0001   0.3284414E-0002   0.4273935E+0000  -0.1786796E+0003
     9.29600   0.2081344E+0001   0.1681726E+0000   0.2183731E+0002   0.4897004E-0001   0.3291416E-0002   0.4259987E+0000  -0.1786789E+0003
     9.30400   0.2082697E+0001   0.1691838E+0000   0.2183724E+0002   0.4899645E-0001   0.3300409E-0002   0.4246964E+0000  -0.1786781E+0003
     9.31200   0.2084059E+0001   0.1702659E+0000   0.2183716E+0002   0.4902294E-0001   0.3311376E-0002   0.4235091E+0000  -0.1786772E+0003
     9.32000   0.2085431E+0001   0.1714070E+0000   0.2183706E+0002   0.4904953E-0001   0.3324261E-0002   0.4224587E+0000  -0.1786762E+0003
     9.32800   0.2086811E+0001   0.1725937E+0000   0.2183695E+0002   0.4907624E-0001   0.3338989E-0002   0.4215670E+0000  -0.1786752E+0003
     9.33600   0.2088202E+0001   0.1738121E+0000   0.2183683E+0002   0.4910309E-0001   0.3355479E-0002   0.4208558E+0000  -0.1786740E+0003
     9.34400   0.2089602E+0001   0.1750472E+0000   0.2183670E+0002   0.4913008E-0001   0.3373642E-0002   0.4203470E+0000  -0.1786729E+0003
     9.35200   0.2091012E+0001   0.1762833E+0000   0.2183656E+0002   0.4915722E-0001   0.3393378E-0002   0.4200618E+0000  -0.1786717E+0003
     9.36000   0.2092432E+0001   0.1775028E+0000   0.2183641E+0002   0.4918454E-0001   0.3414556E-0002   0.4200203E+0000  -0.1786704E+0003
     9.36800   0.2093862E+0001   0.1786859E+0000   0.2183625E+0002   0.4921204E-0001   0.3436997E-0002   0.4202405E+0000  -0.1786691E+0003
     9.37600   0.2095300E+0001   0.1798099E+0000   0.2183608E+0002   0.4923972E-0001   0.3460457E-0002   0.4207370E+0000  -0.1786678E+0003
     9.38400   0.2096747E+0001   0.1808503E+0000   0.2183591E+0002   0.4926760E-0001   0.3484619E-0002   0.4215199E+0000  -0.1786665E+0003
     9.39200   0.2098201E+0001   0.1817809E+0000   0.2183573E+0002   0.4929567E-0001   0.3509094E-0002   0.4225940E+0000  -0.1786651E+0003
     9.40000   0.2099662E+0001   0.1825755E+0000   0.2183554E+0002   0.4932394E-0001   0.3533445E-0002   0.4239583E+0000  -0.1786638E+0003
     9.40800   0.2101128E+0001   0.1832101E+0000   0.2183534E+0002   0.4935239E-0001   0.3557203E-0002   0.4256057E+0000  -0.1786624E+0003
     9.41600   0.2102597E+0001   0.1836639E+0000   0.2183514E+0002   0.4938103E-0001   0.3579902E-0002   0.4275234E+0000  -0.1786610E+0003
     9.42400   0.2104068E+0001   0.1839214E+0000   0.2183492E+0002   0.4940984E-0001   0.3601108E-0002   0.4296938E+0000  -0.1786596E+0003
     9.43200   0.2105540E+0001   0.1839729E+0000   0.2183470E+0002   0.4943881E-0001   0.3620438E-0002   0.4320952E+0000  -0.1786582E+0003
     9.44000   0.2107011E+0001   0.1838146E+0000   0.2183447E+0002   0.4946791E-0001   0.3637576E-0002   0.4347032E+0000  -0.1786567E+0003
     9.44800   0.2108478E+0001   0.1834484E+0000   0.2183423E+0002   0.4949713E-0001   0.3652279E-0002   0.4374921E+0000  -0.1786551E+0003
     9.45600   0.2109941E+0001   0.1828805E+0000   0.2183398E+0002   0.4952644E-0001   0.3664374E-0002   0.4404359E+0000  -0.1786535E+0003
     9.46400   0.2111398E+0001   0.1821206E+0000   0.2183371E+0002   0.4955583E-0001   0.3673745E-0002   0.4435094E+0000  -0.1786518E+0003
     9.47200   0.2112848E+0001   0.1811802E+0000   0.2183343E+0002   0.4958527E-0001   0.3680323E-0002   0.4466893E+0000  -0.1786500E+0003
     9.48000   0.2114288E+0001   0.1800714E+0000   0.2183314E+0002   0.4961475E-0001   0.3684072E-0002   0.4499547E+0000  -0.1786481E+0003
     9.48800   0.2115719E+0001   0.1788062E+0000   0.2183283E+0002   0.4964422E-0001   0.3684980E-0002   0.4532875E+0000  -0.1786461E+0003
     9.49600   0.2117138E+0001   0.1773961E+0000   0.2183251E+0002   0.4967369E-0001   0.3683052E-0002   0.4566729E+0000  -0.1786441E+0003
     9.50400   0.2118545E+0001   0.1758520E+0000   0.2183218E+0002   0.4970312E-0001   0.3678313E-0002   0.4600987E+0000  -0.1786419E+0003
     9.51200   0.2119938E+0001   0.1741844E+0000   0.2183185E+0002   0.4973248E-0001   0.3670820E-0002   0.4635561E+0000  -0.1786397E+0003
     9.52000   0.2121317E+0001   0.1724042E+0000   0.2183150E+0002   0.4976177E-0001   0.3660661E-0002   0.4670383E+0000  -0.1786375E+0003
     9.52800   0.2122682E+0001   0.1705228E+0000   0.2183115E+0002   0.4979095E-0001   0.3647971E-0002   0.4705407E+0000  -0.1786352E+0003
     9.53600   0.2124030E+0001   0.1685529E+0000   0.2183079E+0002   0.4982001E-0001   0.3632928E-0002   0.4740593E+0000  -0.1786328E+0003
     9.54400   0.2125362E+0001   0.1665079E+0000   0.2183043E+0002   0.4984894E-0001   0.3615747E-0002   0.4775904E+0000  -0.1786305E+0003
     9.55200   0.2126677E+0001   0.1644020E+0000   0.2183007E+0002   0.4987771E-0001   0.3596667E-0002   0.4811291E+0000  -0.1786281E+0003
     9.56000   0.2127975E+0001   0.1622494E+0000   0.2182971E+0002   0.4990632E-0001   0.3575934E-0002   0.4846688E+0000  -0.1786258E+0003
     9.56800   0.2129256E+0001   0.1600640E+0000   0.2182935E+0002   0.4993475E-0001   0.3553781E-0002   0.4882004E+0000  -0.1786234E+0003
     9.57600   0.2130519E+0001   0.1578586E+0000   0.2182899E+0002   0.4996300E-0001   0.3530413E-0002   0.4917123E+0000  -0.1786210E+0003
     9.58400   0.2131764E+0001   0.1556445E+0000   0.2182863E+0002   0.4999104E-0001   0.3505996E-0002   0.4951908E+0000  -0.1786187E+0003
     9.59200   0.2132991E+0001   0.1534318E+0000   0.2182828E+0002   0.5001889E-0001   0.3480658E-0002   0.4986208E+0000  -0.1786165E+0003
     9.60000   0.2134201E+0001   0.1512286E+0000   0.2182794E+0002   0.5004652E-0001   0.3454496E-0002   0.5019869E+0000  -0.1786143E+0003
     9.60800   0.2135394E+0001   0.1490419E+0000   0.2182760E+0002   0.5007395E-0001   0.3427584E-0002   0.5052742E+0000  -0.1786121E+0003
     9.61600   0.2136569E+0001   0.1468779E+0000   0.2182728E+0002   0.5010115E-0001   0.3399989E-0002   0.5084700E+0000  -0.1786100E+0003
     9.62400   0.2137726E+0001   0.1447417E+0000   0.2182697E+0002   0.5012812E-0001   0.3371780E-0002   0.5115639E+0000  -0.1786080E+0003
     9.63200   0.2138868E+0001   0.1426379E+0000   0.2182667E+0002   0.5015486E-0001   0.3343040E-0002   0.5145487E+0000  -0.1786061E+0003
     9.64000   0.2139992E+0001   0.1405706E+0000   0.2182639E+0002   0.5018137E-0001   0.3313855E-0002   0.5174196E+0000  -0.1786043E+0003
     9.64800   0.2141100E+0001   0.1385429E+0000   0.2182612E+0002   0.5020765E-0001   0.3284318E-0002   0.5201748E+0000  -0.1786027E+0003
     9.65600   0.2142193E+0001   0.1365566E+0000   0.2182587E+0002   0.5023369E-0001   0.3254508E-0002   0.5228140E+0000  -0.1786011E+0003
     9.66400   0.2143270E+0001   0.1346124E+0000   0.2182564E+0002   0.5025948E-0001   0.3224486E-0002   0.5253387E+0000  -0.1785997E+0003
     9.67200   0.2144332E+0001   0.1327090E+0000   0.2182543E+0002   0.5028504E-0001   0.3194278E-0002   0.5277515E+0000  -0.1785984E+0003
     9.68000   0.2145378E+0001   0.1308437E+0000   0.2182523E+0002   0.5031035E-0001   0.3163877E-0002   0.5300561E+0000  -0.1785972E+0003
     9.68800   0.2146410E+0001   0.1290122E+0000   0.2182505E+0002   0.5033541E-0001   0.3133242E-0002   0.5322570E+0000  -0.1785962E+0003
     9.69600   0.2147428E+0001   0.1272092E+0000   0.2182489E+0002   0.5036023E-0001   0.3102306E-0002   0.5343598E+0000  -0.1785953E+0003
     9.70400   0.2148431E+0001   0.1254286E+0000   0.2182475E+0002   0.5038480E-0001   0.3070990E-0002   0.5363707E+0000  -0.1785945E+0003
     9.71200   0.2149421E+0001   0.1236647E+0000   0.2182462E+0002   0.5040911E-0001   0.3039215E-0002   0.5382965E+0000  -0.1785938E+0003
     9.72000   0.2150396E+0001   0.1219120E+0000   0.2182451E+0002   0.5043317E-0001   0.3006916E-0002   0.5401444E+0000  -0.1785933E+0003
     9.72800   0.2151357E+0001   0.1201661E+0000   0.2182442E+0002   0.5045696E-0001   0.2974044E-0002   0.5419206E+0000  -0.1785929E+0003
     9.73600   0.2152305E+0001   0.1184239E+0000   0.2182434E+0002   0.5048048E-0001   0.2940577E-0002   0.5436305E+0000  -0.1785926E+0003
     9.74400   0.2153238E+0001   0.1166834E+0000   0.2182428E+0002   0.5050374E-0001   0.2906510E-0002   0.5452774E+0000  -0.1785924E+0003
     9.75200   0.2154158E+0001   0.1149436E+0000   0.2182424E+0002   0.5052671E-0001   0.2871853E-0002   0.5468626E+0000  -0.1785924E+0003
     9.76000   0.2155063E+0001   0.1132038E+0000   0.2182422E+0002   0.5054940E-0001   0.2836613E-0002   0.5483851E+0000  -0.1785926E+0003
     9.76800   0.2155955E+0001   0.1114637E+0000   0.2182422E+0002   0.5057181E-0001   0.2800789E-0002   0.5498417E+0000  -0.1785929E+0003
     9.77600   0.2156833E+0001   0.1097221E+0000   0.2182424E+0002   0.5059393E-0001   0.2764351E-0002   0.5512276E+0000  -0.1785933E+0003
     9.78400   0.2157697E+0001   0.1079770E+0000   0.2182428E+0002   0.5061574E-0001   0.2727238E-0002   0.5525367E+0000  -0.1785939E+0003
     9.79200   0.2158547E+0001   0.1062249E+0000   0.2182435E+0002   0.5063726E-0001   0.2689350E-0002   0.5537625E+0000  -0.1785948E+0003
     9.80000   0.2159382E+0001   0.1044610E+0000   0.2182444E+0002   0.5065846E-0001   0.2650553E-0002   0.5548984E+0000  -0.1785958E+0003
     9.80800   0.2160204E+0001   0.1026796E+0000   0.2182455E+0002   0.5067935E-0001   0.2610686E-0002   0.5559381E+0000  -0.1785969E+0003
     9.81600   0.2161011E+0001   0.1008745E+0000   0.2182469E+0002   0.5069990E-0001   0.2569582E-0002   0.5568758E+0000  -0.1785983E+0003
     9.82400   0.2161803E+0001   0.9903989E-0001   0.2182486E+0002   0.5072012E-0001   0.2527088E-0002   0.5577066E+0000  -0.1785999E+0003
     9.83200   0.2162580E+0001   0.9717117E-0001   0.2182505E+0002   0.5073999E-0001   0.2483086E-0002   0.5584263E+0000  -0.1786016E+0003
     9.84000   0.2163342E+0001   0.9526577E-0001   0.2182526E+0002   0.5075949E-0001   0.2437516E-0002   0.5590316E+0000  -0.1786035E+0003
     9.84800   0.2164089E+0001   0.9332351E-0001   0.2182548E+0002   0.5077861E-0001   0.2390386E-0002   0.5595199E+0000  -0.1786054E+0003
     9.85600   0.2164820E+0001   0.9134674E-0001   0.2182572E+0002   0.5079734E-0001   0.2341773E-0002   0.5598897E+0000  -0.1786075E+0003
     9.86400   0.2165535E+0001   0.8934004E-0001   0.2182597E+0002   0.5081568E-0001   0.2291817E-0002   0.5601400E+0000  -0.1786097E+0003
     9.87200   0.2166233E+0001   0.8730970E-0001   0.2182623E+0002   0.5083360E-0001   0.2240709E-0002   0.5602707E+0000  -0.1786118E+0003
     9.88000   0.2166915E+0001   0.8526314E-0001   0.2182649E+0002   0.5085111E-0001   0.2188671E-0002   0.5602819E+0000  -0.1786140E+0003
     9.88800   0.2167581E+0001   0.8320829E-0001   0.2182675E+0002   0.5086820E-0001   0.2135941E-0002   0.5601744E+0000  -0.1786162E+0003
     9.89600   0.2168230E+0001   0.8115325E-0001   0.2182701E+0002   0.5088486E-0001   0.2082764E-0002   0.5599493E+0000  -0.1786183E+0003
     9.90400   0.2168863E+0001   0.7910609E-0001   0.2182727E+0002   0.5090110E-0001   0.2029384E-0002   0.5596077E+0000  -0.1786203E+0003
     9.91200   0.2169479E+0001   0.7707480E-0001   0.2182751E+0002   0.5091691E-0001   0.1976044E-0002   0.5591513E+0000  -0.1786223E+0003
     9.92000   0.2170080E+0001   0.7506729E-0001   0.2182774E+0002   0.5093229E-0001   0.1922985E-0002   0.5585824E+0000  -0.1786241E+0003
     9.92800   0.2170665E+0001   0.7309138E-0001   0.2182796E+0002   0.5094725E-0001   0.1870443E-0002   0.5579041E+0000  -0.1786257E+0003
     9.93600   0.2171234E+0001   0.7115459E-0001   0.2182816E+0002   0.5096180E-0001   0.1818651E-0002   0.5571204E+0000  -0.1786273E+0003
     9.94400   0.2171788E+0001   0.6926402E-0001   0.2182835E+0002   0.5097595E-0001   0.1767826E-0002   0.5562368E+0000  -0.1786286E+0003
     9.95200   0.2172328E+0001   0.6742603E-0001   0.2182852E+0002   0.5098969E-0001   0.1718171E-0002   0.5552602E+0000  -0.1786298E+0003
     9.96000   0.2172853E+0001   0.6564609E-0001   0.2182867E+0002   0.5100305E-0001   0.1669864E-0002   0.5541985E+0000  -0.1786309E+0003
     9.96800   0.2173364E+0001   0.6392857E-0001   0.2182881E+0002   0.5101603E-0001   0.1623055E-0002   0.5530612E+0000  -0.1786318E+0003
     9.97600   0.2173862E+0001   0.6227674E-0001   0.2182893E+0002   0.5102866E-0001   0.1577862E-0002   0.5518585E+0000  -0.1786325E+0003
     9.98400   0.2174348E+0001   0.6069259E-0001   0.2182904E+0002   0.5104093E-0001   0.1534373E-0002   0.5506016E+0000  -0.1786332E+0003
     9.99200   0.2174821E+0001   0.5917679E-0001   0.2182914E+0002   0.5105287E-0001   0.1492637E-0002   0.5493020E+0000  -0.1786337E+0003
    10.00000   0.2175283E+0001   0.5772853E-0001   0.2182923E+0002   0.5106449E-0001   0.1452664E-0002   0.5479719E+0000  -0.1786342E+0003
    10.00800   0.2175734E+0001   0.5634550E-0001   0.2182932E+0002   0.5107581E-0001   0.1414422E-0002   0.5466230E+0000  -0.1786347E+0003
    10.01600   0.2176174E+0001   0.5502390E-0001   0.2182940E+0002   0.5108683E-0001   0.1377841E-0002   0.5452672E+0000  -0.1786351E+0003
    10.02400   0.2176604E+0001   0.5375870E-0001   0.2182949E+0002   0.5109758E-0001   0.1342815E-0002   0.5439155E+0000  -0.1786355E+0003
    10.03200   0.2177024E+0001   0.5254416E-0001   0.2182957E+0002   0.5110805E-0001   0.1309219E-0002   0.5425779E+0000  -0.1786360E+0003
    10.04000   0.2177435E+0001   0.5137442E-0001   0.2182966E+0002   0.5111826E-0001   0.1276920E-0002   0.5412629E+0000  -0.1786364E+0003
    10.04800   0.2177837E+0001   0.5024418E-0001   0.2182976E+0002   0.5112823E-0001   0.1245796E-0002   0.5399774E+0000  -0.1786370E+0003
    10.05600   0.2178231E+0001   0.4914916E-0001   0.2182986E+0002   0.5113796E-0001   0.1215746E-0002   0.5387264E+0000  -0.1786375E+0003
    10.06400   0.2178615E+0001   0.4808643E-0001   0.2182996E+0002   0.5114745E-0001   0.1186697E-0002   0.5375129E+0000  -0.1786382E+0003
    10.07200   0.2178992E+0001   0.4705434E-0001   0.2183007E+0002   0.5115672E-0001   0.1158605E-0002   0.5363382E+0000  -0.1786388E+0003
    10.08000   0.2179360E+0001   0.4605235E-0001   0.2183019E+0002   0.5116577E-0001   0.1131450E-0002   0.5352023E+0000  -0.1786395E+0003
    10.08800   0.2179721E+0001   0.4508077E-0001   0.2183030E+0002   0.5117461E-0001   0.1105228E-0002   0.5341038E+0000  -0.1786403E+0003
    10.09600   0.2180074E+0001   0.4414045E-0001   0.2183043E+0002   0.5118325E-0001   0.1079948E-0002   0.5330406E+0000  -0.1786411E+0003
    10.10400   0.2180420E+0001   0.4323262E-0001   0.2183055E+0002   0.5119170E-0001   0.1055625E-0002   0.5320097E+0000  -0.1786420E+0003
    10.11200   0.2180759E+0001   0.4235868E-0001   0.2183068E+0002   0.5119996E-0001   0.1032279E-0002   0.5310080E+0000  -0.1786428E+0003
    10.12000   0.2181091E+0001   0.4152012E-0001   0.2183081E+0002   0.5120803E-0001   0.1009933E-0002   0.5300321E+0000  -0.1786437E+0003
    10.12800   0.2181417E+0001   0.4071825E-0001   0.2183095E+0002   0.5121594E-0001   0.9886017E-0003   0.5290783E+0000  -0.1786447E+0003
    10.13600   0.2181736E+0001   0.3995399E-0001   0.2183108E+0002   0.5122369E-0001   0.9682947E-0003   0.5281436E+0000  -0.1786456E+0003
    10.14400   0.2182050E+0001   0.3922770E-0001   0.2183122E+0002   0.5123128E-0001   0.9490072E-0003   0.5272248E+0000  -0.1786466E+0003
    10.15200   0.2182358E+0001   0.3853914E-0001   0.2183137E+0002   0.5123873E-0001   0.9307216E-0003   0.5263197E+0000  -0.1786476E+0003
    10.16000   0.2182661E+0001   0.3788767E-0001   0.2183151E+0002   0.5124604E-0001   0.9134117E-0003   0.5254265E+0000  -0.1786486E+0003
    10.16800   0.2182960E+0001   0.3727254E-0001   0.2183166E+0002   0.5125321E-0001   0.8970511E-0003   0.5245444E+0000  -0.1786497E+0003
    10.17600   0.2183253E+0001   0.3669333E-0001   0.2183181E+0002   0.5126026E-0001   0.8816225E-0003   0.5236735E+0000  -0.1786507E+0003
    10.18400   0.2183542E+0001   0.3615015E-0001   0.2183196E+0002   0.5126720E-0001   0.8671237E-0003   0.5228147E+0000  -0.1786518E+0003
    10.19200   0.2183828E+0001   0.3564376E-0001   0.2183211E+0002   0.5127403E-0001   0.8535689E-0003   0.5219701E+0000  -0.1786529E+0003
    10.20000   0.2184109E+0001   0.3517530E-0001   0.2183226E+0002   0.5128076E-0001   0.8409839E-0003   0.5211426E+0000  -0.1786540E+0003
    10.20800   0.2184387E+0001   0.3474598E-0001   0.2183241E+0002   0.5128739E-0001   0.8293968E-0003   0.5203360E+0000  -0.1786551E+0003
    10.21600   0.2184662E+0001   0.3435668E-0001   0.2183256E+0002   0.5129394E-0001   0.8188291E-0003   0.5195544E+0000  -0.1786562E+0003
    10.22400   0.2184934E+0001   0.3400770E-0001   0.2183271E+0002   0.5130042E-0001   0.8092889E-0003   0.5188025E+0000  -0.1786573E+0003
    10.23200   0.2185203E+0001   0.3369859E-0001   0.2183285E+0002   0.5130682E-0001   0.8007668E-0003   0.5180844E+0000  -0.1786583E+0003
    10.24000   0.2185471E+0001   0.3342820E-0001   0.2183300E+0002   0.5131317E-0001   0.7932369E-0003   0.5174036E+0000  -0.1786594E+0003
    10.24800   0.2185736E+0001   0.3319473E-0001   0.2183313E+0002   0.5131946E-0001   0.7866569E-0003   0.5167631E+0000  -0.1786604E+0003
    10.25600   0.2186000E+0001   0.3299580E-0001   0.2183327E+0002   0.5132571E-0001   0.7809695E-0003   0.5161644E+0000  -0.1786614E+0003
    10.26400   0.2186263E+0001   0.3282844E-0001   0.2183340E+0002   0.5133192E-0001   0.7761033E-0003   0.5156083E+0000  -0.1786624E+0003
    10.27200   0.2186524E+0001   0.3268920E-0001   0.2183353E+0002   0.5133810E-0001   0.7719741E-0003   0.5150946E+0000  -0.1786634E+0003
    10.28000   0.2186785E+0001   0.3257433E-0001   0.2183366E+0002   0.5134424E-0001   0.7684906E-0003   0.5146223E+0000  -0.1786643E+0003
    10.28800   0.2187045E+0001   0.3248018E-0001   0.2183378E+0002   0.5135037E-0001   0.7655623E-0003   0.5141900E+0000  -0.1786653E+0003
    10.29600   0.2187304E+0001   0.3240362E-0001   0.2183390E+0002   0.5135647E-0001   0.7631119E-0003   0.5137959E+0000  -0.1786662E+0003
    10.30400   0.2187563E+0001   0.3234260E-0001   0.2183402E+0002   0.5136256E-0001   0.7610867E-0003   0.5134380E+0000  -0.1786672E+0003
    10.31200   0.2187821E+0001   0.3229651E-0001   0.2183414E+0002   0.5136864E-0001   0.7594686E-0003   0.5131144E+0000  -0.1786681E+0003
    10.32000   0.2188079E+0001   0.3226637E-0001   0.2183425E+0002   0.5137470E-0001   0.7582775E-0003   0.5128230E+0000  -0.1786689E+0003
    10.32800   0.2188337E+0001   0.3225476E-0001   0.2183435E+0002   0.5138076E-0001   0.7575705E-0003   0.5125618E+0000  -0.1786698E+0003
    10.33600   0.2188596E+0001   0.3226559E-0001   0.2183445E+0002   0.5138682E-0001   0.7574352E-0003   0.5123290E+0000  -0.1786705E+0003
    10.34400   0.2188854E+0001   0.3230369E-0001   0.2183454E+0002   0.5139289E-0001   0.7579819E-0003   0.5121228E+0000  -0.1786712E+0003
    10.35200   0.2189113E+0001   0.3237449E-0001   0.2183461E+0002   0.5139896E-0001   0.7593342E-0003   0.5119411E+0000  -0.1786718E+0003
    10.36000   0.2189373E+0001   0.3248356E-0001   0.2183468E+0002   0.5140506E-0001   0.7616195E-0003   0.5117821E+0000  -0.1786723E+0003
    10.36800   0.2189634E+0001   0.3263621E-0001   0.2183473E+0002   0.5141117E-0001   0.7649585E-0003   0.5116438E+0000  -0.1786727E+0003
    10.37600   0.2189897E+0001   0.3283693E-0001   0.2183477E+0002   0.5141733E-0001   0.7694535E-0003   0.5115246E+0000  -0.1786730E+0003
    10.38400   0.2190161E+0001   0.3308887E-0001   0.2183480E+0002   0.5142353E-0001   0.7751751E-0003   0.5114233E+0000  -0.1786732E+0003
    10.39200   0.2190428E+0001   0.3339326E-0001   0.2183482E+0002   0.5142979E-0001   0.7821501E-0003   0.5113393E+0000  -0.1786734E+0003
    10.40000   0.2190698E+0001   0.3374904E-0001   0.2183482E+0002   0.5143611E-0001   0.7903531E-0003   0.5112733E+0000  -0.1786734E+0003
    10.40800   0.2190972E+0001   0.3415274E-0001   0.2183482E+0002   0.5144251E-0001   0.7997036E-0003   0.5112267E+0000  -0.1786734E+0003
    10.41600   0.2191248E+0001   0.3459865E-0001   0.2183481E+0002   0.5144899E-0001   0.8100709E-0003   0.5112016E+0000  -0.1786733E+0003
    10.42400   0.2191529E+0001   0.3507930E-0001   0.2183479E+0002   0.5145556E-0001   0.8212849E-0003   0.5112009E+0000  -0.1786732E+0003
    10.43200   0.2191814E+0001   0.3558613E-0001   0.2183478E+0002   0.5146223E-0001   0.8331501E-0003   0.5112271E+0000  -0.1786730E+0003
    10.44000   0.2192103E+0001   0.3611009E-0001   0.2183476E+0002   0.5146899E-0001   0.8454612E-0003   0.5112822E+0000  -0.1786729E+0003
    10.44800   0.2192396E+0001   0.3664231E-0001   0.2183474E+0002   0.5147585E-0001   0.8580155E-0003   0.5113667E+0000  -0.1786727E+0003
    10.45600   0.2192693E+0001   0.3717457E-0001   0.2183472E+0002   0.5148282E-0001   0.8706236E-0003   0.5114799E+0000  -0.1786726E+0003
    10.46400   0.2192995E+0001   0.3769963E-0001   0.2183469E+0002   0.5148988E-0001   0.8831166E-0003   0.5116189E+0000  -0.1786724E+0003
    10.47200   0.2193301E+0001   0.3821151E-0001   0.2183467E+0002   0.5149705E-0001   0.8953517E-0003   0.5117793E+0000  -0.1786723E+0003
    10.48000   0.2193610E+0001   0.3870571E-0001   0.2183465E+0002   0.5150430E-0001   0.9072166E-0003   0.5119550E+0000  -0.1786721E+0003
    10.48800   0.2193924E+0001   0.3917920E-0001   0.2183463E+0002   0.5151165E-0001   0.9186310E-0003   0.5121390E+0000  -0.1786719E+0003
    10.49600   0.2194241E+0001   0.3963045E-0001   0.2183460E+0002   0.5151909E-0001   0.9295464E-0003   0.5123238E+0000  -0.1786718E+0003
    10.50400   0.2194561E+0001   0.4005916E-0001   0.2183457E+0002   0.5152661E-0001   0.9399422E-0003   0.5125024E+0000  -0.1786716E+0003
    10.51200   0.2194885E+0001   0.4046596E-0001   0.2183454E+0002   0.5153421E-0001   0.9498193E-0003   0.5126685E+0000  -0.1786713E+0003
    10.52000   0.2195212E+0001   0.4085200E-0001   0.2183451E+0002   0.5154188E-0001   0.9591927E-0003   0.5128173E+0000  -0.1786711E+0003
    10.52800   0.2195541E+0001   0.4121865E-0001   0.2183447E+0002   0.5154963E-0001   0.9680840E-0003   0.5129459E+0000  -0.1786708E+0003
    10.53600   0.2195874E+0001   0.4156722E-0001   0.2183443E+0002   0.5155744E-0001   0.9765170E-0003   0.5130531E+0000  -0.1786705E+0003
    10.54400   0.2196209E+0001   0.4189883E-0001   0.2183439E+0002   0.5156531E-0001   0.9845151E-0003   0.5131396E+0000  -0.1786702E+0003
    10.55200   0.2196547E+0001   0.4221449E-0001   0.2183435E+0002   0.5157325E-0001   0.9921011E-0003   0.5132071E+0000  -0.1786698E+0003
    10.56000   0.2196887E+0001   0.4251503E-0001   0.2183430E+0002   0.5158124E-0001   0.9992979E-0003   0.5132586E+0000  -0.1786694E+0003
    10.56800   0.2197229E+0001   0.4280123E-0001   0.2183425E+0002   0.5158929E-0001   0.1006128E-0002   0.5132973E+0000  -0.1786690E+0003
    10.57600   0.2197574E+0001   0.4307372E-0001   0.2183420E+0002   0.5159739E-0001   0.1012612E-0002   0.5133264E+0000  -0.1786686E+0003
    10.58400   0.2197921E+0001   0.4333291E-0001   0.2183415E+0002   0.5160555E-0001   0.1018765E-0002   0.5133484E+0000  -0.1786682E+0003
    10.59200   0.2198269E+0001   0.4357886E-0001   0.2183409E+0002   0.5161374E-0001   0.1024594E-0002   0.5133654E+0000  -0.1786677E+0003
    10.60000   0.2198620E+0001   0.4381126E-0001   0.2183403E+0002   0.5162198E-0001   0.1030095E-0002   0.5133779E+0000  -0.1786672E+0003
    10.60800   0.2198972E+0001   0.4402937E-0001   0.2183397E+0002   0.5163026E-0001   0.1035251E-0002   0.5133858E+0000  -0.1786667E+0003
    10.61600   0.2199326E+0001   0.4423214E-0001   0.2183391E+0002   0.5163858E-0001   0.1040038E-0002   0.5133878E+0000  -0.1786662E+0003
    10.62400   0.2199681E+0001   0.4441832E-0001   0.2183384E+0002   0.5164694E-0001   0.1044422E-0002   0.5133816E+0000  -0.1786656E+0003
    10.63200   0.2200038E+0001   0.4458672E-0001   0.2183377E+0002   0.5165533E-0001   0.1048373E-0002   0.5133647E+0000  -0.1786651E+0003
    10.64000   0.2200396E+0001   0.4473636E-0001   0.2183370E+0002   0.5166374E-0001   0.1051860E-0002   0.5133342E+0000  -0.1786645E+0003
    10.64800   0.2200755E+0001   0.4486667E-0001   0.2183363E+0002   0.5167218E-0001   0.1054865E-0002   0.5132877E+0000  -0.1786638E+0003
    10.65600   0.2201115E+0001   0.4497764E-0001   0.2183355E+0002   0.5168064E-0001   0.1057381E-0002   0.5132231E+0000  -0.1786632E+0003
    10.66400   0.2201475E+0001   0.4506994E-0001   0.2183347E+0002   0.5168912E-0001   0.1059422E-0002   0.5131391E+0000  -0.1786625E+0003
    10.67200   0.2201836E+0001   0.4514494E-0001   0.2183339E+0002   0.5169760E-0001   0.1061015E-0002   0.5130354E+0000  -0.1786618E+0003
    10.68000   0.2202198E+0001   0.4520474E-0001   0.2183330E+0002   0.5170610E-0001   0.1062210E-0002   0.5129126E+0000  -0.1786610E+0003
    10.68800   0.2202560E+0001   0.4525206E-0001   0.2183321E+0002   0.5171461E-0001   0.1063071E-0002   0.5127722E+0000  -0.1786603E+0003
    10.69600   0.2202922E+0001   0.4529017E-0001   0.2183312E+0002   0.5172312E-0001   0.1063680E-0002   0.5126163E+0000  -0.1786595E+0003
    10.70400   0.2203285E+0001   0.4532263E-0001   0.2183303E+0002   0.5173163E-0001   0.1064123E-0002   0.5124473E+0000  -0.1786587E+0003
    10.71200   0.2203648E+0001   0.4535311E-0001   0.2183293E+0002   0.5174014E-0001   0.1064492E-0002   0.5122682E+0000  -0.1786578E+0003
    10.72000   0.2204011E+0001   0.4538502E-0001   0.2183282E+0002   0.5174866E-0001   0.1064873E-0002   0.5120816E+0000  -0.1786569E+0003
    10.72800   0.2204374E+0001   0.4542118E-0001   0.2183272E+0002   0.5175719E-0001   0.1065339E-0002   0.5118903E+0000  -0.1786560E+0003
    10.73600   0.2204738E+0001   0.4546349E-0001   0.2183261E+0002   0.5176571E-0001   0.1065938E-0002   0.5116964E+0000  -0.1786550E+0003
    10.74400   0.2205102E+0001   0.4551250E-0001   0.2183249E+0002   0.5177425E-0001   0.1066688E-0002   0.5115016E+0000  -0.1786540E+0003
    10.75200   0.2205466E+0001   0.4556728E-0001   0.2183237E+0002   0.5178279E-0001   0.1067571E-0002   0.5113071E+0000  -0.1786530E+0003
    10.76000   0.2205831E+0001   0.4562518E-0001   0.2183225E+0002   0.5179134E-0001   0.1068527E-0002   0.5111132E+0000  -0.1786519E+0003
    10.76800   0.2206197E+0001   0.4568199E-0001   0.2183212E+0002   0.5179989E-0001   0.1069458E-0002   0.5109196E+0000  -0.1786508E+0003
    10.77600   0.2206563E+0001   0.4573210E-0001   0.2183200E+0002   0.5180845E-0001   0.1070232E-0002   0.5107254E+0000  -0.1786498E+0003
    10.78400   0.2206929E+0001   0.4576887E-0001   0.2183187E+0002   0.5181702E-0001   0.1070691E-0002   0.5105289E+0000  -0.1786487E+0003
    10.79200   0.2207295E+0001   0.4578506E-0001   0.2183174E+0002   0.5182558E-0001   0.1070664E-0002   0.5103275E+0000  -0.1786476E+0003
    10.80000   0.2207661E+0001   0.4577328E-0001   0.2183161E+0002   0.5183414E-0001   0.1069972E-0002   0.5101182E+0000  -0.1786465E+0003
    10.80800   0.2208027E+0001   0.4572638E-0001   0.2183149E+0002   0.5184269E-0001   0.1068444E-0002   0.5098973E+0000  -0.1786454E+0003
    10.81600   0.2208392E+0001   0.4563788E-0001   0.2183136E+0002   0.5185122E-0001   0.1065921E-0002   0.5096605E+0000  -0.1786443E+0003
    10.82400   0.2208756E+0001   0.4550228E-0001   0.2183124E+0002   0.5185972E-0001   0.1062266E-0002   0.5094029E+0000  -0.1786432E+0003
    10.83200   0.2209119E+0001   0.4531544E-0001   0.2183112E+0002   0.5186818E-0001   0.1057375E-0002   0.5091197E+0000  -0.1786421E+0003
    10.84000   0.2209479E+0001   0.4507485E-0001   0.2183100E+0002   0.5187659E-0001   0.1051183E-0002   0.5088055E+0000  -0.1786411E+0003
    10.84800   0.2209838E+0001   0.4477988E-0001   0.2183088E+0002   0.5188493E-0001   0.1043665E-0002   0.5084554E+0000  -0.1786400E+0003
    10.85600   0.2210193E+0001   0.4443186E-0001   0.2183076E+0002   0.5189321E-0001   0.1034847E-0002   0.5080645E+0000  -0.1786389E+0003
    10.86400   0.2210545E+0001   0.4403394E-0001   0.2183065E+0002   0.5190141E-0001   0.1024796E-0002   0.5076287E+0000  -0.1786379E+0003
    10.87200   0.2210894E+0001   0.4359079E-0001   0.2183054E+0002   0.5190952E-0001   0.1013618E-0002   0.5071444E+0000  -0.1786369E+0003
    10.88000   0.2211239E+0001   0.4310809E-0001   0.2183043E+0002   0.5191753E-0001   0.1001443E-0002   0.5066089E+0000  -0.1786359E+0003
    10.88800   0.2211580E+0001   0.4259196E-0001   0.2183032E+0002   0.5192544E-0001   0.9884124E-0003   0.5060202E+0000  -0.1786349E+0003
    10.89600   0.2211916E+0001   0.4204837E-0001   0.2183022E+0002   0.5193324E-0001   0.9746684E-0003   0.5053775E+0000  -0.1786339E+0003
    10.90400   0.2212248E+0001   0.4148272E-0001   0.2183012E+0002   0.5194092E-0001   0.9603401E-0003   0.5046806E+0000  -0.1786329E+0003
    10.91200   0.2212575E+0001   0.4089952E-0001   0.2183002E+0002   0.5194848E-0001   0.9455376E-0003   0.5039303E+0000  -0.1786320E+0003
    10.92000   0.2212898E+0001   0.4030224E-0001   0.2182993E+0002   0.5195593E-0001   0.9303481E-0003   0.5031281E+0000  -0.1786311E+0003
    10.92800   0.2213215E+0001   0.3969327E-0001   0.2182985E+0002   0.5196325E-0001   0.9148355E-0003   0.5022761E+0000  -0.1786302E+0003
    10.93600   0.2213528E+0001   0.3907400E-0001   0.2182977E+0002   0.5197044E-0001   0.8990411E-0003   0.5013770E+0000  -0.1786294E+0003
    10.94400   0.2213835E+0001   0.3844492E-0001   0.2182970E+0002   0.5197750E-0001   0.8829867E-0003   0.5004343E+0000  -0.1786287E+0003
    10.95200   0.2214138E+0001   0.3780586E-0001   0.2182964E+0002   0.5198444E-0001   0.8666792E-0003   0.4994518E+0000  -0.1786279E+0003
    10.96000   0.2214435E+0001   0.3715619E-0001   0.2182958E+0002   0.5199124E-0001   0.8501160E-0003   0.4984341E+0000  -0.1786273E+0003
    10.96800   0.2214727E+0001   0.3649516E-0001   0.2182953E+0002   0.5199790E-0001   0.8332927E-0003   0.4973857E+0000  -0.1786267E+0003
    10.97600   0.2215014E+0001   0.3582229E-0001   0.2182949E+0002   0.5200443E-0001   0.8162105E-0003   0.4963117E+0000  -0.1786261E+0003
    10.98400   0.2215295E+0001   0.3513762E-0001   0.2182945E+0002   0.5201082E-0001   0.7988832E-0003   0.4952169E+0000  -0.1786256E+0003
    10.99200   0.2215570E+0001   0.3444204E-0001   0.2182942E+0002   0.5201707E-0001   0.7813426E-0003   0.4941062E+0000  -0.1786251E+0003
    11.00000   0.2215840E+0001   0.3373736E-0001   0.2182939E+0002   0.5202318E-0001   0.7636411E-0003   0.4929840E+0000  -0.1786247E+0003
    11.00800   0.2216104E+0001   0.3302642E-0001   0.2182937E+0002   0.5202915E-0001   0.7458520E-0003   0.4918543E+0000  -0.1786243E+0003
    11.01600   0.2216363E+0001   0.3231296E-0001   0.2182935E+0002   0.5203497E-0001   0.7280680E-0003   0.4907204E+0000  -0.1786239E+0003
    11.02400   0.2216616E+0001   0.3160156E-0001   0.2182934E+0002   0.5204066E-0001   0.7103981E-0003   0.4895852E+0000  -0.1786236E+0003
    11.03200   0.2216863E+0001   0.3089751E-0001   0.2182933E+0002   0.5204620E-0001   0.6929648E-0003   0.4884511E+0000  -0.1786233E+0003
    11.04000   0.2217104E+0001   0.3020660E-0001   0.2182932E+0002   0.5205161E-0001   0.6759002E-0003   0.4873198E+0000  -0.1786230E+0003
    11.04800   0.2217341E+0001   0.2953498E-0001   0.2182931E+0002   0.5205688E-0001   0.6593417E-0003   0.4861929E+0000  -0.1786227E+0003
    11.05600   0.2217572E+0001   0.2888886E-0001   0.2182931E+0002   0.5206203E-0001   0.6434265E-0003   0.4850718E+0000  -0.1786225E+0003
    11.06400   0.2217798E+0001   0.2827430E-0001   0.2182931E+0002   0.5206706E-0001   0.6282867E-0003   0.4839581E+0000  -0.1786223E+0003
    11.07200   0.2218020E+0001   0.2769691E-0001   0.2182931E+0002   0.5207197E-0001   0.6140433E-0003   0.4828533E+0000  -0.1786221E+0003
    11.08000   0.2218237E+0001   0.2716171E-0001   0.2182931E+0002   0.5207678E-0001   0.6008033E-0003   0.4817599E+0000  -0.1786219E+0003
    11.08800   0.2218450E+0001   0.2667306E-0001   0.2182932E+0002   0.5208148E-0001   0.5886584E-0003   0.4806807E+0000  -0.1786218E+0003
    11.09600   0.2218660E+0001   0.2623470E-0001   0.2182933E+0002   0.5208611E-0001   0.5776870E-0003   0.4796199E+0000  -0.1786217E+0003
    11.10400   0.2218867E+0001   0.2584998E-0001   0.2182934E+0002   0.5209065E-0001   0.5679589E-0003   0.4785822E+0000  -0.1786216E+0003
    11.11200   0.2219071E+0001   0.2552204E-0001   0.2182936E+0002   0.5209513E-0001   0.5595401E-0003   0.4775735E+0000  -0.1786215E+0003
    11.12000   0.2219273E+0001   0.2525408E-0001   0.2182938E+0002   0.5209955E-0001   0.5524980E-0003   0.4766002E+0000  -0.1786216E+0003
    11.12800   0.2219474E+0001   0.2504953E-0001   0.2182941E+0002   0.5210392E-0001   0.5469055E-0003   0.4756695E+0000  -0.1786216E+0003
    11.13600   0.2219673E+0001   0.2491217E-0001   0.2182945E+0002   0.5210826E-0001   0.5428438E-0003   0.4747884E+0000  -0.1786217E+0003
    11.14400   0.2219872E+0001   0.2484627E-0001   0.2182948E+0002   0.5211259E-0001   0.5404041E-0003   0.4739640E+0000  -0.1786219E+0003
    11.15200   0.2220070E+0001   0.2485659E-0001   0.2182953E+0002   0.5211691E-0001   0.5396888E-0003   0.4732031E+0000  -0.1786222E+0003
    11.16000   0.2220270E+0001   0.2494837E-0001   0.2182958E+0002   0.5212123E-0001   0.5408108E-0003   0.4725121E+0000  -0.1786224E+0003
    11.16800   0.2220471E+0001   0.2512725E-0001   0.2182963E+0002   0.5212558E-0001   0.5438919E-0003   0.4718967E+0000  -0.1786228E+0003
    11.17600   0.2220674E+0001   0.2539908E-0001   0.2182969E+0002   0.5212998E-0001   0.5490582E-0003   0.4713625E+0000  -0.1786232E+0003
    11.18400   0.2220880E+0001   0.2576952E-0001   0.2182976E+0002   0.5213443E-0001   0.5564341E-0003   0.4709148E+0000  -0.1786236E+0003
    11.19200   0.2221090E+0001   0.2624378E-0001   0.2182982E+0002   0.5213896E-0001   0.5661346E-0003   0.4705584E+0000  -0.1786241E+0003
    11.20000   0.2221305E+0001   0.2682625E-0001   0.2182989E+0002   0.5214358E-0001   0.5782601E-0003   0.4702978E+0000  -0.1786247E+0003
    11.20800   0.2221525E+0001   0.2752047E-0001   0.2182996E+0002   0.5214832E-0001   0.5928941E-0003   0.4701371E+0000  -0.1786252E+0003
    11.21600   0.2221752E+0001   0.2832918E-0001   0.2183004E+0002   0.5215321E-0001   0.6101063E-0003   0.4700797E+0000  -0.1786258E+0003
    11.22400   0.2221986E+0001   0.2925461E-0001   0.2183011E+0002   0.5215825E-0001   0.6299577E-0003   0.4701284E+0000  -0.1786264E+0003
    11.23200   0.2222228E+0001   0.3029879E-0001   0.2183018E+0002   0.5216347E-0001   0.6525082E-0003   0.4702854E+0000  -0.1786270E+0003
    11.24000   0.2222480E+0001   0.3146375E-0001   0.2183025E+0002   0.5216889E-0001   0.6778205E-0003   0.4705524E+0000  -0.1786277E+0003
    11.24800   0.2222742E+0001   0.3275154E-0001   0.2183032E+0002   0.5217454E-0001   0.7059613E-0003   0.4709304E+0000  -0.1786284E+0003
    11.25600   0.2223015E+0001   0.3416415E-0001   0.2183039E+0002   0.5218043E-0001   0.7369995E-0003   0.4714206E+0000  -0.1786290E+0003
    11.26400   0.2223301E+0001   0.3570339E-0001   0.2183046E+0002   0.5218660E-0001   0.7710038E-0003   0.4720236E+0000  -0.1786297E+0003
    11.27200   0.2223600E+0001   0.3737091E-0001   0.2183052E+0002   0.5219306E-0001   0.8080431E-0003   0.4727402E+0000  -0.1786303E+0003
    11.28000   0.2223913E+0001   0.3916826E-0001   0.2183058E+0002   0.5219985E-0001   0.8481892E-0003   0.4735714E+0000  -0.1786309E+0003
    11.28800   0.2224242E+0001   0.4109706E-0001   0.2183062E+0002   0.5220698E-0001   0.8915200E-0003   0.4745186E+0000  -0.1786315E+0003
    11.29600   0.2224587E+0001   0.4315901E-0001   0.2183066E+0002   0.5221449E-0001   0.9381204E-0003   0.4755835E+0000  -0.1786320E+0003
    11.30400   0.2224950E+0001   0.4535563E-0001   0.2183070E+0002   0.5222239E-0001   0.9880777E-0003   0.4767684E+0000  -0.1786325E+0003
    11.31200   0.2225332E+0001   0.4768787E-0001   0.2183072E+0002   0.5223072E-0001   0.1041472E-0002   0.4780751E+0000  -0.1786329E+0003
    11.32000   0.2225733E+0001   0.5015550E-0001   0.2183073E+0002   0.5223951E-0001   0.1098365E-0002   0.4795050E+0000  -0.1786333E+0003
    11.32800   0.2226155E+0001   0.5275667E-0001   0.2183073E+0002   0.5224878E-0001   0.1158783E-0002   0.4810583E+0000  -0.1786336E+0003
    11.33600   0.2226599E+0001   0.5548758E-0001   0.2183072E+0002   0.5225856E-0001   0.1222715E-0002   0.4827336E+0000  -0.1786338E+0003
    11.34400   0.2227065E+0001   0.5834237E-0001   0.2183071E+0002   0.5226888E-0001   0.1290100E-0002   0.4845284E+0000  -0.1786340E+0003
    11.35200   0.2227556E+0001   0.6131325E-0001   0.2183068E+0002   0.5227977E-0001   0.1360836E-0002   0.4864393E+0000  -0.1786342E+0003
    11.36000   0.2228071E+0001   0.6439058E-0001   0.2183065E+0002   0.5229125E-0001   0.1434775E-0002   0.4884620E+0000  -0.1786343E+0003
    11.36800   0.2228612E+0001   0.6756317E-0001   0.2183061E+0002   0.5230334E-0001   0.1511730E-0002   0.4905922E+0000  -0.1786343E+0003
    11.37600   0.2229178E+0001   0.7081839E-0001   0.2183056E+0002   0.5231607E-0001   0.1591479E-0002   0.4928253E+0000  -0.1786343E+0003
    11.38400   0.2229771E+0001   0.7414233E-0001   0.2183050E+0002   0.5232946E-0001   0.1673765E-0002   0.4951565E+0000  -0.1786343E+0003
    11.39200   0.2230391E+0001   0.7751988E-0001   0.2183043E+0002   0.5234353E-0001   0.1758296E-0002   0.4975808E+0000  -0.1786342E+0003
    11.40000   0.2231039E+0001   0.8093479E-0001   0.2183036E+0002   0.5235829E-0001   0.1844746E-0002   0.5000928E+0000  -0.1786341E+0003
    11.40800   0.2231714E+0001   0.8436980E-0001   0.2183028E+0002   0.5237375E-0001   0.1932755E-0002   0.5026869E+0000  -0.1786339E+0003
    11.41600   0.2232416E+0001   0.8780673E-0001   0.2183019E+0002   0.5238993E-0001   0.2021930E-0002   0.5053570E+0000  -0.1786336E+0003
    11.42400   0.2233146E+0001   0.9122686E-0001   0.2183009E+0002   0.5240682E-0001   0.2111852E-0002   0.5080961E+0000  -0.1786334E+0003
    11.43200   0.2233903E+0001   0.9461123E-0001   0.2182999E+0002   0.5242444E-0001   0.2202080E-0002   0.5108967E+0000  -0.1786330E+0003
    11.44000   0.2234687E+0001   0.9794116E-0001   0.2182988E+0002   0.5244277E-0001   0.2292160E-0002   0.5137498E+0000  -0.1786327E+0003
    11.44800   0.2235496E+0001   0.1011985E+0000   0.2182976E+0002   0.5246183E-0001   0.2381631E-0002   0.5166453E+0000  -0.1786323E+0003
    11.45600   0.2236331E+0001   0.1043658E+0000   0.2182964E+0002   0.5248159E-0001   0.2470026E-0002   0.5195719E+0000  -0.1786318E+0003
    11.46400   0.2237191E+0001   0.1074261E+0000   0.2182951E+0002   0.5250204E-0001   0.2556873E-0002   0.5225172E+0000  -0.1786314E+0003
    11.47200   0.2238073E+0001   0.1103632E+0000   0.2182938E+0002   0.5252318E-0001   0.2641683E-0002   0.5254680E+0000  -0.1786309E+0003
    11.48000   0.2238979E+0001   0.1131605E+0000   0.2182925E+0002   0.5254497E-0001   0.2723952E-0002   0.5284100E+0000  -0.1786304E+0003
    11.48800   0.2239905E+0001   0.1158017E+0000   0.2182913E+0002   0.5256739E-0001   0.2803154E-0002   0.5313286E+0000  -0.1786299E+0003
    11.49600   0.2240851E+0001   0.1182701E+0000   0.2182900E+0002   0.5259042E-0001   0.2878735E-0002   0.5342088E+0000  -0.1786295E+0003
    11.50400   0.2241816E+0001   0.1205489E+0000   0.2182888E+0002   0.5261402E-0001   0.2950126E-0002   0.5370353E+0000  -0.1786290E+0003
    11.51200   0.2242797E+0001   0.1226214E+0000   0.2182876E+0002   0.5263816E-0001   0.3016738E-0002   0.5397926E+0000  -0.1786286E+0003
    11.52000   0.2243792E+0001   0.1244710E+0000   0.2182866E+0002   0.5266278E-0001   0.3077982E-0002   0.5424655E+0000  -0.1786283E+0003
    11.52800   0.2244801E+0001   0.1260818E+0000   0.2182857E+0002   0.5268785E-0001   0.3133267E-0002   0.5450386E+0000  -0.1786281E+0003
    11.53600   0.2245821E+0001   0.1274382E+0000   0.2182849E+0002   0.5271330E-0001   0.3182012E-0002   0.5474967E+0000  -0.1786280E+0003
    11.54400   0.2246849E+0001   0.1285256E+0000   0.2182844E+0002   0.5273909E-0001   0.3223647E-0002   0.5498251E+0000  -0.1786280E+0003
    11.55200   0.2247883E+0001   0.1293297E+0000   0.2182840E+0002   0.5276515E-0001   0.3257618E-0002   0.5520103E+0000  -0.1786282E+0003
    11.56000   0.2248922E+0001   0.1298370E+0000   0.2182839E+0002   0.5279142E-0001   0.3283398E-0002   0.5540396E+0000  -0.1786285E+0003
    11.56800   0.2249962E+0001   0.1300351E+0000   0.2182841E+0002   0.5281782E-0001   0.3300499E-0002   0.5559019E+0000  -0.1786290E+0003
    11.57600   0.2251002E+0001   0.1299134E+0000   0.2182846E+0002   0.5284429E-0001   0.3308491E-0002   0.5575876E+0000  -0.1786298E+0003
    11.58400   0.2252037E+0001   0.1294633E+0000   0.2182854E+0002   0.5287075E-0001   0.3307020E-0002   0.5590889E+0000  -0.1786308E+0003
    11.59200   0.2253067E+0001   0.1286786E+0000   0.2182866E+0002   0.5289712E-0001   0.3295812E-0002   0.5603994E+0000  -0.1786321E+0003
    11.60000   0.2254087E+0001   0.1275551E+0000   0.2182882E+0002   0.5292331E-0001   0.3274677E-0002   0.5615147E+0000  -0.1786337E+0003
    11.60800   0.2255096E+0001   0.1260910E+0000   0.2182903E+0002   0.5294926E-0001   0.3243507E-0002   0.5624317E+0000  -0.1786356E+0003
    11.61600   0.2256090E+0001   0.1242865E+0000   0.2182928E+0002   0.5297488E-0001   0.3202280E-0002   0.5631489E+0000  -0.1786379E+0003
    11.62400   0.2257067E+0001   0.1221445E+0000   0.2182958E+0002   0.5300009E-0001   0.3151067E-0002   0.5636661E+0000  -0.1786405E+0003
    11.63200   0.2258025E+0001   0.1196711E+0000   0.2182994E+0002   0.5302481E-0001   0.3090051E-0002   0.5639841E+0000  -0.1786435E+0003
    11.64000   0.2258960E+0001   0.1168760E+0000   0.2183034E+0002   0.5304896E-0001   0.3019532E-0002   0.5641051E+0000  -0.1786469E+0003
    11.64800   0.2259870E+0001   0.1137725E+0000   0.2183081E+0002   0.5307248E-0001   0.2939929E-0002   0.5640325E+0000  -0.1786508E+0003
    11.65600   0.2260753E+0001   0.1103775E+0000   0.2183134E+0002   0.5309530E-0001   0.2851772E-0002   0.5637713E+0000  -0.1786551E+0003
    11.66400   0.2261607E+0001   0.1067107E+0000   0.2183192E+0002   0.5311734E-0001   0.2755692E-0002   0.5633282E+0000  -0.1786599E+0003
    11.67200   0.2262429E+0001   0.1027952E+0000   0.2183256E+0002   0.5313856E-0001   0.2652420E-0002   0.5627118E+0000  -0.1786651E+0003
    11.68000   0.2263218E+0001   0.9865752E-0001   0.2183326E+0002   0.5315891E-0001   0.2542796E-0002   0.5619330E+0000  -0.1786708E+0003
    11.68800   0.2263973E+0001   0.9432887E-0001   0.2183401E+0002   0.5317833E-0001   0.2427787E-0002   0.5610054E+0000  -0.1786768E+0003
    11.69600   0.2264692E+0001   0.8984506E-0001   0.2183482E+0002   0.5319680E-0001   0.2308488E-0002   0.5599453E+0000  -0.1786833E+0003
    11.70400   0.2265374E+0001   0.8524666E-0001   0.2183566E+0002   0.5321428E-0001   0.2186117E-0002   0.5587727E+0000  -0.1786900E+0003
    11.71200   0.2266018E+0001   0.8057860E-0001   0.2183652E+0002   0.5323078E-0001   0.2062000E-0002   0.5575108E+0000  -0.1786970E+0003
    11.72000   0.2266625E+0001   0.7588963E-0001   0.2183740E+0002   0.5324628E-0001   0.1937547E-0002   0.5561865E+0000  -0.1787041E+0003
    11.72800   0.2267195E+0001   0.7123221E-0001   0.2183828E+0002   0.5326079E-0001   0.1814245E-0002   0.5548296E+0000  -0.1787111E+0003
    11.73600   0.2267729E+0001   0.6666247E-0001   0.2183914E+0002   0.5327434E-0001   0.1693646E-0002   0.5534725E+0000  -0.1787179E+0003
    11.74400   0.2268227E+0001   0.6223993E-0001   0.2183994E+0002   0.5328696E-0001   0.1577356E-0002   0.5521495E+0000  -0.1787243E+0003
    11.75200   0.2268691E+0001   0.5802649E-0001   0.2184067E+0002   0.5329870E-0001   0.1467005E-0002   0.5508952E+0000  -0.1787302E+0003
    11.76000   0.2269123E+0001   0.5408450E-0001   0.2184131E+0002   0.5330961E-0001   0.1364193E-0002   0.5497430E+0000  -0.1787352E+0003
    11.76800   0.2269527E+0001   0.5047384E-0001   0.2184181E+0002   0.5331978E-0001   0.1270420E-0002   0.5487234E+0000  -0.1787392E+0003
    11.77600   0.2269905E+0001   0.4724860E-0001   0.2184217E+0002   0.5332927E-0001   0.1187008E-0002   0.5478616E+0000  -0.1787420E+0003
    11.78400   0.2270261E+0001   0.4445367E-0001   0.2184235E+0002   0.5333819E-0001   0.1115020E-0002   0.5471757E+0000  -0.1787434E+0003
    11.79200   0.2270598E+0001   0.4212135E-0001   0.2184234E+0002   0.5334663E-0001   0.1055188E-0002   0.5466753E+0000  -0.1787432E+0003
    11.80000   0.2270920E+0001   0.4026833E-0001   0.2184213E+0002   0.5335470E-0001   0.1007845E-0002   0.5463598E+0000  -0.1787414E+0003
    11.80800   0.2271231E+0001   0.3889285E-0001   0.2184172E+0002   0.5336248E-0001   0.9728668E-0003   0.5462185E+0000  -0.1787379E+0003
    11.81600   0.2271535E+0001   0.3797261E-0001   0.2184110E+0002   0.5337008E-0001   0.9496205E-0003   0.5462306E+0000  -0.1787327E+0003
    11.82400   0.2271835E+0001   0.3746390E-0001   0.2184029E+0002   0.5337757E-0001   0.9369460E-0003   0.5463659E+0000  -0.1787261E+0003
    11.83200   0.2272133E+0001   0.3730240E-0001   0.2183933E+0002   0.5338504E-0001   0.9331726E-0003   0.5465868E+0000  -0.1787181E+0003
    11.84000   0.2272432E+0001   0.3740611E-0001   0.2183823E+0002   0.5339253E-0001   0.9361866E-0003   0.5468502E+0000  -0.1787090E+0003
    11.84800   0.2272734E+0001   0.3768035E-0001   0.2183704E+0002   0.5340007E-0001   0.9435521E-0003   0.5471112E+0000  -0.1786991E+0003
    11.85600   0.2273038E+0001   0.3802449E-0001   0.2183579E+0002   0.5340770E-0001   0.9526761E-0003   0.5473251E+0000  -0.1786888E+0003
    11.86400   0.2273345E+0001   0.3833966E-0001   0.2183454E+0002   0.5341538E-0001   0.9610029E-0003   0.5474508E+0000  -0.1786783E+0003
    11.87200   0.2273653E+0001   0.3853638E-0001   0.2183330E+0002   0.5342311E-0001   0.9662110E-0003   0.5474522E+0000  -0.1786681E+0003
    11.88000   0.2273961E+0001   0.3854114E-0001   0.2183213E+0002   0.5343085E-0001   0.9663874E-0003   0.5472999E+0000  -0.1786583E+0003
    11.88800   0.2274268E+0001   0.3830128E-0001   0.2183105E+0002   0.5343853E-0001   0.9601575E-0003   0.5469713E+0000  -0.1786492E+0003
    11.89600   0.2274570E+0001   0.3778766E-0001   0.2183007E+0002   0.5344610E-0001   0.9467602E-0003   0.5464513E+0000  -0.1786409E+0003
    11.90400   0.2274866E+0001   0.3699537E-0001   0.2182920E+0002   0.5345351E-0001   0.9260699E-0003   0.5457321E+0000  -0.1786335E+0003
    11.91200   0.2275153E+0001   0.3594273E-0001   0.2182844E+0002   0.5346070E-0001   0.8985717E-0003   0.5448131E+0000  -0.1786270E+0003
    11.92000   0.2275431E+0001   0.3466871E-0001   0.2182778E+0002   0.5346762E-0001   0.8652916E-0003   0.5437003E+0000  -0.1786212E+0003
    11.92800   0.2275697E+0001   0.3322845E-0001   0.2182720E+0002   0.5347424E-0001   0.8276756E-0003   0.5424054E+0000  -0.1786162E+0003
    11.93600   0.2275950E+0001   0.3168652E-0001   0.2182669E+0002   0.5348054E-0001   0.7874091E-0003   0.5409435E+0000  -0.1786116E+0003
    11.94400   0.2276191E+0001   0.3010805E-0001   0.2182623E+0002   0.5348651E-0001   0.7461853E-0003   0.5393320E+0000  -0.1786075E+0003
    11.95200   0.2276419E+0001   0.2854918E-0001   0.2182581E+0002   0.5349215E-0001   0.7054578E-0003   0.5375880E+0000  -0.1786036E+0003
    11.96000   0.2276636E+0001   0.2704909E-0001   0.2182540E+0002   0.5349748E-0001   0.6662418E-0003   0.5357280E+0000  -0.1785998E+0003
    11.96800   0.2276841E+0001   0.2562647E-0001   0.2182500E+0002   0.5350252E-0001   0.6290293E-0003   0.5337670E+0000  -0.1785960E+0003
    11.97600   0.2277035E+0001   0.2428182E-0001   0.2182460E+0002   0.5350727E-0001   0.5938528E-0003   0.5317186E+0000  -0.1785923E+0003
    11.98400   0.2277219E+0001   0.2300468E-0001   0.2182421E+0002   0.5351175E-0001   0.5604691E-0003   0.5295949E+0000  -0.1785886E+0003
    11.99200   0.2277393E+0001   0.2178258E-0001   0.2182382E+0002   0.5351598E-0001   0.5285847E-0003   0.5274062E+0000  -0.1785850E+0003
    12.00000   0.2277558E+0001   0.2060783E-0001   0.2182345E+0002   0.5351996E-0001   0.4980197E-0003   0.5251611E+0000  -0.1785814E+0003
    12.00800   0.2277714E+0001   0.1947918E-0001   0.2182308E+0002   0.5352371E-0001   0.4687485E-0003   0.5228672E+0000  -0.1785778E+0003
    12.01600   0.2277861E+0001   0.1839874E-0001   0.2182272E+0002   0.5352724E-0001   0.4408223E-0003   0.5205328E+0000  -0.1785744E+0003
    12.02400   0.2278000E+0001   0.1736678E-0001   0.2182237E+0002   0.5353055E-0001   0.4142464E-0003   0.5181699E+0000  -0.1785710E+0003
    12.03200   0.2278131E+0001   0.1637841E-0001   0.2182203E+0002   0.5353367E-0001   0.3889036E-0003   0.5157971E+0000  -0.1785677E+0003
    12.04000   0.2278255E+0001   0.1542431E-0001   0.2182170E+0002   0.5353658E-0001   0.3645772E-0003   0.5134406E+0000  -0.1785645E+0003
    12.04800   0.2278371E+0001   0.1449498E-0001   0.2182137E+0002   0.5353931E-0001   0.3410510E-0003   0.5111333E+0000  -0.1785613E+0003
    12.05600   0.2278479E+0001   0.1358498E-0001   0.2182104E+0002   0.5354186E-0001   0.3182079E-0003   0.5089113E+0000  -0.1785581E+0003
    12.06400   0.2278581E+0001   0.1269386E-0001   0.2182071E+0002   0.5354422E-0001   0.2960468E-0003   0.5068088E+0000  -0.1785549E+0003
    12.07200   0.2278675E+0001   0.1182260E-0001   0.2182036E+0002   0.5354642E-0001   0.2745923E-0003   0.5048532E+0000  -0.1785517E+0003
    12.08000   0.2278763E+0001   0.1096751E-0001   0.2182000E+0002   0.5354845E-0001   0.2537531E-0003   0.5030621E+0000  -0.1785484E+0003
    12.08800   0.2278844E+0001   0.1011598E-0001   0.2181964E+0002   0.5355032E-0001   0.2332248E-0003   0.5014423E+0000  -0.1785450E+0003
    12.09600   0.2278918E+0001   0.9247255E-0002   0.2181928E+0002   0.5355202E-0001   0.2125133E-0003   0.4999904E+0000  -0.1785417E+0003
    12.10400   0.2278985E+0001   0.8338731E-0002   0.2181891E+0002   0.5355355E-0001   0.1910827E-0003   0.4986922E+0000  -0.1785384E+0003
    12.11200   0.2279044E+0001   0.7374325E-0002   0.2181855E+0002   0.5355489E-0001   0.1685473E-0003   0.4975210E+0000  -0.1785352E+0003
    12.12000   0.2279094E+0001   0.6350322E-0002   0.2181819E+0002   0.5355605E-0001   0.1448043E-0003   0.4964349E+0000  -0.1785320E+0003
    12.12800   0.2279137E+0001   0.5275973E-0002   0.2181784E+0002   0.5355701E-0001   0.1200456E-0003   0.4953744E+0000  -0.1785289E+0003
    12.13600   0.2279170E+0001   0.4169497E-0002   0.2181749E+0002   0.5355777E-0001   0.9466850E-0004   0.4942693E+0000  -0.1785258E+0003
    12.14400   0.2279194E+0001   0.3054035E-0002   0.2181715E+0002   0.5355832E-0001   0.6918832E-0004   0.4930162E+0000  -0.1785227E+0003
    12.15200   0.2279210E+0001   0.1965498E-0002   0.2181680E+0002   0.5355868E-0001   0.4441563E-0004   0.4915871E+0000  -0.1785195E+0003
    12.16000   0.2279218E+0001   0.9503346E-0003   0.2181644E+0002   0.5355885E-0001   0.2141342E-0004   0.4900524E+0000  -0.1785162E+0003
    12.16800   0.2279218E+0001   0.8151369E-0004   0.2181171E+0002   0.5355886E-0001   0.1831004E-0005   0.4885111E+0000  -0.1785126E+0003
    12.17600   0.2279218E+0001  -0.6002143E-0015   0.2180908E+0002   0.5355886E-0001   0.8261621E-0016   0.4872326E+0000  -0.1785095E+0003
    12.18400   0.2279218E+0001   0.2545707E-0014   0.2180505E+0002   0.5355886E-0001  -0.2753874E-0016   0.4863238E+0000  -0.1785065E+0003
    12.19200   0.2279218E+0001   0.7667478E-0015   0.2180027E+0002   0.5355886E-0001   0.3317659E-0016   0.4858787E+0000  -0.1785033E+0003
    12.20000   0.2279218E+0001  -0.4744469E-0015   0.2179528E+0002   0.5355886E-0001   0.3144186E-0016   0.4858064E+0000  -0.1784999E+0003
    12.20800   0.2279218E+0001  -0.5872039E-0015   0.2179024E+0002   0.5355886E-0001   0.1344411E-0016   0.4860089E+0000  -0.1784966E+0003
    12.21600   0.2279218E+0001   0.4085274E-0015   0.2178512E+0002   0.5355886E-0001   0.7546047E-0016   0.4863968E+0000  -0.1784935E+0003
    12.22400   0.2279218E+0001   0.1509209E-0014   0.2177993E+0002   0.5355886E-0001   0.2688821E-0016   0.4868810E+0000  -0.1784905E+0003
    12.23200   0.2279218E+0001  -0.1621966E-0015   0.2177468E+0002   0.5355886E-0001   0.7350891E-0016   0.4873999E+0000  -0.1784875E+0003
    12.24000   0.2279218E+0001  -0.1575129E-0014   0.2176945E+0002   0.5355886E-0001   0.6483529E-0016   0.4879185E+0000  -0.1784846E+0003
    12.24800   0.2279218E+0001   0.3894454E-0015   0.2176427E+0002   0.5355886E-0001  -0.4423545E-0016   0.4884153E+0000  -0.1784818E+0003
    12.25600   0.2279218E+0001   0.7077672E-0015   0.2175918E+0002   0.5355886E-0001   0.3295975E-0016   0.4888721E+0000  -0.1784791E+0003
    12.26400   0.2279218E+0001   0.1354385E-0014   0.2175422E+0002   0.5355886E-0001   0.1366095E-0016   0.4892724E+0000  -0.1784765E+0003
    12.27200   0.2279218E+0001   0.2970714E-0015   0.2174940E+0002   0.5355886E-0001   0.6396793E-0016   0.4896026E+0000  -0.1784740E+0003
    12.28000   0.2279218E+0001   0.3073063E-0014   0.2174472E+0002   0.5355886E-0001   0.2949030E-0016   0.4898516E+0000  -0.1784717E+0003
    12.28800   0.2279218E+0001   0.8153200E-0015   0.2174020E+0002   0.5355886E-0001   0.1279359E-0016   0.4900108E+0000  -0.1784694E+0003
    12.29600   0.2279218E+0001   0.5126108E-0015   0.2173584E+0002   0.5355886E-0001   0.8120674E-0016   0.4900745E+0000  -0.1784673E+0003
    12.30400   0.2279218E+0001   0.8604228E-0015   0.2173165E+0002   0.5355886E-0001   0.4542807E-0016   0.4900413E+0000  -0.1784652E+0003
    12.31200   0.2279218E+0001   0.2139781E-0014   0.2172765E+0002   0.5355886E-0001   0.3295975E-0016   0.4899154E+0000  -0.1784631E+0003
    12.32000   0.2279218E+0001   0.6166942E-0015   0.2172384E+0002   0.5355886E-0001   0.5160802E-0016   0.4897043E+0000  -0.1784612E+0003
    12.32800   0.2279218E+0001  -0.6531234E-0015   0.2172023E+0002   0.5355886E-0001   0.1102634E-0015   0.4894154E+0000  -0.1784592E+0003
    12.33600   0.2279218E+0001  -0.2949030E-0015   0.2171682E+0002   0.5355886E-0001   0.8988036E-0016   0.4890543E+0000  -0.1784573E+0003
    12.34400   0.2279218E+0001   0.1176143E-0014   0.2171359E+0002   0.5355886E-0001   0.3133344E-0016   0.4886246E+0000  -0.1784553E+0003
    12.35200   0.2279218E+0001   0.7840950E-0015   0.2171055E+0002   0.5355886E-0001   0.1048424E-0015   0.4881300E+0000  -0.1784534E+0003
    12.36000   0.2279218E+0001   0.1700029E-0014   0.2170770E+0002   0.5355886E-0001   0.1214306E-0016   0.4875757E+0000  -0.1784514E+0003
    12.36800   0.2279218E+0001  -0.9462917E-0015   0.2170502E+0002   0.5355886E-0001   0.2889399E-0016   0.4869683E+0000  -0.1784495E+0003
    12.37600   0.2279218E+0001  -0.2639382E-0014   0.2170251E+0002   0.5355886E-0001   0.1176901E-0015   0.4863142E+0000  -0.1784475E+0003
    12.38400   0.2279218E+0001   0.8951173E-0015   0.2170014E+0002   0.5355886E-0001   0.9540979E-0017   0.4856181E+0000  -0.1784454E+0003
    12.39200   0.2279218E+0001   0.6765422E-0016   0.2169791E+0002   0.5355886E-0001   0.6369688E-0016   0.4848817E+0000  -0.1784434E+0003
    12.40000   0.2279218E+0001   0.2751271E-0014   0.2169580E+0002   0.5355886E-0001   0.3569736E-0016   0.4841055E+0000  -0.1784412E+0003
    12.40800   0.2279218E+0001  -0.1749469E-0014   0.2169380E+0002   0.5355886E-0001   0.6551292E-0016   0.4832892E+0000  -0.1784391E+0003
    12.41600   0.2279218E+0001  -0.1678345E-0014   0.2169191E+0002   0.5355886E-0001   0.1551883E-0015   0.4824329E+0000  -0.1784369E+0003
    12.42400   0.2279218E+0001  -0.9488937E-0015   0.2169011E+0002   0.5355886E-0001   0.1032567E-0015   0.4815365E+0000  -0.1784346E+0003
    12.43200   0.2279218E+0001   0.1752071E-0015   0.2168839E+0002   0.5355886E-0001   0.4808437E-0016   0.4805982E+0000  -0.1784323E+0003
    12.44000   0.2279218E+0001   0.2020085E-0014   0.2168674E+0002   0.5355886E-0001   0.1073360E-0016   0.4796151E+0000  -0.1784300E+0003
    12.44800   0.2279218E+0001   0.1164867E-0014   0.2168515E+0002   0.5355886E-0001   0.5545694E-0016   0.4785841E+0000  -0.1784276E+0003
    12.45600   0.2279218E+0001  -0.1257675E-0015   0.2168362E+0002   0.5355886E-0001   0.9264508E-0016   0.4775044E+0000  -0.1784253E+0003
    12.46400   0.2279218E+0001  -0.1121065E-0014   0.2168215E+0002   0.5355886E-0001   0.3220080E-0016   0.4763779E+0000  -0.1784229E+0003
    12.47200   0.2279218E+0001   0.1604619E-0015   0.2168074E+0002   0.5355886E-0001   0.1322727E-0016   0.4752094E+0000  -0.1784205E+0003
    12.48000   0.2279218E+0001   0.1960238E-0014   0.2167939E+0002   0.5355886E-0001   0.4716279E-0016   0.4740050E+0000  -0.1784181E+0003
    12.48800   0.2279218E+0001  -0.3298577E-0014   0.2167811E+0002   0.5355886E-0001   0.1222980E-0015   0.4727716E+0000  -0.1784157E+0003
    12.49600   0.2279218E+0001   0.6231994E-0015   0.2167689E+0002   0.5355886E-0001   0.5225854E-0016   0.4715164E+0000  -0.1784133E+0003
    12.50400   0.2279218E+0001   0.2693158E-0015   0.2167574E+0002   0.5355886E-0001   0.7025630E-0016   0.4702475E+0000  -0.1784110E+0003
    12.51200   0.2279218E+0001  -0.1435917E-0014   0.2167467E+0002   0.5355886E-0001   0.8608565E-0016   0.4689740E+0000  -0.1784087E+0003
    12.52000   0.2279218E+0001   0.1143183E-0014   0.2167368E+0002   0.5355886E-0001   0.2146720E-0016   0.4677052E+0000  -0.1784064E+0003
    12.52800   0.2279218E+0001   0.1298441E-0014   0.2167278E+0002   0.5355886E-0001   0.1301043E-0017   0.4664512E+0000  -0.1784041E+0003
    12.53600   0.2279218E+0001  -0.5334275E-0015   0.2167197E+0002   0.5355886E-0001   0.7654467E-0016   0.4652214E+0000  -0.1784019E+0003
    12.54400   0.2279218E+0001   0.1680080E-0014   0.2167126E+0002   0.5355886E-0001   0.9107298E-0017   0.4640239E+0000  -0.1783997E+0003
    12.55200   0.2279218E+0001   0.7676151E-0015   0.2167068E+0002   0.5355886E-0001   0.2493665E-0016   0.4628640E+0000  -0.1783975E+0003
    12.56000   0.2279218E+0001  -0.5035035E-0015   0.2167024E+0002   0.5355886E-0001   0.3512815E-0016   0.4617450E+0000  -0.1783954E+0003
    12.56800   0.2279218E+0001   0.1079432E-0014   0.2166996E+0002   0.5355886E-0001   0.2428613E-0016   0.4606686E+0000  -0.1783932E+0003
    12.57600   0.2279218E+0001   0.4286935E-0015   0.2166982E+0002   0.5355886E-0001   0.3773024E-0016   0.4596368E+0000  -0.1783910E+0003
    12.58400   0.2279218E+0001  -0.1073360E-0015   0.2166983E+0002   0.5355886E-0001   0.7155734E-0016   0.4586521E+0000  -0.1783889E+0003
    12.59200   0.2279218E+0001  -0.1927278E-0014   0.2166996E+0002   0.5355886E-0001   0.3599551E-0016   0.4577181E+0000  -0.1783868E+0003
    12.60000   0.2279218E+0001  -0.4475587E-0015   0.2167023E+0002   0.5355886E-0001   0.9974660E-0016   0.4568383E+0000  -0.1783848E+0003
    12.60800   0.2279218E+0001  -0.1599849E-0014   0.2167063E+0002   0.5355886E-0001   0.8977194E-0016   0.4560187E+0000  -0.1783827E+0003
    12.61600   0.2279218E+0001   0.1906027E-0015   0.2167121E+0002   0.5355886E-0001  -0.3035766E-0017   0.4552671E+0000  -0.1783806E+0003
    12.62400   0.2279218E+0001  -0.5583641E-0015   0.2167198E+0002   0.5355886E-0001   0.6071532E-0016   0.4545871E+0000  -0.1783785E+0003
    12.63200   0.2279218E+0001   0.3623404E-0015   0.2167295E+0002   0.5355886E-0001   0.1058181E-0015   0.4539738E+0000  -0.1783765E+0003
    12.64000   0.2279218E+0001  -0.1501837E-0014   0.2167411E+0002   0.5355886E-0001   0.1001803E-0015   0.4534169E+0000  -0.1783744E+0003
    12.64800   0.2279218E+0001   0.1301043E-0015   0.2167544E+0002   0.5355886E-0001   0.8239937E-0017   0.4529105E+0000  -0.1783723E+0003
    12.65600   0.2279218E+0001   0.1408379E-0014   0.2167694E+0002   0.5355886E-0001   0.6071532E-0016   0.4524626E+0000  -0.1783702E+0003
    12.66400   0.2279218E+0001   0.1031944E-0014   0.2167861E+0002   0.5355886E-0001   0.2168404E-0017   0.4520963E+0000  -0.1783682E+0003
    12.67200   0.2279218E+0001  -0.7697835E-0015   0.2168046E+0002   0.5355886E-0001   0.4597017E-0016   0.4518409E+0000  -0.1783660E+0003
    12.68000   0.2279218E+0001   0.6815295E-0015   0.2168250E+0002   0.5355886E-0001   0.1214306E-0016   0.4517169E+0000  -0.1783639E+0003
    12.68800   0.2279218E+0001   0.8823237E-0015   0.2168472E+0002   0.5355886E-0001   0.5377643E-0016   0.4517255E+0000  -0.1783617E+0003
    12.69600   0.2279218E+0001   0.2337540E-0015   0.2168717E+0002   0.5355886E-0001   0.5507747E-0016   0.4518519E+0000  -0.1783595E+0003
    12.70400   0.2279218E+0001  -0.7264155E-0016   0.2168986E+0002   0.5355886E-0001   0.6245005E-0016   0.4520815E+0000  -0.1783573E+0003
    12.71200   0.2279218E+0001   0.1328365E-0014   0.2169282E+0002   0.5355886E-0001   0.9454243E-0016   0.4524180E+0000  -0.1783550E+0003
    12.72000   0.2279218E+0001  -0.4200199E-0015   0.2169603E+0002   0.5355886E-0001   0.1257675E-0016   0.4528870E+0000  -0.1783527E+0003
    12.72800   0.2279218E+0001  -0.9623378E-0015   0.2169947E+0002   0.5355886E-0001   0.2081668E-0016   0.4535222E+0000  -0.1783504E+0003
    12.73600   0.2279218E+0001  -0.1709462E-0014   0.2170314E+0002   0.5355886E-0001   0.3903128E-0016   0.4543436E+0000  -0.1783482E+0003
    12.74400   0.2279218E+0001   0.2270319E-0014   0.2170706E+0002   0.5355886E-0001   0.3859760E-0016   0.4553416E+0000  -0.1783459E+0003
    12.75200   0.2279218E+0001  -0.5952270E-0015   0.2171124E+0002   0.5355886E-0001   0.5247539E-0016   0.4564801E+0000  -0.1783436E+0003
    12.76000   0.2279218E+0001   0.1883801E-0014   0.2171594E+0002   0.5355886E-0001  -0.3903128E-0017   0.4575085E+0000  -0.1783413E+0003
    12.76800   0.2279218E+0001   0.8170548E-0015   0.2172124E+0002   0.5355886E-0001   0.2298509E-0016   0.4582758E+0000  -0.1783391E+0003
    12.77600   0.2279218E+0001   0.1614594E-0014   0.2172695E+0002   0.5355886E-0001   0.4727121E-0016   0.4588715E+0000  -0.1783371E+0003
    12.78400   0.2279218E+0001   0.2373969E-0014   0.2173408E+0002   0.5355886E-0001   0.3252607E-0016   0.4595171E+0000  -0.1783349E+0003
    12.79200   0.2279218E+0001   0.1594861E-0014   0.2174469E+0002   0.5355886E-0001   0.2645453E-0016   0.4603874E+0000  -0.1783319E+0003
    12.80000   0.2279218E+0001   0.1213439E-0014   0.2175886E+0002   0.5355886E-0001   0.5984796E-0016   0.4614774E+0000  -0.1783280E+0003
    12.80800   0.2279218E+0001  -0.5765787E-0015   0.2177628E+0002   0.5355886E-0001   0.5160802E-0016   0.4629913E+0000  -0.1783235E+0003
    12.81600   0.2279218E+0001   0.2504507E-0015   0.2179327E+0002   0.5355886E-0001   0.6938894E-0016   0.4649830E+0000  -0.1783186E+0003
    12.82400   0.2279222E+0001   0.4167332E-0003   0.2179271E+0002   0.5355894E-0001   0.8891452E-0005   0.4669249E+0000  -0.1783143E+0003
    12.83200   0.2279249E+0001   0.3338974E-0002   0.2179254E+0002   0.5355951E-0001   0.7153998E-0004   0.4689219E+0000  -0.1783132E+0003
    12.84000   0.2279302E+0001   0.6695836E-0002   0.2179264E+0002   0.5356066E-0001   0.1440780E-0003   0.4713382E+0000  -0.1783145E+0003
    12.84800   0.2279371E+0001   0.8587081E-0002   0.2179263E+0002   0.5356215E-0001   0.1857241E-0003   0.4746431E+0000  -0.1783150E+0003
    12.85600   0.2279443E+0001   0.9031711E-0002   0.2179223E+0002   0.5356372E-0001   0.1967105E-0003   0.4792425E+0000  -0.1783125E+0003
    12.86400   0.2279521E+0001   0.9776952E-0002   0.2179158E+0002   0.5356544E-0001   0.2150092E-0003   0.4849879E+0000  -0.1783081E+0003
    12.87200   0.2279619E+0001   0.1224851E-0001   0.2179100E+0002   0.5356762E-0001   0.2725996E-0003   0.4911994E+0000  -0.1783044E+0003
    12.88000   0.2279749E+0001   0.1620685E-0001   0.2179065E+0002   0.5357054E-0001   0.3653250E-0003   0.4971044E+0000  -0.1783027E+0003
    12.88800   0.2279910E+0001   0.2013761E-0001   0.2179045E+0002   0.5357422E-0001   0.4593939E-0003   0.5020692E+0000  -0.1783020E+0003
    12.89600   0.2280092E+0001   0.2271672E-0001   0.2179022E+0002   0.5357841E-0001   0.5234112E-0003   0.5058416E+0000  -0.1783007E+0003
    12.90400   0.2280282E+0001   0.2383901E-0001   0.2178988E+0002   0.5358283E-0001   0.5534026E-0003   0.5086485E+0000  -0.1782985E+0003
    12.91200   0.2280478E+0001   0.2442018E-0001   0.2178952E+0002   0.5358739E-0001   0.5700485E-0003   0.5110438E+0000  -0.1782959E+0003
    12.92000   0.2280681E+0001   0.2542428E-0001   0.2178925E+0002   0.5359216E-0001   0.5962923E-0003   0.5135646E+0000  -0.1782942E+0003
    12.92800   0.2280898E+0001   0.2710481E-0001   0.2178910E+0002   0.5359728E-0001   0.6388502E-0003   0.5164316E+0000  -0.1782935E+0003
    12.93600   0.2281130E+0001   0.2900716E-0001   0.2178898E+0002   0.5360278E-0001   0.6875098E-0003   0.5195107E+0000  -0.1782931E+0003
    12.94400   0.2281374E+0001   0.3051538E-0001   0.2178884E+0002   0.5360860E-0001   0.7275725E-0003   0.5225370E+0000  -0.1782926E+0003
    12.95200   0.2281625E+0001   0.3136467E-0001   0.2178867E+0002   0.5361461E-0001   0.7521831E-0003   0.5253907E+0000  -0.1782917E+0003
    12.96000   0.2281879E+0001   0.3174480E-0001   0.2178850E+0002   0.5362074E-0001   0.7654632E-0003   0.5281865E+0000  -0.1782909E+0003
    12.96800   0.2282135E+0001   0.3203873E-0001   0.2178840E+0002   0.5362695E-0001   0.7766676E-0003   0.5311278E+0000  -0.1782906E+0003
    12.97600   0.2282395E+0001   0.3248916E-0001   0.2178835E+0002   0.5363329E-0001   0.7919765E-0003   0.5342923E+0000  -0.1782909E+0003
    12.98400   0.2282660E+0001   0.3305043E-0001   0.2178835E+0002   0.5363977E-0001   0.8104602E-0003   0.5375625E+0000  -0.1782915E+0003
    12.99200   0.2282928E+0001   0.3348816E-0001   0.2178837E+0002   0.5364638E-0001   0.8262202E-0003   0.5407529E+0000  -0.1782924E+0003
    13.00000   0.2283196E+0001   0.3360602E-0001   0.2178840E+0002   0.5365305E-0001   0.8340482E-0003   0.5437892E+0000  -0.1782932E+0003
    13.00800   0.2283464E+0001   0.3341149E-0001   0.2178844E+0002   0.5365972E-0001   0.8338752E-0003   0.5467605E+0000  -0.1782941E+0003
    13.01600   0.2283729E+0001   0.3309928E-0001   0.2178849E+0002   0.5366637E-0001   0.8305955E-0003   0.5498018E+0000  -0.1782952E+0003
    13.02400   0.2283992E+0001   0.3288226E-0001   0.2178857E+0002   0.5367301E-0001   0.8297376E-0003   0.5529389E+0000  -0.1782966E+0003
    13.03200   0.2284254E+0001   0.3282267E-0001   0.2178870E+0002   0.5367967E-0001   0.8329565E-0003   0.5560515E+0000  -0.1782983E+0003
    13.04000   0.2284517E+0001   0.3281086E-0001   0.2178886E+0002   0.5368637E-0001   0.8373391E-0003   0.5589843E+0000  -0.1783002E+0003
    13.04800   0.2284778E+0001   0.3270205E-0001   0.2178903E+0002   0.5369308E-0001   0.8389578E-0003   0.5616838E+0000  -0.1783022E+0003
    13.05600   0.2285038E+0001   0.3247509E-0001   0.2178919E+0002   0.5369978E-0001   0.8371521E-0003   0.5642254E+0000  -0.1783041E+0003
    13.06400   0.2285296E+0001   0.3226089E-0001   0.2178934E+0002   0.5370646E-0001   0.8353873E-0003   0.5667095E+0000  -0.1783059E+0003
    13.07200   0.2285554E+0001   0.3222016E-0001   0.2178950E+0002   0.5371316E-0001   0.8380002E-0003   0.5691413E+0000  -0.1783077E+0003
    13.08000   0.2285813E+0001   0.3239878E-0001   0.2178967E+0002   0.5371993E-0001   0.8462554E-0003   0.5714141E+0000  -0.1783097E+0003
    13.08800   0.2286075E+0001   0.3270634E-0001   0.2178987E+0002   0.5372680E-0001   0.8576934E-0003   0.5734094E+0000  -0.1783118E+0003
    13.09600   0.2286339E+0001   0.3303352E-0001   0.2179005E+0002   0.5373375E-0001   0.8692907E-0003   0.5751069E+0000  -0.1783137E+0003
    13.10400   0.2286606E+0001   0.3338278E-0001   0.2179020E+0002   0.5374080E-0001   0.8810748E-0003   0.5765950E+0000  -0.1783152E+0003
    13.11200   0.2286877E+0001   0.3387816E-0001   0.2179031E+0002   0.5374797E-0001   0.8964569E-0003   0.5779791E+0000  -0.1783165E+0003
    13.12000   0.2287154E+0001   0.3464758E-0001   0.2179041E+0002   0.5375532E-0001   0.9190128E-0003   0.5792839E+0000  -0.1783175E+0003
    13.12800   0.2287440E+0001   0.3570003E-0001   0.2179050E+0002   0.5376291E-0001   0.9490624E-0003   0.5804468E+0000  -0.1783186E+0003
    13.13600   0.2287735E+0001   0.3691920E-0001   0.2179059E+0002   0.5377078E-0001   0.9834394E-0003   0.5814037E+0000  -0.1783195E+0003
    13.14400   0.2288041E+0001   0.3817212E-0001   0.2179065E+0002   0.5377893E-0001   0.1018486E-0002   0.5821745E+0000  -0.1783203E+0003
    13.15200   0.2288356E+0001   0.3941799E-0001   0.2179069E+0002   0.5378736E-0001   0.1053119E-0002   0.5828632E+0000  -0.1783207E+0003
    13.16000   0.2288682E+0001   0.4071203E-0001   0.2179070E+0002   0.5379607E-0001   0.1088976E-0002   0.5835746E+0000  -0.1783209E+0003
    13.16800   0.2289019E+0001   0.4211350E-0001   0.2179069E+0002   0.5380509E-0001   0.1127838E-0002   0.5843336E+0000  -0.1783210E+0003
    13.17600   0.2289367E+0001   0.4360249E-0001   0.2179067E+0002   0.5381444E-0001   0.1169234E-0002   0.5850814E+0000  -0.1783210E+0003
    13.18400   0.2289728E+0001   0.4509010E-0001   0.2179065E+0002   0.5382413E-0001   0.1210673E-0002   0.5857463E+0000  -0.1783210E+0003
    13.19200   0.2290100E+0001   0.4650199E-0001   0.2179061E+0002   0.5383413E-0001   0.1250003E-0002   0.5863154E+0000  -0.1783208E+0003
    13.20000   0.2290483E+0001   0.4784010E-0001   0.2179053E+0002   0.5384443E-0001   0.1287224E-0002   0.5868398E+0000  -0.1783203E+0003
    13.20800   0.2290876E+0001   0.4915779E-0001   0.2179043E+0002   0.5385502E-0001   0.1323866E-0002   0.5873797E+0000  -0.1783196E+0003
    13.21600   0.2291280E+0001   0.5048012E-0001   0.2179031E+0002   0.5386590E-0001   0.1360735E-0002   0.5879470E+0000  -0.1783187E+0003
    13.22400   0.2291694E+0001   0.5175807E-0001   0.2179018E+0002   0.5387708E-0001   0.1396538E-0002   0.5885024E+0000  -0.1783177E+0003
    13.23200   0.2292117E+0001   0.5290507E-0001   0.2179004E+0002   0.5388851E-0001   0.1428844E-0002   0.5889985E+0000  -0.1783166E+0003
    13.24000   0.2292548E+0001   0.5387456E-0001   0.2178986E+0002   0.5390016E-0001   0.1456264E-0002   0.5894204E+0000  -0.1783153E+0003
    13.24800   0.2292986E+0001   0.5469561E-0001   0.2178965E+0002   0.5391199E-0001   0.1479528E-0002   0.5897838E+0000  -0.1783136E+0003
    13.25600   0.2293429E+0001   0.5543060E-0001   0.2178942E+0002   0.5392400E-0001   0.1500348E-0002   0.5900997E+0000  -0.1783117E+0003
    13.26400   0.2293878E+0001   0.5610180E-0001   0.2178917E+0002   0.5393615E-0001   0.1519346E-0002   0.5903478E+0000  -0.1783097E+0003
    13.27200   0.2294331E+0001   0.5666325E-0001   0.2178892E+0002   0.5394843E-0001   0.1535213E-0002   0.5904862E+0000  -0.1783077E+0003
    13.28000   0.2294788E+0001   0.5704454E-0001   0.2178865E+0002   0.5396080E-0001   0.1545924E-0002   0.5904854E+0000  -0.1783055E+0003
    13.28800   0.2295246E+0001   0.5721843E-0001   0.2178837E+0002   0.5397320E-0001   0.1550653E-0002   0.5903483E+0000  -0.1783030E+0003
    13.29600   0.2295703E+0001   0.5722336E-0001   0.2178806E+0002   0.5398561E-0001   0.1550447E-0002   0.5900974E+0000  -0.1783004E+0003
    13.30400   0.2296160E+0001   0.5712183E-0001   0.2178774E+0002   0.5399798E-0001   0.1547060E-0002   0.5897433E+0000  -0.1782977E+0003
    13.31200   0.2296616E+0001   0.5694017E-0001   0.2178743E+0002   0.5401031E-0001   0.1541237E-0002   0.5892686E+0000  -0.1782950E+0003
    13.32000   0.2297069E+0001   0.5664942E-0001   0.2178712E+0002   0.5402257E-0001   0.1532156E-0002   0.5886433E+0000  -0.1782922E+0003
    13.32800   0.2297519E+0001   0.5620072E-0001   0.2178681E+0002   0.5403472E-0001   0.1518429E-0002   0.5878533E+0000  -0.1782895E+0003
    13.33600   0.2297963E+0001   0.5557424E-0001   0.2178650E+0002   0.5404672E-0001   0.1499509E-0002   0.5869155E+0000  -0.1782867E+0003
    13.34400   0.2298402E+0001   0.5479310E-0001   0.2178620E+0002   0.5405852E-0001   0.1476094E-0002   0.5858644E+0000  -0.1782840E+0003
    13.35200   0.2298833E+0001   0.5389424E-0001   0.2178591E+0002   0.5407012E-0001   0.1449299E-0002   0.5847268E+0000  -0.1782813E+0003
    13.36000   0.2299256E+0001   0.5289153E-0001   0.2178564E+0002   0.5408148E-0001   0.1419592E-0002   0.5835085E+0000  -0.1782787E+0003
    13.36800   0.2299670E+0001   0.5176896E-0001   0.2178538E+0002   0.5409257E-0001   0.1386585E-0002   0.5822038E+0000  -0.1782763E+0003
    13.37600   0.2300074E+0001   0.5050634E-0001   0.2178514E+0002   0.5410337E-0001   0.1349758E-0002   0.5808154E+0000  -0.1782740E+0003
    13.38400   0.2300467E+0001   0.4910775E-0001   0.2178492E+0002   0.5411384E-0001   0.1309266E-0002   0.5793631E+0000  -0.1782718E+0003
    13.39200   0.2300848E+0001   0.4760436E-0001   0.2178470E+0002   0.5412397E-0001   0.1266023E-0002   0.5778767E+0000  -0.1782697E+0003
    13.40000   0.2301216E+0001   0.4603262E-0001   0.2178450E+0002   0.5413374E-0001   0.1221094E-0002   0.5763800E+0000  -0.1782677E+0003
    13.40800   0.2301571E+0001   0.4441256E-0001   0.2178432E+0002   0.5414314E-0001   0.1175079E-0002   0.5748838E+0000  -0.1782658E+0003
    13.41600   0.2301913E+0001   0.4274605E-0001   0.2178414E+0002   0.5415216E-0001   0.1128060E-0002   0.5733908E+0000  -0.1782640E+0003
    13.42400   0.2302242E+0001   0.4103151E-0001   0.2178396E+0002   0.5416080E-0001   0.1080010E-0002   0.5719058E+0000  -0.1782623E+0003
    13.43200   0.2302556E+0001   0.3927631E-0001   0.2178379E+0002   0.5416905E-0001   0.1031141E-0002   0.5704392E+0000  -0.1782605E+0003
    13.44000   0.2302856E+0001   0.3749477E-0001   0.2178362E+0002   0.5417691E-0001   0.9818533E-0003   0.5690021E+0000  -0.1782587E+0003
    13.44800   0.2303141E+0001   0.3569800E-0001   0.2178344E+0002   0.5418437E-0001   0.9324546E-0003   0.5676001E+0000  -0.1782569E+0003
    13.45600   0.2303412E+0001   0.3388936E-0001   0.2178325E+0002   0.5419143E-0001   0.8830381E-0003   0.5662330E+0000  -0.1782551E+0003
    13.46400   0.2303669E+0001   0.3207102E-0001   0.2178305E+0002   0.5419810E-0001   0.8336530E-0003   0.5648995E+0000  -0.1782531E+0003
    13.47200   0.2303911E+0001   0.3025251E-0001   0.2178283E+0002   0.5420438E-0001   0.7845379E-0003   0.5636017E+0000  -0.1782510E+0003
    13.48000   0.2304139E+0001   0.2844999E-0001   0.2178259E+0002   0.5421026E-0001   0.7361056E-0003   0.5623434E+0000  -0.1782487E+0003
    13.48800   0.2304352E+0001   0.2667567E-0001   0.2178233E+0002   0.5421577E-0001   0.6886641E-0003   0.5611260E+0000  -0.1782463E+0003
    13.49600   0.2304551E+0001   0.2492800E-0001   0.2178206E+0002   0.5422091E-0001   0.6421604E-0003   0.5599468E+0000  -0.1782438E+0003
    13.50400   0.2304737E+0001   0.2319321E-0001   0.2178177E+0002   0.5422568E-0001   0.5962230E-0003   0.5588014E+0000  -0.1782411E+0003
    13.51200   0.2304909E+0001   0.2145712E-0001   0.2178147E+0002   0.5423008E-0001   0.5504727E-0003   0.5576887E+0000  -0.1782384E+0003
    13.52000   0.2305066E+0001   0.1971651E-0001   0.2178116E+0002   0.5423412E-0001   0.5048178E-0003   0.5566103E+0000  -0.1782356E+0003
    13.52800   0.2305210E+0001   0.1798037E-0001   0.2178083E+0002   0.5423780E-0001   0.4594826E-0003   0.5555662E+0000  -0.1782327E+0003
    13.53600   0.2305340E+0001   0.1626181E-0001   0.2178051E+0002   0.5424112E-0001   0.4147918E-0003   0.5545495E+0000  -0.1782298E+0003
    13.54400   0.2305457E+0001   0.1456898E-0001   0.2178020E+0002   0.5424408E-0001   0.3709381E-0003   0.5535471E+0000  -0.1782269E+0003
    13.55200   0.2305560E+0001   0.1290288E-0001   0.2177989E+0002   0.5424671E-0001   0.3279286E-0003   0.5525456E+0000  -0.1782242E+0003
    13.56000   0.2305650E+0001   0.1126163E-0001   0.2177960E+0002   0.5424899E-0001   0.2857022E-0003   0.5515378E+0000  -0.1782215E+0003
    13.56800   0.2305727E+0001   0.9645717E-0002   0.2177933E+0002   0.5425095E-0001   0.2442643E-0003   0.5505249E+0000  -0.1782191E+0003
    13.57600   0.2305792E+0001   0.8059442E-0002   0.2177909E+0002   0.5425258E-0001   0.2037218E-0003   0.5495113E+0000  -0.1782168E+0003
    13.58400   0.2305844E+0001   0.6508970E-0002   0.2177888E+0002   0.5425389E-0001   0.1642287E-0003   0.5484987E+0000  -0.1782149E+0003
    13.59200   0.2305884E+0001   0.5000259E-0002   0.2177870E+0002   0.5425490E-0001   0.1259310E-0003   0.5474849E+0000  -0.1782132E+0003
    13.60000   0.2305912E+0001   0.3538694E-0002   0.2177857E+0002   0.5425561E-0001   0.8895761E-0004   0.5464639E+0000  -0.1782119E+0003
    13.60800   0.2305929E+0001   0.2130878E-0002   0.2177848E+0002   0.5425604E-0001   0.5346760E-0004   0.5452855E+0000  -0.1782108E+0003
    13.61600   0.2305936E+0001   0.8147245E-0003   0.2177636E+0002   0.5425620E-0001   0.2039892E-0004   0.5438781E+0000  -0.1782099E+0003
    13.62400   0.2305936E+0001  -0.6245005E-0016   0.2177130E+0002   0.5425620E-0001   0.8847090E-0016   0.5423486E+0000  -0.1782094E+0003
    13.63200   0.2305936E+0001   0.2022688E-0014   0.2176858E+0002   0.5425620E-0001   0.8890458E-0016   0.5409409E+0000  -0.1782099E+0003
    13.64000   0.2305936E+0001  -0.5082740E-0015   0.2176336E+0002   0.5425620E-0001   0.6765422E-0016   0.5395808E+0000  -0.1782110E+0003
    13.64800   0.2305936E+0001   0.4874573E-0015   0.2175662E+0002   0.5425620E-0001   0.6873842E-0016   0.5383139E+0000  -0.1782125E+0003
    13.65600   0.2305936E+0001   0.3295975E-0016   0.2174955E+0002   0.5425620E-0001   0.1025655E-0015   0.5371513E+0000  -0.1782142E+0003
    13.66400   0.2305936E+0001  -0.3122502E-0015   0.2174240E+0002   0.5425620E-0001   0.9085614E-0016   0.5361202E+0000  -0.1782163E+0003
    13.67200   0.2305936E+0001   0.1450229E-0014   0.2173534E+0002   0.5425620E-0001   0.3382711E-0016   0.5352101E+0000  -0.1782188E+0003
    13.68000   0.2305936E+0001  -0.5689893E-0015   0.2172848E+0002   0.5425620E-0001   0.4618701E-0016   0.5343835E+0000  -0.1782218E+0003
    13.68800   0.2305936E+0001   0.4475587E-0015   0.2172186E+0002   0.5425620E-0001   0.6635317E-0016   0.5336022E+0000  -0.1782251E+0003
    13.69600   0.2305936E+0001  -0.1604619E-0015   0.2171549E+0002   0.5425620E-0001   0.3100818E-0016   0.5328447E+0000  -0.1782288E+0003
    13.70400   0.2305936E+0001  -0.1003538E-0014   0.2170936E+0002   0.5425620E-0001   0.4640385E-0016   0.5321041E+0000  -0.1782328E+0003
    13.71200   0.2305936E+0001   0.5915407E-0015   0.2170345E+0002   0.5425620E-0001   0.7459311E-0016   0.5313749E+0000  -0.1782372E+0003
    13.72000   0.2305936E+0001   0.2220446E-0015   0.2169777E+0002   0.5425620E-0001   0.1019150E-0016   0.5306465E+0000  -0.1782420E+0003
    13.72800   0.2305936E+0001   0.3963843E-0015   0.2169235E+0002   0.5425620E-0001   0.2970714E-0016   0.5299135E+0000  -0.1782472E+0003
    13.73600   0.2305936E+0001   0.6184289E-0015   0.2168721E+0002   0.5425620E-0001   0.5355959E-0016   0.5291984E+0000  -0.1782529E+0003
    13.74400   0.2305936E+0001   0.3833739E-0015   0.2168240E+0002   0.5425620E-0001   0.6635317E-0016   0.5285450E+0000  -0.1782590E+0003
    13.75200   0.2305936E+0001  -0.1195224E-0014   0.2167804E+0002   0.5425620E-0001   0.9692767E-0016   0.5279845E+0000  -0.1782655E+0003
    13.76000   0.2305936E+0001   0.8469787E-0015   0.2167432E+0002   0.5425620E-0001   0.5854692E-0016   0.5275064E+0000  -0.1782725E+0003
    13.76800   0.2305936E+0001  -0.8994541E-0015   0.2167146E+0002   0.5425620E-0001   0.5312591E-0016   0.5270654E+0000  -0.1782797E+0003
    13.77600   0.2305936E+0001  -0.9315465E-0015   0.2166964E+0002   0.5425620E-0001   0.8370041E-0016   0.5266218E+0000  -0.1782873E+0003
    13.78400   0.2305936E+0001  -0.8092485E-0015   0.2166902E+0002   0.5425620E-0001   0.1125402E-0015   0.5261808E+0000  -0.1782952E+0003
    13.79200   0.2305936E+0001  -0.1053194E-0014   0.2166981E+0002   0.5425620E-0001   0.9801188E-0016   0.5258705E+0000  -0.1783035E+0003
    13.80000   0.2305936E+0001   0.5309338E-0015   0.2167596E+0002   0.5425620E-0001   0.3339343E-0016   0.5260668E+0000  -0.1783114E+0003
    13.80800   0.2305936E+0001   0.1245965E-0014   0.2169067E+0002   0.5425620E-0001   0.2775558E-0016   0.5266806E+0000  -0.1783185E+0003
    13.81600   0.2305936E+0001   0.1715208E-0014   0.2171373E+0002   0.5425620E-0001   0.4076600E-0016   0.5275141E+0000  -0.1783247E+0003
    13.82400   0.2305936E+0001  -0.5381980E-0015   0.2174259E+0002   0.5425620E-0001   0.1040834E-0015   0.5283848E+0000  -0.1783307E+0003
    13.83200   0.2305936E+0001   0.6084543E-0015   0.2177438E+0002   0.5425620E-0001   0.7589415E-0016   0.5292287E+0000  -0.1783368E+0003
    13.84000   0.2305936E+0001   0.1144484E-0014   0.2179475E+0002   0.5425620E-0001   0.2645453E-0016   0.5297851E+0000  -0.1783432E+0003
    13.84800   0.2305948E+0001   0.1563602E-0002   0.2179566E+0002   0.5425651E-0001   0.3800793E-0004   0.5299885E+0000  -0.1783509E+0003
    13.85600   0.2305999E+0001   0.6294944E-0002   0.2179693E+0002   0.5425773E-0001   0.1530694E-0003   0.5304585E+0000  -0.1783615E+0003
    13.86400   0.2306091E+0001   0.1156964E-0001   0.2179848E+0002   0.5425998E-0001   0.2815633E-0003   0.5311970E+0000  -0.1783746E+0003
    13.87200   0.2306210E+0001   0.1483197E-0001   0.2180004E+0002   0.5426287E-0001   0.3614333E-0003   0.5320703E+0000  -0.1783878E+0003
    13.88000   0.2306330E+0001   0.1496897E-0001   0.2180140E+0002   0.5426580E-0001   0.3653455E-0003   0.5328739E+0000  -0.1783992E+0003
    13.88800   0.2306430E+0001   0.1252177E-0001   0.2180239E+0002   0.5426825E-0001   0.3060594E-0003   0.5333070E+0000  -0.1784076E+0003
    13.89600   0.2306506E+0001   0.9573488E-0002   0.2180307E+0002   0.5427012E-0001   0.2341765E-0003   0.5333041E+0000  -0.1784133E+0003
    13.90400   0.2306573E+0001   0.8344636E-0002   0.2180373E+0002   0.5427175E-0001   0.2041102E-0003   0.5329675E+0000  -0.1784187E+0003
    13.91200   0.2306646E+0001   0.9167342E-0002   0.2180459E+0002   0.5427354E-0001   0.2240853E-0003   0.5326469E+0000  -0.1784258E+0003
    13.92000   0.2306728E+0001   0.1025755E-0001   0.2180553E+0002   0.5427555E-0001   0.2505735E-0003   0.5323267E+0000  -0.1784335E+0003
    13.92800   0.2306807E+0001   0.9834526E-0002   0.2180643E+0002   0.5427747E-0001   0.2400851E-0003   0.5319934E+0000  -0.1784410E+0003
    13.93600   0.2306860E+0001   0.6588298E-0002   0.2180708E+0002   0.5427876E-0001   0.1607292E-0003   0.5316397E+0000  -0.1784464E+0003
    13.94400   0.2306870E+0001   0.1230353E-0002   0.2177681E+0002   0.5427900E-0001   0.2999506E-0004   0.5304221E+0000  -0.1784483E+0003
    13.95200   0.2306870E+0001   0.4718448E-0015   0.2177058E+0002   0.5427900E-0001   0.5551115E-0016   0.5296544E+0000  -0.1784504E+0003
    13.96000   0.2306870E+0001  -0.5689893E-0015   0.2176883E+0002   0.5427900E-0001   0.1561251E-0016   0.5287258E+0000  -0.1784530E+0003
    13.96800   0.2306870E+0001   0.1375636E-0014   0.2175846E+0002   0.5427900E-0001   0.3989864E-0016   0.5273339E+0000  -0.1784552E+0003
    13.97600   0.2306870E+0001   0.1418136E-0014   0.2173606E+0002   0.5427900E-0001   0.4336809E-0016   0.5255824E+0000  -0.1784574E+0003
    13.98400   0.2306870E+0001   0.8222589E-0015   0.2170767E+0002   0.5427900E-0001   0.4597017E-0016   0.5236785E+0000  -0.1784591E+0003
    13.99200   0.2306870E+0001   0.2928213E-0014   0.2167857E+0002   0.5427900E-0001  -0.4336809E-0017   0.5219549E+0000  -0.1784607E+0003
    14.00000   0.2306870E+0001   0.6201636E-0015   0.2164906E+0002   0.5427900E-0001  -0.8673617E-0018   0.5204035E+0000  -0.1784635E+0003
    14.00800   0.2306870E+0001  -0.2255141E-0015   0.2162048E+0002   0.5427900E-0001   0.5290907E-0016   0.5189657E+0000  -0.1784670E+0003
    14.01600   0.2306870E+0001  -0.1079865E-0014   0.2159438E+0002   0.5427900E-0001   0.6678685E-0016   0.5175972E+0000  -0.1784696E+0003
    14.02400   0.2306870E+0001   0.1266348E-0014   0.2157186E+0002   0.5427900E-0001  -0.2602085E-0017   0.5163191E+0000  -0.1784705E+0003
    14.03200   0.2306870E+0001   0.2680148E-0015   0.2155309E+0002   0.5427900E-0001   0.7025630E-0016   0.5151994E+0000  -0.1784701E+0003
    14.04000   0.2306870E+0001   0.1032160E-0014   0.2153766E+0002   0.5427900E-0001   0.1040834E-0016   0.5142792E+0000  -0.1784700E+0003
    14.04800   0.2306870E+0001   0.1647987E-0015   0.2152500E+0002   0.5427900E-0001   0.1517883E-0016   0.5135210E+0000  -0.1784712E+0003
    14.05600   0.2306870E+0001   0.4683753E-0016   0.2151473E+0002   0.5427900E-0001   0.5204170E-0016   0.5128251E+0000  -0.1784736E+0003
    14.06400   0.2306870E+0001   0.1628038E-0014   0.2150653E+0002   0.5427900E-0001   0.4597017E-0016   0.5120995E+0000  -0.1784761E+0003
    14.07200   0.2306870E+0001   0.1946360E-0014   0.2149998E+0002   0.5427900E-0001  -0.1778092E-0016   0.5113195E+0000  -0.1784777E+0003
    14.08000   0.2306870E+0001   0.1169204E-0014   0.2149455E+0002   0.5427900E-0001   0.5334275E-0016   0.5105262E+0000  -0.1784786E+0003
    14.08800   0.2306870E+0001  -0.3486794E-0015   0.2148961E+0002   0.5427900E-0001   0.3035766E-0016   0.5097699E+0000  -0.1784796E+0003
    14.09600   0.2306870E+0001   0.1471046E-0014   0.2148459E+0002   0.5427900E-0001   0.4119968E-0016   0.5090543E+0000  -0.1784814E+0003
    14.10400   0.2306870E+0001  -0.1798041E-0014   0.2147907E+0002   0.5427900E-0001   0.7806256E-0016   0.5083322E+0000  -0.1784842E+0003
    14.11200   0.2306870E+0001  -0.7459311E-0016   0.2147281E+0002   0.5427900E-0001   0.6982262E-0016   0.5075538E+0000  -0.1784871E+0003
    14.12000   0.2306870E+0001   0.3512815E-0015   0.2146577E+0002   0.5427900E-0001   0.2558717E-0016   0.5067182E+0000  -0.1784897E+0003
    14.12800   0.2306870E+0001  -0.8595555E-0015   0.2145812E+0002   0.5427900E-0001   0.2602085E-0017   0.5058811E+0000  -0.1784917E+0003
    14.13600   0.2306870E+0001   0.1665335E-0015   0.2145012E+0002   0.5427900E-0001   0.2905662E-0016   0.5051130E+0000  -0.1784934E+0003
    14.14400   0.2306870E+0001  -0.1040834E-0016   0.2144199E+0002   0.5427900E-0001   0.4336809E-0016   0.5044499E+0000  -0.1784954E+0003
    14.15200   0.2306870E+0001   0.9532306E-0015   0.2143393E+0002   0.5427900E-0001   0.6071532E-0017   0.5038817E+0000  -0.1784977E+0003
    14.16000   0.2306870E+0001   0.1281961E-0014   0.2142611E+0002   0.5427900E-0001   0.5030698E-0016   0.5033848E+0000  -0.1785000E+0003
    14.16800   0.2306870E+0001  -0.1021752E-0014   0.2141884E+0002   0.5427900E-0001   0.7502679E-0016   0.5029620E+0000  -0.1785021E+0003
    14.17600   0.2306870E+0001   0.5100087E-0015   0.2141248E+0002   0.5427900E-0001   0.5030698E-0016   0.5026492E+0000  -0.1785036E+0003
    14.18400   0.2306870E+0001   0.2949030E-0016   0.2140731E+0002   0.5427900E-0001   0.2688821E-0016   0.5024825E+0000  -0.1785049E+0003
    14.19200   0.2306870E+0001   0.1157061E-0014   0.2140337E+0002   0.5427900E-0001   0.2211772E-0016   0.5024620E+0000  -0.1785062E+0003
    14.20000   0.2306870E+0001   0.1366962E-0014   0.2140050E+0002   0.5427900E-0001   0.5377643E-0016   0.5025488E+0000  -0.1785076E+0003
    14.20800   0.2306870E+0001  -0.5464379E-0015   0.2139846E+0002   0.5427900E-0001   0.5572799E-0016   0.5026990E+0000  -0.1785091E+0003
    14.21600   0.2306870E+0001   0.2318024E-0014   0.2139705E+0002   0.5427900E-0001   0.2515349E-0016   0.5029005E+0000  -0.1785106E+0003
    14.22400   0.2306870E+0001   0.2641116E-0015   0.2139614E+0002   0.5427900E-0001   0.5572799E-0016   0.5031754E+0000  -0.1785119E+0003
    14.23200   0.2306870E+0001  -0.1882609E-0014   0.2139555E+0002   0.5427900E-0001   0.9866240E-0016   0.5035489E+0000  -0.1785131E+0003
    14.24000   0.2306870E+0001  -0.3400058E-0015   0.2139497E+0002   0.5427900E-0001   0.1021318E-0015   0.5040177E+0000  -0.1785144E+0003
    14.24800   0.2306870E+0001   0.9467253E-0015   0.2139411E+0002   0.5427900E-0001   0.3209238E-0016   0.5045489E+0000  -0.1785159E+0003
    14.25600   0.2306870E+0001   0.1921206E-0015   0.2139280E+0002   0.5427900E-0001   0.3328501E-0016   0.5051092E+0000  -0.1785174E+0003
    14.26400   0.2306870E+0001  -0.5165139E-0015   0.2139105E+0002   0.5427900E-0001   0.1124318E-0015   0.5056913E+0000  -0.1785190E+0003
    14.27200   0.2306870E+0001   0.6670012E-0015   0.2138897E+0002   0.5427900E-0001   0.6310057E-0016   0.5063125E+0000  -0.1785205E+0003
    14.28000   0.2306870E+0001   0.1055362E-0014   0.2138670E+0002   0.5427900E-0001   0.3290554E-0016   0.5069877E+0000  -0.1785219E+0003
    14.28800   0.2306870E+0001   0.2119615E-0014   0.2138432E+0002   0.5427900E-0001   0.1582935E-0016   0.5077075E+0000  -0.1785232E+0003
    14.29600   0.2306870E+0001   0.7225123E-0015   0.2138192E+0002   0.5427900E-0001   0.3469447E-0016   0.5084405E+0000  -0.1785244E+0003
    14.30400   0.2306870E+0001  -0.1044737E-0014   0.2137960E+0002   0.5427900E-0001   0.6993104E-0016   0.5091565E+0000  -0.1785256E+0003
    14.31200   0.2306870E+0001  -0.1009175E-0014   0.2137753E+0002   0.5427900E-0001   0.5990217E-0017   0.5098428E+0000  -0.1785268E+0003
    14.32000   0.2306870E+0001   0.4618701E-0016   0.2137583E+0002   0.5427900E-0001  -0.3659182E-0018   0.5105023E+0000  -0.1785278E+0003
    14.32800   0.2306870E+0001   0.5117434E-0016   0.2137454E+0002   0.5427900E-0001   0.3955305E-0016   0.5111362E+0000  -0.1785286E+0003
    14.33600   0.2306870E+0001   0.1004839E-0014   0.2137360E+0002   0.5427900E-0001   0.1668316E-0016   0.5117330E+0000  -0.1785293E+0003
    14.34400   0.2306870E+0001  -0.9250413E-0015   0.2137292E+0002   0.5427900E-0001   0.1045306E-0015   0.5122724E+0000  -0.1785298E+0003
    14.35200   0.2306870E+0001  -0.9191866E-0015   0.2137241E+0002   0.5427900E-0001   0.5881797E-0016   0.5127373E+0000  -0.1785304E+0003
    14.36000   0.2306870E+0001  -0.1058398E-0014   0.2137199E+0002   0.5427900E-0001   0.8674973E-0016   0.5131212E+0000  -0.1785309E+0003
    14.36800   0.2306870E+0001   0.1134292E-0014   0.2137158E+0002   0.5427900E-0001   0.2713216E-0016   0.5134249E+0000  -0.1785314E+0003
    14.37600   0.2306870E+0001  -0.3187554E-0015   0.2137109E+0002   0.5427900E-0001   0.1121607E-0015   0.5136493E+0000  -0.1785318E+0003
    14.38400   0.2306870E+0001   0.4840963E-0015   0.2137044E+0002   0.5427900E-0001   0.4016969E-0016   0.5137904E+0000  -0.1785321E+0003
    14.39200   0.2306870E+0001  -0.8975026E-0015   0.2136960E+0002   0.5427900E-0001   0.1018608E-0015   0.5138427E+0000  -0.1785324E+0003
    14.40000   0.2306870E+0001  -0.1288466E-0014   0.2136858E+0002   0.5427900E-0001   0.1106428E-0015   0.5138036E+0000  -0.1785327E+0003
    14.40800   0.2306870E+0001   0.8251863E-0015   0.2136739E+0002   0.5427900E-0001   0.5621588E-0016   0.5136760E+0000  -0.1785330E+0003
    14.41600   0.2306870E+0001   0.1266348E-0015   0.2136609E+0002   0.5427900E-0001   0.8944668E-0016   0.5134680E+0000  -0.1785333E+0003
    14.42400   0.2306870E+0001  -0.9880334E-0015   0.2136474E+0002   0.5427900E-0001   0.5345117E-0016   0.5131895E+0000  -0.1785335E+0003
    14.43200   0.2306870E+0001   0.3791455E-0015   0.2136342E+0002   0.5427900E-0001   0.5377643E-0016   0.5128509E+0000  -0.1785337E+0003
    14.44000   0.2306870E+0001   0.5949559E-0015   0.2136219E+0002   0.5427900E-0001   0.5312591E-0016   0.5124621E+0000  -0.1785338E+0003
    14.44800   0.2306870E+0001   0.1293778E-0014   0.2136111E+0002   0.5427900E-0001  -0.1734723E-0017   0.5120328E+0000  -0.1785338E+0003
    14.45600   0.2306870E+0001  -0.6405466E-0015   0.2136022E+0002   0.5427900E-0001   0.2190088E-0016   0.5115738E+0000  -0.1785338E+0003
    14.46400   0.2306870E+0001   0.5999975E-0015   0.2135954E+0002   0.5427900E-0001  -0.1452831E-0016   0.5110964E+0000  -0.1785337E+0003
    14.47200   0.2306870E+0001   0.6403298E-0015   0.2135906E+0002   0.5427900E-0001   0.4358493E-0016   0.5106115E+0000  -0.1785335E+0003
    14.48000   0.2306870E+0001   0.7268491E-0015   0.2135876E+0002   0.5427900E-0001   0.4141652E-0016   0.5101270E+0000  -0.1785333E+0003
    14.48800   0.2306870E+0001  -0.4714111E-0015   0.2135859E+0002   0.5427900E-0001   0.9194034E-0016   0.5096459E+0000  -0.1785330E+0003
    14.49600   0.2306870E+0001   0.4603522E-0015   0.2135850E+0002   0.5427900E-0001   0.5247539E-0016   0.5091672E+0000  -0.1785327E+0003
    14.50400   0.2306870E+0001   0.2546791E-0014   0.2135843E+0002   0.5427900E-0001  -0.5334275E-0016   0.5086880E+0000  -0.1785325E+0003
    14.51200   0.2306870E+0001  -0.5697482E-0015   0.2135833E+0002   0.5427900E-0001   0.9584347E-0016   0.5082052E+0000  -0.1785323E+0003
    14.52000   0.2306870E+0001   0.2248635E-0014   0.2135817E+0002   0.5427900E-0001   0.2688821E-0016   0.5077153E+0000  -0.1785321E+0003
    14.52800   0.2306870E+0001  -0.3326332E-0015   0.2135793E+0002   0.5427900E-0001   0.2515349E-0016   0.5072135E+0000  -0.1785320E+0003
    14.53600   0.2306870E+0001  -0.3241764E-0015   0.2135761E+0002   0.5427900E-0001   0.5421011E-0016   0.5066931E+0000  -0.1785319E+0003
    14.54400   0.2306870E+0001   0.6229826E-0015   0.2135722E+0002   0.5427900E-0001  -0.2168404E-0017   0.5061469E+0000  -0.1785318E+0003
    14.55200   0.2306870E+0001   0.1699378E-0014   0.2135678E+0002   0.5427900E-0001   0.8673617E-0016   0.5055688E+0000  -0.1785317E+0003
    14.56000   0.2306870E+0001   0.1032377E-0014   0.2135633E+0002   0.5427900E-0001   0.8326673E-0016   0.5049550E+0000  -0.1785317E+0003
    14.56800   0.2306870E+0001   0.4336809E-0016   0.2135592E+0002   0.5427900E-0001  -0.5637851E-0017   0.5043036E+0000  -0.1785317E+0003
    14.57600   0.2306870E+0001  -0.4141652E-0015   0.2135557E+0002   0.5427900E-0001   0.2298509E-0016   0.5036138E+0000  -0.1785316E+0003
    14.58400   0.2306870E+0001  -0.9844556E-0015   0.2135531E+0002   0.5427900E-0001   0.1023487E-0015   0.5028858E+0000  -0.1785316E+0003
    14.59200   0.2306870E+0001   0.2711373E-0014   0.2135515E+0002   0.5427900E-0001   0.1214306E-0016   0.5021215E+0000  -0.1785315E+0003
    14.60000   0.2306870E+0001   0.8586881E-0016   0.2135508E+0002   0.5427900E-0001   0.1075529E-0015   0.5013252E+0000  -0.1785315E+0003
    14.60800   0.2306870E+0001  -0.3018419E-0015   0.2135509E+0002   0.5427900E-0001   0.7199102E-0016   0.5005030E+0000  -0.1785314E+0003
    14.61600   0.2306870E+0001   0.5637851E-0017   0.2135517E+0002   0.5427900E-0001   0.6635317E-0016   0.4996629E+0000  -0.1785314E+0003
    14.62400   0.2306870E+0001  -0.2167537E-0014   0.2135529E+0002   0.5427900E-0001   0.5811324E-0016   0.4988138E+0000  -0.1785314E+0003
    14.63200   0.2306870E+0001  -0.2980038E-0014   0.2135543E+0002   0.5427900E-0001   0.6982262E-0016   0.4979649E+0000  -0.1785313E+0003
    14.64000   0.2306870E+0001   0.2079500E-0015   0.2135557E+0002   0.5427900E-0001   0.7329207E-0016   0.4971253E+0000  -0.1785313E+0003
    14.64800   0.2306870E+0001  -0.1218643E-0015   0.2135571E+0002   0.5427900E-0001   0.6548581E-0016   0.4963030E+0000  -0.1785312E+0003
    14.65600   0.2306870E+0001   0.2000353E-0014   0.2135583E+0002   0.5427900E-0001   0.2775558E-0016   0.4955053E+0000  -0.1785312E+0003
    14.66400   0.2306870E+0001  -0.1169637E-0014   0.2135594E+0002   0.5427900E-0001   0.9627715E-0016   0.4947389E+0000  -0.1785311E+0003
    14.67200   0.2306870E+0001  -0.1953732E-0015   0.2135606E+0002   0.5427900E-0001   0.4250073E-0016   0.4940103E+0000  -0.1785310E+0003
    14.68000   0.2306870E+0001  -0.9263423E-0015   0.2135621E+0002   0.5427900E-0001   0.5030698E-0016   0.4933254E+0000  -0.1785309E+0003
    14.68800   0.2306870E+0001   0.9374012E-0015   0.2135643E+0002   0.5427900E-0001   0.7372575E-0016   0.4926893E+0000  -0.1785308E+0003
    14.69600   0.2306870E+0001   0.6646159E-0015   0.2135674E+0002   0.5427900E-0001   0.6071532E-0016   0.4921063E+0000  -0.1785306E+0003
    14.70400   0.2306870E+0001   0.2127205E-0015   0.2135717E+0002   0.5427900E-0001   0.7459311E-0016   0.4915807E+0000  -0.1785304E+0003
    14.71200   0.2306870E+0001   0.3213575E-0015   0.2135772E+0002   0.5427900E-0001   0.4770490E-0016   0.4911170E+0000  -0.1785301E+0003
    14.72000   0.2306870E+0001   0.3452100E-0015   0.2135842E+0002   0.5427900E-0001   0.2862294E-0016   0.4907207E+0000  -0.1785298E+0003
    14.72800   0.2306870E+0001  -0.1072059E-0014   0.2135926E+0002   0.5427900E-0001   0.7112366E-0016   0.4903981E+0000  -0.1785294E+0003
    14.73600   0.2306870E+0001   0.1462372E-0014   0.2136025E+0002   0.5427900E-0001   0.5637851E-0016   0.4901563E+0000  -0.1785290E+0003
    14.74400   0.2306870E+0001   0.2262079E-0014   0.2136138E+0002   0.5427900E-0001   0.7459311E-0016   0.4900030E+0000  -0.1785284E+0003
    14.75200   0.2306870E+0001   0.7572068E-0015   0.2136263E+0002   0.5427900E-0001   0.7372575E-0016   0.4899465E+0000  -0.1785278E+0003
    14.76000   0.2306870E+0001   0.1010476E-0014   0.2136401E+0002   0.5427900E-0001   0.2341877E-0016   0.4899947E+0000  -0.1785272E+0003
    14.76800   0.2306870E+0001   0.1479285E-0014   0.2136549E+0002   0.5427900E-0001   0.1301043E-0016   0.4901542E+0000  -0.1785265E+0003
    14.77600   0.2306870E+0001   0.3655930E-0015   0.2136707E+0002   0.5427900E-0001   0.1040834E-0016   0.4904292E+0000  -0.1785257E+0003
    14.78400   0.2306870E+0001   0.1998401E-0014   0.2136875E+0002   0.5427900E-0001   0.6418477E-0016   0.4908217E+0000  -0.1785249E+0003
    14.79200   0.2306870E+0001  -0.2870967E-0015   0.2137052E+0002   0.5427900E-0001   0.2255141E-0016   0.4913320E+0000  -0.1785240E+0003
    14.80000   0.2306870E+0001  -0.1240761E-0014   0.2137240E+0002   0.5427900E-0001   0.3295975E-0016   0.4919592E+0000  -0.1785231E+0003
    14.80800   0.2306870E+0001   0.1319691E-0014   0.2137438E+0002   0.5427900E-0001   0.2688821E-0016   0.4927014E+0000  -0.1785221E+0003
    14.81600   0.2306870E+0001  -0.9593021E-0015   0.2137647E+0002   0.5427900E-0001   0.1006140E-0015   0.4935561E+0000  -0.1785211E+0003
    14.82400   0.2306870E+0001   0.1495332E-0014   0.2137868E+0002   0.5427900E-0001   0.5724587E-0016   0.4945195E+0000  -0.1785200E+0003
    14.83200   0.2306870E+0001   0.2484991E-0015   0.2138102E+0002   0.5427900E-0001   0.5204170E-0016   0.4955867E+0000  -0.1785189E+0003
    14.84000   0.2306870E+0001  -0.1605487E-0014   0.2138347E+0002   0.5427900E-0001   0.6418477E-0016   0.4967517E+0000  -0.1785176E+0003
    14.84800   0.2306870E+0001  -0.6266689E-0015   0.2138604E+0002   0.5427900E-0001   0.1656661E-0015   0.4980070E+0000  -0.1785164E+0003
    14.85600   0.2306870E+0001   0.1053411E-0014   0.2138873E+0002   0.5427900E-0001   0.1127570E-0016   0.4993444E+0000  -0.1785150E+0003
    14.86400   0.2306870E+0001   0.1257675E-0016   0.2139152E+0002   0.5427900E-0001   0.4336809E-0016   0.5007552E+0000  -0.1785136E+0003
    14.87200   0.2306870E+0001   0.2671474E-0015   0.2139440E+0002   0.5427900E-0001   0.7762888E-0016   0.5022308E+0000  -0.1785122E+0003
    14.88000   0.2306870E+0001   0.1496199E-0014   0.2139738E+0002   0.5427900E-0001   0.6331741E-0016   0.5037642E+0000  -0.1785107E+0003
    14.88800   0.2306870E+0001  -0.8604228E-0015   0.2140045E+0002   0.5427900E-0001  -0.9107298E-0017   0.5053507E+0000  -0.1785091E+0003
    14.89600   0.2306870E+0001   0.2038300E-0015   0.2140361E+0002   0.5427900E-0001   0.8239937E-0017   0.5069872E+0000  -0.1785075E+0003
    14.90400   0.2306870E+0001   0.4163336E-0015   0.2140686E+0002   0.5427900E-0001   0.4250073E-0016   0.5086728E+0000  -0.1785058E+0003
    14.91200   0.2306870E+0001   0.8890458E-0015   0.2141019E+0002   0.5427900E-0001   0.7025630E-0016   0.5104081E+0000  -0.1785041E+0003
    14.92000   0.2306870E+0001  -0.2012279E-0015   0.2141361E+0002   0.5427900E-0001   0.2341877E-0016   0.5121945E+0000  -0.1785023E+0003
    14.92800   0.2306870E+0001   0.2543105E-0014   0.2141710E+0002   0.5427900E-0001   0.3469447E-0017   0.5140349E+0000  -0.1785006E+0003
    14.93600   0.2306870E+0001  -0.7103693E-0015   0.2142067E+0002   0.5427900E-0001   0.8023096E-0016   0.5159329E+0000  -0.1784987E+0003
    14.94400   0.2306870E+0001   0.2234324E-0014   0.2142430E+0002   0.5427900E-0001   0.3903128E-0017   0.5178923E+0000  -0.1784969E+0003
    14.95200   0.2306870E+0001  -0.8812395E-0015   0.2142800E+0002   0.5427900E-0001   0.4987330E-0016   0.5199166E+0000  -0.1784950E+0003
    14.96000   0.2306870E+0001   0.1698294E-0014   0.2143175E+0002   0.5427900E-0001   0.1301043E-0016   0.5220074E+0000  -0.1784931E+0003
    14.96800   0.2306870E+0001   0.3842412E-0015   0.2143555E+0002   0.5427900E-0001   0.9107298E-0017   0.5241646E+0000  -0.1784911E+0003
    14.97600   0.2306870E+0001  -0.3972517E-0015   0.2143937E+0002   0.5427900E-0001  -0.6071532E-0017   0.5263852E+0000  -0.1784892E+0003
    14.98400   0.2306870E+0001   0.2308050E-0014   0.2144321E+0002   0.5427900E-0001   0.5507747E-0016   0.5286641E+0000  -0.1784872E+0003
    14.99200   0.2306870E+0001   0.3521489E-0015   0.2144704E+0002   0.5427900E-0001   0.4770490E-0016   0.5309939E+0000  -0.1784853E+0003
    15.00000   0.2306870E+0001  -0.1370432E-0015   0.2145085E+0002   0.5427900E-0001   0.4250073E-0016   0.5333653E+0000  -0.1784834E+0003
    15.00800   0.2306870E+0001   0.5160802E-0015   0.2145464E+0002   0.5427900E-0001   0.8196568E-0016   0.5357669E+0000  -0.1784815E+0003
    15.01600   0.2306870E+0001   0.1398187E-0014   0.2145840E+0002   0.5427900E-0001   0.2732189E-0016   0.5381853E+0000  -0.1784796E+0003
    15.02400   0.2306870E+0001   0.5290907E-0016   0.2146210E+0002   0.5427900E-0001   0.6071532E-0016   0.5406057E+0000  -0.1784778E+0003
    15.03200   0.2306870E+0001  -0.1024354E-0014   0.2146573E+0002   0.5427900E-0001   0.9584347E-0016   0.5430116E+0000  -0.1784760E+0003
    15.04000   0.2306870E+0001   0.2243865E-0014   0.2146927E+0002   0.5427900E-0001   0.2775558E-0016   0.5453863E+0000  -0.1784742E+0003
    15.04800   0.2306870E+0001   0.2480655E-0015   0.2147271E+0002   0.5427900E-0001   0.5247539E-0016   0.5477129E+0000  -0.1784725E+0003
    15.05600   0.2306870E+0001   0.2746935E-0014   0.2147601E+0002   0.5427900E-0001   0.3122502E-0016   0.5499748E+0000  -0.1784709E+0003
    15.06400   0.2306870E+0001  -0.4527628E-0015   0.2147917E+0002   0.5427900E-0001   0.4076600E-0016   0.5521564E+0000  -0.1784694E+0003
    15.07200   0.2306870E+0001   0.1303645E-0014   0.2148217E+0002   0.5427900E-0001   0.4466913E-0016   0.5542430E+0000  -0.1784680E+0003
    15.08000   0.2306870E+0001   0.1754673E-0014   0.2148499E+0002   0.5427900E-0001  -0.3816392E-0016   0.5562215E+0000  -0.1784666E+0003
    15.08800   0.2306870E+0001   0.1760744E-0014   0.2148763E+0002   0.5427900E-0001   0.1647987E-0016   0.5580805E+0000  -0.1784654E+0003
    15.09600   0.2306870E+0001  -0.1525689E-0014   0.2149008E+0002   0.5427900E-0001   0.8933826E-0016   0.5598101E+0000  -0.1784642E+0003
    15.10400   0.2306870E+0001  -0.5091413E-0015   0.2149232E+0002   0.5427900E-0001   0.8543513E-0016   0.5614019E+0000  -0.1784632E+0003
    15.11200   0.2306870E+0001  -0.1023487E-0015   0.2149436E+0002   0.5427900E-0001  -0.5204170E-0017   0.5628483E+0000  -0.1784623E+0003
    15.12000   0.2306870E+0001  -0.6487866E-0015   0.2149617E+0002   0.5427900E-0001   0.7632783E-0016   0.5641420E+0000  -0.1784616E+0003
    15.12800   0.2306870E+0001   0.4883247E-0015   0.2149776E+0002   0.5427900E-0001   0.3512815E-0016   0.5652755E+0000  -0.1784609E+0003
    15.13600   0.2306870E+0001  -0.6791442E-0015   0.2149912E+0002   0.5427900E-0001   0.8803722E-0016   0.5662416E+0000  -0.1784605E+0003
    15.14400   0.2306870E+0001  -0.1556047E-0014   0.2150023E+0002   0.5427900E-0001   0.8500145E-0016   0.5670338E+0000  -0.1784601E+0003
    15.15200   0.2306870E+0001   0.5308254E-0015   0.2150110E+0002   0.5427900E-0001   0.1734723E-0016   0.5676475E+0000  -0.1784600E+0003
    15.16000   0.2306870E+0001   0.6800116E-0015   0.2150171E+0002   0.5427900E-0001   0.7762888E-0016   0.5680810E+0000  -0.1784600E+0003
    15.16800   0.2306870E+0001   0.1866562E-0014   0.2150206E+0002   0.5427900E-0001   0.5247539E-0016   0.5683361E+0000  -0.1784601E+0003
    15.17600   0.2306870E+0001   0.6938894E-0017   0.2150214E+0002   0.5427900E-0001  -0.5637851E-0017   0.5684177E+0000  -0.1784605E+0003
    15.18400   0.2306870E+0001  -0.6175616E-0015   0.2150195E+0002   0.5427900E-0001   0.4857226E-0016   0.5683334E+0000  -0.1784610E+0003
    15.19200   0.2306870E+0001  -0.7719519E-0015   0.2150149E+0002   0.5427900E-0001   0.8239937E-0016   0.5680929E+0000  -0.1784617E+0003
    15.20000   0.2306870E+0001  -0.9627715E-0015   0.2150075E+0002   0.5427900E-0001   0.4380177E-0016   0.5677072E+0000  -0.1784625E+0003
    15.20800   0.2306870E+0001  -0.1769418E-0015   0.2149974E+0002   0.5427900E-0001   0.2125036E-0016   0.5671881E+0000  -0.1784635E+0003
    15.21600   0.2306870E+0001   0.1078998E-0014   0.2149846E+0002   0.5427900E-0001   0.4987330E-0016   0.5665480E+0000  -0.1784647E+0003
    15.22400   0.2306870E+0001   0.8404735E-0015   0.2149691E+0002   0.5427900E-0001  -0.8673617E-0018   0.5657987E+0000  -0.1784660E+0003
    15.23200   0.2306870E+0001   0.1245531E-0014   0.2149511E+0002   0.5427900E-0001  -0.2428613E-0016   0.5649517E+0000  -0.1784675E+0003
    15.24000   0.2306870E+0001  -0.2487593E-0014   0.2149306E+0002   0.5427900E-0001   0.3816392E-0016   0.5640175E+0000  -0.1784692E+0003
    15.24800   0.2306870E+0001   0.1343543E-0014   0.2149078E+0002   0.5427900E-0001   0.2125036E-0016   0.5630062E+0000  -0.1784710E+0003
    15.25600   0.2306870E+0001   0.6227657E-0015   0.2148829E+0002   0.5427900E-0001   0.1257675E-0016   0.5619273E+0000  -0.1784729E+0003
    15.26400   0.2306870E+0001  -0.5204170E-0017   0.2148559E+0002   0.5427900E-0001   0.4987330E-0016   0.5607909E+0000  -0.1784749E+0003
    15.27200   0.2306870E+0001   0.4362830E-0015   0.2148269E+0002   0.5427900E-0001  -0.4163336E-0016   0.5596071E+0000  -0.1784770E+0003
    15.28000   0.2306870E+0001   0.1052110E-0014   0.2147960E+0002   0.5427900E-0001   0.6245005E-0016   0.5583864E+0000  -0.1784793E+0003
    15.28800   0.2306870E+0001   0.8638923E-0015   0.2147633E+0002   0.5427900E-0001   0.1170938E-0016   0.5571387E+0000  -0.1784816E+0003
    15.29600   0.2306870E+0001   0.1006140E-0014   0.2147288E+0002   0.5427900E-0001   0.6461845E-0016   0.5558727E+0000  -0.1784840E+0003
    15.30400   0.2306870E+0001  -0.1144917E-0014   0.2146928E+0002   0.5427900E-0001   0.8239937E-0016   0.5545957E+0000  -0.1784864E+0003
    15.31200   0.2306870E+0001   0.3200565E-0015   0.2146553E+0002   0.5427900E-0001   0.7112366E-0016   0.5533136E+0000  -0.1784889E+0003
    15.32000   0.2306870E+0001   0.9879250E-0015   0.2146165E+0002   0.5427900E-0001   0.7415943E-0016   0.5520316E+0000  -0.1784914E+0003
    15.32800   0.2306870E+0001  -0.1331400E-0014   0.2145766E+0002   0.5427900E-0001   0.6938894E-0016   0.5507553E+0000  -0.1784939E+0003
    15.33600   0.2306870E+0001  -0.5767956E-0016   0.2145358E+0002   0.5427900E-0001  -0.2081668E-0016   0.5494914E+0000  -0.1784964E+0003
    15.34400   0.2306870E+0001   0.3295975E-0015   0.2144943E+0002   0.5427900E-0001   0.1062518E-0015   0.5482472E+0000  -0.1784990E+0003
    15.35200   0.2306870E+0001   0.1739494E-0014   0.2144524E+0002   0.5427900E-0001   0.5984796E-0016   0.5470307E+0000  -0.1785014E+0003
    15.36000   0.2306870E+0001  -0.7480995E-0015   0.2144103E+0002   0.5427900E-0001   0.5898060E-0016   0.5458500E+0000  -0.1785039E+0003
    15.36800   0.2306870E+0001  -0.1334870E-0014   0.2143682E+0002   0.5427900E-0001   0.9497611E-0016   0.5447125E+0000  -0.1785063E+0003
    15.37600   0.2306870E+0001   0.8743006E-0015   0.2143264E+0002   0.5427900E-0001   0.2602085E-0017   0.5436251E+0000  -0.1785086E+0003
    15.38400   0.2306870E+0001   0.1840542E-0014   0.2142850E+0002   0.5427900E-0001   0.2081668E-0016   0.5425935E+0000  -0.1785109E+0003
    15.39200   0.2306870E+0001   0.5117434E-0016   0.2142441E+0002   0.5427900E-0001   0.8066464E-0016   0.5416228E+0000  -0.1785131E+0003
    15.40000   0.2306870E+0001   0.7398596E-0015   0.2142039E+0002   0.5427900E-0001  -0.5204170E-0017   0.5407169E+0000  -0.1785152E+0003
    15.40800   0.2306870E+0001   0.9341486E-0015   0.2141643E+0002   0.5427900E-0001   0.4466913E-0016   0.5398790E+0000  -0.1785173E+0003
    15.41600   0.2306870E+0001   0.9042246E-0015   0.2141256E+0002   0.5427900E-0001  -0.1951564E-0016   0.5391116E+0000  -0.1785192E+0003
    15.42400   0.2306870E+0001   0.2489328E-0015   0.2140875E+0002   0.5427900E-0001   0.3989864E-0016   0.5384168E+0000  -0.1785211E+0003
    15.43200   0.2306870E+0001  -0.2615096E-0015   0.2140503E+0002   0.5427900E-0001   0.7068998E-0016   0.5377965E+0000  -0.1785229E+0003
    15.44000   0.2306870E+0001  -0.2556549E-0015   0.2140138E+0002   0.5427900E-0001   0.9063930E-0016   0.5372523E+0000  -0.1785245E+0003
    15.44800   0.2306870E+0001   0.1278058E-0014   0.2139781E+0002   0.5427900E-0001  -0.3469447E-0017   0.5367856E+0000  -0.1785262E+0003
    15.45600   0.2306870E+0001  -0.3326332E-0015   0.2139432E+0002   0.5427900E-0001   0.4553649E-0016   0.5363973E+0000  -0.1785277E+0003
    15.46400   0.2306870E+0001   0.5247539E-0016   0.2139092E+0002   0.5427900E-0001   0.2168404E-0016   0.5360881E+0000  -0.1785291E+0003
    15.47200   0.2306870E+0001  -0.2385245E-0016   0.2138760E+0002   0.5427900E-0001   0.7372575E-0016   0.5358577E+0000  -0.1785305E+0003
    15.48000   0.2306870E+0001  -0.2990230E-0015   0.2138438E+0002   0.5427900E-0001   0.6938894E-0016   0.5357053E+0000  -0.1785317E+0003
    15.48800   0.2306870E+0001   0.1379539E-0014   0.2138126E+0002   0.5427900E-0001   0.5204170E-0017   0.5356289E+0000  -0.1785329E+0003
    15.49600   0.2306870E+0001   0.1164867E-0014   0.2137824E+0002   0.5427900E-0001   0.1079865E-0015   0.5356261E+0000  -0.1785340E+0003
    15.50400   0.2306870E+0001   0.1015247E-0014   0.2137532E+0002   0.5427900E-0001   0.1027824E-0015   0.5356935E+0000  -0.1785350E+0003
    15.51200   0.2306870E+0001  -0.1343543E-0014   0.2137248E+0002   0.5427900E-0001   0.7546047E-0016   0.5358267E+0000  -0.1785359E+0003
    15.52000   0.2306870E+0001   0.1886512E-0015   0.2136973E+0002   0.5427900E-0001   0.1166602E-0015   0.5360210E+0000  -0.1785368E+0003
    15.52800   0.2306870E+0001  -0.3079134E-0016   0.2136706E+0002   0.5427900E-0001   0.1413800E-0015   0.5362709E+0000  -0.1785376E+0003
    15.53600   0.2306870E+0001   0.9363170E-0015   0.2136445E+0002   0.5427900E-0001   0.2471981E-0016   0.5365707E+0000  -0.1785383E+0003
    15.54400   0.2306870E+0001   0.3176712E-0014   0.2136189E+0002   0.5427900E-0001   0.0000000E+0000   0.5369148E+0000  -0.1785390E+0003
    15.55200   0.2306870E+0001  -0.1412932E-0014   0.2135938E+0002   0.5427900E-0001   0.2818926E-0016   0.5372972E+0000  -0.1785396E+0003
    15.56000   0.2306870E+0001  -0.8023096E-0017   0.2135689E+0002   0.5427900E-0001   0.5507747E-0016   0.5377122E+0000  -0.1785402E+0003
    15.56800   0.2306870E+0001   0.1753589E-0014   0.2135443E+0002   0.5427900E-0001   0.6331741E-0016   0.5381545E+0000  -0.1785408E+0003
    15.57600   0.2306870E+0001   0.8701807E-0015   0.2135198E+0002   0.5427900E-0001  -0.4336809E-0017   0.5386190E+0000  -0.1785413E+0003
    15.58400   0.2306870E+0001   0.2211772E-0016   0.2134955E+0002   0.5427900E-0001   0.6201636E-0016   0.5391013E+0000  -0.1785418E+0003
    15.59200   0.2306870E+0001  -0.6539908E-0015   0.2134712E+0002   0.5427900E-0001   0.4987330E-0016   0.5395976E+0000  -0.1785422E+0003
    15.60000   0.2306870E+0001   0.1487959E-0014   0.2134469E+0002   0.5427900E-0001   0.5898060E-0016   0.5401054E+0000  -0.1785427E+0003
    15.60800   0.2306870E+0001   0.7177418E-0015   0.2134226E+0002   0.5427900E-0001   0.6071532E-0016   0.5406232E+0000  -0.1785431E+0003
    15.61600   0.2306870E+0001   0.1201296E-0015   0.2133984E+0002   0.5427900E-0001   0.3642919E-0016   0.5411507E+0000  -0.1785435E+0003
    15.62400   0.2306870E+0001   0.6999609E-0015   0.2133741E+0002   0.5427900E-0001   0.5290907E-0016   0.5416889E+0000  -0.1785439E+0003
    15.63200   0.2306870E+0001  -0.5247539E-0015   0.2133497E+0002   0.5427900E-0001   0.4900594E-0016   0.5422401E+0000  -0.1785443E+0003
    15.64000   0.2306870E+0001   0.5022024E-0015   0.2133254E+0002   0.5427900E-0001  -0.8673617E-0017   0.5428076E+0000  -0.1785447E+0003
    15.64800   0.2306870E+0001   0.2918672E-0015   0.2133010E+0002   0.5427900E-0001   0.7372575E-0016   0.5433957E+0000  -0.1785451E+0003
    15.65600   0.2306870E+0001   0.8335346E-0015   0.2132767E+0002   0.5427900E-0001   0.2645453E-0016   0.5440096E+0000  -0.1785454E+0003
    15.66400   0.2306870E+0001  -0.1228618E-0014   0.2132525E+0002   0.5427900E-0001   0.2038300E-0016   0.5446551E+0000  -0.1785458E+0003
    15.67200   0.2306870E+0001   0.9176687E-0015   0.2132285E+0002   0.5427900E-0001   0.3382711E-0016   0.5453387E+0000  -0.1785461E+0003
    15.68000   0.2306870E+0001  -0.3543173E-0015   0.2132049E+0002   0.5427900E-0001   0.9931292E-0016   0.5460675E+0000  -0.1785464E+0003
    15.68800   0.2306870E+0001   0.7498342E-0015   0.2131816E+0002   0.5427900E-0001   0.2081668E-0016   0.5468488E+0000  -0.1785466E+0003
    15.69600   0.2306870E+0001   0.3269954E-0015   0.2131589E+0002   0.5427900E-0001   0.2862294E-0016   0.5476906E+0000  -0.1785469E+0003
    15.70400   0.2306870E+0001   0.9150666E-0015   0.2131368E+0002   0.5427900E-0001  -0.6071532E-0017   0.5486013E+0000  -0.1785470E+0003
    15.71200   0.2306870E+0001  -0.9970323E-0015   0.2131156E+0002   0.5427900E-0001   0.1084202E-0015   0.5495900E+0000  -0.1785472E+0003
    15.72000   0.2306870E+0001   0.3083471E-0015   0.2130953E+0002   0.5427900E-0001   0.2949030E-0016   0.5506663E+0000  -0.1785473E+0003
    15.72800   0.2306870E+0001  -0.1089406E-0014   0.2130759E+0002   0.5427900E-0001   0.5681219E-0016   0.5518400E+0000  -0.1785473E+0003
    15.73600   0.2306870E+0001   0.6370772E-0015   0.2130577E+0002   0.5427900E-0001   0.8370041E-0016   0.5531210E+0000  -0.1785473E+0003
    15.74400   0.2306870E+0001   0.1543470E-0014   0.2130406E+0002   0.5427900E-0001   0.7285839E-0016   0.5545191E+0000  -0.1785472E+0003
    15.75200   0.2306870E+0001   0.6492203E-0015   0.2130247E+0002   0.5427900E-0001   0.2558717E-0016   0.5560427E+0000  -0.1785471E+0003
    15.76000   0.2306870E+0001   0.9645063E-0015   0.2130099E+0002   0.5427900E-0001   0.4987330E-0016   0.5576993E+0000  -0.1785469E+0003
    15.76800   0.2306870E+0001   0.1128438E-0014   0.2129962E+0002   0.5427900E-0001   0.3165870E-0016   0.5594941E+0000  -0.1785466E+0003
    15.77600   0.2306870E+0001  -0.1629773E-0014   0.2129837E+0002   0.5427900E-0001   0.6852158E-0016   0.5614300E+0000  -0.1785464E+0003
    15.78400   0.2306870E+0001   0.1958069E-0014   0.2129722E+0002   0.5427900E-0001   0.4336809E-0016   0.5635072E+0000  -0.1785460E+0003
    15.79200   0.2306870E+0001   0.7463648E-0015   0.2129617E+0002   0.5427900E-0001   0.4119968E-0016   0.5657231E+0000  -0.1785456E+0003
    15.80000   0.2306870E+0001  -0.9003215E-0015   0.2129521E+0002   0.5427900E-0001   0.6375109E-0016   0.5680720E+0000  -0.1785452E+0003
    15.80800   0.2306870E+0001  -0.1101116E-0014   0.2129434E+0002   0.5427900E-0001   0.5334275E-0016   0.5705459E+0000  -0.1785448E+0003
    15.81600   0.2306870E+0001   0.1218643E-0014   0.2129356E+0002   0.5427900E-0001  -0.8673617E-0018   0.5731338E+0000  -0.1785443E+0003
    15.82400   0.2306870E+0001  -0.3183218E-0015   0.2129285E+0002   0.5427900E-0001   0.4510281E-0016   0.5758228E+0000  -0.1785439E+0003
    15.83200   0.2306870E+0001   0.5355959E-0015   0.2129220E+0002   0.5427900E-0001   0.1994932E-0016   0.5785977E+0000  -0.1785434E+0003
    15.84000   0.2306870E+0001   0.3994201E-0015   0.2129161E+0002   0.5427900E-0001   0.8326673E-0016   0.5814422E+0000  -0.1785429E+0003
    15.84800   0.2306870E+0001  -0.1518750E-0014   0.2129108E+0002   0.5427900E-0001   0.8890458E-0016   0.5843385E+0000  -0.1785423E+0003
    15.85600   0.2306870E+0001   0.1239026E-0014   0.2129058E+0002   0.5427900E-0001   0.3816392E-0016   0.5872683E+0000  -0.1785418E+0003
    15.86400   0.2306870E+0001   0.8365704E-0015   0.2129011E+0002   0.5427900E-0001   0.3295975E-0016   0.5902130E+0000  -0.1785414E+0003
    15.87200   0.2306870E+0001   0.5659535E-0015   0.2128965E+0002   0.5427900E-0001   0.4640385E-0016   0.5931539E+0000  -0.1785409E+0003
    15.88000   0.2306870E+0001  -0.4575333E-0015   0.2128921E+0002   0.5427900E-0001   0.6245005E-0016   0.5960731E+0000  -0.1785404E+0003
    15.88800   0.2306870E+0001   0.6930220E-0015   0.2128875E+0002   0.5427900E-0001   0.8109832E-0016   0.5989532E+0000  -0.1785400E+0003
    15.89600   0.2306870E+0001   0.1202163E-0014   0.2128828E+0002   0.5427900E-0001   0.4076600E-0016   0.6017776E+0000  -0.1785396E+0003
    15.90400   0.2306870E+0001   0.6947568E-0015   0.2128778E+0002   0.5427900E-0001  -0.1778092E-0016   0.6045306E+0000  -0.1785393E+0003
    15.91200   0.2306870E+0001  -0.8049117E-0015   0.2128724E+0002   0.5427900E-0001   0.3339343E-0016   0.6071975E+0000  -0.1785390E+0003
    15.92000   0.2306870E+0001  -0.6045511E-0015   0.2128666E+0002   0.5427900E-0001   0.4857226E-0016   0.6097644E+0000  -0.1785387E+0003
    15.92800   0.2306870E+0001  -0.2407363E-0014   0.2128603E+0002   0.5427900E-0001   0.3707971E-0016   0.6122177E+0000  -0.1785385E+0003
    15.93600   0.2306870E+0001   0.1006573E-0014   0.2128534E+0002   0.5427900E-0001   0.3729655E-0016   0.6145447E+0000  -0.1785383E+0003
    15.94400   0.2306870E+0001   0.2176211E-0014   0.2128459E+0002   0.5427900E-0001   0.3729655E-0016   0.6167331E+0000  -0.1785381E+0003
    15.95200   0.2306870E+0001   0.1073794E-0014   0.2128378E+0002   0.5427900E-0001   0.6678685E-0016   0.6187710E+0000  -0.1785380E+0003
    15.96000   0.2306870E+0001  -0.3295975E-0016   0.2128291E+0002   0.5427900E-0001   0.7285839E-0016   0.6206471E+0000  -0.1785379E+0003
    15.96800   0.2306870E+0001  -0.2524023E-0015   0.2128199E+0002   0.5427900E-0001   0.3903128E-0016   0.6223505E+0000  -0.1785378E+0003
    15.97600   0.2306870E+0001  -0.8161874E-0015   0.2128102E+0002   0.5427900E-0001   0.6657001E-0016   0.6238711E+0000  -0.1785378E+0003
    15.98400   0.2306870E+0001  -0.8092485E-0015   0.2128000E+0002   0.5427900E-0001   0.8066464E-0016   0.6251993E+0000  -0.1785377E+0003
    15.99200   0.2306870E+0001  -0.1543904E-0015   0.2127895E+0002   0.5427900E-0001   0.4098284E-0016   0.6263263E+0000  -0.1785377E+0003
    16.00000   0.2306870E+0001   0.4076600E-0015   0.2127788E+0002   0.5427900E-0001   0.5898060E-0016   0.6272438E+0000  -0.1785376E+0003
    16.00800   0.2306870E+0001   0.2146720E-0014   0.2127679E+0002   0.5427900E-0001   0.2016616E-0016   0.6279440E+0000  -0.1785375E+0003
    16.01600   0.2306870E+0001   0.1320992E-0014   0.2127571E+0002   0.5427900E-0001   0.1539567E-0016   0.6284200E+0000  -0.1785374E+0003
    16.02400   0.2306870E+0001  -0.6808790E-0015   0.2127464E+0002   0.5427900E-0001   0.1281527E-0015   0.6286651E+0000  -0.1785373E+0003
    16.03200   0.2306870E+0001  -0.1708703E-0015   0.2127361E+0002   0.5427900E-0001   0.2016616E-0016   0.6286735E+0000  -0.1785371E+0003
    16.04000   0.2306870E+0001  -0.1671406E-0014   0.2127262E+0002   0.5427900E-0001   0.1864828E-0016   0.6284399E+0000  -0.1785368E+0003
    16.04800   0.2306870E+0001   0.2137179E-0014   0.2127170E+0002   0.5427900E-0001  -0.1214306E-0016   0.6279597E+0000  -0.1785365E+0003
    16.05600   0.2306870E+0001   0.1942023E-0014   0.2127086E+0002   0.5427900E-0001   0.4835542E-0016   0.6272295E+0000  -0.1785362E+0003
    16.06400   0.2306870E+0001   0.1188286E-0014   0.2127012E+0002   0.5427900E-0001   0.4770490E-0016   0.6262465E+0000  -0.1785357E+0003
    16.07200   0.2306870E+0001  -0.1152724E-0014   0.2126950E+0002   0.5427900E-0001   0.8738670E-0016   0.6250095E+0000  -0.1785352E+0003
    16.08000   0.2306870E+0001  -0.1353952E-0014   0.2126900E+0002   0.5427900E-0001   0.2623769E-0016   0.6235184E+0000  -0.1785346E+0003
    16.08800   0.2306870E+0001  -0.1219511E-0014   0.2126864E+0002   0.5427900E-0001   0.7437627E-0016   0.6217742E+0000  -0.1785339E+0003
    16.09600   0.2306870E+0001   0.1214306E-0014   0.2126844E+0002   0.5427900E-0001   0.8391725E-0016   0.6197797E+0000  -0.1785331E+0003
    16.10400   0.2306870E+0001  -0.1266348E-0015   0.2126840E+0002   0.5427900E-0001   0.5637851E-0017   0.6175391E+0000  -0.1785322E+0003
    16.11200   0.2306870E+0001   0.9610368E-0015   0.2126853E+0002   0.5427900E-0001   0.5767956E-0016   0.6150578E+0000  -0.1785313E+0003
    16.12000   0.2306870E+0001  -0.3989864E-0016   0.2126883E+0002   0.5427900E-0001   0.6114900E-0016   0.6123431E+0000  -0.1785302E+0003
    16.12800   0.2306870E+0001  -0.1020017E-0014   0.2126932E+0002   0.5427900E-0001   0.9237403E-0016   0.6094036E+0000  -0.1785291E+0003
    16.13600   0.2306870E+0001  -0.4779163E-0015   0.2126998E+0002   0.5427900E-0001   0.5767956E-0016   0.6062493E+0000  -0.1785279E+0003
    16.14400   0.2306870E+0001   0.1671406E-0014   0.2127083E+0002   0.5427900E-0001   0.4510281E-0016   0.6028919E+0000  -0.1785267E+0003
    16.15200   0.2306870E+0001   0.3851086E-0015   0.2127186E+0002   0.5427900E-0001   0.4640385E-0016   0.5993443E+0000  -0.1785254E+0003
    16.16000   0.2306870E+0001  -0.3668940E-0015   0.2127306E+0002   0.5427900E-0001   0.3556183E-0016   0.5956208E+0000  -0.1785240E+0003
    16.16800   0.2306870E+0001  -0.3642919E-0016   0.2127443E+0002   0.5427900E-0001   0.3382711E-0016   0.5917370E+0000  -0.1785226E+0003
    16.17600   0.2306870E+0001   0.3183218E-0015   0.2127596E+0002   0.5427900E-0001   0.7437627E-0016   0.5877095E+0000  -0.1785211E+0003
    16.18400   0.2306870E+0001  -0.7754214E-0015   0.2127764E+0002   0.5427900E-0001   0.3079134E-0016   0.5835560E+0000  -0.1785197E+0003
    16.19200   0.2306870E+0001   0.5898060E-0016   0.2127946E+0002   0.5427900E-0001  -0.3577867E-0017   0.5792950E+0000  -0.1785182E+0003
    16.20000   0.2306870E+0001  -0.1032160E-0015   0.2128141E+0002   0.5427900E-0001   0.7513521E-0016   0.5749455E+0000  -0.1785167E+0003
    16.20800   0.2306870E+0001  -0.7806256E-0016   0.2128348E+0002   0.5427900E-0001   0.6385951E-0016   0.5705272E+0000  -0.1785152E+0003
    16.21600   0.2306870E+0001  -0.1461505E-0014   0.2128566E+0002   0.5427900E-0001   0.7892992E-0016   0.5660600E+0000  -0.1785138E+0003
    16.22400   0.2306870E+0001   0.4267420E-0015   0.2128792E+0002   0.5427900E-0001   0.6917210E-0016   0.5615642E+0000  -0.1785123E+0003
    16.23200   0.2306870E+0001   0.8404735E-0015   0.2129026E+0002   0.5427900E-0001   0.3306817E-0016   0.5570598E+0000  -0.1785109E+0003
    16.24000   0.2306870E+0001   0.4900594E-0015   0.2129266E+0002   0.5427900E-0001   0.9437980E-0016   0.5525666E+0000  -0.1785095E+0003
    16.24800   0.2306870E+0001   0.1270685E-0014   0.2129510E+0002   0.5427900E-0001  -0.9215718E-0018   0.5481042E+0000  -0.1785082E+0003
    16.25600   0.2306870E+0001  -0.2680148E-0015   0.2129756E+0002   0.5427900E-0001   0.3843497E-0016   0.5436913E+0000  -0.1785069E+0003
    16.26400   0.2306870E+0001  -0.2567391E-0015   0.2130004E+0002   0.5427900E-0001   0.8245358E-0016   0.5393461E+0000  -0.1785057E+0003
    16.27200   0.2306870E+0001  -0.9055257E-0015   0.2130252E+0002   0.5427900E-0001   0.9999732E-0016   0.5350857E+0000  -0.1785045E+0003
    16.28000   0.2306870E+0001   0.5117434E-0015   0.2130498E+0002   0.5427900E-0001   0.7752046E-0016   0.5309264E+0000  -0.1785034E+0003
    16.28800   0.2306870E+0001   0.9887924E-0016   0.2130740E+0002   0.5427900E-0001   0.6312767E-0016   0.5268831E+0000  -0.1785023E+0003
    16.29600   0.2306870E+0001   0.1552578E-0014   0.2130977E+0002   0.5427900E-0001   0.1349832E-0016   0.5229694E+0000  -0.1785014E+0003
    16.30400   0.2306870E+0001   0.6539908E-0015   0.2131208E+0002   0.5427900E-0001   0.7914676E-0016   0.5191974E+0000  -0.1785005E+0003
    16.31200   0.2306870E+0001   0.1161397E-0014   0.2131432E+0002   0.5427900E-0001   0.5052382E-0016   0.5155778E+0000  -0.1784997E+0003
    16.32000   0.2306870E+0001  -0.8994541E-0015   0.2131647E+0002   0.5427900E-0001   0.4672911E-0016   0.5121196E+0000  -0.1784989E+0003
    16.32800   0.2306870E+0001   0.3443426E-0015   0.2131852E+0002   0.5427900E-0001   0.5757114E-0016   0.5088303E+0000  -0.1784983E+0003
    16.33600   0.2306870E+0001   0.1337472E-0014   0.2132046E+0002   0.5427900E-0001   0.1864828E-0016   0.5057157E+0000  -0.1784977E+0003
    16.34400   0.2306870E+0001  -0.1179612E-0015   0.2132228E+0002   0.5427900E-0001   0.1073360E-0016   0.5027801E+0000  -0.1784973E+0003
    16.35200   0.2306870E+0001   0.1021752E-0014   0.2132397E+0002   0.5427900E-0001   0.6071532E-0017   0.5000266E+0000  -0.1784969E+0003
    16.36000   0.2306870E+0001   0.1456300E-0014   0.2132553E+0002   0.5427900E-0001   0.4076600E-0016   0.4974569E+0000  -0.1784967E+0003
    16.36800   0.2306870E+0001   0.3193626E-0014   0.2132695E+0002   0.5427900E-0001   0.7155734E-0017   0.4950715E+0000  -0.1784966E+0003
    16.37600   0.2306870E+0001   0.4718448E-0015   0.2132822E+0002   0.5427900E-0001   0.2992398E-0016   0.4928699E+0000  -0.1784965E+0003
    16.38400   0.2306870E+0001  -0.4770490E-0016   0.2132934E+0002   0.5427900E-0001   0.4792174E-0016   0.4908508E+0000  -0.1784966E+0003
    16.39200   0.2306870E+0001  -0.1465841E-0015   0.2133030E+0002   0.5427900E-0001   0.2818926E-0016   0.4890121E+0000  -0.1784968E+0003
    16.40000   0.2306870E+0001  -0.1795439E-0014   0.2133110E+0002   0.5427900E-0001   0.9107298E-0016   0.4873509E+0000  -0.1784971E+0003
    16.40800   0.2306870E+0001   0.7589415E-0015   0.2133174E+0002   0.5427900E-0001   0.7567731E-0016   0.4858635E+0000  -0.1784975E+0003
    16.41600   0.2306870E+0001  -0.1811051E-0014   0.2133222E+0002   0.5427900E-0001   0.9887924E-0016   0.4845459E+0000  -0.1784980E+0003
    16.42400   0.2306870E+0001  -0.6036838E-0015   0.2133253E+0002   0.5427900E-0001   0.7415943E-0016   0.4833932E+0000  -0.1784986E+0003
    16.43200   0.2306870E+0001   0.7702172E-0015   0.2133268E+0002   0.5427900E-0001   0.2580401E-0016   0.4824004E+0000  -0.1784993E+0003
    16.44000   0.2306870E+0001  -0.4076600E-0016   0.2133268E+0002   0.5427900E-0001   0.1058181E-0015   0.4815615E+0000  -0.1785001E+0003
    16.44800   0.2306870E+0001   0.1527424E-0014   0.2133251E+0002   0.5427900E-0001   0.4727121E-0016   0.4808703E+0000  -0.1785010E+0003
    16.45600   0.2306870E+0001   0.9757820E-0015   0.2133220E+0002   0.5427900E-0001   0.2341877E-0016   0.4803200E+0000  -0.1785019E+0003
    16.46400   0.2306870E+0001   0.1007874E-0014   0.2133174E+0002   0.5427900E-0001   0.4336809E-0016   0.4799033E+0000  -0.1785029E+0003
    16.47200   0.2306870E+0001   0.1706101E-0014   0.2133113E+0002   0.5427900E-0001  -0.4336809E-0017   0.4796125E+0000  -0.1785040E+0003
    16.48000   0.2306870E+0001   0.1481454E-0014   0.2133040E+0002   0.5427900E-0001   0.3426079E-0016   0.4794394E+0000  -0.1785051E+0003
    16.48800   0.2306870E+0001   0.1197827E-0014   0.2132954E+0002   0.5427900E-0001  -0.1474515E-0016   0.4793755E+0000  -0.1785062E+0003
    16.49600   0.2306870E+0001   0.5715914E-0015   0.2132857E+0002   0.5427900E-0001   0.1092876E-0015   0.4794120E+0000  -0.1785074E+0003
    16.50400   0.2306870E+0001   0.1163132E-0014   0.2132749E+0002   0.5427900E-0001   0.3989864E-0016   0.4795400E+0000  -0.1785087E+0003
    16.51200   0.2306870E+0001   0.6236331E-0015   0.2132631E+0002   0.5427900E-0001   0.2255141E-0016   0.4797505E+0000  -0.1785099E+0003
    16.52000   0.2306870E+0001  -0.6435824E-0015   0.2132505E+0002   0.5427900E-0001   0.9324139E-0016   0.4800346E+0000  -0.1785112E+0003
    16.52800   0.2306870E+0001   0.5828671E-0015   0.2132371E+0002   0.5427900E-0001   0.7329207E-0016   0.4803836E+0000  -0.1785125E+0003
    16.53600   0.2306870E+0001   0.7441964E-0015   0.2132231E+0002   0.5427900E-0001   0.4943962E-0016   0.4807894E+0000  -0.1785139E+0003
    16.54400   0.2306870E+0001   0.1857889E-0014   0.2132084E+0002   0.5427900E-0001   0.8673617E-0017   0.4812441E+0000  -0.1785152E+0003
    16.55200   0.2306870E+0001   0.3152860E-0014   0.2131933E+0002   0.5427900E-0001   0.3903128E-0017   0.4817405E+0000  -0.1785165E+0003
    16.56000   0.2306870E+0001   0.3538836E-0015   0.2131777E+0002   0.5427900E-0001   0.8543513E-0016   0.4822720E+0000  -0.1785179E+0003
    16.56800   0.2306870E+0001   0.8400398E-0015   0.2131618E+0002   0.5427900E-0001   0.4597017E-0016   0.4828325E+0000  -0.1785193E+0003
    16.57600   0.2306870E+0001   0.2371367E-0014   0.2131457E+0002   0.5427900E-0001  -0.2211772E-0016   0.4834168E+0000  -0.1785206E+0003
    16.58400   0.2306870E+0001   0.1149688E-0014   0.2131293E+0002   0.5427900E-0001   0.4033232E-0016   0.4840203E+0000  -0.1785220E+0003
    16.59200   0.2306870E+0001   0.2736526E-0015   0.2131127E+0002   0.5427900E-0001   0.5334275E-0016   0.4846389E+0000  -0.1785233E+0003
    16.60000   0.2306870E+0001  -0.1320992E-0014   0.2130959E+0002   0.5427900E-0001   0.4640385E-0016   0.4852693E+0000  -0.1785247E+0003
    16.60800   0.2306870E+0001   0.7628446E-0015   0.2130790E+0002   0.5427900E-0001  -0.3469447E-0017   0.4859089E+0000  -0.1785261E+0003
    16.61600   0.2306870E+0001   0.1222113E-0014   0.2130621E+0002   0.5427900E-0001   0.5767956E-0016   0.4865551E+0000  -0.1785274E+0003
    16.62400   0.2306870E+0001   0.6635317E-0015   0.2130450E+0002   0.5427900E-0001   0.4423545E-0016   0.4872063E+0000  -0.1785288E+0003
    16.63200   0.2306870E+0001  -0.6201636E-0016   0.2130279E+0002   0.5427900E-0001   0.7372575E-0016   0.4878608E+0000  -0.1785301E+0003
    16.64000   0.2306870E+0001   0.7732530E-0015   0.2130107E+0002   0.5427900E-0001   0.3426079E-0016   0.4885172E+0000  -0.1785315E+0003
    16.64800   0.2306870E+0001   0.1009609E-0014   0.2129934E+0002   0.5427900E-0001   0.3556183E-0016   0.4891745E+0000  -0.1785328E+0003
    16.65600   0.2306870E+0001   0.9992007E-0015   0.2129761E+0002   0.5427900E-0001   0.1647987E-0016   0.4898313E+0000  -0.1785341E+0003
    16.66400   0.2306870E+0001   0.4488597E-0015   0.2129587E+0002   0.5427900E-0001   0.7632783E-0016   0.4904866E+0000  -0.1785354E+0003
    16.67200   0.2306870E+0001   0.3512815E-0015   0.2129414E+0002   0.5427900E-0001   0.6114900E-0016   0.4911393E+0000  -0.1785367E+0003
    16.68000   0.2306870E+0001  -0.2099015E-0015   0.2129240E+0002   0.5427900E-0001   0.4857226E-0016   0.4917881E+0000  -0.1785380E+0003
    16.68800   0.2306870E+0001  -0.5906733E-0015   0.2129066E+0002   0.5427900E-0001   0.9627715E-0016   0.4924316E+0000  -0.1785392E+0003
    16.69600   0.2306870E+0001   0.1136244E-0015   0.2128893E+0002   0.5427900E-0001   0.5421011E-0016   0.4930685E+0000  -0.1785405E+0003
    16.70400   0.2306870E+0001  -0.1049508E-0015   0.2128720E+0002   0.5427900E-0001   0.5290907E-0016   0.4936972E+0000  -0.1785417E+0003
    16.71200   0.2306870E+0001  -0.6292709E-0015   0.2128549E+0002   0.5427900E-0001   0.4250073E-0016   0.4943162E+0000  -0.1785429E+0003
    16.72000   0.2306870E+0001   0.3248270E-0015   0.2128379E+0002   0.5427900E-0001   0.1517883E-0016   0.4949237E+0000  -0.1785440E+0003
    16.72800   0.2306870E+0001  -0.8443767E-0015   0.2128211E+0002   0.5427900E-0001   0.5551115E-0016   0.4955179E+0000  -0.1785452E+0003
    16.73600   0.2306870E+0001  -0.2381342E-0014   0.2128045E+0002   0.5427900E-0001   0.4640385E-0016   0.4960966E+0000  -0.1785463E+0003
    16.74400   0.2306870E+0001  -0.1812786E-0015   0.2127881E+0002   0.5427900E-0001  -0.2038300E-0016   0.4966578E+0000  -0.1785474E+0003
    16.75200   0.2306870E+0001   0.7125377E-0015   0.2127720E+0002   0.5427900E-0001   0.4943962E-0016   0.4971990E+0000  -0.1785485E+0003
    16.76000   0.2306870E+0001   0.9536642E-0015   0.2127563E+0002   0.5427900E-0001   0.9107298E-0017   0.4977180E+0000  -0.1785496E+0003
    16.76800   0.2306870E+0001  -0.6310057E-0015   0.2127409E+0002   0.5427900E-0001   0.8239937E-0016   0.4982119E+0000  -0.1785507E+0003
    16.77600   0.2306870E+0001   0.3773024E-0015   0.2127260E+0002   0.5427900E-0001   0.5421011E-0016   0.4986781E+0000  -0.1785517E+0003
    16.78400   0.2306870E+0001  -0.3126839E-0015   0.2127114E+0002   0.5427900E-0001   0.3946496E-0016   0.4991136E+0000  -0.1785527E+0003
    16.79200   0.2306870E+0001   0.3165870E-0016   0.2126973E+0002   0.5427900E-0001   0.3165870E-0016   0.4995152E+0000  -0.1785537E+0003
    16.80000   0.2306870E+0001   0.7632783E-0016   0.2126836E+0002   0.5427900E-0001   0.3773024E-0016   0.4998797E+0000  -0.1785547E+0003
    16.80800   0.2306870E+0001  -0.9027067E-0015   0.2126704E+0002   0.5427900E-0001   0.8760354E-0016   0.5002036E+0000  -0.1785556E+0003
    16.81600   0.2306870E+0001   0.1620449E-0014   0.2126578E+0002   0.5427900E-0001  -0.2602085E-0017   0.5004836E+0000  -0.1785565E+0003
    16.82400   0.2306870E+0001   0.2145202E-0014   0.2126456E+0002   0.5427900E-0001  -0.3903128E-0017   0.5007159E+0000  -0.1785574E+0003
    16.83200   0.2306870E+0001   0.7634952E-0015   0.2126339E+0002   0.5427900E-0001   0.2645453E-0016   0.5008972E+0000  -0.1785583E+0003
    16.84000   0.2306870E+0001  -0.3135513E-0015   0.2126228E+0002   0.5427900E-0001   0.7285839E-0016   0.5010241E+0000  -0.1785591E+0003
    16.84800   0.2306870E+0001  -0.1358505E-0014   0.2126122E+0002   0.5427900E-0001   0.6808790E-0016   0.5010932E+0000  -0.1785599E+0003
    16.85600   0.2306870E+0001   0.1054712E-0014   0.2126022E+0002   0.5427900E-0001   0.9757820E-0016   0.5011014E+0000  -0.1785607E+0003
    16.86400   0.2306870E+0001   0.5269223E-0015   0.2125926E+0002   0.5427900E-0001   0.6678685E-0016   0.5010461E+0000  -0.1785614E+0003
    16.87200   0.2306870E+0001   0.8580376E-0015   0.2125837E+0002   0.5427900E-0001   0.8673617E-0016   0.5009247E+0000  -0.1785621E+0003
    16.88000   0.2306870E+0001   0.2731539E-0014   0.2125753E+0002   0.5427900E-0001   0.8239937E-0017   0.5007355E+0000  -0.1785628E+0003
    16.88800   0.2306870E+0001   0.8218252E-0016   0.2125674E+0002   0.5427900E-0001   0.4250073E-0016   0.5004769E+0000  -0.1785634E+0003
    16.89600   0.2306870E+0001   0.6696033E-0015   0.2125601E+0002   0.5427900E-0001   0.2341877E-0016   0.5001483E+0000  -0.1785640E+0003
    16.90400   0.2306870E+0001   0.6524729E-0015   0.2125534E+0002   0.5427900E-0001   0.4336809E-0016   0.4997496E+0000  -0.1785645E+0003
    16.91200   0.2306870E+0001  -0.3716645E-0015   0.2125472E+0002   0.5427900E-0001   0.6808790E-0016   0.4992816E+0000  -0.1785650E+0003
    16.92000   0.2306870E+0001   0.4531965E-0015   0.2125415E+0002   0.5427900E-0001   0.3816392E-0016   0.4987457E+0000  -0.1785654E+0003
    16.92800   0.2306870E+0001   0.1249651E-0014   0.2125364E+0002   0.5427900E-0001  -0.1908196E-0016   0.4981445E+0000  -0.1785658E+0003
    16.93600   0.2306870E+0001   0.1569708E-0014   0.2125318E+0002   0.5427900E-0001   0.4336809E-0016   0.4974812E+0000  -0.1785662E+0003
    16.94400   0.2306870E+0001   0.2654994E-0014   0.2125277E+0002   0.5427900E-0001   0.1084202E-0016   0.4967601E+0000  -0.1785666E+0003
    16.95200   0.2306870E+0001  -0.1469094E-0014   0.2125241E+0002   0.5427900E-0001   0.5941428E-0016   0.4959863E+0000  -0.1785669E+0003
    16.96000   0.2306870E+0001   0.6383782E-0015   0.2125210E+0002   0.5427900E-0001   0.1474515E-0016   0.4951658E+0000  -0.1785672E+0003
    16.96800   0.2306870E+0001   0.2952066E-0014   0.2125182E+0002   0.5427900E-0001  -0.2862294E-0016   0.4943055E+0000  -0.1785675E+0003
    16.97600   0.2306870E+0001  -0.1226233E-0014   0.2125159E+0002   0.5427900E-0001   0.4510281E-0016   0.4934133E+0000  -0.1785678E+0003
    16.98400   0.2306870E+0001   0.1721279E-0014   0.2125139E+0002   0.5427900E-0001   0.1778092E-0016   0.4924975E+0000  -0.1785680E+0003
    16.99200   0.2306870E+0001   0.2181415E-0015   0.2125122E+0002   0.5427900E-0001   0.2645453E-0016   0.4915672E+0000  -0.1785683E+0003
    17.00000   0.2306870E+0001   0.3974685E-0015   0.2125108E+0002   0.5427900E-0001   0.1474515E-0016   0.4906319E+0000  -0.1785685E+0003
    17.00800   0.2306870E+0001  -0.8641091E-0015   0.2125096E+0002   0.5427900E-0001   0.6071532E-0016   0.4897014E+0000  -0.1785687E+0003
    17.01600   0.2306870E+0001   0.1212138E-0014   0.2125085E+0002   0.5427900E-0001   0.6461845E-0016   0.4887858E+0000  -0.1785689E+0003
    17.02400   0.2306870E+0001   0.3824848E-0014   0.2125076E+0002   0.5427900E-0001   0.1561251E-0016   0.4878948E+0000  -0.1785691E+0003
    17.03200   0.2306870E+0001  -0.1788934E-0015   0.2125068E+0002   0.5427900E-0001   0.4250073E-0016   0.4870383E+0000  -0.1785693E+0003
    17.04000   0.2306870E+0001   0.1101983E-0014   0.2125060E+0002   0.5427900E-0001   0.4943962E-0016   0.4862253E+0000  -0.1785695E+0003
    17.04800   0.2306870E+0001   0.1332918E-0014   0.2125052E+0002   0.5427900E-0001   0.3295975E-0016   0.4854641E+0000  -0.1785696E+0003
    17.05600   0.2306870E+0001  -0.1619581E-0014   0.2125043E+0002   0.5427900E-0001   0.4380177E-0016   0.4847624E+0000  -0.1785698E+0003
    17.06400   0.2306870E+0001   0.1250519E-0014   0.2125033E+0002   0.5427900E-0001   0.3773024E-0016   0.4841265E+0000  -0.1785700E+0003
    17.07200   0.2306870E+0001   0.5861197E-0015   0.2125023E+0002   0.5427900E-0001   0.2515349E-0016   0.4835615E+0000  -0.1785702E+0003
    17.08000   0.2306870E+0001  -0.1518317E-0014   0.2125011E+0002   0.5427900E-0001   0.9324139E-0016   0.4830712E+0000  -0.1785703E+0003
    17.08800   0.2306870E+0001   0.3788202E-0015   0.2124998E+0002   0.5427900E-0001   0.4380177E-0016   0.4826579E+0000  -0.1785705E+0003
    17.09600   0.2306870E+0001   0.1517883E-0015   0.2124983E+0002   0.5427900E-0001   0.9974660E-0017   0.4823223E+0000  -0.1785707E+0003
    17.10400   0.2306870E+0001   0.1770285E-0014   0.2124967E+0002   0.5427900E-0001   0.6071532E-0017   0.4820637E+0000  -0.1785709E+0003
    17.11200   0.2306870E+0001  -0.7871308E-0016   0.2124949E+0002   0.5427900E-0001   0.5898060E-0016   0.4818800E+0000  -0.1785711E+0003
    17.12000   0.2306870E+0001  -0.4250073E-0015   0.2124930E+0002   0.5427900E-0001   0.9627715E-0016   0.4817676E+0000  -0.1785713E+0003
    17.12800   0.2306870E+0001  -0.1092876E-0015   0.2124909E+0002   0.5427900E-0001   0.7719519E-0016   0.4817218E+0000  -0.1785715E+0003
    17.13600   0.2306870E+0001  -0.2605772E-0014   0.2124887E+0002   0.5427900E-0001   0.6158268E-0016   0.4817368E+0000  -0.1785717E+0003
    17.14400   0.2306870E+0001   0.1180696E-0015   0.2124863E+0002   0.5427900E-0001   0.3295975E-0016   0.4818059E+0000  -0.1785719E+0003
    17.15200   0.2306870E+0001  -0.1674333E-0014   0.2124839E+0002   0.5427900E-0001   0.8066464E-0016   0.4819220E+0000  -0.1785721E+0003
    17.16000   0.2306870E+0001  -0.1555830E-0014   0.2124814E+0002   0.5427900E-0001   0.8413409E-0016   0.4820773E+0000  -0.1785724E+0003
    17.16800   0.2306870E+0001  -0.4908183E-0015   0.2124788E+0002   0.5427900E-0001   0.5767956E-0016   0.4822641E+0000  -0.1785726E+0003
    17.17600   0.2306870E+0001   0.1307765E-0014   0.2124762E+0002   0.5427900E-0001   0.5637851E-0017   0.4824746E+0000  -0.1785729E+0003
    17.18400   0.2306870E+0001   0.7824687E-0015   0.2124735E+0002   0.5427900E-0001   0.1561251E-0016   0.4827014E+0000  -0.1785731E+0003
    17.19200   0.2306870E+0001  -0.8779869E-0015   0.2124709E+0002   0.5427900E-0001   0.7459311E-0016   0.4829374E+0000  -0.1785734E+0003
    17.20000   0.2306870E+0001   0.1127896E-0014   0.2124681E+0002   0.5427900E-0001   0.3859760E-0016   0.4831764E+0000  -0.1785737E+0003
    17.20800   0.2306870E+0001   0.1119656E-0014   0.2124654E+0002   0.5427900E-0001   0.1951564E-0016   0.4834130E+0000  -0.1785739E+0003
    17.21600   0.2306870E+0001   0.1410764E-0014   0.2124627E+0002   0.5427900E-0001   0.5421011E-0016   0.4836423E+0000  -0.1785742E+0003
    17.22400   0.2306870E+0001  -0.8630249E-0016   0.2124600E+0002   0.5427900E-0001   0.7025630E-0016   0.4838609E+0000  -0.1785745E+0003
    17.23200   0.2306870E+0001   0.2206351E-0015   0.2124573E+0002   0.5427900E-0001   0.5117434E-0016   0.4840661E+0000  -0.1785748E+0003
    17.24000   0.2306870E+0001  -0.1228401E-0014   0.2124547E+0002   0.5427900E-0001   0.3989864E-0016   0.4842560E+0000  -0.1785750E+0003
    17.24800   0.2306870E+0001  -0.7345470E-0015   0.2124520E+0002   0.5427900E-0001   0.4293441E-0016   0.4844300E+0000  -0.1785753E+0003
    17.25600   0.2306870E+0001   0.4010464E-0015   0.2124494E+0002   0.5427900E-0001   0.3122502E-0016   0.4845881E+0000  -0.1785756E+0003
    17.26400   0.2306870E+0001   0.6161521E-0015   0.2124467E+0002   0.5427900E-0001   0.1474515E-0016   0.4847311E+0000  -0.1785759E+0003
    17.27200   0.2306870E+0001  -0.2060418E-0014   0.2124441E+0002   0.5427900E-0001   0.1500536E-0015   0.4848604E+0000  -0.1785762E+0003
    17.28000   0.2306870E+0001   0.2343449E-0014   0.2124414E+0002   0.5427900E-0001  -0.1734723E-0017   0.4849777E+0000  -0.1785764E+0003
    17.28800   0.2306870E+0001  -0.1025222E-0014   0.2124388E+0002   0.5427900E-0001   0.5074066E-0016   0.4850854E+0000  -0.1785767E+0003
    17.29600   0.2306870E+0001   0.1616437E-0014   0.2124361E+0002   0.5427900E-0001   0.3339343E-0016   0.4851858E+0000  -0.1785769E+0003
    17.30400   0.2306870E+0001  -0.1605541E-0014   0.2124335E+0002   0.5427900E-0001   0.4510281E-0016   0.4852811E+0000  -0.1785772E+0003
    17.31200   0.2306870E+0001   0.1198206E-0014   0.2124307E+0002   0.5427900E-0001   0.1647987E-0016   0.4853738E+0000  -0.1785774E+0003
    17.32000   0.2306870E+0001  -0.3064497E-0015   0.2124280E+0002   0.5427900E-0001   0.6808790E-0016   0.4854658E+0000  -0.1785777E+0003
    17.32800   0.2306870E+0001   0.2876822E-0014   0.2124252E+0002   0.5427900E-0001   0.2298509E-0016   0.4855589E+0000  -0.1785779E+0003
    17.33600   0.2306870E+0001   0.1361053E-0014   0.2124223E+0002   0.5427900E-0001  -0.2428613E-0016   0.4856544E+0000  -0.1785781E+0003
    17.34400   0.2306870E+0001  -0.1192731E-0014   0.2124193E+0002   0.5427900E-0001   0.6245005E-0016   0.4857530E+0000  -0.1785783E+0003
    17.35200   0.2306870E+0001   0.9909608E-0016   0.2124163E+0002   0.5427900E-0001   0.6591949E-0016   0.4858551E+0000  -0.1785785E+0003
    17.36000   0.2306870E+0001   0.1400328E-0014   0.2124132E+0002   0.5427900E-0001  -0.3339343E-0016   0.4859604E+0000  -0.1785787E+0003
    17.36800   0.2306870E+0001  -0.2414274E-0014   0.2124101E+0002   0.5427900E-0001   0.1249001E-0015   0.4860678E+0000  -0.1785789E+0003
    17.37600   0.2306870E+0001   0.7759635E-0015   0.2124068E+0002   0.5427900E-0001   0.6635317E-0016   0.4861761E+0000  -0.1785791E+0003
    17.38400   0.2306870E+0001  -0.1212138E-0015   0.2124035E+0002   0.5427900E-0001   0.1140581E-0015   0.4862831E+0000  -0.1785793E+0003
    17.39200   0.2306870E+0001  -0.2114194E-0016   0.2124001E+0002   0.5427900E-0001   0.2775558E-0016   0.4863865E+0000  -0.1785795E+0003
    17.40000   0.2306870E+0001  -0.6531234E-0015   0.2123967E+0002   0.5427900E-0001   0.7068998E-0016   0.4864835E+0000  -0.1785796E+0003
    17.40800   0.2306870E+0001   0.4887312E-0015   0.2123932E+0002   0.5427900E-0001   0.4380177E-0016   0.4865709E+0000  -0.1785798E+0003
    17.41600   0.2306870E+0001   0.4789057E-0015   0.2123897E+0002   0.5427900E-0001   0.4163336E-0016   0.4866455E+0000  -0.1785799E+0003
    17.42400   0.2306870E+0001   0.6852971E-0015   0.2123862E+0002   0.5427900E-0001  -0.1647987E-0016   0.4867038E+0000  -0.1785801E+0003
    17.43200   0.2306870E+0001   0.2208493E-0014   0.2123826E+0002   0.5427900E-0001   0.5421011E-0016   0.4867427E+0000  -0.1785802E+0003
    17.44000   0.2306870E+0001   0.6695084E-0015   0.2123791E+0002   0.5427900E-0001   0.5464379E-0016   0.4867592E+0000  -0.1785804E+0003
    17.44800   0.2306870E+0001  -0.6066382E-0015   0.2123756E+0002   0.5427900E-0001   0.5898060E-0016   0.4867505E+0000  -0.1785805E+0003
    17.45600   0.2306870E+0001   0.6332080E-0015   0.2123721E+0002   0.5427900E-0001  -0.1864828E-0016   0.4867145E+0000  -0.1785806E+0003
    17.46400   0.2306870E+0001   0.4165098E-0015   0.2123687E+0002   0.5427900E-0001  -0.1040834E-0016   0.4866494E+0000  -0.1785808E+0003
    17.47200   0.2306870E+0001   0.2082156E-0014   0.2123654E+0002   0.5427900E-0001   0.8456777E-0016   0.4865541E+0000  -0.1785809E+0003
    17.48000   0.2306870E+0001  -0.6161182E-0015   0.2123622E+0002   0.5427900E-0001   0.1023487E-0015   0.4864282E+0000  -0.1785811E+0003
    17.48800   0.2306870E+0001   0.1681801E-0014   0.2123592E+0002   0.5427900E-0001   0.4466913E-0016   0.4862719E+0000  -0.1785812E+0003
    17.49600   0.2306870E+0001   0.3616085E-0015   0.2123563E+0002   0.5427900E-0001   0.6505213E-0017   0.4860860E+0000  -0.1785814E+0003
    17.50400   0.2306870E+0001   0.7401035E-0015   0.2123535E+0002   0.5427900E-0001   0.4813858E-0016   0.4858717E+0000  -0.1785815E+0003
    17.51200   0.2306870E+0001  -0.1162726E-0014   0.2123510E+0002   0.5427900E-0001   0.8196568E-0016   0.4856308E+0000  -0.1785817E+0003
    17.52000   0.2306870E+0001   0.2073604E-0015   0.2123486E+0002   0.5427900E-0001   0.4900594E-0016   0.4853655E+0000  -0.1785818E+0003
    17.52800   0.2306870E+0001   0.9208332E-0015   0.2123465E+0002   0.5427900E-0001  -0.6071532E-0017   0.4850779E+0000  -0.1785820E+0003
    17.53600   0.2306870E+0001   0.5694027E-0015   0.2123445E+0002   0.5427900E-0001   0.3924812E-0016   0.4847702E+0000  -0.1785822E+0003
    17.54400   0.2306870E+0001   0.7434239E-0015   0.2123428E+0002   0.5427900E-0001  -0.4640385E-0016   0.4844448E+0000  -0.1785824E+0003
    17.55200   0.2306870E+0001   0.5269900E-0015   0.2123413E+0002   0.5427900E-0001   0.4380177E-0016   0.4841034E+0000  -0.1785825E+0003
    17.56000   0.2306870E+0001   0.1014678E-0015   0.2123400E+0002   0.5427900E-0001   0.7329207E-0016   0.4837478E+0000  -0.1785827E+0003
    17.56800   0.2306870E+0001  -0.6966609E-0015   0.2123389E+0002   0.5427900E-0001   0.6808790E-0016   0.4833790E+0000  -0.1785829E+0003
    17.57600   0.2306870E+0001   0.2189844E-0014   0.2123380E+0002   0.5427900E-0001   0.1908196E-0016   0.4829977E+0000  -0.1785831E+0003
    17.58400   0.2306870E+0001   0.1555098E-0014   0.2123373E+0002   0.5427900E-0001  -0.2363561E-0016   0.4826042E+0000  -0.1785833E+0003
    17.59200   0.2306870E+0001  -0.4499439E-0017   0.2123368E+0002   0.5427900E-0001   0.4033232E-0016   0.4821980E+0000  -0.1785834E+0003
    17.60000   0.2306870E+0001  -0.5518047E-0015   0.2123364E+0002   0.5427900E-0001   0.6765422E-0016   0.4817782E+0000  -0.1785836E+0003
    17.60800   0.2306870E+0001   0.1578503E-0014   0.2123361E+0002   0.5427900E-0001   0.2276825E-0016   0.4813435E+0000  -0.1785838E+0003
    17.61600   0.2306870E+0001   0.6097011E-0015   0.2123359E+0002   0.5427900E-0001   0.3144186E-0016   0.4808924E+0000  -0.1785839E+0003
    17.62400   0.2306870E+0001  -0.1726185E-0015   0.2123359E+0002   0.5427900E-0001   0.4250073E-0016   0.4804229E+0000  -0.1785841E+0003
    17.63200   0.2306870E+0001   0.6409532E-0015   0.2123360E+0002   0.5427900E-0001   0.6331741E-0016   0.4799331E+0000  -0.1785842E+0003
    17.64000   0.2306870E+0001  -0.1802486E-0017   0.2123361E+0002   0.5427900E-0001   0.3773024E-0016   0.4794210E+0000  -0.1785843E+0003
    17.64800   0.2306870E+0001   0.6001601E-0015   0.2123363E+0002   0.5427900E-0001   0.5095750E-0016   0.4788848E+0000  -0.1785845E+0003
    17.65600   0.2306870E+0001   0.4873489E-0015   0.2123367E+0002   0.5427900E-0001   0.4119968E-0016   0.4783230E+0000  -0.1785846E+0003
    17.66400   0.2306870E+0001  -0.5761450E-0015   0.2123371E+0002   0.5427900E-0001   0.8023096E-0016   0.4777343E+0000  -0.1785847E+0003
    17.67200   0.2306870E+0001  -0.1335059E-0014   0.2123376E+0002   0.5427900E-0001   0.9324139E-0016   0.4771181E+0000  -0.1785848E+0003
    17.68000   0.2306870E+0001  -0.8882326E-0015   0.2123382E+0002   0.5427900E-0001   0.5984796E-0016   0.4764741E+0000  -0.1785849E+0003
    17.68800   0.2306870E+0001  -0.6309786E-0015   0.2123389E+0002   0.5427900E-0001   0.7654467E-0016   0.4758029E+0000  -0.1785850E+0003
    17.69600   0.2306870E+0001  -0.1003971E-0014   0.2123397E+0002   0.5427900E-0001   0.8630249E-0016   0.4751056E+0000  -0.1785851E+0003
    17.70400   0.2306870E+0001   0.1961484E-0014   0.2123406E+0002   0.5427900E-0001   0.3426079E-0016   0.4743840E+0000  -0.1785851E+0003
    17.71200   0.2306870E+0001   0.2448400E-0015   0.2123415E+0002   0.5427900E-0001   0.1778092E-0016   0.4736407E+0000  -0.1785852E+0003
    17.72000   0.2306870E+0001  -0.3805008E-0015   0.2123426E+0002   0.5427900E-0001   0.4445229E-0016   0.4728789E+0000  -0.1785853E+0003
    17.72800   0.2306870E+0001   0.8020115E-0015   0.2123438E+0002   0.5427900E-0001   0.7459311E-0016   0.4721024E+0000  -0.1785853E+0003
    17.73600   0.2306870E+0001  -0.7030509E-0015   0.2123451E+0002   0.5427900E-0001   0.4033232E-0016   0.4713157E+0000  -0.1785854E+0003
    17.74400   0.2306870E+0001   0.1673873E-0014   0.2123464E+0002   0.5427900E-0001   0.2493665E-0016   0.4705237E+0000  -0.1785855E+0003
    17.75200   0.2306870E+0001   0.1346227E-0014   0.2123478E+0002   0.5427900E-0001   0.5724587E-0016   0.4697316E+0000  -0.1785855E+0003
    17.76000   0.2306870E+0001   0.2164935E-0014   0.2123492E+0002   0.5427900E-0001   0.5204170E-0016   0.4689452E+0000  -0.1785856E+0003
    17.76800   0.2306870E+0001   0.1996802E-0014   0.2123507E+0002   0.5427900E-0001   0.1626303E-0016   0.4681700E+0000  -0.1785856E+0003
    17.77600   0.2306870E+0001  -0.9899850E-0015   0.2123522E+0002   0.5427900E-0001   0.1305379E-0015   0.4674117E+0000  -0.1785857E+0003
    17.78400   0.2306870E+0001  -0.3774108E-0015   0.2123537E+0002   0.5427900E-0001   0.4423545E-0016   0.4666759E+0000  -0.1785858E+0003
    17.79200   0.2306870E+0001  -0.4466371E-0015   0.2123552E+0002   0.5427900E-0001   0.8196568E-0016   0.4659679E+0000  -0.1785858E+0003
    17.80000   0.2306870E+0001   0.7903292E-0015   0.2123567E+0002   0.5427900E-0001   0.5919744E-0016   0.4652925E+0000  -0.1785859E+0003
    17.80800   0.2306870E+0001   0.2480004E-0014   0.2123581E+0002   0.5427900E-0001   0.4033232E-0016   0.4646541E+0000  -0.1785859E+0003
    17.81600   0.2306870E+0001  -0.4775911E-0016   0.2123595E+0002   0.5427900E-0001   0.6158268E-0016   0.4640564E+0000  -0.1785860E+0003
    17.82400   0.2306870E+0001   0.1998456E-0014   0.2123608E+0002   0.5427900E-0001   0.1647987E-0016   0.4635026E+0000  -0.1785861E+0003
    17.83200   0.2306870E+0001   0.9652652E-0015   0.2123620E+0002   0.5427900E-0001   0.2732189E-0016   0.4629951E+0000  -0.1785861E+0003
    17.84000   0.2306870E+0001  -0.3747003E-0015   0.2123632E+0002   0.5427900E-0001   0.7611099E-0016   0.4625355E+0000  -0.1785862E+0003
    17.84800   0.2306870E+0001   0.6915041E-0015   0.2123642E+0002   0.5427900E-0001   0.4293441E-0016   0.4621248E+0000  -0.1785862E+0003
    17.85600   0.2306870E+0001   0.2869883E-0015   0.2123652E+0002   0.5427900E-0001   0.5789640E-0016   0.4617633E+0000  -0.1785863E+0003
    17.86400   0.2306870E+0001   0.3586541E-0015   0.2123661E+0002   0.5427900E-0001   0.5290907E-0016   0.4614506E+0000  -0.1785863E+0003
    17.87200   0.2306870E+0001   0.5462211E-0015   0.2123669E+0002   0.5427900E-0001   0.5616167E-0016   0.4611857E+0000  -0.1785864E+0003
    17.88000   0.2306870E+0001  -0.1599090E-0014   0.2123676E+0002   0.5427900E-0001   0.1233822E-0015   0.4609671E+0000  -0.1785864E+0003
    17.88800   0.2306870E+0001   0.9887924E-0015   0.2123681E+0002   0.5427900E-0001   0.1994932E-0016   0.4607925E+0000  -0.1785865E+0003
    17.89600   0.2306870E+0001   0.9703609E-0016   0.2123686E+0002   0.5427900E-0001   0.1929880E-0016   0.4606596E+0000  -0.1785865E+0003
    17.90400   0.2306870E+0001  -0.1657745E-0015   0.2123690E+0002   0.5427900E-0001   0.5377643E-0016   0.4605654E+0000  -0.1785866E+0003
    17.91200   0.2306870E+0001   0.6542076E-0015   0.2123692E+0002   0.5427900E-0001   0.6722053E-0016   0.4605068E+0000  -0.1785866E+0003
    17.92000   0.2306870E+0001  -0.4953720E-0015   0.2123693E+0002   0.5427900E-0001   0.7892992E-0016   0.4604804E+0000  -0.1785867E+0003
    17.92800   0.2306870E+0001   0.2531612E-0015   0.2123693E+0002   0.5427900E-0001   0.7589415E-0017   0.4604825E+0000  -0.1785868E+0003
    17.93600   0.2306870E+0001  -0.1323811E-0014   0.2123691E+0002   0.5427900E-0001   0.8673617E-0016   0.4605097E+0000  -0.1785869E+0003
    17.94400   0.2306870E+0001   0.6397877E-0015   0.2123688E+0002   0.5427900E-0001   0.5312591E-0016   0.4605582E+0000  -0.1785870E+0003
    17.95200   0.2306870E+0001   0.9392443E-0015   0.2123682E+0002   0.5427900E-0001   0.7936360E-0016   0.4606247E+0000  -0.1785871E+0003
    17.96000   0.2306870E+0001   0.8260536E-0015   0.2123676E+0002   0.5427900E-0001   0.3035766E-0016   0.4607057E+0000  -0.1785872E+0003
    17.96800   0.2306870E+0001   0.1182214E-0014   0.2123667E+0002   0.5427900E-0001   0.5724587E-0016   0.4607984E+0000  -0.1785874E+0003
    17.97600   0.2306870E+0001   0.9176687E-0015   0.2123656E+0002   0.5427900E-0001   0.2580401E-0016   0.4609000E+0000  -0.1785876E+0003
    17.98400   0.2306870E+0001  -0.7824687E-0015   0.2123644E+0002   0.5427900E-0001   0.5854692E-0016   0.4610083E+0000  -0.1785878E+0003
    17.99200   0.2306870E+0001   0.5649778E-0015   0.2123631E+0002   0.5427900E-0001   0.5312591E-0016   0.4611214E+0000  -0.1785880E+0003
    18.00000   0.2306870E+0001  -0.7183924E-0015   0.2123615E+0002   0.5427900E-0001   0.8348357E-0016   0.4612382E+0000  -0.1785883E+0003
    18.00800   0.2306870E+0001  -0.5796145E-0015   0.2123599E+0002   0.5427900E-0001   0.7264155E-0016   0.4613578E+0000  -0.1785886E+0003
    18.01600   0.2306870E+0001   0.4328135E-0015   0.2123581E+0002   0.5427900E-0001  -0.2602085E-0016   0.4614799E+0000  -0.1785889E+0003
    18.02400   0.2306870E+0001   0.1013621E-0014   0.2123562E+0002   0.5427900E-0001   0.5854692E-0016   0.4616047E+0000  -0.1785891E+0003
    18.03200   0.2306870E+0001   0.2201798E-0014   0.2123543E+0002   0.5427900E-0001   0.1127570E-0016   0.4617328E+0000  -0.1785894E+0003
    18.04000   0.2306870E+0001   0.1458577E-0014   0.2123522E+0002   0.5427900E-0001   0.5876376E-0016   0.4618651E+0000  -0.1785897E+0003
    18.04800   0.2306870E+0001   0.1484056E-0014   0.2123501E+0002   0.5427900E-0001  -0.3035766E-0016   0.4620027E+0000  -0.1785900E+0003
    18.05600   0.2306870E+0001  -0.1061434E-0014   0.2123478E+0002   0.5427900E-0001   0.5117434E-0016   0.4621468E+0000  -0.1785903E+0003
    18.06400   0.2306870E+0001   0.4585091E-0015   0.2123456E+0002   0.5427900E-0001   0.2363561E-0016   0.4622986E+0000  -0.1785906E+0003
    18.07200   0.2306870E+0001   0.2029626E-0015   0.2123432E+0002   0.5427900E-0001   0.4054916E-0016   0.4624595E+0000  -0.1785908E+0003
    18.08000   0.2306870E+0001  -0.1292152E-0014   0.2123408E+0002   0.5427900E-0001   0.1192622E-0015   0.4626304E+0000  -0.1785910E+0003
    18.08800   0.2306870E+0001  -0.1173324E-0014   0.2123384E+0002   0.5427900E-0001   0.6114900E-0016   0.4628120E+0000  -0.1785912E+0003
    18.09600   0.2306870E+0001   0.1044412E-0014   0.2123359E+0002   0.5427900E-0001   0.5464379E-0016   0.4630047E+0000  -0.1785914E+0003
    18.10400   0.2306870E+0001  -0.3831570E-0015   0.2123334E+0002   0.5427900E-0001   0.4098284E-0016   0.4632085E+0000  -0.1785915E+0003
    18.11200   0.2306870E+0001  -0.1349832E-0014   0.2123310E+0002   0.5427900E-0001   0.4618701E-0016   0.4634230E+0000  -0.1785916E+0003
    18.12000   0.2306870E+0001   0.1833820E-0014   0.2123285E+0002   0.5427900E-0001   0.3035766E-0017   0.4636473E+0000  -0.1785917E+0003
    18.12800   0.2306870E+0001  -0.2139131E-0015   0.2123262E+0002   0.5427900E-0001   0.3599551E-0016   0.4638802E+0000  -0.1785918E+0003
    18.13600   0.2306870E+0001  -0.6509550E-0015   0.2123240E+0002   0.5427900E-0001   0.6136584E-0016   0.4641200E+0000  -0.1785918E+0003
    18.14400   0.2306870E+0001  -0.3933485E-0015   0.2123219E+0002   0.5427900E-0001   0.1084202E-0016   0.4643647E+0000  -0.1785918E+0003
    18.15200   0.2306870E+0001   0.1559083E-0015   0.2123200E+0002   0.5427900E-0001   0.3469447E-0017   0.4646123E+0000  -0.1785918E+0003
    18.16000   0.2306870E+0001   0.1092225E-0014   0.2123184E+0002   0.5427900E-0001  -0.4304283E-0016   0.4648604E+0000  -0.1785918E+0003
    18.16800   0.2306870E+0001   0.4900594E-0016   0.2123170E+0002   0.5427900E-0001   0.1052760E-0015   0.4651064E+0000  -0.1785918E+0003
    18.17600   0.2306870E+0001   0.7489669E-0015   0.2123159E+0002   0.5427900E-0001   0.4065758E-0016   0.4653482E+0000  -0.1785917E+0003
    18.18400   0.2306870E+0001   0.3521489E-0015   0.2123150E+0002   0.5427900E-0001   0.6841316E-0016   0.4655835E+0000  -0.1785917E+0003
    18.19200   0.2306870E+0001   0.7479911E-0015   0.2123145E+0002   0.5427900E-0001   0.4228388E-0016   0.4658102E+0000  -0.1785917E+0003
    18.20000   0.2306870E+0001   0.7359564E-0015   0.2123142E+0002   0.5427900E-0001   0.5670377E-0016   0.4660267E+0000  -0.1785917E+0003
    18.20800   0.2306870E+0001   0.4747721E-0015   0.2123141E+0002   0.5427900E-0001   0.1355253E-0016   0.4662318E+0000  -0.1785917E+0003
    18.21600   0.2306870E+0001  -0.1191647E-0014   0.2123142E+0002   0.5427900E-0001   0.4260915E-0016   0.4664245E+0000  -0.1785917E+0003
    18.22400   0.2306870E+0001  -0.1853227E-0014   0.2123144E+0002   0.5427900E-0001   0.1072276E-0015   0.4666045E+0000  -0.1785917E+0003
    18.23200   0.2306870E+0001   0.1181672E-0014   0.2123147E+0002   0.5427900E-0001   0.5876376E-0016   0.4667720E+0000  -0.1785918E+0003
    18.24000   0.2306870E+0001   0.2106496E-0014   0.2123149E+0002   0.5427900E-0001   0.3697129E-0016   0.4669278E+0000  -0.1785919E+0003
    18.24800   0.2306870E+0001   0.7090682E-0015   0.2123151E+0002   0.5427900E-0001   0.3003240E-0016   0.4670729E+0000  -0.1785920E+0003
    18.25600   0.2306870E+0001   0.1211596E-0014   0.2123152E+0002   0.5427900E-0001   0.5854692E-0016   0.4672091E+0000  -0.1785922E+0003
    18.26400   0.2306870E+0001  -0.2230204E-0015   0.2123151E+0002   0.5427900E-0001   0.4759648E-0016   0.4673385E+0000  -0.1785923E+0003
    18.27200   0.2306870E+0001   0.1172565E-0014   0.2123147E+0002   0.5427900E-0001   0.2103352E-0016   0.4674636E+0000  -0.1785925E+0003
    18.28000   0.2306870E+0001   0.6601707E-0015   0.2123140E+0002   0.5427900E-0001   0.2168404E-0018   0.4675872E+0000  -0.1785927E+0003
    18.28800   0.2306870E+0001   0.1175275E-0015   0.2123130E+0002   0.5427900E-0001   0.4575333E-0016   0.4677122E+0000  -0.1785930E+0003
    18.29600   0.2306870E+0001  -0.5853608E-0015   0.2123116E+0002   0.5427900E-0001   0.5876376E-0016   0.4678415E+0000  -0.1785932E+0003
    18.30400   0.2306870E+0001   0.7654467E-0016   0.2123099E+0002   0.5427900E-0001   0.5627009E-0016   0.4679783E+0000  -0.1785935E+0003
    18.31200   0.2306870E+0001  -0.2663885E-0015   0.2123079E+0002   0.5427900E-0001   0.8673617E-0017   0.4681252E+0000  -0.1785937E+0003
    18.32000   0.2306870E+0001   0.9993091E-0015   0.2123055E+0002   0.5427900E-0001  -0.1409463E-0017   0.4682849E+0000  -0.1785940E+0003
    18.32800   0.2306870E+0001   0.1726158E-0014   0.2123028E+0002   0.5427900E-0001  -0.4228388E-0016   0.4684596E+0000  -0.1785942E+0003
    18.33600   0.2306870E+0001   0.3014082E-0016   0.2122998E+0002   0.5427900E-0001   0.2970714E-0016   0.4686509E+0000  -0.1785944E+0003
    18.34400   0.2306870E+0001   0.1360674E-0015   0.2122965E+0002   0.5427900E-0001   0.3567025E-0016   0.4688601E+0000  -0.1785947E+0003
    18.35200   0.2306870E+0001  -0.1193490E-0014   0.2122931E+0002   0.5427900E-0001   0.1115644E-0015   0.4690877E+0000  -0.1785949E+0003
    18.36000   0.2306870E+0001  -0.3569194E-0015   0.2122894E+0002   0.5427900E-0001   0.1076613E-0015   0.4693336E+0000  -0.1785951E+0003
    18.36800   0.2306870E+0001   0.8700722E-0015   0.2122856E+0002   0.5427900E-0001   0.2840610E-0016   0.4695969E+0000  -0.1785953E+0003
    18.37600   0.2306870E+0001  -0.1193923E-0014   0.2122816E+0002   0.5427900E-0001   0.4911436E-0016   0.4698764E+0000  -0.1785954E+0003
    18.38400   0.2306870E+0001  -0.8497977E-0015   0.2122776E+0002   0.5427900E-0001   0.4824700E-0016   0.4701698E+0000  -0.1785956E+0003
    18.39200   0.2306870E+0001   0.3020804E-0014   0.2122735E+0002   0.5427900E-0001   0.3632077E-0016   0.4704745E+0000  -0.1785957E+0003
    18.40000   0.2306870E+0001   0.1202163E-0014   0.2122694E+0002   0.5427900E-0001   0.1395368E-0015   0.4707874E+0000  -0.1785958E+0003
    18.40800   0.2306870E+0001   0.6258015E-0015   0.2122654E+0002   0.5427900E-0001   0.2732189E-0016   0.4711047E+0000  -0.1785959E+0003
    18.41600   0.2306870E+0001   0.3953001E-0015   0.2122614E+0002   0.5427900E-0001   0.6971420E-0016   0.4714228E+0000  -0.1785960E+0003
    18.42400   0.2306870E+0001  -0.3547510E-0015   0.2122576E+0002   0.5427900E-0001   0.7144892E-0016   0.4717373E+0000  -0.1785961E+0003
    18.43200   0.2306870E+0001   0.1836638E-0015   0.2122539E+0002   0.5427900E-0001  -0.4553649E-0017   0.4720442E+0000  -0.1785961E+0003
    18.44000   0.2306870E+0001   0.1682248E-0014   0.2122505E+0002   0.5427900E-0001   0.1799776E-0016   0.4723394E+0000  -0.1785962E+0003
    18.44800   0.2306870E+0001   0.1567865E-0014   0.2122474E+0002   0.5427900E-0001   0.1203464E-0016   0.4726190E+0000  -0.1785962E+0003
    18.45600   0.2306870E+0001   0.1205850E-0014   0.2122447E+0002   0.5427900E-0001   0.5475221E-0016   0.4728794E+0000  -0.1785962E+0003
    18.46400   0.2306870E+0001   0.1942240E-0014   0.2122424E+0002   0.5427900E-0001   0.2688821E-0016   0.4731175E+0000  -0.1785962E+0003
    18.47200   0.2306870E+0001  -0.4592680E-0015   0.2122405E+0002   0.5427900E-0001   0.6852158E-0016   0.4733305E+0000  -0.1785962E+0003
    18.48000   0.2306870E+0001   0.1668587E-0015   0.2122391E+0002   0.5427900E-0001   0.5225854E-0016   0.4735166E+0000  -0.1785962E+0003
    18.48800   0.2306870E+0001  -0.2452899E-0014   0.2122382E+0002   0.5427900E-0001   0.9779504E-0016   0.4736743E+0000  -0.1785961E+0003
    18.49600   0.2306870E+0001   0.4027811E-0015   0.2122378E+0002   0.5427900E-0001  -0.1853986E-0016   0.4738029E+0000  -0.1785961E+0003
    18.50400   0.2306870E+0001   0.1978994E-0014   0.2122379E+0002   0.5427900E-0001   0.1843144E-0017   0.4739026E+0000  -0.1785960E+0003
    18.51200   0.2306870E+0001   0.7801919E-0015   0.2122384E+0002   0.5427900E-0001   0.1301043E-0016   0.4739739E+0000  -0.1785960E+0003
    18.52000   0.2306870E+0001   0.9458580E-0015   0.2122393E+0002   0.5427900E-0001  -0.1940722E-0016   0.4740184E+0000  -0.1785959E+0003
    18.52800   0.2306870E+0001   0.9109467E-0015   0.2122405E+0002   0.5427900E-0001   0.5464379E-0016   0.4740382E+0000  -0.1785958E+0003
    18.53600   0.2306870E+0001  -0.2056732E-0014   0.2122420E+0002   0.5427900E-0001   0.1347663E-0015   0.4740359E+0000  -0.1785958E+0003
    18.54400   0.2306870E+0001  -0.1255506E-0014   0.2122437E+0002   0.5427900E-0001   0.1018066E-0015   0.4740145E+0000  -0.1785957E+0003
    18.55200   0.2306870E+0001   0.7871308E-0015   0.2122454E+0002   0.5427900E-0001  -0.1778092E-0016   0.4739778E+0000  -0.1785957E+0003
    18.56000   0.2306870E+0001   0.2546791E-0015   0.2122471E+0002   0.5427900E-0001   0.4813858E-0016   0.4739294E+0000  -0.1785957E+0003
    18.56800   0.2306870E+0001   0.1036497E-0015   0.2122488E+0002   0.5427900E-0001   0.2612927E-0016   0.4738733E+0000  -0.1785957E+0003
    18.57600   0.2306870E+0001  -0.6677601E-0015   0.2122503E+0002   0.5427900E-0001   0.6104058E-0016   0.4738136E+0000  -0.1785957E+0003
    18.58400   0.2306870E+0001   0.1251169E-0014   0.2122516E+0002   0.5427900E-0001   0.8370041E-0016   0.4737542E+0000  -0.1785958E+0003
    18.59200   0.2306870E+0001  -0.7722772E-0015   0.2122527E+0002   0.5427900E-0001   0.7329207E-0016   0.4736989E+0000  -0.1785958E+0003
    18.60000   0.2306870E+0001  -0.1490778E-0015   0.2122535E+0002   0.5427900E-0001   0.2970714E-0016   0.4736511E+0000  -0.1785960E+0003
    18.60800   0.2306870E+0001   0.1768551E-0014   0.2122541E+0002   0.5427900E-0001   0.1989511E-0016   0.4736141E+0000  -0.1785961E+0003
    18.61600   0.2306870E+0001   0.4903846E-0015   0.2122543E+0002   0.5427900E-0001   0.6179952E-0017   0.4735904E+0000  -0.1785962E+0003
    18.62400   0.2306870E+0001   0.7016956E-0015   0.2122543E+0002   0.5427900E-0001   0.1163349E-0015   0.4735822E+0000  -0.1785964E+0003
    18.63200   0.2306870E+0001   0.2105521E-0014   0.2122541E+0002   0.5427900E-0001  -0.5686640E-0016   0.4735911E+0000  -0.1785966E+0003
    18.64000   0.2306870E+0001  -0.9808235E-0015   0.2122536E+0002   0.5427900E-0001   0.8489303E-0016   0.4736182E+0000  -0.1785968E+0003
    18.64800   0.2306870E+0001   0.1396886E-0014   0.2122530E+0002   0.5427900E-0001   0.2309351E-0016   0.4736639E+0000  -0.1785970E+0003
    18.65600   0.2306870E+0001   0.2010002E-0014   0.2122523E+0002   0.5427900E-0001   0.2656295E-0017   0.4737283E+0000  -0.1785972E+0003
    18.66400   0.2306870E+0001  -0.7393175E-0015   0.2122513E+0002   0.5427900E-0001   0.2840610E-0016   0.4738109E+0000  -0.1785974E+0003
    18.67200   0.2306870E+0001  -0.1013458E-0014   0.2122503E+0002   0.5427900E-0001   0.9351244E-0016   0.4739109E+0000  -0.1785976E+0003
    18.68000   0.2306870E+0001   0.4650685E-0015   0.2122491E+0002   0.5427900E-0001   0.6543160E-0016   0.4740271E+0000  -0.1785977E+0003
    18.68800   0.2306870E+0001   0.5843308E-0015   0.2122478E+0002   0.5427900E-0001   0.3160449E-0016   0.4741583E+0000  -0.1785979E+0003
    18.69600   0.2306870E+0001  -0.8032312E-0015   0.2122464E+0002   0.5427900E-0001   0.5388485E-0016   0.4743030E+0000  -0.1785981E+0003
    18.70400   0.2306870E+0001  -0.2373156E-0014   0.2122447E+0002   0.5427900E-0001   0.9280771E-0016   0.4744599E+0000  -0.1785982E+0003
    18.71200   0.2306870E+0001   0.4953720E-0015   0.2122428E+0002   0.5427900E-0001   0.1232738E-0015   0.4746277E+0000  -0.1785984E+0003
    18.72000   0.2306870E+0001   0.1778905E-0014   0.2122406E+0002   0.5427900E-0001   0.2249720E-0016   0.4748052E+0000  -0.1785985E+0003
    18.72800   0.2306870E+0001   0.1978886E-0014   0.2122382E+0002   0.5427900E-0001   0.1100465E-0016   0.4749916E+0000  -0.1785986E+0003
    18.73600   0.2306870E+0001  -0.1102092E-0015   0.2122354E+0002   0.5427900E-0001   0.3426079E-0016   0.4751864E+0000  -0.1785988E+0003
    18.74400   0.2306870E+0001   0.2691532E-0014   0.2122323E+0002   0.5427900E-0001  -0.8294147E-0017   0.4753893E+0000  -0.1785989E+0003
    18.75200   0.2306870E+0001   0.1718515E-0014   0.2122289E+0002   0.5427900E-0001   0.4152494E-0016   0.4756005E+0000  -0.1785991E+0003
    18.76000   0.2306870E+0001   0.7732530E-0015   0.2122251E+0002   0.5427900E-0001   0.5908902E-0016   0.4758204E+0000  -0.1785993E+0003
    18.76800   0.2306870E+0001   0.4972151E-0015   0.2122212E+0002   0.5427900E-0001   0.5215012E-0016   0.4760498E+0000  -0.1785994E+0003
    18.77600   0.2306870E+0001  -0.4178515E-0015   0.2122170E+0002   0.5427900E-0001   0.5551115E-0016   0.4762898E+0000  -0.1785996E+0003
    18.78400   0.2306870E+0001   0.1076287E-0014   0.2122127E+0002   0.5427900E-0001   0.5865534E-0016   0.4765415E+0000  -0.1785998E+0003
    18.79200   0.2306870E+0001   0.2143359E-0014   0.2122084E+0002   0.5427900E-0001  -0.1572093E-0017   0.4768062E+0000  -0.1786000E+0003
    18.80000   0.2306870E+0001   0.6510634E-0016   0.2122041E+0002   0.5427900E-0001   0.4369335E-0016   0.4770853E+0000  -0.1786002E+0003
    18.80800   0.2306870E+0001   0.1314270E-0014   0.2122000E+0002   0.5427900E-0001   0.1626303E-0017   0.4773800E+0000  -0.1786004E+0003
    18.81600   0.2306870E+0001   0.2001979E-0014   0.2121962E+0002   0.5427900E-0001   0.2401508E-0016   0.4776913E+0000  -0.1786006E+0003
    18.82400   0.2306870E+0001   0.5316927E-0015   0.2121927E+0002   0.5427900E-0001   0.4987330E-0017   0.4780201E+0000  -0.1786008E+0003
    18.83200   0.2306870E+0001  -0.9513874E-0015   0.2121896E+0002   0.5427900E-0001   0.5334275E-0016   0.4783666E+0000  -0.1786010E+0003
    18.84000   0.2306870E+0001   0.2357598E-0014   0.2121870E+0002   0.5427900E-0001   0.2168404E-0018   0.4787310E+0000  -0.1786011E+0003
    18.84800   0.2306870E+0001   0.1077589E-0014   0.2121849E+0002   0.5427900E-0001   0.2813505E-0016   0.4791126E+0000  -0.1786012E+0003
    18.85600   0.2306870E+0001   0.3108950E-0015   0.2121833E+0002   0.5427900E-0001   0.1913617E-0016   0.4795105E+0000  -0.1786013E+0003
    18.86400   0.2306870E+0001   0.4498355E-0015   0.2121823E+0002   0.5427900E-0001   0.3561604E-0016   0.4799230E+0000  -0.1786014E+0003
    18.87200   0.2306870E+0001   0.2732189E-0016   0.2121818E+0002   0.5427900E-0001   0.3670024E-0016   0.4803482E+0000  -0.1786014E+0003
    18.88000   0.2306870E+0001   0.1832898E-0014   0.2121817E+0002   0.5427900E-0001   0.8510987E-0017   0.4807834E+0000  -0.1786014E+0003
    18.88800   0.2306870E+0001   0.1978886E-0014   0.2121820E+0002   0.5427900E-0001  -0.2043721E-0016   0.4812258E+0000  -0.1786014E+0003
    18.89600   0.2306870E+0001   0.2264465E-0014   0.2121827E+0002   0.5427900E-0001  -0.3431500E-0016   0.4816720E+0000  -0.1786013E+0003
    18.90400   0.2306870E+0001   0.6535571E-0015   0.2121836E+0002   0.5427900E-0001   0.1740144E-0016   0.4821183E+0000  -0.1786013E+0003
    18.91200   0.2306870E+0001   0.2124928E-0014   0.2121846E+0002   0.5427900E-0001   0.3095397E-0016   0.4825610E+0000  -0.1786012E+0003
    18.92000   0.2306870E+0001   0.1917683E-0014   0.2121858E+0002   0.5427900E-0001   0.3740497E-0016   0.4829962E+0000  -0.1786011E+0003
    18.92800   0.2306870E+0001   0.3290554E-0015   0.2121870E+0002   0.5427900E-0001   0.2374403E-0016   0.4834200E+0000  -0.1786010E+0003
    18.93600   0.2306870E+0001   0.6299215E-0016   0.2121883E+0002   0.5427900E-0001   0.5252960E-0016   0.4838288E+0000  -0.1786008E+0003
    18.94400   0.2306870E+0001  -0.1120143E-0014   0.2121895E+0002   0.5427900E-0001   0.6385951E-0016   0.4842189E+0000  -0.1786007E+0003
    18.95200   0.2306870E+0001  -0.1367071E-0014   0.2121907E+0002   0.5427900E-0001   0.9833714E-0016   0.4845872E+0000  -0.1786006E+0003
    18.96000   0.2306870E+0001   0.1427244E-0014   0.2121918E+0002   0.5427900E-0001   0.4900594E-0016   0.4849307E+0000  -0.1786005E+0003
    18.96800   0.2306870E+0001  -0.1785681E-0015   0.2121929E+0002   0.5427900E-0001   0.1989511E-0016   0.4852469E+0000  -0.1786004E+0003
    18.97600   0.2306870E+0001   0.2035373E-0014   0.2121940E+0002   0.5427900E-0001  -0.1211596E-0016   0.4855339E+0000  -0.1786003E+0003
    18.98400   0.2306870E+0001   0.4737828E-0015   0.2121951E+0002   0.5427900E-0001   0.7386127E-0016   0.4857901E+0000  -0.1786002E+0003
    18.99200   0.2306870E+0001  -0.3237157E-0015   0.2121963E+0002   0.5427900E-0001   0.5182486E-0016   0.4860145E+0000  -0.1786002E+0003
    19.00000   0.2306870E+0001   0.7285296E-0015   0.2121975E+0002   0.5427900E-0001   0.8992102E-0016   0.4862068E+0000  -0.1786001E+0003
    19.00800   0.2306870E+0001   0.1211406E-0014   0.2121987E+0002   0.5427900E-0001   0.8985326E-0017   0.4863670E+0000  -0.1786001E+0003
    19.01600   0.2306870E+0001   0.1381951E-0014   0.2122001E+0002   0.5427900E-0001  -0.2812149E-0016   0.4864957E+0000  -0.1786001E+0003
    19.02400   0.2306870E+0001   0.3896894E-0015   0.2122014E+0002   0.5427900E-0001   0.5224499E-0016   0.4865940E+0000  -0.1786001E+0003
    19.03200   0.2306870E+0001  -0.8974483E-0016   0.2122028E+0002   0.5427900E-0001   0.7380706E-0016   0.4866635E+0000  -0.1786001E+0003
    19.04000   0.2306870E+0001   0.1875914E-0014   0.2122041E+0002   0.5427900E-0001   0.9690057E-0017   0.4867062E+0000  -0.1786001E+0003
    19.04800   0.2306870E+0001   0.4090153E-0015   0.2122053E+0002   0.5427900E-0001   0.4782687E-0016   0.4867244E+0000  -0.1786001E+0003
    19.05600   0.2306870E+0001   0.6871673E-0015   0.2122063E+0002   0.5427900E-0001   0.3951917E-0016   0.4867208E+0000  -0.1786002E+0003
    19.06400   0.2306870E+0001   0.1063792E-0014   0.2122071E+0002   0.5427900E-0001   0.3847562E-0016   0.4866984E+0000  -0.1786003E+0003
    19.07200   0.2306870E+0001   0.1104260E-0014   0.2122075E+0002   0.5427900E-0001  -0.2656295E-0017   0.4866602E+0000  -0.1786003E+0003
    19.08000   0.2306870E+0001   0.2976135E-0016   0.2122075E+0002   0.5427900E-0001   0.2986977E-0016   0.4866095E+0000  -0.1786005E+0003
    19.08800   0.2306870E+0001   0.8321523E-0015   0.2122070E+0002   0.5427900E-0001   0.2962582E-0016   0.4865495E+0000  -0.1786006E+0003
    19.09600   0.2306870E+0001   0.3060974E-0015   0.2122060E+0002   0.5427900E-0001   0.2265983E-0016   0.4864836E+0000  -0.1786008E+0003
    19.10400   0.2306870E+0001   0.6886039E-0015   0.2122045E+0002   0.5427900E-0001   0.5627009E-0016   0.4864149E+0000  -0.1786009E+0003
    19.11200   0.2306870E+0001  -0.2939272E-0015   0.2122024E+0002   0.5427900E-0001   0.3981732E-0016   0.4863465E+0000  -0.1786011E+0003
    19.12000   0.2306870E+0001   0.8662775E-0015   0.2121997E+0002   0.5427900E-0001   0.6128453E-0016   0.4862811E+0000  -0.1786013E+0003
    19.12800   0.2306870E+0001   0.9210840E-0015   0.2121966E+0002   0.5427900E-0001   0.6001059E-0016   0.4862213E+0000  -0.1786016E+0003
    19.13600   0.2306870E+0001  -0.1112662E-0015   0.2121931E+0002   0.5427900E-0001   0.6543160E-0016   0.4861694E+0000  -0.1786018E+0003
    19.14400   0.2306870E+0001   0.1761151E-0014   0.2121892E+0002   0.5427900E-0001   0.2612927E-0016   0.4861270E+0000  -0.1786020E+0003
    19.15200   0.2306870E+0001   0.2701561E-0015   0.2121852E+0002   0.5427900E-0001   0.4472334E-0016   0.4860956E+0000  -0.1786023E+0003
    19.16000   0.2306870E+0001   0.4230828E-0015   0.2121811E+0002   0.5427900E-0001   0.1550409E-0016   0.4860762E+0000  -0.1786025E+0003
    19.16800   0.2306870E+0001  -0.2443250E-0015   0.2121770E+0002   0.5427900E-0001   0.7676151E-0016   0.4860692E+0000  -0.1786027E+0003
    19.17600   0.2306870E+0001   0.4895715E-0015   0.2121731E+0002   0.5427900E-0001   0.7434916E-0016   0.4860747E+0000  -0.1786029E+0003
    19.18400   0.2306870E+0001  -0.6238499E-0015   0.2121694E+0002   0.5427900E-0001   0.3482999E-0016   0.4860922E+0000  -0.1786031E+0003
    19.19200   0.2306870E+0001   0.2057111E-0014   0.2121662E+0002   0.5427900E-0001  -0.6803369E-0017   0.4861208E+0000  -0.1786032E+0003
    19.20000   0.2306870E+0001  -0.1588627E-0015   0.2121634E+0002   0.5427900E-0001   0.1001261E-0015   0.4861592E+0000  -0.1786034E+0003
    19.20800   0.2306870E+0001   0.1231898E-0014   0.2121610E+0002   0.5427900E-0001  -0.1680513E-0017   0.4862056E+0000  -0.1786035E+0003
    19.21600   0.2306870E+0001   0.4107500E-0015   0.2121592E+0002   0.5427900E-0001   0.9063930E-0016   0.4862582E+0000  -0.1786036E+0003
    19.22400   0.2306870E+0001   0.2050931E-0014   0.2121578E+0002   0.5427900E-0001  -0.4607859E-0016   0.4863147E+0000  -0.1786036E+0003
    19.23200   0.2306870E+0001   0.6889563E-0015   0.2121569E+0002   0.5427900E-0001   0.6356135E-0016   0.4863727E+0000  -0.1786037E+0003
    19.24000   0.2306870E+0001   0.9684636E-0016   0.2121563E+0002   0.5427900E-0001   0.6684106E-0016   0.4864298E+0000  -0.1786037E+0003
    19.24800   0.2306870E+0001  -0.4272434E-0015   0.2121561E+0002   0.5427900E-0001   0.2444876E-0016   0.4864834E+0000  -0.1786037E+0003
    19.25600   0.2306870E+0001  -0.1114302E-0014   0.2121560E+0002   0.5427900E-0001   0.1661540E-0016   0.4865315E+0000  -0.1786037E+0003
    19.26400   0.2306870E+0001  -0.7005708E-0015   0.2121560E+0002   0.5427900E-0001   0.3453184E-0016   0.4865718E+0000  -0.1786036E+0003
    19.27200   0.2306870E+0001   0.4545247E-0015   0.2121560E+0002   0.5427900E-0001   0.4957514E-0016   0.4866027E+0000  -0.1786036E+0003
    19.28000   0.2306870E+0001   0.4048817E-0015   0.2121559E+0002   0.5427900E-0001   0.2986977E-0016   0.4866228E+0000  -0.1786035E+0003
    19.28800   0.2306870E+0001   0.1092076E-0014   0.2121557E+0002   0.5427900E-0001   0.5393906E-0016   0.4866314E+0000  -0.1786035E+0003
    19.29600   0.2306870E+0001   0.1361243E-0014   0.2121552E+0002   0.5427900E-0001   0.2404218E-0016   0.4866282E+0000  -0.1786034E+0003
    19.30400   0.2306870E+0001   0.6635453E-0015   0.2121544E+0002   0.5427900E-0001   0.2959872E-0016   0.4866136E+0000  -0.1786034E+0003
    19.31200   0.2306870E+0001  -0.1143278E-0014   0.2121534E+0002   0.5427900E-0001   0.2810794E-0016   0.4865885E+0000  -0.1786033E+0003
    19.32000   0.2306870E+0001   0.1509752E-0016   0.2121522E+0002   0.5427900E-0001   0.2612927E-0016   0.4865547E+0000  -0.1786033E+0003
    19.32800   0.2306870E+0001  -0.2931412E-0015   0.2121508E+0002   0.5427900E-0001   0.8863353E-0016   0.4865142E+0000  -0.1786032E+0003
    19.33600   0.2306870E+0001   0.6504129E-0015   0.2121493E+0002   0.5427900E-0001   0.5304459E-0016   0.4864699E+0000  -0.1786031E+0003
    19.34400   0.2306870E+0001   0.3401955E-0015   0.2121478E+0002   0.5427900E-0001   0.4670201E-0016   0.4864250E+0000  -0.1786030E+0003
    19.35200   0.2306870E+0001   0.4379093E-0015   0.2121465E+0002   0.5427900E-0001   0.3927522E-0016   0.4863830E+0000  -0.1786028E+0003
    19.36000   0.2306870E+0001  -0.1603589E-0014   0.2121453E+0002   0.5427900E-0001   0.6274820E-0016   0.4863478E+0000  -0.1786027E+0003
    19.36800   0.2306870E+0001   0.2272488E-0015   0.2121445E+0002   0.5427900E-0001   0.8673617E-0017   0.4863234E+0000  -0.1786025E+0003
    19.37600   0.2306870E+0001   0.1009663E-0014   0.2121442E+0002   0.5427900E-0001   0.1179070E-0016   0.4863137E+0000  -0.1786023E+0003
    19.38400   0.2306870E+0001   0.6691696E-0015   0.2121443E+0002   0.5427900E-0001   0.2171115E-0016   0.4863224E+0000  -0.1786021E+0003
    19.39200   0.2306870E+0001   0.1024137E-0014   0.2121449E+0002   0.5427900E-0001   0.1027282E-0016   0.4863529E+0000  -0.1786019E+0003
    19.40000   0.2306870E+0001   0.1355524E-0014   0.2121462E+0002   0.5427900E-0001   0.5700193E-0016   0.4864082E+0000  -0.1786017E+0003
    19.40800   0.2306870E+0001   0.7302102E-0015   0.2121480E+0002   0.5427900E-0001   0.1531436E-0016   0.4864908E+0000  -0.1786014E+0003
    19.41600   0.2306870E+0001  -0.1059374E-0014   0.2121503E+0002   0.5427900E-0001   0.1279359E-0016   0.4866024E+0000  -0.1786011E+0003
    19.42400   0.2306870E+0001   0.1646903E-0015   0.2121531E+0002   0.5427900E-0001   0.4691885E-0016   0.4867440E+0000  -0.1786009E+0003
    19.43200   0.2306870E+0001   0.9100793E-0015   0.2121563E+0002   0.5427900E-0001   0.2187378E-0016   0.4869160E+0000  -0.1786006E+0003
    19.44000   0.2306870E+0001   0.9107298E-0016   0.2121597E+0002   0.5427900E-0001   0.7841492E-0016   0.4871178E+0000  -0.1786004E+0003
    19.44800   0.2306870E+0001  -0.5989133E-0015   0.2121632E+0002   0.5427900E-0001   0.3371869E-0016   0.4873481E+0000  -0.1786002E+0003
    19.45600   0.2306870E+0001   0.1968586E-0014   0.2121667E+0002   0.5427900E-0001   0.1526015E-0016   0.4876049E+0000  -0.1786000E+0003
    19.46400   0.2306870E+0001   0.1677694E-0014   0.2121700E+0002   0.5427900E-0001   0.2228035E-0016   0.4878857E+0000  -0.1785999E+0003
    19.47200   0.2306870E+0001   0.3461858E-0015   0.2121731E+0002   0.5427900E-0001   0.6098637E-0016   0.4881870E+0000  -0.1785999E+0003
    19.48000   0.2306870E+0001   0.1181780E-0015   0.2121759E+0002   0.5427900E-0001   0.1791644E-0016   0.4885052E+0000  -0.1785998E+0003
    19.48800   0.2306870E+0001  -0.4337893E-0015   0.2121781E+0002   0.5427900E-0001   0.3642919E-0016   0.4888363E+0000  -0.1785999E+0003
    19.49600   0.2306870E+0001  -0.9477011E-0015   0.2121799E+0002   0.5427900E-0001   0.9765951E-0016   0.4891758E+0000  -0.1786000E+0003
    19.50400   0.2306870E+0001   0.2757126E-0015   0.2121811E+0002   0.5427900E-0001   0.1729302E-0016   0.4895192E+0000  -0.1786001E+0003
    19.51200   0.2306870E+0001  -0.3429331E-0015   0.2121817E+0002   0.5427900E-0001   0.1195604E-0015   0.4898621E+0000  -0.1786003E+0003
    19.52000   0.2306870E+0001   0.2826515E-0015   0.2121819E+0002   0.5427900E-0001   0.8383593E-0016   0.4902001E+0000  -0.1786006E+0003
    19.52800   0.2306870E+0001   0.1123559E-0014   0.2121816E+0002   0.5427900E-0001   0.5149960E-0016   0.4905287E+0000  -0.1786009E+0003
    19.53600   0.2306870E+0001  -0.4279346E-0015   0.2121809E+0002   0.5427900E-0001   0.5532142E-0016   0.4908439E+0000  -0.1786012E+0003
    19.54400   0.2306870E+0001  -0.2417771E-0016   0.2121800E+0002   0.5427900E-0001   0.8521829E-0016   0.4911420E+0000  -0.1786015E+0003
    19.55200   0.2306870E+0001   0.2292762E-0014   0.2121788E+0002   0.5427900E-0001  -0.2043721E-0016   0.4914193E+0000  -0.1786019E+0003
    19.56000   0.2306870E+0001  -0.5156466E-0015   0.2121776E+0002   0.5427900E-0001   0.3073713E-0016   0.4916728E+0000  -0.1786023E+0003
    19.56800   0.2306870E+0001   0.1279359E-0015   0.2121763E+0002   0.5427900E-0001   0.1604619E-0016   0.4918997E+0000  -0.1786027E+0003
    19.57600   0.2306870E+0001  -0.1137870E-0014   0.2121752E+0002   0.5427900E-0001   0.9893345E-0017   0.4920974E+0000  -0.1786030E+0003
    19.58400   0.2306870E+0001  -0.3433668E-0015   0.2121742E+0002   0.5427900E-0001   0.9508453E-0016   0.4922638E+0000  -0.1786034E+0003
    19.59200   0.2306870E+0001   0.3110576E-0015   0.2121733E+0002   0.5427900E-0001   0.3984443E-0016   0.4923973E+0000  -0.1786037E+0003
    19.60000   0.2306870E+0001   0.2648706E-0015   0.2121727E+0002   0.5427900E-0001  -0.8727827E-0017   0.4924963E+0000  -0.1786040E+0003
    19.60800   0.2306870E+0001   0.1857509E-0014   0.2121723E+0002   0.5427900E-0001   0.1395910E-0016   0.4925597E+0000  -0.1786043E+0003
    19.61600   0.2306870E+0001  -0.9893345E-0016   0.2121720E+0002   0.5427900E-0001  -0.2360850E-0016   0.4925867E+0000  -0.1786046E+0003
    19.62400   0.2306870E+0001  -0.7418653E-0015   0.2121718E+0002   0.5427900E-0001   0.5784219E-0016   0.4925770E+0000  -0.1786048E+0003
    19.63200   0.2306870E+0001   0.7356312E-0015   0.2121716E+0002   0.5427900E-0001   0.4361203E-0016   0.4925304E+0000  -0.1786050E+0003
    19.64000   0.2306870E+0001   0.4939625E-0015   0.2121714E+0002   0.5427900E-0001  -0.9839135E-0017   0.4924473E+0000  -0.1786052E+0003
    19.64800   0.2306870E+0001   0.7879710E-0015   0.2121710E+0002   0.5427900E-0001   0.2531612E-0016   0.4923282E+0000  -0.1786054E+0003
    19.65600   0.2306870E+0001   0.8291707E-0015   0.2121703E+0002   0.5427900E-0001   0.5469800E-0016   0.4921744E+0000  -0.1786056E+0003
    19.66400   0.2306870E+0001   0.1420359E-0014   0.2121693E+0002   0.5427900E-0001   0.7863176E-0016   0.4919873E+0000  -0.1786058E+0003
    19.67200   0.2306870E+0001   0.2307995E-0014   0.2121679E+0002   0.5427900E-0001   0.4263625E-0016   0.4917690E+0000  -0.1786059E+0003
    19.68000   0.2306870E+0001  -0.1296245E-0014   0.2121661E+0002   0.5427900E-0001   0.1112391E-0015   0.4915218E+0000  -0.1786061E+0003
    19.68800   0.2306870E+0001   0.1460556E-0014   0.2121638E+0002   0.5427900E-0001   0.4216191E-0016   0.4912487E+0000  -0.1786063E+0003
    19.69600   0.2306870E+0001   0.1376611E-0014   0.2121611E+0002   0.5427900E-0001  -0.2928701E-0016   0.4909529E+0000  -0.1786065E+0003
    19.70400   0.2306870E+0001  -0.9233811E-0015   0.2121579E+0002   0.5427900E-0001   0.4212125E-0016   0.4906382E+0000  -0.1786066E+0003
    19.71200   0.2306870E+0001   0.1488779E-0014   0.2121544E+0002   0.5427900E-0001   0.2588533E-0017   0.4903085E+0000  -0.1786068E+0003
    19.72000   0.2306870E+0001  -0.4934340E-0015   0.2121506E+0002   0.5427900E-0001   0.2640710E-0016   0.4899683E+0000  -0.1786070E+0003
    19.72800   0.2306870E+0001   0.2648882E-0014   0.2121467E+0002   0.5427900E-0001   0.5197394E-0017   0.4896219E+0000  -0.1786072E+0003
    19.73600   0.2306870E+0001   0.1710871E-0015   0.2121427E+0002   0.5427900E-0001   0.2348314E-0016   0.4892741E+0000  -0.1786073E+0003
    19.74400   0.2306870E+0001   0.1362703E-0014   0.2121390E+0002   0.5427900E-0001   0.2129610E-0016   0.4889293E+0000  -0.1786074E+0003
    19.75200   0.2306870E+0001  -0.1144084E-0014   0.2121355E+0002   0.5427900E-0001   0.4615652E-0016   0.4885921E+0000  -0.1786075E+0003
    19.76000   0.2306870E+0001  -0.3196431E-0015   0.2121324E+0002   0.5427900E-0001   0.4655293E-0017   0.4882667E+0000  -0.1786076E+0003
    19.76800   0.2306870E+0001  -0.1255852E-0014   0.2121300E+0002   0.5427900E-0001   0.9793056E-0016   0.4879572E+0000  -0.1786076E+0003
    19.77600   0.2306870E+0001  -0.2742354E-0016   0.2121282E+0002   0.5427900E-0001   0.4382887E-0016   0.4876671E+0000  -0.1786076E+0003
    19.78400   0.2306870E+0001  -0.1654154E-0015   0.2121271E+0002   0.5427900E-0001   0.1427081E-0016   0.4873993E+0000  -0.1786075E+0003
    19.79200   0.2306870E+0001  -0.1895185E-0015   0.2121269E+0002   0.5427900E-0001   0.9446111E-0016   0.4871566E+0000  -0.1786074E+0003
    19.80000   0.2306870E+0001   0.1390218E-0014   0.2121276E+0002   0.5427900E-0001   0.4065758E-0018   0.4869406E+0000  -0.1786072E+0003
    19.80800   0.2306870E+0001  -0.5287790E-0015   0.2121290E+0002   0.5427900E-0001   0.8321252E-0017   0.4867528E+0000  -0.1786070E+0003
    19.81600   0.2306870E+0001   0.1103406E-0014   0.2121313E+0002   0.5427900E-0001   0.7424074E-0016   0.4865938E+0000  -0.1786068E+0003
    19.82400   0.2306870E+0001  -0.1102173E-0014   0.2121343E+0002   0.5427900E-0001  -0.6749159E-0017   0.4864635E+0000  -0.1786065E+0003
    19.83200   0.2306870E+0001   0.2555898E-0014   0.2121379E+0002   0.5427900E-0001   0.7860466E-0017   0.4863616E+0000  -0.1786062E+0003
    19.84000   0.2306870E+0001   0.4237875E-0015   0.2121421E+0002   0.5427900E-0001   0.2905662E-0016   0.4862867E+0000  -0.1786058E+0003
    19.84800   0.2306870E+0001  -0.7747167E-0015   0.2121466E+0002   0.5427900E-0001   0.9711741E-0016   0.4862375E+0000  -0.1786054E+0003
    19.85600   0.2306870E+0001   0.1168797E-0014   0.2121513E+0002   0.5427900E-0001   0.3328501E-0016   0.4862121E+0000  -0.1786050E+0003
    19.86400   0.2306870E+0001   0.7881066E-0015   0.2121561E+0002   0.5427900E-0001  -0.9920450E-0017   0.4862081E+0000  -0.1786046E+0003
    19.87200   0.2306870E+0001  -0.7272828E-0015   0.2121608E+0002   0.5427900E-0001   0.6903657E-0016   0.4862232E+0000  -0.1786042E+0003
    19.88000   0.2306870E+0001  -0.9494358E-0015   0.2121654E+0002   0.5427900E-0001   0.4781332E-0016   0.4862550E+0000  -0.1786037E+0003
    19.88800   0.2306870E+0001   0.1822273E-0014   0.2121697E+0002   0.5427900E-0001  -0.1946143E-0016   0.4863008E+0000  -0.1786033E+0003
    19.89600   0.2306870E+0001   0.2139131E-0015   0.2121737E+0002   0.5427900E-0001   0.2122326E-0016   0.4863583E+0000  -0.1786029E+0003
    19.90400   0.2306870E+0001  -0.9933460E-0015   0.2121773E+0002   0.5427900E-0001   0.5767956E-0016   0.4864251E+0000  -0.1786025E+0003
    19.91200   0.2306870E+0001  -0.3931317E-0015   0.2121804E+0002   0.5427900E-0001   0.5410169E-0016   0.4864991E+0000  -0.1786021E+0003
    19.92000   0.2306870E+0001  -0.4090695E-0015   0.2121832E+0002   0.5427900E-0001   0.1595132E-0016   0.4865785E+0000  -0.1786017E+0003
    19.92800   0.2306870E+0001   0.4701101E-0015   0.2121856E+0002   0.5427900E-0001   0.5328854E-0016   0.4866617E+0000  -0.1786013E+0003
    19.93600   0.2306870E+0001   0.1063169E-0014   0.2121877E+0002   0.5427900E-0001  -0.1103176E-0016   0.4867475E+0000  -0.1786009E+0003
    19.94400   0.2306870E+0001   0.1958394E-0014   0.2121895E+0002   0.5427900E-0001   0.1825525E-0016   0.4868351E+0000  -0.1786006E+0003
    19.95200   0.2306870E+0001  -0.6999609E-0015   0.2121912E+0002   0.5427900E-0001   0.6599742E-0016   0.4869239E+0000  -0.1786002E+0003
    19.96000   0.2306870E+0001  -0.2879641E-0015   0.2121928E+0002   0.5427900E-0001   0.4540097E-0016   0.4870137E+0000  -0.1785999E+0003
    19.96800   0.2306870E+0001  -0.1317306E-0015   0.2121943E+0002   0.5427900E-0001   0.1088132E-0015   0.4871046E+0000  -0.1785996E+0003
    19.97600   0.2306870E+0001  -0.1544880E-0014   0.2121959E+0002   0.5427900E-0001   0.7509455E-0016   0.4871971E+0000  -0.1785993E+0003
    19.98400   0.2306870E+0001   0.1745565E-0014   0.2121976E+0002   0.5427900E-0001   0.1710329E-0016   0.4872918E+0000  -0.1785990E+0003
    19.99200   0.2306870E+0001   0.8693133E-0015   0.2121994E+0002   0.5427900E-0001   0.4475044E-0016   0.4873895E+0000  -0.1785988E+0003
    20.00000   0.2306870E+0001   0.9987670E-0015   0.2122014E+0002   0.5427900E-0001   0.1314595E-0016   0.4874913E+0000  -0.1785985E+0003
