 # SCECTPV105-3D
 # Author=D.Liu & B.Luo
 # date =  9/11/2020 15:56:10
 # code = EQdyna3D
 # code_version = 5.1.0
 # element_size =   100.000000000000
 # time_step =  0.0080  s
 # num_time_steps =  1875
 # Time series in 11 columns in format E15.7
 # Column #1 = Time (s)
 # Column #2 = horizontal slip (m)
 # Column #3 = horizontal slip rate (m/s)
 # Column #4 = horizontal shear stress (MPa)
 # Column #5 = down-dip slip (m)
 # Column #6 = down-dip slip rate (m/s)
 # Column #7 = down-dip shear stress (MPa)
 # Column #8 = normal stress (MPa)
 # Column #9 = state variable psi (dimensionless)
 # Column #10 = Temperature (degrees Kelvin)
 # Column #11 = Pore pressure (MPa)
 # The line below lists the names of the data fields:
 t h-slip h-slip-rate h-shear-stress v-slip v-slip-rate v-shear-stress n-stress psi temperature pressure
 #
  0.8000000000000E-02  0.8000000E-18  0.1000000E-15  0.1845000E+02  0.0000000E+00  0.0000000E+00  0.0000000E+00  0.4500000E+02  0.6402585E+00  0.4831500E+03  0.8000000E+02
  0.1600000000000E-01  0.1600000E-17  0.1000000E-15  0.1845000E+02  0.0000000E+00  0.0000000E+00  0.0000000E+00  0.4500000E+02  0.6402585E+00  0.4831500E+03  0.8000000E+02
  0.2400000000000E-01  0.2400000E-17  0.1000000E-15  0.1845000E+02  0.0000000E+00  0.0000000E+00  0.0000000E+00  0.4500000E+02  0.6402585E+00  0.4831500E+03  0.8000000E+02
  0.3200000000000E-01  0.3200000E-17  0.1000000E-15  0.1845000E+02  0.0000000E+00  0.0000000E+00  0.0000000E+00  0.4500000E+02  0.6402585E+00  0.4831500E+03  0.8000000E+02
  0.4000000000000E-01  0.4000000E-17  0.1000000E-15  0.1845000E+02  0.0000000E+00  0.0000000E+00  0.0000000E+00  0.4500000E+02  0.6402585E+00  0.4831500E+03  0.8000000E+02
  0.4800000000000E-01  0.4800000E-17  0.1000000E-15  0.1845000E+02  0.0000000E+00  0.0000000E+00  0.0000000E+00  0.4500000E+02  0.6402585E+00  0.4831500E+03  0.8000000E+02
  0.5600000000000E-01  0.5600000E-17  0.1000000E-15  0.1845000E+02  0.0000000E+00  0.0000000E+00  0.0000000E+00  0.4500000E+02  0.6402585E+00  0.4831500E+03  0.8000000E+02
  0.6400000000000E-01  0.6400000E-17  0.1000000E-15  0.1845000E+02  0.0000000E+00  0.0000000E+00  0.0000000E+00  0.4500000E+02  0.6402585E+00  0.4831500E+03  0.8000000E+02
  0.7200000000000E-01  0.7200000E-17  0.1000000E-15  0.1845000E+02  0.0000000E+00  0.0000000E+00  0.0000000E+00  0.4500000E+02  0.6402585E+00  0.4831500E+03  0.8000000E+02
  0.8000000000000E-01  0.8000000E-17  0.1000000E-15  0.1845000E+02  0.0000000E+00  0.0000000E+00  0.0000000E+00  0.4500000E+02  0.6402585E+00  0.4831500E+03  0.8000000E+02
  0.8800000000000E-01  0.8800000E-17  0.1000000E-15  0.1845000E+02  0.0000000E+00  0.0000000E+00  0.0000000E+00  0.4500000E+02  0.6402585E+00  0.4831500E+03  0.8000000E+02
  0.9600000000000E-01  0.9600000E-17  0.1000000E-15  0.1845000E+02  0.0000000E+00  0.0000000E+00  0.0000000E+00  0.4500000E+02  0.6402585E+00  0.4831500E+03  0.8000000E+02
  0.1040000000000E+00  0.1040000E-16  0.1000000E-15  0.1845000E+02  0.0000000E+00  0.0000000E+00  0.0000000E+00  0.4500000E+02  0.6402585E+00  0.4831500E+03  0.8000000E+02
  0.1120000000000E+00  0.1120000E-16  0.1000000E-15  0.1845000E+02  0.0000000E+00  0.0000000E+00  0.0000000E+00  0.4500000E+02  0.6402585E+00  0.4831500E+03  0.8000000E+02
  0.1200000000000E+00  0.1200000E-16  0.1000000E-15  0.1845000E+02  0.0000000E+00  0.0000000E+00  0.0000000E+00  0.4500000E+02  0.6402585E+00  0.4831500E+03  0.8000000E+02
  0.1280000000000E+00  0.1280000E-16  0.1000000E-15  0.1845000E+02  0.0000000E+00  0.0000000E+00  0.0000000E+00  0.4500000E+02  0.6402585E+00  0.4831500E+03  0.8000000E+02
  0.1360000000000E+00  0.1360000E-16  0.1000000E-15  0.1845000E+02  0.0000000E+00  0.0000000E+00  0.0000000E+00  0.4500000E+02  0.6402585E+00  0.4831500E+03  0.8000000E+02
  0.1440000000000E+00  0.1440000E-16  0.1000000E-15  0.1845000E+02  0.0000000E+00  0.0000000E+00  0.0000000E+00  0.4500000E+02  0.6402585E+00  0.4831500E+03  0.8000000E+02
  0.1520000000000E+00  0.1520000E-16  0.1000000E-15  0.1845000E+02  0.0000000E+00  0.0000000E+00  0.0000000E+00  0.4500000E+02  0.6402585E+00  0.4831500E+03  0.8000000E+02
  0.1600000000000E+00  0.1600000E-16  0.1000000E-15  0.1845000E+02  0.0000000E+00  0.0000000E+00  0.0000000E+00  0.4500000E+02  0.6402585E+00  0.4831500E+03  0.8000000E+02
  0.1680000000000E+00  0.1680000E-16  0.1000000E-15  0.1845000E+02  0.0000000E+00  0.0000000E+00  0.0000000E+00  0.4500000E+02  0.6402585E+00  0.4831500E+03  0.8000000E+02
  0.1760000000000E+00  0.1760000E-16  0.1000000E-15  0.1845000E+02  0.0000000E+00  0.0000000E+00  0.0000000E+00  0.4500000E+02  0.6402585E+00  0.4831500E+03  0.8000000E+02
  0.1840000000000E+00  0.1840000E-16  0.1000000E-15  0.1845000E+02  0.0000000E+00  0.0000000E+00  0.0000000E+00  0.4500000E+02  0.6402585E+00  0.4831500E+03  0.8000000E+02
  0.1920000000000E+00  0.1920000E-16  0.1000000E-15  0.1845000E+02  0.0000000E+00  0.0000000E+00  0.0000000E+00  0.4500000E+02  0.6402585E+00  0.4831500E+03  0.8000000E+02
  0.2000000000000E+00  0.2000000E-16  0.1000000E-15  0.1845000E+02  0.0000000E+00  0.0000000E+00  0.0000000E+00  0.4500000E+02  0.6402585E+00  0.4831500E+03  0.8000000E+02
  0.2080000000000E+00  0.2080000E-16  0.1000000E-15  0.1845000E+02  0.0000000E+00  0.0000000E+00  0.0000000E+00  0.4500000E+02  0.6402585E+00  0.4831500E+03  0.8000000E+02
  0.2160000000000E+00  0.2160000E-16  0.1000000E-15  0.1845000E+02  0.0000000E+00  0.0000000E+00  0.0000000E+00  0.4500000E+02  0.6402585E+00  0.4831500E+03  0.8000000E+02
  0.2240000000000E+00  0.2240000E-16  0.1000000E-15  0.1845000E+02  0.0000000E+00  0.0000000E+00  0.0000000E+00  0.4500000E+02  0.6402585E+00  0.4831500E+03  0.8000000E+02
  0.2320000000000E+00  0.2320000E-16  0.1000000E-15  0.1845000E+02  0.0000000E+00  0.0000000E+00  0.0000000E+00  0.4500000E+02  0.6402585E+00  0.4831500E+03  0.8000000E+02
  0.2400000000000E+00  0.2400000E-16  0.1000000E-15  0.1845000E+02  0.0000000E+00  0.0000000E+00  0.0000000E+00  0.4500000E+02  0.6402585E+00  0.4831500E+03  0.8000000E+02
  0.2480000000000E+00  0.2480000E-16  0.1000000E-15  0.1845000E+02  0.0000000E+00  0.0000000E+00  0.0000000E+00  0.4500000E+02  0.6402585E+00  0.4831500E+03  0.8000000E+02
  0.2560000000000E+00  0.2560000E-16  0.1000000E-15  0.1845000E+02  0.0000000E+00  0.0000000E+00  0.0000000E+00  0.4500000E+02  0.6402585E+00  0.4831500E+03  0.8000000E+02
  0.2640000000000E+00  0.2640000E-16  0.1000000E-15  0.1845000E+02  0.0000000E+00  0.0000000E+00  0.0000000E+00  0.4500000E+02  0.6402585E+00  0.4831500E+03  0.8000000E+02
  0.2720000000000E+00  0.2720000E-16  0.1000000E-15  0.1845000E+02  0.0000000E+00  0.0000000E+00  0.0000000E+00  0.4500000E+02  0.6402585E+00  0.4831500E+03  0.8000000E+02
  0.2800000000000E+00  0.2800000E-16  0.1000000E-15  0.1845000E+02  0.0000000E+00  0.0000000E+00  0.0000000E+00  0.4500000E+02  0.6402585E+00  0.4831500E+03  0.8000000E+02
  0.2880000000000E+00  0.2880000E-16  0.1000000E-15  0.1845000E+02  0.0000000E+00  0.0000000E+00  0.9413037E-69  0.4500000E+02  0.6402585E+00  0.4831500E+03  0.8000000E+02
  0.2960000000000E+00  0.2960000E-16  0.1000000E-15  0.1845000E+02  0.8163068E-88  0.1020383E-85  0.9471693E-66  0.4500000E+02  0.6402585E+00  0.4831500E+03  0.8000000E+02
  0.3040000000000E+00  0.3040000E-16  0.1000000E-15  0.1845000E+02  0.8213935E-85  0.1025721E-82  0.2334289E-63  0.4500000E+02  0.6402585E+00  0.4831500E+03  0.8000000E+02
  0.3120000000000E+00  0.3120000E-16  0.1000000E-15  0.1845000E+02  0.2024324E-82  0.2520137E-80  0.2336202E-61  0.4500000E+02  0.6402585E+00  0.4831500E+03  0.8000000E+02
  0.3200000000000E+00  0.3200000E-16  0.1000000E-15  0.1845000E+02  0.2026057E-80  0.2507267E-78  0.1223357E-59  0.4500000E+02  0.6402585E+00  0.4831500E+03  0.8000000E+02
  0.3280000000000E+00  0.3280000E-16  0.1000000E-15  0.1845000E+02  0.1061108E-78  0.1301059E-76  0.3683906E-58  0.4500000E+02  0.6402585E+00  0.4831500E+03  0.8000000E+02
  0.3360000000000E+00  0.3360000E-16  0.1000000E-15  0.1845000E+02  0.3196741E-77  0.3863288E-75  0.5494654E-57  0.4500000E+02  0.6402585E+00  0.4831500E+03  0.8000000E+02
  0.3440000000000E+00  0.3440000E-16  0.1000000E-15  0.1845000E+02  0.4775623E-76  0.5569936E-74 -0.4466091E-56  0.4500000E+02  0.6402585E+00  0.4831500E+03  0.8000000E+02
  0.3520000000000E+00  0.3520000E-16  0.1000000E-15  0.1845000E+02 -0.3841065E-75 -0.5398284E-73 -0.5108780E-54  0.4500000E+02  0.6402585E+00  0.4831500E+03  0.8000000E+02
  0.3600000000000E+00  0.3600000E-16  0.1000000E-15  0.1845000E+02 -0.4425602E-73 -0.5483990E-71 -0.1677578E-52  0.4500000E+02  0.6402585E+00  0.4831500E+03  0.8000000E+02
  0.3680000000000E+00  0.3680000E-16  0.1000000E-15  0.1845000E+02 -0.1455195E-71 -0.1763673E-69 -0.3779272E-51  0.4500000E+02  0.6402585E+00  0.4831500E+03  0.8000000E+02
  0.3760000000000E+00  0.3760000E-16  0.1000000E-15  0.1845000E+02 -0.3281843E-70 -0.3920404E-68 -0.6731934E-50  0.4500000E+02  0.6402585E+00  0.4831500E+03  0.8000000E+02
  0.3840000000000E+00  0.3840000E-16  0.1000000E-15  0.1845000E+02 -0.5852544E-69 -0.6905449E-67 -0.1004795E-48  0.4500000E+02  0.6402585E+00  0.4831500E+03  0.8000000E+02
  0.3920000000000E+00  0.3920000E-16  0.1000000E-15  0.1845000E+02 -0.8746486E-68 -0.1020154E-65 -0.1297912E-47  0.4500000E+02  0.6402585E+00  0.4831500E+03  0.8000000E+02
  0.4000000000000E+00  0.4000000E-16  0.1000000E-15  0.1845000E+02 -0.1131414E-66 -0.1304936E-64 -0.1481808E-46  0.4500000E+02  0.6402585E+00  0.4831500E+03  0.8000000E+02
  0.4080000000000E+00  0.4080000E-16  0.1000000E-15  0.1845000E+02 -0.1293783E-65 -0.1475802E-63 -0.1517986E-45  0.4500000E+02  0.6402585E+00  0.4831500E+03  0.8000000E+02
  0.4160000000000E+00  0.4160000E-16  0.1000000E-15  0.1845000E+02 -0.1327725E-64 -0.1497933E-62 -0.1411410E-44  0.4500000E+02  0.6402585E+00  0.4831500E+03  0.8000000E+02
  0.4240000000000E+00  0.4240000E-16  0.1000000E-15  0.1845000E+02 -0.1236924E-63 -0.1380190E-61 -0.1201968E-43  0.4500000E+02  0.6402585E+00  0.4831500E+03  0.8000000E+02
  0.4320000000000E+00  0.4320000E-16  0.1000000E-15  0.1845000E+02 -0.1055634E-62 -0.1164927E-60 -0.9445108E-43  0.4500000E+02  0.6402585E+00  0.4831500E+03  0.8000000E+02
  0.4400000000000E+00  0.4400000E-16  0.1000000E-15  0.1845000E+02 -0.8314572E-62 -0.9073673E-60 -0.6891009E-42  0.4500000E+02  0.6402585E+00  0.4831500E+03  0.8000000E+02
  0.4480000000000E+00  0.4480000E-16  0.1000000E-15  0.1845000E+02 -0.6081506E-61 -0.6562561E-59 -0.4692504E-41  0.4500000E+02  0.6402585E+00  0.4831500E+03  0.8000000E+02
  0.4560000000000E+00  0.4560000E-16  0.1000000E-15  0.1845000E+02 -0.4152526E-60 -0.4430469E-58 -0.2996001E-40  0.4500000E+02  0.6402585E+00  0.4831500E+03  0.8000000E+02
  0.4640000000000E+00  0.4640000E-16  0.1000000E-15  0.1845000E+02 -0.2658973E-59 -0.2804650E-57 -0.1800582E-39  0.4500000E+02  0.6402585E+00  0.4831500E+03  0.8000000E+02
  0.4720000000000E+00  0.4720000E-16  0.1000000E-15  0.1845000E+02 -0.1603006E-58 -0.1671385E-56 -0.1022191E-38  0.4500000E+02  0.6402585E+00  0.4831500E+03  0.8000000E+02
  0.4800000000000E+00  0.4800000E-16  0.1000000E-15  0.1845000E+02 -0.9130422E-58 -0.9409271E-56 -0.5498506E-38  0.4500000E+02  0.6402585E+00  0.4831500E+03  0.8000000E+02
  0.4880000000000E+00  0.4880000E-16  0.1000000E-15  0.1845000E+02 -0.4928652E-57 -0.5019513E-55 -0.2810323E-37  0.4500000E+02  0.6402585E+00  0.4831500E+03  0.8000000E+02
  0.4960000000000E+00  0.4960000E-16  0.1000000E-15  0.1845000E+02 -0.2528441E-56 -0.2544469E-54 -0.1368207E-36  0.4500000E+02  0.6402585E+00  0.4831500E+03  0.8000000E+02
  0.5040000000000E+00  0.5040000E-16  0.1000000E-15  0.1845000E+02 -0.1235808E-55 -0.1228705E-53 -0.6359381E-36  0.4500000E+02  0.6402585E+00  0.4831500E+03  0.8000000E+02
  0.5120000000000E+00  0.5120000E-16  0.1000000E-15  0.1845000E+02 -0.5767754E-55 -0.5664933E-53 -0.2827743E-35  0.4500000E+02  0.6402585E+00  0.4831500E+03  0.8000000E+02
  0.5200000000000E+00  0.5200000E-16  0.1000000E-15  0.1845000E+02 -0.2575824E-54 -0.2498810E-52 -0.1205161E-34  0.4500000E+02  0.6402585E+00  0.4831500E+03  0.8000000E+02
  0.5280000000000E+00  0.5280000E-16  0.1000000E-15  0.1845000E+02 -0.1102803E-53 -0.1056526E-51 -0.4931516E-34  0.4500000E+02  0.6402585E+00  0.4831500E+03  0.8000000E+02
  0.5360000000000E+00  0.5360000E-16  0.1000000E-15  0.1845000E+02 -0.4534236E-53 -0.4289291E-51 -0.1940606E-33  0.4500000E+02  0.6402585E+00  0.4831500E+03  0.8000000E+02
  0.5440000000000E+00  0.5440000E-16  0.1000000E-15  0.1845000E+02 -0.1793190E-52 -0.1674709E-50 -0.7354506E-33  0.4500000E+02  0.6402585E+00  0.4831500E+03  0.8000000E+02
  0.5520000000000E+00  0.5520000E-16  0.1000000E-15  0.1845000E+02 -0.6831315E-52 -0.6297656E-50 -0.2687942E-32  0.4500000E+02  0.6402585E+00  0.4831500E+03  0.8000000E+02
  0.5600000000000E+00  0.5600000E-16  0.1000000E-15  0.1845000E+02 -0.2510326E-51 -0.2283993E-49 -0.9486047E-32  0.4500000E+02  0.6402585E+00  0.4831500E+03  0.8000000E+02
  0.5680000000000E+00  0.5680000E-16  0.1000000E-15  0.1845000E+02 -0.8909513E-51 -0.7998984E-49 -0.3236385E-31  0.4500000E+02  0.6402585E+00  0.4831500E+03  0.8000000E+02
  0.5760000000000E+00  0.5760000E-16  0.1000000E-15  0.1845000E+02 -0.3057654E-50 -0.2708378E-48 -0.1068615E-30  0.4500000E+02  0.6402585E+00  0.4831500E+03  0.8000000E+02
  0.5840000000000E+00  0.5840000E-16  0.1000000E-15  0.1845000E+02 -0.1015808E-49 -0.8875529E-48 -0.3418335E-30  0.4500000E+02  0.6402585E+00  0.4831500E+03  0.8000000E+02
  0.5920000000000E+00  0.5920000E-16  0.1000000E-15  0.1845000E+02 -0.3270175E-49 -0.2817959E-47 -0.1060370E-29  0.4500000E+02  0.6402585E+00  0.4831500E+03  0.8000000E+02
  0.6000000000000E+00  0.6000000E-16  0.1000000E-15  0.1845000E+02 -0.1021142E-48 -0.8676562E-47 -0.3192581E-29  0.4500000E+02  0.6402585E+00  0.4831500E+03  0.8000000E+02
  0.6080000000000E+00  0.6080000E-16  0.1000000E-15  0.1845000E+02 -0.3095651E-48 -0.2593136E-46 -0.9337658E-29  0.4500000E+02  0.6402585E+00  0.4831500E+03  0.8000000E+02
  0.6160000000000E+00  0.6160000E-16  0.1000000E-15  0.1845000E+02 -0.9118840E-48 -0.7528986E-46 -0.2655180E-28  0.4500000E+02  0.6402585E+00  0.4831500E+03  0.8000000E+02
  0.6240000000000E+00  0.6240000E-16  0.1000000E-15  0.1845000E+02 -0.2612160E-47 -0.2125345E-45 -0.7345807E-28  0.4500000E+02  0.6402585E+00  0.4831500E+03  0.8000000E+02
  0.6320000000000E+00  0.6320000E-16  0.1000000E-15  0.1845000E+02 -0.7282232E-47 -0.5837590E-45 -0.1978735E-27  0.4500000E+02  0.6402585E+00  0.4831500E+03  0.8000000E+02
  0.6400000000000E+00  0.6400000E-16  0.1000000E-15  0.1845000E+02 -0.1977192E-46 -0.1561211E-44 -0.5193207E-27  0.4500000E+02  0.6402585E+00  0.4831500E+03  0.8000000E+02
  0.6480000000000E+00  0.6480000E-16  0.1000000E-15  0.1845000E+02 -0.5231818E-46 -0.4068282E-44 -0.1328825E-26  0.4500000E+02  0.6402585E+00  0.4831500E+03  0.8000000E+02
  0.6560000000000E+00  0.6560000E-16  0.1000000E-15  0.1845000E+02 -0.1350088E-45 -0.1033633E-43 -0.3317082E-26  0.4500000E+02  0.6402585E+00  0.4831500E+03  0.8000000E+02
  0.6640000000000E+00  0.6640000E-16  0.1000000E-15  0.1845000E+02 -0.3399784E-45 -0.2562120E-43 -0.8082820E-26  0.4500000E+02  0.6402585E+00  0.4831500E+03  0.8000000E+02
  0.6720000000000E+00  0.6720000E-16  0.1000000E-15  0.1845000E+02 -0.8359580E-45 -0.6199745E-43 -0.1923720E-25  0.4500000E+02  0.6402585E+00  0.4831500E+03  0.8000000E+02
  0.6800000000000E+00  0.6800000E-16  0.1000000E-15  0.1845000E+02 -0.2008245E-44 -0.1465359E-42 -0.4474459E-25  0.4500000E+02  0.6402585E+00  0.4831500E+03  0.8000000E+02
  0.6880000000000E+00  0.6880000E-16  0.1000000E-15  0.1845000E+02 -0.4716247E-44 -0.3385003E-42 -0.1017660E-24  0.4500000E+02  0.6402585E+00  0.4831500E+03  0.8000000E+02
  0.6960000000000E+00  0.6960000E-16  0.1000000E-15  0.1845000E+02 -0.1083348E-43 -0.7646541E-42 -0.2264495E-24  0.4500000E+02  0.6402585E+00  0.4831500E+03  0.8000000E+02
  0.7040000000000E+00  0.7040000E-16  0.1000000E-15  0.1845000E+02 -0.2435415E-43 -0.1690083E-41 -0.4932797E-24  0.4500000E+02  0.6402585E+00  0.4831500E+03  0.8000000E+02
  0.7120000000000E+00  0.7120000E-16  0.1000000E-15  0.1845000E+02 -0.5361112E-43 -0.3657122E-41 -0.1052506E-23  0.4500000E+02  0.6402585E+00  0.4831500E+03  0.8000000E+02
  0.7200000000000E+00  0.7200000E-16  0.1000000E-15  0.1845000E+02 -0.1156284E-42 -0.7752161E-41 -0.2201117E-23  0.4500000E+02  0.6402585E+00  0.4831500E+03  0.8000000E+02
  0.7280000000000E+00  0.7280000E-16  0.1000000E-15  0.1845000E+02 -0.2444939E-42 -0.1610819E-40 -0.4515076E-23  0.4500000E+02  0.6402585E+00  0.4831500E+03  0.8000000E+02
  0.7360000000000E+00  0.7360000E-16  0.1000000E-15  0.1845000E+02 -0.5071797E-42 -0.3283573E-40 -0.9092488E-23  0.4500000E+02  0.6402585E+00  0.4831500E+03  0.8000000E+02
  0.7440000000000E+00  0.7440000E-16  0.1000000E-15  0.1845000E+02 -0.1033002E-41 -0.6572783E-40 -0.1799848E-22  0.4500000E+02  0.6402585E+00  0.4831500E+03  0.8000000E+02
  0.7520000000000E+00  0.7520000E-16  0.1000000E-15  0.1845000E+02 -0.2068024E-41 -0.1293777E-39 -0.3508822E-22  0.4500000E+02  0.6402585E+00  0.4831500E+03  0.8000000E+02
  0.7600000000000E+00  0.7600000E-16  0.1000000E-15  0.1845000E+02 -0.4075883E-41 -0.2509824E-39 -0.6759342E-22  0.4500000E+02  0.6402585E+00  0.4831500E+03  0.8000000E+02
  0.7680000000000E+00  0.7680000E-16  0.1000000E-15  0.1845000E+02 -0.7929784E-41 -0.4817377E-39 -0.1294672E-21  0.4500000E+02  0.6402585E+00  0.4831500E+03  0.8000000E+02
  0.7760000000000E+00  0.7760000E-16  0.1000000E-15  0.1845000E+02 -0.1530339E-40 -0.9217004E-39 -0.2495106E-21  0.4500000E+02  0.6402585E+00  0.4831500E+03  0.8000000E+02
  0.7840000000000E+00  0.7840000E-16  0.1000000E-15  0.1845000E+02 -0.2956756E-40 -0.1783021E-38 -0.4945800E-21  0.4500000E+02  0.6402585E+00  0.4831500E+03  0.8000000E+02
  0.7920000000000E+00  0.7920000E-16  0.1000000E-15  0.1845000E+02 -0.5819379E-40 -0.3578279E-38 -0.1044988E-20  0.4500000E+02  0.6402585E+00  0.4831500E+03  0.8000000E+02
  0.8000000000000E+00  0.8000000E-16  0.1000000E-15  0.1845000E+02 -0.1201898E-39 -0.7749506E-38 -0.2458269E-20  0.4500000E+02  0.6402585E+00  0.4831500E+03  0.8000000E+02
  0.8080000000000E+00  0.8080000E-16  0.1000000E-15  0.1845000E+02 -0.2713770E-39 -0.1889839E-37 -0.6619192E-20  0.4500000E+02  0.6402585E+00  0.4831500E+03  0.8000000E+02
  0.8160000000000E+00  0.8160000E-16  0.1000000E-15  0.1845000E+02 -0.6942119E-39 -0.5285436E-37 -0.2017041E-19  0.4500000E+02  0.6402585E+00  0.4831500E+03  0.8000000E+02
  0.8240000000000E+00  0.8240000E-16  0.1000000E-15  0.1845000E+02 -0.2020572E-38 -0.1657951E-36 -0.6676113E-19  0.4500000E+02  0.6402585E+00  0.4831500E+03  0.8000000E+02
  0.8320000000000E+00  0.8320000E-16  0.1000000E-15  0.1845000E+02 -0.6483795E-38 -0.5579028E-36 -0.2299783E-18  0.4500000E+02  0.6402585E+00  0.4831500E+03  0.8000000E+02
  0.8400000000000E+00  0.8400000E-16  0.1000000E-15  0.1845000E+02 -0.2196449E-37 -0.1935087E-35 -0.8005134E-18  0.4500000E+02  0.6402585E+00  0.4831500E+03  0.8000000E+02
  0.8480000000000E+00  0.8480000E-16  0.1000000E-15  0.1845000E+02 -0.7590501E-37 -0.6742565E-35 -0.2768570E-17  0.4500000E+02  0.6402585E+00  0.4831500E+03  0.8000000E+02
  0.8560000000000E+00  0.8560000E-16  0.1000000E-15  0.1845000E+02 -0.2620573E-36 -0.2326904E-34 -0.9430178E-17  0.4500000E+02  0.6402585E+00  0.4831500E+03  0.8000000E+02
  0.8640000000000E+00  0.8640000E-16  0.1000000E-15  0.1845000E+02 -0.8936982E-36 -0.7895512E-34 -0.3149290E-16  0.4500000E+02  0.6402585E+00  0.4831500E+03  0.8000000E+02
  0.8720000000000E+00  0.8720000E-16  0.1000000E-15  0.1845000E+02 -0.2993149E-35 -0.2624314E-33 -0.1028835E-15  0.4500000E+02  0.6402585E+00  0.4831500E+03  0.8000000E+02
  0.8800000000000E+00  0.8800000E-16  0.1000000E-15  0.1845000E+02 -0.9815841E-35 -0.8528365E-33 -0.3284131E-15  0.4500000E+02  0.6402585E+00  0.4831500E+03  0.8000000E+02
  0.8880000000000E+00  0.8880000E-16  0.1000000E-15  0.1845000E+02 -0.3147342E-34 -0.2707198E-32 -0.1023759E-14  0.4500000E+02  0.6402585E+00  0.4831500E+03  0.8000000E+02
  0.8960000000000E+00  0.8960000E-16  0.1000000E-15  0.1845000E+02 -0.9859709E-34 -0.8390458E-32 -0.3115866E-14  0.4500000E+02  0.6402585E+00  0.4831500E+03  0.8000000E+02
  0.9040000000000E+00  0.9040000E-16  0.1000000E-15  0.1845000E+02 -0.3016841E-33 -0.2538587E-31 -0.9258666E-14  0.4500000E+02  0.6402585E+00  0.4831500E+03  0.8000000E+02
  0.9120000000000E+00  0.9120000E-16  0.1000000E-15  0.1845000E+02 -0.9015166E-33 -0.7497907E-31 -0.2686214E-13  0.4500000E+02  0.6402585E+00  0.4831500E+03  0.8000000E+02
  0.9200000000000E+00  0.9200000E-16  0.1000000E-15  0.1845000E+02 -0.2631192E-32 -0.2162095E-30 -0.7610650E-13  0.4500000E+02  0.6402585E+00  0.4831500E+03  0.8000000E+02
  0.9280000000000E+00  0.9280000E-16  0.1000000E-15  0.1845000E+02 -0.7501538E-32 -0.6087932E-30 -0.2106097E-12  0.4500000E+02  0.6402585E+00  0.4831500E+03  0.8000000E+02
  0.9360000000000E+00  0.9360000E-16  0.1000000E-15  0.1845000E+02 -0.2089545E-31 -0.1674238E-29 -0.5693908E-12  0.4500000E+02  0.6402585E+00  0.4831500E+03  0.8000000E+02
  0.9440000000000E+00  0.9440000E-16  0.1000000E-15  0.1845000E+02 -0.5687960E-31 -0.4498019E-29 -0.1504273E-11  0.4500000E+02  0.6402585E+00  0.4831500E+03  0.8000000E+02
  0.9520000000000E+00  0.9520000E-16  0.1000000E-15  0.1845000E+02 -0.1513473E-30 -0.1180847E-28 -0.3884555E-11  0.4500000E+02  0.6402585E+00  0.4831500E+03  0.8000000E+02
  0.9600000000000E+00  0.9600000E-16  0.1000000E-15  0.1845000E+02 -0.3937516E-30 -0.3030053E-28 -0.9807781E-11  0.4500000E+02  0.6402585E+00  0.4831500E+03  0.8000000E+02
  0.9680000000000E+00  0.9680000E-16  0.1000000E-15  0.1845000E+02 -0.1001887E-29 -0.7601688E-28 -0.2421770E-10  0.4500000E+02  0.6402585E+00  0.4831500E+03  0.8000000E+02
  0.9760000000000E+00  0.9760000E-16  0.1000000E-15  0.1845000E+02 -0.2493932E-29 -0.1865057E-27 -0.5849860E-10  0.4500000E+02  0.6402585E+00  0.4831500E+03  0.8000000E+02
  0.9840000000000E+00  0.9840000E-16  0.1000000E-15  0.1845000E+02 -0.6074936E-29 -0.4476255E-27 -0.1382690E-09  0.4500000E+02  0.6402585E+00  0.4831500E+03  0.8000000E+02
  0.9920000000000E+00  0.9920000E-16  0.1000000E-15  0.1845000E+02 -0.1448474E-28 -0.1051225E-26 -0.3198786E-09  0.4500000E+02  0.6402585E+00  0.4831500E+03  0.8000000E+02
  0.1000000000000E+01  0.1000000E-15  0.1000000E-15  0.1845000E+02 -0.3381509E-28 -0.2416294E-26 -0.7245011E-09  0.4500000E+02  0.6402585E+00  0.4831500E+03  0.8000000E+02
  0.1008000000000E+01  0.1008000E-15  0.1000000E-15  0.1845000E+02 -0.7731410E-28 -0.5437377E-26 -0.1606925E-08  0.4500000E+02  0.6402585E+00  0.4831500E+03  0.8000000E+02
  0.1016000000000E+01  0.1016000E-15  0.1000000E-15  0.1845000E+02 -0.1731690E-27 -0.1198187E-25 -0.3491093E-08  0.4500000E+02  0.6402585E+00  0.4831500E+03  0.8000000E+02
  0.1024000000000E+01  0.1024000E-15  0.1000000E-15  0.1845000E+02 -0.3800647E-27 -0.2586196E-25 -0.7430873E-08  0.4500000E+02  0.6402585E+00  0.4831500E+03  0.8000000E+02
  0.1032000000000E+01  0.1032000E-15  0.1000000E-15  0.1845000E+02 -0.8175808E-27 -0.5468951E-25 -0.1549998E-07  0.4500000E+02  0.6402585E+00  0.4831500E+03  0.8000000E+02
  0.1040000000000E+01  0.1040000E-15  0.1000000E-15  0.1845000E+02 -0.1724236E-26 -0.1133319E-24 -0.3169072E-07  0.4500000E+02  0.6402585E+00  0.4831500E+03  0.8000000E+02
  0.1048000000000E+01  0.1048000E-15  0.1000000E-15  0.1845000E+02 -0.3565828E-26 -0.2301989E-24 -0.6352390E-07  0.4500000E+02  0.6402585E+00  0.4831500E+03  0.8000000E+02
  0.1056000000000E+01  0.1056000E-15  0.1000000E-15  0.1845000E+02 -0.7233084E-26 -0.4584071E-24 -0.1248640E-06  0.4500000E+02  0.6402585E+00  0.4831500E+03  0.8000000E+02
  0.1064000000000E+01  0.1064000E-15  0.1000000E-15  0.1845000E+02 -0.1439415E-25 -0.8951328E-24 -0.2407249E-06  0.4500000E+02  0.6402585E+00  0.4831500E+03  0.8000000E+02
  0.1072000000000E+01  0.1072000E-15  0.1000001E-15  0.1845000E+02 -0.2810897E-25 -0.1714353E-23 -0.4552755E-06  0.4500000E+02  0.6402585E+00  0.4831500E+03  0.8000000E+02
  0.1080000000000E+01  0.1080000E-15  0.1000001E-15  0.1845000E+02 -0.5387607E-25 -0.3220888E-23 -0.8448520E-06  0.4500000E+02  0.6402585E+00  0.4831500E+03  0.8000000E+02
  0.1088000000000E+01  0.1088000E-15  0.1000002E-15  0.1845000E+02 -0.1013754E-24 -0.5937415E-23 -0.1538586E-05  0.4500000E+02  0.6402585E+00  0.4831500E+03  0.8000000E+02
  0.1096000000000E+01  0.1096000E-15  0.1000004E-15  0.1845000E+02 -0.1873040E-24 -0.1074108E-22 -0.2750286E-05  0.4500000E+02  0.6402585E+00  0.4831500E+03  0.8000000E+02
  0.1104000000000E+01  0.1104000E-15  0.1000007E-15  0.1845000E+02 -0.3398839E-24 -0.1907249E-22 -0.4826449E-05  0.4500000E+02  0.6402585E+00  0.4831500E+03  0.8000000E+02
  0.1112000000000E+01  0.1112000E-15  0.1000012E-15  0.1845001E+02 -0.6058619E-24 -0.3324725E-22 -0.8316670E-05  0.4500000E+02  0.6402585E+00  0.4831500E+03  0.8000000E+02
  0.1120000000000E+01  0.1120000E-15  0.1000020E-15  0.1845001E+02 -0.1061125E-23 -0.5690786E-22 -0.1407411E-04  0.4500000E+02  0.6402585E+00  0.4831500E+03  0.8000000E+02
  0.1128000000000E+01  0.1128001E-15  0.1000034E-15  0.1845002E+02 -0.1826415E-23 -0.9566132E-22 -0.2339486E-04  0.4500000E+02  0.6402585E+00  0.4831500E+03  0.8000000E+02
  0.1136000000000E+01  0.1136001E-15  0.1000056E-15  0.1845003E+02 -0.3090042E-23 -0.1579533E-21 -0.3820559E-04  0.4500000E+02  0.6402585E+00  0.4831500E+03  0.8000000E+02
  0.1144000000000E+01  0.1144002E-15  0.1000091E-15  0.1845005E+02 -0.5139887E-23 -0.2562307E-21 -0.6130853E-04  0.4500000E+02  0.6402585E+00  0.4831500E+03  0.8000000E+02
  0.1152000000000E+01  0.1152003E-15  0.1000144E-15  0.1845008E+02 -0.8407410E-23 -0.4084404E-21 -0.9669086E-04  0.4500000E+02  0.6402585E+00  0.4831500E+03  0.8000000E+02
  0.1160000000000E+01  0.1160005E-15  0.1000225E-15  0.1845013E+02 -0.1352659E-22 -0.6398969E-21 -0.1499017E-03  0.4500000E+02  0.6402585E+00  0.4831500E+03  0.8000000E+02
  0.1168000000000E+01  0.1168008E-15  0.1000346E-15  0.1845020E+02 -0.2141080E-22 -0.9855268E-21 -0.2284937E-03  0.4500000E+02  0.6402585E+00  0.4831500E+03  0.8000000E+02
  0.1176000000000E+01  0.1176012E-15  0.1000523E-15  0.1845029E+02 -0.3335050E-22 -0.1492463E-20 -0.3425179E-03  0.4500000E+02  0.6402585E+00  0.4831500E+03  0.8000000E+02
  0.1184000000000E+01  0.1184018E-15  0.1000777E-15  0.1845043E+02 -0.5113381E-22 -0.2222913E-20 -0.5050503E-03  0.4500000E+02  0.6402585E+00  0.4831500E+03  0.8000000E+02
  0.1192000000000E+01  0.1192027E-15  0.1001136E-15  0.1845062E+02 -0.7719122E-22 -0.3257177E-20 -0.7327163E-03  0.4500000E+02  0.6402585E+00  0.4831500E+03  0.8000000E+02
  0.1200000000000E+01  0.1200040E-15  0.1001634E-15  0.1845089E+02 -0.1147642E-21 -0.4696627E-20 -0.1046170E-02  0.4500000E+02  0.6402585E+00  0.4831500E+03  0.8000000E+02
  0.1208000000000E+01  0.1208059E-15  0.1002313E-15  0.1845124E+02 -0.1680959E-21 -0.6666452E-20 -0.1470478E-02  0.4500000E+02  0.6402585E+00  0.4831500E+03  0.8000000E+02
  0.1216000000000E+01  0.1216084E-15  0.1003223E-15  0.1845172E+02 -0.2426390E-21 -0.9317897E-20 -0.2035346E-02  0.4500000E+02  0.6402585E+00  0.4831500E+03  0.8000000E+02
  0.1224000000000E+01  0.1224120E-15  0.1004423E-15  0.1845233E+02 -0.3452774E-21 -0.1282980E-19 -0.2775148E-02  0.4500000E+02  0.6402585E+00  0.4831500E+03  0.8000000E+02
  0.1232000000000E+01  0.1232168E-15  0.1005981E-15  0.1845313E+02 -0.4845512E-21 -0.1740923E-19 -0.3728706E-02  0.4500000E+02  0.6402585E+00  0.4831500E+03  0.8000000E+02
  0.1240000000000E+01  0.1240231E-15  0.1007972E-15  0.1845413E+02 -0.6708799E-21 -0.2329108E-19 -0.4938802E-02  0.4500000E+02  0.6402585E+00  0.4831500E+03  0.8000000E+02
  0.1248000000000E+01  0.1248315E-15  0.1010477E-15  0.1845538E+02 -0.9167740E-21 -0.3073677E-19 -0.6451423E-02  0.4500000E+02  0.6402585E+00  0.4831500E+03  0.8000000E+02
  0.1256000000000E+01  0.1256424E-15  0.1013584E-15  0.1845691E+02 -0.1237029E-20 -0.4003185E-19 -0.8314773E-02  0.4500000E+02  0.6402585E+00  0.4831500E+03  0.8000000E+02
  0.1264000000000E+01  0.1264563E-15  0.1017384E-15  0.1845876E+02 -0.1648894E-20 -0.5148315E-19 -0.1057809E-01  0.4500000E+02  0.6402585E+00  0.4831500E+03  0.8000000E+02
  0.1272000000000E+01  0.1272739E-15  0.1021970E-15  0.1846097E+02 -0.2172217E-20 -0.6541532E-19 -0.1329037E-01  0.4500000E+02  0.6402585E+00  0.4831500E+03  0.8000000E+02
  0.1280000000000E+01  0.1280958E-15  0.1027434E-15  0.1846358E+02 -0.2829555E-20 -0.8216734E-19 -0.1649903E-01  0.4500000E+02  0.6402585E+00  0.4831500E+03  0.8000000E+02
  0.1288000000000E+01  0.1289229E-15  0.1033867E-15  0.1846660E+02 -0.3646269E-20 -0.1020892E-18 -0.2024861E-01  0.4500000E+02  0.6402585E+00  0.4831500E+03  0.8000000E+02
  0.1296000000000E+01  0.1297560E-15  0.1041357E-15  0.1847008E+02 -0.4650578E-20 -0.1255386E-18 -0.2457964E-01  0.4500000E+02  0.6402585E+00  0.4831500E+03  0.8000000E+02
  0.1304000000000E+01  0.1305960E-15  0.1049985E-15  0.1847403E+02 -0.5873608E-20 -0.1528787E-18 -0.2952757E-01  0.4500000E+02  0.6402585E+00  0.4831500E+03  0.8000000E+02
  0.1312000000000E+01  0.1314438E-15  0.1059827E-15  0.1847846E+02 -0.7349409E-20 -0.1844752E-18 -0.3512192E-01  0.4500000E+02  0.6402585E+00  0.4831500E+03  0.8000000E+02
  0.1320000000000E+01  0.1323006E-15  0.1070950E-15  0.1848340E+02 -0.9114962E-20 -0.2206941E-18 -0.4138561E-01  0.4500000E+02  0.6402585E+00  0.4831500E+03  0.8000000E+02
  0.1328000000000E+01  0.1331673E-15  0.1083413E-15  0.1848885E+02 -0.1121016E-19 -0.2618995E-18 -0.4833447E-01  0.4500000E+02  0.6402585E+00  0.4831500E+03  0.8000000E+02
  0.1336000000000E+01  0.1340452E-15  0.1097267E-15  0.1849480E+02 -0.1367777E-19 -0.3084510E-18 -0.5597692E-01  0.4500000E+02  0.6402585E+00  0.4831500E+03  0.8000000E+02
  0.1344000000000E+01  0.1349352E-15  0.1112551E-15  0.1850125E+02 -0.1656337E-19 -0.3607007E-18 -0.6431386E-01  0.4500000E+02  0.6402585E+00  0.4831500E+03  0.8000000E+02
  0.1352000000000E+01  0.1358386E-15  0.1129294E-15  0.1850818E+02 -0.1991529E-19 -0.4189900E-18 -0.7333892E-01  0.4500000E+02  0.6402585E+00  0.4831500E+03  0.8000000E+02
  0.1360000000000E+01  0.1367566E-15  0.1147515E-15  0.1851557E+02 -0.2378447E-19 -0.4836477E-18 -0.8303886E-01  0.4500000E+02  0.6402585E+00  0.4831500E+03  0.8000000E+02
  0.1368000000000E+01  0.1376904E-15  0.1167221E-15  0.1852340E+02 -0.2822437E-19 -0.5549876E-18 -0.9339438E-01  0.4500000E+02  0.6402585E+00  0.4831500E+03  0.8000000E+02
  0.1376000000000E+01  0.1386411E-15  0.1188412E-15  0.1853164E+02 -0.3329084E-19 -0.6333088E-18 -0.1043812E+00  0.4500000E+02  0.6402585E+00  0.4831500E+03  0.8000000E+02
  0.1384000000000E+01  0.1396100E-15  0.1211077E-15  0.1854026E+02 -0.3904202E-19 -0.7188976E-18 -0.1159717E+00  0.4500000E+02  0.6402585E+00  0.4831500E+03  0.8000000E+02
  0.1392000000000E+01  0.1405982E-15  0.1235203E-15  0.1854923E+02 -0.4553828E-19 -0.8120320E-18 -0.1281358E+00  0.4500000E+02  0.6402585E+00  0.4831500E+03  0.8000000E+02
  0.1400000000000E+01  0.1416068E-15  0.1260771E-15  0.1855852E+02 -0.5284219E-19 -0.9129884E-18 -0.1408435E+00  0.4500000E+02  0.6402585E+00  0.4831500E+03  0.8000000E+02
  0.1408000000000E+01  0.1426370E-15  0.1287765E-15  0.1856809E+02 -0.6101859E-19 -0.1022050E-17 -0.1540655E+00  0.4500000E+02  0.6402585E+00  0.4831500E+03  0.8000000E+02
  0.1416000000000E+01  0.1436899E-15  0.1316170E-15  0.1857792E+02 -0.7013474E-19 -0.1139518E-17 -0.1677749E+00  0.4500000E+02  0.6402585E+00  0.4831500E+03  0.8000000E+02
  0.1424000000000E+01  0.1447667E-15  0.1345977E-15  0.1858799E+02 -0.8026048E-19 -0.1265718E-17 -0.1819479E+00  0.4500000E+02  0.6402585E+00  0.4831500E+03  0.8000000E+02
  0.1432000000000E+01  0.1458685E-15  0.1377187E-15  0.1859827E+02 -0.9146858E-19 -0.1401012E-17 -0.1965639E+00  0.4500000E+02  0.6402585E+00  0.4831500E+03  0.8000000E+02
  0.1440000000000E+01  0.1469963E-15  0.1409805E-15  0.1860875E+02 -0.1038350E-18 -0.1545801E-17 -0.2116061E+00  0.4500000E+02  0.6402585E+00  0.4831500E+03  0.8000000E+02
  0.1448000000000E+01  0.1481514E-15  0.1443850E-15  0.1861940E+02 -0.1174393E-18 -0.1700533E-17 -0.2270609E+00  0.4500000E+02  0.6402585E+00  0.4831500E+03  0.8000000E+02
  0.1456000000000E+01  0.1493349E-15  0.1479345E-15  0.1863023E+02 -0.1323649E-18 -0.1865705E-17 -0.2429178E+00  0.4500000E+02  0.6402585E+00  0.4831500E+03  0.8000000E+02
  0.1464000000000E+01  0.1505479E-15  0.1516326E-15  0.1864121E+02 -0.1486998E-18 -0.2041864E-17 -0.2591685E+00  0.4500000E+02  0.6402585E+00  0.4831500E+03  0.8000000E+02
  0.1472000000000E+01  0.1517918E-15  0.1554835E-15  0.1865235E+02 -0.1665367E-18 -0.2229609E-17 -0.2758071E+00  0.4500000E+02  0.6402585E+00  0.4831500E+03  0.8000000E+02
  0.1480000000000E+01  0.1530677E-15  0.1594919E-15  0.1866364E+02 -0.1859734E-18 -0.2429592E-17 -0.2928291E+00  0.4500000E+02  0.6402585E+00  0.4831500E+03  0.8000000E+02
  0.1488000000000E+01  0.1543770E-15  0.1636635E-15  0.1867506E+02 -0.2071136E-18 -0.2642517E-17 -0.3102314E+00  0.4500000E+02  0.6402585E+00  0.4831500E+03  0.8000000E+02
  0.1496000000000E+01  0.1557211E-15  0.1680043E-15  0.1868663E+02 -0.2300667E-18 -0.2869146E-17 -0.3280118E+00  0.4500000E+02  0.6402585E+00  0.4831500E+03  0.8000000E+02
  0.1504000000000E+01  0.1571012E-15  0.1725210E-15  0.1869832E+02 -0.2549490E-18 -0.3110291E-17 -0.3461688E+00  0.4500000E+02  0.6402585E+00  0.4831500E+03  0.8000000E+02
  0.1512000000000E+01  0.1585190E-15  0.1772204E-15  0.1871015E+02 -0.2818836E-18 -0.3366823E-17 -0.3647015E+00  0.4500000E+02  0.6402585E+00  0.4831500E+03  0.8000000E+02
  0.1520000000000E+01  0.1599759E-15  0.1821102E-15  0.1872211E+02 -0.3110010E-18 -0.3639672E-17 -0.3836095E+00  0.4500000E+02  0.6402585E+00  0.4831500E+03  0.8000000E+02
  0.1528000000000E+01  0.1614735E-15  0.1871988E-15  0.1873420E+02 -0.3424397E-18 -0.3929842E-17 -0.4028934E+00  0.4500000E+02  0.6402585E+00  0.4831500E+03  0.8000000E+02
  0.1536000000000E+01  0.1630134E-15  0.1924955E-15  0.1874641E+02 -0.3763472E-18 -0.4238429E-17 -0.4225557E+00  0.4500000E+02  0.6402585E+00  0.4831500E+03  0.8000000E+02
  0.1544000000000E+01  0.1645975E-15  0.1980117E-15  0.1875876E+02 -0.4128804E-18 -0.4566655E-17 -0.4426011E+00  0.4500000E+02  0.6402585E+00  0.4831500E+03  0.8000000E+02
  0.1552000000000E+01  0.1662276E-15  0.2037608E-15  0.1877125E+02 -0.4522076E-18 -0.4915899E-17 -0.4630379E+00  0.4500000E+02  0.6402585E+00  0.4831500E+03  0.8000000E+02
  0.1560000000000E+01  0.1679057E-15  0.2097591E-15  0.1878389E+02 -0.4945095E-18 -0.5287735E-17 -0.4838776E+00  0.4500000E+02  0.6402585E+00  0.4831500E+03  0.8000000E+02
  0.1568000000000E+01  0.1696339E-15  0.2160254E-15  0.1879670E+02 -0.5399811E-18 -0.5683951E-17 -0.5051341E+00  0.4500000E+02  0.6402585E+00  0.4831500E+03  0.8000000E+02
  0.1576000000000E+01  0.1714145E-15  0.2225800E-15  0.1880968E+02 -0.5888333E-18 -0.6106531E-17 -0.5268222E+00  0.4500000E+02  0.6402585E+00  0.4831500E+03  0.8000000E+02
  0.1584000000000E+01  0.1732501E-15  0.2294439E-15  0.1882285E+02 -0.6412942E-18 -0.6557610E-17 -0.5489545E+00  0.4500000E+02  0.6402585E+00  0.4831500E+03  0.8000000E+02
  0.1592000000000E+01  0.1751432E-15  0.2366361E-15  0.1883620E+02 -0.6976092E-18 -0.7039372E-17 -0.5715377E+00  0.4500000E+02  0.6402585E+00  0.4831500E+03  0.8000000E+02
  0.1600000000000E+01  0.1770966E-15  0.2441717E-15  0.1884972E+02 -0.7580406E-18 -0.7553928E-17 -0.5945695E+00  0.4500000E+02  0.6402585E+00  0.4831500E+03  0.8000000E+02
  0.1608000000000E+01  0.1791130E-15  0.2520599E-15  0.1886338E+02 -0.8228661E-18 -0.8103186E-17 -0.6180366E+00  0.4500000E+02  0.6402585E+00  0.4831500E+03  0.8000000E+02
  0.1616000000000E+01  0.1811955E-15  0.2603036E-15  0.1887716E+02 -0.8923762E-18 -0.8688765E-17 -0.6419146E+00  0.4500000E+02  0.6402585E+00  0.4831500E+03  0.8000000E+02
  0.1624000000000E+01  0.1833467E-15  0.2689009E-15  0.1889103E+02 -0.9668722E-18 -0.9311994E-17 -0.6661708E+00  0.4500000E+02  0.6402585E+00  0.4831500E+03  0.8000000E+02
  0.1632000000000E+01  0.1855695E-15  0.2778482E-15  0.1890494E+02 -0.1046665E-17 -0.9974040E-17 -0.6907704E+00  0.4500000E+02  0.6402585E+00  0.4831500E+03  0.8000000E+02
  0.1640000000000E+01  0.1878666E-15  0.2871458E-15  0.1891890E+02 -0.1132074E-17 -0.1067618E-16 -0.7156842E+00  0.4500000E+02  0.6402585E+00  0.4831500E+03  0.8000000E+02
  0.1648000000000E+01  0.1902411E-15  0.2968049E-15  0.1893290E+02 -0.1223436E-17 -0.1142024E-16 -0.7408981E+00  0.4500000E+02  0.6402585E+00  0.4831500E+03  0.8000000E+02
  0.1656000000000E+01  0.1926959E-15  0.3068545E-15  0.1894698E+02 -0.1321109E-17 -0.1220910E-16 -0.7664222E+00  0.4500000E+02  0.6402585E+00  0.4831500E+03  0.8000000E+02
  0.1664000000000E+01  0.1952347E-15  0.3173485E-15  0.1896120E+02 -0.1425487E-17 -0.1304727E-16 -0.7922983E+00  0.4500000E+02  0.6402585E+00  0.4831500E+03  0.8000000E+02
  0.1672000000000E+01  0.1978616E-15  0.3283696E-15  0.1897565E+02 -0.1537019E-17 -0.1394145E-16 -0.8186040E+00  0.4500000E+02  0.6402585E+00  0.4831500E+03  0.8000000E+02
  0.1680000000000E+01  0.2005819E-15  0.3400327E-15  0.1899047E+02 -0.1656227E-17 -0.1490101E-16 -0.8454537E+00  0.4500000E+02  0.6402585E+00  0.4831500E+03  0.8000000E+02
  0.1688000000000E+01  0.2034018E-15  0.3524847E-15  0.1900576E+02 -0.1783733E-17 -0.1593829E-16 -0.8729940E+00  0.4500000E+02  0.6402585E+00  0.4831500E+03  0.8000000E+02
  0.1696000000000E+01  0.2063290E-15  0.3659019E-15  0.1902169E+02 -0.1920284E-17 -0.1706884E-16 -0.9013960E+00  0.4500000E+02  0.6402585E+00  0.4831500E+03  0.8000000E+02
  0.1704000000000E+01  0.2093729E-15  0.3804858E-15  0.1903837E+02 -0.2066775E-17 -0.1831138E-16 -0.9308423E+00  0.4500000E+02  0.6402585E+00  0.4831500E+03  0.8000000E+02
  0.1712000000000E+01  0.2125445E-15  0.3964561E-15  0.1905592E+02 -0.2224275E-17 -0.1968759E-16 -0.9615102E+00  0.4500000E+02  0.6402585E+00  0.4831500E+03  0.8000000E+02
  0.1720000000000E+01  0.2158568E-15  0.4140391E-15  0.1907441E+02 -0.2394048E-17 -0.2122154E-16 -0.9935514E+00  0.4500000E+02  0.6402585E+00  0.4831500E+03  0.8000000E+02
  0.1728000000000E+01  0.2193245E-15  0.4334522E-15  0.1909387E+02 -0.2577556E-17 -0.2293856E-16 -0.1027069E+01  0.4500000E+02  0.6402585E+00  0.4831500E+03  0.8000000E+02
  0.1736000000000E+01  0.2229635E-15  0.4548809E-15  0.1911426E+02 -0.2776465E-17 -0.2486355E-16 -0.1062093E+01  0.4500000E+02  0.6402585E+00  0.4831500E+03  0.8000000E+02
  0.1744000000000E+01  0.2267911E-15  0.4784470E-15  0.1913543E+02 -0.2992610E-17 -0.2701816E-16 -0.1098555E+01  0.4500000E+02  0.6402585E+00  0.4831500E+03  0.8000000E+02
  0.1752000000000E+01  0.2308244E-15  0.5041680E-15  0.1915715E+02 -0.3227945E-17 -0.2941690E-16 -0.1136267E+01  0.4500000E+02  0.6402585E+00  0.4831500E+03  0.8000000E+02
  0.1760000000000E+01  0.2350797E-15  0.5319075E-15  0.1917908E+02 -0.3484441E-17 -0.3206202E-16 -0.1174904E+01  0.4500000E+02  0.6402585E+00  0.4831500E+03  0.8000000E+02
  0.1768000000000E+01  0.2395703E-15  0.5613208E-15  0.1920075E+02 -0.3763938E-17 -0.3493707E-16 -0.1213994E+01  0.4500000E+02  0.6402585E+00  0.4831500E+03  0.8000000E+02
  0.1776000000000E+01  0.2443047E-15  0.5918023E-15  0.1922161E+02 -0.4067939E-17 -0.3800009E-16 -0.1252917E+01  0.4500000E+02  0.6402585E+00  0.4831500E+03  0.8000000E+02
  0.1784000000000E+01  0.2492842E-15  0.6224453E-15  0.1924101E+02 -0.4397355E-17 -0.4117699E-16 -0.1290919E+01  0.4500000E+02  0.6402585E+00  0.4831500E+03  0.8000000E+02
  0.1792000000000E+01  0.2545005E-15  0.6520276E-15  0.1925823E+02 -0.4752212E-17 -0.4435722E-16 -0.1327134E+01  0.4500000E+02  0.6402585E+00  0.4831500E+03  0.8000000E+02
  0.1800000000000E+01  0.2599328E-15  0.6790379E-15  0.1927253E+02 -0.5131359E-17 -0.4739328E-16 -0.1360612E+01  0.4500000E+02  0.6402585E+00  0.4831500E+03  0.8000000E+02
  0.1808000000000E+01  0.2655468E-15  0.7017552E-15  0.1928316E+02 -0.5532211E-17 -0.5010655E-16 -0.1390361E+01  0.4500000E+02  0.6402585E+00  0.4831500E+03  0.8000000E+02
  0.1816000000000E+01  0.2712939E-15  0.7183853E-15  0.1928943E+02 -0.5950614E-17 -0.5230034E-16 -0.1415394E+01  0.4500000E+02  0.6402585E+00  0.4831500E+03  0.8000000E+02
  0.1824000000000E+01  0.2771119E-15  0.7272465E-15  0.1929072E+02 -0.6380856E-17 -0.5378033E-16 -0.1434775E+01  0.4500000E+02  0.6402585E+00  0.4831500E+03  0.8000000E+02
  0.1832000000000E+01  0.2829277E-15  0.7269823E-15  0.1928650E+02 -0.6815896E-17 -0.5437996E-16 -0.1447663E+01  0.4500000E+02  0.6402585E+00  0.4831500E+03  0.8000000E+02
  0.1840000000000E+01  0.2886618E-15  0.7167650E-15  0.1927640E+02 -0.7247788E-17 -0.5398647E-16 -0.1453355E+01  0.4500000E+02  0.6402585E+00  0.4831500E+03  0.8000000E+02
  0.1848000000000E+01  0.2942334E-15  0.6964476E-15  0.1926019E+02 -0.7668283E-17 -0.5256193E-16 -0.1451321E+01  0.4500000E+02  0.6402585E+00  0.4831500E+03  0.8000000E+02
  0.1856000000000E+01  0.2995664E-15  0.6666271E-15  0.1923781E+02 -0.8069514E-17 -0.5015384E-16 -0.1441232E+01  0.4500000E+02  0.6402585E+00  0.4831500E+03  0.8000000E+02
  0.1864000000000E+01  0.3045952E-15  0.6285979E-15  0.1920936E+02 -0.8444649E-17 -0.4689191E-16 -0.1422969E+01  0.4500000E+02  0.6402585E+00  0.4831500E+03  0.8000000E+02
  0.1872000000000E+01  0.3092688E-15  0.5842016E-15  0.1917513E+02 -0.8788418E-17 -0.4297110E-16 -0.1396633E+01  0.4500000E+02  0.6402585E+00  0.4831500E+03  0.8000000E+02
  0.1880000000000E+01  0.3135536E-15  0.5356007E-15  0.1913556E+02 -0.9097415E-17 -0.3862465E-16 -0.1362532E+01  0.4500000E+02  0.6402585E+00  0.4831500E+03  0.8000000E+02
  0.1888000000000E+01  0.3174338E-15  0.4850252E-15  0.1909124E+02 -0.9370161E-17 -0.3409327E-16 -0.1321168E+01  0.4500000E+02  0.6402585E+00  0.4831500E+03  0.8000000E+02
  0.1896000000000E+01  0.3209102E-15  0.4345404E-15  0.1904285E+02 -0.9606938E-17 -0.2959709E-16 -0.1273203E+01  0.4500000E+02  0.6402585E+00  0.4831500E+03  0.8000000E+02
  0.1904000000000E+01  0.3239971E-15  0.3858743E-15  0.1899119E+02 -0.9809461E-17 -0.2531538E-16 -0.1219435E+01  0.4500000E+02  0.6402585E+00  0.4831500E+03  0.8000000E+02
  0.1912000000000E+01  0.3267197E-15  0.3403228E-15  0.1893708E+02 -0.9980472E-17 -0.2137634E-16 -0.1160751E+01  0.4500000E+02  0.6402585E+00  0.4831500E+03  0.8000000E+02
  0.1920000000000E+01  0.3291096E-15  0.2987318E-15  0.1888138E+02 -0.1012332E-16 -0.1785638E-16 -0.1098098E+01  0.4500000E+02  0.6402585E+00  0.4831500E+03  0.8000000E+02
  0.1928000000000E+01  0.3312019E-15  0.2615373E-15  0.1882494E+02 -0.1024161E-16 -0.1478645E-16 -0.1032440E+01  0.4500000E+02  0.6402585E+00  0.4831500E+03  0.8000000E+02
  0.1936000000000E+01  0.3330326E-15  0.2288416E-15  0.1876858E+02 -0.1033891E-16 -0.1216219E-16 -0.9647302E+00  0.4500000E+02  0.6402585E+00  0.4831500E+03  0.8000000E+02
  0.1944000000000E+01  0.3346366E-15  0.2005023E-15  0.1871305E+02 -0.1041855E-16 -0.9955080E-17 -0.8958807E+00  0.4500000E+02  0.6402585E+00  0.4831500E+03  0.8000000E+02
  0.1952000000000E+01  0.3360464E-15  0.1762178E-15  0.1865905E+02 -0.1048353E-16 -0.8122475E-17 -0.8267437E+00  0.4500000E+02  0.6402585E+00  0.4831500E+03  0.8000000E+02
  0.1960000000000E+01  0.3372912E-15  0.1555985E-15  0.1860721E+02 -0.1053646E-16 -0.6615637E-17 -0.7580957E+00  0.4500000E+02  0.6402585E+00  0.4831500E+03  0.8000000E+02
  0.1968000000000E+01  0.3383969E-15  0.1382215E-15  0.1855806E+02 -0.1057954E-16 -0.5385369E-17 -0.6906278E+00  0.4500000E+02  0.6402585E+00  0.4831500E+03  0.8000000E+02
  0.1976000000000E+01  0.3393863E-15  0.1236675E-15  0.1851206E+02 -0.1061462E-16 -0.4385559E-17 -0.6249414E+00  0.4500000E+02  0.6402585E+00  0.4831500E+03  0.8000000E+02
  0.1984000000000E+01  0.3402786E-15  0.1115443E-15  0.1846958E+02 -0.1064323E-16 -0.3575065E-17 -0.5615473E+00  0.4500000E+02  0.6402585E+00  0.4831500E+03  0.8000000E+02
  0.1992000000000E+01  0.3410906E-15  0.1014983E-15  0.1843089E+02 -0.1066657E-16 -0.2918436E-17 -0.5008668E+00  0.4500000E+02  0.6402585E+00  0.4831500E+03  0.8000000E+02
  0.2000000000000E+01  0.3418904E-15  0.9996726E-16  0.1839620E+02 -0.1068704E-16 -0.2558573E-17 -0.4432359E+00  0.4500000E+02  0.6402585E+00  0.4831500E+03  0.8000000E+02
  0.2008000000000E+01  0.3426902E-15  0.9997450E-16  0.1836564E+02 -0.1070511E-16 -0.2258009E-17 -0.3889104E+00  0.4500000E+02  0.6402585E+00  0.4831500E+03  0.8000000E+02
  0.2016000000000E+01  0.3434900E-15  0.9998050E-16  0.1833926E+02 -0.1072091E-16 -0.1974997E-17 -0.3380718E+00  0.4500000E+02  0.6402585E+00  0.4831500E+03  0.8000000E+02
  0.2024000000000E+01  0.3442899E-15  0.9998538E-16  0.1831707E+02 -0.1073458E-16 -0.1709680E-17 -0.2908349E+00  0.4500000E+02  0.6402585E+00  0.4831500E+03  0.8000000E+02
  0.2032000000000E+01  0.3450898E-15  0.9998929E-16  0.1829900E+02 -0.1074629E-16 -0.1463726E-17 -0.2472559E+00  0.4500000E+02  0.6402585E+00  0.4831500E+03  0.8000000E+02
  0.2040000000000E+01  0.3458897E-15  0.9999235E-16  0.1828498E+02 -0.1075619E-16 -0.1236570E-17 -0.2073399E+00  0.4500000E+02  0.6402585E+00  0.4831500E+03  0.8000000E+02
  0.2048000000000E+01  0.3466897E-15  0.9999470E-16  0.1827487E+02 -0.1076442E-16 -0.1029298E-17 -0.1710494E+00  0.4500000E+02  0.6402585E+00  0.4831500E+03  0.8000000E+02
  0.2056000000000E+01  0.3474897E-15  0.9999647E-16  0.1826854E+02 -0.1077115E-16 -0.8407843E-18 -0.1383115E+00  0.4500000E+02  0.6402585E+00  0.4831500E+03  0.8000000E+02
  0.2064000000000E+01  0.3482896E-15  0.9999774E-16  0.1826580E+02 -0.1077652E-16 -0.6717018E-18 -0.1090249E+00  0.4500000E+02  0.6402585E+00  0.4831500E+03  0.8000000E+02
  0.2072000000000E+01  0.3490896E-15  0.9999865E-16  0.1826648E+02 -0.1078068E-16 -0.5205149E-18 -0.8306607E-01  0.4500000E+02  0.6402585E+00  0.4831500E+03  0.8000000E+02
  0.2080000000000E+01  0.3498896E-15  0.9999925E-16  0.1827037E+02 -0.1078378E-16 -0.3876337E-18 -0.6029468E-01  0.4500000E+02  0.6402585E+00  0.4831500E+03  0.8000000E+02
  0.2088000000000E+01  0.3506896E-15  0.9999963E-16  0.1827725E+02 -0.1078595E-16 -0.2712459E-18 -0.4055908E-01  0.4500000E+02  0.6402585E+00  0.4831500E+03  0.8000000E+02
  0.2096000000000E+01  0.3514896E-15  0.9999985E-16  0.1828692E+02 -0.1078733E-16 -0.1716320E-18 -0.2370105E-01  0.4500000E+02  0.6402585E+00  0.4831500E+03  0.8000000E+02
  0.2104000000000E+01  0.3522896E-15  0.9999996E-16  0.1829916E+02 -0.1078802E-16 -0.8682459E-19 -0.9560087E-02  0.4500000E+02  0.6402585E+00  0.4831500E+03  0.8000000E+02
  0.2112000000000E+01  0.3530896E-15  0.1000000E-15  0.1831375E+02 -0.1078816E-16 -0.1708719E-19  0.2022909E-02  0.4500000E+02  0.6402585E+00  0.4831500E+03  0.8000000E+02
  0.2120000000000E+01  0.3538896E-15  0.9999999E-16  0.1833050E+02 -0.1078784E-16  0.3960064E-19  0.1120305E-01  0.4500000E+02  0.6402585E+00  0.4831500E+03  0.8000000E+02
  0.2128000000000E+01  0.3546896E-15  0.9999997E-16  0.1834923E+02 -0.1078718E-16  0.8291572E-19  0.1812985E-01  0.4500000E+02  0.6402585E+00  0.4831500E+03  0.8000000E+02
  0.2136000000000E+01  0.3554896E-15  0.9999993E-16  0.1836975E+02 -0.1078626E-16  0.1148685E-18  0.2294653E-01  0.4500000E+02  0.6402585E+00  0.4831500E+03  0.8000000E+02
  0.2144000000000E+01  0.3562896E-15  0.9999991E-16  0.1839191E+02 -0.1078518E-16  0.1350489E-18  0.2578996E-01  0.4500000E+02  0.6402585E+00  0.4831500E+03  0.8000000E+02
  0.2152000000000E+01  0.3570896E-15  0.9999989E-16  0.1841555E+02 -0.1078402E-16  0.1454326E-18  0.2679088E-01  0.4500000E+02  0.6402585E+00  0.4831500E+03  0.8000000E+02
  0.2160000000000E+01  0.3578896E-15  0.9999989E-16  0.1844050E+02 -0.1078285E-16  0.1455266E-18  0.2607392E-01  0.4500000E+02  0.6402585E+00  0.4831500E+03  0.8000000E+02
  0.2168000000000E+01  0.3586896E-15  0.9999991E-16  0.1846664E+02 -0.1078175E-16  0.1372585E-18  0.2375755E-01  0.4500000E+02  0.6402585E+00  0.4831500E+03  0.8000000E+02
  0.2176000000000E+01  0.3595511E-15  0.1076850E-15  0.1849383E+02 -0.1078072E-16  0.1292858E-18  0.1995372E-01  0.4500000E+02  0.6402585E+00  0.4831500E+03  0.8000000E+02
  0.2184000000000E+01  0.3604538E-15  0.1128394E-15  0.1852193E+02 -0.1077986E-16  0.1080353E-18  0.1476758E-01  0.4500000E+02  0.6402585E+00  0.4831500E+03  0.8000000E+02
  0.2192000000000E+01  0.3614299E-15  0.1220077E-15  0.1855083E+02 -0.1077923E-16  0.7777790E-19  0.8297402E-02  0.4500000E+02  0.6402585E+00  0.4831500E+03  0.8000000E+02
  0.2200000000000E+01  0.3624563E-15  0.1283041E-15  0.1858043E+02 -0.1077897E-16  0.3301353E-19  0.6347294E-03  0.4500000E+02  0.6402585E+00  0.4831500E+03  0.8000000E+02
  0.2208000000000E+01  0.3635696E-15  0.1391597E-15  0.1861063E+02 -0.1077918E-16 -0.2623802E-19 -0.8135141E-02  0.4500000E+02  0.6402585E+00  0.4831500E+03  0.8000000E+02
  0.2216000000000E+01  0.3647435E-15  0.1467352E-15  0.1864134E+02 -0.1077998E-16 -0.1005697E-18 -0.1793261E-01  0.4500000E+02  0.6402585E+00  0.4831500E+03  0.8000000E+02
  0.2224000000000E+01  0.3660196E-15  0.1595205E-15  0.1867251E+02 -0.1078156E-16 -0.1974897E-18 -0.2868325E-01  0.4500000E+02  0.6402585E+00  0.4831500E+03  0.8000000E+02
  0.2232000000000E+01  0.3673680E-15  0.1685411E-15  0.1870404E+02 -0.1078404E-16 -0.3090754E-18 -0.4031744E-01  0.4500000E+02  0.6402585E+00  0.4831500E+03  0.8000000E+02
  0.2240000000000E+01  0.3688363E-15  0.1835407E-15  0.1873590E+02 -0.1078767E-16 -0.4545579E-18 -0.5277013E-01  0.4500000E+02  0.6402585E+00  0.4831500E+03  0.8000000E+02
  0.2248000000000E+01  0.3703899E-15  0.1942022E-15  0.1876802E+02 -0.1079258E-16 -0.6128989E-18 -0.6598063E-01  0.4500000E+02  0.6402585E+00  0.4831500E+03  0.8000000E+02
  0.2256000000000E+01  0.3720839E-15  0.2117437E-15  0.1880036E+02 -0.1079914E-16 -0.8203903E-18 -0.7989240E-01  0.4500000E+02  0.6402585E+00  0.4831500E+03  0.8000000E+02
  0.2264000000000E+01  0.3738780E-15  0.2242676E-15  0.1883285E+02 -0.1080744E-16 -0.1037028E-17 -0.9445276E-01  0.4500000E+02  0.6402585E+00  0.4831500E+03  0.8000000E+02
  0.2272000000000E+01  0.3758357E-15  0.2447181E-15  0.1886547E+02 -0.1081802E-16 -0.1322886E-17 -0.1096125E+00  0.4500000E+02  0.6402585E+00  0.4831500E+03  0.8000000E+02
  0.2280000000000E+01  0.3779105E-15  0.2593461E-15  0.1889817E+02 -0.1083091E-16 -0.1611609E-17 -0.1253257E+00  0.4500000E+02  0.6402585E+00  0.4831500E+03  0.8000000E+02
  0.2288000000000E+01  0.3801754E-15  0.2831127E-15  0.1893091E+02 -0.1084687E-16 -0.1995455E-17 -0.1415495E+00  0.4500000E+02  0.6402585E+00  0.4831500E+03  0.8000000E+02
  0.2296000000000E+01  0.3825763E-15  0.3001135E-15  0.1896366E+02 -0.1086585E-16 -0.2372536E-17 -0.1582443E+00  0.4500000E+02  0.6402585E+00  0.4831500E+03  0.8000000E+02
  0.2304000000000E+01  0.3851976E-15  0.3276597E-15  0.1899640E+02 -0.1088888E-16 -0.2877784E-17 -0.1753741E+00  0.4500000E+02  0.6402585E+00  0.4831500E+03  0.8000000E+02
  0.2312000000000E+01  0.3879764E-15  0.3473491E-15  0.1902912E+02 -0.1091578E-16 -0.3362504E-17 -0.1929063E+00  0.4500000E+02  0.6402585E+00  0.4831500E+03  0.8000000E+02
  0.2320000000000E+01  0.3910102E-15  0.3792209E-15  0.1906180E+02 -0.1094792E-16 -0.4017254E-17 -0.2108118E+00  0.4500000E+02  0.6402585E+00  0.4831500E+03  0.8000000E+02
  0.2328000000000E+01  0.3942260E-15  0.4019797E-15  0.1909444E+02 -0.1098498E-16 -0.4632691E-17 -0.2290644E+00  0.4500000E+02  0.6402585E+00  0.4831500E+03  0.8000000E+02
  0.2336000000000E+01  0.3977365E-15  0.4388151E-15  0.1912702E+02 -0.1102874E-16 -0.5470768E-17 -0.2476408E+00  0.4500000E+02  0.6402585E+00  0.4831500E+03  0.8000000E+02
  0.2344000000000E+01  0.4014571E-15  0.4650784E-15  0.1915953E+02 -0.1107870E-16 -0.6244403E-17 -0.2665191E+00  0.4500000E+02  0.6402585E+00  0.4831500E+03  0.8000000E+02
  0.2352000000000E+01  0.4055179E-15  0.5075901E-15  0.1919197E+02 -0.1113715E-16 -0.7305992E-17 -0.2856782E+00  0.4500000E+02  0.6402585E+00  0.4831500E+03  0.8000000E+02
  0.2360000000000E+01  0.4098205E-15  0.5378238E-15  0.1922430E+02 -0.1120330E-16 -0.8269825E-17 -0.3050982E+00  0.4500000E+02  0.6402585E+00  0.4831500E+03  0.8000000E+02
  0.2368000000000E+01  0.4145148E-15  0.5867876E-15  0.1925652E+02 -0.1128012E-16 -0.9601857E-17 -0.3247591E+00  0.4500000E+02  0.6402585E+00  0.4831500E+03  0.8000000E+02
  0.2376000000000E+01  0.4194867E-15  0.6214948E-15  0.1928863E+02 -0.1136646E-16 -0.1079268E-16 -0.3446422E+00  0.4500000E+02  0.6402585E+00  0.4831500E+03  0.8000000E+02
  0.2384000000000E+01  0.4249090E-15  0.6777840E-15  0.1932061E+02 -0.1146606E-16 -0.1244993E-16 -0.3647294E+00  0.4500000E+02  0.6402585E+00  0.4831500E+03  0.8000000E+02
  0.2392000000000E+01  0.4306494E-15  0.7175541E-15  0.1935247E+02 -0.1157735E-16 -0.1391066E-16 -0.3850040E+00  0.4500000E+02  0.6402585E+00  0.4831500E+03  0.8000000E+02
  0.2400000000000E+01  0.4369070E-15  0.7822007E-15  0.1938422E+02 -0.1170501E-16 -0.1595797E-16 -0.4054503E+00  0.4500000E+02  0.6402585E+00  0.4831500E+03  0.8000000E+02
  0.2408000000000E+01  0.4435291E-15  0.8277543E-15  0.1941585E+02 -0.1184693E-16 -0.1773960E-16 -0.4260535E+00  0.4500000E+02  0.6402585E+00  0.4831500E+03  0.8000000E+02
  0.2416000000000E+01  0.4507449E-15  0.9019799E-15  0.1944738E+02 -0.1200896E-16 -0.2025412E-16 -0.4467990E+00  0.4500000E+02  0.6402585E+00  0.4831500E+03  0.8000000E+02
  0.2424000000000E+01  0.4583782E-15  0.9541638E-15  0.1947881E+02 -0.1218829E-16 -0.2241682E-16 -0.4676721E+00  0.4500000E+02  0.6402585E+00  0.4831500E+03  0.8000000E+02
  0.2432000000000E+01  0.4666931E-15  0.1039363E-14  0.1951014E+02 -0.1239221E-16 -0.2548921E-16 -0.4886576E+00  0.4500000E+02  0.6402585E+00  0.4831500E+03  0.8000000E+02
  0.2440000000000E+01  0.4754861E-15  0.1099122E-14  0.1954137E+02 -0.1261703E-16 -0.2810255E-16 -0.5097401E+00  0.4500000E+02  0.6402585E+00  0.4831500E+03  0.8000000E+02
  0.2448000000000E+01  0.4850610E-15  0.1196863E-14  0.1957250E+02 -0.1287173E-16 -0.3183798E-16 -0.5309034E+00  0.4500000E+02  0.6402585E+00  0.4831500E+03  0.8000000E+02
  0.2456000000000E+01  0.4951831E-15  0.1265265E-14  0.1960354E+02 -0.1315159E-16 -0.3498216E-16 -0.5521320E+00  0.4500000E+02  0.6402585E+00  0.4831500E+03  0.8000000E+02
  0.2464000000000E+01  0.5062020E-15  0.1377363E-14  0.1963451E+02 -0.1346762E-16 -0.3950379E-16 -0.5734107E+00  0.4500000E+02  0.6402585E+00  0.4831500E+03  0.8000000E+02
  0.2472000000000E+01  0.5178477E-15  0.1455709E-14  0.1966541E+02 -0.1381381E-16 -0.4327398E-16 -0.5947250E+00  0.4500000E+02  0.6402585E+00  0.4831500E+03  0.8000000E+02
  0.2480000000000E+01  0.5305228E-15  0.1584384E-14  0.1969626E+02 -0.1420365E-16 -0.4872984E-16 -0.6160616E+00  0.4500000E+02  0.6402585E+00  0.4831500E+03  0.8000000E+02
  0.2488000000000E+01  0.5439175E-15  0.1674344E-14  0.1972710E+02 -0.1462959E-16 -0.5324286E-16 -0.6374076E+00  0.4500000E+02  0.6402585E+00  0.4831500E+03  0.8000000E+02
  0.2496000000000E+01  0.5584963E-15  0.1822348E-14  0.1975794E+02 -0.1510810E-16 -0.5981373E-16 -0.6587502E+00  0.4500000E+02  0.6402585E+00  0.4831500E+03  0.8000000E+02
  0.2504000000000E+01  0.5739044E-15  0.1926015E-14  0.1978880E+02 -0.1562981E-16 -0.6521315E-16 -0.6800760E+00  0.4500000E+02  0.6402585E+00  0.4831500E+03  0.8000000E+02
  0.2512000000000E+01  0.5906777E-15  0.2096659E-14  0.1981970E+02 -0.1621475E-16 -0.7311757E-16 -0.7013713E+00  0.4500000E+02  0.6402585E+00  0.4831500E+03  0.8000000E+02
  0.2520000000000E+01  0.6084098E-15  0.2216510E-14  0.1985065E+02 -0.1685135E-16 -0.7957527E-16 -0.7226210E+00  0.4500000E+02  0.6402585E+00  0.4831500E+03  0.8000000E+02
  0.2528000000000E+01  0.6277190E-15  0.2413653E-14  0.1988167E+02 -0.1756393E-16 -0.8907262E-16 -0.7438098E+00  0.4500000E+02  0.6402585E+00  0.4831500E+03  0.8000000E+02
  0.2536000000000E+01  0.6481394E-15  0.2552553E-14  0.1991276E+02 -0.1833826E-16 -0.9679130E-16 -0.7649224E+00  0.4500000E+02  0.6402585E+00  0.4831500E+03  0.8000000E+02
  0.2544000000000E+01  0.6703851E-15  0.2780715E-14  0.1994394E+02 -0.1920378E-16 -0.1081893E-15 -0.7859432E+00  0.4500000E+02  0.6402585E+00  0.4831500E+03  0.8000000E+02
  0.2552000000000E+01  0.6939217E-15  0.2942070E-14  0.1997521E+02 -0.2014306E-16 -0.1174110E-15 -0.8068567E+00  0.4500000E+02  0.6402585E+00  0.4831500E+03  0.8000000E+02
  0.2560000000000E+01  0.7195748E-15  0.3206642E-14  0.2000660E+02 -0.2119169E-16 -0.1310787E-15 -0.8276474E+00  0.4500000E+02  0.6402585E+00  0.4831500E+03  0.8000000E+02
  0.2568000000000E+01  0.7467313E-15  0.3394555E-14  0.2003810E+02 -0.2232845E-16 -0.1420946E-15 -0.8482992E+00  0.4500000E+02  0.6402585E+00  0.4831500E+03  0.8000000E+02
  0.2576000000000E+01  0.7763470E-15  0.3701969E-14  0.2006973E+02 -0.2359625E-16 -0.1584744E-15 -0.8687964E+00  0.4500000E+02  0.6402585E+00  0.4831500E+03  0.8000000E+02
  0.2584000000000E+01  0.8077178E-15  0.3921341E-14  0.2010150E+02 -0.2496931E-16 -0.1716334E-15 -0.8891245E+00  0.4500000E+02  0.6402585E+00  0.4831500E+03  0.8000000E+02
  0.2592000000000E+01  0.8419519E-15  0.4279273E-14  0.2013341E+02 -0.2649936E-16 -0.1912561E-15 -0.9092714E+00  0.4500000E+02  0.6402585E+00  0.4831500E+03  0.8000000E+02
  0.2600000000000E+01  0.8782403E-15  0.4536041E-14  0.2016549E+02 -0.2815521E-16 -0.2069816E-15 -0.9292281E+00  0.4500000E+02  0.6402585E+00  0.4831500E+03  0.8000000E+02
  0.2608000000000E+01  0.9178705E-15  0.4953775E-14  0.2019773E+02 -0.2999917E-16 -0.2304939E-15 -0.9489881E+00  0.4500000E+02  0.6402585E+00  0.4831500E+03  0.8000000E+02
  0.2616000000000E+01  0.9599116E-15  0.5255145E-14  0.2023015E+02 -0.3199361E-16 -0.2493055E-15 -0.9685469E+00  0.4500000E+02  0.6402585E+00  0.4831500E+03  0.8000000E+02
  0.2624000000000E+01  0.1005861E-14  0.5743715E-14  0.2026274E+02 -0.3421352E-16 -0.2774887E-15 -0.9879009E+00  0.4500000E+02  0.6402585E+00  0.4831500E+03  0.8000000E+02
  0.2632000000000E+01  0.1054645E-14  0.6098015E-14  0.2029551E+02 -0.3661354E-16 -0.3000029E-15 -0.1007047E+01  0.4500000E+02  0.6402585E+00  0.4831500E+03  0.8000000E+02
  0.2640000000000E+01  0.1108006E-14  0.6670116E-14  0.2032844E+02 -0.3928377E-16 -0.3337780E-15 -0.1025986E+01  0.4500000E+02  0.6402585E+00  0.4831500E+03  0.8000000E+02
  0.2648000000000E+01  0.1164702E-14  0.7086979E-14  0.2036154E+02 -0.4216956E-16 -0.3607242E-15 -0.1044721E+01  0.4500000E+02  0.6402585E+00  0.4831500E+03  0.8000000E+02
  0.2656000000000E+01  0.1226766E-14  0.7757973E-14  0.2039483E+02 -0.4537930E-16 -0.4012170E-15 -0.1063264E+01  0.4500000E+02  0.6402585E+00  0.4831500E+03  0.8000000E+02
  0.2664000000000E+01  0.1292766E-14  0.8249982E-14  0.2042835E+02 -0.4884763E-16 -0.4335423E-15 -0.1081631E+01  0.4500000E+02  0.6402585E+00  0.4831500E+03  0.8000000E+02
  0.2672000000000E+01  0.1365086E-14  0.9039985E-14  0.2046210E+02 -0.5270544E-16 -0.4822257E-15 -0.1099842E+01  0.4500000E+02  0.6402585E+00  0.4831500E+03  0.8000000E+02
  0.2680000000000E+01  0.1442077E-14  0.9623949E-14  0.2049612E+02 -0.5687501E-16 -0.5211964E-15 -0.1117914E+01  0.4500000E+02  0.6402585E+00  0.4831500E+03  0.8000000E+02
  0.2688000000000E+01  0.1526541E-14  0.1055801E-13  0.2053040E+02 -0.6151449E-16 -0.5799353E-15 -0.1135862E+01  0.4500000E+02  0.6402585E+00  0.4831500E+03  0.8000000E+02
  0.2696000000000E+01  0.1616569E-14  0.1125351E-13  0.2056494E+02 -0.6653110E-16 -0.6270753E-15 -0.1153694E+01  0.4500000E+02  0.6402585E+00  0.4831500E+03  0.8000000E+02
  0.2704000000000E+01  0.1715450E-14  0.1236010E-13  0.2059973E+02 -0.7211555E-16 -0.6980569E-15 -0.1171418E+01  0.4500000E+02  0.6402585E+00  0.4831500E+03  0.8000000E+02
  0.2712000000000E+01  0.1820966E-14  0.1318946E-13  0.2063479E+02 -0.7815677E-16 -0.7551519E-15 -0.1189045E+01  0.4500000E+02  0.6402585E+00  0.4831500E+03  0.8000000E+02
  0.2720000000000E+01  0.1936998E-14  0.1450398E-13  0.2067016E+02 -0.8488565E-16 -0.8411111E-15 -0.1206596E+01  0.4500000E+02  0.6402585E+00  0.4831500E+03  0.8000000E+02
  0.2728000000000E+01  0.2060988E-14  0.1549877E-13  0.2070589E+02 -0.9217074E-16 -0.9106358E-15 -0.1224095E+01  0.4500000E+02  0.6402585E+00  0.4831500E+03  0.8000000E+02
  0.2736000000000E+01  0.2197562E-14  0.1707179E-13  0.2074205E+02 -0.1002942E-15 -0.1015435E-14 -0.1241569E+01  0.4500000E+02  0.6402585E+00  0.4831500E+03  0.8000000E+02
  0.2744000000000E+01  0.2343789E-14  0.1827830E-13  0.2077868E+02 -0.1091021E-15 -0.1100982E-14 -0.1259043E+01  0.4500000E+02  0.6402585E+00  0.4831500E+03  0.8000000E+02
  0.2752000000000E+01  0.2505204E-14  0.2017698E-13  0.2081582E+02 -0.1189405E-15 -0.1229805E-14 -0.1276532E+01  0.4500000E+02  0.6402585E+00  0.4831500E+03  0.8000000E+02
  0.2760000000000E+01  0.2678419E-14  0.2165183E-13  0.2085345E+02 -0.1296276E-15 -0.1335891E-14 -0.1294048E+01  0.4500000E+02  0.6402585E+00  0.4831500E+03  0.8000000E+02
  0.2768000000000E+01  0.2870061E-14  0.2395527E-13  0.2089159E+02 -0.1415879E-15 -0.1495029E-14 -0.1311599E+01  0.4500000E+02  0.6402585E+00  0.4831500E+03  0.8000000E+02
  0.2776000000000E+01  0.3076185E-14  0.2576540E-13  0.2093026E+02 -0.1546051E-15 -0.1627153E-14 -0.1329203E+01  0.4500000E+02  0.6402585E+00  0.4831500E+03  0.8000000E+02
  0.2784000000000E+01  0.3304792E-14  0.2857599E-13  0.2096954E+02 -0.1692038E-15 -0.1824838E-14 -0.1346887E+01  0.4500000E+02  0.6402585E+00  0.4831500E+03  0.8000000E+02
  0.2792000000000E+01  0.3551352E-14  0.3081990E-13  0.2100952E+02 -0.1851319E-15 -0.1991013E-14 -0.1364686E+01  0.4500000E+02  0.6402585E+00  0.4831500E+03  0.8000000E+02
  0.2800000000000E+01  0.3825680E-14  0.3429108E-13  0.2105030E+02 -0.2030480E-15 -0.2239513E-14 -0.1382639E+01  0.4500000E+02  0.6402585E+00  0.4831500E+03  0.8000000E+02
  0.2808000000000E+01  0.4122632E-14  0.3711897E-13  0.2109196E+02 -0.2226634E-15 -0.2451921E-14 -0.1400774E+01  0.4500000E+02  0.6402585E+00  0.4831500E+03  0.8000000E+02
  0.2816000000000E+01  0.4454347E-14  0.4146440E-13  0.2113452E+02 -0.2448116E-15 -0.2768531E-14 -0.1419108E+01  0.4500000E+02  0.6402585E+00  0.4831500E+03  0.8000000E+02
  0.2824000000000E+01  0.4814903E-14  0.4506944E-13  0.2117798E+02 -0.2691576E-15 -0.3043242E-14 -0.1437646E+01  0.4500000E+02  0.6402585E+00  0.4831500E+03  0.8000000E+02
  0.2832000000000E+01  0.5219326E-14  0.5055284E-13  0.2122234E+02 -0.2967569E-15 -0.3449914E-14 -0.1456387E+01  0.4500000E+02  0.6402585E+00  0.4831500E+03  0.8000000E+02
  0.2840000000000E+01  0.5660702E-14  0.5517207E-13  0.2126761E+02 -0.3272145E-15 -0.3807204E-14 -0.1475336E+01  0.4500000E+02  0.6402585E+00  0.4831500E+03  0.8000000E+02
  0.2848000000000E+01  0.6157843E-14  0.6214259E-13  0.2131386E+02 -0.3618818E-15 -0.4333406E-14 -0.1494504E+01  0.4500000E+02  0.6402585E+00  0.4831500E+03  0.8000000E+02
  0.2856000000000E+01  0.6702855E-14  0.6812658E-13  0.2136123E+02 -0.4003072E-15 -0.4803181E-14 -0.1513917E+01  0.4500000E+02  0.6402585E+00  0.4831500E+03  0.8000000E+02
  0.2864000000000E+01  0.7319841E-14  0.7712322E-13  0.2140987E+02 -0.4442611E-15 -0.5494231E-14 -0.1533604E+01  0.4500000E+02  0.6402585E+00  0.4831500E+03  0.8000000E+02
  0.2872000000000E+01  0.8000132E-14  0.8503629E-13  0.2145989E+02 -0.4932562E-15 -0.6124397E-14 -0.1553592E+01  0.4500000E+02  0.6402585E+00  0.4831500E+03  0.8000000E+02
  0.2880000000000E+01  0.8775152E-14  0.9687761E-13  0.2151140E+02 -0.5496532E-15 -0.7049615E-14 -0.1573900E+01  0.4500000E+02  0.6402585E+00  0.4831500E+03  0.8000000E+02
  0.2888000000000E+01  0.9635448E-14  0.1075370E-12  0.2156441E+02 -0.6129388E-15 -0.7910705E-14 -0.1594540E+01  0.4500000E+02  0.6402585E+00  0.4831500E+03  0.8000000E+02
  0.2896000000000E+01  0.1062226E-13  0.1233511E-12  0.2161892E+02 -0.6862810E-15 -0.9167771E-14 -0.1615514E+01  0.4500000E+02  0.6402585E+00  0.4831500E+03  0.8000000E+02
  0.2904000000000E+01  0.1172512E-13  0.1378575E-12  0.2167493E+02 -0.7691392E-15 -0.1035727E-13 -0.1636825E+01  0.4500000E+02  0.6402585E+00  0.4831500E+03  0.8000000E+02
  0.2912000000000E+01  0.1299881E-13  0.1592111E-12  0.2173249E+02 -0.8658154E-15 -0.1208453E-13 -0.1658478E+01  0.4500000E+02  0.6402585E+00  0.4831500E+03  0.8000000E+02
  0.2920000000000E+01  0.1443239E-13  0.1791984E-12  0.2179175E+02 -0.9758046E-15 -0.1374865E-13 -0.1680485E+01  0.4500000E+02  0.6402585E+00  0.4831500E+03  0.8000000E+02
  0.2928000000000E+01  0.1610080E-13  0.2085510E-12  0.2185290E+02 -0.1105118E-14 -0.1616418E-13 -0.1702865E+01  0.4500000E+02  0.6402585E+00  0.4831500E+03  0.8000000E+02
  0.2936000000000E+01  0.1799482E-13  0.2367521E-12  0.2191615E+02 -0.1253495E-14 -0.1854712E-13 -0.1725632E+01  0.4500000E+02  0.6402585E+00  0.4831500E+03  0.8000000E+02
  0.2944000000000E+01  0.2022018E-13  0.2781704E-12  0.2198169E+02 -0.1429598E-14 -0.2201294E-13 -0.1748793E+01  0.4500000E+02  0.6402585E+00  0.4831500E+03  0.8000000E+02
  0.2952000000000E+01  0.2277272E-13  0.3190670E-12  0.2204963E+02 -0.1633745E-14 -0.2551827E-13 -0.1772345E+01  0.4500000E+02  0.6402585E+00  0.4831500E+03  0.8000000E+02
  0.2960000000000E+01  0.2580440E-13  0.3789602E-12  0.2212000E+02 -0.1878645E-14 -0.3061257E-13 -0.1796275E+01  0.4500000E+02  0.6402585E+00  0.4831500E+03  0.8000000E+02
  0.2968000000000E+01  0.2932016E-13  0.4394695E-12  0.2219281E+02 -0.2165637E-14 -0.3587398E-13 -0.1820576E+01  0.4500000E+02  0.6402585E+00  0.4831500E+03  0.8000000E+02
  0.2976000000000E+01  0.3354210E-13  0.5277428E-12  0.2226812E+02 -0.2513683E-14 -0.4350570E-13 -0.1845231E+01  0.4500000E+02  0.6402585E+00  0.4831500E+03  0.8000000E+02
  0.2984000000000E+01  0.3849360E-13  0.6189381E-12  0.2234608E+02 -0.2926093E-14 -0.5155127E-13 -0.1870203E+01  0.4500000E+02  0.6402585E+00  0.4831500E+03  0.8000000E+02
  0.2992000000000E+01  0.4451104E-13  0.7521801E-12  0.2242694E+02 -0.3432123E-14 -0.6325381E-13 -0.1895432E+01  0.4500000E+02  0.6402585E+00  0.4831500E+03  0.8000000E+02
  0.3000000000000E+01  0.5166078E-13  0.8937174E-12  0.2251100E+02 -0.4039396E-14 -0.7590908E-13 -0.1920871E+01  0.4500000E+02  0.6402585E+00  0.4831500E+03  0.8000000E+02
  0.3008000000000E+01  0.6047476E-13  0.1101747E-11  0.2259854E+02 -0.4794954E-14 -0.9444477E-13 -0.1946535E+01  0.4500000E+02  0.6402585E+00  0.4831500E+03  0.8000000E+02
  0.3016000000000E+01  0.7111160E-13  0.1329605E-11  0.2268983E+02 -0.5715537E-14 -0.1150729E-12 -0.1972490E+01  0.4500000E+02  0.6402585E+00  0.4831500E+03  0.8000000E+02
  0.3024000000000E+01  0.8444656E-13  0.1666870E-11  0.2278515E+02 -0.6879908E-14 -0.1455464E-12 -0.1998735E+01  0.4500000E+02  0.6402585E+00  0.4831500E+03  0.8000000E+02
  0.3032000000000E+01  0.1008317E-12  0.2048141E-11  0.2288471E+02 -0.8323817E-14 -0.1804886E-12 -0.2025128E+01  0.4500000E+02  0.6402585E+00  0.4831500E+03  0.8000000E+02
  0.3040000000000E+01  0.1217647E-12  0.2616625E-11  0.2298857E+02 -0.1018393E-13 -0.2325142E-12 -0.2051495E+01  0.4500000E+02  0.6402585E+00  0.4831500E+03  0.8000000E+02
  0.3048000000000E+01  0.1479818E-12  0.3277135E-11  0.2309670E+02 -0.1253344E-13 -0.2936888E-12 -0.2077828E+01  0.4500000E+02  0.6402585E+00  0.4831500E+03  0.8000000E+02
  0.3056000000000E+01  0.1821164E-12  0.4266825E-11  0.2320923E+02 -0.1561596E-13 -0.3853154E-12 -0.2104335E+01  0.4500000E+02  0.6402585E+00  0.4831500E+03  0.8000000E+02
  0.3064000000000E+01  0.2257123E-12  0.5449498E-11  0.2332666E+02 -0.1958448E-13 -0.4960647E-12 -0.2130955E+01  0.4500000E+02  0.6402585E+00  0.4831500E+03  0.8000000E+02
  0.3072000000000E+01  0.2837250E-12  0.7251582E-11  0.2344976E+02 -0.2490275E-13 -0.6647842E-12 -0.2156907E+01  0.4500000E+02  0.6402585E+00  0.4831500E+03  0.8000000E+02
  0.3080000000000E+01  0.3596848E-12  0.9494968E-11  0.2357905E+02 -0.3191262E-13 -0.8762332E-12 -0.2181313E+01  0.4500000E+02  0.6402585E+00  0.4831500E+03  0.8000000E+02
  0.3088000000000E+01  0.4635113E-12  0.1297831E-10  0.2371461E+02 -0.4154108E-13 -0.1203557E-11 -0.2204378E+01  0.4500000E+02  0.6402585E+00  0.4831500E+03  0.8000000E+02
  0.3096000000000E+01  0.6032142E-12  0.1746287E-10  0.2385666E+02 -0.5455743E-13 -0.1627044E-11 -0.2227631E+01  0.4500000E+02  0.6402585E+00  0.4831500E+03  0.8000000E+02
  0.3104000000000E+01  0.7997493E-12  0.2456689E-10  0.2400582E+02 -0.7294886E-13 -0.2298929E-11 -0.2253048E+01  0.4500000E+02  0.6402585E+00  0.4831500E+03  0.8000000E+02
  0.3112000000000E+01  0.1072899E-11  0.3414366E-10  0.2416248E+02 -0.9865998E-13 -0.3213890E-11 -0.2281988E+01  0.4500000E+02  0.6402585E+00  0.4831500E+03  0.8000000E+02
  0.3120000000000E+01  0.1470706E-11  0.4972593E-10  0.2432562E+02 -0.1363547E-12 -0.4711844E-11 -0.2314651E+01  0.4500000E+02  0.6402585E+00  0.4831500E+03  0.8000000E+02
  0.3128000000000E+01  0.2040581E-11  0.7123437E-10  0.2449413E+02 -0.1908044E-12 -0.6806212E-11 -0.2351151E+01  0.4500000E+02  0.6402585E+00  0.4831500E+03  0.8000000E+02
  0.3136000000000E+01  0.2891900E-11  0.1064149E-09  0.2468892E+02 -0.2728944E-12 -0.1026125E-10 -0.2407027E+01  0.4500000E+02  0.6402585E+00  0.4831500E+03  0.8000000E+02
  0.3144000000000E+01  0.4273215E-11  0.1726643E-09  0.2495236E+02 -0.4090265E-12 -0.1701651E-10 -0.2514130E+01  0.4500000E+02  0.6402585E+00  0.4831500E+03  0.8000000E+02
  0.3152000000000E+01  0.7132806E-11  0.3574489E-09  0.2530562E+02 -0.7033763E-12 -0.3679372E-10 -0.2690602E+01  0.4500000E+02  0.6402585E+00  0.4831500E+03  0.8000000E+02
  0.3160000000000E+01  0.1426586E-10  0.8916321E-09  0.2575792E+02 -0.1485604E-11 -0.9777846E-10 -0.2931419E+01  0.4500000E+02  0.6402585E+00  0.4831500E+03  0.8000000E+02
  0.3168000000000E+01  0.3794583E-10  0.2959996E-08  0.2636456E+02 -0.4276738E-11 -0.3488918E-09 -0.3232907E+01  0.4500000E+02  0.6402585E+00  0.4831500E+03  0.8000000E+02
  0.3176000000000E+01  0.1592003E-09  0.1515681E-07  0.2718699E+02 -0.1970671E-10 -0.1928746E-08 -0.3598252E+01  0.4500000E+02  0.6402585E+00  0.4831500E+03  0.8000000E+02
  0.3184000000000E+01  0.1248952E-08  0.1362189E-06  0.2824663E+02 -0.1693045E-09 -0.1869973E-07 -0.4025888E+01  0.4500000E+02  0.6402585E+00  0.4831500E+03  0.8000000E+02
  0.3192000000000E+01  0.1789197E-07  0.2080377E-05  0.2966488E+02 -0.2625178E-08 -0.3069842E-06 -0.4504599E+01  0.4500000E+02  0.6402583E+00  0.4831500E+03  0.8000000E+02
  0.3200000000000E+01  0.7744892E-06  0.9457466E-04  0.3153274E+02 -0.1205814E-06 -0.1474453E-04 -0.5000114E+01  0.4499998E+02  0.6402217E+00  0.4831502E+03  0.8000002E+02
  0.3208000000000E+01  0.8579026E-04  0.1062697E-01  0.3310807E+02 -0.1381361E-04 -0.1711629E-02 -0.5368593E+01  0.4499797E+02  0.6395059E+00  0.4831705E+03  0.8000203E+02
  0.3216000000000E+01  0.1084074E-02  0.1247855E+00  0.3385435E+02 -0.1767411E-03 -0.2036593E-01 -0.5537728E+01  0.4497312E+02  0.6356390E+00  0.4834211E+03  0.8002688E+02
  0.3224000000000E+01  0.4263207E-02  0.3973916E+00  0.3400517E+02 -0.6979189E-03 -0.6514723E-01 -0.5580700E+01  0.4489233E+02  0.6281496E+00  0.4842376E+03  0.8010767E+02
  0.3232000000000E+01  0.9960846E-02  0.7122049E+00  0.3374486E+02 -0.1633973E-02 -0.1170068E+00 -0.5549162E+01  0.4474733E+02  0.6185428E+00  0.4857075E+03  0.8025267E+02
  0.3240000000000E+01  0.1720998E-01  0.9061420E+00  0.3324514E+02 -0.2827187E-02 -0.1491517E+00 -0.5455665E+01  0.4456515E+02  0.6088585E+00  0.4875635E+03  0.8043485E+02
  0.3248000000000E+01  0.2463922E-01  0.9286542E+00  0.3269393E+02 -0.4042667E-02 -0.1519350E+00 -0.5270228E+01  0.4438261E+02  0.5998682E+00  0.4894371E+03  0.8061739E+02
  0.3256000000000E+01  0.3170325E-01  0.8830037E+00  0.3220869E+02 -0.5164367E-02 -0.1402126E+00 -0.4960791E+01  0.4421373E+02  0.5907015E+00  0.4911868E+03  0.8078627E+02
  0.3264000000000E+01  0.3902423E-01  0.9151226E+00  0.3177633E+02 -0.6257090E-02 -0.1365904E+00 -0.4558916E+01  0.4404290E+02  0.5799922E+00  0.4929687E+03  0.8095710E+02
  0.3272000000000E+01  0.4763858E-01  0.1076794E+01  0.3129141E+02 -0.7443294E-02 -0.1482755E+00 -0.4141311E+01  0.4384552E+02  0.5672212E+00  0.4950308E+03  0.8115448E+02
  0.3280000000000E+01  0.5802001E-01  0.1297678E+01  0.3067579E+02 -0.8761875E-02 -0.1648226E+00 -0.3765662E+01  0.4361208E+02  0.5530883E+00  0.4974708E+03  0.8138792E+02
  0.3288000000000E+01  0.6974230E-01  0.1465287E+01  0.2994732E+02 -0.1015110E-01 -0.1736537E+00 -0.3456754E+01  0.4335503E+02  0.5387683E+00  0.5001657E+03  0.8164497E+02
  0.3296000000000E+01  0.8195684E-01  0.1526818E+01  0.2918103E+02 -0.1152338E-01 -0.1715346E+00 -0.3212633E+01  0.4309566E+02  0.5248903E+00  0.5029028E+03  0.8190434E+02
  0.3304000000000E+01  0.9417020E-01  0.1526670E+01  0.2843756E+02 -0.1284047E-01 -0.1646356E+00 -0.3002957E+01  0.4284541E+02  0.5111946E+00  0.5055666E+03  0.8215459E+02
  0.3312000000000E+01  0.1065931E+00  0.1552861E+01  0.2772507E+02 -0.1412448E-01 -0.1605013E+00 -0.2783810E+01  0.4259947E+02  0.4970421E+00  0.5082045E+03  0.8240053E+02
  0.3320000000000E+01  0.1197995E+00  0.1650805E+01  0.2701027E+02 -0.1541159E-01 -0.1608896E+00 -0.2533727E+01  0.4234599E+02  0.4821640E+00  0.5109355E+03  0.8265401E+02
  0.3328000000000E+01  0.1340997E+00  0.1787519E+01  0.2626306E+02 -0.1670086E-01 -0.1611587E+00 -0.2266624E+01  0.4207975E+02  0.4669313E+00  0.5138126E+03  0.8292025E+02
  0.3336000000000E+01  0.1492412E+00  0.1892686E+01  0.2548930E+02 -0.1794939E-01 -0.1560663E+00 -0.2015722E+01  0.4180728E+02  0.4519781E+00  0.5167707E+03  0.8319272E+02
  0.3344000000000E+01  0.1646734E+00  0.1929030E+01  0.2472119E+02 -0.1911773E-01 -0.1460419E+00 -0.1812278E+01  0.4154016E+02  0.4376462E+00  0.5196934E+03  0.8345984E+02
  0.3352000000000E+01  0.1800563E+00  0.1922863E+01  0.2398591E+02 -0.2020854E-01 -0.1363515E+00 -0.1664878E+01  0.4128467E+02  0.4237910E+00  0.5225167E+03  0.8371533E+02
  0.3360000000000E+01  0.1955113E+00  0.1931881E+01  0.2328653E+02 -0.2125811E-01 -0.1311962E+00 -0.1551970E+01  0.4103803E+02  0.4100524E+00  0.5252675E+03  0.8396197E+02
  0.3368000000000E+01  0.2114172E+00  0.1988230E+01  0.2260691E+02 -0.2229808E-01 -0.1299967E+00 -0.1440980E+01  0.4079330E+02  0.3962613E+00  0.5280149E+03  0.8420670E+02
  0.3376000000000E+01  0.2279957E+00  0.2072311E+01  0.2193194E+02 -0.2332760E-01 -0.1286900E+00 -0.1315305E+01  0.4054699E+02  0.3825958E+00  0.5307938E+03  0.8445301E+02
  0.3384000000000E+01  0.2450926E+00  0.2137119E+01  0.2126291E+02 -0.2431660E-01 -0.1236242E+00 -0.1180609E+01  0.4030222E+02  0.3693953E+00  0.5335726E+03  0.8469778E+02
  0.3392000000000E+01  0.2623264E+00  0.2154220E+01  0.2061462E+02 -0.2523349E-01 -0.1146119E+00 -0.1053884E+01  0.4006536E+02  0.3568626E+00  0.5362867E+03  0.8493464E+02
  0.3400000000000E+01  0.2794226E+00  0.2137031E+01  0.2000084E+02 -0.2607194E-01 -0.1048062E+00 -0.9505720E+00  0.3984036E+02  0.3449368E+00  0.5388959E+03  0.8515964E+02
  0.3408000000000E+01  0.2964123E+00  0.2123703E+01  0.1942372E+02 -0.2685364E-01 -0.9771222E-01 -0.8751806E+00  0.3962604E+02  0.3334110E+00  0.5414106E+03  0.8537396E+02
  0.3416000000000E+01  0.3135368E+00  0.2140568E+01  0.1887461E+02 -0.2760891E-01 -0.9440879E-01 -0.8200755E+00  0.3941827E+02  0.3221424E+00  0.5438717E+03  0.8558173E+02
  0.3424000000000E+01  0.3309880E+00  0.2181401E+01  0.1834333E+02 -0.2835570E-01 -0.9334865E-01 -0.7732864E+00  0.3921408E+02  0.3111597E+00  0.5463084E+03  0.8578592E+02
  0.3432000000000E+01  0.3487329E+00  0.2218112E+01  0.1782675E+02 -0.2909246E-01 -0.9209565E-01 -0.7263608E+00  0.3901391E+02  0.3006022E+00  0.5487160E+03  0.8598609E+02
  0.3440000000000E+01  0.3665594E+00  0.2228319E+01  0.1732961E+02 -0.2980502E-01 -0.8906897E-01 -0.6761468E+00  0.3882051E+02  0.2905808E+00  0.5510662E+03  0.8617949E+02
  0.3448000000000E+01  0.3842649E+00  0.2213186E+01  0.1685855E+02 -0.3047893E-01 -0.8423883E-01 -0.6237702E+00  0.3863621E+02  0.2810938E+00  0.5533350E+03  0.8636379E+02
  0.3456000000000E+01  0.4018025E+00  0.2192201E+01  0.1641612E+02 -0.3110919E-01 -0.7878346E-01 -0.5738926E+00  0.3846110E+02  0.2720530E+00  0.5555207E+03  0.8653890E+02
  0.3464000000000E+01  0.4192730E+00  0.2183801E+01  0.1599932E+02 -0.3170284E-01 -0.7420576E-01 -0.5329299E+00  0.3829340E+02  0.2633678E+00  0.5576406E+03  0.8670660E+02
  0.3472000000000E+01  0.4368006E+00  0.2190951E+01  0.1560264E+02 -0.3227492E-01 -0.7151059E-01 -0.5054075E+00  0.3813119E+02  0.2550066E+00  0.5597130E+03  0.8686881E+02
  0.3480000000000E+01  0.4544207E+00  0.2202514E+01  0.1522224E+02 -0.3284134E-01 -0.7080164E-01 -0.4906436E+00  0.3797380E+02  0.2469933E+00  0.5617447E+03  0.8702620E+02
  0.3488000000000E+01  0.4720656E+00  0.2205615E+01  0.1485773E+02 -0.3341159E-01 -0.7128149E-01 -0.4822728E+00  0.3782177E+02  0.2393626E+00  0.5637294E+03  0.8717823E+02
  0.3496000000000E+01  0.4896354E+00  0.2196220E+01  0.1451088E+02 -0.3398437E-01 -0.7159805E-01 -0.4713832E+00  0.3767594E+02  0.2321214E+00  0.5656584E+03  0.8732406E+02
  0.3504000000000E+01  0.5070742E+00  0.2179857E+01  0.1418310E+02 -0.3454885E-01 -0.7055985E-01 -0.4520330E+00  0.3753661E+02  0.2252447E+00  0.5675282E+03  0.8746339E+02
  0.3512000000000E+01  0.5243913E+00  0.2164633E+01  0.1387397E+02 -0.3509215E-01 -0.6791181E-01 -0.4254869E+00  0.3740332E+02  0.2186954E+00  0.5693428E+03  0.8759668E+02
  0.3520000000000E+01  0.5416265E+00  0.2154405E+01  0.1358151E+02 -0.3560856E-01 -0.6455157E-01 -0.3992992E+00  0.3727532E+02  0.2124457E+00  0.5711093E+03  0.8772468E+02
  0.3528000000000E+01  0.5588069E+00  0.2147545E+01  0.1330357E+02 -0.3610400E-01 -0.6193048E-01 -0.3815938E+00  0.3715207E+02  0.2064819E+00  0.5728328E+03  0.8784793E+02
  0.3536000000000E+01  0.5759305E+00  0.2140449E+01  0.1303884E+02 -0.3659253E-01 -0.6106553E-01 -0.3752371E+00  0.3703332E+02  0.2007967E+00  0.5745153E+03  0.8796668E+02
  0.3544000000000E+01  0.5929807E+00  0.2131278E+01  0.1278684E+02 -0.3708745E-01 -0.6186578E-01 -0.3761838E+00  0.3691900E+02  0.1953808E+00  0.5761572E+03  0.8808100E+02
  0.3552000000000E+01  0.6099456E+00  0.2120617E+01  0.1254737E+02 -0.3759321E-01 -0.6321929E-01 -0.3766146E+00  0.3680900E+02  0.1902221E+00  0.5777594E+03  0.8819100E+02
  0.3560000000000E+01  0.6268219E+00  0.2109539E+01  0.1232004E+02 -0.3810320E-01 -0.6374841E-01 -0.3702093E+00  0.3670314E+02  0.1853097E+00  0.5793233E+03  0.8829686E+02
  0.3568000000000E+01  0.6436045E+00  0.2097815E+01  0.1210414E+02 -0.3860465E-01 -0.6268187E-01 -0.3558170E+00  0.3660125E+02  0.1806362E+00  0.5808502E+03  0.8839875E+02
  0.3576000000000E+01  0.6602785E+00  0.2084252E+01  0.1189900E+02 -0.3908675E-01 -0.6026189E-01 -0.3373943E+00  0.3650328E+02  0.1761949E+00  0.5823405E+03  0.8849672E+02
  0.3584000000000E+01  0.6768271E+00  0.2068573E+01  0.1170420E+02 -0.3954674E-01 -0.5749937E-01 -0.3209813E+00  0.3640917E+02  0.1719742E+00  0.5837944E+03  0.8859083E+02
  0.3592000000000E+01  0.6932485E+00  0.2052677E+01  0.1151947E+02 -0.3999098E-01 -0.5552943E-01 -0.3110879E+00  0.3631876E+02  0.1679554E+00  0.5852134E+03  0.8868124E+02
  0.3600000000000E+01  0.7095657E+00  0.2039654E+01  0.1134432E+02 -0.4043087E-01 -0.5498619E-01 -0.3084719E+00  0.3623165E+02  0.1641175E+00  0.5866010E+03  0.8876835E+02
  0.3608000000000E+01  0.7258146E+00  0.2031116E+01  0.1117781E+02 -0.4087649E-01 -0.5570323E-01 -0.3101068E+00  0.3614739E+02  0.1604462E+00  0.5879617E+03  0.8885261E+02
  0.3616000000000E+01  0.7420159E+00  0.2025159E+01  0.1101878E+02 -0.4133112E-01 -0.5682850E-01 -0.3110327E+00  0.3606565E+02  0.1569386E+00  0.5892985E+03  0.8893435E+02
  0.3624000000000E+01  0.7581526E+00  0.2017081E+01  0.1086641E+02 -0.4178930E-01 -0.5727259E-01 -0.3070102E+00  0.3598647E+02  0.1536008E+00  0.5906110E+03  0.8901353E+02
  0.3632000000000E+01  0.7741749E+00  0.2002788E+01  0.1072060E+02 -0.4223973E-01 -0.5630329E-01 -0.2967112E+00  0.3591013E+02  0.1504371E+00  0.5918961E+03  0.8908987E+02
  0.3640000000000E+01  0.7900341E+00  0.1982398E+01  0.1058189E+02 -0.4267174E-01 -0.5400227E-01 -0.2824929E+00  0.3583690E+02  0.1474405E+00  0.5931510E+03  0.8916310E+02
  0.3648000000000E+01  0.8057211E+00  0.1960875E+01  0.1045084E+02 -0.4308197E-01 -0.5127830E-01 -0.2692496E+00  0.3576672E+02  0.1445913E+00  0.5943760E+03  0.8923328E+02
  0.3656000000000E+01  0.8212786E+00  0.1944695E+01  0.1032731E+02 -0.4347676E-01 -0.4934874E-01 -0.2616318E+00  0.3569911E+02  0.1418661E+00  0.5955757E+03  0.8930089E+02
  0.3664000000000E+01  0.8367732E+00  0.1936819E+01  0.1021019E+02 -0.4386865E-01 -0.4898575E-01 -0.2611694E+00  0.3563345E+02  0.1392495E+00  0.5967563E+03  0.8936655E+02
  0.3672000000000E+01  0.8522456E+00  0.1934055E+01  0.1009790E+02 -0.4426887E-01 -0.5002767E-01 -0.2653229E+00  0.3556931E+02  0.1367410E+00  0.5979219E+03  0.8943069E+02
  0.3680000000000E+01  0.8676792E+00  0.1929200E+01  0.9989324E+01 -0.4468069E-01 -0.5147765E-01 -0.2691281E+00  0.3550678E+02  0.1343500E+00  0.5990718E+03  0.8949322E+02
  0.3688000000000E+01  0.8830112E+00  0.1916500E+01  0.9884451E+01 -0.4509772E-01 -0.5212841E-01 -0.2681996E+00  0.3544623E+02  0.1320843E+00  0.6002018E+03  0.8955377E+02
  0.3696000000000E+01  0.8981797E+00  0.1896062E+01  0.9784189E+01 -0.4550829E-01 -0.5132103E-01 -0.2612325E+00  0.3538807E+02  0.1299407E+00  0.6013079E+03  0.8961193E+02
  0.3704000000000E+01  0.9131688E+00  0.1873631E+01  0.9689492E+01 -0.4590297E-01 -0.4933569E-01 -0.2506546E+00  0.3533231E+02  0.1279050E+00  0.6023897E+03  0.8966769E+02
  0.3712000000000E+01  0.9280166E+00  0.1855978E+01  0.9600509E+01 -0.4628019E-01 -0.4715235E-01 -0.2410451E+00  0.3527859E+02  0.1259598E+00  0.6034509E+03  0.8972141E+02
  0.3720000000000E+01  0.9427830E+00  0.1845806E+01  0.9516372E+01 -0.4664654E-01 -0.4579324E-01 -0.2363023E+00  0.3522639E+02  0.1240938E+00  0.6044965E+03  0.8977361E+02
  0.3728000000000E+01  0.9575053E+00  0.1840284E+01  0.9435768E+01 -0.4701243E-01 -0.4573645E-01 -0.2374752E+00  0.3517538E+02  0.1223048E+00  0.6055297E+03  0.8982462E+02
  0.3736000000000E+01  0.9721773E+00  0.1834002E+01  0.9357787E+01 -0.4738630E-01 -0.4673443E-01 -0.2424984E+00  0.3512554E+02  0.1205959E+00  0.6065507E+03  0.8987446E+02
  0.3744000000000E+01  0.9867645E+00  0.1823390E+01  0.9282352E+01 -0.4777062E-01 -0.4803909E-01 -0.2475880E+00  0.3507709E+02  0.1189695E+00  0.6075574E+03  0.8992291E+02
  0.3752000000000E+01  0.1001235E+01  0.1808793E+01  0.9209945E+01 -0.4816132E-01 -0.4883749E-01 -0.2493117E+00  0.3503018E+02  0.1174234E+00  0.6085479E+03  0.8996982E+02
  0.3760000000000E+01  0.1015578E+01  0.1792963E+01  0.9140989E+01 -0.4855060E-01 -0.4866038E-01 -0.2463361E+00  0.3498484E+02  0.1159526E+00  0.6095221E+03  0.9001516E+02
  0.3768000000000E+01  0.1029803E+01  0.1778079E+01  0.9075452E+01 -0.4893121E-01 -0.4757662E-01 -0.2400183E+00  0.3494096E+02  0.1145519E+00  0.6104808E+03  0.9005904E+02
  0.3776000000000E+01  0.1043918E+01  0.1764303E+01  0.9012973E+01 -0.4930011E-01 -0.4611279E-01 -0.2335282E+00  0.3489843E+02  0.1132179E+00  0.6114253E+03  0.9010157E+02
  0.3784000000000E+01  0.1057924E+01  0.1750854E+01  0.8953253E+01 -0.4965986E-01 -0.4496866E-01 -0.2300318E+00  0.3485718E+02  0.1119467E+00  0.6123560E+03  0.9014282E+02
  0.3792000000000E+01  0.1071827E+01  0.1737872E+01  0.8896248E+01 -0.5001719E-01 -0.4466545E-01 -0.2309768E+00  0.3481715E+02  0.1107333E+00  0.6132736E+03  0.9018285E+02
  0.3800000000000E+01  0.1085641E+01  0.1726698E+01  0.8841980E+01 -0.5037946E-01 -0.4528373E-01 -0.2354054E+00  0.3477819E+02  0.1095717E+00  0.6141795E+03  0.9022181E+02
  0.3808000000000E+01  0.1099386E+01  0.1718193E+01  0.8790206E+01 -0.5075088E-01 -0.4642845E-01 -0.2406610E+00  0.3474013E+02  0.1084582E+00  0.6150754E+03  0.9025987E+02
  0.3816000000000E+01  0.1113074E+01  0.1710996E+01  0.8740372E+01 -0.5113052E-01 -0.4745447E-01 -0.2440303E+00  0.3470286E+02  0.1073932E+00  0.6159623E+03  0.9029714E+02
  0.3824000000000E+01  0.1126690E+01  0.1701895E+01  0.8691949E+01 -0.5151317E-01 -0.4783148E-01 -0.2442439E+00  0.3466647E+02  0.1063800E+00  0.6168395E+03  0.9033353E+02
  0.3832000000000E+01  0.1140196E+01  0.1688342E+01  0.8644862E+01 -0.5189265E-01 -0.4743432E-01 -0.2419445E+00  0.3463115E+02  0.1054209E+00  0.6177048E+03  0.9036885E+02
  0.3840000000000E+01  0.1153563E+01  0.1670878E+01  0.8599585E+01 -0.5226530E-01 -0.4658229E-01 -0.2390246E+00  0.3459708E+02  0.1045138E+00  0.6185565E+03  0.9040292E+02
  0.3848000000000E+01  0.1166788E+01  0.1653093E+01  0.8556762E+01 -0.5263177E-01 -0.4580858E-01 -0.2374024E+00  0.3456425E+02  0.1036522E+00  0.6193946E+03  0.9043575E+02
  0.3856000000000E+01  0.1179900E+01  0.1638965E+01  0.8516652E+01 -0.5299599E-01 -0.4552721E-01 -0.2380223E+00  0.3453242E+02  0.1028285E+00  0.6202214E+03  0.9046758E+02
  0.3864000000000E+01  0.1192939E+01  0.1629850E+01  0.8478856E+01 -0.5336261E-01 -0.4582774E-01 -0.2406266E+00  0.3450132E+02  0.1020380E+00  0.6210397E+03  0.9049868E+02
  0.3872000000000E+01  0.1205928E+01  0.1623646E+01  0.8442587E+01 -0.5373464E-01 -0.4650365E-01 -0.2442397E+00  0.3447077E+02  0.1012803E+00  0.6218512E+03  0.9052923E+02
  0.3880000000000E+01  0.1218861E+01  0.1616699E+01  0.8407211E+01 -0.5411253E-01 -0.4723597E-01 -0.2478213E+00  0.3444079E+02  0.1005574E+00  0.6226558E+03  0.9055921E+02
  0.3888000000000E+01  0.1231714E+01  0.1606598E+01  0.8372608E+01 -0.5449473E-01 -0.4777539E-01 -0.2506425E+00  0.3441152E+02  0.9987111E-01  0.6234520E+03  0.9058848E+02
  0.3896000000000E+01  0.1244462E+01  0.1593515E+01  0.8339084E+01 -0.5487890E-01 -0.4802076E-01 -0.2523613E+00  0.3438309E+02  0.9922103E-01  0.6242384E+03  0.9061691E+02
  0.3904000000000E+01  0.1257097E+01  0.1579315E+01  0.8307008E+01 -0.5526286E-01 -0.4799517E-01 -0.2529981E+00  0.3435555E+02  0.9860510E-01  0.6250147E+03  0.9064445E+02
  0.3912000000000E+01  0.1269622E+01  0.1565673E+01  0.8276514E+01 -0.5564516E-01 -0.4778767E-01 -0.2529290E+00  0.3432885E+02  0.9802088E-01  0.6257813E+03  0.9067115E+02
  0.3920000000000E+01  0.1282047E+01  0.1553049E+01  0.8247497E+01 -0.5602532E-01 -0.4751956E-01 -0.2528325E+00  0.3430291E+02  0.9746640E-01  0.6265388E+03  0.9069709E+02
  0.3928000000000E+01  0.1294376E+01  0.1541132E+01  0.8219812E+01 -0.5640399E-01 -0.4733392E-01 -0.2534812E+00  0.3427767E+02  0.9693983E-01  0.6272879E+03  0.9072233E+02
  0.3936000000000E+01  0.1306615E+01  0.1529864E+01  0.8193415E+01 -0.5678293E-01 -0.4736761E-01 -0.2553965E+00  0.3425310E+02  0.9643897E-01  0.6280289E+03  0.9074690E+02
  0.3944000000000E+01  0.1318772E+01  0.1519721E+01  0.8168299E+01 -0.5716444E-01 -0.4768881E-01 -0.2585482E+00  0.3422912E+02  0.9596149E-01  0.6287626E+03  0.9077088E+02
  0.3952000000000E+01  0.1330860E+01  0.1510979E+01  0.8144330E+01 -0.5755035E-01 -0.4823855E-01 -0.2623258E+00  0.3420564E+02  0.9550590E-01  0.6294899E+03  0.9079436E+02
  0.3960000000000E+01  0.1342883E+01  0.1502890E+01  0.8121203E+01 -0.5794103E-01 -0.4883483E-01 -0.2658380E+00  0.3418262E+02  0.9507231E-01  0.6302111E+03  0.9081738E+02
  0.3968000000000E+01  0.1354834E+01  0.1493835E+01  0.8098612E+01 -0.5833509E-01 -0.4925733E-01 -0.2683653E+00  0.3416010E+02  0.9466206E-01  0.6309260E+03  0.9083990E+02
  0.3976000000000E+01  0.1366694E+01  0.1482479E+01  0.8076482E+01 -0.5873003E-01 -0.4936757E-01 -0.2696974E+00  0.3413818E+02  0.9427630E-01  0.6316334E+03  0.9086182E+02
  0.3984000000000E+01  0.1378445E+01  0.1468918E+01  0.8055048E+01 -0.5912352E-01 -0.4918703E-01 -0.2701932E+00  0.3411696E+02  0.9391467E-01  0.6323324E+03  0.9088304E+02
  0.3992000000000E+01  0.1390083E+01  0.1454734E+01  0.8034683E+01 -0.5951457E-01 -0.4888120E-01 -0.2705701E+00  0.3409645E+02  0.9357504E-01  0.6330227E+03  0.9090355E+02
  0.4000000000000E+01  0.1401618E+01  0.1441879E+01  0.8015623E+01 -0.5990387E-01 -0.4866210E-01 -0.2715522E+00  0.3407658E+02  0.9325450E-01  0.6337052E+03  0.9092342E+02
  0.4008000000000E+01  0.1413069E+01  0.1431354E+01  0.7997798E+01 -0.6029327E-01 -0.4867561E-01 -0.2735470E+00  0.3405723E+02  0.9295069E-01  0.6343811E+03  0.9094277E+02
  0.4016000000000E+01  0.1424451E+01  0.1422714E+01  0.7980902E+01 -0.6068479E-01 -0.4893986E-01 -0.2764914E+00  0.3403828E+02  0.9266248E-01  0.6350513E+03  0.9096172E+02
  0.4024000000000E+01  0.1435768E+01  0.1414664E+01  0.7964612E+01 -0.6107965E-01 -0.4935675E-01 -0.2799129E+00  0.3401971E+02  0.9238985E-01  0.6357164E+03  0.9098029E+02
  0.4032000000000E+01  0.1447016E+01  0.1406043E+01  0.7948754E+01 -0.6147784E-01 -0.4977369E-01 -0.2831607E+00  0.3400153E+02  0.9213316E-01  0.6363760E+03  0.9099847E+02
  0.4040000000000E+01  0.1458187E+01  0.1396393E+01  0.7933323E+01 -0.6187829E-01 -0.5005625E-01 -0.2857072E+00  0.3398379E+02  0.9189266E-01  0.6370298E+03  0.9101621E+02
  0.4048000000000E+01  0.1469274E+01  0.1385827E+01  0.7918383E+01 -0.6227940E-01 -0.5013972E-01 -0.2873865E+00  0.3396652E+02  0.9166835E-01  0.6376773E+03  0.9103348E+02
  0.4056000000000E+01  0.1480271E+01  0.1374607E+01  0.7903984E+01 -0.6267977E-01 -0.5004511E-01 -0.2884530E+00  0.3394975E+02  0.9146005E-01  0.6383184E+03  0.9105025E+02
  0.4064000000000E+01  0.1491174E+01  0.1362954E+01  0.7890169E+01 -0.6307865E-01 -0.4986021E-01 -0.2894242E+00  0.3393349E+02  0.9126730E-01  0.6389528E+03  0.9106651E+02
  0.4072000000000E+01  0.1501984E+01  0.1351181E+01  0.7877010E+01 -0.6347623E-01 -0.4969756E-01 -0.2908001E+00  0.3391774E+02  0.9108923E-01  0.6395807E+03  0.9108226E+02
  0.4080000000000E+01  0.1512703E+01  0.1339841E+01  0.7864609E+01 -0.6387340E-01 -0.4964697E-01 -0.2928252E+00  0.3390247E+02  0.9092446E-01  0.6402022E+03  0.9109753E+02
  0.4088000000000E+01  0.1523339E+01  0.1329555E+01  0.7853029E+01 -0.6427134E-01 -0.4974163E-01 -0.2954193E+00  0.3388762E+02  0.9077144E-01  0.6408179E+03  0.9111238E+02
  0.4096000000000E+01  0.1533904E+01  0.1320606E+01  0.7842206E+01 -0.6467095E-01 -0.4995171E-01 -0.2982898E+00  0.3387313E+02  0.9062900E-01  0.6414285E+03  0.9112687E+02
  0.4104000000000E+01  0.1544405E+01  0.1312636E+01  0.7831945E+01 -0.6507260E-01 -0.5020588E-01 -0.3011212E+00  0.3385894E+02  0.9049670E-01  0.6420346E+03  0.9114106E+02
  0.4112000000000E+01  0.1554843E+01  0.1304785E+01  0.7822011E+01 -0.6547601E-01 -0.5042673E-01 -0.3037123E+00  0.3384505E+02  0.9037488E-01  0.6426363E+03  0.9115495E+02
  0.4120000000000E+01  0.1565213E+01  0.1296163E+01  0.7812250E+01 -0.6588050E-01 -0.5056114E-01 -0.3060046E+00  0.3383148E+02  0.9026418E-01  0.6432333E+03  0.9116852E+02
  0.4128000000000E+01  0.1575503E+01  0.1286339E+01  0.7802656E+01 -0.6628525E-01 -0.5059356E-01 -0.3080388E+00  0.3381828E+02  0.9016511E-01  0.6438249E+03  0.9118172E+02
  0.4136000000000E+01  0.1585707E+01  0.1275493E+01  0.7793351E+01 -0.6668959E-01 -0.5054275E-01 -0.3099103E+00  0.3380551E+02  0.9007764E-01  0.6444108E+03  0.9119449E+02
  0.4144000000000E+01  0.1595821E+01  0.1264241E+01  0.7784507E+01 -0.6709320E-01 -0.5045078E-01 -0.3117580E+00  0.3379318E+02  0.9000117E-01  0.6449908E+03  0.9120682E+02
  0.4152000000000E+01  0.1605848E+01  0.1253299E+01  0.7776261E+01 -0.6749617E-01 -0.5037147E-01 -0.3137612E+00  0.3378126E+02  0.8993469E-01  0.6455651E+03  0.9121874E+02
  0.4160000000000E+01  0.1615793E+01  0.1243220E+01  0.7768676E+01 -0.6789903E-01 -0.5035802E-01 -0.3161008E+00  0.3376972E+02  0.8987700E-01  0.6461342E+03  0.9123028E+02
  0.4168000000000E+01  0.1625667E+01  0.1234264E+01  0.7761721E+01 -0.6830261E-01 -0.5044716E-01 -0.3188814E+00  0.3375849E+02  0.8982703E-01  0.6466986E+03  0.9124151E+02
  0.4176000000000E+01  0.1635478E+01  0.1226339E+01  0.7755282E+01 -0.6870775E-01 -0.5064227E-01 -0.3220581E+00  0.3374752E+02  0.8978410E-01  0.6472589E+03  0.9125248E+02
  0.4184000000000E+01  0.1645230E+01  0.1219011E+01  0.7749188E+01 -0.6911499E-01 -0.5090556E-01 -0.3254341E+00  0.3373678E+02  0.8974806E-01  0.6478153E+03  0.9126322E+02
  0.4192000000000E+01  0.1654923E+01  0.1211621E+01  0.7743264E+01 -0.6952435E-01 -0.5116936E-01 -0.3287452E+00  0.3372628E+02  0.8971928E-01  0.6483679E+03  0.9127372E+02
  0.4200000000000E+01  0.1664552E+01  0.1203532E+01  0.7737402E+01 -0.6993527E-01 -0.5136580E-01 -0.3317913E+00  0.3371603E+02  0.8969838E-01  0.6489164E+03  0.9128397E+02
  0.4208000000000E+01  0.1674107E+01  0.1194429E+01  0.7731611E+01 -0.7034696E-01 -0.5146057E-01 -0.3345367E+00  0.3370610E+02  0.8968580E-01  0.6494603E+03  0.9129390E+02
  0.4216000000000E+01  0.1683583E+01  0.1184496E+01  0.7726015E+01 -0.7075872E-01 -0.5147064E-01 -0.3371235E+00  0.3369651E+02  0.8968151E-01  0.6499992E+03  0.9130349E+02
  0.4224000000000E+01  0.1692978E+01  0.1174335E+01  0.7720789E+01 -0.7117036E-01 -0.5145482E-01 -0.3397953E+00  0.3368728E+02  0.8968492E-01  0.6505332E+03  0.9131272E+02
  0.4232000000000E+01  0.1702295E+01  0.1164652E+01  0.7716069E+01 -0.7158223E-01 -0.5148323E-01 -0.3427801E+00  0.3367837E+02  0.8969509E-01  0.6510623E+03  0.9132163E+02
  0.4240000000000E+01  0.1711542E+01  0.1155921E+01  0.7711887E+01 -0.7199506E-01 -0.5160454E-01 -0.3461975E+00  0.3366974E+02  0.8971107E-01  0.6515871E+03  0.9133026E+02
  0.4248000000000E+01  0.1720728E+01  0.1148196E+01  0.7708170E+01 -0.7240969E-01 -0.5182874E-01 -0.3500318E+00  0.3366135E+02  0.8973216E-01  0.6521082E+03  0.9133865E+02
  0.4256000000000E+01  0.1729857E+01  0.1141172E+01  0.7704781E+01 -0.7282674E-01 -0.5213080E-01 -0.3541643E+00  0.3365315E+02  0.8975807E-01  0.6526257E+03  0.9134685E+02
  0.4264000000000E+01  0.1738932E+01  0.1134390E+01  0.7701589E+01 -0.7324648E-01 -0.5246771E-01 -0.3584334E+00  0.3364513E+02  0.8978880E-01  0.6531400E+03  0.9135487E+02
  0.4272000000000E+01  0.1747952E+01  0.1127451E+01  0.7698506E+01 -0.7366886E-01 -0.5279689E-01 -0.3626894E+00  0.3363730E+02  0.8982454E-01  0.6536509E+03  0.9136270E+02
  0.4280000000000E+01  0.1756913E+01  0.1120123E+01  0.7695505E+01 -0.7409356E-01 -0.5308809E-01 -0.3668311E+00  0.3362968E+02  0.8986555E-01  0.6541583E+03  0.9137032E+02
  0.4288000000000E+01  0.1765812E+01  0.1112349E+01  0.7692597E+01 -0.7452019E-01 -0.5332792E-01 -0.3708267E+00  0.3362229E+02  0.8991200E-01  0.6546620E+03  0.9137771E+02
  0.4296000000000E+01  0.1774645E+01  0.1104203E+01  0.7689827E+01 -0.7494835E-01 -0.5352039E-01 -0.3747226E+00  0.3361514E+02  0.8996392E-01  0.6551618E+03  0.9138486E+02
  0.4304000000000E+01  0.1783412E+01  0.1095860E+01  0.7687257E+01 -0.7537784E-01 -0.5368584E-01 -0.3786361E+00  0.3360824E+02  0.9002115E-01  0.6556576E+03  0.9139176E+02
  0.4312000000000E+01  0.1792113E+01  0.1087582E+01  0.7684964E+01 -0.7580870E-01 -0.5385756E-01 -0.3827234E+00  0.3360159E+02  0.9008329E-01  0.6561495E+03  0.9139841E+02
  0.4320000000000E+01  0.1800750E+01  0.1079690E+01  0.7683019E+01 -0.7624129E-01 -0.5407394E-01 -0.3871254E+00  0.3359516E+02  0.9014969E-01  0.6566376E+03  0.9140484E+02
  0.4328000000000E+01  0.1809330E+01  0.1072485E+01  0.7681466E+01 -0.7667621E-01 -0.5436595E-01 -0.3919081E+00  0.3358893E+02  0.9021962E-01  0.6571224E+03  0.9141107E+02
  0.4336000000000E+01  0.1817859E+01  0.1066125E+01  0.7680287E+01 -0.7711417E-01 -0.5474386E-01 -0.3970255E+00  0.3358286E+02  0.9029242E-01  0.6576042E+03  0.9141714E+02
  0.4344000000000E+01  0.1826343E+01  0.1060522E+01  0.7679391E+01 -0.7755568E-01 -0.5518941E-01 -0.4023289E+00  0.3357690E+02  0.9036772E-01  0.6580834E+03  0.9142310E+02
  0.4352000000000E+01  0.1834786E+01  0.1055312E+01  0.7678632E+01 -0.7800095E-01 -0.5565895E-01 -0.4076209E+00  0.3357104E+02  0.9044561E-01  0.6585602E+03  0.9142896E+02
  0.4360000000000E+01  0.1843186E+01  0.1049970E+01  0.7677864E+01 -0.7844974E-01 -0.5609841E-01 -0.4127307E+00  0.3356529E+02  0.9052648E-01  0.6590346E+03  0.9143471E+02
  0.4368000000000E+01  0.1851538E+01  0.1044038E+01  0.7677011E+01 -0.7890146E-01 -0.5646512E-01 -0.4175788E+00  0.3355967E+02  0.9061090E-01  0.6595062E+03  0.9144033E+02
  0.4376000000000E+01  0.1859837E+01  0.1037351E+01  0.7676104E+01 -0.7935543E-01 -0.5674676E-01 -0.4222021E+00  0.3355422E+02  0.9069920E-01  0.6599748E+03  0.9144578E+02
  0.4384000000000E+01  0.1868078E+01  0.1030142E+01  0.7675277E+01 -0.7981118E-01 -0.5696771E-01 -0.4267317E+00  0.3354897E+02  0.9079131E-01  0.6604400E+03  0.9145103E+02
  0.4392000000000E+01  0.1876261E+01  0.1022950E+01  0.7674703E+01 -0.8026860E-01 -0.5717851E-01 -0.4313316E+00  0.3354390E+02  0.9088670E-01  0.6609019E+03  0.9145610E+02
  0.4400000000000E+01  0.1884392E+01  0.1016370E+01  0.7674513E+01 -0.8072807E-01 -0.5743287E-01 -0.4361242E+00  0.3353900E+02  0.9098452E-01  0.6613609E+03  0.9146100E+02
  0.4408000000000E+01  0.1892479E+01  0.1010781E+01  0.7674739E+01 -0.8119018E-01 -0.5776354E-01 -0.4411343E+00  0.3353422E+02  0.9108396E-01  0.6618173E+03  0.9146578E+02
  0.4416000000000E+01  0.1900528E+01  0.1006202E+01  0.7675301E+01 -0.8165553E-01 -0.5816863E-01 -0.4462747E+00  0.3352951E+02  0.9118444E-01  0.6622716E+03  0.9147049E+02
  0.4424000000000E+01  0.1908547E+01  0.1002323E+01  0.7676057E+01 -0.8212444E-01 -0.5861432E-01 -0.4513793E+00  0.3352483E+02  0.9128577E-01  0.6627243E+03  0.9147517E+02
  0.4432000000000E+01  0.1916536E+01  0.9986851E+00  0.7676863E+01 -0.8259685E-01 -0.5905092E-01 -0.4562664E+00  0.3352019E+02  0.9138807E-01  0.6631753E+03  0.9147981E+02
  0.4440000000000E+01  0.1924495E+01  0.9948759E+00  0.7677626E+01 -0.8307231E-01 -0.5943322E-01 -0.4608016E+00  0.3351558E+02  0.9149167E-01  0.6636248E+03  0.9148442E+02
  0.4448000000000E+01  0.1932421E+01  0.9906691E+00  0.7678325E+01 -0.8355020E-01 -0.5973561E-01 -0.4649313E+00  0.3351102E+02  0.9159686E-01  0.6640723E+03  0.9148898E+02
  0.4456000000000E+01  0.1940309E+01  0.9860610E+00  0.7679001E+01 -0.8402985E-01 -0.5995654E-01 -0.4686764E+00  0.3350654E+02  0.9170381E-01  0.6645178E+03  0.9149346E+02
  0.4464000000000E+01  0.1948159E+01  0.9812309E+00  0.7679739E+01 -0.8451075E-01 -0.6011313E-01 -0.4720947E+00  0.3350215E+02  0.9181245E-01  0.6649612E+03  0.9149785E+02
  0.4472000000000E+01  0.1955971E+01  0.9764642E+00  0.7680634E+01 -0.8499260E-01 -0.6023082E-01 -0.4752380E+00  0.3349784E+02  0.9192247E-01  0.6654025E+03  0.9150216E+02
  0.4480000000000E+01  0.1963747E+01  0.9720663E+00  0.7681768E+01 -0.8547527E-01 -0.6033340E-01 -0.4781259E+00  0.3349361E+02  0.9203338E-01  0.6658418E+03  0.9150639E+02
  0.4488000000000E+01  0.1971494E+01  0.9682841E+00  0.7683186E+01 -0.8595876E-01 -0.6043657E-01 -0.4807422E+00  0.3348941E+02  0.9214458E-01  0.6662795E+03  0.9151059E+02
  0.4496000000000E+01  0.1979216E+01  0.9652468E+00  0.7684884E+01 -0.8644312E-01 -0.6054534E-01 -0.4830471E+00  0.3348522E+02  0.9225548E-01  0.6667158E+03  0.9151478E+02
  0.4504000000000E+01  0.1986919E+01  0.9629384E+00  0.7686813E+01 -0.8692836E-01 -0.6065389E-01 -0.4849877E+00  0.3348101E+02  0.9236565E-01  0.6671513E+03  0.9151899E+02
  0.4512000000000E+01  0.1994609E+01  0.9612062E+00  0.7688886E+01 -0.8741433E-01 -0.6074689E-01 -0.4865030E+00  0.3347674E+02  0.9247484E-01  0.6675860E+03  0.9152326E+02
  0.4520000000000E+01  0.2002287E+01  0.9598002E+00  0.7691003E+01 -0.8790075E-01 -0.6080188E-01 -0.4875273E+00  0.3347241E+02  0.9258305E-01  0.6680203E+03  0.9152759E+02
  0.4528000000000E+01  0.2009955E+01  0.9584343E+00  0.7693075E+01 -0.8838709E-01 -0.6079362E-01 -0.4880011E+00  0.3346802E+02  0.9269047E-01  0.6684540E+03  0.9153198E+02
  0.4536000000000E+01  0.2017609E+01  0.9568615E+00  0.7695047E+01 -0.8887270E-01 -0.6070091E-01 -0.4878933E+00  0.3346357E+02  0.9279741E-01  0.6688871E+03  0.9153643E+02
  0.4544000000000E+01  0.2025249E+01  0.9549542E+00  0.7696919E+01 -0.8935682E-01 -0.6051505E-01 -0.4872254E+00  0.3345909E+02  0.9290410E-01  0.6693194E+03  0.9154091E+02
  0.4552000000000E+01  0.2032871E+01  0.9527681E+00  0.7698751E+01 -0.8983879E-01 -0.6024650E-01 -0.4860834E+00  0.3345459E+02  0.9301059E-01  0.6697509E+03  0.9154541E+02
  0.4560000000000E+01  0.2040476E+01  0.9505525E+00  0.7700645E+01 -0.9031820E-01 -0.5992547E-01 -0.4846043E+00  0.3345008E+02  0.9311661E-01  0.6701814E+03  0.9154992E+02
  0.4568000000000E+01  0.2048065E+01  0.9486780E+00  0.7702707E+01 -0.9079495E-01 -0.5959397E-01 -0.4829396E+00  0.3344553E+02  0.9322162E-01  0.6706111E+03  0.9155447E+02
  0.4576000000000E+01  0.2055645E+01  0.9474938E+00  0.7704997E+01 -0.9126928E-01 -0.5929119E-01 -0.4812109E+00  0.3344093E+02  0.9332493E-01  0.6710404E+03  0.9155907E+02
  0.4584000000000E+01  0.2063222E+01  0.9471711E+00  0.7707495E+01 -0.9174159E-01 -0.5903900E-01 -0.4794791E+00  0.3343622E+02  0.9342594E-01  0.6714697E+03  0.9156378E+02
  0.4592000000000E+01  0.2070803E+01  0.9476192E+00  0.7710100E+01 -0.9221227E-01 -0.5883484E-01 -0.4777434E+00  0.3343138E+02  0.9352432E-01  0.6718993E+03  0.9156862E+02
  0.4600000000000E+01  0.2078392E+01  0.9485215E+00  0.7712671E+01 -0.9268152E-01 -0.5865624E-01 -0.4759707E+00  0.3342639E+02  0.9362006E-01  0.6723294E+03  0.9157361E+02
  0.4608000000000E+01  0.2085987E+01  0.9494758E+00  0.7715083E+01 -0.9314932E-01 -0.5847443E-01 -0.4741393E+00  0.3342125E+02  0.9371345E-01  0.6727601E+03  0.9157875E+02
  0.4616000000000E+01  0.2093589E+01  0.9501630E+00  0.7717268E+01 -0.9361547E-01 -0.5826998E-01 -0.4722747E+00  0.3341597E+02  0.9380485E-01  0.6731912E+03  0.9158403E+02
  0.4624000000000E+01  0.2101192E+01  0.9504564E+00  0.7719229E+01 -0.9407981E-01 -0.5804246E-01 -0.4704610E+00  0.3341057E+02  0.9389455E-01  0.6736225E+03  0.9158943E+02
  0.4632000000000E+01  0.2108796E+01  0.9504336E+00  0.7721026E+01 -0.9454230E-01 -0.5781038E-01 -0.4688236E+00  0.3340507E+02  0.9398267E-01  0.6740539E+03  0.9159493E+02
  0.4640000000000E+01  0.2116398E+01  0.9503086E+00  0.7722738E+01 -0.9500312E-01 -0.5760340E-01 -0.4674951E+00  0.3339949E+02  0.9406912E-01  0.6744854E+03  0.9160051E+02
  0.4648000000000E+01  0.2124001E+01  0.9503361E+00  0.7724439E+01 -0.9546274E-01 -0.5745192E-01 -0.4665821E+00  0.3339380E+02  0.9415360E-01  0.6749169E+03  0.9160620E+02
  0.4656000000000E+01  0.2131607E+01  0.9507361E+00  0.7726176E+01 -0.9592177E-01 -0.5737921E-01 -0.4661447E+00  0.3338801E+02  0.9423573E-01  0.6753487E+03  0.9161199E+02
  0.4664000000000E+01  0.2139220E+01  0.9516507E+00  0.7727962E+01 -0.9638096E-01 -0.5739781E-01 -0.4661942E+00  0.3338208E+02  0.9431506E-01  0.6757810E+03  0.9161792E+02
  0.4672000000000E+01  0.2146845E+01  0.9531248E+00  0.7729775E+01 -0.9684103E-01 -0.5750900E-01 -0.4666985E+00  0.3337599E+02  0.9439123E-01  0.6762141E+03  0.9162401E+02
  0.4680000000000E+01  0.2154486E+01  0.9550992E+00  0.7731565E+01 -0.9730266E-01 -0.5770338E-01 -0.4675876E+00  0.3336973E+02  0.9446398E-01  0.6766482E+03  0.9163027E+02
  0.4688000000000E+01  0.2162145E+01  0.9574192E+00  0.7733259E+01 -0.9776635E-01 -0.5796157E-01 -0.4687549E+00  0.3336327E+02  0.9453327E-01  0.6770834E+03  0.9163673E+02
  0.4696000000000E+01  0.2169824E+01  0.9598717E+00  0.7734792E+01 -0.9823240E-01 -0.5825605E-01 -0.4700577E+00  0.3335661E+02  0.9459921E-01  0.6775199E+03  0.9164339E+02
  0.4704000000000E+01  0.2177522E+01  0.9622514E+00  0.7736120E+01 -0.9870084E-01 -0.5855515E-01 -0.4713250E+00  0.3334976E+02  0.9466203E-01  0.6779575E+03  0.9165024E+02
  0.4712000000000E+01  0.2185238E+01  0.9644408E+00  0.7737252E+01 -0.9917147E-01 -0.5882920E-01 -0.4723745E+00  0.3334274E+02  0.9472191E-01  0.6783962E+03  0.9165726E+02
  0.4720000000000E+01  0.2192969E+01  0.9664701E+00  0.7738244E+01 -0.9964393E-01 -0.5905682E-01 -0.4730348E+00  0.3333554E+02  0.9477888E-01  0.6788360E+03  0.9166446E+02
  0.4728000000000E+01  0.2200718E+01  0.9685265E+00  0.7739188E+01 -0.1001178E+00 -0.5922855E-01 -0.4731636E+00  0.3332818E+02  0.9483272E-01  0.6792767E+03  0.9167182E+02
  0.4736000000000E+01  0.2208485E+01  0.9709031E+00  0.7740182E+01 -0.1005925E+00 -0.5934555E-01 -0.4726540E+00  0.3332065E+02  0.9488297E-01  0.6797185E+03  0.9167935E+02
  0.4744000000000E+01  0.2216276E+01  0.9739033E+00  0.7741297E+01 -0.1010678E+00 -0.5941383E-01 -0.4714296E+00  0.3331291E+02  0.9492896E-01  0.6801618E+03  0.9168709E+02
  0.4752000000000E+01  0.2224098E+01  0.9777407E+00  0.7742547E+01 -0.1015433E+00 -0.5943702E-01 -0.4694368E+00  0.3330492E+02  0.9497001E-01  0.6806068E+03  0.9169508E+02
  0.4760000000000E+01  0.2231958E+01  0.9824740E+00  0.7743892E+01 -0.1020186E+00 -0.5941164E-01 -0.4666437E+00  0.3329666E+02  0.9500551E-01  0.6810541E+03  0.9170334E+02
  0.4768000000000E+01  0.2239862E+01  0.9880050E+00  0.7745248E+01 -0.1024932E+00 -0.5932750E-01 -0.4630498E+00  0.3328809E+02  0.9503505E-01  0.6815040E+03  0.9171191E+02
  0.4776000000000E+01  0.2247815E+01  0.9941343E+00  0.7746520E+01 -0.1029666E+00 -0.5917320E-01 -0.4587016E+00  0.3327918E+02  0.9505841E-01  0.6819568E+03  0.9172082E+02
  0.4784000000000E+01  0.2255820E+01  0.1000649E+01  0.7747626E+01 -0.1034382E+00 -0.5894379E-01 -0.4537041E+00  0.3326992E+02  0.9507549E-01  0.6824125E+03  0.9173008E+02
  0.4792000000000E+01  0.2263879E+01  0.1007403E+01  0.7748520E+01 -0.1039073E+00 -0.5864636E-01 -0.4482176E+00  0.3326030E+02  0.9508623E-01  0.6828714E+03  0.9173970E+02
  0.4800000000000E+01  0.2271994E+01  0.1014359E+01  0.7749191E+01 -0.1043738E+00 -0.5830121E-01 -0.4424379E+00  0.3325032E+02  0.9509051E-01  0.6833335E+03  0.9174968E+02
  0.4808000000000E+01  0.2280167E+01  0.1021588E+01  0.7749656E+01 -0.1048373E+00 -0.5793803E-01 -0.4365664E+00  0.3323997E+02  0.9508809E-01  0.6837989E+03  0.9176003E+02
  0.4816000000000E+01  0.2288401E+01  0.1029232E+01  0.7749940E+01 -0.1052980E+00 -0.5758937E-01 -0.4307791E+00  0.3322924E+02  0.9507858E-01  0.6842678E+03  0.9177076E+02
  0.4824000000000E+01  0.2296700E+01  0.1037453E+01  0.7750062E+01 -0.1057562E+00 -0.5728406E-01 -0.4252058E+00  0.3321810E+02  0.9506151E-01  0.6847405E+03  0.9178190E+02
  0.4832000000000E+01  0.2305071E+01  0.1046386E+01  0.7750023E+01 -0.1062126E+00 -0.5704241E-01 -0.4199218E+00  0.3320653E+02  0.9503634E-01  0.6852172E+03  0.9179347E+02
  0.4840000000000E+01  0.2313520E+01  0.1056090E+01  0.7749793E+01 -0.1066676E+00 -0.5687360E-01 -0.4149497E+00  0.3319449E+02  0.9500261E-01  0.6856983E+03  0.9180551E+02
  0.4848000000000E+01  0.2322052E+01  0.1066520E+01  0.7749313E+01 -0.1071218E+00 -0.5677495E-01 -0.4102682E+00  0.3318196E+02  0.9495998E-01  0.6861842E+03  0.9181804E+02
  0.4856000000000E+01  0.2330673E+01  0.1077516E+01  0.7748503E+01 -0.1075756E+00 -0.5673268E-01 -0.4058224E+00  0.3316892E+02  0.9490837E-01  0.6866750E+03  0.9183108E+02
  0.4864000000000E+01  0.2339383E+01  0.1088818E+01  0.7747273E+01 -0.1080294E+00 -0.5672457E-01 -0.4015381E+00  0.3315535E+02  0.9484798E-01  0.6871709E+03  0.9184465E+02
  0.4872000000000E+01  0.2348184E+01  0.1100125E+01  0.7745547E+01 -0.1084832E+00 -0.5672462E-01 -0.3973382E+00  0.3314127E+02  0.9477924E-01  0.6876719E+03  0.9185873E+02
  0.4880000000000E+01  0.2357073E+01  0.1111161E+01  0.7743283E+01 -0.1089369E+00 -0.5670920E-01 -0.3931621E+00  0.3312669E+02  0.9470273E-01  0.6881779E+03  0.9187331E+02
  0.4888000000000E+01  0.2366047E+01  0.1121743E+01  0.7740476E+01 -0.1093902E+00 -0.5666296E-01 -0.3889821E+00  0.3311165E+02  0.9461911E-01  0.6886885E+03  0.9188835E+02
  0.4896000000000E+01  0.2375102E+01  0.1131813E+01  0.7737159E+01 -0.1098429E+00 -0.5658247E-01 -0.3848114E+00  0.3309617E+02  0.9452893E-01  0.6892034E+03  0.9190383E+02
  0.4904000000000E+01  0.2384233E+01  0.1141428E+01  0.7733385E+01 -0.1102947E+00 -0.5647594E-01 -0.3806997E+00  0.3308028E+02  0.9443267E-01  0.6897226E+03  0.9191972E+02
  0.4912000000000E+01  0.2393439E+01  0.1150708E+01  0.7729211E+01 -0.1107455E+00 -0.5635930E-01 -0.3767162E+00  0.3306400E+02  0.9433066E-01  0.6902457E+03  0.9193600E+02
  0.4920000000000E+01  0.2402717E+01  0.1159780E+01  0.7724681E+01 -0.1111955E+00 -0.5625018E-01 -0.3729285E+00  0.3304735E+02  0.9422317E-01  0.6907726E+03  0.9195265E+02
  0.4928000000000E+01  0.2412067E+01  0.1168727E+01  0.7719822E+01 -0.1116448E+00 -0.5616250E-01 -0.3693851E+00  0.3303033E+02  0.9411044E-01  0.6913033E+03  0.9196967E+02
  0.4936000000000E+01  0.2421488E+01  0.1177571E+01  0.7714641E+01 -0.1120937E+00 -0.5610359E-01 -0.3661088E+00  0.3301297E+02  0.9399273E-01  0.6918376E+03  0.9198703E+02
  0.4944000000000E+01  0.2430978E+01  0.1186277E+01  0.7709141E+01 -0.1125423E+00 -0.5607447E-01 -0.3631022E+00  0.3299527E+02  0.9387036E-01  0.6923756E+03  0.9200473E+02
  0.4952000000000E+01  0.2440536E+01  0.1194788E+01  0.7703321E+01 -0.1129909E+00 -0.5607283E-01 -0.3603611E+00  0.3297724E+02  0.9374369E-01  0.6929170E+03  0.9202276E+02
  0.4960000000000E+01  0.2450160E+01  0.1203053E+01  0.7697191E+01 -0.1134396E+00 -0.5609691E-01 -0.3578887E+00  0.3295890E+02  0.9361306E-01  0.6934617E+03  0.9204110E+02
  0.4968000000000E+01  0.2459849E+01  0.1211065E+01  0.7690773E+01 -0.1138888E+00 -0.5614897E-01 -0.3557060E+00  0.3294026E+02  0.9347878E-01  0.6940097E+03  0.9205974E+02
  0.4976000000000E+01  0.2469600E+01  0.1218873E+01  0.7684103E+01 -0.1143387E+00 -0.5623730E-01 -0.3538569E+00  0.3292134E+02  0.9334104E-01  0.6945607E+03  0.9207866E+02
  0.4984000000000E+01  0.2479413E+01  0.1226588E+01  0.7677222E+01 -0.1147897E+00 -0.5637681E-01 -0.3524087E+00  0.3290215E+02  0.9319991E-01  0.6951147E+03  0.9209785E+02
  0.4992000000000E+01  0.2489288E+01  0.1234366E+01  0.7670174E+01 -0.1152424E+00 -0.5658832E-01 -0.3514501E+00  0.3288269E+02  0.9305529E-01  0.6956717E+03  0.9211731E+02
  0.5000000000000E+01  0.2499227E+01  0.1242382E+01  0.7662993E+01 -0.1156976E+00 -0.5689701E-01 -0.3510879E+00  0.3286295E+02  0.9290696E-01  0.6962319E+03  0.9213705E+02
  0.5008000000000E+01  0.2509233E+01  0.1250789E+01  0.7655692E+01 -0.1161563E+00 -0.5733035E-01 -0.3514420E+00  0.3284292E+02  0.9275462E-01  0.6967953E+03  0.9215708E+02
  0.5016000000000E+01  0.2519310E+01  0.1259681E+01  0.7648267E+01 -0.1166196E+00 -0.5791580E-01 -0.3526384E+00  0.3282257E+02  0.9259799E-01  0.6973622E+03  0.9217743E+02
  0.5024000000000E+01  0.2529463E+01  0.1269080E+01  0.7640689E+01 -0.1170890E+00 -0.5867890E-01 -0.3548033E+00  0.3280188E+02  0.9243681E-01  0.6979329E+03  0.9219812E+02
  0.5032000000000E+01  0.2539695E+01  0.1278932E+01  0.7632917E+01 -0.1175662E+00 -0.5964257E-01 -0.3580598E+00  0.3278085E+02  0.9227093E-01  0.6985074E+03  0.9221915E+02
  0.5040000000000E+01  0.2550008E+01  0.1289138E+01  0.7624911E+01 -0.1180528E+00 -0.6082817E-01 -0.3625306E+00  0.3275946E+02  0.9210030E-01  0.6990859E+03  0.9224054E+02
  0.5048000000000E+01  0.2560404E+01  0.1299594E+01  0.7616636E+01 -0.1185509E+00 -0.6225813E-01 -0.3683437E+00  0.3273769E+02  0.9192494E-01  0.6996686E+03  0.9226231E+02
  0.5056000000000E+01  0.2570886E+01  0.1310237E+01  0.7608072E+01 -0.1190625E+00 -0.6395908E-01 -0.3756384E+00  0.3271555E+02  0.9174483E-01  0.7002555E+03  0.9228445E+02
  0.5064000000000E+01  0.2581455E+01  0.1321068E+01  0.7599216E+01 -0.1195902E+00 -0.6596391E-01 -0.3845626E+00  0.3269304E+02  0.9155995E-01  0.7008467E+03  0.9230696E+02
  0.5072000000000E+01  0.2592112E+01  0.1332153E+01  0.7590072E+01 -0.1201367E+00 -0.6831103E-01 -0.3952621E+00  0.3267014E+02  0.9137014E-01  0.7014422E+03  0.9232986E+02
  0.5080000000000E+01  0.2602861E+01  0.1343598E+01  0.7580643E+01 -0.1207050E+00 -0.7104075E-01 -0.4078585E+00  0.3264684E+02  0.9117520E-01  0.7020422E+03  0.9235316E+02
  0.5088000000000E+01  0.2613705E+01  0.1355514E+01  0.7570925E+01 -0.1212986E+00 -0.7418932E-01 -0.4224244E+00  0.3262313E+02  0.9097485E-01  0.7026470E+03  0.9237687E+02
  0.5096000000000E+01  0.2624649E+01  0.1367976E+01  0.7560902E+01 -0.1219208E+00 -0.7778231E-01 -0.4389603E+00  0.3259898E+02  0.9076881E-01  0.7032567E+03  0.9240102E+02
  0.5104000000000E+01  0.2635697E+01  0.1381000E+01  0.7550546E+01 -0.1225755E+00 -0.8182906E-01 -0.4573801E+00  0.3257438E+02  0.9055687E-01  0.7038715E+03  0.9242562E+02
  0.5112000000000E+01  0.2646853E+01  0.1394539E+01  0.7539821E+01 -0.1232660E+00 -0.8631882E-01 -0.4775039E+00  0.3254930E+02  0.9033889E-01  0.7044918E+03  0.9245070E+02
  0.5120000000000E+01  0.2658121E+01  0.1408489E+01  0.7528693E+01 -0.1239958E+00 -0.9121904E-01 -0.4990592E+00  0.3252374E+02  0.9011490E-01  0.7051176E+03  0.9247626E+02
  0.5128000000000E+01  0.2669503E+01  0.1422707E+01  0.7517139E+01 -0.1247676E+00 -0.9647533E-01 -0.5216886E+00  0.3249768E+02  0.8988504E-01  0.7057491E+03  0.9250232E+02
  0.5136000000000E+01  0.2680999E+01  0.1437041E+01  0.7505150E+01 -0.1255837E+00 -0.1020131E+00 -0.5449605E+00  0.3247112E+02  0.8964957E-01  0.7063863E+03  0.9252888E+02
  0.5144000000000E+01  0.2692610E+01  0.1451358E+01  0.7492741E+01 -0.1264456E+00 -0.1077408E+00 -0.5683865E+00  0.3244408E+02  0.8940883E-01  0.7070291E+03  0.9255592E+02
  0.5152000000000E+01  0.2704334E+01  0.1465558E+01  0.7479949E+01 -0.1273540E+00 -0.1135541E+00 -0.5914419E+00  0.3241657E+02  0.8916323E-01  0.7076774E+03  0.9258343E+02
  0.5160000000000E+01  0.2716171E+01  0.1479587E+01  0.7466828E+01 -0.1283088E+00 -0.1193414E+00 -0.6135907E+00  0.3238859E+02  0.8891317E-01  0.7083312E+03  0.9261141E+02
  0.5168000000000E+01  0.2728118E+01  0.1493425E+01  0.7453444E+01 -0.1293087E+00 -0.1249882E+00 -0.6343115E+00  0.3236017E+02  0.8865906E-01  0.7089903E+03  0.9263983E+02
  0.5176000000000E+01  0.2740175E+01  0.1507056E+01  0.7439863E+01 -0.1303517E+00 -0.1303811E+00 -0.6531240E+00  0.3233132E+02  0.8840137E-01  0.7096546E+03  0.9266868E+02
  0.5184000000000E+01  0.2752338E+01  0.1520440E+01  0.7426141E+01 -0.1314350E+00 -0.1354107E+00 -0.6696127E+00  0.3230206E+02  0.8814062E-01  0.7103239E+03  0.9269794E+02
  0.5192000000000E+01  0.2764606E+01  0.1533481E+01  0.7412322E+01 -0.1325548E+00 -0.1399745E+00 -0.6834486E+00  0.3227241E+02  0.8787745E-01  0.7109979E+03  0.9272759E+02
  0.5200000000000E+01  0.2776974E+01  0.1546022E+01  0.7398435E+01 -0.1337066E+00 -0.1439805E+00 -0.6944058E+00  0.3224241E+02  0.8761265E-01  0.7116765E+03  0.9275759E+02
  0.5208000000000E+01  0.2789437E+01  0.1557862E+01  0.7384499E+01 -0.1348855E+00 -0.1473537E+00 -0.7023729E+00  0.3221209E+02  0.8734716E-01  0.7123592E+03  0.9278791E+02
  0.5216000000000E+01  0.2801988E+01  0.1568784E+01  0.7370528E+01 -0.1360858E+00 -0.1500412E+00 -0.7073535E+00  0.3218150E+02  0.8708202E-01  0.7130455E+03  0.9281850E+02
  0.5224000000000E+01  0.2814616E+01  0.1578598E+01  0.7356539E+01 -0.1373019E+00 -0.1520178E+00 -0.7094572E+00  0.3215070E+02  0.8681835E-01  0.7137350E+03  0.9284930E+02
  0.5232000000000E+01  0.2827314E+01  0.1587173E+01  0.7342554E+01 -0.1385282E+00 -0.1532872E+00 -0.7088810E+00  0.3211975E+02  0.8655723E-01  0.7144269E+03  0.9288025E+02
  0.5240000000000E+01  0.2840069E+01  0.1594456E+01  0.7328602E+01 -0.1397593E+00 -0.1538804E+00 -0.7058839E+00  0.3208871E+02  0.8629968E-01  0.7151207E+03  0.9291129E+02
  0.5248000000000E+01  0.2852873E+01  0.1600471E+01  0.7314715E+01 -0.1409901E+00 -0.1538508E+00 -0.7007610E+00  0.3205764E+02  0.8604660E-01  0.7158157E+03  0.9294236E+02
  0.5256000000000E+01  0.2865716E+01  0.1605313E+01  0.7300930E+01 -0.1422162E+00 -0.1532668E+00 -0.6938207E+00  0.3202660E+02  0.8579871E-01  0.7165114E+03  0.9297340E+02
  0.5264000000000E+01  0.2878589E+01  0.1609120E+01  0.7287282E+01 -0.1434339E+00 -0.1522051E+00 -0.6853656E+00  0.3199562E+02  0.8555657E-01  0.7172073E+03  0.9300438E+02
  0.5272000000000E+01  0.2891485E+01  0.1612050E+01  0.7273799E+01 -0.1446398E+00 -0.1507432E+00 -0.6756784E+00  0.3196476E+02  0.8532061E-01  0.7179031E+03  0.9303524E+02
  0.5280000000000E+01  0.2904399E+01  0.1614248E+01  0.7260503E+01 -0.1458314E+00 -0.1489533E+00 -0.6650100E+00  0.3193404E+02  0.8509113E-01  0.7185983E+03  0.9306596E+02
  0.5288000000000E+01  0.2917326E+01  0.1615825E+01  0.7247403E+01 -0.1470066E+00 -0.1468973E+00 -0.6535705E+00  0.3190349E+02  0.8486837E-01  0.7192928E+03  0.9309651E+02
  0.5296000000000E+01  0.2930260E+01  0.1616846E+01  0.7234504E+01 -0.1481636E+00 -0.1446242E+00 -0.6415255E+00  0.3187312E+02  0.8465252E-01  0.7199862E+03  0.9312688E+02
  0.5304000000000E+01  0.2943199E+01  0.1617333E+01  0.7221805E+01 -0.1493010E+00 -0.1421691E+00 -0.6289973E+00  0.3184296E+02  0.8444378E-01  0.7206784E+03  0.9315704E+02
  0.5312000000000E+01  0.2956137E+01  0.1617282E+01  0.7209305E+01 -0.1504174E+00 -0.1395563E+00 -0.6160721E+00  0.3181303E+02  0.8424232E-01  0.7213692E+03  0.9318697E+02
  0.5320000000000E+01  0.2969071E+01  0.1616677E+01  0.7197004E+01 -0.1515118E+00 -0.1368027E+00 -0.6028121E+00  0.3178334E+02  0.8404833E-01  0.7220583E+03  0.9321666E+02
  0.5328000000000E+01  0.2981995E+01  0.1615511E+01  0.7184907E+01 -0.1525832E+00 -0.1339224E+00 -0.5892676E+00  0.3175392E+02  0.8386195E-01  0.7227455E+03  0.9324608E+02
  0.5336000000000E+01  0.2994905E+01  0.1613793E+01  0.7173018E+01 -0.1536306E+00 -0.1309295E+00 -0.5754879E+00  0.3172478E+02  0.8368333E-01  0.7234305E+03  0.9327522E+02
  0.5344000000000E+01  0.3007797E+01  0.1611547E+01  0.7161346E+01 -0.1546534E+00 -0.1278402E+00 -0.5615287E+00  0.3169594E+02  0.8351255E-01  0.7241133E+03  0.9330406E+02
  0.5352000000000E+01  0.3020668E+01  0.1608804E+01  0.7149896E+01 -0.1556508E+00 -0.1246735E+00 -0.5474563E+00  0.3166741E+02  0.8334967E-01  0.7247936E+03  0.9333259E+02
  0.5360000000000E+01  0.3033513E+01  0.1605600E+01  0.7138672E+01 -0.1566224E+00 -0.1214514E+00 -0.5333489E+00  0.3163922E+02  0.8319472E-01  0.7254712E+03  0.9336078E+02
  0.5368000000000E+01  0.3046328E+01  0.1601966E+01  0.7127677E+01 -0.1575679E+00 -0.1181977E+00 -0.5192951E+00  0.3161137E+02  0.8304771E-01  0.7261460E+03  0.9338863E+02
  0.5376000000000E+01  0.3059112E+01  0.1597929E+01  0.7116911E+01 -0.1584874E+00 -0.1149381E+00 -0.5053887E+00  0.3158387E+02  0.8290863E-01  0.7268178E+03  0.9341613E+02
  0.5384000000000E+01  0.3071860E+01  0.1593518E+01  0.7106374E+01 -0.1593810E+00 -0.1116982E+00 -0.4917210E+00  0.3155674E+02  0.8277743E-01  0.7274866E+03  0.9344326E+02
  0.5392000000000E+01  0.3084570E+01  0.1588761E+01  0.7096068E+01 -0.1602490E+00 -0.1085019E+00 -0.4783722E+00  0.3152997E+02  0.8265405E-01  0.7281522E+03  0.9347003E+02
  0.5400000000000E+01  0.3097240E+01  0.1583694E+01  0.7085997E+01 -0.1610920E+00 -0.1053695E+00 -0.4654041E+00  0.3150358E+02  0.8253840E-01  0.7288145E+03  0.9349642E+02
  0.5408000000000E+01  0.3109867E+01  0.1578363E+01  0.7076168E+01 -0.1619105E+00 -0.1023170E+00 -0.4528559E+00  0.3147757E+02  0.8243033E-01  0.7294734E+03  0.9352243E+02
  0.5416000000000E+01  0.3122449E+01  0.1572829E+01  0.7066588E+01 -0.1627054E+00 -0.9935541E-01 -0.4407451E+00  0.3145194E+02  0.8232968E-01  0.7301289E+03  0.9354806E+02
  0.5424000000000E+01  0.3134986E+01  0.1567162E+01  0.7057269E+01 -0.1634773E+00 -0.9649121E-01 -0.4290716E+00  0.3142670E+02  0.8223621E-01  0.7307811E+03  0.9357330E+02
  0.5432000000000E+01  0.3147478E+01  0.1561433E+01  0.7048215E+01 -0.1642271E+00 -0.9372712E-01 -0.4178226E+00  0.3140182E+02  0.8214968E-01  0.7314298E+03  0.9359818E+02
  0.5440000000000E+01  0.3159924E+01  0.1555698E+01  0.7039429E+01 -0.1649556E+00 -0.9106255E-01 -0.4069789E+00  0.3137732E+02  0.8206984E-01  0.7320751E+03  0.9362268E+02
  0.5448000000000E+01  0.3172323E+01  0.1549987E+01  0.7030905E+01 -0.1656636E+00 -0.8849417E-01 -0.3965186E+00  0.3135318E+02  0.8199642E-01  0.7327172E+03  0.9364682E+02
  0.5456000000000E+01  0.3184678E+01  0.1544299E+01  0.7022633E+01 -0.1663517E+00 -0.8601670E-01 -0.3864210E+00  0.3132940E+02  0.8192922E-01  0.7333560E+03  0.9367060E+02
  0.5464000000000E+01  0.3196987E+01  0.1538603E+01  0.7014598E+01 -0.1670207E+00 -0.8362402E-01 -0.3766699E+00  0.3130596E+02  0.8186806E-01  0.7339915E+03  0.9369404E+02
  0.5472000000000E+01  0.3209249E+01  0.1532850E+01  0.7006785E+01 -0.1676712E+00 -0.8131057E-01 -0.3672561E+00  0.3128287E+02  0.8181281E-01  0.7346238E+03  0.9371713E+02
  0.5480000000000E+01  0.3221465E+01  0.1526991E+01  0.6999181E+01 -0.1683038E+00 -0.7907261E-01 -0.3581774E+00  0.3126012E+02  0.8176336E-01  0.7352529E+03  0.9373988E+02
  0.5488000000000E+01  0.3233633E+01  0.1520991E+01  0.6991780E+01 -0.1689190E+00 -0.7690895E-01 -0.3494383E+00  0.3123772E+02  0.8171962E-01  0.7358787E+03  0.9376228E+02
  0.5496000000000E+01  0.3245752E+01  0.1514843E+01  0.6984579E+01 -0.1695176E+00 -0.7482084E-01 -0.3410469E+00  0.3121566E+02  0.8168148E-01  0.7365012E+03  0.9378434E+02
  0.5504000000000E+01  0.3257821E+01  0.1508568E+01  0.6977583E+01 -0.1701001E+00 -0.7281136E-01 -0.3330111E+00  0.3119395E+02  0.8164881E-01  0.7371203E+03  0.9380605E+02
  0.5512000000000E+01  0.3269838E+01  0.1502220E+01  0.6970800E+01 -0.1706672E+00 -0.7088438E-01 -0.3253363E+00  0.3117258E+02  0.8162143E-01  0.7377362E+03  0.9382742E+02
  0.5520000000000E+01  0.3281805E+01  0.1495870E+01  0.6964240E+01 -0.1712195E+00 -0.6904349E-01 -0.3180225E+00  0.3115155E+02  0.8159911E-01  0.7383487E+03  0.9384845E+02
  0.5528000000000E+01  0.3293722E+01  0.1489594E+01  0.6957910E+01 -0.1717579E+00 -0.6729090E-01 -0.3110641E+00  0.3113085E+02  0.8158161E-01  0.7389580E+03  0.9386915E+02
  0.5536000000000E+01  0.3305590E+01  0.1483455E+01  0.6951810E+01 -0.1722829E+00 -0.6562664E-01 -0.3044489E+00  0.3111046E+02  0.8156866E-01  0.7395642E+03  0.9388954E+02
  0.5544000000000E+01  0.3317410E+01  0.1477487E+01  0.6945934E+01 -0.1727953E+00 -0.6404803E-01 -0.2981589E+00  0.3109039E+02  0.8155999E-01  0.7401673E+03  0.9390961E+02
  0.5552000000000E+01  0.3329183E+01  0.1471688E+01  0.6940269E+01 -0.1732956E+00 -0.6254969E-01 -0.2921713E+00  0.3107061E+02  0.8155539E-01  0.7407675E+03  0.9392939E+02
  0.5560000000000E+01  0.3340911E+01  0.1466023E+01  0.6934799E+01 -0.1737846E+00 -0.6112421E-01 -0.2864607E+00  0.3105111E+02  0.8155468E-01  0.7413647E+03  0.9394889E+02
  0.5568000000000E+01  0.3352595E+01  0.1460438E+01  0.6929507E+01 -0.1742627E+00 -0.5976330E-01 -0.2810024E+00  0.3103189E+02  0.8155772E-01  0.7419592E+03  0.9396811E+02
  0.5576000000000E+01  0.3364234E+01  0.1454877E+01  0.6924376E+01 -0.1747304E+00 -0.5845927E-01 -0.2757750E+00  0.3101295E+02  0.8156441E-01  0.7425508E+03  0.9398705E+02
  0.5584000000000E+01  0.3375828E+01  0.1449295E+01  0.6919398E+01 -0.1751881E+00 -0.5720616E-01 -0.2707632E+00  0.3099427E+02  0.8157468E-01  0.7431397E+03  0.9400573E+02
  0.5592000000000E+01  0.3387378E+01  0.1443673E+01  0.6914569E+01 -0.1756361E+00 -0.5600049E-01 -0.2659587E+00  0.3097587E+02  0.8158844E-01  0.7437259E+03  0.9402413E+02
  0.5600000000000E+01  0.3398882E+01  0.1438017E+01  0.6909890E+01 -0.1760748E+00 -0.5484121E-01 -0.2613585E+00  0.3095773E+02  0.8160558E-01  0.7443092E+03  0.9404227E+02
  0.5608000000000E+01  0.3410341E+01  0.1432359E+01  0.6905365E+01 -0.1765046E+00 -0.5372913E-01 -0.2569638E+00  0.3093986E+02  0.8162599E-01  0.7448898E+03  0.9406014E+02
  0.5616000000000E+01  0.3421755E+01  0.1426744E+01  0.6901000E+01 -0.1769260E+00 -0.5266603E-01 -0.2527766E+00  0.3092224E+02  0.8164950E-01  0.7454677E+03  0.9407776E+02
  0.5624000000000E+01  0.3433124E+01  0.1421222E+01  0.6896798E+01 -0.1773392E+00 -0.5165361E-01 -0.2487975E+00  0.3090488E+02  0.8167595E-01  0.7460429E+03  0.9409512E+02
  0.5632000000000E+01  0.3444451E+01  0.1415832E+01  0.6892759E+01 -0.1777447E+00 -0.5069264E-01 -0.2450232E+00  0.3088776E+02  0.8170514E-01  0.7466156E+03  0.9411224E+02
  0.5640000000000E+01  0.3455736E+01  0.1410596E+01  0.6888878E+01 -0.1781430E+00 -0.4978226E-01 -0.2414460E+00  0.3087087E+02  0.8173691E-01  0.7471857E+03  0.9412913E+02
  0.5648000000000E+01  0.3466980E+01  0.1405514E+01  0.6885148E+01 -0.1785344E+00 -0.4891985E-01 -0.2380536E+00  0.3085420E+02  0.8177109E-01  0.7477534E+03  0.9414580E+02
  0.5656000000000E+01  0.3478184E+01  0.1400564E+01  0.6881554E+01 -0.1789192E+00 -0.4810126E-01 -0.2348300E+00  0.3083776E+02  0.8180756E-01  0.7483187E+03  0.9416224E+02
  0.5664000000000E+01  0.3489350E+01  0.1395713E+01  0.6878086E+01 -0.1792977E+00 -0.4732148E-01 -0.2317580E+00  0.3082152E+02  0.8184621E-01  0.7488818E+03  0.9417848E+02
  0.5672000000000E+01  0.3500477E+01  0.1390923E+01  0.6874732E+01 -0.1796703E+00 -0.4657554E-01 -0.2288215E+00  0.3080549E+02  0.8188696E-01  0.7494426E+03  0.9419451E+02
  0.5680000000000E+01  0.3511567E+01  0.1386170E+01  0.6871486E+01 -0.1800372E+00 -0.4585931E-01 -0.2260075E+00  0.3078966E+02  0.8192975E-01  0.7500011E+03  0.9421034E+02
  0.5688000000000E+01  0.3522618E+01  0.1381439E+01  0.6868344E+01 -0.1803986E+00 -0.4516997E-01 -0.2233076E+00  0.3077402E+02  0.8197450E-01  0.7505574E+03  0.9422598E+02
  0.5696000000000E+01  0.3533632E+01  0.1376732E+01  0.6865304E+01 -0.1807546E+00 -0.4450616E-01 -0.2207176E+00  0.3075859E+02  0.8202115E-01  0.7511116E+03  0.9424141E+02
  0.5704000000000E+01  0.3544609E+01  0.1372065E+01  0.6862369E+01 -0.1811056E+00 -0.4386769E-01 -0.2182365E+00  0.3074334E+02  0.8206961E-01  0.7516635E+03  0.9425666E+02
  0.5712000000000E+01  0.3555548E+01  0.1367456E+01  0.6859539E+01 -0.1814516E+00 -0.4325510E-01 -0.2158655E+00  0.3072828E+02  0.8211977E-01  0.7522134E+03  0.9427172E+02
  0.5720000000000E+01  0.3566452E+01  0.1362926E+01  0.6856813E+01 -0.1817930E+00 -0.4266906E-01 -0.2136053E+00  0.3071341E+02  0.8217154E-01  0.7527611E+03  0.9428659E+02
  0.5728000000000E+01  0.3577320E+01  0.1358490E+01  0.6854191E+01 -0.1821298E+00 -0.4210989E-01 -0.2114554E+00  0.3069871E+02  0.8222482E-01  0.7533068E+03  0.9430129E+02
  0.5736000000000E+01  0.3588153E+01  0.1354155E+01  0.6851669E+01 -0.1824625E+00 -0.4157725E-01 -0.2094125E+00  0.3068418E+02  0.8227950E-01  0.7538505E+03  0.9431582E+02
  0.5744000000000E+01  0.3598952E+01  0.1349920E+01  0.6849241E+01 -0.1827910E+00 -0.4106992E-01 -0.2074705E+00  0.3066982E+02  0.8233549E-01  0.7543923E+03  0.9433018E+02
  0.5752000000000E+01  0.3609718E+01  0.1345775E+01  0.6846901E+01 -0.1831157E+00 -0.4058598E-01 -0.2056211E+00  0.3065562E+02  0.8239272E-01  0.7549322E+03  0.9434438E+02
  0.5760000000000E+01  0.3620452E+01  0.1341709E+01  0.6844644E+01 -0.1834367E+00 -0.4012307E-01 -0.2038549E+00  0.3064157E+02  0.8245110E-01  0.7554702E+03  0.9435843E+02
  0.5768000000000E+01  0.3631154E+01  0.1337709E+01  0.6842465E+01 -0.1837541E+00 -0.3967883E-01 -0.2021629E+00  0.3062768E+02  0.8251058E-01  0.7560065E+03  0.9437232E+02
  0.5776000000000E+01  0.3641824E+01  0.1333767E+01  0.6840359E+01 -0.1840681E+00 -0.3925125E-01 -0.2005377E+00  0.3061393E+02  0.8257110E-01  0.7565409E+03  0.9438607E+02
  0.5784000000000E+01  0.3652463E+01  0.1329880E+01  0.6838325E+01 -0.1843788E+00 -0.3883887E-01 -0.1989742E+00  0.3060032E+02  0.8263260E-01  0.7570736E+03  0.9439968E+02
  0.5792000000000E+01  0.3663071E+01  0.1326047E+01  0.6836360E+01 -0.1846864E+00 -0.3844083E-01 -0.1974696E+00  0.3058686E+02  0.8269502E-01  0.7576045E+03  0.9441314E+02
  0.5800000000000E+01  0.3673650E+01  0.1322269E+01  0.6834461E+01 -0.1849908E+00 -0.3805667E-01 -0.1960223E+00  0.3057354E+02  0.8275832E-01  0.7581338E+03  0.9442646E+02
  0.5808000000000E+01  0.3684198E+01  0.1318548E+01  0.6832627E+01 -0.1852923E+00 -0.3768620E-01 -0.1946320E+00  0.3056035E+02  0.8282244E-01  0.7586613E+03  0.9443965E+02
  0.5816000000000E+01  0.3694717E+01  0.1314885E+01  0.6830856E+01 -0.1855909E+00 -0.3732930E-01 -0.1932985E+00  0.3054729E+02  0.8288731E-01  0.7591873E+03  0.9445271E+02
  0.5824000000000E+01  0.3705207E+01  0.1311280E+01  0.6829145E+01 -0.1858868E+00 -0.3698581E-01 -0.1920209E+00  0.3053436E+02  0.8295291E-01  0.7597116E+03  0.9446564E+02
  0.5832000000000E+01  0.3715669E+01  0.1307730E+01  0.6827491E+01 -0.1861801E+00 -0.3665543E-01 -0.1907980E+00  0.3052155E+02  0.8301916E-01  0.7602343E+03  0.9447845E+02
  0.5840000000000E+01  0.3726103E+01  0.1304235E+01  0.6825893E+01 -0.1864708E+00 -0.3633767E-01 -0.1896272E+00  0.3050886E+02  0.8308604E-01  0.7607555E+03  0.9449114E+02
  0.5848000000000E+01  0.3736509E+01  0.1300796E+01  0.6824349E+01 -0.1867590E+00 -0.3603183E-01 -0.1885048E+00  0.3049630E+02  0.8315348E-01  0.7612752E+03  0.9450370E+02
  0.5856000000000E+01  0.3746889E+01  0.1297412E+01  0.6822857E+01 -0.1870449E+00 -0.3573711E-01 -0.1874269E+00  0.3048384E+02  0.8322145E-01  0.7617934E+03  0.9451616E+02
  0.5864000000000E+01  0.3757241E+01  0.1294086E+01  0.6821416E+01 -0.1873285E+00 -0.3545269E-01 -0.1863891E+00  0.3047150E+02  0.8328990E-01  0.7623101E+03  0.9452850E+02
  0.5872000000000E+01  0.3767568E+01  0.1290821E+01  0.6820025E+01 -0.1876100E+00 -0.3517781E-01 -0.1853879E+00  0.3045927E+02  0.8335878E-01  0.7628253E+03  0.9454073E+02
  0.5880000000000E+01  0.3777869E+01  0.1287619E+01  0.6818681E+01 -0.1878893E+00 -0.3491185E-01 -0.1844205E+00  0.3044715E+02  0.8342804E-01  0.7633391E+03  0.9455285E+02
  0.5888000000000E+01  0.3788145E+01  0.1284479E+01  0.6817382E+01 -0.1881665E+00 -0.3465426E-01 -0.1834848E+00  0.3043513E+02  0.8349764E-01  0.7638516E+03  0.9456487E+02
  0.5896000000000E+01  0.3798396E+01  0.1281396E+01  0.6816125E+01 -0.1884417E+00 -0.3440454E-01 -0.1825793E+00  0.3042321E+02  0.8356755E-01  0.7643627E+03  0.9457679E+02
  0.5904000000000E+01  0.3808623E+01  0.1278360E+01  0.6814905E+01 -0.1887150E+00 -0.3416220E-01 -0.1817028E+00  0.3041138E+02  0.8363775E-01  0.7648725E+03  0.9458862E+02
  0.5912000000000E+01  0.3818826E+01  0.1275362E+01  0.6813720E+01 -0.1889864E+00 -0.3392674E-01 -0.1808546E+00  0.3039965E+02  0.8370820E-01  0.7653809E+03  0.9460035E+02
  0.5920000000000E+01  0.3829005E+01  0.1272395E+01  0.6812567E+01 -0.1892560E+00 -0.3369778E-01 -0.1800336E+00  0.3038802E+02  0.8377890E-01  0.7658881E+03  0.9461198E+02
  0.5928000000000E+01  0.3839160E+01  0.1269454E+01  0.6811445E+01 -0.1895238E+00 -0.3347505E-01 -0.1792394E+00  0.3037647E+02  0.8384982E-01  0.7663940E+03  0.9462353E+02
  0.5936000000000E+01  0.3849293E+01  0.1266541E+01  0.6810354E+01 -0.1897899E+00 -0.3325842E-01 -0.1784712E+00  0.3036502E+02  0.8392094E-01  0.7668986E+03  0.9463498E+02
  0.5944000000000E+01  0.3859402E+01  0.1263662E+01  0.6809295E+01 -0.1900543E+00 -0.3304787E-01 -0.1777279E+00  0.3035366E+02  0.8399224E-01  0.7674019E+03  0.9464634E+02
  0.5952000000000E+01  0.3869489E+01  0.1260825E+01  0.6808269E+01 -0.1903170E+00 -0.3284335E-01 -0.1770082E+00  0.3034238E+02  0.8406368E-01  0.7679040E+03  0.9465762E+02
  0.5960000000000E+01  0.3879553E+01  0.1258040E+01  0.6807277E+01 -0.1905782E+00 -0.3264477E-01 -0.1763103E+00  0.3033119E+02  0.8413522E-01  0.7684049E+03  0.9466881E+02
  0.5968000000000E+01  0.3889595E+01  0.1255313E+01  0.6806317E+01 -0.1908378E+00 -0.3245189E-01 -0.1756324E+00  0.3032008E+02  0.8420683E-01  0.7689046E+03  0.9467992E+02
  0.5976000000000E+01  0.3899617E+01  0.1252646E+01  0.6805387E+01 -0.1910959E+00 -0.3226438E-01 -0.1749724E+00  0.3030905E+02  0.8427848E-01  0.7694032E+03  0.9469095E+02
  0.5984000000000E+01  0.3909617E+01  0.1250034E+01  0.6804486E+01 -0.1913526E+00 -0.3208180E-01 -0.1743291E+00  0.3029809E+02  0.8435013E-01  0.7699006E+03  0.9470191E+02
  0.5992000000000E+01  0.3919597E+01  0.1247468E+01  0.6803608E+01 -0.1916078E+00 -0.3190365E-01 -0.1737012E+00  0.3028721E+02  0.8442178E-01  0.7703970E+03  0.9471279E+02
  0.6000000000000E+01  0.3929556E+01  0.1244937E+01  0.6802750E+01 -0.1918616E+00 -0.3172943E-01 -0.1730881E+00  0.3027641E+02  0.8449340E-01  0.7708922E+03  0.9472359E+02
  0.6008000000000E+01  0.3939496E+01  0.1242428E+01  0.6801910E+01 -0.1921141E+00 -0.3155877E-01 -0.1724893E+00  0.3026567E+02  0.8456500E-01  0.7713863E+03  0.9473433E+02
  0.6016000000000E+01  0.3949415E+01  0.1239933E+01  0.6801085E+01 -0.1923652E+00 -0.3139140E-01 -0.1719048E+00  0.3025501E+02  0.8463657E-01  0.7718794E+03  0.9474499E+02
  0.6024000000000E+01  0.3959315E+01  0.1237452E+01  0.6800277E+01 -0.1926151E+00 -0.3122729E-01 -0.1713348E+00  0.3024441E+02  0.8470812E-01  0.7723714E+03  0.9475559E+02
  0.6032000000000E+01  0.3969195E+01  0.1234989E+01  0.6799486E+01 -0.1928636E+00 -0.3106661E-01 -0.1707797E+00  0.3023389E+02  0.8477962E-01  0.7728623E+03  0.9476611E+02
  0.6040000000000E+01  0.3979055E+01  0.1232552E+01  0.6798714E+01 -0.1931109E+00 -0.3090962E-01 -0.1702399E+00  0.3022343E+02  0.8485106E-01  0.7733522E+03  0.9477657E+02
  0.6048000000000E+01  0.3988896E+01  0.1230152E+01  0.6797962E+01 -0.1933569E+00 -0.3075660E-01 -0.1697153E+00  0.3021304E+02  0.8492241E-01  0.7738410E+03  0.9478696E+02
  0.6056000000000E+01  0.3998719E+01  0.1227797E+01  0.6797232E+01 -0.1936018E+00 -0.3060768E-01 -0.1692054E+00  0.3020271E+02  0.8499365E-01  0.7743289E+03  0.9479729E+02
  0.6064000000000E+01  0.4008522E+01  0.1225492E+01  0.6796522E+01 -0.1938455E+00 -0.3046280E-01 -0.1687089E+00  0.3019245E+02  0.8506475E-01  0.7748157E+03  0.9480755E+02
  0.6072000000000E+01  0.4018308E+01  0.1223237E+01  0.6795831E+01 -0.1940881E+00 -0.3032165E-01 -0.1682241E+00  0.3018224E+02  0.8513568E-01  0.7753016E+03  0.9481776E+02
  0.6080000000000E+01  0.4028077E+01  0.1221026E+01  0.6795155E+01 -0.1943295E+00 -0.3018373E-01 -0.1677489E+00  0.3017210E+02  0.8520644E-01  0.7757865E+03  0.9482790E+02
  0.6088000000000E+01  0.4037827E+01  0.1218849E+01  0.6794491E+01 -0.1945699E+00 -0.3004842E-01 -0.1672816E+00  0.3016201E+02  0.8527702E-01  0.7762705E+03  0.9483799E+02
  0.6096000000000E+01  0.4047561E+01  0.1216695E+01  0.6793837E+01 -0.1948092E+00 -0.2991517E-01 -0.1668207E+00  0.3015198E+02  0.8534741E-01  0.7767536E+03  0.9484802E+02
  0.6104000000000E+01  0.4057277E+01  0.1214556E+01  0.6793191E+01 -0.1950475E+00 -0.2978357E-01 -0.1663656E+00  0.3014200E+02  0.8541762E-01  0.7772357E+03  0.9485800E+02
  0.6112000000000E+01  0.4066977E+01  0.1212429E+01  0.6792553E+01 -0.1952847E+00 -0.2965348E-01 -0.1659165E+00  0.3013208E+02  0.8548765E-01  0.7777170E+03  0.9486792E+02
  0.6120000000000E+01  0.4076659E+01  0.1210314E+01  0.6791923E+01 -0.1955209E+00 -0.2952506E-01 -0.1654744E+00  0.3012221E+02  0.8555749E-01  0.7781973E+03  0.9487779E+02
  0.6128000000000E+01  0.4086325E+01  0.1208218E+01  0.6791304E+01 -0.1957561E+00 -0.2939868E-01 -0.1650406E+00  0.3011239E+02  0.8562713E-01  0.7786767E+03  0.9488761E+02
  0.6136000000000E+01  0.4095974E+01  0.1206152E+01  0.6790697E+01 -0.1959903E+00 -0.2927482E-01 -0.1646167E+00  0.3010263E+02  0.8569656E-01  0.7791553E+03  0.9489737E+02
  0.6144000000000E+01  0.4105607E+01  0.1204124E+01  0.6790103E+01 -0.1962235E+00 -0.2915394E-01 -0.1642035E+00  0.3009292E+02  0.8576575E-01  0.7796330E+03  0.9490708E+02
  0.6152000000000E+01  0.4115224E+01  0.1202141E+01  0.6789522E+01 -0.1964558E+00 -0.2903631E-01 -0.1638018E+00  0.3008325E+02  0.8583468E-01  0.7801098E+03  0.9491675E+02
  0.6160000000000E+01  0.4124826E+01  0.1200205E+01  0.6788952E+01 -0.1966872E+00 -0.2892196E-01 -0.1634110E+00  0.3007364E+02  0.8590333E-01  0.7805858E+03  0.9492636E+02
  0.6168000000000E+01  0.4134412E+01  0.1198310E+01  0.6788393E+01 -0.1969177E+00 -0.2881067E-01 -0.1630304E+00  0.3006407E+02  0.8597169E-01  0.7810610E+03  0.9493593E+02
  0.6176000000000E+01  0.4143984E+01  0.1196449E+01  0.6787839E+01 -0.1971473E+00 -0.2870201E-01 -0.1626583E+00  0.3005454E+02  0.8603975E-01  0.7815354E+03  0.9494546E+02
  0.6184000000000E+01  0.4153541E+01  0.1194611E+01  0.6787290E+01 -0.1973761E+00 -0.2859546E-01 -0.1622932E+00  0.3004505E+02  0.8610751E-01  0.7820090E+03  0.9495495E+02
  0.6192000000000E+01  0.4163083E+01  0.1192790E+01  0.6786742E+01 -0.1976040E+00 -0.2849056E-01 -0.1619338E+00  0.3003561E+02  0.8617498E-01  0.7824818E+03  0.9496439E+02
  0.6200000000000E+01  0.4172611E+01  0.1190979E+01  0.6786196E+01 -0.1978311E+00 -0.2838696E-01 -0.1615793E+00  0.3002621E+02  0.8624216E-01  0.7829539E+03  0.9497379E+02
  0.6208000000000E+01  0.4182125E+01  0.1189178E+01  0.6785652E+01 -0.1980574E+00 -0.2828460E-01 -0.1612296E+00  0.3001686E+02  0.8630905E-01  0.7834251E+03  0.9498314E+02
  0.6216000000000E+01  0.4191624E+01  0.1187392E+01  0.6785112E+01 -0.1982828E+00 -0.2818361E-01 -0.1608850E+00  0.3000754E+02  0.8637564E-01  0.7838956E+03  0.9499246E+02
  0.6224000000000E+01  0.4201109E+01  0.1185631E+01  0.6784578E+01 -0.1985075E+00 -0.2808431E-01 -0.1605464E+00  0.2999826E+02  0.8644192E-01  0.7843654E+03  0.9500174E+02
  0.6232000000000E+01  0.4210580E+01  0.1183904E+01  0.6784051E+01 -0.1987314E+00 -0.2798706E-01 -0.1602148E+00  0.2998903E+02  0.8650788E-01  0.7848344E+03  0.9501097E+02
  0.6240000000000E+01  0.4220038E+01  0.1182217E+01  0.6783532E+01 -0.1989546E+00 -0.2789219E-01 -0.1598906E+00  0.2997983E+02  0.8657348E-01  0.7853027E+03  0.9502017E+02
  0.6248000000000E+01  0.4229482E+01  0.1180576E+01  0.6783020E+01 -0.1991770E+00 -0.2779983E-01 -0.1595743E+00  0.2997067E+02  0.8663872E-01  0.7857703E+03  0.9502933E+02
  0.6256000000000E+01  0.4238914E+01  0.1178977E+01  0.6782514E+01 -0.1993986E+00 -0.2770997E-01 -0.1592656E+00  0.2996154E+02  0.8670357E-01  0.7862372E+03  0.9503846E+02
  0.6264000000000E+01  0.4248333E+01  0.1177416E+01  0.6782010E+01 -0.1996196E+00 -0.2762240E-01 -0.1589639E+00  0.2995244E+02  0.8676803E-01  0.7867034E+03  0.9504756E+02
  0.6272000000000E+01  0.4257741E+01  0.1175885E+01  0.6781506E+01 -0.1998399E+00 -0.2753679E-01 -0.1586685E+00  0.2994338E+02  0.8683209E-01  0.7871690E+03  0.9505662E+02
  0.6280000000000E+01  0.4267136E+01  0.1174374E+01  0.6781000E+01 -0.2000595E+00 -0.2745278E-01 -0.1583782E+00  0.2993434E+02  0.8689576E-01  0.7876339E+03  0.9506566E+02
  0.6288000000000E+01  0.4276519E+01  0.1172877E+01  0.6780492E+01 -0.2002785E+00 -0.2737003E-01 -0.1580920E+00  0.2992534E+02  0.8695904E-01  0.7880982E+03  0.9507466E+02
  0.6296000000000E+01  0.4285890E+01  0.1171393E+01  0.6779980E+01 -0.2004968E+00 -0.2728832E-01 -0.1578091E+00  0.2991637E+02  0.8702194E-01  0.7885618E+03  0.9508363E+02
  0.6304000000000E+01  0.4295249E+01  0.1169923E+01  0.6779467E+01 -0.2007145E+00 -0.2720758E-01 -0.1575289E+00  0.2990742E+02  0.8708444E-01  0.7890248E+03  0.9509258E+02
  0.6312000000000E+01  0.4304597E+01  0.1168474E+01  0.6778954E+01 -0.2009315E+00 -0.2712787E-01 -0.1572513E+00  0.2989851E+02  0.8714654E-01  0.7894872E+03  0.9510149E+02
  0.6320000000000E+01  0.4313933E+01  0.1167055E+01  0.6778442E+01 -0.2011479E+00 -0.2704938E-01 -0.1569764E+00  0.2988963E+02  0.8720823E-01  0.7899490E+03  0.9511037E+02
  0.6328000000000E+01  0.4323259E+01  0.1165672E+01  0.6777932E+01 -0.2013637E+00 -0.2697236E-01 -0.1567048E+00  0.2988077E+02  0.8726949E-01  0.7904101E+03  0.9511923E+02
  0.6336000000000E+01  0.4332573E+01  0.1164332E+01  0.6777426E+01 -0.2015788E+00 -0.2689700E-01 -0.1564368E+00  0.2987193E+02  0.8733029E-01  0.7908707E+03  0.9512807E+02
  0.6344000000000E+01  0.4341878E+01  0.1163035E+01  0.6776920E+01 -0.2017934E+00 -0.2682340E-01 -0.1561730E+00  0.2986312E+02  0.8739062E-01  0.7913307E+03  0.9513688E+02
  0.6352000000000E+01  0.4351172E+01  0.1161779E+01  0.6776414E+01 -0.2020074E+00 -0.2675157E-01 -0.1559135E+00  0.2985434E+02  0.8745047E-01  0.7917902E+03  0.9514566E+02
  0.6360000000000E+01  0.4360456E+01  0.1160558E+01  0.6775905E+01 -0.2022209E+00 -0.2668137E-01 -0.1556582E+00  0.2984557E+02  0.8750983E-01  0.7922491E+03  0.9515443E+02
  0.6368000000000E+01  0.4369731E+01  0.1159364E+01  0.6775390E+01 -0.2024338E+00 -0.2661261E-01 -0.1554070E+00  0.2983682E+02  0.8756871E-01  0.7927075E+03  0.9516318E+02
  0.6376000000000E+01  0.4378997E+01  0.1158190E+01  0.6774869E+01 -0.2026461E+00 -0.2654512E-01 -0.1551599E+00  0.2982810E+02  0.8762709E-01  0.7931654E+03  0.9517190E+02
  0.6384000000000E+01  0.4388253E+01  0.1157032E+01  0.6774340E+01 -0.2028580E+00 -0.2647875E-01 -0.1549166E+00  0.2981939E+02  0.8768499E-01  0.7936228E+03  0.9518061E+02
  0.6392000000000E+01  0.4397500E+01  0.1155888E+01  0.6773804E+01 -0.2030693E+00 -0.2641345E-01 -0.1546770E+00  0.2981070E+02  0.8774241E-01  0.7940797E+03  0.9518930E+02
  0.6400000000000E+01  0.4406738E+01  0.1154761E+01  0.6773262E+01 -0.2032801E+00 -0.2634927E-01 -0.1544409E+00  0.2980203E+02  0.8779934E-01  0.7945361E+03  0.9519797E+02
  0.6408000000000E+01  0.4415967E+01  0.1153658E+01  0.6772715E+01 -0.2034904E+00 -0.2628629E-01 -0.1542081E+00  0.2979338E+02  0.8785577E-01  0.7949920E+03  0.9520662E+02
  0.6416000000000E+01  0.4425188E+01  0.1152585E+01  0.6772164E+01 -0.2037002E+00 -0.2622462E-01 -0.1539783E+00  0.2978474E+02  0.8791169E-01  0.7954474E+03  0.9521526E+02
  0.6424000000000E+01  0.4434400E+01  0.1151549E+01  0.6771611E+01 -0.2039095E+00 -0.2616435E-01 -0.1537512E+00  0.2977612E+02  0.8796709E-01  0.7959023E+03  0.9522388E+02
  0.6432000000000E+01  0.4443605E+01  0.1150553E+01  0.6771054E+01 -0.2041183E+00 -0.2610549E-01 -0.1535265E+00  0.2976751E+02  0.8802194E-01  0.7963568E+03  0.9523249E+02
  0.6440000000000E+01  0.4452802E+01  0.1149597E+01  0.6770494E+01 -0.2043267E+00 -0.2604800E-01 -0.1533039E+00  0.2975892E+02  0.8807623E-01  0.7968109E+03  0.9524108E+02
  0.6448000000000E+01  0.4461991E+01  0.1148679E+01  0.6769926E+01 -0.2045346E+00 -0.2599175E-01 -0.1530832E+00  0.2975034E+02  0.8812996E-01  0.7972646E+03  0.9524966E+02
  0.6456000000000E+01  0.4471173E+01  0.1147792E+01  0.6769351E+01 -0.2047421E+00 -0.2593663E-01 -0.1528645E+00  0.2974176E+02  0.8818311E-01  0.7977178E+03  0.9525824E+02
  0.6464000000000E+01  0.4480349E+01  0.1146932E+01  0.6768767E+01 -0.2049492E+00 -0.2588251E-01 -0.1526480E+00  0.2973320E+02  0.8823570E-01  0.7981707E+03  0.9526680E+02
  0.6472000000000E+01  0.4489518E+01  0.1146092E+01  0.6768171E+01 -0.2051558E+00 -0.2582935E-01 -0.1524340E+00  0.2972465E+02  0.8828771E-01  0.7986232E+03  0.9527535E+02
  0.6480000000000E+01  0.4498680E+01  0.1145270E+01  0.6767564E+01 -0.2053620E+00 -0.2577715E-01 -0.1522229E+00  0.2971610E+02  0.8833915E-01  0.7990753E+03  0.9528390E+02
  0.6488000000000E+01  0.4507836E+01  0.1144467E+01  0.6766946E+01 -0.2055678E+00 -0.2572596E-01 -0.1520150E+00  0.2970756E+02  0.8839001E-01  0.7995270E+03  0.9529244E+02
  0.6496000000000E+01  0.4516985E+01  0.1143684E+01  0.6766317E+01 -0.2057733E+00 -0.2567586E-01 -0.1518102E+00  0.2969904E+02  0.8844031E-01  0.7999784E+03  0.9530096E+02
  0.6504000000000E+01  0.4526128E+01  0.1142925E+01  0.6765679E+01 -0.2059783E+00 -0.2562689E-01 -0.1516082E+00  0.2969051E+02  0.8849001E-01  0.8004294E+03  0.9530949E+02
  0.6512000000000E+01  0.4535266E+01  0.1142195E+01  0.6765032E+01 -0.2061829E+00 -0.2557905E-01 -0.1514082E+00  0.2968200E+02  0.8853913E-01  0.8008801E+03  0.9531800E+02
  0.6520000000000E+01  0.4544398E+01  0.1141496E+01  0.6764376E+01 -0.2063872E+00 -0.2553227E-01 -0.1512096E+00  0.2967349E+02  0.8858765E-01  0.8013304E+03  0.9532651E+02
  0.6528000000000E+01  0.4553525E+01  0.1140829E+01  0.6763710E+01 -0.2065911E+00 -0.2548642E-01 -0.1510115E+00  0.2966498E+02  0.8863555E-01  0.8017804E+03  0.9533502E+02
  0.6536000000000E+01  0.4562646E+01  0.1140194E+01  0.6763034E+01 -0.2067946E+00 -0.2544137E-01 -0.1508134E+00  0.2965648E+02  0.8868283E-01  0.8022301E+03  0.9534352E+02
  0.6544000000000E+01  0.4571763E+01  0.1139588E+01  0.6762347E+01 -0.2069978E+00 -0.2539699E-01 -0.1506149E+00  0.2964798E+02  0.8872950E-01  0.8026796E+03  0.9535202E+02
  0.6552000000000E+01  0.4580875E+01  0.1139007E+01  0.6761647E+01 -0.2072006E+00 -0.2535321E-01 -0.1504163E+00  0.2963948E+02  0.8877553E-01  0.8031287E+03  0.9536052E+02
  0.6560000000000E+01  0.4589982E+01  0.1138450E+01  0.6760934E+01 -0.2074031E+00 -0.2531001E-01 -0.1502179E+00  0.2963098E+02  0.8882094E-01  0.8035775E+03  0.9536902E+02
  0.6568000000000E+01  0.4599086E+01  0.1137914E+01  0.6760207E+01 -0.2076052E+00 -0.2526744E-01 -0.1500204E+00  0.2962248E+02  0.8886572E-01  0.8040261E+03  0.9537752E+02
  0.6576000000000E+01  0.4608185E+01  0.1137399E+01  0.6759466E+01 -0.2078070E+00 -0.2522559E-01 -0.1498242E+00  0.2961398E+02  0.8890987E-01  0.8044744E+03  0.9538602E+02
  0.6584000000000E+01  0.4617280E+01  0.1136904E+01  0.6758711E+01 -0.2080085E+00 -0.2518457E-01 -0.1496301E+00  0.2960549E+02  0.8895340E-01  0.8049224E+03  0.9539451E+02
  0.6592000000000E+01  0.4626372E+01  0.1136431E+01  0.6757942E+01 -0.2082096E+00 -0.2514449E-01 -0.1494383E+00  0.2959699E+02  0.8899629E-01  0.8053702E+03  0.9540301E+02
  0.6600000000000E+01  0.4635460E+01  0.1135982E+01  0.6757160E+01 -0.2084105E+00 -0.2510539E-01 -0.1492488E+00  0.2958849E+02  0.8903854E-01  0.8058178E+03  0.9541151E+02
  0.6608000000000E+01  0.4644544E+01  0.1135558E+01  0.6756364E+01 -0.2086110E+00 -0.2506728E-01 -0.1490613E+00  0.2957999E+02  0.8908015E-01  0.8062651E+03  0.9542001E+02
  0.6616000000000E+01  0.4653625E+01  0.1135158E+01  0.6755554E+01 -0.2088113E+00 -0.2503008E-01 -0.1488752E+00  0.2957148E+02  0.8912111E-01  0.8067122E+03  0.9542852E+02
  0.6624000000000E+01  0.4662704E+01  0.1134784E+01  0.6754730E+01 -0.2090112E+00 -0.2499368E-01 -0.1486898E+00  0.2956297E+02  0.8916143E-01  0.8071591E+03  0.9543703E+02
  0.6632000000000E+01  0.4671779E+01  0.1134433E+01  0.6753892E+01 -0.2092109E+00 -0.2495792E-01 -0.1485043E+00  0.2955446E+02  0.8920109E-01  0.8076058E+03  0.9544554E+02
  0.6640000000000E+01  0.4680852E+01  0.1134106E+01  0.6753038E+01 -0.2094103E+00 -0.2492264E-01 -0.1483181E+00  0.2954594E+02  0.8924010E-01  0.8080523E+03  0.9545406E+02
  0.6648000000000E+01  0.4689922E+01  0.1133799E+01  0.6752168E+01 -0.2096094E+00 -0.2488774E-01 -0.1481308E+00  0.2953742E+02  0.8927846E-01  0.8084986E+03  0.9546258E+02
  0.6656000000000E+01  0.4698990E+01  0.1133513E+01  0.6751283E+01 -0.2098082E+00 -0.2485315E-01 -0.1479423E+00  0.2952889E+02  0.8931616E-01  0.8089447E+03  0.9547111E+02
  0.6664000000000E+01  0.4708056E+01  0.1133248E+01  0.6750382E+01 -0.2100067E+00 -0.2481888E-01 -0.1477528E+00  0.2952036E+02  0.8935321E-01  0.8093907E+03  0.9547964E+02
  0.6672000000000E+01  0.4717120E+01  0.1133003E+01  0.6749465E+01 -0.2102050E+00 -0.2478499E-01 -0.1475627E+00  0.2951182E+02  0.8938960E-01  0.8098365E+03  0.9548818E+02
  0.6680000000000E+01  0.4726183E+01  0.1132781E+01  0.6748532E+01 -0.2104030E+00 -0.2475158E-01 -0.1473725E+00  0.2950327E+02  0.8942533E-01  0.8102821E+03  0.9549673E+02
  0.6688000000000E+01  0.4735243E+01  0.1132581E+01  0.6747583E+01 -0.2106008E+00 -0.2471876E-01 -0.1471828E+00  0.2949472E+02  0.8946039E-01  0.8107276E+03  0.9550528E+02
  0.6696000000000E+01  0.4744302E+01  0.1132405E+01  0.6746618E+01 -0.2107983E+00 -0.2468662E-01 -0.1469939E+00  0.2948615E+02  0.8949479E-01  0.8111729E+03  0.9551385E+02
  0.6704000000000E+01  0.4753360E+01  0.1132251E+01  0.6745637E+01 -0.2109955E+00 -0.2465521E-01 -0.1468061E+00  0.2947758E+02  0.8952853E-01  0.8116181E+03  0.9552242E+02
  0.6712000000000E+01  0.4762417E+01  0.1132118E+01  0.6744639E+01 -0.2111925E+00 -0.2462450E-01 -0.1466191E+00  0.2946900E+02  0.8956159E-01  0.8120632E+03  0.9553100E+02
  0.6720000000000E+01  0.4771473E+01  0.1132006E+01  0.6743623E+01 -0.2113893E+00 -0.2459442E-01 -0.1464327E+00  0.2946041E+02  0.8959399E-01  0.8125081E+03  0.9553959E+02
  0.6728000000000E+01  0.4780529E+01  0.1131912E+01  0.6742590E+01 -0.2115858E+00 -0.2456483E-01 -0.1462461E+00  0.2945181E+02  0.8962573E-01  0.8129529E+03  0.9554819E+02
  0.6736000000000E+01  0.4789583E+01  0.1131834E+01  0.6741538E+01 -0.2117821E+00 -0.2453560E-01 -0.1460588E+00  0.2944320E+02  0.8965680E-01  0.8133976E+03  0.9555680E+02
  0.6744000000000E+01  0.4798638E+01  0.1131773E+01  0.6740468E+01 -0.2119781E+00 -0.2450660E-01 -0.1458702E+00  0.2943458E+02  0.8968721E-01  0.8138423E+03  0.9556542E+02
  0.6752000000000E+01  0.4807691E+01  0.1131728E+01  0.6739380E+01 -0.2121739E+00 -0.2447773E-01 -0.1456797E+00  0.2942595E+02  0.8971696E-01  0.8142868E+03  0.9557405E+02
  0.6760000000000E+01  0.4816745E+01  0.1131701E+01  0.6738274E+01 -0.2123695E+00 -0.2444897E-01 -0.1454871E+00  0.2941730E+02  0.8974606E-01  0.8147312E+03  0.9558270E+02
  0.6768000000000E+01  0.4825799E+01  0.1131692E+01  0.6737151E+01 -0.2125649E+00 -0.2442031E-01 -0.1452926E+00  0.2940865E+02  0.8977449E-01  0.8151755E+03  0.9559135E+02
  0.6776000000000E+01  0.4834852E+01  0.1131703E+01  0.6736011E+01 -0.2127600E+00 -0.2439180E-01 -0.1450962E+00  0.2939998E+02  0.8980227E-01  0.8156198E+03  0.9560002E+02
  0.6784000000000E+01  0.4843906E+01  0.1131734E+01  0.6734853E+01 -0.2129549E+00 -0.2436349E-01 -0.1448982E+00  0.2939130E+02  0.8982938E-01  0.8160640E+03  0.9560870E+02
  0.6792000000000E+01  0.4852960E+01  0.1131785E+01  0.6733677E+01 -0.2131496E+00 -0.2433542E-01 -0.1446990E+00  0.2938261E+02  0.8985583E-01  0.8165081E+03  0.9561739E+02
  0.6800000000000E+01  0.4862015E+01  0.1131854E+01  0.6732482E+01 -0.2133441E+00 -0.2430759E-01 -0.1444987E+00  0.2937391E+02  0.8988163E-01  0.8169522E+03  0.9562609E+02
  0.6808000000000E+01  0.4871071E+01  0.1131939E+01  0.6731269E+01 -0.2135383E+00 -0.2428001E-01 -0.1442974E+00  0.2936519E+02  0.8990677E-01  0.8173962E+03  0.9563481E+02
  0.6816000000000E+01  0.4880127E+01  0.1132039E+01  0.6730037E+01 -0.2137323E+00 -0.2425262E-01 -0.1440950E+00  0.2935646E+02  0.8993126E-01  0.8178401E+03  0.9564354E+02
  0.6824000000000E+01  0.4889184E+01  0.1132152E+01  0.6728785E+01 -0.2139261E+00 -0.2422536E-01 -0.1438912E+00  0.2934772E+02  0.8995510E-01  0.8182840E+03  0.9565228E+02
  0.6832000000000E+01  0.4898242E+01  0.1132276E+01  0.6727514E+01 -0.2141197E+00 -0.2419815E-01 -0.1436857E+00  0.2933896E+02  0.8997830E-01  0.8187279E+03  0.9566104E+02
  0.6840000000000E+01  0.4907302E+01  0.1132413E+01  0.6726224E+01 -0.2143131E+00 -0.2417092E-01 -0.1434780E+00  0.2933019E+02  0.9000087E-01  0.8191717E+03  0.9566981E+02
  0.6848000000000E+01  0.4916362E+01  0.1132563E+01  0.6724914E+01 -0.2145062E+00 -0.2414361E-01 -0.1432677E+00  0.2932140E+02  0.9002280E-01  0.8196155E+03  0.9567860E+02
  0.6856000000000E+01  0.4925424E+01  0.1132727E+01  0.6723587E+01 -0.2146992E+00 -0.2411618E-01 -0.1430544E+00  0.2931260E+02  0.9004410E-01  0.8200593E+03  0.9568740E+02
  0.6864000000000E+01  0.4934487E+01  0.1132907E+01  0.6722241E+01 -0.2148919E+00 -0.2408856E-01 -0.1428376E+00  0.2930378E+02  0.9006476E-01  0.8205030E+03  0.9569622E+02
  0.6872000000000E+01  0.4943552E+01  0.1133102E+01  0.6720878E+01 -0.2150844E+00 -0.2406074E-01 -0.1426171E+00  0.2929496E+02  0.9008480E-01  0.8209467E+03  0.9570504E+02
  0.6880000000000E+01  0.4952619E+01  0.1133315E+01  0.6719497E+01 -0.2152766E+00 -0.2403266E-01 -0.1423927E+00  0.2928611E+02  0.9010421E-01  0.8213904E+03  0.9571389E+02
  0.6888000000000E+01  0.4961687E+01  0.1133544E+01  0.6718097E+01 -0.2154687E+00 -0.2400427E-01 -0.1421640E+00  0.2927725E+02  0.9012299E-01  0.8218341E+03  0.9572275E+02
  0.6896000000000E+01  0.4970757E+01  0.1133789E+01  0.6716680E+01 -0.2156605E+00 -0.2397553E-01 -0.1419309E+00  0.2926838E+02  0.9014115E-01  0.8222777E+03  0.9573162E+02
  0.6904000000000E+01  0.4979830E+01  0.1134048E+01  0.6715243E+01 -0.2158520E+00 -0.2394635E-01 -0.1416931E+00  0.2925949E+02  0.9015868E-01  0.8227214E+03  0.9574051E+02
  0.6912000000000E+01  0.4988904E+01  0.1134320E+01  0.6713788E+01 -0.2160434E+00 -0.2391668E-01 -0.1414503E+00  0.2925058E+02  0.9017560E-01  0.8231651E+03  0.9574942E+02
  0.6920000000000E+01  0.4997981E+01  0.1134603E+01  0.6712313E+01 -0.2162345E+00 -0.2388643E-01 -0.1412025E+00  0.2924166E+02  0.9019191E-01  0.8236088E+03  0.9575834E+02
  0.6928000000000E+01  0.5007060E+01  0.1134897E+01  0.6710819E+01 -0.2164253E+00 -0.2385554E-01 -0.1409491E+00  0.2923272E+02  0.9020761E-01  0.8240525E+03  0.9576728E+02
  0.6936000000000E+01  0.5016142E+01  0.1135201E+01  0.6709306E+01 -0.2166159E+00 -0.2382393E-01 -0.1406901E+00  0.2922377E+02  0.9022271E-01  0.8244962E+03  0.9577623E+02
  0.6944000000000E+01  0.5025226E+01  0.1135514E+01  0.6707774E+01 -0.2168062E+00 -0.2379157E-01 -0.1404251E+00  0.2921480E+02  0.9023722E-01  0.8249399E+03  0.9578521E+02
  0.6952000000000E+01  0.5034313E+01  0.1135836E+01  0.6706224E+01 -0.2169963E+00 -0.2375839E-01 -0.1401538E+00  0.2920581E+02  0.9025113E-01  0.8253836E+03  0.9579419E+02
  0.6960000000000E+01  0.5043402E+01  0.1136169E+01  0.6704655E+01 -0.2171861E+00 -0.2372439E-01 -0.1398762E+00  0.2919681E+02  0.9026447E-01  0.8258274E+03  0.9580319E+02
  0.6968000000000E+01  0.5052494E+01  0.1136512E+01  0.6703067E+01 -0.2173756E+00 -0.2368953E-01 -0.1395922E+00  0.2918779E+02  0.9027723E-01  0.8262711E+03  0.9581221E+02
  0.6976000000000E+01  0.5061589E+01  0.1136866E+01  0.6701462E+01 -0.2175648E+00 -0.2365382E-01 -0.1393016E+00  0.2917875E+02  0.9028941E-01  0.8267149E+03  0.9582125E+02
  0.6984000000000E+01  0.5070687E+01  0.1137231E+01  0.6699839E+01 -0.2177538E+00 -0.2361725E-01 -0.1390045E+00  0.2916970E+02  0.9030101E-01  0.8271587E+03  0.9583030E+02
  0.6992000000000E+01  0.5079788E+01  0.1137608E+01  0.6698198E+01 -0.2179424E+00 -0.2357982E-01 -0.1387008E+00  0.2916064E+02  0.9031205E-01  0.8276026E+03  0.9583936E+02
  0.7000000000000E+01  0.5088892E+01  0.1137996E+01  0.6696540E+01 -0.2181308E+00 -0.2354154E-01 -0.1383908E+00  0.2915155E+02  0.9032253E-01  0.8280465E+03  0.9584845E+02
  0.7008000000000E+01  0.5097999E+01  0.1138395E+01  0.6694864E+01 -0.2183188E+00 -0.2350239E-01 -0.1380744E+00  0.2914245E+02  0.9033244E-01  0.8284904E+03  0.9585755E+02
  0.7016000000000E+01  0.5107109E+01  0.1138804E+01  0.6693170E+01 -0.2185065E+00 -0.2346239E-01 -0.1377517E+00  0.2913334E+02  0.9034181E-01  0.8289344E+03  0.9586666E+02
  0.7024000000000E+01  0.5116223E+01  0.1139222E+01  0.6691457E+01 -0.2186938E+00 -0.2342152E-01 -0.1374229E+00  0.2912420E+02  0.9035062E-01  0.8293784E+03  0.9587580E+02
  0.7032000000000E+01  0.5125340E+01  0.1139648E+01  0.6689727E+01 -0.2188809E+00 -0.2337977E-01 -0.1370878E+00  0.2911505E+02  0.9035889E-01  0.8298224E+03  0.9588495E+02
  0.7040000000000E+01  0.5134461E+01  0.1140082E+01  0.6687979E+01 -0.2190676E+00 -0.2333710E-01 -0.1367464E+00  0.2910589E+02  0.9036662E-01  0.8302665E+03  0.9589411E+02
  0.7048000000000E+01  0.5143585E+01  0.1140522E+01  0.6686214E+01 -0.2192539E+00 -0.2329347E-01 -0.1363986E+00  0.2909670E+02  0.9037383E-01  0.8307107E+03  0.9590330E+02
  0.7056000000000E+01  0.5152713E+01  0.1140967E+01  0.6684430E+01 -0.2194399E+00 -0.2324883E-01 -0.1360440E+00  0.2908751E+02  0.9038052E-01  0.8311549E+03  0.9591250E+02
  0.7064000000000E+01  0.5161844E+01  0.1141418E+01  0.6682628E+01 -0.2196255E+00 -0.2320313E-01 -0.1356826E+00  0.2907829E+02  0.9038669E-01  0.8315991E+03  0.9592171E+02
  0.7072000000000E+01  0.5170979E+01  0.1141873E+01  0.6680809E+01 -0.2198108E+00 -0.2315631E-01 -0.1353140E+00  0.2906906E+02  0.9039236E-01  0.8320434E+03  0.9593094E+02
  0.7080000000000E+01  0.5180118E+01  0.1142334E+01  0.6678973E+01 -0.2199957E+00 -0.2310834E-01 -0.1349381E+00  0.2905981E+02  0.9039754E-01  0.8324877E+03  0.9594019E+02
  0.7088000000000E+01  0.5189260E+01  0.1142801E+01  0.6677120E+01 -0.2201801E+00 -0.2305918E-01 -0.1345546E+00  0.2905055E+02  0.9040221E-01  0.8329321E+03  0.9594945E+02
  0.7096000000000E+01  0.5198406E+01  0.1143274E+01  0.6675252E+01 -0.2203642E+00 -0.2300883E-01 -0.1341634E+00  0.2904127E+02  0.9040641E-01  0.8333765E+03  0.9595873E+02
  0.7104000000000E+01  0.5207557E+01  0.1143754E+01  0.6673367E+01 -0.2205479E+00 -0.2295727E-01 -0.1337644E+00  0.2903198E+02  0.9041012E-01  0.8338210E+03  0.9596803E+02
  0.7112000000000E+01  0.5216710E+01  0.1144243E+01  0.6671466E+01 -0.2207311E+00 -0.2290451E-01 -0.1333577E+00  0.2902267E+02  0.9041335E-01  0.8342656E+03  0.9597734E+02
  0.7120000000000E+01  0.5225868E+01  0.1144740E+01  0.6669550E+01 -0.2209139E+00 -0.2285055E-01 -0.1329431E+00  0.2901334E+02  0.9041610E-01  0.8347102E+03  0.9598666E+02
  0.7128000000000E+01  0.5235030E+01  0.1145245E+01  0.6667619E+01 -0.2210963E+00 -0.2279536E-01 -0.1325207E+00  0.2900400E+02  0.9041839E-01  0.8351548E+03  0.9599600E+02
  0.7136000000000E+01  0.5244196E+01  0.1145758E+01  0.6665672E+01 -0.2212782E+00 -0.2273893E-01 -0.1320903E+00  0.2899464E+02  0.9042021E-01  0.8355996E+03  0.9600536E+02
  0.7144000000000E+01  0.5253367E+01  0.1146279E+01  0.6663710E+01 -0.2214596E+00 -0.2268120E-01 -0.1316516E+00  0.2898527E+02  0.9042157E-01  0.8360444E+03  0.9601473E+02
  0.7152000000000E+01  0.5262541E+01  0.1146805E+01  0.6661732E+01 -0.2216406E+00 -0.2262211E-01 -0.1312046E+00  0.2897588E+02  0.9042247E-01  0.8364892E+03  0.9602412E+02
  0.7160000000000E+01  0.5271720E+01  0.1147337E+01  0.6659739E+01 -0.2218211E+00 -0.2256160E-01 -0.1307488E+00  0.2896647E+02  0.9042293E-01  0.8369341E+03  0.9603353E+02
  0.7168000000000E+01  0.5280903E+01  0.1147873E+01  0.6657730E+01 -0.2220011E+00 -0.2249958E-01 -0.1302839E+00  0.2895705E+02  0.9042296E-01  0.8373791E+03  0.9604295E+02
  0.7176000000000E+01  0.5290090E+01  0.1148413E+01  0.6655706E+01 -0.2221806E+00 -0.2243599E-01 -0.1298097E+00  0.2894762E+02  0.9042254E-01  0.8378242E+03  0.9605239E+02
  0.7184000000000E+01  0.5299282E+01  0.1148956E+01  0.6653667E+01 -0.2223595E+00 -0.2237077E-01 -0.1293259E+00  0.2893817E+02  0.9042171E-01  0.8382693E+03  0.9606184E+02
  0.7192000000000E+01  0.5308478E+01  0.1149503E+01  0.6651612E+01 -0.2225380E+00 -0.2230388E-01 -0.1288324E+00  0.2892870E+02  0.9042045E-01  0.8387145E+03  0.9607130E+02
  0.7200000000000E+01  0.5317678E+01  0.1150054E+01  0.6649544E+01 -0.2227159E+00 -0.2223533E-01 -0.1283294E+00  0.2891922E+02  0.9041878E-01  0.8391597E+03  0.9608078E+02
  0.7208000000000E+01  0.5326883E+01  0.1150609E+01  0.6647461E+01 -0.2228932E+00 -0.2216511E-01 -0.1278168E+00  0.2890972E+02  0.9041670E-01  0.8396051E+03  0.9609028E+02
  0.7216000000000E+01  0.5336092E+01  0.1151167E+01  0.6645363E+01 -0.2230699E+00 -0.2209325E-01 -0.1272951E+00  0.2890021E+02  0.9041423E-01  0.8400505E+03  0.9609979E+02
  0.7224000000000E+01  0.5345306E+01  0.1151729E+01  0.6643252E+01 -0.2232461E+00 -0.2201980E-01 -0.1267644E+00  0.2889069E+02  0.9041136E-01  0.8404959E+03  0.9610931E+02
  0.7232000000000E+01  0.5354525E+01  0.1152294E+01  0.6641126E+01 -0.2234216E+00 -0.2194480E-01 -0.1262251E+00  0.2888115E+02  0.9040811E-01  0.8409414E+03  0.9611885E+02
  0.7240000000000E+01  0.5363747E+01  0.1152861E+01  0.6638987E+01 -0.2235966E+00 -0.2186828E-01 -0.1256774E+00  0.2887160E+02  0.9040448E-01  0.8413870E+03  0.9612841E+02
  0.7248000000000E+01  0.5372975E+01  0.1153431E+01  0.6636834E+01 -0.2237709E+00 -0.2179029E-01 -0.1251217E+00  0.2886203E+02  0.9040047E-01  0.8418327E+03  0.9613798E+02
  0.7256000000000E+01  0.5382207E+01  0.1154003E+01  0.6634668E+01 -0.2239446E+00 -0.2171084E-01 -0.1245580E+00  0.2885245E+02  0.9039610E-01  0.8422784E+03  0.9614756E+02
  0.7264000000000E+01  0.5391444E+01  0.1154576E+01  0.6632489E+01 -0.2241176E+00 -0.2162995E-01 -0.1239864E+00  0.2884285E+02  0.9039138E-01  0.8427242E+03  0.9615715E+02
  0.7272000000000E+01  0.5400685E+01  0.1155152E+01  0.6630297E+01 -0.2242900E+00 -0.2154761E-01 -0.1234068E+00  0.2883324E+02  0.9038630E-01  0.8431701E+03  0.9616676E+02
  0.7280000000000E+01  0.5409931E+01  0.1155731E+01  0.6628092E+01 -0.2244617E+00 -0.2146382E-01 -0.1228192E+00  0.2882362E+02  0.9038087E-01  0.8436160E+03  0.9617638E+02
  0.7288000000000E+01  0.5419181E+01  0.1156312E+01  0.6625875E+01 -0.2246328E+00 -0.2137854E-01 -0.1222234E+00  0.2881399E+02  0.9037511E-01  0.8440620E+03  0.9618602E+02
  0.7296000000000E+01  0.5428436E+01  0.1156896E+01  0.6623646E+01 -0.2248031E+00 -0.2129174E-01 -0.1216192E+00  0.2880434E+02  0.9036901E-01  0.8445081E+03  0.9619567E+02
  0.7304000000000E+01  0.5437696E+01  0.1157483E+01  0.6621405E+01 -0.2249727E+00 -0.2120338E-01 -0.1210063E+00  0.2879468E+02  0.9036258E-01  0.8449542E+03  0.9620533E+02
  0.7312000000000E+01  0.5446961E+01  0.1158073E+01  0.6619152E+01 -0.2251416E+00 -0.2111340E-01 -0.1203845E+00  0.2878500E+02  0.9035582E-01  0.8454004E+03  0.9621500E+02
  0.7320000000000E+01  0.5456230E+01  0.1158666E+01  0.6616888E+01 -0.2253098E+00 -0.2102177E-01 -0.1197536E+00  0.2877531E+02  0.9034875E-01  0.8458467E+03  0.9622469E+02
  0.7328000000000E+01  0.5465504E+01  0.1159260E+01  0.6614613E+01 -0.2254772E+00 -0.2092844E-01 -0.1191136E+00  0.2876561E+02  0.9034137E-01  0.8462930E+03  0.9623439E+02
  0.7336000000000E+01  0.5474783E+01  0.1159857E+01  0.6612326E+01 -0.2256439E+00 -0.2083338E-01 -0.1184643E+00  0.2875590E+02  0.9033368E-01  0.8467394E+03  0.9624410E+02
  0.7344000000000E+01  0.5484067E+01  0.1160455E+01  0.6610027E+01 -0.2258098E+00 -0.2073656E-01 -0.1178057E+00  0.2874618E+02  0.9032569E-01  0.8471859E+03  0.9625383E+02
  0.7352000000000E+01  0.5493355E+01  0.1161053E+01  0.6607718E+01 -0.2259749E+00 -0.2063796E-01 -0.1171377E+00  0.2873644E+02  0.9031741E-01  0.8476324E+03  0.9626356E+02
  0.7360000000000E+01  0.5502648E+01  0.1161653E+01  0.6605397E+01 -0.2261392E+00 -0.2053757E-01 -0.1164603E+00  0.2872669E+02  0.9030884E-01  0.8480790E+03  0.9627331E+02
  0.7368000000000E+01  0.5511946E+01  0.1162253E+01  0.6603066E+01 -0.2263027E+00 -0.2043537E-01 -0.1157733E+00  0.2871693E+02  0.9029999E-01  0.8485257E+03  0.9628307E+02
  0.7376000000000E+01  0.5521249E+01  0.1162854E+01  0.6600725E+01 -0.2264653E+00 -0.2033133E-01 -0.1150768E+00  0.2870716E+02  0.9029087E-01  0.8489724E+03  0.9629284E+02
  0.7384000000000E+01  0.5530557E+01  0.1163456E+01  0.6598373E+01 -0.2266271E+00 -0.2022544E-01 -0.1143705E+00  0.2869738E+02  0.9028147E-01  0.8494192E+03  0.9630262E+02
  0.7392000000000E+01  0.5539869E+01  0.1164060E+01  0.6596012E+01 -0.2267881E+00 -0.2011767E-01 -0.1136543E+00  0.2868758E+02  0.9027181E-01  0.8498661E+03  0.9631242E+02
  0.7400000000000E+01  0.5549187E+01  0.1164665E+01  0.6593641E+01 -0.2269481E+00 -0.2000800E-01 -0.1129283E+00  0.2867778E+02  0.9026190E-01  0.8503130E+03  0.9632222E+02
  0.7408000000000E+01  0.5558509E+01  0.1165271E+01  0.6591260E+01 -0.2271073E+00 -0.1989641E-01 -0.1121922E+00  0.2866796E+02  0.9025173E-01  0.8507600E+03  0.9633204E+02
  0.7416000000000E+01  0.5567836E+01  0.1165878E+01  0.6588870E+01 -0.2272656E+00 -0.1978289E-01 -0.1114464E+00  0.2865814E+02  0.9024131E-01  0.8512070E+03  0.9634187E+02
  0.7424000000000E+01  0.5577168E+01  0.1166486E+01  0.6586471E+01 -0.2274229E+00 -0.1966746E-01 -0.1106908E+00  0.2864830E+02  0.9023065E-01  0.8516541E+03  0.9635170E+02
  0.7432000000000E+01  0.5586504E+01  0.1167094E+01  0.6584063E+01 -0.2275793E+00 -0.1955013E-01 -0.1099256E+00  0.2863845E+02  0.9021975E-01  0.8521013E+03  0.9636155E+02
  0.7440000000000E+01  0.5595846E+01  0.1167702E+01  0.6581645E+01 -0.2277348E+00 -0.1943092E-01 -0.1091511E+00  0.2862859E+02  0.9020863E-01  0.8525485E+03  0.9637141E+02
  0.7448000000000E+01  0.5605192E+01  0.1168311E+01  0.6579219E+01 -0.2278892E+00 -0.1930988E-01 -0.1083675E+00  0.2861872E+02  0.9019727E-01  0.8529958E+03  0.9638128E+02
  0.7456000000000E+01  0.5614544E+01  0.1168919E+01  0.6576783E+01 -0.2280427E+00 -0.1918702E-01 -0.1075750E+00  0.2860885E+02  0.9018570E-01  0.8534432E+03  0.9639115E+02
  0.7464000000000E+01  0.5623900E+01  0.1169526E+01  0.6574340E+01 -0.2281952E+00 -0.1906236E-01 -0.1067736E+00  0.2859896E+02  0.9017392E-01  0.8538906E+03  0.9640104E+02
  0.7472000000000E+01  0.5633261E+01  0.1170133E+01  0.6571888E+01 -0.2283467E+00 -0.1893591E-01 -0.1059634E+00  0.2858906E+02  0.9016192E-01  0.8543380E+03  0.9641094E+02
  0.7480000000000E+01  0.5642627E+01  0.1170739E+01  0.6569428E+01 -0.2284972E+00 -0.1880764E-01 -0.1051443E+00  0.2857916E+02  0.9014973E-01  0.8547855E+03  0.9642085E+02
  0.7488000000000E+01  0.5651998E+01  0.1171343E+01  0.6566960E+01 -0.2286466E+00 -0.1867755E-01 -0.1043161E+00  0.2856924E+02  0.9013734E-01  0.8552331E+03  0.9643076E+02
  0.7496000000000E+01  0.5661373E+01  0.1171947E+01  0.6564484E+01 -0.2287950E+00 -0.1854558E-01 -0.1034788E+00  0.2855932E+02  0.9012476E-01  0.8556807E+03  0.9644068E+02
  0.7504000000000E+01  0.5670754E+01  0.1172550E+01  0.6562000E+01 -0.2289423E+00 -0.1841172E-01 -0.1026322E+00  0.2854938E+02  0.9011199E-01  0.8561284E+03  0.9645062E+02
  0.7512000000000E+01  0.5680139E+01  0.1173152E+01  0.6559509E+01 -0.2290885E+00 -0.1827593E-01 -0.1017762E+00  0.2853944E+02  0.9009904E-01  0.8565761E+03  0.9646056E+02
  0.7520000000000E+01  0.5689529E+01  0.1173753E+01  0.6557011E+01 -0.2292336E+00 -0.1813819E-01 -0.1009106E+00  0.2852949E+02  0.9008592E-01  0.8570239E+03  0.9647051E+02
  0.7528000000000E+01  0.5698924E+01  0.1174353E+01  0.6554507E+01 -0.2293776E+00 -0.1799848E-01 -0.1000355E+00  0.2851954E+02  0.9007263E-01  0.8574717E+03  0.9648047E+02
  0.7536000000000E+01  0.5708323E+01  0.1174953E+01  0.6551995E+01 -0.2295204E+00 -0.1785682E-01 -0.9915096E-01  0.2850957E+02  0.9005917E-01  0.8579196E+03  0.9649043E+02
  0.7544000000000E+01  0.5717728E+01  0.1175552E+01  0.6549477E+01 -0.2296621E+00 -0.1771321E-01 -0.9825703E-01  0.2849960E+02  0.9004556E-01  0.8583675E+03  0.9650040E+02
  0.7552000000000E+01  0.5727137E+01  0.1176152E+01  0.6546953E+01 -0.2298027E+00 -0.1756766E-01 -0.9735384E-01  0.2848961E+02  0.9003178E-01  0.8588155E+03  0.9651038E+02
  0.7560000000000E+01  0.5736551E+01  0.1176751E+01  0.6544423E+01 -0.2299420E+00 -0.1742020E-01 -0.9644153E-01  0.2847963E+02  0.9001785E-01  0.8592635E+03  0.9652037E+02
  0.7568000000000E+01  0.5745970E+01  0.1177350E+01  0.6541886E+01 -0.2300802E+00 -0.1727084E-01 -0.9552018E-01  0.2846963E+02  0.9000378E-01  0.8597116E+03  0.9653037E+02
  0.7576000000000E+01  0.5755393E+01  0.1177948E+01  0.6539344E+01 -0.2302171E+00 -0.1711957E-01 -0.9458984E-01  0.2845963E+02  0.8998956E-01  0.8601597E+03  0.9654037E+02
  0.7584000000000E+01  0.5764822E+01  0.1178544E+01  0.6536795E+01 -0.2303529E+00 -0.1696640E-01 -0.9365049E-01  0.2844962E+02  0.8997520E-01  0.8606078E+03  0.9655038E+02
  0.7592000000000E+01  0.5774255E+01  0.1179140E+01  0.6534241E+01 -0.2304874E+00 -0.1681131E-01 -0.9270206E-01  0.2843960E+02  0.8996070E-01  0.8610560E+03  0.9656040E+02
  0.7600000000000E+01  0.5783693E+01  0.1179733E+01  0.6531681E+01 -0.2306206E+00 -0.1665426E-01 -0.9174445E-01  0.2842958E+02  0.8994608E-01  0.8615042E+03  0.9657042E+02
  0.7608000000000E+01  0.5793135E+01  0.1180324E+01  0.6529116E+01 -0.2307526E+00 -0.1649523E-01 -0.9077752E-01  0.2841954E+02  0.8993134E-01  0.8619525E+03  0.9658045E+02
  0.7616000000000E+01  0.5802583E+01  0.1180914E+01  0.6526545E+01 -0.2308832E+00 -0.1633419E-01 -0.8980118E-01  0.2840951E+02  0.8991647E-01  0.8624008E+03  0.9659048E+02
  0.7624000000000E+01  0.5812035E+01  0.1181502E+01  0.6523969E+01 -0.2310126E+00 -0.1617113E-01 -0.8881533E-01  0.2839946E+02  0.8990149E-01  0.8628491E+03  0.9660052E+02
  0.7632000000000E+01  0.5821491E+01  0.1182088E+01  0.6521388E+01 -0.2311407E+00 -0.1600601E-01 -0.8781990E-01  0.2838941E+02  0.8988640E-01  0.8632975E+03  0.9661057E+02
  0.7640000000000E+01  0.5830953E+01  0.1182672E+01  0.6518802E+01 -0.2312674E+00 -0.1583884E-01 -0.8681483E-01  0.2837936E+02  0.8987120E-01  0.8637459E+03  0.9662062E+02
  0.7648000000000E+01  0.5840419E+01  0.1183255E+01  0.6516212E+01 -0.2313927E+00 -0.1566960E-01 -0.8580006E-01  0.2836930E+02  0.8985590E-01  0.8641944E+03  0.9663068E+02
  0.7656000000000E+01  0.5849890E+01  0.1183837E+01  0.6513617E+01 -0.2315167E+00 -0.1549826E-01 -0.8477547E-01  0.2835923E+02  0.8984050E-01  0.8646428E+03  0.9664074E+02
  0.7664000000000E+01  0.5859365E+01  0.1184417E+01  0.6511018E+01 -0.2316393E+00 -0.1532479E-01 -0.8374088E-01  0.2834916E+02  0.8982500E-01  0.8650914E+03  0.9665081E+02
  0.7672000000000E+01  0.5868845E+01  0.1184995E+01  0.6508415E+01 -0.2317605E+00 -0.1514914E-01 -0.8269603E-01  0.2833908E+02  0.8980941E-01  0.8655399E+03  0.9666089E+02
  0.7680000000000E+01  0.5878329E+01  0.1185570E+01  0.6505807E+01 -0.2318803E+00 -0.1497125E-01 -0.8164059E-01  0.2832899E+02  0.8979374E-01  0.8659885E+03  0.9667096E+02
  0.7688000000000E+01  0.5887818E+01  0.1186141E+01  0.6503194E+01 -0.2319986E+00 -0.1479103E-01 -0.8057418E-01  0.2831891E+02  0.8977799E-01  0.8664371E+03  0.9668105E+02
  0.7696000000000E+01  0.5897312E+01  0.1186709E+01  0.6500578E+01 -0.2321155E+00 -0.1460840E-01 -0.7949640E-01  0.2830881E+02  0.8976217E-01  0.8668857E+03  0.9669113E+02
  0.7704000000000E+01  0.5906810E+01  0.1187272E+01  0.6497957E+01 -0.2322309E+00 -0.1442328E-01 -0.7840684E-01  0.2829871E+02  0.8974628E-01  0.8673343E+03  0.9670122E+02
  0.7712000000000E+01  0.5916313E+01  0.1187831E+01  0.6495332E+01 -0.2323447E+00 -0.1423559E-01 -0.7730517E-01  0.2828861E+02  0.8973032E-01  0.8677830E+03  0.9671132E+02
  0.7720000000000E+01  0.5925820E+01  0.1188386E+01  0.6492704E+01 -0.2324571E+00 -0.1404527E-01 -0.7619104E-01  0.2827850E+02  0.8971431E-01  0.8682317E+03  0.9672142E+02
  0.7728000000000E+01  0.5935332E+01  0.1188934E+01  0.6490072E+01 -0.2325679E+00 -0.1385223E-01 -0.7506418E-01  0.2826839E+02  0.8969825E-01  0.8686803E+03  0.9673152E+02
  0.7736000000000E+01  0.5944847E+01  0.1189477E+01  0.6487436E+01 -0.2326772E+00 -0.1365644E-01 -0.7392429E-01  0.2825828E+02  0.8968214E-01  0.8691291E+03  0.9674162E+02
  0.7744000000000E+01  0.5954367E+01  0.1190014E+01  0.6484796E+01 -0.2327848E+00 -0.1345781E-01 -0.7277107E-01  0.2824816E+02  0.8966600E-01  0.8695778E+03  0.9675173E+02
  0.7752000000000E+01  0.5963892E+01  0.1190542E+01  0.6482153E+01 -0.2328909E+00 -0.1325627E-01 -0.7160415E-01  0.2823804E+02  0.8964983E-01  0.8700265E+03  0.9676184E+02
  0.7760000000000E+01  0.5973420E+01  0.1191062E+01  0.6479507E+01 -0.2329953E+00 -0.1305173E-01 -0.7042313E-01  0.2822791E+02  0.8963364E-01  0.8704752E+03  0.9677195E+02
  0.7768000000000E+01  0.5982953E+01  0.1191571E+01  0.6476857E+01 -0.2330980E+00 -0.1284410E-01 -0.6922752E-01  0.2821778E+02  0.8961744E-01  0.8709240E+03  0.9678206E+02
  0.7776000000000E+01  0.5992489E+01  0.1192069E+01  0.6474203E+01 -0.2331991E+00 -0.1263326E-01 -0.6801677E-01  0.2820765E+02  0.8960125E-01  0.8713727E+03  0.9679217E+02
  0.7784000000000E+01  0.6002030E+01  0.1192553E+01  0.6471545E+01 -0.2332985E+00 -0.1241909E-01 -0.6679031E-01  0.2819752E+02  0.8958506E-01  0.8718214E+03  0.9680228E+02
  0.7792000000000E+01  0.6011574E+01  0.1193023E+01  0.6468885E+01 -0.2333961E+00 -0.1220147E-01 -0.6554750E-01  0.2818739E+02  0.8956891E-01  0.8722701E+03  0.9681239E+02
  0.7800000000000E+01  0.6021122E+01  0.1193478E+01  0.6466222E+01 -0.2334919E+00 -0.1198027E-01 -0.6428773E-01  0.2817726E+02  0.8955279E-01  0.8727187E+03  0.9682250E+02
  0.7808000000000E+01  0.6030673E+01  0.1193915E+01  0.6463555E+01 -0.2335860E+00 -0.1175536E-01 -0.6301040E-01  0.2816712E+02  0.8953672E-01  0.8731674E+03  0.9683261E+02
  0.7816000000000E+01  0.6040228E+01  0.1194336E+01  0.6460887E+01 -0.2336782E+00 -0.1152663E-01 -0.6171492E-01  0.2815699E+02  0.8952072E-01  0.8736160E+03  0.9684272E+02
  0.7824000000000E+01  0.6049786E+01  0.1194739E+01  0.6458216E+01 -0.2337685E+00 -0.1129397E-01 -0.6040078E-01  0.2814686E+02  0.8950479E-01  0.8740645E+03  0.9685282E+02
  0.7832000000000E+01  0.6059347E+01  0.1195123E+01  0.6455544E+01 -0.2338570E+00 -0.1105729E-01 -0.5906756E-01  0.2813673E+02  0.8948896E-01  0.8745130E+03  0.9686292E+02
  0.7840000000000E+01  0.6068911E+01  0.1195487E+01  0.6452870E+01 -0.2339435E+00 -0.1081651E-01 -0.5771491E-01  0.2812661E+02  0.8947323E-01  0.8749614E+03  0.9687302E+02
  0.7848000000000E+01  0.6078477E+01  0.1195831E+01  0.6450196E+01 -0.2340281E+00 -0.1057157E-01 -0.5634258E-01  0.2811649E+02  0.8945762E-01  0.8754098E+03  0.9688311E+02
  0.7856000000000E+01  0.6088047E+01  0.1196154E+01  0.6447521E+01 -0.2341107E+00 -0.1032243E-01 -0.5495039E-01  0.2810637E+02  0.8944215E-01  0.8758581E+03  0.9689319E+02
  0.7864000000000E+01  0.6097618E+01  0.1196455E+01  0.6444845E+01 -0.2341912E+00 -0.1006907E-01 -0.5353825E-01  0.2809626E+02  0.8942682E-01  0.8763063E+03  0.9690327E+02
  0.7872000000000E+01  0.6107192E+01  0.1196733E+01  0.6442170E+01 -0.2342697E+00 -0.9811456E-02 -0.5210606E-01  0.2808615E+02  0.8941166E-01  0.8767544E+03  0.9691333E+02
  0.7880000000000E+01  0.6116768E+01  0.1196987E+01  0.6439496E+01 -0.2343461E+00 -0.9549583E-02 -0.5065371E-01  0.2807605E+02  0.8939668E-01  0.8772024E+03  0.9692339E+02
  0.7888000000000E+01  0.6126346E+01  0.1197216E+01  0.6436822E+01 -0.2344204E+00 -0.9283427E-02 -0.4918104E-01  0.2806596E+02  0.8938190E-01  0.8776503E+03  0.9693344E+02
  0.7896000000000E+01  0.6135925E+01  0.1197420E+01  0.6434150E+01 -0.2344925E+00 -0.9012957E-02 -0.4768782E-01  0.2805588E+02  0.8936732E-01  0.8780981E+03  0.9694348E+02
  0.7904000000000E+01  0.6145506E+01  0.1197599E+01  0.6431481E+01 -0.2345624E+00 -0.8738127E-02 -0.4617372E-01  0.2804580E+02  0.8935298E-01  0.8785458E+03  0.9695351E+02
  0.7912000000000E+01  0.6155088E+01  0.1197753E+01  0.6428814E+01 -0.2346301E+00 -0.8458877E-02 -0.4463835E-01  0.2803574E+02  0.8933887E-01  0.8789933E+03  0.9696353E+02
  0.7920000000000E+01  0.6164671E+01  0.1197880E+01  0.6426151E+01 -0.2346955E+00 -0.8175137E-02 -0.4308127E-01  0.2802569E+02  0.8932502E-01  0.8794406E+03  0.9697353E+02
  0.7928000000000E+01  0.6174255E+01  0.1197981E+01  0.6423491E+01 -0.2347586E+00 -0.7886834E-02 -0.4150206E-01  0.2801565E+02  0.8931145E-01  0.8798878E+03  0.9698352E+02
  0.7936000000000E+01  0.6183839E+01  0.1198055E+01  0.6420836E+01 -0.2348193E+00 -0.7593902E-02 -0.3990035E-01  0.2800563E+02  0.8929816E-01  0.8803348E+03  0.9699349E+02
  0.7944000000000E+01  0.6193424E+01  0.1198102E+01  0.6418186E+01 -0.2348777E+00 -0.7296289E-02 -0.3827586E-01  0.2799562E+02  0.8928517E-01  0.8807817E+03  0.9700345E+02
  0.7952000000000E+01  0.6203009E+01  0.1198121E+01  0.6415541E+01 -0.2349336E+00 -0.6993961E-02 -0.3662841E-01  0.2798562E+02  0.8927249E-01  0.8812283E+03  0.9701339E+02
  0.7960000000000E+01  0.6212594E+01  0.1198112E+01  0.6412903E+01 -0.2349871E+00 -0.6686914E-02 -0.3495797E-01  0.2797564E+02  0.8926015E-01  0.8816748E+03  0.9702331E+02
  0.7968000000000E+01  0.6222178E+01  0.1198074E+01  0.6410270E+01 -0.2350381E+00 -0.6375164E-02 -0.3326461E-01  0.2796568E+02  0.8924815E-01  0.8821210E+03  0.9703321E+02
  0.7976000000000E+01  0.6231763E+01  0.1198007E+01  0.6407645E+01 -0.2350866E+00 -0.6058752E-02 -0.3154853E-01  0.2795574E+02  0.8923652E-01  0.8825671E+03  0.9704310E+02
  0.7984000000000E+01  0.6241346E+01  0.1197910E+01  0.6405028E+01 -0.2351325E+00 -0.5737738E-02 -0.2980997E-01  0.2794582E+02  0.8922526E-01  0.8830128E+03  0.9705296E+02
  0.7992000000000E+01  0.6250928E+01  0.1197784E+01  0.6402419E+01 -0.2351758E+00 -0.5412198E-02 -0.2804925E-01  0.2793592E+02  0.8921439E-01  0.8834584E+03  0.9706280E+02
  0.8000000000000E+01  0.6260509E+01  0.1197628E+01  0.6399819E+01 -0.2352165E+00 -0.5082216E-02 -0.2626674E-01  0.2792604E+02  0.8920392E-01  0.8839037E+03  0.9707262E+02
  0.8008000000000E+01  0.6270089E+01  0.1197443E+01  0.6397229E+01 -0.2352544E+00 -0.4747881E-02 -0.2446279E-01  0.2791619E+02  0.8919387E-01  0.8843487E+03  0.9708242E+02
  0.8016000000000E+01  0.6279666E+01  0.1197229E+01  0.6394649E+01 -0.2352897E+00 -0.4409290E-02 -0.2263780E-01  0.2790636E+02  0.8918424E-01  0.8847935E+03  0.9709219E+02
  0.8024000000000E+01  0.6289242E+01  0.1196986E+01  0.6392081E+01 -0.2353222E+00 -0.4066542E-02 -0.2079218E-01  0.2789655E+02  0.8917506E-01  0.8852379E+03  0.9710194E+02
  0.8032000000000E+01  0.6298816E+01  0.1196716E+01  0.6389524E+01 -0.2353520E+00 -0.3719739E-02 -0.1892636E-01  0.2788678E+02  0.8916632E-01  0.8856821E+03  0.9711166E+02
  0.8040000000000E+01  0.6308387E+01  0.1196418E+01  0.6386979E+01 -0.2353790E+00 -0.3368989E-02 -0.1704079E-01  0.2787703E+02  0.8915805E-01  0.8861260E+03  0.9712135E+02
  0.8048000000000E+01  0.6317956E+01  0.1196094E+01  0.6384448E+01 -0.2354031E+00 -0.3014404E-02 -0.1513593E-01  0.2786731E+02  0.8915024E-01  0.8865696E+03  0.9713102E+02
  0.8056000000000E+01  0.6327522E+01  0.1195743E+01  0.6381930E+01 -0.2354243E+00 -0.2656096E-02 -0.1321225E-01  0.2785762E+02  0.8914291E-01  0.8870128E+03  0.9714066E+02
  0.8064000000000E+01  0.6337085E+01  0.1195367E+01  0.6379427E+01 -0.2354427E+00 -0.2294177E-02 -0.1127018E-01  0.2784797E+02  0.8913607E-01  0.8874557E+03  0.9715027E+02
  0.8072000000000E+01  0.6346645E+01  0.1194965E+01  0.6376938E+01 -0.2354581E+00 -0.1928751E-02 -0.9310118E-02  0.2783834E+02  0.8912973E-01  0.8878983E+03  0.9715985E+02
  0.8080000000000E+01  0.6356201E+01  0.1194539E+01  0.6374465E+01 -0.2354706E+00 -0.1559910E-02 -0.7332370E-02  0.2782875E+02  0.8912388E-01  0.8883405E+03  0.9716940E+02
  0.8088000000000E+01  0.6365754E+01  0.1194089E+01  0.6372007E+01 -0.2354801E+00 -0.1187730E-02 -0.5337162E-02  0.2781919E+02  0.8911854E-01  0.8887824E+03  0.9717892E+02
  0.8096000000000E+01  0.6375303E+01  0.1193614E+01  0.6369565E+01 -0.2354866E+00 -0.8122695E-03 -0.3324620E-02  0.2780967E+02  0.8911372E-01  0.8892239E+03  0.9718840E+02
  0.8104000000000E+01  0.6384848E+01  0.1193115E+01  0.6367140E+01 -0.2354900E+00 -0.4335690E-03 -0.1294784E-02  0.2780018E+02  0.8910941E-01  0.8896651E+03  0.9719786E+02
  0.8112000000000E+01  0.6394388E+01  0.1192593E+01  0.6364732E+01 -0.2354905E+00 -0.5165442E-04  0.7523725E-03  0.2779073E+02  0.8910564E-01  0.8901058E+03  0.9720728E+02
  0.8120000000000E+01  0.6403925E+01  0.1192047E+01  0.6362340E+01 -0.2354878E+00  0.3334575E-03  0.2816908E-02  0.2778132E+02  0.8910239E-01  0.8905462E+03  0.9721667E+02
  0.8128000000000E+01  0.6413457E+01  0.1191477E+01  0.6359966E+01 -0.2354820E+00  0.7217522E-03  0.4898880E-02  0.2777194E+02  0.8909968E-01  0.8909862E+03  0.9722603E+02
  0.8136000000000E+01  0.6422984E+01  0.1190883E+01  0.6357609E+01 -0.2354731E+00  0.1113211E-02  0.6998310E-02  0.2776261E+02  0.8909752E-01  0.8914258E+03  0.9723535E+02
  0.8144000000000E+01  0.6432506E+01  0.1190264E+01  0.6355271E+01 -0.2354610E+00  0.1507803E-02  0.9115159E-02  0.2775331E+02  0.8909591E-01  0.8918650E+03  0.9724464E+02
  0.8152000000000E+01  0.6442023E+01  0.1189621E+01  0.6352950E+01 -0.2354458E+00  0.1905486E-02  0.1124931E-01  0.2774405E+02  0.8909485E-01  0.8923038E+03  0.9725389E+02
  0.8160000000000E+01  0.6451534E+01  0.1188953E+01  0.6350647E+01 -0.2354274E+00  0.2306199E-02  0.1340055E-01  0.2773484E+02  0.8909436E-01  0.8927421E+03  0.9726311E+02
  0.8168000000000E+01  0.6461040E+01  0.1188260E+01  0.6348363E+01 -0.2354057E+00  0.2709864E-02  0.1556860E-01  0.2772566E+02  0.8909443E-01  0.8931801E+03  0.9727229E+02
  0.8176000000000E+01  0.6470541E+01  0.1187541E+01  0.6346098E+01 -0.2353807E+00  0.3116386E-02  0.1775308E-01  0.2771653E+02  0.8909508E-01  0.8936176E+03  0.9728143E+02
  0.8184000000000E+01  0.6480035E+01  0.1186798E+01  0.6343852E+01 -0.2353525E+00  0.3525657E-02  0.1995355E-01  0.2770744E+02  0.8909631E-01  0.8940546E+03  0.9729054E+02
  0.8192000000000E+01  0.6489523E+01  0.1186029E+01  0.6341625E+01 -0.2353210E+00  0.3937553E-02  0.2216949E-01  0.2769839E+02  0.8909813E-01  0.8944912E+03  0.9729960E+02
  0.8200000000000E+01  0.6499005E+01  0.1185234E+01  0.6339417E+01 -0.2352862E+00  0.4351939E-02  0.2440033E-01  0.2768938E+02  0.8910054E-01  0.8949273E+03  0.9730863E+02
  0.8208000000000E+01  0.6508481E+01  0.1184414E+01  0.6337228E+01 -0.2352481E+00  0.4768664E-02  0.2664539E-01  0.2768042E+02  0.8910355E-01  0.8953630E+03  0.9731762E+02
  0.8216000000000E+01  0.6517949E+01  0.1183569E+01  0.6335060E+01 -0.2352066E+00  0.5187567E-02  0.2890396E-01  0.2767150E+02  0.8910717E-01  0.8957982E+03  0.9732657E+02
  0.8224000000000E+01  0.6527411E+01  0.1182698E+01  0.6332912E+01 -0.2351617E+00  0.5608471E-02  0.3117524E-01  0.2766263E+02  0.8911139E-01  0.8962329E+03  0.9733548E+02
  0.8232000000000E+01  0.6536865E+01  0.1181803E+01  0.6330784E+01 -0.2351135E+00  0.6031186E-02  0.3345834E-01  0.2765380E+02  0.8911623E-01  0.8966671E+03  0.9734434E+02
  0.8240000000000E+01  0.6546312E+01  0.1180883E+01  0.6328676E+01 -0.2350618E+00  0.6455509E-02  0.3575235E-01  0.2764502E+02  0.8912168E-01  0.8971008E+03  0.9735317E+02
  0.8248000000000E+01  0.6555752E+01  0.1179939E+01  0.6326589E+01 -0.2350068E+00  0.6881231E-02  0.3805628E-01  0.2763628E+02  0.8912776E-01  0.8975340E+03  0.9736195E+02
  0.8256000000000E+01  0.6565183E+01  0.1178970E+01  0.6324523E+01 -0.2349483E+00  0.7308131E-02  0.4036914E-01  0.2762758E+02  0.8913446E-01  0.8979667E+03  0.9737069E+02
  0.8264000000000E+01  0.6574607E+01  0.1177978E+01  0.6322477E+01 -0.2348864E+00  0.7735990E-02  0.4268991E-01  0.2761893E+02  0.8914180E-01  0.8983988E+03  0.9737939E+02
  0.8272000000000E+01  0.6584023E+01  0.1176961E+01  0.6320453E+01 -0.2348211E+00  0.8164584E-02  0.4501758E-01  0.2761033E+02  0.8914976E-01  0.8988304E+03  0.9738804E+02
  0.8280000000000E+01  0.6593430E+01  0.1175921E+01  0.6318450E+01 -0.2347523E+00  0.8593692E-02  0.4735117E-01  0.2760176E+02  0.8915837E-01  0.8992615E+03  0.9739665E+02
  0.8288000000000E+01  0.6602829E+01  0.1174855E+01  0.6316467E+01 -0.2346802E+00  0.9023092E-02  0.4968967E-01  0.2759325E+02  0.8916763E-01  0.8996921E+03  0.9740522E+02
  0.8296000000000E+01  0.6612219E+01  0.1173764E+01  0.6314506E+01 -0.2346045E+00  0.9452560E-02  0.5203208E-01  0.2758478E+02  0.8917753E-01  0.9001221E+03  0.9741373E+02
  0.8304000000000E+01  0.6621600E+01  0.1172647E+01  0.6312565E+01 -0.2345255E+00  0.9881867E-02  0.5437736E-01  0.2757635E+02  0.8918809E-01  0.9005516E+03  0.9742221E+02
  0.8312000000000E+01  0.6630972E+01  0.1171502E+01  0.6310646E+01 -0.2344430E+00  0.1031077E-01  0.5672441E-01  0.2756797E+02  0.8919931E-01  0.9009804E+03  0.9743064E+02
  0.8320000000000E+01  0.6640335E+01  0.1170330E+01  0.6308747E+01 -0.2343571E+00  0.1073901E-01  0.5907203E-01  0.2755964E+02  0.8921120E-01  0.9014087E+03  0.9743902E+02
  0.8328000000000E+01  0.6649688E+01  0.1169128E+01  0.6306869E+01 -0.2342678E+00  0.1116631E-01  0.6141891E-01  0.2755135E+02  0.8922377E-01  0.9018365E+03  0.9744735E+02
  0.8336000000000E+01  0.6659031E+01  0.1167895E+01  0.6305012E+01 -0.2341750E+00  0.1159237E-01  0.6376361E-01  0.2754311E+02  0.8923703E-01  0.9022636E+03  0.9745563E+02
  0.8344000000000E+01  0.6668364E+01  0.1166632E+01  0.6303175E+01 -0.2340789E+00  0.1201686E-01  0.6610457E-01  0.2753492E+02  0.8925098E-01  0.9026901E+03  0.9746387E+02
  0.8352000000000E+01  0.6677687E+01  0.1165335E+01  0.6301360E+01 -0.2339794E+00  0.1243942E-01  0.6844010E-01  0.2752677E+02  0.8926564E-01  0.9031160E+03  0.9747205E+02
  0.8360000000000E+01  0.6686999E+01  0.1164004E+01  0.6299566E+01 -0.2338765E+00  0.1285968E-01  0.7076841E-01  0.2751867E+02  0.8928103E-01  0.9035413E+03  0.9748019E+02
  0.8368000000000E+01  0.6696300E+01  0.1162638E+01  0.6297793E+01 -0.2337703E+00  0.1327724E-01  0.7308763E-01  0.2751062E+02  0.8929714E-01  0.9039659E+03  0.9748827E+02
  0.8376000000000E+01  0.6705590E+01  0.1161234E+01  0.6296041E+01 -0.2336607E+00  0.1369169E-01  0.7539585E-01  0.2750262E+02  0.8931401E-01  0.9043899E+03  0.9749630E+02
  0.8384000000000E+01  0.6714868E+01  0.1159792E+01  0.6294311E+01 -0.2335479E+00  0.1410262E-01  0.7769115E-01  0.2749466E+02  0.8933163E-01  0.9048133E+03  0.9750428E+02
  0.8392000000000E+01  0.6724135E+01  0.1158308E+01  0.6292602E+01 -0.2334318E+00  0.1450960E-01  0.7997161E-01  0.2748676E+02  0.8935003E-01  0.9052359E+03  0.9751220E+02
  0.8400000000000E+01  0.6733389E+01  0.1156783E+01  0.6290915E+01 -0.2333125E+00  0.1491223E-01  0.8223536E-01  0.2747892E+02  0.8936923E-01  0.9056579E+03  0.9752006E+02
  0.8408000000000E+01  0.6742631E+01  0.1155213E+01  0.6289251E+01 -0.2331901E+00  0.1531010E-01  0.8448059E-01  0.2747112E+02  0.8938924E-01  0.9060792E+03  0.9752787E+02
  0.8416000000000E+01  0.6751860E+01  0.1153598E+01  0.6287609E+01 -0.2330644E+00  0.1570282E-01  0.8670557E-01  0.2746338E+02  0.8941008E-01  0.9064997E+03  0.9753562E+02
  0.8424000000000E+01  0.6761075E+01  0.1151935E+01  0.6285991E+01 -0.2329357E+00  0.1609000E-01  0.8890868E-01  0.2745570E+02  0.8943178E-01  0.9069195E+03  0.9754332E+02
  0.8432000000000E+01  0.6770277E+01  0.1150224E+01  0.6284396E+01 -0.2328039E+00  0.1647131E-01  0.9108839E-01  0.2744808E+02  0.8945434E-01  0.9073386E+03  0.9755095E+02
  0.8440000000000E+01  0.6779465E+01  0.1148462E+01  0.6282826E+01 -0.2326692E+00  0.1684640E-01  0.9324330E-01  0.2744051E+02  0.8947781E-01  0.9077569E+03  0.9755852E+02
  0.8448000000000E+01  0.6788638E+01  0.1146647E+01  0.6281280E+01 -0.2325315E+00  0.1721497E-01  0.9537216E-01  0.2743301E+02  0.8950218E-01  0.9081744E+03  0.9756602E+02
  0.8456000000000E+01  0.6797796E+01  0.1144780E+01  0.6279759E+01 -0.2323908E+00  0.1757674E-01  0.9747386E-01  0.2742557E+02  0.8952750E-01  0.9085911E+03  0.9757346E+02
  0.8464000000000E+01  0.6806939E+01  0.1142858E+01  0.6278265E+01 -0.2322474E+00  0.1793145E-01  0.9954747E-01  0.2741819E+02  0.8955378E-01  0.9090070E+03  0.9758084E+02
  0.8472000000000E+01  0.6816066E+01  0.1140879E+01  0.6276798E+01 -0.2321012E+00  0.1827890E-01  0.1015922E+00  0.2741088E+02  0.8958105E-01  0.9094221E+03  0.9758814E+02
  0.8480000000000E+01  0.6825177E+01  0.1138843E+01  0.6275358E+01 -0.2319522E+00  0.1861891E-01  0.1036076E+00  0.2740364E+02  0.8960934E-01  0.9098363E+03  0.9759538E+02
  0.8488000000000E+01  0.6834271E+01  0.1136749E+01  0.6273946E+01 -0.2318006E+00  0.1895133E-01  0.1055933E+00  0.2739647E+02  0.8963866E-01  0.9102496E+03  0.9760255E+02
  0.8496000000000E+01  0.6843347E+01  0.1134595E+01  0.6272564E+01 -0.2316464E+00  0.1927606E-01  0.1075492E+00  0.2738937E+02  0.8966904E-01  0.9106620E+03  0.9760964E+02
  0.8504000000000E+01  0.6852406E+01  0.1132379E+01  0.6271211E+01 -0.2314896E+00  0.1959307E-01  0.1094754E+00  0.2738234E+02  0.8970052E-01  0.9110735E+03  0.9761666E+02
  0.8512000000000E+01  0.6861447E+01  0.1130102E+01  0.6269890E+01 -0.2313304E+00  0.1990234E-01  0.1113725E+00  0.2737539E+02  0.8973311E-01  0.9114841E+03  0.9762360E+02
  0.8520000000000E+01  0.6870469E+01  0.1127763E+01  0.6268600E+01 -0.2311688E+00  0.2020393E-01  0.1132410E+00  0.2736852E+02  0.8976684E-01  0.9118937E+03  0.9763047E+02
  0.8528000000000E+01  0.6879472E+01  0.1125360E+01  0.6267343E+01 -0.2310048E+00  0.2049793E-01  0.1150819E+00  0.2736173E+02  0.8980175E-01  0.9123023E+03  0.9763725E+02
  0.8536000000000E+01  0.6888455E+01  0.1122894E+01  0.6266119E+01 -0.2308385E+00  0.2078451E-01  0.1168965E+00  0.2735502E+02  0.8983785E-01  0.9127099E+03  0.9764396E+02
  0.8544000000000E+01  0.6897418E+01  0.1120363E+01  0.6264930E+01 -0.2306700E+00  0.2106385E-01  0.1186863E+00  0.2734839E+02  0.8987517E-01  0.9131165E+03  0.9765058E+02
  0.8552000000000E+01  0.6906360E+01  0.1117769E+01  0.6263776E+01 -0.2304993E+00  0.2133622E-01  0.1204530E+00  0.2734184E+02  0.8991375E-01  0.9135221E+03  0.9765712E+02
  0.8560000000000E+01  0.6915281E+01  0.1115110E+01  0.6262659E+01 -0.2303265E+00  0.2160189E-01  0.1221984E+00  0.2733539E+02  0.8995359E-01  0.9139266E+03  0.9766357E+02
  0.8568000000000E+01  0.6924180E+01  0.1112388E+01  0.6261579E+01 -0.2301516E+00  0.2186118E-01  0.1239247E+00  0.2732902E+02  0.8999473E-01  0.9143300E+03  0.9766994E+02
  0.8576000000000E+01  0.6933057E+01  0.1109601E+01  0.6260538E+01 -0.2299747E+00  0.2211444E-01  0.1256340E+00  0.2732274E+02  0.9003720E-01  0.9147323E+03  0.9767621E+02
  0.8584000000000E+01  0.6941911E+01  0.1106751E+01  0.6259536E+01 -0.2297958E+00  0.2236205E-01  0.1273287E+00  0.2731655E+02  0.9008101E-01  0.9151335E+03  0.9768240E+02
  0.8592000000000E+01  0.6950742E+01  0.1103837E+01  0.6258574E+01 -0.2296150E+00  0.2260438E-01  0.1290111E+00  0.2731046E+02  0.9012619E-01  0.9155335E+03  0.9768849E+02
  0.8600000000000E+01  0.6959549E+01  0.1100861E+01  0.6257653E+01 -0.2294322E+00  0.2284181E-01  0.1306837E+00  0.2730446E+02  0.9017277E-01  0.9159324E+03  0.9769449E+02
  0.8608000000000E+01  0.6968331E+01  0.1097823E+01  0.6256775E+01 -0.2292477E+00  0.2307472E-01  0.1323486E+00  0.2729856E+02  0.9022076E-01  0.9163301E+03  0.9770039E+02
  0.8616000000000E+01  0.6977089E+01  0.1094724E+01  0.6255940E+01 -0.2290612E+00  0.2330351E-01  0.1340084E+00  0.2729275E+02  0.9027018E-01  0.9167266E+03  0.9770620E+02
  0.8624000000000E+01  0.6985822E+01  0.1091563E+01  0.6255148E+01 -0.2288730E+00  0.2352852E-01  0.1356653E+00  0.2728705E+02  0.9032106E-01  0.9171218E+03  0.9771191E+02
  0.8632000000000E+01  0.6994528E+01  0.1088342E+01  0.6254401E+01 -0.2286830E+00  0.2375012E-01  0.1373215E+00  0.2728144E+02  0.9037342E-01  0.9175158E+03  0.9771752E+02
  0.8640000000000E+01  0.7003209E+01  0.1085061E+01  0.6253699E+01 -0.2284912E+00  0.2396865E-01  0.1389792E+00  0.2727593E+02  0.9042728E-01  0.9179085E+03  0.9772302E+02
  0.8648000000000E+01  0.7011863E+01  0.1081720E+01  0.6253043E+01 -0.2282978E+00  0.2418441E-01  0.1406405E+00  0.2727053E+02  0.9048265E-01  0.9183000E+03  0.9772843E+02
  0.8656000000000E+01  0.7020489E+01  0.1078319E+01  0.6252433E+01 -0.2281026E+00  0.2439774E-01  0.1423076E+00  0.2726523E+02  0.9053956E-01  0.9186901E+03  0.9773373E+02
  0.8664000000000E+01  0.7029088E+01  0.1074859E+01  0.6251871E+01 -0.2279057E+00  0.2460890E-01  0.1439824E+00  0.2726004E+02  0.9059803E-01  0.9190790E+03  0.9773893E+02
  0.8672000000000E+01  0.7037659E+01  0.1071339E+01  0.6251356E+01 -0.2277072E+00  0.2481820E-01  0.1456670E+00  0.2725495E+02  0.9065808E-01  0.9194665E+03  0.9774402E+02
  0.8680000000000E+01  0.7046201E+01  0.1067759E+01  0.6250890E+01 -0.2275070E+00  0.2502587E-01  0.1473633E+00  0.2724996E+02  0.9071972E-01  0.9198526E+03  0.9774900E+02
  0.8688000000000E+01  0.7054714E+01  0.1064119E+01  0.6250473E+01 -0.2273051E+00  0.2523219E-01  0.1490732E+00  0.2724509E+02  0.9078298E-01  0.9202373E+03  0.9775387E+02
  0.8696000000000E+01  0.7063197E+01  0.1060419E+01  0.6250104E+01 -0.2271016E+00  0.2543737E-01  0.1507985E+00  0.2724032E+02  0.9084788E-01  0.9206207E+03  0.9775864E+02
  0.8704000000000E+01  0.7071650E+01  0.1056658E+01  0.6249786E+01 -0.2268965E+00  0.2564162E-01  0.1525410E+00  0.2723567E+02  0.9091444E-01  0.9210026E+03  0.9776329E+02
  0.8712000000000E+01  0.7080073E+01  0.1052836E+01  0.6249518E+01 -0.2266897E+00  0.2584514E-01  0.1543023E+00  0.2723113E+02  0.9098268E-01  0.9213832E+03  0.9776783E+02
  0.8720000000000E+01  0.7088465E+01  0.1048953E+01  0.6249300E+01 -0.2264813E+00  0.2604809E-01  0.1560839E+00  0.2722670E+02  0.9105262E-01  0.9217622E+03  0.9777225E+02
  0.8728000000000E+01  0.7096825E+01  0.1045008E+01  0.6249134E+01 -0.2262713E+00  0.2625060E-01  0.1578872E+00  0.2722238E+02  0.9112428E-01  0.9221398E+03  0.9777656E+02
  0.8736000000000E+01  0.7105153E+01  0.1041000E+01  0.6249020E+01 -0.2260597E+00  0.2645276E-01  0.1597132E+00  0.2721818E+02  0.9119770E-01  0.9225159E+03  0.9778075E+02
  0.8744000000000E+01  0.7113448E+01  0.1036930E+01  0.6248959E+01 -0.2258465E+00  0.2665466E-01  0.1615632E+00  0.2721410E+02  0.9127288E-01  0.9228905E+03  0.9778482E+02
  0.8752000000000E+01  0.7121711E+01  0.1032797E+01  0.6248950E+01 -0.2256316E+00  0.2685633E-01  0.1634378E+00  0.2721014E+02  0.9134986E-01  0.9232635E+03  0.9778877E+02
  0.8760000000000E+01  0.7129939E+01  0.1028600E+01  0.6248995E+01 -0.2254152E+00  0.2705775E-01  0.1653377E+00  0.2720629E+02  0.9142865E-01  0.9236350E+03  0.9779260E+02
  0.8768000000000E+01  0.7138134E+01  0.1024340E+01  0.6249094E+01 -0.2251971E+00  0.2725891E-01  0.1672634E+00  0.2720257E+02  0.9150928E-01  0.9240049E+03  0.9779631E+02
  0.8776000000000E+01  0.7146294E+01  0.1020016E+01  0.6249249E+01 -0.2249774E+00  0.2745974E-01  0.1692151E+00  0.2719897E+02  0.9159178E-01  0.9243732E+03  0.9779989E+02
  0.8784000000000E+01  0.7154419E+01  0.1015628E+01  0.6249459E+01 -0.2247561E+00  0.2766013E-01  0.1711930E+00  0.2719550E+02  0.9167617E-01  0.9247400E+03  0.9780335E+02
  0.8792000000000E+01  0.7162509E+01  0.1011177E+01  0.6249725E+01 -0.2245332E+00  0.2785997E-01  0.1731969E+00  0.2719215E+02  0.9176247E-01  0.9251050E+03  0.9780668E+02
  0.8800000000000E+01  0.7170562E+01  0.1006662E+01  0.6250049E+01 -0.2243088E+00  0.2805912E-01  0.1752266E+00  0.2718893E+02  0.9185070E-01  0.9254685E+03  0.9780989E+02
  0.8808000000000E+01  0.7178579E+01  0.1002083E+01  0.6250430E+01 -0.2240827E+00  0.2825742E-01  0.1772818E+00  0.2718583E+02  0.9194090E-01  0.9258302E+03  0.9781296E+02
  0.8816000000000E+01  0.7186558E+01  0.9974427E+00  0.6250871E+01 -0.2238551E+00  0.2845469E-01  0.1793622E+00  0.2718287E+02  0.9203307E-01  0.9261903E+03  0.9781590E+02
  0.8824000000000E+01  0.7194500E+01  0.9927404E+00  0.6251372E+01 -0.2236259E+00  0.2865077E-01  0.1814671E+00  0.2718004E+02  0.9212726E-01  0.9265486E+03  0.9781871E+02
  0.8832000000000E+01  0.7202404E+01  0.9879773E+00  0.6251933E+01 -0.2233951E+00  0.2884546E-01  0.1835961E+00  0.2717735E+02  0.9222347E-01  0.9269052E+03  0.9782139E+02
  0.8840000000000E+01  0.7210269E+01  0.9831545E+00  0.6252556E+01 -0.2231628E+00  0.2903859E-01  0.1857486E+00  0.2717478E+02  0.9232173E-01  0.9272601E+03  0.9782393E+02
  0.8848000000000E+01  0.7218095E+01  0.9782733E+00  0.6253242E+01 -0.2229290E+00  0.2922998E-01  0.1879242E+00  0.2717236E+02  0.9242206E-01  0.9276132E+03  0.9782634E+02
  0.8856000000000E+01  0.7225882E+01  0.9733349E+00  0.6253992E+01 -0.2226936E+00  0.2941947E-01  0.1901222E+00  0.2717007E+02  0.9252447E-01  0.9279645E+03  0.9782861E+02
  0.8864000000000E+01  0.7233629E+01  0.9683407E+00  0.6254806E+01 -0.2224567E+00  0.2960691E-01  0.1923424E+00  0.2716792E+02  0.9262900E-01  0.9283140E+03  0.9783074E+02
  0.8872000000000E+01  0.7241335E+01  0.9632920E+00  0.6255685E+01 -0.2222184E+00  0.2979214E-01  0.1945842E+00  0.2716591E+02  0.9273566E-01  0.9286617E+03  0.9783273E+02
  0.8880000000000E+01  0.7249001E+01  0.9581901E+00  0.6256631E+01 -0.2219786E+00  0.2997502E-01  0.1968472E+00  0.2716404E+02  0.9284445E-01  0.9290075E+03  0.9783458E+02
  0.8888000000000E+01  0.7256625E+01  0.9530363E+00  0.6257643E+01 -0.2217374E+00  0.3015544E-01  0.1991313E+00  0.2716231E+02  0.9295542E-01  0.9293515E+03  0.9783629E+02
  0.8896000000000E+01  0.7264208E+01  0.9478320E+00  0.6258723E+01 -0.2214947E+00  0.3033328E-01  0.2014363E+00  0.2716073E+02  0.9306856E-01  0.9296937E+03  0.9783786E+02
  0.8904000000000E+01  0.7271748E+01  0.9425783E+00  0.6259871E+01 -0.2212506E+00  0.3050844E-01  0.2037619E+00  0.2715929E+02  0.9318389E-01  0.9300339E+03  0.9783929E+02
  0.8912000000000E+01  0.7279246E+01  0.9372764E+00  0.6261089E+01 -0.2210052E+00  0.3068082E-01  0.2061081E+00  0.2715799E+02  0.9330144E-01  0.9303723E+03  0.9784057E+02
  0.8920000000000E+01  0.7286702E+01  0.9319274E+00  0.6262376E+01 -0.2207584E+00  0.3085035E-01  0.2084749E+00  0.2715684E+02  0.9342122E-01  0.9307087E+03  0.9784171E+02
  0.8928000000000E+01  0.7294114E+01  0.9265324E+00  0.6263732E+01 -0.2205102E+00  0.3101694E-01  0.2108623E+00  0.2715583E+02  0.9354323E-01  0.9310432E+03  0.9784271E+02
  0.8936000000000E+01  0.7301483E+01  0.9210922E+00  0.6265160E+01 -0.2202608E+00  0.3118052E-01  0.2132704E+00  0.2715497E+02  0.9366751E-01  0.9313758E+03  0.9784356E+02
  0.8944000000000E+01  0.7308808E+01  0.9156079E+00  0.6266659E+01 -0.2200101E+00  0.3134105E-01  0.2156994E+00  0.2715426E+02  0.9379406E-01  0.9317064E+03  0.9784426E+02
  0.8952000000000E+01  0.7316088E+01  0.9100804E+00  0.6268229E+01 -0.2197581E+00  0.3149845E-01  0.2181495E+00  0.2715370E+02  0.9392290E-01  0.9320350E+03  0.9784481E+02
  0.8960000000000E+01  0.7323324E+01  0.9045106E+00  0.6269871E+01 -0.2195049E+00  0.3165268E-01  0.2206208E+00  0.2715328E+02  0.9405404E-01  0.9323617E+03  0.9784522E+02
  0.8968000000000E+01  0.7330516E+01  0.8988993E+00  0.6271585E+01 -0.2192504E+00  0.3180369E-01  0.2231136E+00  0.2715301E+02  0.9418751E-01  0.9326864E+03  0.9784548E+02
  0.8976000000000E+01  0.7337662E+01  0.8932474E+00  0.6273373E+01 -0.2189948E+00  0.3195144E-01  0.2256283E+00  0.2715290E+02  0.9432330E-01  0.9330091E+03  0.9784560E+02
  0.8984000000000E+01  0.7344762E+01  0.8875557E+00  0.6275233E+01 -0.2187381E+00  0.3209590E-01  0.2281652E+00  0.2715293E+02  0.9446144E-01  0.9333297E+03  0.9784556E+02
  0.8992000000000E+01  0.7351817E+01  0.8818250E+00  0.6277168E+01 -0.2184802E+00  0.3223704E-01  0.2307246E+00  0.2715311E+02  0.9460195E-01  0.9336484E+03  0.9784537E+02
  0.9000000000000E+01  0.7358825E+01  0.8760562E+00  0.6279176E+01 -0.2182212E+00  0.3237484E-01  0.2333072E+00  0.2715344E+02  0.9474483E-01  0.9339650E+03  0.9784503E+02
  0.9008000000000E+01  0.7365787E+01  0.8702501E+00  0.6281259E+01 -0.2179611E+00  0.3250928E-01  0.2359132E+00  0.2715393E+02  0.9489011E-01  0.9342795E+03  0.9784455E+02
  0.9016000000000E+01  0.7372702E+01  0.8644077E+00  0.6283416E+01 -0.2177000E+00  0.3264034E-01  0.2385432E+00  0.2715456E+02  0.9503779E-01  0.9345920E+03  0.9784391E+02
  0.9024000000000E+01  0.7379571E+01  0.8585297E+00  0.6285648E+01 -0.2174378E+00  0.3276800E-01  0.2411976E+00  0.2715535E+02  0.9518790E-01  0.9349024E+03  0.9784312E+02
  0.9032000000000E+01  0.7386392E+01  0.8526173E+00  0.6287956E+01 -0.2171747E+00  0.3289225E-01  0.2438768E+00  0.2715629E+02  0.9534044E-01  0.9352108E+03  0.9784218E+02
  0.9040000000000E+01  0.7393165E+01  0.8466714E+00  0.6290340E+01 -0.2169106E+00  0.3301306E-01  0.2465813E+00  0.2715738E+02  0.9549543E-01  0.9355170E+03  0.9784108E+02
  0.9048000000000E+01  0.7399890E+01  0.8406932E+00  0.6292801E+01 -0.2166455E+00  0.3313042E-01  0.2493113E+00  0.2715862E+02  0.9565289E-01  0.9358211E+03  0.9783984E+02
  0.9056000000000E+01  0.7406568E+01  0.8346836E+00  0.6295338E+01 -0.2163796E+00  0.3324428E-01  0.2520671E+00  0.2716002E+02  0.9581283E-01  0.9361232E+03  0.9783844E+02
  0.9064000000000E+01  0.7413197E+01  0.8286436E+00  0.6297952E+01 -0.2161127E+00  0.3335460E-01  0.2548491E+00  0.2716157E+02  0.9597526E-01  0.9364231E+03  0.9783689E+02
  0.9072000000000E+01  0.7419778E+01  0.8225740E+00  0.6300643E+01 -0.2158451E+00  0.3346134E-01  0.2576575E+00  0.2716328E+02  0.9614019E-01  0.9367208E+03  0.9783518E+02
  0.9080000000000E+01  0.7426309E+01  0.8164757E+00  0.6303412E+01 -0.2155765E+00  0.3356444E-01  0.2604924E+00  0.2716513E+02  0.9630765E-01  0.9370165E+03  0.9783333E+02
  0.9088000000000E+01  0.7432792E+01  0.8103491E+00  0.6306259E+01 -0.2153072E+00  0.3366384E-01  0.2633543E+00  0.2716715E+02  0.9647764E-01  0.9373100E+03  0.9783132E+02
  0.9096000000000E+01  0.7439226E+01  0.8041947E+00  0.6309183E+01 -0.2150371E+00  0.3375949E-01  0.2662434E+00  0.2716931E+02  0.9665019E-01  0.9376013E+03  0.9782915E+02
  0.9104000000000E+01  0.7445610E+01  0.7980126E+00  0.6312186E+01 -0.2147663E+00  0.3385130E-01  0.2691599E+00  0.2717164E+02  0.9682531E-01  0.9378905E+03  0.9782683E+02
  0.9112000000000E+01  0.7451944E+01  0.7918030E+00  0.6315266E+01 -0.2144948E+00  0.3393921E-01  0.2721041E+00  0.2717411E+02  0.9700301E-01  0.9381775E+03  0.9782436E+02
  0.9120000000000E+01  0.7458229E+01  0.7855659E+00  0.6318425E+01 -0.2142226E+00  0.3402311E-01  0.2750762E+00  0.2717674E+02  0.9718332E-01  0.9384623E+03  0.9782173E+02
  0.9128000000000E+01  0.7464463E+01  0.7793014E+00  0.6321661E+01 -0.2139498E+00  0.3410292E-01  0.2780762E+00  0.2717953E+02  0.9736624E-01  0.9387449E+03  0.9781895E+02
  0.9136000000000E+01  0.7470647E+01  0.7730096E+00  0.6324976E+01 -0.2136764E+00  0.3417852E-01  0.2811040E+00  0.2718247E+02  0.9755181E-01  0.9390253E+03  0.9781601E+02
  0.9144000000000E+01  0.7476781E+01  0.7666907E+00  0.6328369E+01 -0.2134024E+00  0.3424976E-01  0.2841594E+00  0.2718557E+02  0.9774005E-01  0.9393036E+03  0.9781292E+02
  0.9152000000000E+01  0.7482864E+01  0.7603450E+00  0.6331841E+01 -0.2131279E+00  0.3431651E-01  0.2872418E+00  0.2718882E+02  0.9793096E-01  0.9395796E+03  0.9780967E+02
  0.9160000000000E+01  0.7488895E+01  0.7539729E+00  0.6335391E+01 -0.2128528E+00  0.3437860E-01  0.2903507E+00  0.2719222E+02  0.9812457E-01  0.9398533E+03  0.9780626E+02
  0.9168000000000E+01  0.7494876E+01  0.7475747E+00  0.6339021E+01 -0.2125773E+00  0.3443584E-01  0.2934853E+00  0.2719579E+02  0.9832091E-01  0.9401249E+03  0.9780270E+02
  0.9176000000000E+01  0.7500805E+01  0.7411509E+00  0.6342730E+01 -0.2123014E+00  0.3448804E-01  0.2966446E+00  0.2719951E+02  0.9851999E-01  0.9403942E+03  0.9779899E+02
  0.9184000000000E+01  0.7506683E+01  0.7347017E+00  0.6346518E+01 -0.2120252E+00  0.3453500E-01  0.2998277E+00  0.2720338E+02  0.9872184E-01  0.9406612E+03  0.9779512E+02
  0.9192000000000E+01  0.7512509E+01  0.7282274E+00  0.6350386E+01 -0.2117485E+00  0.3457649E-01  0.3030334E+00  0.2720741E+02  0.9892648E-01  0.9409260E+03  0.9779109E+02
  0.9200000000000E+01  0.7518282E+01  0.7217281E+00  0.6354334E+01 -0.2114716E+00  0.3461231E-01  0.3062609E+00  0.2721160E+02  0.9913393E-01  0.9411885E+03  0.9778690E+02
  0.9208000000000E+01  0.7524004E+01  0.7152036E+00  0.6358362E+01 -0.2111945E+00  0.3464223E-01  0.3095088E+00  0.2721594E+02  0.9934422E-01  0.9414487E+03  0.9778256E+02
  0.9216000000000E+01  0.7529673E+01  0.7086540E+00  0.6362469E+01 -0.2109172E+00  0.3466602E-01  0.3127760E+00  0.2722044E+02  0.9955738E-01  0.9417066E+03  0.9777805E+02
  0.9224000000000E+01  0.7535290E+01  0.7020791E+00  0.6366658E+01 -0.2106397E+00  0.3468344E-01  0.3160612E+00  0.2722510E+02  0.9977343E-01  0.9419623E+03  0.9777339E+02
  0.9232000000000E+01  0.7540854E+01  0.6954787E+00  0.6370926E+01 -0.2103622E+00  0.3469427E-01  0.3193632E+00  0.2722992E+02  0.9999240E-01  0.9422156E+03  0.9776858E+02
  0.9240000000000E+01  0.7546365E+01  0.6888525E+00  0.6375275E+01 -0.2100846E+00  0.3469825E-01  0.3226804E+00  0.2723489E+02  0.1002143E+00  0.9424666E+03  0.9776360E+02
  0.9248000000000E+01  0.7551822E+01  0.6822006E+00  0.6379705E+01 -0.2098070E+00  0.3469516E-01  0.3260113E+00  0.2724002E+02  0.1004392E+00  0.9427153E+03  0.9775847E+02
  0.9256000000000E+01  0.7557226E+01  0.6755227E+00  0.6384215E+01 -0.2095295E+00  0.3468474E-01  0.3293544E+00  0.2724531E+02  0.1006671E+00  0.9429617E+03  0.9775317E+02
  0.9264000000000E+01  0.7562577E+01  0.6688187E+00  0.6388807E+01 -0.2092522E+00  0.3466674E-01  0.3327079E+00  0.2725076E+02  0.1008981E+00  0.9432057E+03  0.9774772E+02
  0.9272000000000E+01  0.7567874E+01  0.6620884E+00  0.6393480E+01 -0.2089751E+00  0.3464093E-01  0.3360703E+00  0.2725637E+02  0.1011321E+00  0.9434473E+03  0.9774210E+02
  0.9280000000000E+01  0.7573116E+01  0.6553316E+00  0.6398235E+01 -0.2086982E+00  0.3460706E-01  0.3394398E+00  0.2726214E+02  0.1013692E+00  0.9436866E+03  0.9773633E+02
  0.9288000000000E+01  0.7578305E+01  0.6485479E+00  0.6403071E+01 -0.2084217E+00  0.3456490E-01  0.3428147E+00  0.2726807E+02  0.1016095E+00  0.9439235E+03  0.9773039E+02
  0.9296000000000E+01  0.7583439E+01  0.6417369E+00  0.6407989E+01 -0.2081456E+00  0.3451421E-01  0.3461935E+00  0.2727417E+02  0.1018530E+00  0.9441580E+03  0.9772429E+02
  0.9304000000000E+01  0.7588518E+01  0.6348979E+00  0.6412989E+01 -0.2078699E+00  0.3445478E-01  0.3495747E+00  0.2728042E+02  0.1020996E+00  0.9443901E+03  0.9771803E+02
  0.9312000000000E+01  0.7593542E+01  0.6280304E+00  0.6418071E+01 -0.2075949E+00  0.3438638E-01  0.3529568E+00  0.2728684E+02  0.1023496E+00  0.9446198E+03  0.9771161E+02
  0.9320000000000E+01  0.7598511E+01  0.6211335E+00  0.6423234E+01 -0.2073204E+00  0.3430882E-01  0.3563384E+00  0.2729342E+02  0.1026028E+00  0.9448471E+03  0.9770503E+02
  0.9328000000000E+01  0.7603425E+01  0.6142065E+00  0.6428479E+01 -0.2070466E+00  0.3422191E-01  0.3597186E+00  0.2730017E+02  0.1028594E+00  0.9450719E+03  0.9769828E+02
  0.9336000000000E+01  0.7608283E+01  0.6072483E+00  0.6433805E+01 -0.2067736E+00  0.3412548E-01  0.3630961E+00  0.2730708E+02  0.1031194E+00  0.9452943E+03  0.9769136E+02
  0.9344000000000E+01  0.7613085E+01  0.6002581E+00  0.6439212E+01 -0.2065014E+00  0.3401937E-01  0.3664703E+00  0.2731415E+02  0.1033828E+00  0.9455142E+03  0.9768428E+02
  0.9352000000000E+01  0.7617831E+01  0.5932351E+00  0.6444701E+01 -0.2062302E+00  0.3390346E-01  0.3698404E+00  0.2732139E+02  0.1036497E+00  0.9457316E+03  0.9767704E+02
  0.9360000000000E+01  0.7622520E+01  0.5861784E+00  0.6450271E+01 -0.2059600E+00  0.3377764E-01  0.3732060E+00  0.2732880E+02  0.1039202E+00  0.9459465E+03  0.9766962E+02
  0.9368000000000E+01  0.7627153E+01  0.5790873E+00  0.6455921E+01 -0.2056909E+00  0.3364183E-01  0.3765668E+00  0.2733638E+02  0.1041942E+00  0.9461590E+03  0.9766204E+02
  0.9376000000000E+01  0.7631729E+01  0.5719613E+00  0.6461653E+01 -0.2054229E+00  0.3349598E-01  0.3799230E+00  0.2734412E+02  0.1044719E+00  0.9463689E+03  0.9765429E+02
  0.9384000000000E+01  0.7636247E+01  0.5648002E+00  0.6467465E+01 -0.2051562E+00  0.3334009E-01  0.3832747E+00  0.2735204E+02  0.1047533E+00  0.9465762E+03  0.9764637E+02
  0.9392000000000E+01  0.7640708E+01  0.5576040E+00  0.6473359E+01 -0.2048908E+00  0.3317419E-01  0.3866226E+00  0.2736012E+02  0.1050385E+00  0.9467810E+03  0.9763828E+02
  0.9400000000000E+01  0.7645111E+01  0.5503728E+00  0.6479333E+01 -0.2046268E+00  0.3299834E-01  0.3899675E+00  0.2736838E+02  0.1053275E+00  0.9469832E+03  0.9763002E+02
  0.9408000000000E+01  0.7649456E+01  0.5431071E+00  0.6485389E+01 -0.2043643E+00  0.3281265E-01  0.3933108E+00  0.2737681E+02  0.1056203E+00  0.9471829E+03  0.9762159E+02
  0.9416000000000E+01  0.7653742E+01  0.5358077E+00  0.6491526E+01 -0.2041034E+00  0.3261727E-01  0.3966539E+00  0.2738541E+02  0.1059171E+00  0.9473799E+03  0.9761298E+02
  0.9424000000000E+01  0.7657970E+01  0.5284754E+00  0.6497745E+01 -0.2038441E+00  0.3241238E-01  0.3999988E+00  0.2739419E+02  0.1062178E+00  0.9475743E+03  0.9760420E+02
  0.9432000000000E+01  0.7662139E+01  0.5211115E+00  0.6504046E+01 -0.2035865E+00  0.3219820E-01  0.4033479E+00  0.2740314E+02  0.1065226E+00  0.9477661E+03  0.9759524E+02
  0.9440000000000E+01  0.7666248E+01  0.5137172E+00  0.6510429E+01 -0.2033307E+00  0.3197501E-01  0.4067039E+00  0.2741226E+02  0.1068315E+00  0.9479552E+03  0.9758611E+02
  0.9448000000000E+01  0.7670299E+01  0.5062941E+00  0.6516895E+01 -0.2030767E+00  0.3174307E-01  0.4100700E+00  0.2742156E+02  0.1071446E+00  0.9481416E+03  0.9757680E+02
  0.9456000000000E+01  0.7674290E+01  0.4988436E+00  0.6523443E+01 -0.2028247E+00  0.3150273E-01  0.4134498E+00  0.2743104E+02  0.1074619E+00  0.9483254E+03  0.9756731E+02
  0.9464000000000E+01  0.7678221E+01  0.4913676E+00  0.6530073E+01 -0.2025747E+00  0.3125431E-01  0.4168473E+00  0.2744070E+02  0.1077834E+00  0.9485065E+03  0.9755765E+02
  0.9472000000000E+01  0.7682091E+01  0.4838680E+00  0.6536787E+01 -0.2023267E+00  0.3099822E-01  0.4202669E+00  0.2745053E+02  0.1081093E+00  0.9486849E+03  0.9754780E+02
  0.9480000000000E+01  0.7685902E+01  0.4763471E+00  0.6543583E+01 -0.2020808E+00  0.3073484E-01  0.4237136E+00  0.2746054E+02  0.1084395E+00  0.9488605E+03  0.9753778E+02
  0.9488000000000E+01  0.7689653E+01  0.4688072E+00  0.6550462E+01 -0.2018371E+00  0.3046463E-01  0.4271926E+00  0.2747073E+02  0.1087742E+00  0.9490335E+03  0.9752758E+02
  0.9496000000000E+01  0.7693343E+01  0.4612511E+00  0.6557425E+01 -0.2015956E+00  0.3018804E-01  0.4307096E+00  0.2748110E+02  0.1091134E+00  0.9492036E+03  0.9751719E+02
  0.9504000000000E+01  0.7696972E+01  0.4536820E+00  0.6564471E+01 -0.2013563E+00  0.2990557E-01  0.4342706E+00  0.2749165E+02  0.1094571E+00  0.9493711E+03  0.9750663E+02
  0.9512000000000E+01  0.7700541E+01  0.4461030E+00  0.6571602E+01 -0.2011194E+00  0.2961772E-01  0.4378821E+00  0.2750238E+02  0.1098053E+00  0.9495358E+03  0.9749588E+02
  0.9520000000000E+01  0.7704049E+01  0.4385181E+00  0.6578816E+01 -0.2008848E+00  0.2932503E-01  0.4415506E+00  0.2751329E+02  0.1101582E+00  0.9496977E+03  0.9748496E+02
  0.9528000000000E+01  0.7707497E+01  0.4309311E+00  0.6586116E+01 -0.2006526E+00  0.2902804E-01  0.4452831E+00  0.2752437E+02  0.1105158E+00  0.9498569E+03  0.9747386E+02
  0.9536000000000E+01  0.7710883E+01  0.4233463E+00  0.6593500E+01 -0.2004228E+00  0.2872730E-01  0.4490867E+00  0.2753564E+02  0.1108781E+00  0.9500133E+03  0.9746257E+02
  0.9544000000000E+01  0.7714209E+01  0.4157681E+00  0.6600971E+01 -0.2001954E+00  0.2842336E-01  0.4529685E+00  0.2754709E+02  0.1112451E+00  0.9501669E+03  0.9745111E+02
  0.9552000000000E+01  0.7717475E+01  0.4082010E+00  0.6608528E+01 -0.1999704E+00  0.2811675E-01  0.4569358E+00  0.2755871E+02  0.1116168E+00  0.9503177E+03  0.9743946E+02
  0.9560000000000E+01  0.7720680E+01  0.4006497E+00  0.6616171E+01 -0.1997480E+00  0.2780799E-01  0.4609957E+00  0.2757051E+02  0.1119934E+00  0.9504658E+03  0.9742764E+02
  0.9568000000000E+01  0.7723825E+01  0.3931186E+00  0.6623901E+01 -0.1995280E+00  0.2749755E-01  0.4651552E+00  0.2758249E+02  0.1123747E+00  0.9506111E+03  0.9741565E+02
  0.9576000000000E+01  0.7726910E+01  0.3856124E+00  0.6631719E+01 -0.1993105E+00  0.2718588E-01  0.4694211E+00  0.2759464E+02  0.1127609E+00  0.9507536E+03  0.9740347E+02
  0.9584000000000E+01  0.7729935E+01  0.3781355E+00  0.6639624E+01 -0.1990955E+00  0.2687339E-01  0.4737996E+00  0.2760696E+02  0.1131520E+00  0.9508934E+03  0.9739112E+02
  0.9592000000000E+01  0.7732901E+01  0.3706921E+00  0.6647617E+01 -0.1988830E+00  0.2656042E-01  0.4782966E+00  0.2761946E+02  0.1135479E+00  0.9510305E+03  0.9737860E+02
  0.9600000000000E+01  0.7735807E+01  0.3632867E+00  0.6655697E+01 -0.1986731E+00  0.2624729E-01  0.4829172E+00  0.2763213E+02  0.1139487E+00  0.9511648E+03  0.9736591E+02
  0.9608000000000E+01  0.7738654E+01  0.3559231E+00  0.6663864E+01 -0.1984656E+00  0.2593423E-01  0.4876661E+00  0.2764496E+02  0.1143544E+00  0.9512963E+03  0.9735304E+02
  0.9616000000000E+01  0.7741443E+01  0.3486055E+00  0.6672118E+01 -0.1982606E+00  0.2562144E-01  0.4925466E+00  0.2765797E+02  0.1147650E+00  0.9514252E+03  0.9734001E+02
  0.9624000000000E+01  0.7744174E+01  0.3413376E+00  0.6680460E+01 -0.1980581E+00  0.2530903E-01  0.4975617E+00  0.2767114E+02  0.1151805E+00  0.9515514E+03  0.9732681E+02
  0.9632000000000E+01  0.7746847E+01  0.3341231E+00  0.6688888E+01 -0.1978582E+00  0.2499709E-01  0.5027128E+00  0.2768447E+02  0.1156008E+00  0.9516748E+03  0.9731345E+02
  0.9640000000000E+01  0.7749463E+01  0.3269654E+00  0.6697403E+01 -0.1976607E+00  0.2468561E-01  0.5080007E+00  0.2769796E+02  0.1160261E+00  0.9517956E+03  0.9729992E+02
  0.9648000000000E+01  0.7752022E+01  0.3198676E+00  0.6706004E+01 -0.1974657E+00  0.2437455E-01  0.5134246E+00  0.2771162E+02  0.1164562E+00  0.9519138E+03  0.9728624E+02
  0.9656000000000E+01  0.7754524E+01  0.3128327E+00  0.6714689E+01 -0.1972732E+00  0.2406379E-01  0.5189830E+00  0.2772543E+02  0.1168912E+00  0.9520293E+03  0.9727240E+02
  0.9664000000000E+01  0.7756971E+01  0.3058632E+00  0.6723459E+01 -0.1970831E+00  0.2375319E-01  0.5246729E+00  0.2773939E+02  0.1173311E+00  0.9521422E+03  0.9725840E+02
  0.9672000000000E+01  0.7759363E+01  0.2989614E+00  0.6732312E+01 -0.1968956E+00  0.2344251E-01  0.5304902E+00  0.2775351E+02  0.1177758E+00  0.9522526E+03  0.9724425E+02
  0.9680000000000E+01  0.7761700E+01  0.2921293E+00  0.6741247E+01 -0.1967106E+00  0.2313151E-01  0.5364298E+00  0.2776777E+02  0.1182254E+00  0.9523603E+03  0.9722995E+02
  0.9688000000000E+01  0.7763983E+01  0.2853683E+00  0.6750263E+01 -0.1965280E+00  0.2281989E-01  0.5424856E+00  0.2778218E+02  0.1186797E+00  0.9524656E+03  0.9721550E+02
  0.9696000000000E+01  0.7766212E+01  0.2786797E+00  0.6759357E+01 -0.1963479E+00  0.2250733E-01  0.5486505E+00  0.2779674E+02  0.1191389E+00  0.9525683E+03  0.9720091E+02
  0.9704000000000E+01  0.7768389E+01  0.2720646E+00  0.6768528E+01 -0.1961704E+00  0.2219348E-01  0.5549164E+00  0.2781144E+02  0.1196029E+00  0.9526685E+03  0.9718618E+02
  0.9712000000000E+01  0.7770513E+01  0.2655235E+00  0.6777774E+01 -0.1959954E+00  0.2187800E-01  0.5612749E+00  0.2782628E+02  0.1200716E+00  0.9527662E+03  0.9717131E+02
  0.9720000000000E+01  0.7772585E+01  0.2590570E+00  0.6787091E+01 -0.1958229E+00  0.2156052E-01  0.5677167E+00  0.2784125E+02  0.1205451E+00  0.9528615E+03  0.9715630E+02
  0.9728000000000E+01  0.7774607E+01  0.2526653E+00  0.6796478E+01 -0.1956530E+00  0.2124071E-01  0.5742322E+00  0.2785636E+02  0.1210234E+00  0.9529543E+03  0.9714116E+02
  0.9736000000000E+01  0.7776578E+01  0.2463486E+00  0.6805932E+01 -0.1954856E+00  0.2091825E-01  0.5808116E+00  0.2787160E+02  0.1215064E+00  0.9530448E+03  0.9712588E+02
  0.9744000000000E+01  0.7778498E+01  0.2401069E+00  0.6815449E+01 -0.1953209E+00  0.2059285E-01  0.5874451E+00  0.2788696E+02  0.1219941E+00  0.9531329E+03  0.9711048E+02
  0.9752000000000E+01  0.7780370E+01  0.2339401E+00  0.6825026E+01 -0.1951588E+00  0.2026424E-01  0.5941229E+00  0.2790246E+02  0.1224864E+00  0.9532186E+03  0.9709495E+02
  0.9760000000000E+01  0.7782193E+01  0.2278481E+00  0.6834660E+01 -0.1949993E+00  0.1993221E-01  0.6008353E+00  0.2791808E+02  0.1229835E+00  0.9533020E+03  0.9707930E+02
  0.9768000000000E+01  0.7783967E+01  0.2218308E+00  0.6844347E+01 -0.1948425E+00  0.1959661E-01  0.6075733E+00  0.2793382E+02  0.1234852E+00  0.9533831E+03  0.9706353E+02
  0.9776000000000E+01  0.7785695E+01  0.2158882E+00  0.6854084E+01 -0.1946885E+00  0.1925730E-01  0.6143280E+00  0.2794967E+02  0.1239915E+00  0.9534619E+03  0.9704764E+02
  0.9784000000000E+01  0.7787375E+01  0.2100204E+00  0.6863867E+01 -0.1945371E+00  0.1891425E-01  0.6210914E+00  0.2796565E+02  0.1245024E+00  0.9535385E+03  0.9703163E+02
  0.9792000000000E+01  0.7789008E+01  0.2042275E+00  0.6873692E+01 -0.1943886E+00  0.1856746E-01  0.6278559E+00  0.2798174E+02  0.1250179E+00  0.9536128E+03  0.9701551E+02
  0.9800000000000E+01  0.7790597E+01  0.1985099E+00  0.6883555E+01 -0.1942429E+00  0.1821700E-01  0.6346147E+00  0.2799794E+02  0.1255379E+00  0.9536849E+03  0.9699928E+02
  0.9808000000000E+01  0.7792140E+01  0.1928683E+00  0.6893452E+01 -0.1941000E+00  0.1786300E-01  0.6413617E+00  0.2801425E+02  0.1260624E+00  0.9537548E+03  0.9698294E+02
  0.9816000000000E+01  0.7793638E+01  0.1873034E+00  0.6903380E+01 -0.1939599E+00  0.1750565E-01  0.6480911E+00  0.2803066E+02  0.1265914E+00  0.9538226E+03  0.9696649E+02
  0.9824000000000E+01  0.7795092E+01  0.1818165E+00  0.6913335E+01 -0.1938228E+00  0.1714522E-01  0.6547978E+00  0.2804718E+02  0.1271247E+00  0.9538882E+03  0.9694995E+02
  0.9832000000000E+01  0.7796504E+01  0.1764089E+00  0.6923313E+01 -0.1936885E+00  0.1678201E-01  0.6614768E+00  0.2806381E+02  0.1276624E+00  0.9539517E+03  0.9693330E+02
  0.9840000000000E+01  0.7797872E+01  0.1710825E+00  0.6933312E+01 -0.1935572E+00  0.1641639E-01  0.6681233E+00  0.2808053E+02  0.1282042E+00  0.9540131E+03  0.9691655E+02
  0.9848000000000E+01  0.7799199E+01  0.1658392E+00  0.6943329E+01 -0.1934288E+00  0.1604875E-01  0.6747323E+00  0.2809735E+02  0.1287501E+00  0.9540725E+03  0.9689971E+02
  0.9856000000000E+01  0.7800485E+01  0.1606814E+00  0.6953360E+01 -0.1933033E+00  0.1567956E-01  0.6812984E+00  0.2811426E+02  0.1292999E+00  0.9541298E+03  0.9688277E+02
  0.9864000000000E+01  0.7801729E+01  0.1556119E+00  0.6963402E+01 -0.1931809E+00  0.1530930E-01  0.6878156E+00  0.2813127E+02  0.1298535E+00  0.9541852E+03  0.9686575E+02
  0.9872000000000E+01  0.7802935E+01  0.1506337E+00  0.6973454E+01 -0.1930614E+00  0.1493848E-01  0.6942771E+00  0.2814836E+02  0.1304105E+00  0.9542385E+03  0.9684864E+02
  0.9880000000000E+01  0.7804101E+01  0.1457500E+00  0.6983511E+01 -0.1929448E+00  0.1456766E-01  0.7006748E+00  0.2816554E+02  0.1309707E+00  0.9542900E+03  0.9683145E+02
  0.9888000000000E+01  0.7805228E+01  0.1409644E+00  0.6993571E+01 -0.1928312E+00  0.1419742E-01  0.7069995E+00  0.2818280E+02  0.1315335E+00  0.9543395E+03  0.9681417E+02
  0.9896000000000E+01  0.7806318E+01  0.1362807E+00  0.7003630E+01 -0.1927206E+00  0.1382836E-01  0.7132402E+00  0.2820014E+02  0.1320986E+00  0.9543872E+03  0.9679682E+02
  0.9904000000000E+01  0.7807372E+01  0.1317030E+00  0.7013681E+01 -0.1926129E+00  0.1346112E-01  0.7193848E+00  0.2821755E+02  0.1326653E+00  0.9544330E+03  0.9677940E+02
  0.9912000000000E+01  0.7808390E+01  0.1272358E+00  0.7023719E+01 -0.1925082E+00  0.1309638E-01  0.7254193E+00  0.2823503E+02  0.1332327E+00  0.9544771E+03  0.9676191E+02
  0.9920000000000E+01  0.7809373E+01  0.1228837E+00  0.7033736E+01 -0.1924063E+00  0.1273484E-01  0.7313285E+00  0.2825258E+02  0.1337999E+00  0.9545194E+03  0.9674436E+02
  0.9928000000000E+01  0.7810322E+01  0.1186517E+00  0.7043722E+01 -0.1923073E+00  0.1237727E-01  0.7370963E+00  0.2827019E+02  0.1343658E+00  0.9545601E+03  0.9672674E+02
  0.9936000000000E+01  0.7811239E+01  0.1145449E+00  0.7053664E+01 -0.1922111E+00  0.1202449E-01  0.7427060E+00  0.2828786E+02  0.1349290E+00  0.9545991E+03  0.9670907E+02
  0.9944000000000E+01  0.7812123E+01  0.1105687E+00  0.7063547E+01 -0.1921176E+00  0.1167734E-01  0.7481412E+00  0.2830559E+02  0.1354880E+00  0.9546364E+03  0.9669135E+02
  0.9952000000000E+01  0.7812977E+01  0.1067281E+00  0.7073357E+01 -0.1920270E+00  0.1133671E-01  0.7533865E+00  0.2832335E+02  0.1360415E+00  0.9546723E+03  0.9667358E+02
  0.9960000000000E+01  0.7813801E+01  0.1030281E+00  0.7083077E+01 -0.1919389E+00  0.1100349E-01  0.7584282E+00  0.2834117E+02  0.1365879E+00  0.9547066E+03  0.9665577E+02
  0.9968000000000E+01  0.7814597E+01  0.9947249E-01  0.7092689E+01 -0.1918535E+00  0.1067854E-01  0.7632554E+00  0.2835901E+02  0.1371257E+00  0.9547395E+03  0.9663792E+02
  0.9976000000000E+01  0.7815366E+01  0.9606440E-01  0.7102180E+01 -0.1917706E+00  0.1036264E-01  0.7678601E+00  0.2837689E+02  0.1376536E+00  0.9547710E+03  0.9662005E+02
  0.9984000000000E+01  0.7816108E+01  0.9280535E-01  0.7111537E+01 -0.1916901E+00  0.1005646E-01  0.7722380E+00  0.2839480E+02  0.1381708E+00  0.9548012E+03  0.9660214E+02
  0.9992000000000E+01  0.7816826E+01  0.8969538E-01  0.7120751E+01 -0.1916121E+00  0.9760515E-02  0.7763878E+00  0.2841272E+02  0.1386763E+00  0.9548301E+03  0.9658422E+02
  0.1000000000000E+02  0.7817519E+01  0.8673295E-01  0.7129817E+01 -0.1915363E+00  0.9475166E-02  0.7803118E+00  0.2843066E+02  0.1391697E+00  0.9548578E+03  0.9656628E+02
  0.1000800000000E+02  0.7818191E+01  0.8391510E-01  0.7138732E+01 -0.1914627E+00  0.9200610E-02  0.7840147E+00  0.2844861E+02  0.1396507E+00  0.9548843E+03  0.9654833E+02
  0.1001600000000E+02  0.7818841E+01  0.8123769E-01  0.7147499E+01 -0.1913912E+00  0.8936902E-02  0.7875038E+00  0.2846656E+02  0.1401192E+00  0.9549098E+03  0.9653038E+02
  0.1002400000000E+02  0.7819470E+01  0.7869569E-01  0.7156119E+01 -0.1913217E+00  0.8683973E-02  0.7907881E+00  0.2848451E+02  0.1405754E+00  0.9549342E+03  0.9651243E+02
  0.1003200000000E+02  0.7820080E+01  0.7628345E-01  0.7164600E+01 -0.1912542E+00  0.8441659E-02  0.7938782E+00  0.2850246E+02  0.1410194E+00  0.9549576E+03  0.9649448E+02
  0.1004000000000E+02  0.7820672E+01  0.7399498E-01  0.7172947E+01 -0.1911885E+00  0.8209724E-02  0.7967857E+00  0.2852039E+02  0.1414515E+00  0.9549801E+03  0.9647654E+02
  0.1004800000000E+02  0.7821247E+01  0.7182412E-01  0.7181170E+01 -0.1911246E+00  0.7987885E-02  0.7995232E+00  0.2853832E+02  0.1418720E+00  0.9550017E+03  0.9645862E+02
  0.1005600000000E+02  0.7821805E+01  0.6976476E-01  0.7189275E+01 -0.1910624E+00  0.7775824E-02  0.8021036E+00  0.2855622E+02  0.1422815E+00  0.9550225E+03  0.9644071E+02
  0.1006400000000E+02  0.7822348E+01  0.6781087E-01  0.7197272E+01 -0.1910018E+00  0.7573206E-02  0.8045399E+00  0.2857410E+02  0.1426803E+00  0.9550424E+03  0.9642282E+02
  0.1007200000000E+02  0.7822875E+01  0.6595664E-01  0.7205169E+01 -0.1909427E+00  0.7379680E-02  0.8068450E+00  0.2859196E+02  0.1430689E+00  0.9550616E+03  0.9640496E+02
  0.1008000000000E+02  0.7823389E+01  0.6419648E-01  0.7212975E+01 -0.1908852E+00  0.7194890E-02  0.8090314E+00  0.2860980E+02  0.1434476E+00  0.9550800E+03  0.9638712E+02
  0.1008800000000E+02  0.7823889E+01  0.6252502E-01  0.7220697E+01 -0.1908290E+00  0.7018476E-02  0.8111105E+00  0.2862760E+02  0.1438169E+00  0.9550978E+03  0.9636931E+02
  0.1009600000000E+02  0.7824377E+01  0.6093717E-01  0.7228343E+01 -0.1907742E+00  0.6850073E-02  0.8130927E+00  0.2864537E+02  0.1441773E+00  0.9551149E+03  0.9635154E+02
  0.1010400000000E+02  0.7824852E+01  0.5942807E-01  0.7235920E+01 -0.1907207E+00  0.6689311E-02  0.8149871E+00  0.2866311E+02  0.1445291E+00  0.9551314E+03  0.9633380E+02
  0.1011200000000E+02  0.7825316E+01  0.5799304E-01  0.7243433E+01 -0.1906684E+00  0.6535820E-02  0.8168012E+00  0.2868081E+02  0.1448727E+00  0.9551472E+03  0.9631609E+02
  0.1012000000000E+02  0.7825769E+01  0.5662765E-01  0.7250888E+01 -0.1906173E+00  0.6389226E-02  0.8185411E+00  0.2869847E+02  0.1452086E+00  0.9551626E+03  0.9629843E+02
  0.1012800000000E+02  0.7826212E+01  0.5532763E-01  0.7258289E+01 -0.1905673E+00  0.6249151E-02  0.8202117E+00  0.2871609E+02  0.1455369E+00  0.9551773E+03  0.9628081E+02
  0.1013600000000E+02  0.7826644E+01  0.5408885E-01  0.7265639E+01 -0.1905184E+00  0.6115222E-02  0.8218163E+00  0.2873367E+02  0.1458582E+00  0.9551916E+03  0.9626323E+02
  0.1014400000000E+02  0.7827068E+01  0.5290739E-01  0.7272940E+01 -0.1904705E+00  0.5987063E-02  0.8233577E+00  0.2875121E+02  0.1461726E+00  0.9552054E+03  0.9624569E+02
  0.1015200000000E+02  0.7827482E+01  0.5177943E-01  0.7280194E+01 -0.1904236E+00  0.5864309E-02  0.8248377E+00  0.2876869E+02  0.1464805E+00  0.9552187E+03  0.9622821E+02
  0.1016000000000E+02  0.7827887E+01  0.5070135E-01  0.7287400E+01 -0.1903776E+00  0.5746603E-02  0.8262582E+00  0.2878613E+02  0.1467821E+00  0.9552316E+03  0.9621076E+02
  0.1016800000000E+02  0.7828285E+01  0.4966967E-01  0.7294558E+01 -0.1903326E+00  0.5633600E-02  0.8276209E+00  0.2880353E+02  0.1470778E+00  0.9552440E+03  0.9619337E+02
  0.1017600000000E+02  0.7828674E+01  0.4868107E-01  0.7301666E+01 -0.1902884E+00  0.5524975E-02  0.8289281E+00  0.2882087E+02  0.1473677E+00  0.9552560E+03  0.9617603E+02
  0.1018400000000E+02  0.7829056E+01  0.4773244E-01  0.7308723E+01 -0.1902450E+00  0.5420423E-02  0.8301828E+00  0.2883816E+02  0.1476520E+00  0.9552677E+03  0.9615873E+02
  0.1019200000000E+02  0.7829431E+01  0.4682085E-01  0.7315725E+01 -0.1902024E+00  0.5319664E-02  0.8313888E+00  0.2885540E+02  0.1479311E+00  0.9552789E+03  0.9614149E+02
  0.1020000000000E+02  0.7829798E+01  0.4594360E-01  0.7322670E+01 -0.1901607E+00  0.5222444E-02  0.8325510E+00  0.2887258E+02  0.1482050E+00  0.9552898E+03  0.9612430E+02
  0.1020800000000E+02  0.7830159E+01  0.4509820E-01  0.7329556E+01 -0.1901196E+00  0.5128535E-02  0.8336750E+00  0.2888972E+02  0.1484739E+00  0.9553003E+03  0.9610716E+02
  0.1021600000000E+02  0.7830513E+01  0.4428239E-01  0.7336378E+01 -0.1900793E+00  0.5037735E-02  0.8347675E+00  0.2890680E+02  0.1487381E+00  0.9553105E+03  0.9609007E+02
  0.1022400000000E+02  0.7830861E+01  0.4349411E-01  0.7343135E+01 -0.1900397E+00  0.4949870E-02  0.8358356E+00  0.2892382E+02  0.1489976E+00  0.9553204E+03  0.9607304E+02
  0.1023200000000E+02  0.7831203E+01  0.4273153E-01  0.7349825E+01 -0.1900008E+00  0.4864786E-02  0.8368868E+00  0.2894079E+02  0.1492526E+00  0.9553300E+03  0.9605606E+02
  0.1024000000000E+02  0.7831539E+01  0.4199301E-01  0.7356446E+01 -0.1899625E+00  0.4782348E-02  0.8379285E+00  0.2895771E+02  0.1495033E+00  0.9553392E+03  0.9603913E+02
  0.1024800000000E+02  0.7831869E+01  0.4127711E-01  0.7362996E+01 -0.1899249E+00  0.4702437E-02  0.8389678E+00  0.2897457E+02  0.1497498E+00  0.9553482E+03  0.9602226E+02
  0.1025600000000E+02  0.7832194E+01  0.4058252E-01  0.7369475E+01 -0.1898879E+00  0.4624948E-02  0.8400111E+00  0.2899137E+02  0.1499921E+00  0.9553568E+03  0.9600544E+02
  0.1026400000000E+02  0.7832513E+01  0.3990810E-01  0.7375882E+01 -0.1898515E+00  0.4549780E-02  0.8410638E+00  0.2900812E+02  0.1502305E+00  0.9553652E+03  0.9598868E+02
  0.1027200000000E+02  0.7832827E+01  0.3925281E-01  0.7382218E+01 -0.1898157E+00  0.4476839E-02  0.8421298E+00  0.2902482E+02  0.1504650E+00  0.9553733E+03  0.9597197E+02
  0.1028000000000E+02  0.7833136E+01  0.3861572E-01  0.7388482E+01 -0.1897805E+00  0.4406034E-02  0.8432122E+00  0.2904146E+02  0.1506957E+00  0.9553811E+03  0.9595531E+02
  0.1028800000000E+02  0.7833440E+01  0.3799596E-01  0.7394676E+01 -0.1897458E+00  0.4337275E-02  0.8443120E+00  0.2905805E+02  0.1509228E+00  0.9553887E+03  0.9593871E+02
  0.1029600000000E+02  0.7833739E+01  0.3739278E-01  0.7400799E+01 -0.1897116E+00  0.4270473E-02  0.8454295E+00  0.2907458E+02  0.1511463E+00  0.9553960E+03  0.9592216E+02
  0.1030400000000E+02  0.7834034E+01  0.3680545E-01  0.7406855E+01 -0.1896780E+00  0.4205537E-02  0.8465633E+00  0.2909106E+02  0.1513664E+00  0.9554031E+03  0.9590566E+02
  0.1031200000000E+02  0.7834323E+01  0.3623333E-01  0.7412843E+01 -0.1896448E+00  0.4142382E-02  0.8477113E+00  0.2910749E+02  0.1515830E+00  0.9554100E+03  0.9588923E+02
  0.1032000000000E+02  0.7834609E+01  0.3567584E-01  0.7418765E+01 -0.1896122E+00  0.4080926E-02  0.8488706E+00  0.2912386E+02  0.1517964E+00  0.9554166E+03  0.9587284E+02
  0.1032800000000E+02  0.7834890E+01  0.3513247E-01  0.7424625E+01 -0.1895800E+00  0.4021091E-02  0.8500378E+00  0.2914018E+02  0.1520065E+00  0.9554229E+03  0.9585651E+02
  0.1033600000000E+02  0.7835167E+01  0.3460279E-01  0.7430423E+01 -0.1895483E+00  0.3962811E-02  0.8512095E+00  0.2915645E+02  0.1522135E+00  0.9554291E+03  0.9584023E+02
  0.1034400000000E+02  0.7835439E+01  0.3408644E-01  0.7436165E+01 -0.1895171E+00  0.3906026E-02  0.8523824E+00  0.2917267E+02  0.1524175E+00  0.9554350E+03  0.9582401E+02
  0.1035200000000E+02  0.7835708E+01  0.3358314E-01  0.7441852E+01 -0.1894862E+00  0.3850691E-02  0.8535534E+00  0.2918883E+02  0.1526184E+00  0.9554408E+03  0.9580783E+02
  0.1036000000000E+02  0.7835973E+01  0.3309271E-01  0.7447491E+01 -0.1894559E+00  0.3796770E-02  0.8547200E+00  0.2920493E+02  0.1528165E+00  0.9554463E+03  0.9579172E+02
  0.1036800000000E+02  0.7836234E+01  0.3261504E-01  0.7453084E+01 -0.1894259E+00  0.3744242E-02  0.8558804E+00  0.2922099E+02  0.1530118E+00  0.9554516E+03  0.9577565E+02
  0.1037600000000E+02  0.7836491E+01  0.3215008E-01  0.7458639E+01 -0.1893964E+00  0.3693093E-02  0.8570329E+00  0.2923699E+02  0.1532043E+00  0.9554567E+03  0.9575964E+02
  0.1038400000000E+02  0.7836745E+01  0.3169785E-01  0.7464160E+01 -0.1893672E+00  0.3643322E-02  0.8581766E+00  0.2925294E+02  0.1533942E+00  0.9554617E+03  0.9574369E+02
  0.1039200000000E+02  0.7836995E+01  0.3125840E-01  0.7469654E+01 -0.1893385E+00  0.3594931E-02  0.8593110E+00  0.2926884E+02  0.1535814E+00  0.9554664E+03  0.9572778E+02
  0.1040000000000E+02  0.7837241E+01  0.3083181E-01  0.7475127E+01 -0.1893101E+00  0.3547929E-02  0.8604354E+00  0.2928468E+02  0.1537662E+00  0.9554710E+03  0.9571193E+02
  0.1040800000000E+02  0.7837485E+01  0.3041815E-01  0.7480587E+01 -0.1892821E+00  0.3502324E-02  0.8615496E+00  0.2930046E+02  0.1539485E+00  0.9554754E+03  0.9569614E+02
  0.1041600000000E+02  0.7837725E+01  0.3001748E-01  0.7486038E+01 -0.1892544E+00  0.3458120E-02  0.8626529E+00  0.2931620E+02  0.1541285E+00  0.9554796E+03  0.9568039E+02
  0.1042400000000E+02  0.7837962E+01  0.2962980E-01  0.7491487E+01 -0.1892271E+00  0.3415318E-02  0.8637447E+00  0.2933188E+02  0.1543062E+00  0.9554836E+03  0.9566470E+02
  0.1043200000000E+02  0.7838196E+01  0.2925506E-01  0.7496939E+01 -0.1892001E+00  0.3373909E-02  0.8648239E+00  0.2934750E+02  0.1544817E+00  0.9554875E+03  0.9564907E+02
  0.1044000000000E+02  0.7838427E+01  0.2889311E-01  0.7502399E+01 -0.1891734E+00  0.3333876E-02  0.8658894E+00  0.2936308E+02  0.1546551E+00  0.9554913E+03  0.9563348E+02
  0.1044800000000E+02  0.7838655E+01  0.2854375E-01  0.7507869E+01 -0.1891471E+00  0.3295190E-02  0.8669397E+00  0.2937859E+02  0.1548264E+00  0.9554949E+03  0.9561795E+02
  0.1045600000000E+02  0.7838881E+01  0.2820665E-01  0.7513352E+01 -0.1891210E+00  0.3257814E-02  0.8679731E+00  0.2939406E+02  0.1549958E+00  0.9554983E+03  0.9560247E+02
  0.1046400000000E+02  0.7839104E+01  0.2788141E-01  0.7518850E+01 -0.1890952E+00  0.3221699E-02  0.8689882E+00  0.2940947E+02  0.1551632E+00  0.9555017E+03  0.9558705E+02
  0.1047200000000E+02  0.7839325E+01  0.2756757E-01  0.7524361E+01 -0.1890697E+00  0.3186788E-02  0.8699834E+00  0.2942482E+02  0.1553288E+00  0.9555049E+03  0.9557168E+02
  0.1048000000000E+02  0.7839543E+01  0.2726454E-01  0.7529885E+01 -0.1890445E+00  0.3153016E-02  0.8709575E+00  0.2944013E+02  0.1554926E+00  0.9555079E+03  0.9555636E+02
  0.1048800000000E+02  0.7839758E+01  0.2697173E-01  0.7535421E+01 -0.1890195E+00  0.3120312E-02  0.8719096E+00  0.2945538E+02  0.1556547E+00  0.9555109E+03  0.9554109E+02
  0.1049600000000E+02  0.7839972E+01  0.2668846E-01  0.7540964E+01 -0.1889948E+00  0.3088604E-02  0.8728393E+00  0.2947058E+02  0.1558151E+00  0.9555137E+03  0.9552588E+02
  0.1050400000000E+02  0.7840183E+01  0.2641405E-01  0.7546511E+01 -0.1889704E+00  0.3057815E-02  0.8737465E+00  0.2948572E+02  0.1559739E+00  0.9555164E+03  0.9551072E+02
  0.1051200000000E+02  0.7840392E+01  0.2614777E-01  0.7552059E+01 -0.1889461E+00  0.3027868E-02  0.8746313E+00  0.2950082E+02  0.1561311E+00  0.9555190E+03  0.9549561E+02
  0.1052000000000E+02  0.7840600E+01  0.2588892E-01  0.7557601E+01 -0.1889222E+00  0.2998686E-02  0.8754942E+00  0.2951586E+02  0.1562868E+00  0.9555215E+03  0.9548056E+02
  0.1052800000000E+02  0.7840805E+01  0.2563677E-01  0.7563134E+01 -0.1888984E+00  0.2970194E-02  0.8763358E+00  0.2953085E+02  0.1564409E+00  0.9555239E+03  0.9546556E+02
  0.1053600000000E+02  0.7841008E+01  0.2539062E-01  0.7568650E+01 -0.1888749E+00  0.2942317E-02  0.8771566E+00  0.2954580E+02  0.1565936E+00  0.9555261E+03  0.9545060E+02
  0.1054400000000E+02  0.7841209E+01  0.2514977E-01  0.7574146E+01 -0.1888515E+00  0.2914978E-02  0.8779569E+00  0.2956069E+02  0.1567449E+00  0.9555283E+03  0.9543570E+02
  0.1055200000000E+02  0.7841408E+01  0.2491353E-01  0.7579613E+01 -0.1888284E+00  0.2888105E-02  0.8787365E+00  0.2957553E+02  0.1568947E+00  0.9555304E+03  0.9542086E+02
  0.1056000000000E+02  0.7841606E+01  0.2468123E-01  0.7585047E+01 -0.1888055E+00  0.2861622E-02  0.8794949E+00  0.2959032E+02  0.1570431E+00  0.9555324E+03  0.9540606E+02
  0.1056800000000E+02  0.7841801E+01  0.2445219E-01  0.7590440E+01 -0.1887829E+00  0.2835453E-02  0.8802311E+00  0.2960506E+02  0.1571901E+00  0.9555343E+03  0.9539131E+02
  0.1057600000000E+02  0.7841995E+01  0.2422577E-01  0.7595785E+01 -0.1887604E+00  0.2809522E-02  0.8809434E+00  0.2961976E+02  0.1573358E+00  0.9555361E+03  0.9537661E+02
  0.1058400000000E+02  0.7842187E+01  0.2400128E-01  0.7601076E+01 -0.1887381E+00  0.2783750E-02  0.8816297E+00  0.2963440E+02  0.1574801E+00  0.9555378E+03  0.9536197E+02
  0.1059200000000E+02  0.7842377E+01  0.2377809E-01  0.7606304E+01 -0.1887160E+00  0.2758059E-02  0.8822877E+00  0.2964900E+02  0.1576231E+00  0.9555394E+03  0.9534737E+02
  0.1060000000000E+02  0.7842566E+01  0.2355554E-01  0.7611461E+01 -0.1886942E+00  0.2732370E-02  0.8829145E+00  0.2966355E+02  0.1577647E+00  0.9555409E+03  0.9533282E+02
  0.1060800000000E+02  0.7842753E+01  0.2333298E-01  0.7616540E+01 -0.1886725E+00  0.2706605E-02  0.8835073E+00  0.2967805E+02  0.1579049E+00  0.9555423E+03  0.9531832E+02
  0.1061600000000E+02  0.7842937E+01  0.2310979E-01  0.7621532E+01 -0.1886511E+00  0.2680687E-02  0.8840632E+00  0.2969251E+02  0.1580438E+00  0.9555436E+03  0.9530387E+02
  0.1062400000000E+02  0.7843120E+01  0.2288534E-01  0.7626427E+01 -0.1886298E+00  0.2654541E-02  0.8845795E+00  0.2970691E+02  0.1581813E+00  0.9555449E+03  0.9528947E+02
  0.1063200000000E+02  0.7843302E+01  0.2265907E-01  0.7631218E+01 -0.1886088E+00  0.2628098E-02  0.8850535E+00  0.2972127E+02  0.1583174E+00  0.9555460E+03  0.9527511E+02
  0.1064000000000E+02  0.7843481E+01  0.2243041E-01  0.7635896E+01 -0.1885880E+00  0.2601291E-02  0.8854829E+00  0.2973558E+02  0.1584521E+00  0.9555470E+03  0.9526080E+02
  0.1064800000000E+02  0.7843659E+01  0.2219885E-01  0.7640451E+01 -0.1885674E+00  0.2574062E-02  0.8858654E+00  0.2974985E+02  0.1585854E+00  0.9555480E+03  0.9524653E+02
  0.1065600000000E+02  0.7843834E+01  0.2196393E-01  0.7644877E+01 -0.1885471E+00  0.2546356E-02  0.8861991E+00  0.2976407E+02  0.1587173E+00  0.9555488E+03  0.9523232E+02
  0.1066400000000E+02  0.7844008E+01  0.2172524E-01  0.7649163E+01 -0.1885269E+00  0.2518125E-02  0.8864820E+00  0.2977825E+02  0.1588477E+00  0.9555495E+03  0.9521814E+02
  0.1067200000000E+02  0.7844180E+01  0.2148242E-01  0.7653304E+01 -0.1885070E+00  0.2489330E-02  0.8867124E+00  0.2979238E+02  0.1589766E+00  0.9555502E+03  0.9520401E+02
  0.1068000000000E+02  0.7844350E+01  0.2123518E-01  0.7657291E+01 -0.1884873E+00  0.2459938E-02  0.8868882E+00  0.2980647E+02  0.1591040E+00  0.9555507E+03  0.9518992E+02
  0.1068800000000E+02  0.7844518E+01  0.2098326E-01  0.7661118E+01 -0.1884679E+00  0.2429921E-02  0.8870074E+00  0.2982052E+02  0.1592298E+00  0.9555511E+03  0.9517588E+02
  0.1069600000000E+02  0.7844684E+01  0.2072650E-01  0.7664778E+01 -0.1884487E+00  0.2399258E-02  0.8870679E+00  0.2983453E+02  0.1593541E+00  0.9555514E+03  0.9516188E+02
  0.1070400000000E+02  0.7844847E+01  0.2046477E-01  0.7668266E+01 -0.1884297E+00  0.2367938E-02  0.8870674E+00  0.2984849E+02  0.1594768E+00  0.9555516E+03  0.9514792E+02
  0.1071200000000E+02  0.7845009E+01  0.2019799E-01  0.7671575E+01 -0.1884110E+00  0.2335951E-02  0.8870034E+00  0.2986241E+02  0.1595979E+00  0.9555516E+03  0.9513400E+02
  0.1072000000000E+02  0.7845168E+01  0.1992617E-01  0.7674702E+01 -0.1883926E+00  0.2303296E-02  0.8868736E+00  0.2987630E+02  0.1597173E+00  0.9555516E+03  0.9512012E+02
  0.1072800000000E+02  0.7845326E+01  0.1964932E-01  0.7677641E+01 -0.1883745E+00  0.2269979E-02  0.8866756E+00  0.2989014E+02  0.1598350E+00  0.9555514E+03  0.9510628E+02
  0.1073600000000E+02  0.7845481E+01  0.1936753E-01  0.7680389E+01 -0.1883566E+00  0.2236010E-02  0.8864071E+00  0.2990395E+02  0.1599510E+00  0.9555511E+03  0.9509248E+02
  0.1074400000000E+02  0.7845633E+01  0.1908094E-01  0.7682942E+01 -0.1883390E+00  0.2201406E-02  0.8860662E+00  0.2991771E+02  0.1600653E+00  0.9555506E+03  0.9507872E+02
  0.1075200000000E+02  0.7845784E+01  0.1878971E-01  0.7685297E+01 -0.1883216E+00  0.2166190E-02  0.8856513E+00  0.2993144E+02  0.1601778E+00  0.9555501E+03  0.9506500E+02
  0.1076000000000E+02  0.7845931E+01  0.1849405E-01  0.7687451E+01 -0.1883046E+00  0.2130392E-02  0.8851611E+00  0.2994514E+02  0.1602886E+00  0.9555494E+03  0.9505131E+02
  0.1076800000000E+02  0.7846077E+01  0.1819423E-01  0.7689403E+01 -0.1882878E+00  0.2094045E-02  0.8845948E+00  0.2995880E+02  0.1603975E+00  0.9555485E+03  0.9503766E+02
  0.1077600000000E+02  0.7846220E+01  0.1789054E-01  0.7691150E+01 -0.1882714E+00  0.2057190E-02  0.8839519E+00  0.2997242E+02  0.1605047E+00  0.9555476E+03  0.9502405E+02
  0.1078400000000E+02  0.7846361E+01  0.1758330E-01  0.7692692E+01 -0.1882552E+00  0.2019872E-02  0.8832324E+00  0.2998600E+02  0.1606099E+00  0.9555465E+03  0.9501048E+02
  0.1079200000000E+02  0.7846499E+01  0.1727288E-01  0.7694028E+01 -0.1882394E+00  0.1982140E-02  0.8824365E+00  0.2999956E+02  0.1607133E+00  0.9555452E+03  0.9499694E+02
  0.1080000000000E+02  0.7846635E+01  0.1695965E-01  0.7695157E+01 -0.1882238E+00  0.1944045E-02  0.8815647E+00  0.3001307E+02  0.1608149E+00  0.9555438E+03  0.9498343E+02
  0.1080800000000E+02  0.7846768E+01  0.1664402E-01  0.7696081E+01 -0.1882086E+00  0.1905644E-02  0.8806178E+00  0.3002655E+02  0.1609145E+00  0.9555423E+03  0.9496996E+02
  0.1081600000000E+02  0.7846898E+01  0.1632641E-01  0.7696801E+01 -0.1881936E+00  0.1866992E-02  0.8795967E+00  0.3004000E+02  0.1610123E+00  0.9555406E+03  0.9495653E+02
  0.1082400000000E+02  0.7847027E+01  0.1600726E-01  0.7697317E+01 -0.1881790E+00  0.1828149E-02  0.8785022E+00  0.3005341E+02  0.1611082E+00  0.9555387E+03  0.9494313E+02
  0.1083200000000E+02  0.7847152E+01  0.1568699E-01  0.7697631E+01 -0.1881647E+00  0.1789171E-02  0.8773355E+00  0.3006679E+02  0.1612022E+00  0.9555368E+03  0.9492976E+02
  0.1084000000000E+02  0.7847275E+01  0.1536604E-01  0.7697744E+01 -0.1881507E+00  0.1750116E-02  0.8760979E+00  0.3008013E+02  0.1612942E+00  0.9555346E+03  0.9491642E+02
  0.1084800000000E+02  0.7847395E+01  0.1504483E-01  0.7697659E+01 -0.1881370E+00  0.1711040E-02  0.8747909E+00  0.3009344E+02  0.1613844E+00  0.9555324E+03  0.9490312E+02
  0.1085600000000E+02  0.7847513E+01  0.1472376E-01  0.7697378E+01 -0.1881236E+00  0.1672000E-02  0.8734161E+00  0.3010671E+02  0.1614726E+00  0.9555299E+03  0.9488985E+02
  0.1086400000000E+02  0.7847628E+01  0.1440324E-01  0.7696902E+01 -0.1881106E+00  0.1633048E-02  0.8719756E+00  0.3011995E+02  0.1615590E+00  0.9555274E+03  0.9487662E+02
  0.1087200000000E+02  0.7847741E+01  0.1408365E-01  0.7696235E+01 -0.1880978E+00  0.1594237E-02  0.8704719E+00  0.3013316E+02  0.1616435E+00  0.9555247E+03  0.9486341E+02
  0.1088000000000E+02  0.7847851E+01  0.1376536E-01  0.7695377E+01 -0.1880854E+00  0.1555616E-02  0.8689079E+00  0.3014633E+02  0.1617261E+00  0.9555218E+03  0.9485024E+02
  0.1088800000000E+02  0.7847959E+01  0.1344870E-01  0.7694332E+01 -0.1880732E+00  0.1517234E-02  0.8672871E+00  0.3015947E+02  0.1618068E+00  0.9555188E+03  0.9483710E+02
  0.1089600000000E+02  0.7848064E+01  0.1313401E-01  0.7693102E+01 -0.1880614E+00  0.1479137E-02  0.8656133E+00  0.3017258E+02  0.1618857E+00  0.9555156E+03  0.9482399E+02
  0.1090400000000E+02  0.7848166E+01  0.1282160E-01  0.7691688E+01 -0.1880499E+00  0.1441370E-02  0.8638910E+00  0.3018565E+02  0.1619627E+00  0.9555123E+03  0.9481092E+02
  0.1091200000000E+02  0.7848266E+01  0.1251177E-01  0.7690093E+01 -0.1880386E+00  0.1403975E-02  0.8621251E+00  0.3019869E+02  0.1620379E+00  0.9555089E+03  0.9479787E+02
  0.1092000000000E+02  0.7848364E+01  0.1220476E-01  0.7688319E+01 -0.1880277E+00  0.1366990E-02  0.8603207E+00  0.3021170E+02  0.1621113E+00  0.9555053E+03  0.9478486E+02
  0.1092800000000E+02  0.7848459E+01  0.1190085E-01  0.7686368E+01 -0.1880170E+00  0.1330452E-02  0.8584836E+00  0.3022467E+02  0.1621829E+00  0.9555016E+03  0.9477188E+02
  0.1093600000000E+02  0.7848552E+01  0.1160024E-01  0.7684240E+01 -0.1880067E+00  0.1294394E-02  0.8566195E+00  0.3023761E+02  0.1622527E+00  0.9554977E+03  0.9475892E+02
  0.1094400000000E+02  0.7848643E+01  0.1130313E-01  0.7681938E+01 -0.1879966E+00  0.1258845E-02  0.8547344E+00  0.3025052E+02  0.1623208E+00  0.9554937E+03  0.9474600E+02
  0.1095200000000E+02  0.7848731E+01  0.1100968E-01  0.7679462E+01 -0.1879868E+00  0.1223830E-02  0.8528345E+00  0.3026340E+02  0.1623872E+00  0.9554895E+03  0.9473311E+02
  0.1096000000000E+02  0.7848816E+01  0.1072005E-01  0.7676812E+01 -0.1879773E+00  0.1189371E-02  0.8509259E+00  0.3027624E+02  0.1624518E+00  0.9554853E+03  0.9472025E+02
  0.1096800000000E+02  0.7848900E+01  0.1043432E-01  0.7673989E+01 -0.1879681E+00  0.1155485E-02  0.8490149E+00  0.3028905E+02  0.1625148E+00  0.9554809E+03  0.9470743E+02
  0.1097600000000E+02  0.7848981E+01  0.1015259E-01  0.7670990E+01 -0.1879591E+00  0.1122184E-02  0.8471077E+00  0.3030183E+02  0.1625761E+00  0.9554763E+03  0.9469463E+02
  0.1098400000000E+02  0.7849060E+01  0.9874898E-02  0.7667815E+01 -0.1879504E+00  0.1089479E-02  0.8452106E+00  0.3031458E+02  0.1626358E+00  0.9554717E+03  0.9468186E+02
  0.1099200000000E+02  0.7849137E+01  0.9601283E-02  0.7664461E+01 -0.1879419E+00  0.1057375E-02  0.8433300E+00  0.3032729E+02  0.1626939E+00  0.9554669E+03  0.9466913E+02
  0.1100000000000E+02  0.7849211E+01  0.9331749E-02  0.7660926E+01 -0.1879337E+00  0.1025875E-02  0.8414721E+00  0.3033997E+02  0.1627504E+00  0.9554619E+03  0.9465642E+02
  0.1100800000000E+02  0.7849284E+01  0.9066282E-02  0.7657204E+01 -0.1879258E+00  0.9949792E-03  0.8396430E+00  0.3035262E+02  0.1628053E+00  0.9554569E+03  0.9464375E+02
  0.1101600000000E+02  0.7849354E+01  0.8804854E-02  0.7653292E+01 -0.1879180E+00  0.9646851E-03  0.8378489E+00  0.3036524E+02  0.1628586E+00  0.9554517E+03  0.9463111E+02
  0.1102400000000E+02  0.7849423E+01  0.8547424E-02  0.7649186E+01 -0.1879106E+00  0.9349878E-03  0.8360955E+00  0.3037783E+02  0.1629105E+00  0.9554464E+03  0.9461849E+02
  0.1103200000000E+02  0.7849489E+01  0.8293943E-02  0.7644878E+01 -0.1879033E+00  0.9058808E-03  0.8343882E+00  0.3039038E+02  0.1629608E+00  0.9554410E+03  0.9460591E+02
  0.1104000000000E+02  0.7849554E+01  0.8044356E-02  0.7640364E+01 -0.1878963E+00  0.8773559E-03  0.8327318E+00  0.3040290E+02  0.1630097E+00  0.9554355E+03  0.9459336E+02
  0.1104800000000E+02  0.7849616E+01  0.7798603E-02  0.7635636E+01 -0.1878895E+00  0.8494034E-03  0.8311307E+00  0.3041539E+02  0.1630571E+00  0.9554299E+03  0.9458084E+02
  0.1105600000000E+02  0.7849676E+01  0.7556629E-02  0.7630688E+01 -0.1878829E+00  0.8220128E-03  0.8295883E+00  0.3042784E+02  0.1631031E+00  0.9554241E+03  0.9456835E+02
  0.1106400000000E+02  0.7849735E+01  0.7318378E-02  0.7625513E+01 -0.1878766E+00  0.7951731E-03  0.8281073E+00  0.3044026E+02  0.1631477E+00  0.9554183E+03  0.9455589E+02
  0.1107200000000E+02  0.7849792E+01  0.7083806E-02  0.7620103E+01 -0.1878704E+00  0.7688728E-03  0.8266897E+00  0.3045266E+02  0.1631908E+00  0.9554123E+03  0.9454345E+02
  0.1108000000000E+02  0.7849846E+01  0.6852877E-02  0.7614452E+01 -0.1878645E+00  0.7431014E-03  0.8253370E+00  0.3046502E+02  0.1632326E+00  0.9554062E+03  0.9453105E+02
  0.1108800000000E+02  0.7849899E+01  0.6625569E-02  0.7608552E+01 -0.1878587E+00  0.7178488E-03  0.8240497E+00  0.3047734E+02  0.1632730E+00  0.9554001E+03  0.9451868E+02
  0.1109600000000E+02  0.7849951E+01  0.6401878E-02  0.7602398E+01 -0.1878532E+00  0.6931067E-03  0.8228285E+00  0.3048964E+02  0.1633121E+00  0.9553938E+03  0.9450634E+02
  0.1110400000000E+02  0.7850000E+01  0.6181818E-02  0.7595982E+01 -0.1878478E+00  0.6688685E-03  0.8216735E+00  0.3050190E+02  0.1633499E+00  0.9553874E+03  0.9449404E+02
  0.1111200000000E+02  0.7850048E+01  0.5965422E-02  0.7589301E+01 -0.1878427E+00  0.6451298E-03  0.8205848E+00  0.3051414E+02  0.1633864E+00  0.9553809E+03  0.9448176E+02
  0.1112000000000E+02  0.7850094E+01  0.5752742E-02  0.7582350E+01 -0.1878377E+00  0.6218881E-03  0.8195628E+00  0.3052634E+02  0.1634216E+00  0.9553743E+03  0.9446951E+02
  0.1112800000000E+02  0.7850138E+01  0.5543848E-02  0.7575124E+01 -0.1878329E+00  0.5991433E-03  0.8186077E+00  0.3053851E+02  0.1634556E+00  0.9553677E+03  0.9445729E+02
  0.1113600000000E+02  0.7850181E+01  0.5338823E-02  0.7567623E+01 -0.1878283E+00  0.5768967E-03  0.8177196E+00  0.3055065E+02  0.1634884E+00  0.9553609E+03  0.9444510E+02
  0.1114400000000E+02  0.7850222E+01  0.5137764E-02  0.7559844E+01 -0.1878238E+00  0.5551513E-03  0.8168987E+00  0.3056276E+02  0.1635199E+00  0.9553540E+03  0.9443294E+02
  0.1115200000000E+02  0.7850262E+01  0.4940776E-02  0.7551787E+01 -0.1878196E+00  0.5339108E-03  0.8161449E+00  0.3057484E+02  0.1635503E+00  0.9553471E+03  0.9442081E+02
  0.1116000000000E+02  0.7850300E+01  0.4747968E-02  0.7543452E+01 -0.1878155E+00  0.5131796E-03  0.8154576E+00  0.3058689E+02  0.1635795E+00  0.9553400E+03  0.9440871E+02
  0.1116800000000E+02  0.7850336E+01  0.4559455E-02  0.7534841E+01 -0.1878115E+00  0.4929626E-03  0.8148359E+00  0.3059891E+02  0.1636075E+00  0.9553329E+03  0.9439664E+02
  0.1117600000000E+02  0.7850371E+01  0.4375346E-02  0.7525957E+01 -0.1878077E+00  0.4732641E-03  0.8142782E+00  0.3061090E+02  0.1636345E+00  0.9553257E+03  0.9438460E+02
  0.1118400000000E+02  0.7850405E+01  0.4195750E-02  0.7516802E+01 -0.1878041E+00  0.4540888E-03  0.8137826E+00  0.3062286E+02  0.1636604E+00  0.9553184E+03  0.9437259E+02
  0.1119200000000E+02  0.7850437E+01  0.4020770E-02  0.7507383E+01 -0.1878006E+00  0.4354405E-03  0.8133464E+00  0.3063479E+02  0.1636852E+00  0.9553110E+03  0.9436061E+02
  0.1120000000000E+02  0.7850468E+01  0.3850501E-02  0.7497704E+01 -0.1877973E+00  0.4173225E-03  0.8129665E+00  0.3064669E+02  0.1637090E+00  0.9553035E+03  0.9434866E+02
  0.1120800000000E+02  0.7850497E+01  0.3685028E-02  0.7487772E+01 -0.1877941E+00  0.3997377E-03  0.8126392E+00  0.3065856E+02  0.1637319E+00  0.9552960E+03  0.9433674E+02
  0.1121600000000E+02  0.7850525E+01  0.3524426E-02  0.7477594E+01 -0.1877910E+00  0.3826878E-03  0.8123605E+00  0.3067040E+02  0.1637537E+00  0.9552884E+03  0.9432485E+02
  0.1122400000000E+02  0.7850552E+01  0.3368756E-02  0.7467178E+01 -0.1877881E+00  0.3661739E-03  0.8121259E+00  0.3068222E+02  0.1637746E+00  0.9552807E+03  0.9431299E+02
  0.1123200000000E+02  0.7850578E+01  0.3218067E-02  0.7456535E+01 -0.1877853E+00  0.3501960E-03  0.8119309E+00  0.3069400E+02  0.1637946E+00  0.9552730E+03  0.9430116E+02
  0.1124000000000E+02  0.7850602E+01  0.3072392E-02  0.7445673E+01 -0.1877826E+00  0.3347533E-03  0.8117707E+00  0.3070575E+02  0.1638138E+00  0.9552651E+03  0.9428936E+02
  0.1124800000000E+02  0.7850626E+01  0.2931751E-02  0.7434603E+01 -0.1877800E+00  0.3198439E-03  0.8116410E+00  0.3071747E+02  0.1638321E+00  0.9552573E+03  0.9427759E+02
  0.1125600000000E+02  0.7850648E+01  0.2796148E-02  0.7423337E+01 -0.1877776E+00  0.3054653E-03  0.8115373E+00  0.3072916E+02  0.1638495E+00  0.9552493E+03  0.9426585E+02
  0.1126400000000E+02  0.7850670E+01  0.2665572E-02  0.7411886E+01 -0.1877753E+00  0.2916136E-03  0.8114558E+00  0.3074082E+02  0.1638662E+00  0.9552413E+03  0.9425414E+02
  0.1127200000000E+02  0.7850690E+01  0.2539997E-02  0.7400263E+01 -0.1877730E+00  0.2782842E-03  0.8113929E+00  0.3075245E+02  0.1638821E+00  0.9552333E+03  0.9424247E+02
  0.1128000000000E+02  0.7850709E+01  0.2419381E-02  0.7388479E+01 -0.1877709E+00  0.2654712E-03  0.8113451E+00  0.3076406E+02  0.1638973E+00  0.9552252E+03  0.9423082E+02
  0.1128800000000E+02  0.7850728E+01  0.2303668E-02  0.7376549E+01 -0.1877689E+00  0.2531677E-03  0.8113091E+00  0.3077563E+02  0.1639118E+00  0.9552170E+03  0.9421920E+02
  0.1129600000000E+02  0.7850745E+01  0.2192789E-02  0.7364484E+01 -0.1877670E+00  0.2413655E-03  0.8112815E+00  0.3078717E+02  0.1639256E+00  0.9552088E+03  0.9420761E+02
  0.1130400000000E+02  0.7850762E+01  0.2086659E-02  0.7352299E+01 -0.1877651E+00  0.2300552E-03  0.8112589E+00  0.3079868E+02  0.1639388E+00  0.9552005E+03  0.9419606E+02
  0.1131200000000E+02  0.7850778E+01  0.1985185E-02  0.7340005E+01 -0.1877634E+00  0.2192268E-03  0.8112377E+00  0.3081016E+02  0.1639513E+00  0.9551922E+03  0.9418453E+02
  0.1132000000000E+02  0.7850793E+01  0.1888264E-02  0.7327618E+01 -0.1877617E+00  0.2088690E-03  0.8112146E+00  0.3082162E+02  0.1639633E+00  0.9551839E+03  0.9417303E+02
  0.1132800000000E+02  0.7850807E+01  0.1795783E-02  0.7315151E+01 -0.1877601E+00  0.1989705E-03  0.8111867E+00  0.3083304E+02  0.1639747E+00  0.9551755E+03  0.9416157E+02
  0.1133600000000E+02  0.7850821E+01  0.1707625E-02  0.7302617E+01 -0.1877586E+00  0.1895192E-03  0.8111518E+00  0.3084443E+02  0.1639855E+00  0.9551670E+03  0.9415013E+02
  0.1134400000000E+02  0.7850834E+01  0.1623671E-02  0.7290033E+01 -0.1877571E+00  0.1805032E-03  0.8111088E+00  0.3085579E+02  0.1639959E+00  0.9551586E+03  0.9413873E+02
  0.1135200000000E+02  0.7850846E+01  0.1543795E-02  0.7277412E+01 -0.1877558E+00  0.1719105E-03  0.8110575E+00  0.3086713E+02  0.1640058E+00  0.9551501E+03  0.9412735E+02
  0.1136000000000E+02  0.7850858E+01  0.1467873E-02  0.7264771E+01 -0.1877545E+00  0.1637290E-03  0.8109991E+00  0.3087843E+02  0.1640152E+00  0.9551415E+03  0.9411601E+02
  0.1136800000000E+02  0.7850869E+01  0.1395776E-02  0.7252126E+01 -0.1877532E+00  0.1559466E-03  0.8109361E+00  0.3088970E+02  0.1640241E+00  0.9551329E+03  0.9410469E+02
  0.1137600000000E+02  0.7850880E+01  0.1327376E-02  0.7239493E+01 -0.1877520E+00  0.1485514E-03  0.8108722E+00  0.3090094E+02  0.1640326E+00  0.9551243E+03  0.9409341E+02
  0.1138400000000E+02  0.7850890E+01  0.1262543E-02  0.7226890E+01 -0.1877509E+00  0.1415312E-03  0.8108124E+00  0.3091216E+02  0.1640408E+00  0.9551157E+03  0.9408216E+02
  0.1139200000000E+02  0.7850900E+01  0.1201146E-02  0.7214334E+01 -0.1877498E+00  0.1348740E-03  0.8107629E+00  0.3092334E+02  0.1640485E+00  0.9551071E+03  0.9407094E+02
  0.1140000000000E+02  0.7850909E+01  0.1143056E-02  0.7201841E+01 -0.1877488E+00  0.1285674E-03  0.8107314E+00  0.3093449E+02  0.1640559E+00  0.9550984E+03  0.9405974E+02
  0.1140800000000E+02  0.7850917E+01  0.1088139E-02  0.7189429E+01 -0.1877478E+00  0.1225993E-03  0.8107267E+00  0.3094562E+02  0.1640630E+00  0.9550897E+03  0.9404858E+02
  0.1141600000000E+02  0.7850926E+01  0.1036263E-02  0.7177112E+01 -0.1877469E+00  0.1169571E-03  0.8107591E+00  0.3095671E+02  0.1640697E+00  0.9550810E+03  0.9403745E+02
  0.1142400000000E+02  0.7850934E+01  0.9872925E-03  0.7164907E+01 -0.1877460E+00  0.1116281E-03  0.8108399E+00  0.3096777E+02  0.1640762E+00  0.9550722E+03  0.9402635E+02
  0.1143200000000E+02  0.7850941E+01  0.9410929E-03  0.7152825E+01 -0.1877451E+00  0.1065993E-03  0.8109810E+00  0.3097880E+02  0.1640823E+00  0.9550634E+03  0.9401528E+02
  0.1144000000000E+02  0.7850948E+01  0.8975267E-03  0.7140877E+01 -0.1877443E+00  0.1018573E-03  0.8111947E+00  0.3098981E+02  0.1640882E+00  0.9550546E+03  0.9400423E+02
  0.1144800000000E+02  0.7850955E+01  0.8564556E-03  0.7129073E+01 -0.1877435E+00  0.9738846E-04  0.8114926E+00  0.3100078E+02  0.1640939E+00  0.9550458E+03  0.9399322E+02
  0.1145600000000E+02  0.7850962E+01  0.8177406E-03  0.7117416E+01 -0.1877428E+00  0.9317866E-04  0.8118855E+00  0.3101172E+02  0.1640992E+00  0.9550370E+03  0.9398224E+02
  0.1146400000000E+02  0.7850968E+01  0.7812425E-03  0.7105911E+01 -0.1877421E+00  0.8921344E-04  0.8123824E+00  0.3102263E+02  0.1641044E+00  0.9550282E+03  0.9397129E+02
  0.1147200000000E+02  0.7850974E+01  0.7468225E-03  0.7094556E+01 -0.1877414E+00  0.8547810E-04  0.8129899E+00  0.3103352E+02  0.1641093E+00  0.9550193E+03  0.9396037E+02
  0.1148000000000E+02  0.7850980E+01  0.7143432E-03  0.7083347E+01 -0.1877407E+00  0.8195770E-04  0.8137121E+00  0.3104437E+02  0.1641141E+00  0.9550105E+03  0.9394947E+02
  0.1148800000000E+02  0.7850985E+01  0.6836697E-03  0.7072277E+01 -0.1877401E+00  0.7863727E-04  0.8145502E+00  0.3105519E+02  0.1641186E+00  0.9550016E+03  0.9393861E+02
  0.1149600000000E+02  0.7850990E+01  0.6546700E-03  0.7061335E+01 -0.1877395E+00  0.7550191E-04  0.8155024E+00  0.3106598E+02  0.1641230E+00  0.9549927E+03  0.9392778E+02
  0.1150400000000E+02  0.7850995E+01  0.6272162E-03  0.7050508E+01 -0.1877389E+00  0.7253690E-04  0.8165639E+00  0.3107675E+02  0.1641272E+00  0.9549838E+03  0.9391697E+02
  0.1151200000000E+02  0.7851000E+01  0.6011854E-03  0.7039780E+01 -0.1877384E+00  0.6972789E-04  0.8177274E+00  0.3108748E+02  0.1641312E+00  0.9549749E+03  0.9390620E+02
  0.1152000000000E+02  0.7851005E+01  0.5764600E-03  0.7029132E+01 -0.1877378E+00  0.6706104E-04  0.8189832E+00  0.3109819E+02  0.1641351E+00  0.9549660E+03  0.9389545E+02
  0.1152800000000E+02  0.7851009E+01  0.5529291E-03  0.7018541E+01 -0.1877373E+00  0.6452310E-04  0.8203193E+00  0.3110886E+02  0.1641388E+00  0.9549570E+03  0.9388474E+02
  0.1153600000000E+02  0.7851013E+01  0.5304888E-03  0.7007986E+01 -0.1877368E+00  0.6210160E-04  0.8217224E+00  0.3111951E+02  0.1641424E+00  0.9549481E+03  0.9387405E+02
  0.1154400000000E+02  0.7851018E+01  0.5090432E-03  0.6997444E+01 -0.1877363E+00  0.5978497E-04  0.8231780E+00  0.3113012E+02  0.1641458E+00  0.9549391E+03  0.9386339E+02
  0.1155200000000E+02  0.7851021E+01  0.4885051E-03  0.6986889E+01 -0.1877359E+00  0.5756262E-04  0.8246709E+00  0.3114071E+02  0.1641491E+00  0.9549302E+03  0.9385276E+02
  0.1156000000000E+02  0.7851025E+01  0.4687963E-03  0.6976301E+01 -0.1877354E+00  0.5542510E-04  0.8261861E+00  0.3115127E+02  0.1641523E+00  0.9549212E+03  0.9384215E+02
  0.1156800000000E+02  0.7851029E+01  0.4498482E-03  0.6965655E+01 -0.1877350E+00  0.5336411E-04  0.8277090E+00  0.3116180E+02  0.1641553E+00  0.9549122E+03  0.9383158E+02
  0.1157600000000E+02  0.7851032E+01  0.4316016E-03  0.6954934E+01 -0.1877346E+00  0.5137257E-04  0.8292261E+00  0.3117230E+02  0.1641583E+00  0.9549032E+03  0.9382103E+02
  0.1158400000000E+02  0.7851036E+01  0.4140064E-03  0.6944118E+01 -0.1877342E+00  0.4944460E-04  0.8307251E+00  0.3118278E+02  0.1641611E+00  0.9548942E+03  0.9381052E+02
  0.1159200000000E+02  0.7851039E+01  0.3970212E-03  0.6933194E+01 -0.1877338E+00  0.4757541E-04  0.8321954E+00  0.3119322E+02  0.1641638E+00  0.9548853E+03  0.9380003E+02
  0.1160000000000E+02  0.7851042E+01  0.3806124E-03  0.6922149E+01 -0.1877335E+00  0.4576128E-04  0.8336279E+00  0.3120364E+02  0.1641664E+00  0.9548762E+03  0.9378956E+02
  0.1160800000000E+02  0.7851045E+01  0.3647529E-03  0.6910975E+01 -0.1877331E+00  0.4399935E-04  0.8350147E+00  0.3121403E+02  0.1641689E+00  0.9548672E+03  0.9377913E+02
  0.1161600000000E+02  0.7851047E+01  0.3494215E-03  0.6899666E+01 -0.1877328E+00  0.4228749E-04  0.8363491E+00  0.3122439E+02  0.1641712E+00  0.9548582E+03  0.9376872E+02
  0.1162400000000E+02  0.7851050E+01  0.3346011E-03  0.6888216E+01 -0.1877324E+00  0.4062416E-04  0.8376248E+00  0.3123472E+02  0.1641735E+00  0.9548492E+03  0.9375834E+02
  0.1163200000000E+02  0.7851053E+01  0.3202782E-03  0.6876626E+01 -0.1877321E+00  0.3900821E-04  0.8388357E+00  0.3124502E+02  0.1641757E+00  0.9548402E+03  0.9374799E+02
  0.1164000000000E+02  0.7851055E+01  0.3064411E-03  0.6864894E+01 -0.1877318E+00  0.3743878E-04  0.8399755E+00  0.3125530E+02  0.1641778E+00  0.9548311E+03  0.9373767E+02
  0.1164800000000E+02  0.7851058E+01  0.2930799E-03  0.6853021E+01 -0.1877315E+00  0.3591513E-04  0.8410377E+00  0.3126555E+02  0.1641799E+00  0.9548221E+03  0.9372737E+02
  0.1165600000000E+02  0.7851060E+01  0.2801852E-03  0.6841009E+01 -0.1877313E+00  0.3443665E-04  0.8420151E+00  0.3127577E+02  0.1641818E+00  0.9548131E+03  0.9371710E+02
  0.1166400000000E+02  0.7851062E+01  0.2677477E-03  0.6828861E+01 -0.1877310E+00  0.3300272E-04  0.8429006E+00  0.3128597E+02  0.1641836E+00  0.9548040E+03  0.9370685E+02
  0.1167200000000E+02  0.7851064E+01  0.2557580E-03  0.6816578E+01 -0.1877307E+00  0.3161272E-04  0.8436869E+00  0.3129614E+02  0.1641854E+00  0.9547950E+03  0.9369664E+02
  0.1168000000000E+02  0.7851066E+01  0.2442067E-03  0.6804162E+01 -0.1877305E+00  0.3026602E-04  0.8443672E+00  0.3130628E+02  0.1641871E+00  0.9547859E+03  0.9368645E+02
  0.1168800000000E+02  0.7851068E+01  0.2330839E-03  0.6791616E+01 -0.1877303E+00  0.2896200E-04  0.8449359E+00  0.3131640E+02  0.1641887E+00  0.9547768E+03  0.9367628E+02
  0.1169600000000E+02  0.7851070E+01  0.2223793E-03  0.6778940E+01 -0.1877300E+00  0.2770001E-04  0.8453887E+00  0.3132649E+02  0.1641902E+00  0.9547678E+03  0.9366614E+02
  0.1170400000000E+02  0.7851071E+01  0.2120826E-03  0.6766136E+01 -0.1877298E+00  0.2647947E-04  0.8457237E+00  0.3133655E+02  0.1641917E+00  0.9547587E+03  0.9365603E+02
  0.1171200000000E+02  0.7851073E+01  0.2021835E-03  0.6753205E+01 -0.1877296E+00  0.2529983E-04  0.8459416E+00  0.3134659E+02  0.1641931E+00  0.9547496E+03  0.9364594E+02
  0.1172000000000E+02  0.7851074E+01  0.1926715E-03  0.6740148E+01 -0.1877294E+00  0.2416056E-04  0.8460458E+00  0.3135660E+02  0.1641945E+00  0.9547406E+03  0.9363588E+02
  0.1172800000000E+02  0.7851076E+01  0.1835365E-03  0.6726965E+01 -0.1877293E+00  0.2306123E-04  0.8460429E+00  0.3136658E+02  0.1641957E+00  0.9547315E+03  0.9362585E+02
  0.1173600000000E+02  0.7851077E+01  0.1747684E-03  0.6713658E+01 -0.1877291E+00  0.2200138E-04  0.8459420E+00  0.3137655E+02  0.1641970E+00  0.9547224E+03  0.9361584E+02
  0.1174400000000E+02  0.7851079E+01  0.1663571E-03  0.6700227E+01 -0.1877289E+00  0.2098059E-04  0.8457545E+00  0.3138648E+02  0.1641981E+00  0.9547133E+03  0.9360586E+02
  0.1175200000000E+02  0.7851080E+01  0.1582926E-03  0.6686673E+01 -0.1877288E+00  0.1999837E-04  0.8454928E+00  0.3139639E+02  0.1641992E+00  0.9547042E+03  0.9359590E+02
  0.1176000000000E+02  0.7851081E+01  0.1505649E-03  0.6672995E+01 -0.1877286E+00  0.1905417E-04  0.8451694E+00  0.3140628E+02  0.1642003E+00  0.9546951E+03  0.9358597E+02
  0.1176800000000E+02  0.7851082E+01  0.1431635E-03  0.6659195E+01 -0.1877285E+00  0.1814731E-04  0.8447954E+00  0.3141614E+02  0.1642013E+00  0.9546861E+03  0.9357606E+02
  0.1177600000000E+02  0.7851083E+01  0.1360777E-03  0.6645270E+01 -0.1877283E+00  0.1727696E-04  0.8443795E+00  0.3142598E+02  0.1642023E+00  0.9546770E+03  0.9356618E+02
  0.1178400000000E+02  0.7851084E+01  0.1292968E-03  0.6631219E+01 -0.1877282E+00  0.1644214E-04  0.8439264E+00  0.3143579E+02  0.1642032E+00  0.9546679E+03  0.9355632E+02
  0.1179200000000E+02  0.7851085E+01  0.1228097E-03  0.6617041E+01 -0.1877281E+00  0.1564174E-04  0.8434369E+00  0.3144558E+02  0.1642040E+00  0.9546588E+03  0.9354649E+02
  0.1180000000000E+02  0.7851086E+01  0.1166052E-03  0.6602733E+01 -0.1877279E+00  0.1487454E-04  0.8429072E+00  0.3145534E+02  0.1642049E+00  0.9546497E+03  0.9353668E+02
  0.1180800000000E+02  0.7851087E+01  0.1106726E-03  0.6588294E+01 -0.1877278E+00  0.1413927E-04  0.8423295E+00  0.3146508E+02  0.1642056E+00  0.9546406E+03  0.9352690E+02
  0.1181600000000E+02  0.7851088E+01  0.1050015E-03  0.6573722E+01 -0.1877277E+00  0.1343467E-04  0.8416930E+00  0.3147480E+02  0.1642064E+00  0.9546314E+03  0.9351714E+02
  0.1182400000000E+02  0.7851089E+01  0.9958206E-04  0.6559018E+01 -0.1877276E+00  0.1275953E-04  0.8409852E+00  0.3148449E+02  0.1642071E+00  0.9546223E+03  0.9350741E+02
  0.1183200000000E+02  0.7851090E+01  0.9440536E-04  0.6544184E+01 -0.1877275E+00  0.1211275E-04  0.8401931E+00  0.3149416E+02  0.1642078E+00  0.9546132E+03  0.9349770E+02
  0.1184000000000E+02  0.7851090E+01  0.8946316E-04  0.6529224E+01 -0.1877274E+00  0.1149333E-04  0.8393048E+00  0.3150380E+02  0.1642084E+00  0.9546041E+03  0.9348801E+02
  0.1184800000000E+02  0.7851091E+01  0.8474796E-04  0.6514145E+01 -0.1877273E+00  0.1090045E-04  0.8383106E+00  0.3151342E+02  0.1642090E+00  0.9545950E+03  0.9347835E+02
  0.1185600000000E+02  0.7851092E+01  0.8025290E-04  0.6498955E+01 -0.1877273E+00  0.1033335E-04  0.8372037E+00  0.3152301E+02  0.1642096E+00  0.9545859E+03  0.9346871E+02
  0.1186400000000E+02  0.7851092E+01  0.7597154E-04  0.6483665E+01 -0.1877272E+00  0.9791427E-05  0.8359803E+00  0.3153259E+02  0.1642101E+00  0.9545768E+03  0.9345910E+02
  0.1187200000000E+02  0.7851093E+01  0.7189768E-04  0.6468287E+01 -0.1877271E+00  0.9274088E-05  0.8346399E+00  0.3154213E+02  0.1642106E+00  0.9545677E+03  0.9344951E+02
  0.1188000000000E+02  0.7851093E+01  0.6802523E-04  0.6452834E+01 -0.1877270E+00  0.8780793E-05  0.8331842E+00  0.3155166E+02  0.1642111E+00  0.9545586E+03  0.9343994E+02
  0.1188800000000E+02  0.7851094E+01  0.6434803E-04  0.6437320E+01 -0.1877270E+00  0.8310993E-05  0.8316174E+00  0.3156116E+02  0.1642116E+00  0.9545494E+03  0.9343040E+02
  0.1189600000000E+02  0.7851094E+01  0.6085984E-04  0.6421759E+01 -0.1877269E+00  0.7864123E-05  0.8299449E+00  0.3157064E+02  0.1642120E+00  0.9545403E+03  0.9342088E+02
  0.1190400000000E+02  0.7851095E+01  0.5755429E-04  0.6406167E+01 -0.1877268E+00  0.7439588E-05  0.8281735E+00  0.3158010E+02  0.1642125E+00  0.9545312E+03  0.9341138E+02
  0.1191200000000E+02  0.7851095E+01  0.5442488E-04  0.6390558E+01 -0.1877268E+00  0.7036759E-05  0.8263110E+00  0.3158953E+02  0.1642129E+00  0.9545221E+03  0.9340191E+02
  0.1192000000000E+02  0.7851096E+01  0.5146502E-04  0.6374947E+01 -0.1877267E+00  0.6654979E-05  0.8243665E+00  0.3159894E+02  0.1642132E+00  0.9545130E+03  0.9339246E+02
  0.1192800000000E+02  0.7851096E+01  0.4866800E-04  0.6359349E+01 -0.1877267E+00  0.6293562E-05  0.8223500E+00  0.3160833E+02  0.1642136E+00  0.9545038E+03  0.9338303E+02
  0.1193600000000E+02  0.7851096E+01  0.4602701E-04  0.6343778E+01 -0.1877266E+00  0.5951792E-05  0.8202728E+00  0.3161769E+02  0.1642139E+00  0.9544947E+03  0.9337363E+02
  0.1194400000000E+02  0.7851097E+01  0.4353515E-04  0.6328247E+01 -0.1877266E+00  0.5628927E-05  0.8181473E+00  0.3162704E+02  0.1642142E+00  0.9544856E+03  0.9336425E+02
  0.1195200000000E+02  0.7851097E+01  0.4118541E-04  0.6312766E+01 -0.1877266E+00  0.5324193E-05  0.8159862E+00  0.3163636E+02  0.1642145E+00  0.9544765E+03  0.9335489E+02
  0.1196000000000E+02  0.7851097E+01  0.3897070E-04  0.6297344E+01 -0.1877265E+00  0.5036790E-05  0.8138023E+00  0.3164566E+02  0.1642148E+00  0.9544673E+03  0.9334555E+02
  0.1196800000000E+02  0.7851098E+01  0.3688394E-04  0.6281989E+01 -0.1877265E+00  0.4765895E-05  0.8116073E+00  0.3165494E+02  0.1642151E+00  0.9544582E+03  0.9333624E+02
  0.1197600000000E+02  0.7851098E+01  0.3491812E-04  0.6266706E+01 -0.1877264E+00  0.4510670E-05  0.8094115E+00  0.3166419E+02  0.1642154E+00  0.9544491E+03  0.9332695E+02
  0.1198400000000E+02  0.7851098E+01  0.3306639E-04  0.6251499E+01 -0.1877264E+00  0.4270281E-05  0.8072227E+00  0.3167343E+02  0.1642156E+00  0.9544400E+03  0.9331768E+02
  0.1199200000000E+02  0.7851098E+01  0.3132218E-04  0.6236374E+01 -0.1877264E+00  0.4043900E-05  0.8050461E+00  0.3168264E+02  0.1642158E+00  0.9544309E+03  0.9330843E+02
  0.1200000000000E+02  0.7851099E+01  0.2967921E-04  0.6221333E+01 -0.1877263E+00  0.3830724E-05  0.8028842E+00  0.3169183E+02  0.1642161E+00  0.9544217E+03  0.9329921E+02
  0.1200800000000E+02  0.7851099E+01  0.2813154E-04  0.6206381E+01 -0.1877263E+00  0.3629975E-05  0.8007368E+00  0.3170100E+02  0.1642163E+00  0.9544126E+03  0.9329001E+02
  0.1201600000000E+02  0.7851099E+01  0.2667354E-04  0.6191522E+01 -0.1877263E+00  0.3440907E-05  0.7986010E+00  0.3171015E+02  0.1642165E+00  0.9544035E+03  0.9328083E+02
  0.1202400000000E+02  0.7851099E+01  0.2529987E-04  0.6176760E+01 -0.1877263E+00  0.3262801E-05  0.7964720E+00  0.3171928E+02  0.1642167E+00  0.9543944E+03  0.9327167E+02
  0.1203200000000E+02  0.7851100E+01  0.2400539E-04  0.6162096E+01 -0.1877262E+00  0.3094965E-05  0.7943425E+00  0.3172838E+02  0.1642168E+00  0.9543852E+03  0.9326253E+02
  0.1204000000000E+02  0.7851100E+01  0.2278519E-04  0.6147532E+01 -0.1877262E+00  0.2936731E-05  0.7922042E+00  0.3173747E+02  0.1642170E+00  0.9543761E+03  0.9325341E+02
  0.1204800000000E+02  0.7851100E+01  0.2163453E-04  0.6133065E+01 -0.1877262E+00  0.2787458E-05  0.7900472E+00  0.3174653E+02  0.1642172E+00  0.9543670E+03  0.9324432E+02
  0.1205600000000E+02  0.7851100E+01  0.2054887E-04  0.6118692E+01 -0.1877262E+00  0.2646535E-05  0.7878615E+00  0.3175558E+02  0.1642173E+00  0.9543579E+03  0.9323525E+02
  0.1206400000000E+02  0.7851100E+01  0.1952390E-04  0.6104408E+01 -0.1877261E+00  0.2513386E-05  0.7856374E+00  0.3176460E+02  0.1642175E+00  0.9543487E+03  0.9322619E+02
  0.1207200000000E+02  0.7851100E+01  0.1855557E-04  0.6090208E+01 -0.1877261E+00  0.2387473E-05  0.7833659E+00  0.3177360E+02  0.1642176E+00  0.9543396E+03  0.9321716E+02
  0.1208000000000E+02  0.7851100E+01  0.1764008E-04  0.6076085E+01 -0.1877261E+00  0.2268303E-05  0.7810402E+00  0.3178258E+02  0.1642177E+00  0.9543305E+03  0.9320815E+02
  0.1208800000000E+02  0.7851101E+01  0.1677394E-04  0.6062032E+01 -0.1877261E+00  0.2155427E-05  0.7786556E+00  0.3179154E+02  0.1642179E+00  0.9543214E+03  0.9319916E+02
  0.1209600000000E+02  0.7851101E+01  0.1595394E-04  0.6048042E+01 -0.1877261E+00  0.2048442E-05  0.7762102E+00  0.3180048E+02  0.1642180E+00  0.9543122E+03  0.9319020E+02
  0.1210400000000E+02  0.7851101E+01  0.1517714E-04  0.6034109E+01 -0.1877261E+00  0.1946986E-05  0.7737047E+00  0.3180940E+02  0.1642181E+00  0.9543031E+03  0.9318125E+02
  0.1211200000000E+02  0.7851101E+01  0.1444088E-04  0.6020228E+01 -0.1877260E+00  0.1850736E-05  0.7711424E+00  0.3181830E+02  0.1642182E+00  0.9542940E+03  0.9317232E+02
  0.1212000000000E+02  0.7851101E+01  0.1374275E-04  0.6006395E+01 -0.1877260E+00  0.1759403E-05  0.7685288E+00  0.3182718E+02  0.1642183E+00  0.9542849E+03  0.9316342E+02
  0.1212800000000E+02  0.7851101E+01  0.1308055E-04  0.5992608E+01 -0.1877260E+00  0.1672730E-05  0.7658708E+00  0.3183604E+02  0.1642184E+00  0.9542758E+03  0.9315453E+02
  0.1213600000000E+02  0.7851101E+01  0.1245230E-04  0.5978866E+01 -0.1877260E+00  0.1590480E-05  0.7631762E+00  0.3184488E+02  0.1642185E+00  0.9542666E+03  0.9314567E+02
  0.1214400000000E+02  0.7851101E+01  0.1185622E-04  0.5965170E+01 -0.1877260E+00  0.1512442E-05  0.7604530E+00  0.3185370E+02  0.1642186E+00  0.9542575E+03  0.9313682E+02
  0.1215200000000E+02  0.7851101E+01  0.1129068E-04  0.5951523E+01 -0.1877260E+00  0.1438420E-05  0.7577091E+00  0.3186251E+02  0.1642187E+00  0.9542484E+03  0.9312800E+02
  0.1216000000000E+02  0.7851102E+01  0.1075421E-04  0.5937932E+01 -0.1877260E+00  0.1368235E-05  0.7549521E+00  0.3187129E+02  0.1642188E+00  0.9542393E+03  0.9311920E+02
  0.1216800000000E+02  0.7851102E+01  0.1024547E-04  0.5924403E+01 -0.1877260E+00  0.1301719E-05  0.7521889E+00  0.3188005E+02  0.1642189E+00  0.9542302E+03  0.9311041E+02
  0.1217600000000E+02  0.7851102E+01  0.9763191E-05  0.5910946E+01 -0.1877260E+00  0.1238711E-05  0.7494260E+00  0.3188880E+02  0.1642189E+00  0.9542210E+03  0.9310165E+02
  0.1218400000000E+02  0.7851102E+01  0.9306192E-05  0.5897570E+01 -0.1877259E+00  0.1179061E-05  0.7466691E+00  0.3189752E+02  0.1642190E+00  0.9542119E+03  0.9309291E+02
  0.1219200000000E+02  0.7851102E+01  0.8873317E-05  0.5884284E+01 -0.1877259E+00  0.1122616E-05  0.7439236E+00  0.3190623E+02  0.1642191E+00  0.9542028E+03  0.9308418E+02
  0.1220000000000E+02  0.7851102E+01  0.8463418E-05  0.5871095E+01 -0.1877259E+00  0.1069225E-05  0.7411936E+00  0.3191492E+02  0.1642191E+00  0.9541937E+03  0.9307548E+02
  0.1220800000000E+02  0.7851102E+01  0.8075343E-05  0.5858009E+01 -0.1877259E+00  0.1018736E-05  0.7384825E+00  0.3192359E+02  0.1642192E+00  0.9541846E+03  0.9306679E+02
  0.1221600000000E+02  0.7851102E+01  0.7707923E-05  0.5845028E+01 -0.1877259E+00  0.9709926E-06  0.7357921E+00  0.3193224E+02  0.1642193E+00  0.9541754E+03  0.9305813E+02
  0.1222400000000E+02  0.7851102E+01  0.7359988E-05  0.5832154E+01 -0.1877259E+00  0.9258369E-06  0.7331230E+00  0.3194087E+02  0.1642193E+00  0.9541663E+03  0.9304948E+02
  0.1223200000000E+02  0.7851102E+01  0.7030382E-05  0.5819384E+01 -0.1877259E+00  0.8831131E-06  0.7304749E+00  0.3194948E+02  0.1642194E+00  0.9541572E+03  0.9304086E+02
  0.1224000000000E+02  0.7851102E+01  0.6717994E-05  0.5806717E+01 -0.1877259E+00  0.8426704E-06  0.7278465E+00  0.3195808E+02  0.1642194E+00  0.9541481E+03  0.9303225E+02
  0.1224800000000E+02  0.7851102E+01  0.6421772E-05  0.5794149E+01 -0.1877259E+00  0.8043668E-06  0.7252365E+00  0.3196665E+02  0.1642195E+00  0.9541390E+03  0.9302366E+02
  0.1225600000000E+02  0.7851102E+01  0.6140749E-05  0.5781678E+01 -0.1877259E+00  0.7680708E-06  0.7226440E+00  0.3197521E+02  0.1642195E+00  0.9541299E+03  0.9301509E+02
  0.1226400000000E+02  0.7851102E+01  0.5874035E-05  0.5769304E+01 -0.1877259E+00  0.7336629E-06  0.7200683E+00  0.3198374E+02  0.1642196E+00  0.9541207E+03  0.9300654E+02
  0.1227200000000E+02  0.7851102E+01  0.5620822E-05  0.5757027E+01 -0.1877259E+00  0.7010344E-06  0.7175098E+00  0.3199226E+02  0.1642196E+00  0.9541116E+03  0.9299801E+02
  0.1228000000000E+02  0.7851102E+01  0.5380360E-05  0.5744846E+01 -0.1877259E+00  0.6700851E-06  0.7149691E+00  0.3200076E+02  0.1642197E+00  0.9541025E+03  0.9298950E+02
  0.1228800000000E+02  0.7851103E+01  0.5151947E-05  0.5732763E+01 -0.1877259E+00  0.6407217E-06  0.7124472E+00  0.3200924E+02  0.1642197E+00  0.9540934E+03  0.9298101E+02
  0.1229600000000E+02  0.7851103E+01  0.4934912E-05  0.5720775E+01 -0.1877258E+00  0.6128550E-06  0.7099447E+00  0.3201770E+02  0.1642197E+00  0.9540843E+03  0.9297253E+02
  0.1230400000000E+02  0.7851103E+01  0.4728608E-05  0.5708880E+01 -0.1877258E+00  0.5863993E-06  0.7074622E+00  0.3202615E+02  0.1642198E+00  0.9540752E+03  0.9296408E+02
  0.1231200000000E+02  0.7851103E+01  0.4532416E-05  0.5697077E+01 -0.1877258E+00  0.5612718E-06  0.7049992E+00  0.3203457E+02  0.1642198E+00  0.9540661E+03  0.9295564E+02
  0.1232000000000E+02  0.7851103E+01  0.4345743E-05  0.5685361E+01 -0.1877258E+00  0.5373938E-06  0.7025554E+00  0.3204298E+02  0.1642199E+00  0.9540569E+03  0.9294722E+02
  0.1232800000000E+02  0.7851103E+01  0.4168036E-05  0.5673730E+01 -0.1877258E+00  0.5146913E-06  0.7001298E+00  0.3205136E+02  0.1642199E+00  0.9540478E+03  0.9293882E+02
  0.1233600000000E+02  0.7851103E+01  0.3998787E-05  0.5662182E+01 -0.1877258E+00  0.4930962E-06  0.6977217E+00  0.3205973E+02  0.1642199E+00  0.9540387E+03  0.9293044E+02
  0.1234400000000E+02  0.7851103E+01  0.3837537E-05  0.5650717E+01 -0.1877258E+00  0.4725470E-06  0.6953305E+00  0.3206808E+02  0.1642200E+00  0.9540296E+03  0.9292208E+02
  0.1235200000000E+02  0.7851103E+01  0.3683880E-05  0.5639336E+01 -0.1877258E+00  0.4529889E-06  0.6929560E+00  0.3207641E+02  0.1642200E+00  0.9540205E+03  0.9291373E+02
  0.1236000000000E+02  0.7851103E+01  0.3537451E-05  0.5628044E+01 -0.1877258E+00  0.4343730E-06  0.6905983E+00  0.3208473E+02  0.1642200E+00  0.9540114E+03  0.9290541E+02
  0.1236800000000E+02  0.7851103E+01  0.3397928E-05  0.5616846E+01 -0.1877258E+00  0.4166554E-06  0.6882576E+00  0.3209303E+02  0.1642200E+00  0.9540023E+03  0.9289710E+02
  0.1237600000000E+02  0.7851103E+01  0.3265015E-05  0.5605749E+01 -0.1877258E+00  0.3997961E-06  0.6859345E+00  0.3210130E+02  0.1642201E+00  0.9539932E+03  0.9288881E+02
  0.1238400000000E+02  0.7851103E+01  0.3138436E-05  0.5594761E+01 -0.1877258E+00  0.3837576E-06  0.6836294E+00  0.3210956E+02  0.1642201E+00  0.9539841E+03  0.9288053E+02
  0.1239200000000E+02  0.7851103E+01  0.3017927E-05  0.5583889E+01 -0.1877258E+00  0.3685042E-06  0.6813431E+00  0.3211781E+02  0.1642201E+00  0.9539750E+03  0.9287228E+02
  0.1240000000000E+02  0.7851103E+01  0.2903230E-05  0.5573141E+01 -0.1877258E+00  0.3540013E-06  0.6790760E+00  0.3212603E+02  0.1642201E+00  0.9539659E+03  0.9286404E+02
  0.1240800000000E+02  0.7851103E+01  0.2794095E-05  0.5562523E+01 -0.1877258E+00  0.3402151E-06  0.6768288E+00  0.3213424E+02  0.1642202E+00  0.9539567E+03  0.9285582E+02
  0.1241600000000E+02  0.7851103E+01  0.2690273E-05  0.5552042E+01 -0.1877258E+00  0.3271125E-06  0.6746025E+00  0.3214243E+02  0.1642202E+00  0.9539476E+03  0.9284762E+02
  0.1242400000000E+02  0.7851103E+01  0.2591524E-05  0.5541704E+01 -0.1877258E+00  0.3146618E-06  0.6723982E+00  0.3215060E+02  0.1642202E+00  0.9539385E+03  0.9283944E+02
  0.1243200000000E+02  0.7851103E+01  0.2497619E-05  0.5531515E+01 -0.1877258E+00  0.3028329E-06  0.6702175E+00  0.3215876E+02  0.1642202E+00  0.9539294E+03  0.9283127E+02
  0.1244000000000E+02  0.7851103E+01  0.2408341E-05  0.5521482E+01 -0.1877258E+00  0.2915974E-06  0.6680630E+00  0.3216690E+02  0.1642202E+00  0.9539203E+03  0.9282312E+02
  0.1244800000000E+02  0.7851103E+01  0.2323486E-05  0.5511612E+01 -0.1877258E+00  0.2809293E-06  0.6659380E+00  0.3217502E+02  0.1642203E+00  0.9539112E+03  0.9281499E+02
  0.1245600000000E+02  0.7851103E+01  0.2242866E-05  0.5501914E+01 -0.1877258E+00  0.2708045E-06  0.6638468E+00  0.3218312E+02  0.1642203E+00  0.9539021E+03  0.9280687E+02
  0.1246400000000E+02  0.7851103E+01  0.2166307E-05  0.5492397E+01 -0.1877258E+00  0.2612010E-06  0.6617947E+00  0.3219121E+02  0.1642203E+00  0.9538930E+03  0.9279877E+02
  0.1247200000000E+02  0.7851103E+01  0.2093644E-05  0.5483069E+01 -0.1877258E+00  0.2520983E-06  0.6597877E+00  0.3219928E+02  0.1642203E+00  0.9538839E+03  0.9279069E+02
  0.1248000000000E+02  0.7851103E+01  0.2024718E-05  0.5473939E+01 -0.1877258E+00  0.2434769E-06  0.6578324E+00  0.3220733E+02  0.1642203E+00  0.9538748E+03  0.9278263E+02
  0.1248800000000E+02  0.7851103E+01  0.1959372E-05  0.5465015E+01 -0.1877258E+00  0.2353172E-06  0.6559353E+00  0.3221537E+02  0.1642204E+00  0.9538657E+03  0.9277458E+02
  0.1249600000000E+02  0.7851103E+01  0.1897446E-05  0.5456302E+01 -0.1877258E+00  0.2275995E-06  0.6541020E+00  0.3222339E+02  0.1642204E+00  0.9538566E+03  0.9276655E+02
  0.1250400000000E+02  0.7851103E+01  0.1838774E-05  0.5447802E+01 -0.1877258E+00  0.2203029E-06  0.6523374E+00  0.3223139E+02  0.1642204E+00  0.9538475E+03  0.9275854E+02
  0.1251200000000E+02  0.7851103E+01  0.1783183E-05  0.5439517E+01 -0.1877258E+00  0.2134054E-06  0.6506445E+00  0.3223938E+02  0.1642204E+00  0.9538384E+03  0.9275054E+02
  0.1252000000000E+02  0.7851103E+01  0.1730498E-05  0.5431444E+01 -0.1877258E+00  0.2068845E-06  0.6490250E+00  0.3224736E+02  0.1642204E+00  0.9538293E+03  0.9274256E+02
  0.1252800000000E+02  0.7851103E+01  0.1680542E-05  0.5423580E+01 -0.1877258E+00  0.2007170E-06  0.6474785E+00  0.3225531E+02  0.1642204E+00  0.9538202E+03  0.9273460E+02
  0.1253600000000E+02  0.7851103E+01  0.1633144E-05  0.5415919E+01 -0.1877258E+00  0.1948803E-06  0.6460038E+00  0.3226325E+02  0.1642204E+00  0.9538111E+03  0.9272665E+02
  0.1254400000000E+02  0.7851103E+01  0.1588144E-05  0.5408458E+01 -0.1877258E+00  0.1893529E-06  0.6445984E+00  0.3227118E+02  0.1642205E+00  0.9538020E+03  0.9271873E+02
  0.1255200000000E+02  0.7851103E+01  0.1545395E-05  0.5401193E+01 -0.1877258E+00  0.1841148E-06  0.6432599E+00  0.3227908E+02  0.1642205E+00  0.9537929E+03  0.9271081E+02
  0.1256000000000E+02  0.7851103E+01  0.1504766E-05  0.5394123E+01 -0.1877258E+00  0.1791485E-06  0.6419861E+00  0.3228698E+02  0.1642205E+00  0.9537838E+03  0.9270291E+02
  0.1256800000000E+02  0.7851103E+01  0.1466144E-05  0.5387247E+01 -0.1877258E+00  0.1744383E-06  0.6407751E+00  0.3229485E+02  0.1642205E+00  0.9537747E+03  0.9269503E+02
  0.1257600000000E+02  0.7851103E+01  0.1429427E-05  0.5380566E+01 -0.1877258E+00  0.1699707E-06  0.6396263E+00  0.3230272E+02  0.1642205E+00  0.9537656E+03  0.9268717E+02
  0.1258400000000E+02  0.7851103E+01  0.1394526E-05  0.5374081E+01 -0.1877258E+00  0.1657338E-06  0.6385398E+00  0.3231056E+02  0.1642205E+00  0.9537565E+03  0.9267932E+02
  0.1259200000000E+02  0.7851103E+01  0.1361357E-05  0.5367793E+01 -0.1877258E+00  0.1617167E-06  0.6375164E+00  0.3231839E+02  0.1642205E+00  0.9537474E+03  0.9267149E+02
  0.1260000000000E+02  0.7851103E+01  0.1329839E-05  0.5361701E+01 -0.1877258E+00  0.1579091E-06  0.6365576E+00  0.3232621E+02  0.1642205E+00  0.9537383E+03  0.9266367E+02
  0.1260800000000E+02  0.7851103E+01  0.1299890E-05  0.5355805E+01 -0.1877258E+00  0.1543009E-06  0.6356652E+00  0.3233401E+02  0.1642206E+00  0.9537292E+03  0.9265587E+02
  0.1261600000000E+02  0.7851103E+01  0.1271424E-05  0.5350099E+01 -0.1877258E+00  0.1508815E-06  0.6348411E+00  0.3234180E+02  0.1642206E+00  0.9537201E+03  0.9264809E+02
  0.1262400000000E+02  0.7851103E+01  0.1244350E-05  0.5344576E+01 -0.1877257E+00  0.1476398E-06  0.6340865E+00  0.3234957E+02  0.1642206E+00  0.9537111E+03  0.9264032E+02
  0.1263200000000E+02  0.7851103E+01  0.1218571E-05  0.5339226E+01 -0.1877257E+00  0.1445641E-06  0.6334026E+00  0.3235732E+02  0.1642206E+00  0.9537020E+03  0.9263257E+02
  0.1264000000000E+02  0.7851103E+01  0.1193988E-05  0.5334036E+01 -0.1877257E+00  0.1416424E-06  0.6327895E+00  0.3236506E+02  0.1642206E+00  0.9536929E+03  0.9262483E+02
  0.1264800000000E+02  0.7851103E+01  0.1170499E-05  0.5328991E+01 -0.1877257E+00  0.1388623E-06  0.6322468E+00  0.3237279E+02  0.1642206E+00  0.9536838E+03  0.9261711E+02
  0.1265600000000E+02  0.7851103E+01  0.1148007E-05  0.5324077E+01 -0.1877257E+00  0.1362117E-06  0.6317736E+00  0.3238050E+02  0.1642206E+00  0.9536747E+03  0.9260941E+02
  0.1266400000000E+02  0.7851103E+01  0.1126416E-05  0.5319278E+01 -0.1877257E+00  0.1336790E-06  0.6313685E+00  0.3238820E+02  0.1642206E+00  0.9536656E+03  0.9260172E+02
  0.1267200000000E+02  0.7851103E+01  0.1105642E-05  0.5314580E+01 -0.1877257E+00  0.1312535E-06  0.6310297E+00  0.3239588E+02  0.1642206E+00  0.9536565E+03  0.9259405E+02
  0.1268000000000E+02  0.7851103E+01  0.1085608E-05  0.5309971E+01 -0.1877257E+00  0.1289254E-06  0.6307556E+00  0.3240355E+02  0.1642206E+00  0.9536474E+03  0.9258639E+02
  0.1268800000000E+02  0.7851103E+01  0.1066245E-05  0.5305438E+01 -0.1877257E+00  0.1266862E-06  0.6305446E+00  0.3241121E+02  0.1642207E+00  0.9536383E+03  0.9257874E+02
  0.1269600000000E+02  0.7851103E+01  0.1047494E-05  0.5300971E+01 -0.1877257E+00  0.1245284E-06  0.6303954E+00  0.3241885E+02  0.1642207E+00  0.9536292E+03  0.9257112E+02
  0.1270400000000E+02  0.7851103E+01  0.1029304E-05  0.5296561E+01 -0.1877257E+00  0.1224453E-06  0.6303064E+00  0.3242647E+02  0.1642207E+00  0.9536201E+03  0.9256350E+02
  0.1271200000000E+02  0.7851103E+01  0.1011627E-05  0.5292198E+01 -0.1877257E+00  0.1204308E-06  0.6302768E+00  0.3243408E+02  0.1642207E+00  0.9536111E+03  0.9255591E+02
  0.1272000000000E+02  0.7851103E+01  0.9944200E-06  0.5287874E+01 -0.1877257E+00  0.1184795E-06  0.6303054E+00  0.3244168E+02  0.1642207E+00  0.9536020E+03  0.9254832E+02
  0.1272800000000E+02  0.7851103E+01  0.9776417E-06  0.5283579E+01 -0.1877257E+00  0.1165860E-06  0.6303913E+00  0.3244926E+02  0.1642207E+00  0.9535929E+03  0.9254076E+02
  0.1273600000000E+02  0.7851103E+01  0.9612538E-06  0.5279305E+01 -0.1877257E+00  0.1147455E-06  0.6305337E+00  0.3245683E+02  0.1642207E+00  0.9535838E+03  0.9253321E+02
  0.1274400000000E+02  0.7851103E+01  0.9452210E-06  0.5275044E+01 -0.1877257E+00  0.1129533E-06  0.6307314E+00  0.3246438E+02  0.1642207E+00  0.9535747E+03  0.9252567E+02
  0.1275200000000E+02  0.7851103E+01  0.9295114E-06  0.5270788E+01 -0.1877257E+00  0.1112054E-06  0.6309837E+00  0.3247192E+02  0.1642207E+00  0.9535656E+03  0.9251815E+02
  0.1276000000000E+02  0.7851103E+01  0.9140980E-06  0.5266530E+01 -0.1877257E+00  0.1094982E-06  0.6312893E+00  0.3247945E+02  0.1642207E+00  0.9535565E+03  0.9251064E+02
  0.1276800000000E+02  0.7851104E+01  0.8989593E-06  0.5262267E+01 -0.1877257E+00  0.1078286E-06  0.6316471E+00  0.3248696E+02  0.1642207E+00  0.9535475E+03  0.9250315E+02
  0.1277600000000E+02  0.7851104E+01  0.8840796E-06  0.5257995E+01 -0.1877257E+00  0.1061942E-06  0.6320555E+00  0.3249446E+02  0.1642207E+00  0.9535384E+03  0.9249567E+02
  0.1278400000000E+02  0.7851104E+01  0.8694494E-06  0.5253714E+01 -0.1877257E+00  0.1045935E-06  0.6325130E+00  0.3250195E+02  0.1642208E+00  0.9535293E+03  0.9248821E+02
  0.1279200000000E+02  0.7851104E+01  0.8550646E-06  0.5249425E+01 -0.1877257E+00  0.1030254E-06  0.6330178E+00  0.3250942E+02  0.1642208E+00  0.9535202E+03  0.9248076E+02
  0.1280000000000E+02  0.7851104E+01  0.8409258E-06  0.5245131E+01 -0.1877257E+00  0.1014893E-06  0.6335677E+00  0.3251688E+02  0.1642208E+00  0.9535111E+03  0.9247333E+02
  0.1280800000000E+02  0.7851104E+01  0.8270370E-06  0.5240836E+01 -0.1877257E+00  0.9998516E-07  0.6341607E+00  0.3252432E+02  0.1642208E+00  0.9535021E+03  0.9246591E+02
  0.1281600000000E+02  0.7851104E+01  0.8134043E-06  0.5236544E+01 -0.1877257E+00  0.9851297E-07  0.6347943E+00  0.3253175E+02  0.1642208E+00  0.9534930E+03  0.9245851E+02
  0.1282400000000E+02  0.7851104E+01  0.8000347E-06  0.5232262E+01 -0.1877257E+00  0.9707301E-07  0.6354662E+00  0.3253917E+02  0.1642208E+00  0.9534839E+03  0.9245112E+02
  0.1283200000000E+02  0.7851104E+01  0.7869352E-06  0.5227994E+01 -0.1877257E+00  0.9566551E-07  0.6361738E+00  0.3254658E+02  0.1642208E+00  0.9534748E+03  0.9244374E+02
  0.1284000000000E+02  0.7851104E+01  0.7741116E-06  0.5223745E+01 -0.1877257E+00  0.9429066E-07  0.6369146E+00  0.3255397E+02  0.1642208E+00  0.9534657E+03  0.9243638E+02
  0.1284800000000E+02  0.7851104E+01  0.7615689E-06  0.5219522E+01 -0.1877257E+00  0.9294854E-07  0.6376861E+00  0.3256135E+02  0.1642208E+00  0.9534567E+03  0.9242903E+02
  0.1285600000000E+02  0.7851104E+01  0.7493105E-06  0.5215328E+01 -0.1877257E+00  0.9163912E-07  0.6384857E+00  0.3256871E+02  0.1642208E+00  0.9534476E+03  0.9242170E+02
  0.1286400000000E+02  0.7851104E+01  0.7373391E-06  0.5211168E+01 -0.1877257E+00  0.9036230E-07  0.6393110E+00  0.3257606E+02  0.1642208E+00  0.9534385E+03  0.9241438E+02
  0.1287200000000E+02  0.7851104E+01  0.7256561E-06  0.5207047E+01 -0.1877257E+00  0.8911790E-07  0.6401595E+00  0.3258340E+02  0.1642208E+00  0.9534294E+03  0.9240708E+02
  0.1288000000000E+02  0.7851104E+01  0.7142626E-06  0.5202968E+01 -0.1877257E+00  0.8790572E-07  0.6410287E+00  0.3259072E+02  0.1642208E+00  0.9534203E+03  0.9239979E+02
  0.1288800000000E+02  0.7851104E+01  0.7031592E-06  0.5198936E+01 -0.1877257E+00  0.8672554E-07  0.6419163E+00  0.3259803E+02  0.1642208E+00  0.9534113E+03  0.9239252E+02
  0.1289600000000E+02  0.7851104E+01  0.6923461E-06  0.5194956E+01 -0.1877257E+00  0.8557711E-07  0.6428196E+00  0.3260533E+02  0.1642208E+00  0.9534022E+03  0.9238525E+02
  0.1290400000000E+02  0.7851104E+01  0.6818232E-06  0.5191030E+01 -0.1877257E+00  0.8446016E-07  0.6437361E+00  0.3261262E+02  0.1642209E+00  0.9533931E+03  0.9237801E+02
  0.1291200000000E+02  0.7851104E+01  0.6715899E-06  0.5187164E+01 -0.1877257E+00  0.8337437E-07  0.6446630E+00  0.3261989E+02  0.1642209E+00  0.9533840E+03  0.9237077E+02
  0.1292000000000E+02  0.7851104E+01  0.6616448E-06  0.5183361E+01 -0.1877257E+00  0.8231934E-07  0.6455971E+00  0.3262715E+02  0.1642209E+00  0.9533750E+03  0.9236355E+02
  0.1292800000000E+02  0.7851104E+01  0.6519856E-06  0.5179624E+01 -0.1877257E+00  0.8129452E-07  0.6465352E+00  0.3263439E+02  0.1642209E+00  0.9533659E+03  0.9235635E+02
  0.1293600000000E+02  0.7851104E+01  0.6426089E-06  0.5175955E+01 -0.1877257E+00  0.8029923E-07  0.6474736E+00  0.3264162E+02  0.1642209E+00  0.9533568E+03  0.9234915E+02
  0.1294400000000E+02  0.7851104E+01  0.6335099E-06  0.5172357E+01 -0.1877257E+00  0.7933263E-07  0.6484081E+00  0.3264884E+02  0.1642209E+00  0.9533478E+03  0.9234198E+02
  0.1295200000000E+02  0.7851104E+01  0.6246828E-06  0.5168830E+01 -0.1877257E+00  0.7839368E-07  0.6493345E+00  0.3265604E+02  0.1642209E+00  0.9533387E+03  0.9233481E+02
  0.1296000000000E+02  0.7851104E+01  0.6161203E-06  0.5165376E+01 -0.1877257E+00  0.7748119E-07  0.6502478E+00  0.3266323E+02  0.1642209E+00  0.9533296E+03  0.9232766E+02
  0.1296800000000E+02  0.7851104E+01  0.6078139E-06  0.5161995E+01 -0.1877257E+00  0.7659380E-07  0.6511432E+00  0.3267041E+02  0.1642209E+00  0.9533205E+03  0.9232052E+02
  0.1297600000000E+02  0.7851104E+01  0.5997542E-06  0.5158684E+01 -0.1877257E+00  0.7573004E-07  0.6520157E+00  0.3267758E+02  0.1642209E+00  0.9533115E+03  0.9231340E+02
  0.1298400000000E+02  0.7851104E+01  0.5919309E-06  0.5155444E+01 -0.1877257E+00  0.7488835E-07  0.6528604E+00  0.3268473E+02  0.1642209E+00  0.9533024E+03  0.9230629E+02
  0.1299200000000E+02  0.7851104E+01  0.5843328E-06  0.5152271E+01 -0.1877257E+00  0.7406712E-07  0.6536726E+00  0.3269187E+02  0.1642209E+00  0.9532933E+03  0.9229919E+02
  0.1300000000000E+02  0.7851104E+01  0.5769484E-06  0.5149162E+01 -0.1877257E+00  0.7326473E-07  0.6544483E+00  0.3269899E+02  0.1642209E+00  0.9532843E+03  0.9229211E+02
  0.1300800000000E+02  0.7851104E+01  0.5697658E-06  0.5146115E+01 -0.1877257E+00  0.7247963E-07  0.6551843E+00  0.3270611E+02  0.1642209E+00  0.9532752E+03  0.9228504E+02
  0.1301600000000E+02  0.7851104E+01  0.5627730E-06  0.5143126E+01 -0.1877257E+00  0.7171032E-07  0.6558781E+00  0.3271321E+02  0.1642209E+00  0.9532661E+03  0.9227798E+02
  0.1302400000000E+02  0.7851104E+01  0.5559581E-06  0.5140190E+01 -0.1877257E+00  0.7095545E-07  0.6565285E+00  0.3272030E+02  0.1642209E+00  0.9532571E+03  0.9227093E+02
  0.1303200000000E+02  0.7851104E+01  0.5493096E-06  0.5137304E+01 -0.1877257E+00  0.7021378E-07  0.6571350E+00  0.3272737E+02  0.1642209E+00  0.9532480E+03  0.9226390E+02
  0.1304000000000E+02  0.7851104E+01  0.5428164E-06  0.5134463E+01 -0.1877257E+00  0.6948426E-07  0.6576983E+00  0.3273443E+02  0.1642209E+00  0.9532389E+03  0.9225689E+02
  0.1304800000000E+02  0.7851104E+01  0.5364680E-06  0.5131663E+01 -0.1877257E+00  0.6876598E-07  0.6582199E+00  0.3274149E+02  0.1642209E+00  0.9532299E+03  0.9224988E+02
  0.1305600000000E+02  0.7851104E+01  0.5302547E-06  0.5128900E+01 -0.1877257E+00  0.6805819E-07  0.6587019E+00  0.3274852E+02  0.1642210E+00  0.9532208E+03  0.9224289E+02
  0.1306400000000E+02  0.7851104E+01  0.5241676E-06  0.5126171E+01 -0.1877257E+00  0.6736024E-07  0.6591469E+00  0.3275555E+02  0.1642210E+00  0.9532117E+03  0.9223591E+02
  0.1307200000000E+02  0.7851104E+01  0.5181986E-06  0.5123471E+01 -0.1877257E+00  0.6667163E-07  0.6595575E+00  0.3276256E+02  0.1642210E+00  0.9532027E+03  0.9222895E+02
  0.1308000000000E+02  0.7851104E+01  0.5123402E-06  0.5120797E+01 -0.1877257E+00  0.6599188E-07  0.6599367E+00  0.3276957E+02  0.1642210E+00  0.9531936E+03  0.9222199E+02
  0.1308800000000E+02  0.7851104E+01  0.5065855E-06  0.5118146E+01 -0.1877257E+00  0.6532059E-07  0.6602867E+00  0.3277656E+02  0.1642210E+00  0.9531845E+03  0.9221505E+02
  0.1309600000000E+02  0.7851104E+01  0.5009282E-06  0.5115515E+01 -0.1877257E+00  0.6465735E-07  0.6606097E+00  0.3278354E+02  0.1642210E+00  0.9531755E+03  0.9220813E+02
  0.1310400000000E+02  0.7851104E+01  0.4953624E-06  0.5112901E+01 -0.1877257E+00  0.6400176E-07  0.6609076E+00  0.3279050E+02  0.1642210E+00  0.9531664E+03  0.9220121E+02
  0.1311200000000E+02  0.7851104E+01  0.4898826E-06  0.5110301E+01 -0.1877257E+00  0.6335340E-07  0.6611816E+00  0.3279746E+02  0.1642210E+00  0.9531574E+03  0.9219431E+02
  0.1312000000000E+02  0.7851104E+01  0.4844835E-06  0.5107713E+01 -0.1877257E+00  0.6271186E-07  0.6614327E+00  0.3280440E+02  0.1642210E+00  0.9531483E+03  0.9218742E+02
  0.1312800000000E+02  0.7851104E+01  0.4791606E-06  0.5105135E+01 -0.1877257E+00  0.6207673E-07  0.6616618E+00  0.3281133E+02  0.1642210E+00  0.9531392E+03  0.9218055E+02
  0.1313600000000E+02  0.7851104E+01  0.4739093E-06  0.5102565E+01 -0.1877257E+00  0.6144763E-07  0.6618694E+00  0.3281825E+02  0.1642210E+00  0.9531302E+03  0.9217368E+02
  0.1314400000000E+02  0.7851104E+01  0.4687261E-06  0.5100000E+01 -0.1877257E+00  0.6082426E-07  0.6620563E+00  0.3282516E+02  0.1642210E+00  0.9531211E+03  0.9216683E+02
  0.1315200000000E+02  0.7851104E+01  0.4636078E-06  0.5097440E+01 -0.1877257E+00  0.6020638E-07  0.6622231E+00  0.3283206E+02  0.1642210E+00  0.9531121E+03  0.9216000E+02
  0.1316000000000E+02  0.7851104E+01  0.4585522E-06  0.5094883E+01 -0.1877257E+00  0.5959385E-07  0.6623709E+00  0.3283895E+02  0.1642210E+00  0.9531030E+03  0.9215317E+02
  0.1316800000000E+02  0.7851104E+01  0.4535579E-06  0.5092330E+01 -0.1877257E+00  0.5898668E-07  0.6625008E+00  0.3284582E+02  0.1642210E+00  0.9530939E+03  0.9214636E+02
  0.1317600000000E+02  0.7851104E+01  0.4486242E-06  0.5089781E+01 -0.1877257E+00  0.5838498E-07  0.6626145E+00  0.3285269E+02  0.1642210E+00  0.9530849E+03  0.9213956E+02
  0.1318400000000E+02  0.7851104E+01  0.4437516E-06  0.5087237E+01 -0.1877257E+00  0.5778900E-07  0.6627139E+00  0.3285954E+02  0.1642210E+00  0.9530758E+03  0.9213277E+02
  0.1319200000000E+02  0.7851104E+01  0.4389409E-06  0.5084698E+01 -0.1877257E+00  0.5719909E-07  0.6628012E+00  0.3286639E+02  0.1642210E+00  0.9530668E+03  0.9212599E+02
  0.1320000000000E+02  0.7851104E+01  0.4341939E-06  0.5082168E+01 -0.1877257E+00  0.5661571E-07  0.6628792E+00  0.3287323E+02  0.1642210E+00  0.9530577E+03  0.9211923E+02
  0.1320800000000E+02  0.7851104E+01  0.4295126E-06  0.5079648E+01 -0.1877257E+00  0.5603939E-07  0.6629507E+00  0.3288005E+02  0.1642210E+00  0.9530487E+03  0.9211248E+02
  0.1321600000000E+02  0.7851104E+01  0.4248993E-06  0.5077140E+01 -0.1877257E+00  0.5547072E-07  0.6630189E+00  0.3288687E+02  0.1642210E+00  0.9530396E+03  0.9210574E+02
  0.1322400000000E+02  0.7851104E+01  0.4203565E-06  0.5074647E+01 -0.1877257E+00  0.5491027E-07  0.6630871E+00  0.3289367E+02  0.1642210E+00  0.9530305E+03  0.9209901E+02
  0.1323200000000E+02  0.7851104E+01  0.4158865E-06  0.5072171E+01 -0.1877257E+00  0.5435863E-07  0.6631587E+00  0.3290047E+02  0.1642210E+00  0.9530215E+03  0.9209230E+02
  0.1324000000000E+02  0.7851104E+01  0.4114913E-06  0.5069715E+01 -0.1877257E+00  0.5381634E-07  0.6632371E+00  0.3290726E+02  0.1642210E+00  0.9530124E+03  0.9208559E+02
  0.1324800000000E+02  0.7851104E+01  0.4071726E-06  0.5067280E+01 -0.1877257E+00  0.5328385E-07  0.6633252E+00  0.3291403E+02  0.1642210E+00  0.9530034E+03  0.9207890E+02
  0.1325600000000E+02  0.7851104E+01  0.4029317E-06  0.5064868E+01 -0.1877257E+00  0.5276156E-07  0.6634261E+00  0.3292080E+02  0.1642211E+00  0.9529943E+03  0.9207222E+02
  0.1326400000000E+02  0.7851104E+01  0.3987691E-06  0.5062481E+01 -0.1877257E+00  0.5224973E-07  0.6635419E+00  0.3292756E+02  0.1642211E+00  0.9529853E+03  0.9206556E+02
  0.1327200000000E+02  0.7851104E+01  0.3946850E-06  0.5060119E+01 -0.1877257E+00  0.5174854E-07  0.6636745E+00  0.3293431E+02  0.1642211E+00  0.9529762E+03  0.9205890E+02
  0.1328000000000E+02  0.7851104E+01  0.3906791E-06  0.5057783E+01 -0.1877257E+00  0.5125801E-07  0.6638250E+00  0.3294105E+02  0.1642211E+00  0.9529672E+03  0.9205226E+02
  0.1328800000000E+02  0.7851104E+01  0.3867505E-06  0.5055474E+01 -0.1877257E+00  0.5077807E-07  0.6639936E+00  0.3294778E+02  0.1642211E+00  0.9529581E+03  0.9204563E+02
  0.1329600000000E+02  0.7851104E+01  0.3828978E-06  0.5053191E+01 -0.1877257E+00  0.5030853E-07  0.6641799E+00  0.3295451E+02  0.1642211E+00  0.9529491E+03  0.9203901E+02
  0.1330400000000E+02  0.7851104E+01  0.3791195E-06  0.5050935E+01 -0.1877257E+00  0.4984911E-07  0.6643827E+00  0.3296122E+02  0.1642211E+00  0.9529400E+03  0.9203240E+02
  0.1331200000000E+02  0.7851104E+01  0.3754135E-06  0.5048705E+01 -0.1877257E+00  0.4939941E-07  0.6646001E+00  0.3296793E+02  0.1642211E+00  0.9529310E+03  0.9202580E+02
  0.1332000000000E+02  0.7851104E+01  0.3717778E-06  0.5046501E+01 -0.1877257E+00  0.4895899E-07  0.6648295E+00  0.3297462E+02  0.1642211E+00  0.9529219E+03  0.9201922E+02
  0.1332800000000E+02  0.7851104E+01  0.3682102E-06  0.5044322E+01 -0.1877257E+00  0.4852737E-07  0.6650682E+00  0.3298131E+02  0.1642211E+00  0.9529129E+03  0.9201265E+02
  0.1333600000000E+02  0.7851104E+01  0.3647083E-06  0.5042168E+01 -0.1877257E+00  0.4810404E-07  0.6653131E+00  0.3298799E+02  0.1642211E+00  0.9529038E+03  0.9200609E+02
  0.1334400000000E+02  0.7851104E+01  0.3612700E-06  0.5040039E+01 -0.1877257E+00  0.4768848E-07  0.6655611E+00  0.3299467E+02  0.1642211E+00  0.9528948E+03  0.9199954E+02
  0.1335200000000E+02  0.7851104E+01  0.3578930E-06  0.5037933E+01 -0.1877257E+00  0.4728024E-07  0.6658095E+00  0.3300133E+02  0.1642211E+00  0.9528858E+03  0.9199300E+02
  0.1336000000000E+02  0.7851104E+01  0.3545752E-06  0.5035851E+01 -0.1877257E+00  0.4687886E-07  0.6660562E+00  0.3300799E+02  0.1642211E+00  0.9528767E+03  0.9198647E+02
  0.1336800000000E+02  0.7851104E+01  0.3513147E-06  0.5033791E+01 -0.1877257E+00  0.4648401E-07  0.6662996E+00  0.3301464E+02  0.1642211E+00  0.9528677E+03  0.9197996E+02
  0.1337600000000E+02  0.7851104E+01  0.3481097E-06  0.5031753E+01 -0.1877257E+00  0.4609540E-07  0.6665389E+00  0.3302127E+02  0.1642211E+00  0.9528586E+03  0.9197346E+02
  0.1338400000000E+02  0.7851104E+01  0.3449590E-06  0.5029737E+01 -0.1877257E+00  0.4571287E-07  0.6667743E+00  0.3302791E+02  0.1642211E+00  0.9528496E+03  0.9196696E+02
  0.1339200000000E+02  0.7851104E+01  0.3418615E-06  0.5027743E+01 -0.1877257E+00  0.4533633E-07  0.6670067E+00  0.3303453E+02  0.1642211E+00  0.9528405E+03  0.9196048E+02
  0.1340000000000E+02  0.7851104E+01  0.3388165E-06  0.5025771E+01 -0.1877257E+00  0.4496583E-07  0.6672377E+00  0.3304114E+02  0.1642211E+00  0.9528315E+03  0.9195401E+02
  0.1340800000000E+02  0.7851104E+01  0.3358241E-06  0.5023822E+01 -0.1877257E+00  0.4460150E-07  0.6674694E+00  0.3304774E+02  0.1642211E+00  0.9528224E+03  0.9194756E+02
  0.1341600000000E+02  0.7851104E+01  0.3328845E-06  0.5021897E+01 -0.1877257E+00  0.4424357E-07  0.6677045E+00  0.3305433E+02  0.1642211E+00  0.9528134E+03  0.9194111E+02
  0.1342400000000E+02  0.7851104E+01  0.3299986E-06  0.5019998E+01 -0.1877257E+00  0.4389232E-07  0.6679455E+00  0.3306091E+02  0.1642211E+00  0.9528044E+03  0.9193467E+02
  0.1343200000000E+02  0.7851104E+01  0.3271678E-06  0.5018127E+01 -0.1877257E+00  0.4354810E-07  0.6681951E+00  0.3306747E+02  0.1642211E+00  0.9527953E+03  0.9192825E+02
  0.1344000000000E+02  0.7851104E+01  0.3243937E-06  0.5016285E+01 -0.1877257E+00  0.4321128E-07  0.6684554E+00  0.3307402E+02  0.1642211E+00  0.9527863E+03  0.9192184E+02
  0.1344800000000E+02  0.7851104E+01  0.3216783E-06  0.5014477E+01 -0.1877257E+00  0.4288225E-07  0.6687286E+00  0.3308056E+02  0.1642211E+00  0.9527772E+03  0.9191543E+02
  0.1345600000000E+02  0.7851104E+01  0.3190236E-06  0.5012705E+01 -0.1877257E+00  0.4256137E-07  0.6690162E+00  0.3308708E+02  0.1642211E+00  0.9527682E+03  0.9190904E+02
  0.1346400000000E+02  0.7851104E+01  0.3164319E-06  0.5010973E+01 -0.1877257E+00  0.4224900E-07  0.6693192E+00  0.3309359E+02  0.1642211E+00  0.9527592E+03  0.9190266E+02
  0.1347200000000E+02  0.7851104E+01  0.3139053E-06  0.5009283E+01 -0.1877257E+00  0.4194545E-07  0.6696384E+00  0.3310008E+02  0.1642211E+00  0.9527501E+03  0.9189630E+02
  0.1348000000000E+02  0.7851104E+01  0.3114457E-06  0.5007640E+01 -0.1877257E+00  0.4165102E-07  0.6699744E+00  0.3310655E+02  0.1642211E+00  0.9527411E+03  0.9188994E+02
  0.1348800000000E+02  0.7851104E+01  0.3090550E-06  0.5006046E+01 -0.1877257E+00  0.4136592E-07  0.6703273E+00  0.3311301E+02  0.1642211E+00  0.9527321E+03  0.9188359E+02
  0.1349600000000E+02  0.7851104E+01  0.3067346E-06  0.5004503E+01 -0.1877257E+00  0.4109037E-07  0.6706976E+00  0.3311945E+02  0.1642211E+00  0.9527230E+03  0.9187725E+02
  0.1350400000000E+02  0.7851104E+01  0.3044857E-06  0.5003016E+01 -0.1877257E+00  0.4082452E-07  0.6710854E+00  0.3312587E+02  0.1642212E+00  0.9527140E+03  0.9187093E+02
  0.1351200000000E+02  0.7851104E+01  0.3023092E-06  0.5001585E+01 -0.1877257E+00  0.4056851E-07  0.6714912E+00  0.3313227E+02  0.1642212E+00  0.9527049E+03  0.9186462E+02
  0.1352000000000E+02  0.7851104E+01  0.3002055E-06  0.5000213E+01 -0.1877257E+00  0.4032241E-07  0.6719155E+00  0.3313866E+02  0.1642212E+00  0.9526959E+03  0.9185831E+02
  0.1352800000000E+02  0.7851104E+01  0.2981750E-06  0.4998901E+01 -0.1877257E+00  0.4008628E-07  0.6723587E+00  0.3314503E+02  0.1642212E+00  0.9526869E+03  0.9185202E+02
  0.1353600000000E+02  0.7851104E+01  0.2962173E-06  0.4997651E+01 -0.1877257E+00  0.3986015E-07  0.6728215E+00  0.3315138E+02  0.1642212E+00  0.9526778E+03  0.9184574E+02
  0.1354400000000E+02  0.7851104E+01  0.2943323E-06  0.4996463E+01 -0.1877257E+00  0.3964399E-07  0.6733044E+00  0.3315773E+02  0.1642212E+00  0.9526688E+03  0.9183947E+02
  0.1355200000000E+02  0.7851104E+01  0.2925191E-06  0.4995339E+01 -0.1877257E+00  0.3943776E-07  0.6738077E+00  0.3316405E+02  0.1642212E+00  0.9526598E+03  0.9183321E+02
  0.1356000000000E+02  0.7851104E+01  0.2907771E-06  0.4994278E+01 -0.1877257E+00  0.3924137E-07  0.6743316E+00  0.3317037E+02  0.1642212E+00  0.9526507E+03  0.9182696E+02
  0.1356800000000E+02  0.7851104E+01  0.2891051E-06  0.4993281E+01 -0.1877257E+00  0.3905469E-07  0.6748758E+00  0.3317667E+02  0.1642212E+00  0.9526417E+03  0.9182072E+02
  0.1357600000000E+02  0.7851104E+01  0.2875020E-06  0.4992348E+01 -0.1877257E+00  0.3887756E-07  0.6754401E+00  0.3318297E+02  0.1642212E+00  0.9526327E+03  0.9181449E+02
  0.1358400000000E+02  0.7851104E+01  0.2859664E-06  0.4991479E+01 -0.1877257E+00  0.3870978E-07  0.6760236E+00  0.3318926E+02  0.1642212E+00  0.9526237E+03  0.9180827E+02
  0.1359200000000E+02  0.7851104E+01  0.2844970E-06  0.4990674E+01 -0.1877257E+00  0.3855113E-07  0.6766254E+00  0.3319554E+02  0.1642212E+00  0.9526146E+03  0.9180206E+02
  0.1360000000000E+02  0.7851104E+01  0.2830924E-06  0.4989933E+01 -0.1877257E+00  0.3840139E-07  0.6772443E+00  0.3320181E+02  0.1642212E+00  0.9526056E+03  0.9179586E+02
  0.1360800000000E+02  0.7851104E+01  0.2817513E-06  0.4989255E+01 -0.1877257E+00  0.3826032E-07  0.6778790E+00  0.3320808E+02  0.1642212E+00  0.9525966E+03  0.9178968E+02
  0.1361600000000E+02  0.7851104E+01  0.2804725E-06  0.4988640E+01 -0.1877257E+00  0.3812771E-07  0.6785282E+00  0.3321434E+02  0.1642212E+00  0.9525875E+03  0.9178350E+02
  0.1362400000000E+02  0.7851104E+01  0.2792549E-06  0.4988088E+01 -0.1877257E+00  0.3800335E-07  0.6791906E+00  0.3322060E+02  0.1642212E+00  0.9525785E+03  0.9177734E+02
  0.1363200000000E+02  0.7851104E+01  0.2780977E-06  0.4987601E+01 -0.1877257E+00  0.3788709E-07  0.6798649E+00  0.3322686E+02  0.1642212E+00  0.9525695E+03  0.9177118E+02
  0.1364000000000E+02  0.7851104E+01  0.2770004E-06  0.4987178E+01 -0.1877257E+00  0.3777881E-07  0.6805502E+00  0.3323311E+02  0.1642212E+00  0.9525605E+03  0.9176504E+02
  0.1364800000000E+02  0.7851104E+01  0.2759628E-06  0.4986820E+01 -0.1877257E+00  0.3767845E-07  0.6812453E+00  0.3323936E+02  0.1642212E+00  0.9525514E+03  0.9175890E+02
  0.1365600000000E+02  0.7851104E+01  0.2749850E-06  0.4986529E+01 -0.1877257E+00  0.3758599E-07  0.6819497E+00  0.3324561E+02  0.1642212E+00  0.9525424E+03  0.9175278E+02
  0.1366400000000E+02  0.7851104E+01  0.2740674E-06  0.4986306E+01 -0.1877257E+00  0.3750146E-07  0.6826626E+00  0.3325185E+02  0.1642212E+00  0.9525334E+03  0.9174666E+02
  0.1367200000000E+02  0.7851104E+01  0.2732107E-06  0.4986152E+01 -0.1877257E+00  0.3742494E-07  0.6833834E+00  0.3325809E+02  0.1642212E+00  0.9525244E+03  0.9174056E+02
  0.1368000000000E+02  0.7851104E+01  0.2724157E-06  0.4986071E+01 -0.1877257E+00  0.3735651E-07  0.6841116E+00  0.3326432E+02  0.1642212E+00  0.9525153E+03  0.9173446E+02
  0.1368800000000E+02  0.7851104E+01  0.2716834E-06  0.4986062E+01 -0.1877257E+00  0.3729630E-07  0.6848466E+00  0.3327055E+02  0.1642212E+00  0.9525063E+03  0.9172838E+02
  0.1369600000000E+02  0.7851104E+01  0.2710147E-06  0.4986128E+01 -0.1877257E+00  0.3724443E-07  0.6855879E+00  0.3327677E+02  0.1642212E+00  0.9524973E+03  0.9172231E+02
  0.1370400000000E+02  0.7851104E+01  0.2704106E-06  0.4986271E+01 -0.1877257E+00  0.3720100E-07  0.6863349E+00  0.3328299E+02  0.1642212E+00  0.9524883E+03  0.9171624E+02
  0.1371200000000E+02  0.7851104E+01  0.2698717E-06  0.4986491E+01 -0.1877257E+00  0.3716608E-07  0.6870869E+00  0.3328919E+02  0.1642212E+00  0.9524792E+03  0.9171019E+02
  0.1372000000000E+02  0.7851104E+01  0.2693984E-06  0.4986789E+01 -0.1877257E+00  0.3713972E-07  0.6878430E+00  0.3329538E+02  0.1642212E+00  0.9524702E+03  0.9170414E+02
  0.1372800000000E+02  0.7851104E+01  0.2689907E-06  0.4987165E+01 -0.1877257E+00  0.3712189E-07  0.6886023E+00  0.3330156E+02  0.1642212E+00  0.9524612E+03  0.9169811E+02
  0.1373600000000E+02  0.7851104E+01  0.2686483E-06  0.4987619E+01 -0.1877257E+00  0.3711254E-07  0.6893639E+00  0.3330773E+02  0.1642212E+00  0.9524522E+03  0.9169209E+02
  0.1374400000000E+02  0.7851104E+01  0.2683705E-06  0.4988150E+01 -0.1877257E+00  0.3711152E-07  0.6901268E+00  0.3331388E+02  0.1642212E+00  0.9524432E+03  0.9168607E+02
  0.1375200000000E+02  0.7851104E+01  0.2681559E-06  0.4988755E+01 -0.1877257E+00  0.3711865E-07  0.6908897E+00  0.3332000E+02  0.1642212E+00  0.9524341E+03  0.9168007E+02
  0.1376000000000E+02  0.7851104E+01  0.2680030E-06  0.4989433E+01 -0.1877257E+00  0.3713367E-07  0.6916516E+00  0.3332611E+02  0.1642212E+00  0.9524251E+03  0.9167407E+02
  0.1376800000000E+02  0.7851104E+01  0.2679095E-06  0.4990180E+01 -0.1877257E+00  0.3715627E-07  0.6924110E+00  0.3333219E+02  0.1642212E+00  0.9524161E+03  0.9166809E+02
  0.1377600000000E+02  0.7851104E+01  0.2678729E-06  0.4990994E+01 -0.1877257E+00  0.3718606E-07  0.6931666E+00  0.3333825E+02  0.1642212E+00  0.9524071E+03  0.9166212E+02
  0.1378400000000E+02  0.7851104E+01  0.2678905E-06  0.4991869E+01 -0.1877257E+00  0.3722263E-07  0.6939168E+00  0.3334428E+02  0.1642212E+00  0.9523981E+03  0.9165615E+02
  0.1379200000000E+02  0.7851104E+01  0.2679589E-06  0.4992803E+01 -0.1877257E+00  0.3726549E-07  0.6946602E+00  0.3335028E+02  0.1642212E+00  0.9523890E+03  0.9165020E+02
  0.1380000000000E+02  0.7851104E+01  0.2680746E-06  0.4993791E+01 -0.1877257E+00  0.3731410E-07  0.6953949E+00  0.3335625E+02  0.1642212E+00  0.9523800E+03  0.9164425E+02
  0.1380800000000E+02  0.7851104E+01  0.2682338E-06  0.4994827E+01 -0.1877257E+00  0.3736789E-07  0.6961190E+00  0.3336220E+02  0.1642212E+00  0.9523710E+03  0.9163832E+02
  0.1381600000000E+02  0.7851104E+01  0.2684324E-06  0.4995907E+01 -0.1877257E+00  0.3742623E-07  0.6968307E+00  0.3336811E+02  0.1642212E+00  0.9523620E+03  0.9163239E+02
  0.1382400000000E+02  0.7851104E+01  0.2686661E-06  0.4997027E+01 -0.1877257E+00  0.3748845E-07  0.6975278E+00  0.3337401E+02  0.1642213E+00  0.9523530E+03  0.9162647E+02
  0.1383200000000E+02  0.7851104E+01  0.2689303E-06  0.4998180E+01 -0.1877257E+00  0.3755386E-07  0.6982081E+00  0.3337988E+02  0.1642213E+00  0.9523440E+03  0.9162057E+02
  0.1384000000000E+02  0.7851104E+01  0.2692202E-06  0.4999362E+01 -0.1877257E+00  0.3762172E-07  0.6988694E+00  0.3338573E+02  0.1642213E+00  0.9523350E+03  0.9161467E+02
  0.1384800000000E+02  0.7851104E+01  0.2695309E-06  0.5000567E+01 -0.1877257E+00  0.3769125E-07  0.6995094E+00  0.3339157E+02  0.1642213E+00  0.9523259E+03  0.9160878E+02
  0.1385600000000E+02  0.7851104E+01  0.2698575E-06  0.5001792E+01 -0.1877257E+00  0.3776167E-07  0.7001257E+00  0.3339741E+02  0.1642213E+00  0.9523169E+03  0.9160291E+02
  0.1386400000000E+02  0.7851104E+01  0.2701949E-06  0.5003030E+01 -0.1877257E+00  0.3783217E-07  0.7007158E+00  0.3340326E+02  0.1642213E+00  0.9523079E+03  0.9159704E+02
  0.1387200000000E+02  0.7851104E+01  0.2705380E-06  0.5004278E+01 -0.1877257E+00  0.3790196E-07  0.7012774E+00  0.3340911E+02  0.1642213E+00  0.9522989E+03  0.9159118E+02
  0.1388000000000E+02  0.7851104E+01  0.2708818E-06  0.5005531E+01 -0.1877257E+00  0.3797023E-07  0.7018081E+00  0.3341499E+02  0.1642213E+00  0.9522899E+03  0.9158533E+02
  0.1388800000000E+02  0.7851104E+01  0.2712214E-06  0.5006784E+01 -0.1877257E+00  0.3803618E-07  0.7023053E+00  0.3342090E+02  0.1642213E+00  0.9522809E+03  0.9157949E+02
  0.1389600000000E+02  0.7851104E+01  0.2715520E-06  0.5008033E+01 -0.1877257E+00  0.3809905E-07  0.7027665E+00  0.3342685E+02  0.1642213E+00  0.9522719E+03  0.9157366E+02
  0.1390400000000E+02  0.7851104E+01  0.2718693E-06  0.5009275E+01 -0.1877257E+00  0.3815810E-07  0.7031893E+00  0.3343284E+02  0.1642213E+00  0.9522629E+03  0.9156784E+02
  0.1391200000000E+02  0.7851104E+01  0.2721691E-06  0.5010505E+01 -0.1877257E+00  0.3821264E-07  0.7035711E+00  0.3343889E+02  0.1642213E+00  0.9522538E+03  0.9156202E+02
  0.1392000000000E+02  0.7851104E+01  0.2724476E-06  0.5011721E+01 -0.1877257E+00  0.3826201E-07  0.7039094E+00  0.3344499E+02  0.1642213E+00  0.9522448E+03  0.9155622E+02
  0.1392800000000E+02  0.7851104E+01  0.2727013E-06  0.5012918E+01 -0.1877257E+00  0.3830560E-07  0.7042018E+00  0.3345114E+02  0.1642213E+00  0.9522358E+03  0.9155043E+02
  0.1393600000000E+02  0.7851104E+01  0.2729271E-06  0.5014094E+01 -0.1877257E+00  0.3834287E-07  0.7044456E+00  0.3345734E+02  0.1642213E+00  0.9522268E+03  0.9154464E+02
  0.1394400000000E+02  0.7851104E+01  0.2731223E-06  0.5015243E+01 -0.1877257E+00  0.3837332E-07  0.7046386E+00  0.3346359E+02  0.1642213E+00  0.9522178E+03  0.9153887E+02
  0.1395200000000E+02  0.7851104E+01  0.2732845E-06  0.5016364E+01 -0.1877257E+00  0.3839649E-07  0.7047780E+00  0.3346989E+02  0.1642213E+00  0.9522088E+03  0.9153310E+02
  0.1396000000000E+02  0.7851104E+01  0.2734114E-06  0.5017453E+01 -0.1877257E+00  0.3841196E-07  0.7048614E+00  0.3347621E+02  0.1642213E+00  0.9521998E+03  0.9152735E+02
  0.1396800000000E+02  0.7851104E+01  0.2735010E-06  0.5018505E+01 -0.1877257E+00  0.3841934E-07  0.7048863E+00  0.3348256E+02  0.1642213E+00  0.9521908E+03  0.9152160E+02
  0.1397600000000E+02  0.7851104E+01  0.2735515E-06  0.5019518E+01 -0.1877257E+00  0.3841825E-07  0.7048500E+00  0.3348892E+02  0.1642213E+00  0.9521818E+03  0.9151586E+02
  0.1398400000000E+02  0.7851104E+01  0.2735610E-06  0.5020487E+01 -0.1877257E+00  0.3840831E-07  0.7047498E+00  0.3349528E+02  0.1642213E+00  0.9521728E+03  0.9151013E+02
  0.1399200000000E+02  0.7851104E+01  0.2735275E-06  0.5021409E+01 -0.1877257E+00  0.3838913E-07  0.7045830E+00  0.3350163E+02  0.1642213E+00  0.9521638E+03  0.9150441E+02
  0.1400000000000E+02  0.7851104E+01  0.2734490E-06  0.5022279E+01 -0.1877257E+00  0.3836032E-07  0.7043466E+00  0.3350796E+02  0.1642213E+00  0.9521548E+03  0.9149870E+02
  0.1400800000000E+02  0.7851104E+01  0.2733231E-06  0.5023093E+01 -0.1877257E+00  0.3832143E-07  0.7040380E+00  0.3351425E+02  0.1642213E+00  0.9521458E+03  0.9149300E+02
  0.1401600000000E+02  0.7851104E+01  0.2731474E-06  0.5023848E+01 -0.1877257E+00  0.3827201E-07  0.7036541E+00  0.3352050E+02  0.1642213E+00  0.9521368E+03  0.9148731E+02
  0.1402400000000E+02  0.7851104E+01  0.2729192E-06  0.5024539E+01 -0.1877257E+00  0.3821160E-07  0.7031923E+00  0.3352671E+02  0.1642213E+00  0.9521278E+03  0.9148162E+02
  0.1403200000000E+02  0.7851104E+01  0.2726358E-06  0.5025162E+01 -0.1877257E+00  0.3813972E-07  0.7026501E+00  0.3353287E+02  0.1642213E+00  0.9521188E+03  0.9147595E+02
  0.1404000000000E+02  0.7851104E+01  0.2722944E-06  0.5025715E+01 -0.1877257E+00  0.3805591E-07  0.7020251E+00  0.3353898E+02  0.1642213E+00  0.9521098E+03  0.9147028E+02
  0.1404800000000E+02  0.7851104E+01  0.2718925E-06  0.5026194E+01 -0.1877257E+00  0.3795975E-07  0.7013156E+00  0.3354505E+02  0.1642213E+00  0.9521008E+03  0.9146462E+02
  0.1405600000000E+02  0.7851104E+01  0.2714277E-06  0.5026597E+01 -0.1877257E+00  0.3785091E-07  0.7005200E+00  0.3355108E+02  0.1642213E+00  0.9520918E+03  0.9145898E+02
  0.1406400000000E+02  0.7851104E+01  0.2708984E-06  0.5026923E+01 -0.1877257E+00  0.3772915E-07  0.6996377E+00  0.3355706E+02  0.1642213E+00  0.9520828E+03  0.9145334E+02
  0.1407200000000E+02  0.7851104E+01  0.2703034E-06  0.5027170E+01 -0.1877257E+00  0.3759435E-07  0.6986684E+00  0.3356302E+02  0.1642213E+00  0.9520738E+03  0.9144771E+02
  0.1408000000000E+02  0.7851104E+01  0.2696425E-06  0.5027341E+01 -0.1877257E+00  0.3744657E-07  0.6976127E+00  0.3356895E+02  0.1642213E+00  0.9520648E+03  0.9144208E+02
  0.1408800000000E+02  0.7851104E+01  0.2689168E-06  0.5027435E+01 -0.1877257E+00  0.3728602E-07  0.6964718E+00  0.3357485E+02  0.1642213E+00  0.9520558E+03  0.9143647E+02
  0.1409600000000E+02  0.7851104E+01  0.2681280E-06  0.5027456E+01 -0.1877257E+00  0.3711313E-07  0.6952475E+00  0.3358074E+02  0.1642213E+00  0.9520468E+03  0.9143087E+02
  0.1410400000000E+02  0.7851104E+01  0.2672792E-06  0.5027408E+01 -0.1877257E+00  0.3692849E-07  0.6939424E+00  0.3358661E+02  0.1642213E+00  0.9520378E+03  0.9142527E+02
  0.1411200000000E+02  0.7851104E+01  0.2663749E-06  0.5027296E+01 -0.1877257E+00  0.3673288E-07  0.6925596E+00  0.3359246E+02  0.1642213E+00  0.9520288E+03  0.9141968E+02
  0.1412000000000E+02  0.7851104E+01  0.2654201E-06  0.5027126E+01 -0.1877257E+00  0.3652724E-07  0.6911028E+00  0.3359830E+02  0.1642213E+00  0.9520198E+03  0.9141410E+02
  0.1412800000000E+02  0.7851104E+01  0.2644211E-06  0.5026905E+01 -0.1877257E+00  0.3631267E-07  0.6895760E+00  0.3360413E+02  0.1642213E+00  0.9520108E+03  0.9140854E+02
  0.1413600000000E+02  0.7851104E+01  0.2633850E-06  0.5026641E+01 -0.1877257E+00  0.3609036E-07  0.6879836E+00  0.3360994E+02  0.1642213E+00  0.9520018E+03  0.9140297E+02
  0.1414400000000E+02  0.7851104E+01  0.2623193E-06  0.5026343E+01 -0.1877257E+00  0.3586160E-07  0.6863301E+00  0.3361574E+02  0.1642214E+00  0.9519928E+03  0.9139742E+02
  0.1415200000000E+02  0.7851104E+01  0.2612319E-06  0.5026020E+01 -0.1877257E+00  0.3562771E-07  0.6846204E+00  0.3362151E+02  0.1642214E+00  0.9519838E+03  0.9139188E+02
  0.1416000000000E+02  0.7851104E+01  0.2601310E-06  0.5025681E+01 -0.1877257E+00  0.3539003E-07  0.6828593E+00  0.3362727E+02  0.1642214E+00  0.9519748E+03  0.9138634E+02
  0.1416800000000E+02  0.7851104E+01  0.2590247E-06  0.5025337E+01 -0.1877257E+00  0.3514990E-07  0.6810515E+00  0.3363301E+02  0.1642214E+00  0.9519658E+03  0.9138082E+02
  0.1417600000000E+02  0.7851104E+01  0.2579210E-06  0.5024996E+01 -0.1877257E+00  0.3490861E-07  0.6792020E+00  0.3363873E+02  0.1642214E+00  0.9519568E+03  0.9137530E+02
  0.1418400000000E+02  0.7851104E+01  0.2568275E-06  0.5024668E+01 -0.1877257E+00  0.3466740E-07  0.6773154E+00  0.3364444E+02  0.1642214E+00  0.9519478E+03  0.9136979E+02
  0.1419200000000E+02  0.7851104E+01  0.2557515E-06  0.5024363E+01 -0.1877257E+00  0.3442743E-07  0.6753964E+00  0.3365014E+02  0.1642214E+00  0.9519389E+03  0.9136429E+02
  0.1420000000000E+02  0.7851104E+01  0.2546998E-06  0.5024090E+01 -0.1877257E+00  0.3418980E-07  0.6734495E+00  0.3365582E+02  0.1642214E+00  0.9519299E+03  0.9135879E+02
  0.1420800000000E+02  0.7851104E+01  0.2536786E-06  0.5023856E+01 -0.1877257E+00  0.3395549E-07  0.6714792E+00  0.3366150E+02  0.1642214E+00  0.9519209E+03  0.9135331E+02
  0.1421600000000E+02  0.7851104E+01  0.2526934E-06  0.5023669E+01 -0.1877257E+00  0.3372541E-07  0.6694897E+00  0.3366717E+02  0.1642214E+00  0.9519119E+03  0.9134783E+02
  0.1422400000000E+02  0.7851104E+01  0.2517492E-06  0.5023536E+01 -0.1877257E+00  0.3350035E-07  0.6674854E+00  0.3367284E+02  0.1642214E+00  0.9519029E+03  0.9134237E+02
  0.1423200000000E+02  0.7851104E+01  0.2508502E-06  0.5023462E+01 -0.1877257E+00  0.3328101E-07  0.6654701E+00  0.3367851E+02  0.1642214E+00  0.9518939E+03  0.9133691E+02
  0.1424000000000E+02  0.7851104E+01  0.2499999E-06  0.5023452E+01 -0.1877257E+00  0.3306797E-07  0.6634477E+00  0.3368418E+02  0.1642214E+00  0.9518849E+03  0.9133145E+02
  0.1424800000000E+02  0.7851104E+01  0.2492010E-06  0.5023509E+01 -0.1877257E+00  0.3286168E-07  0.6614220E+00  0.3368985E+02  0.1642214E+00  0.9518759E+03  0.9132601E+02
  0.1425600000000E+02  0.7851104E+01  0.2484552E-06  0.5023635E+01 -0.1877257E+00  0.3266253E-07  0.6593965E+00  0.3369552E+02  0.1642214E+00  0.9518669E+03  0.9132058E+02
  0.1426400000000E+02  0.7851104E+01  0.2477638E-06  0.5023831E+01 -0.1877257E+00  0.3247073E-07  0.6573744E+00  0.3370119E+02  0.1642214E+00  0.9518580E+03  0.9131515E+02
  0.1427200000000E+02  0.7851104E+01  0.2471269E-06  0.5024098E+01 -0.1877257E+00  0.3228643E-07  0.6553588E+00  0.3370686E+02  0.1642214E+00  0.9518490E+03  0.9130973E+02
  0.1428000000000E+02  0.7851104E+01  0.2465440E-06  0.5024433E+01 -0.1877257E+00  0.3210963E-07  0.6533524E+00  0.3371253E+02  0.1642214E+00  0.9518400E+03  0.9130432E+02
  0.1428800000000E+02  0.7851104E+01  0.2460138E-06  0.5024834E+01 -0.1877257E+00  0.3194025E-07  0.6513577E+00  0.3371819E+02  0.1642214E+00  0.9518310E+03  0.9129892E+02
  0.1429600000000E+02  0.7851104E+01  0.2455344E-06  0.5025299E+01 -0.1877257E+00  0.3177810E-07  0.6493769E+00  0.3372384E+02  0.1642214E+00  0.9518220E+03  0.9129353E+02
  0.1430400000000E+02  0.7851104E+01  0.2451030E-06  0.5025823E+01 -0.1877257E+00  0.3162290E-07  0.6474118E+00  0.3372949E+02  0.1642214E+00  0.9518130E+03  0.9128814E+02
  0.1431200000000E+02  0.7851104E+01  0.2447167E-06  0.5026402E+01 -0.1877257E+00  0.3147430E-07  0.6454638E+00  0.3373513E+02  0.1642214E+00  0.9518040E+03  0.9128277E+02
  0.1432000000000E+02  0.7851104E+01  0.2443716E-06  0.5027031E+01 -0.1877257E+00  0.3133187E-07  0.6435343E+00  0.3374075E+02  0.1642214E+00  0.9517951E+03  0.9127740E+02
  0.1432800000000E+02  0.7851104E+01  0.2440638E-06  0.5027702E+01 -0.1877257E+00  0.3119514E-07  0.6416241E+00  0.3374637E+02  0.1642214E+00  0.9517861E+03  0.9127204E+02
  0.1433600000000E+02  0.7851104E+01  0.2437890E-06  0.5028412E+01 -0.1877257E+00  0.3106359E-07  0.6397339E+00  0.3375198E+02  0.1642214E+00  0.9517771E+03  0.9126668E+02
  0.1434400000000E+02  0.7851104E+01  0.2435426E-06  0.5029152E+01 -0.1877257E+00  0.3093665E-07  0.6378641E+00  0.3375758E+02  0.1642214E+00  0.9517681E+03  0.9126134E+02
  0.1435200000000E+02  0.7851104E+01  0.2433198E-06  0.5029917E+01 -0.1877257E+00  0.3081375E-07  0.6360148E+00  0.3376316E+02  0.1642214E+00  0.9517591E+03  0.9125600E+02
  0.1436000000000E+02  0.7851104E+01  0.2431157E-06  0.5030699E+01 -0.1877257E+00  0.3069429E-07  0.6341863E+00  0.3376874E+02  0.1642214E+00  0.9517502E+03  0.9125067E+02
  0.1436800000000E+02  0.7851104E+01  0.2429252E-06  0.5031492E+01 -0.1877257E+00  0.3057764E-07  0.6323785E+00  0.3377430E+02  0.1642214E+00  0.9517412E+03  0.9124535E+02
  0.1437600000000E+02  0.7851104E+01  0.2427432E-06  0.5032288E+01 -0.1877257E+00  0.3046318E-07  0.6305911E+00  0.3377985E+02  0.1642214E+00  0.9517322E+03  0.9124004E+02
  0.1438400000000E+02  0.7851104E+01  0.2425645E-06  0.5033080E+01 -0.1877257E+00  0.3035029E-07  0.6288242E+00  0.3378540E+02  0.1642214E+00  0.9517232E+03  0.9123473E+02
  0.1439200000000E+02  0.7851104E+01  0.2423836E-06  0.5033861E+01 -0.1877257E+00  0.3023831E-07  0.6270774E+00  0.3379093E+02  0.1642214E+00  0.9517142E+03  0.9122944E+02
  0.1440000000000E+02  0.7851104E+01  0.2421952E-06  0.5034622E+01 -0.1877257E+00  0.3012662E-07  0.6253506E+00  0.3379645E+02  0.1642214E+00  0.9517053E+03  0.9122415E+02
  0.1440800000000E+02  0.7851104E+01  0.2419938E-06  0.5035356E+01 -0.1877257E+00  0.3001456E-07  0.6236437E+00  0.3380197E+02  0.1642214E+00  0.9516963E+03  0.9121887E+02
  0.1441600000000E+02  0.7851104E+01  0.2417737E-06  0.5036055E+01 -0.1877257E+00  0.2990150E-07  0.6219563E+00  0.3380747E+02  0.1642214E+00  0.9516873E+03  0.9121359E+02
  0.1442400000000E+02  0.7851104E+01  0.2415295E-06  0.5036712E+01 -0.1877257E+00  0.2978681E-07  0.6202883E+00  0.3381296E+02  0.1642214E+00  0.9516783E+03  0.9120833E+02
  0.1443200000000E+02  0.7851104E+01  0.2412556E-06  0.5037318E+01 -0.1877257E+00  0.2966986E-07  0.6186396E+00  0.3381844E+02  0.1642214E+00  0.9516694E+03  0.9120307E+02
  0.1444000000000E+02  0.7851104E+01  0.2409465E-06  0.5037865E+01 -0.1877257E+00  0.2955005E-07  0.6170100E+00  0.3382391E+02  0.1642214E+00  0.9516604E+03  0.9119782E+02
  0.1444800000000E+02  0.7851104E+01  0.2405970E-06  0.5038347E+01 -0.1877257E+00  0.2942679E-07  0.6153992E+00  0.3382938E+02  0.1642214E+00  0.9516514E+03  0.9119258E+02
  0.1445600000000E+02  0.7851104E+01  0.2402019E-06  0.5038756E+01 -0.1877257E+00  0.2929952E-07  0.6138071E+00  0.3383483E+02  0.1642214E+00  0.9516424E+03  0.9118734E+02
  0.1446400000000E+02  0.7851104E+01  0.2397563E-06  0.5039084E+01 -0.1877256E+00  0.2916772E-07  0.6122336E+00  0.3384027E+02  0.1642214E+00  0.9516335E+03  0.9118211E+02
  0.1447200000000E+02  0.7851104E+01  0.2392557E-06  0.5039325E+01 -0.1877256E+00  0.2903088E-07  0.6106783E+00  0.3384570E+02  0.1642214E+00  0.9516245E+03  0.9117690E+02
  0.1448000000000E+02  0.7851104E+01  0.2386957E-06  0.5039472E+01 -0.1877256E+00  0.2888857E-07  0.6091411E+00  0.3385113E+02  0.1642214E+00  0.9516155E+03  0.9117168E+02
  0.1448800000000E+02  0.7851104E+01  0.2380723E-06  0.5039520E+01 -0.1877256E+00  0.2874036E-07  0.6076217E+00  0.3385654E+02  0.1642214E+00  0.9516065E+03  0.9116648E+02
  0.1449600000000E+02  0.7851104E+01  0.2373820E-06  0.5039462E+01 -0.1877256E+00  0.2858590E-07  0.6061202E+00  0.3386194E+02  0.1642215E+00  0.9515976E+03  0.9116128E+02
  0.1450400000000E+02  0.7851104E+01  0.2366216E-06  0.5039294E+01 -0.1877256E+00  0.2842488E-07  0.6046363E+00  0.3386733E+02  0.1642215E+00  0.9515886E+03  0.9115610E+02
  0.1451200000000E+02  0.7851104E+01  0.2357885E-06  0.5039012E+01 -0.1877256E+00  0.2825703E-07  0.6031699E+00  0.3387272E+02  0.1642215E+00  0.9515796E+03  0.9115091E+02
  0.1452000000000E+02  0.7851104E+01  0.2348804E-06  0.5038610E+01 -0.1877256E+00  0.2808217E-07  0.6017212E+00  0.3387809E+02  0.1642215E+00  0.9515707E+03  0.9114574E+02
  0.1452800000000E+02  0.7851104E+01  0.2338956E-06  0.5038086E+01 -0.1877256E+00  0.2790015E-07  0.6002902E+00  0.3388346E+02  0.1642215E+00  0.9515617E+03  0.9114058E+02
  0.1453600000000E+02  0.7851104E+01  0.2328329E-06  0.5037436E+01 -0.1877256E+00  0.2771090E-07  0.5988770E+00  0.3388882E+02  0.1642215E+00  0.9515527E+03  0.9113542E+02
  0.1454400000000E+02  0.7851104E+01  0.2316920E-06  0.5036660E+01 -0.1877256E+00  0.2751442E-07  0.5974818E+00  0.3389417E+02  0.1642215E+00  0.9515438E+03  0.9113027E+02
  0.1455200000000E+02  0.7851104E+01  0.2304730E-06  0.5035755E+01 -0.1877256E+00  0.2731079E-07  0.5961049E+00  0.3389952E+02  0.1642215E+00  0.9515348E+03  0.9112512E+02
  0.1456000000000E+02  0.7851104E+01  0.2291767E-06  0.5034723E+01 -0.1877256E+00  0.2710015E-07  0.5947467E+00  0.3390486E+02  0.1642215E+00  0.9515258E+03  0.9111999E+02
  0.1456800000000E+02  0.7851104E+01  0.2278048E-06  0.5033562E+01 -0.1877256E+00  0.2688276E-07  0.5934074E+00  0.3391019E+02  0.1642215E+00  0.9515168E+03  0.9111486E+02
  0.1457600000000E+02  0.7851104E+01  0.2263596E-06  0.5032277E+01 -0.1877256E+00  0.2665891E-07  0.5920876E+00  0.3391551E+02  0.1642215E+00  0.9515079E+03  0.9110974E+02
  0.1458400000000E+02  0.7851104E+01  0.2248444E-06  0.5030869E+01 -0.1877256E+00  0.2642901E-07  0.5907874E+00  0.3392083E+02  0.1642215E+00  0.9514989E+03  0.9110463E+02
  0.1459200000000E+02  0.7851104E+01  0.2232632E-06  0.5029343E+01 -0.1877256E+00  0.2619355E-07  0.5895075E+00  0.3392615E+02  0.1642215E+00  0.9514900E+03  0.9109952E+02
  0.1460000000000E+02  0.7851104E+01  0.2216206E-06  0.5027704E+01 -0.1877256E+00  0.2595306E-07  0.5882480E+00  0.3393146E+02  0.1642215E+00  0.9514810E+03  0.9109442E+02
  0.1460800000000E+02  0.7851104E+01  0.2199220E-06  0.5025959E+01 -0.1877256E+00  0.2570818E-07  0.5870094E+00  0.3393676E+02  0.1642215E+00  0.9514720E+03  0.9108933E+02
  0.1461600000000E+02  0.7851104E+01  0.2181734E-06  0.5024115E+01 -0.1877256E+00  0.2545956E-07  0.5857921E+00  0.3394205E+02  0.1642215E+00  0.9514631E+03  0.9108425E+02
  0.1462400000000E+02  0.7851104E+01  0.2163810E-06  0.5022179E+01 -0.1877256E+00  0.2520794E-07  0.5845964E+00  0.3394734E+02  0.1642215E+00  0.9514541E+03  0.9107917E+02
  0.1463200000000E+02  0.7851104E+01  0.2145516E-06  0.5020162E+01 -0.1877256E+00  0.2495405E-07  0.5834227E+00  0.3395263E+02  0.1642215E+00  0.9514451E+03  0.9107410E+02
  0.1464000000000E+02  0.7851104E+01  0.2126922E-06  0.5018072E+01 -0.1877256E+00  0.2469865E-07  0.5822714E+00  0.3395790E+02  0.1642215E+00  0.9514362E+03  0.9106904E+02
  0.1464800000000E+02  0.7851104E+01  0.2108098E-06  0.5015919E+01 -0.1877256E+00  0.2444252E-07  0.5811428E+00  0.3396317E+02  0.1642215E+00  0.9514272E+03  0.9106398E+02
  0.1465600000000E+02  0.7851104E+01  0.2089113E-06  0.5013713E+01 -0.1877256E+00  0.2418639E-07  0.5800374E+00  0.3396843E+02  0.1642215E+00  0.9514182E+03  0.9105894E+02
  0.1466400000000E+02  0.7851104E+01  0.2070034E-06  0.5011463E+01 -0.1877256E+00  0.2393100E-07  0.5789555E+00  0.3397369E+02  0.1642215E+00  0.9514093E+03  0.9105390E+02
  0.1467200000000E+02  0.7851104E+01  0.2050924E-06  0.5009179E+01 -0.1877256E+00  0.2367702E-07  0.5778977E+00  0.3397894E+02  0.1642215E+00  0.9514003E+03  0.9104886E+02
  0.1468000000000E+02  0.7851104E+01  0.2031844E-06  0.5006870E+01 -0.1877256E+00  0.2342510E-07  0.5768643E+00  0.3398418E+02  0.1642215E+00  0.9513914E+03  0.9104384E+02
  0.1468800000000E+02  0.7851104E+01  0.2012849E-06  0.5004544E+01 -0.1877256E+00  0.2317579E-07  0.5758557E+00  0.3398942E+02  0.1642215E+00  0.9513824E+03  0.9103882E+02
  0.1469600000000E+02  0.7851104E+01  0.1993986E-06  0.5002210E+01 -0.1877256E+00  0.2292962E-07  0.5748724E+00  0.3399464E+02  0.1642215E+00  0.9513734E+03  0.9103381E+02
  0.1470400000000E+02  0.7851104E+01  0.1975299E-06  0.4999873E+01 -0.1877256E+00  0.2268700E-07  0.5739147E+00  0.3399986E+02  0.1642215E+00  0.9513645E+03  0.9102880E+02
  0.1471200000000E+02  0.7851104E+01  0.1956824E-06  0.4997541E+01 -0.1877256E+00  0.2244832E-07  0.5729830E+00  0.3400507E+02  0.1642215E+00  0.9513555E+03  0.9102381E+02
  0.1472000000000E+02  0.7851104E+01  0.1938589E-06  0.4995218E+01 -0.1877256E+00  0.2221385E-07  0.5720773E+00  0.3401028E+02  0.1642215E+00  0.9513466E+03  0.9101882E+02
  0.1472800000000E+02  0.7851104E+01  0.1920618E-06  0.4992909E+01 -0.1877256E+00  0.2198381E-07  0.5711981E+00  0.3401547E+02  0.1642215E+00  0.9513376E+03  0.9101383E+02
  0.1473600000000E+02  0.7851104E+01  0.1902927E-06  0.4990616E+01 -0.1877256E+00  0.2175835E-07  0.5703454E+00  0.3402066E+02  0.1642215E+00  0.9513287E+03  0.9100886E+02
  0.1474400000000E+02  0.7851104E+01  0.1885526E-06  0.4988342E+01 -0.1877256E+00  0.2153753E-07  0.5695193E+00  0.3402584E+02  0.1642215E+00  0.9513197E+03  0.9100389E+02
  0.1475200000000E+02  0.7851104E+01  0.1868420E-06  0.4986089E+01 -0.1877256E+00  0.2132137E-07  0.5687200E+00  0.3403102E+02  0.1642215E+00  0.9513108E+03  0.9099893E+02
  0.1476000000000E+02  0.7851104E+01  0.1851607E-06  0.4983856E+01 -0.1877256E+00  0.2110983E-07  0.5679475E+00  0.3403618E+02  0.1642215E+00  0.9513018E+03  0.9099397E+02
  0.1476800000000E+02  0.7851104E+01  0.1835082E-06  0.4981643E+01 -0.1877256E+00  0.2090282E-07  0.5672020E+00  0.3404134E+02  0.1642215E+00  0.9512928E+03  0.9098902E+02
  0.1477600000000E+02  0.7851104E+01  0.1818836E-06  0.4979449E+01 -0.1877256E+00  0.2070019E-07  0.5664835E+00  0.3404649E+02  0.1642215E+00  0.9512839E+03  0.9098408E+02
  0.1478400000000E+02  0.7851104E+01  0.1802854E-06  0.4977272E+01 -0.1877256E+00  0.2050177E-07  0.5657922E+00  0.3405163E+02  0.1642215E+00  0.9512749E+03  0.9097915E+02
  0.1479200000000E+02  0.7851104E+01  0.1787120E-06  0.4975109E+01 -0.1877256E+00  0.2030737E-07  0.5651282E+00  0.3405677E+02  0.1642215E+00  0.9512660E+03  0.9097422E+02
  0.1480000000000E+02  0.7851104E+01  0.1771616E-06  0.4972958E+01 -0.1877256E+00  0.2011677E-07  0.5644919E+00  0.3406190E+02  0.1642215E+00  0.9512570E+03  0.9096930E+02
  0.1480800000000E+02  0.7851104E+01  0.1756324E-06  0.4970815E+01 -0.1877256E+00  0.1992976E-07  0.5638836E+00  0.3406702E+02  0.1642215E+00  0.9512481E+03  0.9096439E+02
  0.1481600000000E+02  0.7851104E+01  0.1741225E-06  0.4968678E+01 -0.1877256E+00  0.1974610E-07  0.5633037E+00  0.3407213E+02  0.1642215E+00  0.9512391E+03  0.9095948E+02
  0.1482400000000E+02  0.7851104E+01  0.1726300E-06  0.4966542E+01 -0.1877256E+00  0.1956560E-07  0.5627525E+00  0.3407724E+02  0.1642215E+00  0.9512302E+03  0.9095459E+02
  0.1483200000000E+02  0.7851104E+01  0.1711532E-06  0.4964407E+01 -0.1877256E+00  0.1938807E-07  0.5622306E+00  0.3408233E+02  0.1642215E+00  0.9512212E+03  0.9094969E+02
  0.1484000000000E+02  0.7851104E+01  0.1696907E-06  0.4962268E+01 -0.1877256E+00  0.1921334E-07  0.5617386E+00  0.3408742E+02  0.1642215E+00  0.9512123E+03  0.9094481E+02
  0.1484800000000E+02  0.7851104E+01  0.1682413E-06  0.4960125E+01 -0.1877256E+00  0.1904127E-07  0.5612768E+00  0.3409251E+02  0.1642215E+00  0.9512033E+03  0.9093993E+02
  0.1485600000000E+02  0.7851104E+01  0.1668040E-06  0.4957975E+01 -0.1877256E+00  0.1887175E-07  0.5608460E+00  0.3409758E+02  0.1642215E+00  0.9511944E+03  0.9093506E+02
  0.1486400000000E+02  0.7851104E+01  0.1653782E-06  0.4955818E+01 -0.1877256E+00  0.1870471E-07  0.5604465E+00  0.3410265E+02  0.1642215E+00  0.9511854E+03  0.9093019E+02
  0.1487200000000E+02  0.7851104E+01  0.1639636E-06  0.4953653E+01 -0.1877256E+00  0.1854011E-07  0.5600790E+00  0.3410771E+02  0.1642215E+00  0.9511765E+03  0.9092533E+02
  0.1488000000000E+02  0.7851104E+01  0.1625601E-06  0.4951481E+01 -0.1877256E+00  0.1837792E-07  0.5597437E+00  0.3411276E+02  0.1642215E+00  0.9511675E+03  0.9092048E+02
  0.1488800000000E+02  0.7851104E+01  0.1611680E-06  0.4949303E+01 -0.1877256E+00  0.1821816E-07  0.5594411E+00  0.3411780E+02  0.1642215E+00  0.9511586E+03  0.9091564E+02
  0.1489600000000E+02  0.7851104E+01  0.1597876E-06  0.4947120E+01 -0.1877256E+00  0.1806085E-07  0.5591716E+00  0.3412283E+02  0.1642215E+00  0.9511496E+03  0.9091080E+02
  0.1490400000000E+02  0.7851104E+01  0.1584197E-06  0.4944933E+01 -0.1877256E+00  0.1790603E-07  0.5589353E+00  0.3412786E+02  0.1642215E+00  0.9511407E+03  0.9090597E+02
  0.1491200000000E+02  0.7851104E+01  0.1570649E-06  0.4942745E+01 -0.1877256E+00  0.1775379E-07  0.5587326E+00  0.3413287E+02  0.1642215E+00  0.9511318E+03  0.9090115E+02
  0.1492000000000E+02  0.7851104E+01  0.1557241E-06  0.4940558E+01 -0.1877256E+00  0.1760417E-07  0.5585633E+00  0.3413788E+02  0.1642215E+00  0.9511228E+03  0.9089633E+02
  0.1492800000000E+02  0.7851104E+01  0.1543984E-06  0.4938375E+01 -0.1877256E+00  0.1745726E-07  0.5584277E+00  0.3414288E+02  0.1642215E+00  0.9511139E+03  0.9089152E+02
  0.1493600000000E+02  0.7851104E+01  0.1530887E-06  0.4936197E+01 -0.1877256E+00  0.1731313E-07  0.5583255E+00  0.3414787E+02  0.1642215E+00  0.9511049E+03  0.9088671E+02
  0.1494400000000E+02  0.7851104E+01  0.1517960E-06  0.4934030E+01 -0.1877256E+00  0.1717188E-07  0.5582567E+00  0.3415285E+02  0.1642216E+00  0.9510960E+03  0.9088191E+02
  0.1495200000000E+02  0.7851104E+01  0.1505216E-06  0.4931874E+01 -0.1877256E+00  0.1703358E-07  0.5582208E+00  0.3415782E+02  0.1642216E+00  0.9510870E+03  0.9087712E+02
  0.1496000000000E+02  0.7851104E+01  0.1492666E-06  0.4929735E+01 -0.1877256E+00  0.1689833E-07  0.5582175E+00  0.3416278E+02  0.1642216E+00  0.9510781E+03  0.9087234E+02
  0.1496800000000E+02  0.7851104E+01  0.1480321E-06  0.4927615E+01 -0.1877256E+00  0.1676619E-07  0.5582461E+00  0.3416773E+02  0.1642216E+00  0.9510692E+03  0.9086756E+02
  0.1497600000000E+02  0.7851104E+01  0.1468192E-06  0.4925518E+01 -0.1877256E+00  0.1663727E-07  0.5583060E+00  0.3417267E+02  0.1642216E+00  0.9510602E+03  0.9086279E+02
  0.1498400000000E+02  0.7851104E+01  0.1456293E-06  0.4923449E+01 -0.1877256E+00  0.1651164E-07  0.5583962E+00  0.3417760E+02  0.1642216E+00  0.9510513E+03  0.9085802E+02
  0.1499200000000E+02  0.7851104E+01  0.1444634E-06  0.4921410E+01 -0.1877256E+00  0.1638938E-07  0.5585160E+00  0.3418252E+02  0.1642216E+00  0.9510423E+03  0.9085327E+02
  0.1500000000000E+02  0.7851104E+01  0.1433229E-06  0.4919406E+01 -0.1877256E+00  0.1627058E-07  0.5586642E+00  0.3418743E+02  0.1642216E+00  0.9510334E+03  0.9084851E+02
