#This is the file header
#Problem=TPV34
#Author=D.Liu
#Date=2016/01/30
#code = EQdyna3d
#code_version=3.2.3
#element_size = 50m x 50m on fault
# time_step =  0.0040  s
# num_time_steps =  5000
# Time series in 8 columns in format e15.7
# Column #1 = Time (s)
# Column #2 = horizontal slip (m)
# Column #3 = horizontal slip rate (m/s)
# Column #4 = horizontal shear stress (MPa)
# Column #5 = down-dip slip (m)
# Column #6 = down-dip slip rate (m/s)
# Column #7 = down-dip shear stress (MPa)
# Column #8 = normal stress (MPa)
# The line below lists the names of the data fields:
 t h-slip h-slip-rate h-shear-stress v-slip v-slip-rate v-shear-stress n-stress
#
     0.00400   0.0000000E+0000   0.0000000E+0000   0.4075020E+0001   0.0000000E+0000   0.0000000E+0000   0.0000000E+0000  -0.8150041E+0001
     0.00800   0.0000000E+0000   0.0000000E+0000   0.4075020E+0001   0.0000000E+0000   0.0000000E+0000   0.0000000E+0000  -0.8150041E+0001
     0.01200   0.0000000E+0000   0.0000000E+0000   0.4075020E+0001   0.0000000E+0000   0.0000000E+0000   0.0000000E+0000  -0.8150041E+0001
     0.01600   0.0000000E+0000   0.0000000E+0000   0.4075020E+0001   0.0000000E+0000   0.0000000E+0000   0.0000000E+0000  -0.8150041E+0001
     0.02000   0.0000000E+0000   0.0000000E+0000   0.4075020E+0001   0.0000000E+0000   0.0000000E+0000   0.0000000E+0000  -0.8150041E+0001
     0.02400   0.0000000E+0000   0.0000000E+0000   0.4075020E+0001   0.0000000E+0000   0.0000000E+0000   0.0000000E+0000  -0.8150041E+0001
     0.02800   0.0000000E+0000   0.0000000E+0000   0.4075020E+0001   0.0000000E+0000   0.0000000E+0000   0.0000000E+0000  -0.8150041E+0001
     0.03200   0.0000000E+0000   0.0000000E+0000   0.4075020E+0001   0.0000000E+0000   0.0000000E+0000   0.0000000E+0000  -0.8150041E+0001
     0.03600   0.0000000E+0000   0.0000000E+0000   0.4075020E+0001   0.0000000E+0000   0.0000000E+0000   0.0000000E+0000  -0.8150041E+0001
     0.04000   0.0000000E+0000   0.0000000E+0000   0.4075020E+0001   0.0000000E+0000   0.0000000E+0000   0.0000000E+0000  -0.8150041E+0001
     0.04400   0.0000000E+0000   0.0000000E+0000   0.4075020E+0001   0.0000000E+0000   0.0000000E+0000   0.0000000E+0000  -0.8150041E+0001
     0.04800   0.0000000E+0000   0.0000000E+0000   0.4075020E+0001   0.0000000E+0000   0.0000000E+0000   0.0000000E+0000  -0.8150041E+0001
     0.05200   0.0000000E+0000   0.0000000E+0000   0.4075020E+0001   0.0000000E+0000   0.0000000E+0000   0.0000000E+0000  -0.8150041E+0001
     0.05600   0.0000000E+0000   0.0000000E+0000   0.4075020E+0001   0.0000000E+0000   0.0000000E+0000   0.0000000E+0000  -0.8150041E+0001
     0.06000   0.0000000E+0000   0.0000000E+0000   0.4075020E+0001   0.0000000E+0000   0.0000000E+0000   0.0000000E+0000  -0.8150041E+0001
     0.06400   0.0000000E+0000   0.0000000E+0000   0.4075020E+0001   0.0000000E+0000   0.0000000E+0000   0.0000000E+0000  -0.8150041E+0001
     0.06800   0.0000000E+0000   0.0000000E+0000   0.4075020E+0001   0.0000000E+0000   0.0000000E+0000   0.0000000E+0000  -0.8150041E+0001
     0.07200   0.0000000E+0000   0.0000000E+0000   0.4075020E+0001   0.0000000E+0000   0.0000000E+0000   0.0000000E+0000  -0.8150041E+0001
     0.07600   0.0000000E+0000   0.0000000E+0000   0.4075020E+0001   0.0000000E+0000   0.0000000E+0000   0.0000000E+0000  -0.8150041E+0001
     0.08000   0.0000000E+0000   0.0000000E+0000   0.4075020E+0001   0.0000000E+0000   0.0000000E+0000   0.0000000E+0000  -0.8150041E+0001
     0.08400   0.0000000E+0000   0.0000000E+0000   0.4075020E+0001   0.0000000E+0000   0.0000000E+0000   0.0000000E+0000  -0.8150041E+0001
     0.08800   0.0000000E+0000   0.0000000E+0000   0.4075020E+0001   0.0000000E+0000   0.0000000E+0000   0.0000000E+0000  -0.8150041E+0001
     0.09200   0.0000000E+0000   0.0000000E+0000   0.4075020E+0001   0.0000000E+0000   0.0000000E+0000   0.0000000E+0000  -0.8150041E+0001
     0.09600   0.0000000E+0000   0.0000000E+0000   0.4075020E+0001   0.0000000E+0000   0.0000000E+0000   0.0000000E+0000  -0.8150041E+0001
     0.10000   0.0000000E+0000   0.0000000E+0000   0.4075020E+0001   0.0000000E+0000   0.0000000E+0000   0.0000000E+0000  -0.8150041E+0001
     0.10400   0.0000000E+0000   0.0000000E+0000   0.4075020E+0001   0.0000000E+0000   0.0000000E+0000   0.0000000E+0000  -0.8150041E+0001
     0.10800   0.0000000E+0000   0.0000000E+0000   0.4075020E+0001   0.0000000E+0000   0.0000000E+0000   0.0000000E+0000  -0.8150041E+0001
     0.11200   0.0000000E+0000   0.0000000E+0000   0.4075020E+0001   0.0000000E+0000   0.0000000E+0000   0.0000000E+0000  -0.8150041E+0001
     0.11600   0.0000000E+0000   0.0000000E+0000   0.4075020E+0001   0.0000000E+0000   0.0000000E+0000   0.0000000E+0000  -0.8150041E+0001
     0.12000   0.0000000E+0000   0.0000000E+0000   0.4075020E+0001   0.0000000E+0000   0.0000000E+0000   0.0000000E+0000  -0.8150041E+0001
     0.12400   0.0000000E+0000   0.0000000E+0000   0.4075020E+0001   0.0000000E+0000   0.0000000E+0000   0.0000000E+0000  -0.8150041E+0001
     0.12800   0.0000000E+0000   0.0000000E+0000   0.4075020E+0001   0.0000000E+0000   0.0000000E+0000   0.0000000E+0000  -0.8150041E+0001
     0.13200   0.0000000E+0000   0.0000000E+0000   0.4075020E+0001   0.0000000E+0000   0.0000000E+0000   0.0000000E+0000  -0.8150041E+0001
     0.13600   0.0000000E+0000   0.0000000E+0000   0.4075020E+0001   0.0000000E+0000   0.0000000E+0000   0.0000000E+0000  -0.8150041E+0001
     0.14000   0.0000000E+0000   0.0000000E+0000   0.4075020E+0001   0.0000000E+0000   0.0000000E+0000   0.0000000E+0000  -0.8150041E+0001
     0.14400   0.0000000E+0000   0.0000000E+0000   0.4075020E+0001   0.0000000E+0000   0.0000000E+0000   0.0000000E+0000  -0.8150041E+0001
     0.14800   0.0000000E+0000   0.0000000E+0000   0.4075020E+0001   0.0000000E+0000   0.0000000E+0000   0.0000000E+0000  -0.8150041E+0001
     0.15200   0.0000000E+0000   0.0000000E+0000   0.4075020E+0001   0.0000000E+0000   0.0000000E+0000   0.0000000E+0000  -0.8150041E+0001
     0.15600   0.0000000E+0000   0.0000000E+0000   0.4075020E+0001   0.0000000E+0000   0.0000000E+0000   0.0000000E+0000  -0.8150041E+0001
     0.16000   0.0000000E+0000   0.0000000E+0000   0.4075020E+0001   0.0000000E+0000   0.0000000E+0000   0.0000000E+0000  -0.8150041E+0001
     0.16400   0.0000000E+0000   0.0000000E+0000   0.4075020E+0001   0.0000000E+0000   0.0000000E+0000   0.0000000E+0000  -0.8150041E+0001
     0.16800   0.0000000E+0000   0.0000000E+0000   0.4075020E+0001   0.0000000E+0000   0.0000000E+0000   0.0000000E+0000  -0.8150041E+0001
     0.17200   0.0000000E+0000   0.0000000E+0000   0.4075020E+0001   0.0000000E+0000   0.0000000E+0000   0.0000000E+0000  -0.8150041E+0001
     0.17600   0.0000000E+0000   0.0000000E+0000   0.4075020E+0001   0.0000000E+0000   0.0000000E+0000   0.0000000E+0000  -0.8150041E+0001
     0.18000   0.0000000E+0000   0.0000000E+0000   0.4075020E+0001   0.0000000E+0000   0.0000000E+0000   0.0000000E+0000  -0.8150041E+0001
     0.18400   0.0000000E+0000   0.0000000E+0000   0.4075020E+0001   0.0000000E+0000   0.0000000E+0000   0.0000000E+0000  -0.8150041E+0001
     0.18800   0.0000000E+0000   0.0000000E+0000   0.4075020E+0001   0.0000000E+0000   0.0000000E+0000   0.0000000E+0000  -0.8150041E+0001
     0.19200   0.0000000E+0000   0.0000000E+0000   0.4075020E+0001   0.0000000E+0000   0.0000000E+0000   0.0000000E+0000  -0.8150041E+0001
     0.19600   0.0000000E+0000   0.0000000E+0000   0.4075020E+0001   0.0000000E+0000   0.0000000E+0000   0.0000000E+0000  -0.8150041E+0001
     0.20000   0.0000000E+0000   0.0000000E+0000   0.4075020E+0001   0.0000000E+0000   0.0000000E+0000   0.0000000E+0000  -0.8150041E+0001
     0.20400   0.0000000E+0000   0.0000000E+0000   0.4075020E+0001   0.0000000E+0000   0.0000000E+0000   0.0000000E+0000  -0.8150041E+0001
     0.20800   0.0000000E+0000   0.0000000E+0000   0.4075020E+0001   0.0000000E+0000   0.0000000E+0000   0.0000000E+0000  -0.8150041E+0001
     0.21200   0.0000000E+0000   0.0000000E+0000   0.4075020E+0001   0.0000000E+0000   0.0000000E+0000   0.0000000E+0000  -0.8150041E+0001
     0.21600   0.0000000E+0000   0.0000000E+0000   0.4075020E+0001   0.0000000E+0000   0.0000000E+0000   0.0000000E+0000  -0.8150041E+0001
     0.22000   0.0000000E+0000   0.0000000E+0000   0.4075020E+0001   0.0000000E+0000   0.0000000E+0000   0.0000000E+0000  -0.8150041E+0001
     0.22400   0.0000000E+0000   0.0000000E+0000   0.4075020E+0001   0.0000000E+0000   0.0000000E+0000   0.0000000E+0000  -0.8150041E+0001
     0.22800   0.0000000E+0000   0.0000000E+0000   0.4075020E+0001   0.0000000E+0000   0.0000000E+0000   0.0000000E+0000  -0.8150041E+0001
     0.23200   0.0000000E+0000   0.0000000E+0000   0.4075020E+0001   0.0000000E+0000   0.0000000E+0000   0.0000000E+0000  -0.8150041E+0001
     0.23600   0.0000000E+0000   0.0000000E+0000   0.4075020E+0001   0.0000000E+0000   0.0000000E+0000   0.0000000E+0000  -0.8150041E+0001
     0.24000   0.0000000E+0000   0.0000000E+0000   0.4075020E+0001   0.0000000E+0000   0.0000000E+0000   0.0000000E+0000  -0.8150041E+0001
     0.24400   0.0000000E+0000   0.0000000E+0000   0.4075020E+0001   0.0000000E+0000   0.0000000E+0000   0.0000000E+0000  -0.8150041E+0001
     0.24800   0.0000000E+0000   0.0000000E+0000   0.4075020E+0001   0.0000000E+0000   0.0000000E+0000   0.0000000E+0000  -0.8150041E+0001
     0.25200   0.0000000E+0000   0.0000000E+0000   0.4075020E+0001   0.0000000E+0000   0.0000000E+0000   0.0000000E+0000  -0.8150041E+0001
     0.25600   0.0000000E+0000   0.0000000E+0000   0.4075020E+0001   0.0000000E+0000   0.0000000E+0000   0.0000000E+0000  -0.8150041E+0001
     0.26000   0.0000000E+0000   0.0000000E+0000   0.4075020E+0001   0.0000000E+0000   0.0000000E+0000   0.0000000E+0000  -0.8150041E+0001
     0.26400   0.0000000E+0000   0.0000000E+0000   0.4075020E+0001   0.0000000E+0000   0.0000000E+0000   0.0000000E+0000  -0.8150041E+0001
     0.26800   0.0000000E+0000   0.0000000E+0000   0.4075020E+0001   0.0000000E+0000   0.0000000E+0000   0.0000000E+0000  -0.8150041E+0001
     0.27200   0.0000000E+0000   0.0000000E+0000   0.4075020E+0001   0.0000000E+0000   0.0000000E+0000   0.0000000E+0000  -0.8150041E+0001
     0.27600   0.0000000E+0000   0.0000000E+0000   0.4075020E+0001   0.0000000E+0000   0.0000000E+0000   0.0000000E+0000  -0.8150041E+0001
     0.28000   0.0000000E+0000   0.0000000E+0000   0.4075020E+0001   0.0000000E+0000   0.0000000E+0000   0.0000000E+0000  -0.8150041E+0001
     0.28400   0.0000000E+0000   0.0000000E+0000   0.4075020E+0001   0.0000000E+0000   0.0000000E+0000   0.0000000E+0000  -0.8150041E+0001
     0.28800   0.0000000E+0000   0.0000000E+0000   0.4075020E+0001   0.0000000E+0000   0.0000000E+0000   0.0000000E+0000  -0.8150041E+0001
     0.29200   0.0000000E+0000   0.0000000E+0000   0.4075020E+0001   0.0000000E+0000   0.0000000E+0000   0.0000000E+0000  -0.8150041E+0001
     0.29600   0.0000000E+0000   0.0000000E+0000   0.4075020E+0001   0.0000000E+0000   0.0000000E+0000   0.0000000E+0000  -0.8150041E+0001
     0.30000   0.0000000E+0000   0.0000000E+0000   0.4075020E+0001   0.0000000E+0000   0.0000000E+0000   0.0000000E+0000  -0.8150041E+0001
     0.30400   0.0000000E+0000   0.0000000E+0000   0.4075020E+0001   0.0000000E+0000   0.0000000E+0000   0.0000000E+0000  -0.8150041E+0001
     0.30800   0.0000000E+0000   0.0000000E+0000   0.4075020E+0001   0.0000000E+0000   0.0000000E+0000   0.0000000E+0000  -0.8150041E+0001
     0.31200   0.0000000E+0000   0.0000000E+0000   0.4075020E+0001   0.0000000E+0000   0.0000000E+0000   0.0000000E+0000  -0.8150041E+0001
     0.31600   0.0000000E+0000   0.0000000E+0000   0.4075020E+0001   0.0000000E+0000   0.0000000E+0000   0.0000000E+0000  -0.8150041E+0001
     0.32000   0.0000000E+0000   0.0000000E+0000   0.4075020E+0001   0.0000000E+0000   0.0000000E+0000   0.0000000E+0000  -0.8150041E+0001
     0.32400   0.0000000E+0000   0.0000000E+0000   0.4075020E+0001   0.0000000E+0000   0.0000000E+0000   0.0000000E+0000  -0.8150041E+0001
     0.32800   0.0000000E+0000   0.0000000E+0000   0.4075020E+0001   0.0000000E+0000   0.0000000E+0000   0.0000000E+0000  -0.8150041E+0001
     0.33200   0.0000000E+0000   0.0000000E+0000   0.4075020E+0001   0.0000000E+0000   0.0000000E+0000   0.0000000E+0000  -0.8150041E+0001
     0.33600   0.0000000E+0000   0.0000000E+0000   0.4075020E+0001   0.0000000E+0000   0.0000000E+0000   0.0000000E+0000  -0.8150041E+0001
     0.34000   0.0000000E+0000   0.0000000E+0000   0.4075020E+0001   0.0000000E+0000   0.0000000E+0000   0.0000000E+0000  -0.8150041E+0001
     0.34400   0.0000000E+0000   0.0000000E+0000   0.4075020E+0001   0.0000000E+0000   0.0000000E+0000   0.0000000E+0000  -0.8150041E+0001
     0.34800   0.0000000E+0000   0.0000000E+0000   0.4075020E+0001   0.0000000E+0000   0.0000000E+0000   0.0000000E+0000  -0.8150041E+0001
     0.35200   0.0000000E+0000   0.0000000E+0000   0.4075020E+0001   0.0000000E+0000   0.0000000E+0000   0.0000000E+0000  -0.8150041E+0001
     0.35600   0.0000000E+0000   0.0000000E+0000   0.4075020E+0001   0.0000000E+0000   0.0000000E+0000   0.0000000E+0000  -0.8150041E+0001
     0.36000   0.0000000E+0000   0.0000000E+0000   0.4075020E+0001   0.0000000E+0000   0.0000000E+0000   0.0000000E+0000  -0.8150041E+0001
     0.36400   0.0000000E+0000   0.0000000E+0000   0.4075020E+0001   0.0000000E+0000   0.0000000E+0000   0.0000000E+0000  -0.8150041E+0001
     0.36800   0.0000000E+0000   0.0000000E+0000   0.4075020E+0001   0.0000000E+0000   0.0000000E+0000   0.0000000E+0000  -0.8150041E+0001
     0.37200   0.0000000E+0000   0.0000000E+0000   0.4075020E+0001   0.0000000E+0000   0.0000000E+0000   0.0000000E+0000  -0.8150041E+0001
     0.37600   0.0000000E+0000   0.0000000E+0000   0.4075020E+0001   0.0000000E+0000   0.0000000E+0000   0.0000000E+0000  -0.8150041E+0001
     0.38000   0.0000000E+0000   0.0000000E+0000   0.4075020E+0001   0.0000000E+0000   0.0000000E+0000   0.0000000E+0000  -0.8150041E+0001
     0.38400   0.0000000E+0000   0.0000000E+0000   0.4075020E+0001   0.0000000E+0000   0.0000000E+0000   0.0000000E+0000  -0.8150041E+0001
     0.38800   0.0000000E+0000   0.0000000E+0000   0.4075020E+0001   0.0000000E+0000   0.0000000E+0000   0.0000000E+0000  -0.8150041E+0001
     0.39200   0.0000000E+0000   0.0000000E+0000   0.4075020E+0001   0.0000000E+0000   0.0000000E+0000   0.0000000E+0000  -0.8150041E+0001
     0.39600   0.0000000E+0000   0.0000000E+0000   0.4075020E+0001   0.0000000E+0000   0.0000000E+0000   0.0000000E+0000  -0.8150041E+0001
     0.40000   0.0000000E+0000   0.0000000E+0000   0.4075020E+0001   0.0000000E+0000   0.0000000E+0000   0.0000000E+0000  -0.8150041E+0001
     0.40400   0.0000000E+0000   0.0000000E+0000   0.4075020E+0001   0.0000000E+0000   0.0000000E+0000   0.0000000E+0000  -0.8150041E+0001
     0.40800   0.0000000E+0000   0.0000000E+0000   0.4075020E+0001   0.0000000E+0000   0.0000000E+0000  -0.1199601E-0097  -0.8150041E+0001
     0.41200   0.0000000E+0000   0.0000000E+0000   0.4075020E+0001   0.0000000E+0000   0.0000000E+0000  -0.1998452E-0095  -0.8150041E+0001
     0.41600   0.0000000E+0000   0.0000000E+0000   0.4075020E+0001   0.0000000E+0000   0.0000000E+0000  -0.1670115E-0093  -0.8150041E+0001
     0.42000   0.0000000E+0000   0.0000000E+0000   0.4075020E+0001   0.0000000E+0000   0.0000000E+0000  -0.9334642E-0092  -0.8150041E+0001
     0.42400   0.0000000E+0000   0.0000000E+0000   0.4075020E+0001   0.0000000E+0000   0.0000000E+0000  -0.3925850E-0090  -0.8150041E+0001
     0.42800   0.0000000E+0000   0.0000000E+0000   0.4075020E+0001   0.0000000E+0000   0.0000000E+0000  -0.1325372E-0088  -0.8150041E+0001
     0.43200   0.0000000E+0000   0.0000000E+0000   0.4075020E+0001   0.0000000E+0000   0.0000000E+0000  -0.3741894E-0087  -0.8150041E+0001
     0.43600   0.0000000E+0000   0.0000000E+0000   0.4075020E+0001   0.0000000E+0000   0.0000000E+0000  -0.9088057E-0086  -0.8150041E+0001
     0.44000   0.0000000E+0000   0.0000000E+0000   0.4075020E+0001   0.0000000E+0000   0.0000000E+0000  -0.1938472E-0084  -0.8150041E+0001
     0.44400   0.0000000E+0000   0.0000000E+0000   0.4075020E+0001   0.0000000E+0000   0.0000000E+0000  -0.3689025E-0083  -0.8150041E+0001
     0.44800   0.0000000E+0000   0.0000000E+0000   0.4075020E+0001   0.0000000E+0000   0.0000000E+0000  -0.6341973E-0082  -0.8150041E+0001
     0.45200   0.0000000E+0000   0.0000000E+0000   0.4075020E+0001   0.0000000E+0000   0.0000000E+0000  -0.9948426E-0081  -0.8150041E+0001
     0.45600   0.0000000E+0000   0.0000000E+0000   0.4075020E+0001   0.0000000E+0000   0.0000000E+0000  -0.1435784E-0079  -0.8150041E+0001
     0.46000   0.0000000E+0000   0.0000000E+0000   0.4075020E+0001   0.0000000E+0000   0.0000000E+0000  -0.1919697E-0078  -0.8150041E+0001
     0.46400   0.0000000E+0000   0.0000000E+0000   0.4075020E+0001   0.0000000E+0000   0.0000000E+0000  -0.2391874E-0077  -0.8150041E+0001
     0.46800   0.0000000E+0000   0.0000000E+0000   0.4075020E+0001   0.0000000E+0000   0.0000000E+0000  -0.2791278E-0076  -0.8150041E+0001
     0.47200   0.0000000E+0000   0.0000000E+0000   0.4075020E+0001   0.0000000E+0000   0.0000000E+0000  -0.3064355E-0075  -0.8150041E+0001
     0.47600   0.0000000E+0000   0.0000000E+0000   0.4075020E+0001   0.0000000E+0000   0.0000000E+0000  -0.3177072E-0074  -0.8150041E+0001
     0.48000   0.0000000E+0000   0.0000000E+0000   0.4075020E+0001   0.0000000E+0000   0.0000000E+0000  -0.3121451E-0073  -0.8150041E+0001
     0.48400   0.0000000E+0000   0.0000000E+0000   0.4075020E+0001   0.0000000E+0000   0.0000000E+0000  -0.2915129E-0072  -0.8150041E+0001
     0.48800   0.0000000E+0000   0.0000000E+0000   0.4075020E+0001   0.0000000E+0000   0.0000000E+0000  -0.2594935E-0071  -0.8150041E+0001
     0.49200   0.0000000E+0000   0.0000000E+0000   0.4075020E+0001   0.0000000E+0000   0.0000000E+0000  -0.2207205E-0070  -0.8150041E+0001
     0.49600   0.0000000E+0000   0.0000000E+0000   0.4075020E+0001   0.0000000E+0000   0.0000000E+0000  -0.1797987E-0069  -0.8150041E+0001
     0.50000   0.0000000E+0000   0.0000000E+0000   0.4075020E+0001   0.0000000E+0000   0.0000000E+0000  -0.1405567E-0068  -0.8150041E+0001
     0.50400   0.0000000E+0000   0.0000000E+0000   0.4075020E+0001   0.0000000E+0000   0.0000000E+0000  -0.1056462E-0067  -0.8150041E+0001
     0.50800   0.0000000E+0000   0.0000000E+0000   0.4075020E+0001   0.0000000E+0000   0.0000000E+0000  -0.7647922E-0067  -0.8150041E+0001
     0.51200   0.0000000E+0000   0.0000000E+0000   0.4075020E+0001   0.0000000E+0000   0.0000000E+0000  -0.5340824E-0066  -0.8150041E+0001
     0.51600   0.0000000E+0000   0.0000000E+0000   0.4075020E+0001   0.0000000E+0000   0.0000000E+0000  -0.3603158E-0065  -0.8150041E+0001
     0.52000   0.0000000E+0000   0.0000000E+0000   0.4075020E+0001   0.0000000E+0000   0.0000000E+0000  -0.2351558E-0064  -0.8150041E+0001
     0.52400   0.0000000E+0000   0.0000000E+0000   0.4075020E+0001   0.0000000E+0000   0.0000000E+0000  -0.1486514E-0063  -0.8150041E+0001
     0.52800   0.0000000E+0000   0.0000000E+0000   0.4075020E+0001   0.0000000E+0000   0.0000000E+0000  -0.9112316E-0063  -0.8150041E+0001
     0.53200   0.0000000E+0000   0.0000000E+0000   0.4075020E+0001   0.0000000E+0000   0.0000000E+0000  -0.5422582E-0062  -0.8150041E+0001
     0.53600   0.0000000E+0000   0.0000000E+0000   0.4075020E+0001   0.0000000E+0000   0.0000000E+0000  -0.3135747E-0061  -0.8150041E+0001
     0.54000   0.0000000E+0000   0.0000000E+0000   0.4075020E+0001   0.0000000E+0000   0.0000000E+0000  -0.1763787E-0060  -0.8150041E+0001
     0.54400   0.0000000E+0000   0.0000000E+0000   0.4075020E+0001   0.0000000E+0000   0.0000000E+0000  -0.9658476E-0060  -0.8150041E+0001
     0.54800   0.0000000E+0000   0.0000000E+0000   0.4075020E+0001   0.0000000E+0000   0.0000000E+0000  -0.5153396E-0059  -0.8150041E+0001
     0.55200   0.0000000E+0000   0.0000000E+0000   0.4075020E+0001   0.0000000E+0000   0.0000000E+0000  -0.2681296E-0058  -0.8150041E+0001
     0.55600   0.0000000E+0000   0.0000000E+0000   0.4075020E+0001   0.0000000E+0000   0.0000000E+0000  -0.1361406E-0057  -0.8150041E+0001
     0.56000   0.0000000E+0000   0.0000000E+0000   0.4075020E+0001   0.0000000E+0000   0.0000000E+0000  -0.6750400E-0057  -0.8150041E+0001
     0.56400   0.0000000E+0000   0.0000000E+0000   0.4075020E+0001   0.0000000E+0000   0.0000000E+0000  -0.3270851E-0056  -0.8150041E+0001
     0.56800   0.0000000E+0000   0.0000000E+0000   0.4075020E+0001   0.0000000E+0000   0.0000000E+0000  -0.1549731E-0055  -0.8150041E+0001
     0.57200   0.0000000E+0000   0.0000000E+0000   0.4075020E+0001   0.0000000E+0000   0.0000000E+0000  -0.7184153E-0055  -0.8150041E+0001
     0.57600   0.0000000E+0000   0.0000000E+0000   0.4075020E+0001   0.0000000E+0000   0.0000000E+0000  -0.3260351E-0054  -0.8150041E+0001
     0.58000   0.0000000E+0000   0.0000000E+0000   0.4075020E+0001   0.0000000E+0000   0.0000000E+0000  -0.1449287E-0053  -0.8150041E+0001
     0.58400   0.0000000E+0000   0.0000000E+0000   0.4075020E+0001   0.0000000E+0000   0.0000000E+0000  -0.6313425E-0053  -0.8150041E+0001
     0.58800   0.0000000E+0000   0.0000000E+0000   0.4075020E+0001   0.0000000E+0000   0.0000000E+0000  -0.2696521E-0052  -0.8150041E+0001
     0.59200   0.0000000E+0000   0.0000000E+0000   0.4075020E+0001   0.0000000E+0000   0.0000000E+0000  -0.1129711E-0051  -0.8150041E+0001
     0.59600   0.0000000E+0000   0.0000000E+0000   0.4075020E+0001   0.0000000E+0000   0.0000000E+0000  -0.4644532E-0051  -0.8150041E+0001
     0.60000   0.0000000E+0000   0.0000000E+0000   0.4075020E+0001   0.0000000E+0000   0.0000000E+0000  -0.1874589E-0050  -0.8150041E+0001
     0.60400   0.0000000E+0000   0.0000000E+0000   0.4075020E+0001   0.0000000E+0000   0.0000000E+0000  -0.7430689E-0050  -0.8150041E+0001
     0.60800   0.0000000E+0000   0.0000000E+0000   0.4075020E+0001   0.0000000E+0000   0.0000000E+0000  -0.2893841E-0049  -0.8150041E+0001
     0.61200   0.0000000E+0000   0.0000000E+0000   0.4075020E+0001   0.0000000E+0000   0.0000000E+0000  -0.1107644E-0048  -0.8150041E+0001
     0.61600   0.0000000E+0000   0.0000000E+0000   0.4075020E+0001   0.0000000E+0000   0.0000000E+0000  -0.4168295E-0048  -0.8150041E+0001
     0.62000   0.0000000E+0000   0.0000000E+0000   0.4075020E+0001   0.0000000E+0000   0.0000000E+0000  -0.1542759E-0047  -0.8150041E+0001
     0.62400   0.0000000E+0000   0.0000000E+0000   0.4075020E+0001   0.0000000E+0000   0.0000000E+0000  -0.5617778E-0047  -0.8150041E+0001
     0.62800   0.0000000E+0000   0.0000000E+0000   0.4075020E+0001   0.0000000E+0000   0.0000000E+0000  -0.2013258E-0046  -0.8150041E+0001
     0.63200   0.0000000E+0000   0.0000000E+0000   0.4075020E+0001   0.0000000E+0000   0.0000000E+0000  -0.7102985E-0046  -0.8150041E+0001
     0.63600   0.0000000E+0000   0.0000000E+0000   0.4075020E+0001   0.0000000E+0000   0.0000000E+0000  -0.2467879E-0045  -0.8150041E+0001
     0.64000   0.0000000E+0000   0.0000000E+0000   0.4075020E+0001   0.0000000E+0000   0.0000000E+0000  -0.8446543E-0045  -0.8150041E+0001
     0.64400   0.0000000E+0000   0.0000000E+0000   0.4075020E+0001   0.0000000E+0000   0.0000000E+0000  -0.2848611E-0044  -0.8150041E+0001
     0.64800   0.0000000E+0000   0.0000000E+0000   0.4075020E+0001   0.0000000E+0000   0.0000000E+0000  -0.9469101E-0044  -0.8150041E+0001
     0.65200   0.0000000E+0000   0.0000000E+0000   0.4075020E+0001   0.0000000E+0000   0.0000000E+0000  -0.3103307E-0043  -0.8150041E+0001
     0.65600   0.0000000E+0000   0.0000000E+0000   0.4075020E+0001   0.0000000E+0000   0.0000000E+0000  -0.1002989E-0042  -0.8150041E+0001
     0.66000   0.0000000E+0000   0.0000000E+0000   0.4075020E+0001   0.0000000E+0000   0.0000000E+0000  -0.3197678E-0042  -0.8150041E+0001
     0.66400   0.0000000E+0000   0.0000000E+0000   0.4075020E+0001   0.0000000E+0000   0.0000000E+0000  -0.1005889E-0041  -0.8150041E+0001
     0.66800   0.0000000E+0000   0.0000000E+0000   0.4075020E+0001   0.0000000E+0000   0.0000000E+0000  -0.3122839E-0041  -0.8150041E+0001
     0.67200   0.0000000E+0000   0.0000000E+0000   0.4075020E+0001   0.0000000E+0000   0.0000000E+0000  -0.9570565E-0041  -0.8150041E+0001
     0.67600   0.0000000E+0000   0.0000000E+0000   0.4075020E+0001   0.0000000E+0000   0.0000000E+0000  -0.2896126E-0040  -0.8150041E+0001
     0.68000   0.0000000E+0000   0.0000000E+0000   0.4075020E+0001   0.0000000E+0000   0.0000000E+0000  -0.8655450E-0040  -0.8150041E+0001
     0.68400   0.0000000E+0000   0.0000000E+0000   0.4075020E+0001   0.0000000E+0000   0.0000000E+0000  -0.2555360E-0039  -0.8150041E+0001
     0.68800   0.0000000E+0000   0.0000000E+0000   0.4075020E+0001   0.0000000E+0000   0.0000000E+0000  -0.7454167E-0039  -0.8150041E+0001
     0.69200   0.0000000E+0000   0.0000000E+0000   0.4075020E+0001   0.0000000E+0000   0.0000000E+0000  -0.2148922E-0038  -0.8150041E+0001
     0.69600   0.0000000E+0000   0.0000000E+0000   0.4075020E+0001   0.0000000E+0000   0.0000000E+0000  -0.6123527E-0038  -0.8150041E+0001
     0.70000   0.0000000E+0000   0.0000000E+0000   0.4075020E+0001   0.0000000E+0000   0.0000000E+0000  -0.1725130E-0037  -0.8150041E+0001
     0.70400   0.0000000E+0000   0.0000000E+0000   0.4075020E+0001   0.0000000E+0000   0.0000000E+0000  -0.4805689E-0037  -0.8150041E+0001
     0.70800   0.0000000E+0000   0.0000000E+0000   0.4075020E+0001   0.0000000E+0000   0.0000000E+0000  -0.1323956E-0036  -0.8150041E+0001
     0.71200   0.0000000E+0000   0.0000000E+0000   0.4075020E+0001   0.0000000E+0000   0.0000000E+0000  -0.3607795E-0036  -0.8150041E+0001
     0.71600   0.0000000E+0000   0.0000000E+0000   0.4075020E+0001   0.0000000E+0000   0.0000000E+0000  -0.9725802E-0036  -0.8150041E+0001
     0.72000   0.0000000E+0000   0.0000000E+0000   0.4075020E+0001   0.0000000E+0000   0.0000000E+0000  -0.2594101E-0035  -0.8150041E+0001
     0.72400   0.0000000E+0000   0.0000000E+0000   0.4075020E+0001   0.0000000E+0000   0.0000000E+0000  -0.6846799E-0035  -0.8150041E+0001
     0.72800   0.0000000E+0000   0.0000000E+0000   0.4075020E+0001   0.0000000E+0000   0.0000000E+0000  -0.1788488E-0034  -0.8150041E+0001
     0.73200   0.0000000E+0000   0.0000000E+0000   0.4075020E+0001   0.0000000E+0000   0.0000000E+0000  -0.4624207E-0034  -0.8150041E+0001
     0.73600   0.0000000E+0000   0.0000000E+0000   0.4075020E+0001   0.0000000E+0000   0.0000000E+0000  -0.1183559E-0033  -0.8150041E+0001
     0.74000   0.0000000E+0000   0.0000000E+0000   0.4075020E+0001   0.0000000E+0000   0.0000000E+0000  -0.2999066E-0033  -0.8150041E+0001
     0.74400   0.0000000E+0000   0.0000000E+0000   0.4075020E+0001   0.0000000E+0000   0.0000000E+0000  -0.7524185E-0033  -0.8150041E+0001
     0.74800   0.0000000E+0000   0.0000000E+0000   0.4075020E+0001   0.0000000E+0000   0.0000000E+0000  -0.1869132E-0032  -0.8150041E+0001
     0.75200   0.0000000E+0000   0.0000000E+0000   0.4075020E+0001   0.0000000E+0000   0.0000000E+0000  -0.4597858E-0032  -0.8150041E+0001
     0.75600   0.0000000E+0000   0.0000000E+0000   0.4075020E+0001   0.0000000E+0000   0.0000000E+0000  -0.1120057E-0031  -0.8150041E+0001
     0.76000   0.0000000E+0000   0.0000000E+0000   0.4075020E+0001   0.0000000E+0000   0.0000000E+0000  -0.2702336E-0031  -0.8150041E+0001
     0.76400   0.0000000E+0000   0.0000000E+0000   0.4075020E+0001   0.0000000E+0000   0.0000000E+0000  -0.6458149E-0031  -0.8150041E+0001
     0.76800   0.0000000E+0000   0.0000000E+0000   0.4075020E+0001   0.0000000E+0000   0.0000000E+0000  -0.1528976E-0030  -0.8150041E+0001
     0.77200   0.0000000E+0000   0.0000000E+0000   0.4075020E+0001   0.0000000E+0000   0.0000000E+0000  -0.3586432E-0030  -0.8150041E+0001
     0.77600   0.0000000E+0000   0.0000000E+0000   0.4075020E+0001   0.0000000E+0000   0.0000000E+0000  -0.8335467E-0030  -0.8150041E+0001
     0.78000   0.0000000E+0000   0.0000000E+0000   0.4075020E+0001   0.0000000E+0000   0.0000000E+0000  -0.1919725E-0029  -0.8150041E+0001
     0.78400   0.0000000E+0000   0.0000000E+0000   0.4075020E+0001   0.0000000E+0000   0.0000000E+0000  -0.4381677E-0029  -0.8150041E+0001
     0.78800   0.0000000E+0000   0.0000000E+0000   0.4075020E+0001   0.0000000E+0000   0.0000000E+0000  -0.9912489E-0029  -0.8150041E+0001
     0.79200   0.0000000E+0000   0.0000000E+0000   0.4075020E+0001   0.0000000E+0000   0.0000000E+0000  -0.2222207E-0028  -0.8150041E+0001
     0.79600   0.0000000E+0000   0.0000000E+0000   0.4075020E+0001   0.0000000E+0000   0.0000000E+0000  -0.4935373E-0028  -0.8150041E+0001
     0.80000   0.0000000E+0000   0.0000000E+0000   0.4075020E+0001   0.0000000E+0000   0.0000000E+0000  -0.1085842E-0027  -0.8150041E+0001
     0.80400   0.0000000E+0000   0.0000000E+0000   0.4075020E+0001   0.0000000E+0000   0.0000000E+0000  -0.2368184E-0027  -0.8150041E+0001
     0.80800   0.0000000E+0000   0.0000000E+0000   0.4075020E+0001   0.0000000E+0000   0.0000000E+0000  -0.5123455E-0027  -0.8150041E+0001
     0.81200   0.0000000E+0000   0.0000000E+0000   0.4075020E+0001   0.0000000E+0000   0.0000000E+0000  -0.1100264E-0026  -0.8150041E+0001
     0.81600   0.0000000E+0000   0.0000000E+0000   0.4075020E+0001   0.0000000E+0000   0.0000000E+0000  -0.2344691E-0026  -0.8150041E+0001
     0.82000   0.0000000E+0000   0.0000000E+0000   0.4075020E+0001   0.0000000E+0000   0.0000000E+0000  -0.4943579E-0026  -0.8150041E+0001
     0.82400   0.0000000E+0000   0.0000000E+0000   0.4075020E+0001   0.0000000E+0000   0.0000000E+0000  -0.1038401E-0025  -0.8150041E+0001
     0.82800   0.0000000E+0000   0.0000000E+0000   0.4075020E+0001   0.0000000E+0000   0.0000000E+0000  -0.2167582E-0025  -0.8150041E+0001
     0.83200   0.0000000E+0000   0.0000000E+0000   0.4075020E+0001   0.0000000E+0000   0.0000000E+0000  -0.4249025E-0025  -0.8150041E+0001
     0.83600   0.0000000E+0000   0.0000000E+0000   0.4075020E+0001   0.0000000E+0000   0.0000000E+0000  -0.9021795E-0025  -0.8150041E+0001
     0.84000   0.0000000E+0000   0.0000000E+0000   0.4075020E+0001   0.0000000E+0000   0.0000000E+0000  -0.8127897E-0024  -0.8150041E+0001
     0.84400   0.0000000E+0000   0.0000000E+0000   0.4075020E+0001   0.0000000E+0000   0.0000000E+0000  -0.1585389E-0023  -0.8150041E+0001
     0.84800   0.0000000E+0000   0.0000000E+0000   0.4075020E+0001   0.0000000E+0000   0.0000000E+0000  -0.2570199E-0023  -0.8150041E+0001
     0.85200   0.0000000E+0000   0.0000000E+0000   0.4075020E+0001   0.0000000E+0000   0.0000000E+0000  -0.3952788E-0023  -0.8150041E+0001
     0.85600   0.0000000E+0000   0.0000000E+0000   0.4075020E+0001   0.0000000E+0000   0.0000000E+0000  -0.6433103E-0023  -0.8150041E+0001
     0.86000   0.0000000E+0000   0.0000000E+0000   0.4075020E+0001  -0.1310783E-0025  -0.3276957E-0023  -0.2882084E-0022  -0.8150041E+0001
     0.86400   0.0000000E+0000   0.0000000E+0000   0.4075020E+0001   0.0000000E+0000   0.3276957E-0023   0.7949803E-0023  -0.8150041E+0001
     0.86800   0.0000000E+0000   0.0000000E+0000   0.4075020E+0001   0.0000000E+0000   0.0000000E+0000  -0.2360888E-0022  -0.8150041E+0001
     0.87200   0.0000000E+0000   0.0000000E+0000   0.4075020E+0001  -0.1310783E-0025  -0.3276957E-0023  -0.6152321E-0022  -0.8150041E+0001
     0.87600   0.0000000E+0000   0.0000000E+0000   0.4075020E+0001  -0.2621565E-0025  -0.3276957E-0023  -0.9308199E-0022  -0.8150041E+0001
     0.88000   0.0000000E+0000   0.0000000E+0000   0.4075020E+0001   0.3673420E-0039   0.6553913E-0023  -0.1020247E-0021  -0.8150041E+0001
     0.88400   0.0000000E+0000   0.0000000E+0000   0.4075020E+0001   0.1310783E-0025   0.3276957E-0023  -0.2554442E-0021  -0.8150041E+0001
     0.88800   0.0000000E+0000   0.0000000E+0000   0.4075020E+0001   0.2621565E-0025   0.3276957E-0023  -0.4988657E-0021  -0.8150041E+0001
     0.89200   0.0000000E+0000   0.0000000E+0000   0.4075020E+0001   0.2621565E-0025   0.0000000E+0000  -0.9583932E-0021  -0.8150041E+0001
     0.89600   0.0000000E+0000   0.0000000E+0000   0.4075020E+0001   0.2621565E-0025   0.0000000E+0000  -0.1754175E-0020  -0.8150041E+0001
     0.90000   0.0000000E+0000   0.0000000E+0000   0.4075020E+0001   0.3932348E-0025   0.3276957E-0023  -0.3175511E-0020  -0.8150041E+0001
     0.90400   0.0000000E+0000   0.0000000E+0000   0.4075020E+0001   0.3932348E-0025   0.0000000E+0000  -0.5791371E-0020  -0.8150041E+0001
     0.90800   0.0000000E+0000   0.0000000E+0000   0.4075020E+0001   0.2621565E-0025  -0.3276957E-0023  -0.1043931E-0019  -0.8150041E+0001
     0.91200   0.0000000E+0000   0.0000000E+0000   0.4075020E+0001   0.3932348E-0025   0.3276957E-0023  -0.1859388E-0019  -0.8150041E+0001
     0.91600   0.0000000E+0000   0.0000000E+0000   0.4075020E+0001   0.3932348E-0025   0.0000000E+0000  -0.3303170E-0019  -0.8150041E+0001
     0.92000   0.0000000E+0000   0.0000000E+0000   0.4075020E+0001   0.2621565E-0025  -0.3276957E-0023  -0.5820865E-0019  -0.8150041E+0001
     0.92400   0.0000000E+0000   0.0000000E+0000   0.4075020E+0001   0.5243131E-0025   0.6553913E-0023  -0.1017262E-0018  -0.8150041E+0001
     0.92800   0.0000000E+0000   0.0000000E+0000   0.4075020E+0001   0.7864696E-0025   0.6553913E-0023  -0.1765905E-0018  -0.8150041E+0001
     0.93200   0.0000000E+0000   0.0000000E+0000   0.4075020E+0001   0.6553914E-0025  -0.3276957E-0023  -0.3040550E-0018  -0.8150041E+0001
     0.93600   0.0000000E+0000   0.0000000E+0000   0.4075020E+0001   0.6553914E-0025   0.0000000E+0000  -0.5185349E-0018  -0.8150041E+0001
     0.94000   0.0000000E+0000   0.0000000E+0000   0.4075020E+0001   0.7864696E-0025   0.3276957E-0023  -0.8743594E-0018  -0.8150041E+0001
     0.94400   0.0000000E+0000   0.0000000E+0000   0.4075020E+0001   0.6553914E-0025  -0.3276957E-0023  -0.1471490E-0017  -0.8150041E+0001
     0.94800   0.0000000E+0000   0.0000000E+0000   0.4075020E+0001   0.9175479E-0025   0.6553913E-0023  -0.2484720E-0017  -0.8150041E+0001
     0.95200   0.0000000E+0000   0.0000000E+0000   0.4075020E+0001   0.1048626E-0024   0.3276957E-0023  -0.4135540E-0017  -0.8150041E+0001
     0.95600   0.0000000E+0000   0.0000000E+0000   0.4075020E+0001   0.1048626E-0024   0.0000000E+0000  -0.6753775E-0017  -0.8150041E+0001
     0.96000   0.0000000E+0000   0.0000000E+0000   0.4075020E+0001   0.1179704E-0024   0.3276957E-0023  -0.1085216E-0016  -0.8150041E+0001
     0.96400   0.0000000E+0000   0.0000000E+0000   0.4075020E+0001   0.1179704E-0024   0.0000000E+0000  -0.1757969E-0016  -0.8150041E+0001
     0.96800   0.0000000E+0000   0.0000000E+0000   0.4075020E+0001   0.1441861E-0024   0.6553913E-0023  -0.2422633E-0016  -0.8150041E+0001
     0.97200   0.0000000E+0000   0.0000000E+0000   0.4075020E+0001   0.1310783E-0024  -0.3276957E-0023  -0.3197020E-0016  -0.8150041E+0001
     0.97600  -0.1153524E-0024  -0.2883809E-0022   0.4075020E+0001   0.9262749E-0025  -0.9612696E-0023  -0.4961934E-0016  -0.8150041E+0001
     0.98000  -0.2199128E-0018  -0.5497818E-0016   0.4075020E+0001   0.1048626E-0024   0.3058782E-0023  -0.7683941E-0016  -0.8150041E+0001
     0.98400  -0.6597387E-0018  -0.1099564E-0015   0.4075020E+0001   0.7951966E-0025  -0.6335740E-0023  -0.1305363E-0015  -0.8150041E+0001
     0.98800  -0.8796515E-0018  -0.5497821E-0016   0.4075020E+0001   0.1398052E-0025  -0.1638478E-0022  -0.2178508E-0015  -0.8150041E+0001
     0.99200  -0.1099564E-0017  -0.5497820E-0016   0.4075020E+0001  -0.6117573E-0026  -0.5024523E-0023  -0.3606062E-0015  -0.8150041E+0001
     0.99600  -0.1539390E-0017  -0.1099564E-0015   0.4075020E+0001  -0.3233323E-0025  -0.6553914E-0023  -0.5699256E-0015  -0.8150041E+0001
     1.00000  -0.1759303E-0017  -0.5497820E-0016   0.4075020E+0001  -0.6553915E-0025  -0.8301479E-0023  -0.8837192E-0015  -0.8150041E+0001
     1.00400  -0.1979216E-0017  -0.5497822E-0016   0.4075020E+0001  -0.1109802E-0024  -0.1136026E-0022  -0.1355840E-0014  -0.8150041E+0001
     1.00800  -0.1979216E-0017   0.1441904E-0022   0.4075020E+0001  -0.1048627E-0024   0.1529390E-0023  -0.2072030E-0014  -0.8150041E+0001
     1.01200  -0.2419041E-0017  -0.1099564E-0015   0.4075020E+0001  -0.1371959E-0024  -0.8083306E-0023  -0.3141717E-0014  -0.8150041E+0001
     1.01600  -0.2419041E-0017   0.2883809E-0022   0.4075020E+0001  -0.1511764E-0024  -0.3495130E-0023  -0.4749538E-0014  -0.8150041E+0001
     1.02000  -0.2858867E-0017  -0.1099564E-0015   0.4075020E+0001  -0.1503037E-0024   0.2181800E-0024  -0.7145899E-0014  -0.8150041E+0001
     1.02400  -0.3078780E-0017  -0.5497821E-0016   0.4075020E+0001  -0.1765195E-0024  -0.6553920E-0023  -0.1069025E-0013  -0.8150041E+0001
     1.02800  -0.3298693E-0017  -0.5497822E-0016   0.4075020E+0001  -0.2219606E-0024  -0.1136028E-0022  -0.1591720E-0013  -0.8150041E+0001
     1.03200  -0.3298693E-0017   0.2883809E-0022   0.4075020E+0001  -0.2097254E-0024   0.3058786E-0023  -0.2355645E-0013  -0.8150041E+0001
     1.03600  -0.3518606E-0017  -0.5497824E-0016   0.4075020E+0001  -0.2481764E-0024  -0.9612693E-0023  -0.3466335E-0013  -0.8150041E+0001
     1.04000  -0.3738519E-0017  -0.5497821E-0016   0.4075020E+0001  -0.2874996E-0024  -0.9830898E-0023  -0.5068454E-0013  -0.8150041E+0001
     1.04400  -0.3958431E-0017  -0.5497818E-0016   0.4075020E+0001  -0.2752643E-0024   0.3058811E-0023  -0.7362737E-0013  -0.8150041E+0001
     1.04800  -0.4398257E-0017  -0.1099564E-0015   0.4075020E+0001  -0.2752635E-0024   0.0000000E+0000  -0.1062424E-0012  -0.8150041E+0001
     1.05200  -0.4618170E-0017  -0.5497822E-0016   0.4075020E+0001  -0.3075958E-0024  -0.8083388E-0023  -0.1522800E-0012  -0.8150041E+0001
     1.05600  -0.5057996E-0017  -0.1099564E-0015   0.4075020E+0001  -0.3014774E-0024   0.1529557E-0023  -0.2167764E-0012  -0.8150041E+0001
     1.06000  -0.5277908E-0017  -0.5497822E-0016   0.4075020E+0001  -0.3338112E-0024  -0.8082782E-0023  -0.3064333E-0012  -0.8150041E+0001
     1.06400  -0.5717734E-0017  -0.1099564E-0015   0.4075020E+0001  -0.3408005E-0024  -0.1747257E-0023  -0.4301012E-0012  -0.8150041E+0001
     1.06800  -0.6157560E-0017  -0.1099564E-0015   0.4075020E+0001  -0.3923479E-0024  -0.1288996E-0022  -0.5993134E-0012  -0.8150041E+0001
     1.07200  -0.6597386E-0017  -0.1099564E-0015   0.4075020E+0001  -0.4255684E-0024  -0.8302502E-0023  -0.8289226E-0012  -0.8150041E+0001
     1.07600  -0.6817298E-0017  -0.5497821E-0016   0.4075020E+0001  -0.4517838E-0024  -0.6552821E-0023  -0.1137832E-0011  -0.8150041E+0001
     1.08000  -0.6817298E-0017   0.1441891E-0022   0.4075020E+0001  -0.4456496E-0024   0.1529961E-0023  -0.1549714E-0011  -0.8150041E+0001
     1.08400  -0.7037211E-0017  -0.5497824E-0016   0.4075020E+0001  -0.4709941E-0024  -0.6336333E-0023  -0.2093769E-0011  -0.8150041E+0001
     1.08800  -0.7477037E-0017  -0.1099564E-0015   0.4075020E+0001  -0.4972474E-0024  -0.6552821E-0023  -0.2805345E-0011  -0.8150041E+0001
     1.09200  -0.7916863E-0017  -0.1099564E-0015   0.4075020E+0001  -0.4981057E-0024  -0.2132575E-0024  -0.3726222E-0011  -0.8150041E+0001
     1.09600  -0.7916863E-0017   0.0000000E+0000   0.4075020E+0001  -0.5373847E-0024  -0.9829232E-0023  -0.4904499E-0011  -0.8150041E+0001
     1.10000  -0.8136776E-0017  -0.5497824E-0016   0.4075020E+0001  -0.5757549E-0024  -0.9603050E-0023  -0.6393561E-0011  -0.8150041E+0001
     1.10400  -0.8576601E-0017  -0.1099564E-0015   0.4075020E+0001  -0.5634360E-0024   0.3063153E-0023  -0.8249752E-0011  -0.8150041E+0001
     1.10800  -0.9016427E-0017  -0.1099564E-0015   0.4075020E+0001  -0.5767646E-0024  -0.3257024E-0023  -0.1052814E-0010  -0.8150041E+0001
     1.11200  -0.9016427E-0017  -0.1442073E-0022   0.4075020E+0001  -0.5828231E-0024  -0.1525114E-0023  -0.1327542E-0010  -0.8150041E+0001
     1.11600  -0.9236340E-0017  -0.5497820E-0016   0.4075020E+0001  -0.5638399E-0024   0.4756289E-0023  -0.1651897E-0010  -0.8150041E+0001
     1.12000  -0.9236340E-0017  -0.1441104E-0022   0.4075020E+0001  -0.5694945E-0024  -0.1499265E-0023  -0.2025049E-0010  -0.8150041E+0001
     1.12400  -0.9676165E-0017  -0.1099564E-0015   0.4075020E+0001  -0.5767646E-0024  -0.1757759E-0023  -0.2440252E-0010  -0.8150041E+0001
     1.12800  -0.9676165E-0017  -0.1439811E-0022   0.4075020E+0001  -0.5703023E-0024   0.1654361E-0023  -0.2881544E-0010  -0.8150041E+0001
     1.13200  -0.9896078E-0017  -0.5497820E-0016   0.4075020E+0001  -0.5767646E-0024  -0.1757759E-0023  -0.3319229E-0010  -0.8150041E+0001
     1.13600  -0.1033590E-0016  -0.1099564E-0015   0.4075020E+0001  -0.5848425E-0024  -0.1654361E-0023  -0.3703808E-0010  -0.8150041E+0001
     1.14000  -0.1055582E-0016  -0.5497821E-0016   0.4075020E+0001  -0.5913049E-0024  -0.3308722E-0023  -0.3957953E-0010  -0.8150041E+0001
     1.14400  -0.1077573E-0016  -0.5497821E-0016   0.4075020E+0001  -0.6333102E-0024  -0.9926167E-0023  -0.3966084E-0010  -0.8150041E+0001
     1.14800  -0.1121556E-0016  -0.1099564E-0015   0.4075020E+0001  -0.6720842E-0024  -0.9926167E-0023  -0.3561026E-0010  -0.8150041E+0001
     1.15200  -0.1143547E-0016  -0.5497822E-0016   0.4075020E+0001  -0.6785466E-0024  -0.1654361E-0023  -0.2507177E-0010  -0.8150041E+0001
     1.15600  -0.1209521E-0016  -0.1649346E-0015   0.4075020E+0001  -0.6333102E-0024   0.8271806E-0023  -0.4795643E-0011  -0.8150041E+0001
     1.16000  -0.1209521E-0016  -0.1447566E-0022   0.4075020E+0001  -0.6074608E-0024   0.4963084E-0023   0.2961840E-0010  -0.8150041E+0001
     1.16400  -0.1231512E-0016  -0.5497820E-0016   0.4075020E+0001  -0.5945361E-0024   0.4135903E-0023   0.8403221E-0010  -0.8150041E+0001
     1.16800  -0.1231512E-0016   0.2067952E-0024   0.4075020E+0001  -0.5428373E-0024   0.9926167E-0023   0.1661403E-0009  -0.8150041E+0001
     1.17200  -0.1253503E-0016  -0.5497821E-0016   0.4075020E+0001  -0.5428373E-0024   0.6617445E-0023   0.2859068E-0009  -0.8150041E+0001
     1.17600  -0.1297486E-0016  -0.1099564E-0015   0.4075020E+0001  -0.4394397E-0024   0.2150670E-0022   0.4560723E-0009  -0.8150041E+0001
     1.18000  -0.1319477E-0016  -0.5497821E-0016   0.4075020E+0001  -0.3618915E-0024   0.2316106E-0022   0.6927331E-0009  -0.8150041E+0001
     1.18400  -0.1297486E-0016   0.5497821E-0016   0.4075020E+0001  -0.2067952E-0024   0.3308722E-0022   0.1015993E-0008  -0.8150041E+0001
     1.18800  -0.1341468E-0016  -0.1099564E-0015   0.4075020E+0001  -0.5169879E-0025   0.4301339E-0022   0.1450685E-0008  -0.8150041E+0001
     1.19200  -0.1363460E-0016  -0.5497821E-0016   0.4075020E+0001   0.2067952E-0024   0.4632211E-0022   0.2027152E-0008  -0.8150041E+0001
     1.19600  -0.1363460E-0016  -0.1323489E-0022   0.4075020E+0001   0.5169879E-0024   0.5955700E-0022   0.2782078E-0008  -0.8150041E+0001
     1.20000  -0.1407442E-0016  -0.1099564E-0015   0.4075020E+0001   0.8271806E-0024   0.7940934E-0022   0.3759355E-0008  -0.8150041E+0001
     1.20400  -0.1407442E-0016   0.0000000E+0000   0.4075020E+0001   0.1240771E-0023   0.8602678E-0022   0.5010952E-0008  -0.8150041E+0001
     1.20800  -0.1451425E-0016  -0.1099564E-0015   0.4075020E+0001   0.1861156E-0023   0.1124966E-0021   0.6597764E-0008  -0.8150041E+0001
     1.21200  -0.1495407E-0016  -0.1099564E-0015   0.4075020E+0001   0.2481542E-0023   0.1720536E-0021   0.8590402E-0008  -0.8150041E+0001
     1.21600  -0.1517399E-0016  -0.5497822E-0016   0.4075020E+0001   0.3101927E-0023   0.1588187E-0021   0.1106988E-0007  -0.8150041E+0001
     1.22000  -0.1539390E-0016  -0.5497822E-0016   0.4075020E+0001   0.3722313E-0023   0.2249931E-0021   0.1412817E-0007  -0.8150041E+0001
     1.22400  -0.1539390E-0016   0.1985233E-0022   0.4075020E+0001   0.4549493E-0023   0.2646978E-0021   0.1786851E-0007  -0.8150040E+0001
     1.22800  -0.1583373E-0016  -0.1099564E-0015   0.4075020E+0001   0.6203855E-0023   0.3176374E-0021   0.2240550E-0007  -0.8150040E+0001
     1.23200  -0.1605364E-0016  -0.5497818E-0016   0.4075020E+0001   0.7858216E-0023   0.3705769E-0021   0.2786489E-0007  -0.8150040E+0001
     1.23600  -0.1627355E-0016  -0.5497821E-0016   0.4075020E+0001   0.9926167E-0023   0.4764560E-0021   0.3438295E-0007  -0.8150040E+0001
     1.24000  -0.1693329E-0016  -0.1649346E-0015   0.4075020E+0001   0.1158053E-0022   0.5293956E-0021   0.4210550E-0007  -0.8150040E+0001
     1.24400  -0.1759303E-0016  -0.1649346E-0015   0.4075020E+0001   0.1406207E-0022   0.6617445E-0021   0.5118647E-0007  -0.8150040E+0001
     1.24800  -0.1781294E-0016  -0.5497821E-0016   0.4075020E+0001   0.1737079E-0022   0.7411538E-0021   0.6178598E-0007  -0.8150040E+0001
     1.25200  -0.1803285E-0016  -0.5497820E-0016   0.4075020E+0001   0.1985233E-0022   0.8470329E-0021   0.7406801E-0007  -0.8150040E+0001
     1.25600  -0.1825277E-0016  -0.5497820E-0016   0.4075020E+0001   0.2316106E-0022   0.1005852E-0020   0.8819756E-0007  -0.8150040E+0001
     1.26000  -0.1847268E-0016  -0.5497821E-0016   0.4075020E+0001   0.2812414E-0022   0.1164670E-0020   0.1043375E-0006  -0.8150040E+0001
     1.26400  -0.1869259E-0016  -0.5497824E-0016   0.4075019E+0001   0.3308722E-0022   0.1376429E-0020   0.1226449E-0006  -0.8150039E+0001
     1.26800  -0.1913242E-0016  -0.1099564E-0015   0.4075019E+0001   0.3970467E-0022   0.1588187E-0020   0.1432675E-0006  -0.8150039E+0001
     1.27200  -0.1913242E-0016   0.0000000E+0000   0.4075019E+0001   0.4632211E-0022   0.1852885E-0020   0.1663398E-0006  -0.8150039E+0001
     1.27600  -0.1913242E-0016   0.0000000E+0000   0.4075019E+0001   0.5293956E-0022   0.2117582E-0020   0.1919791E-0006  -0.8150039E+0001
     1.28000  -0.1935233E-0016  -0.5497821E-0016   0.4075019E+0001   0.6286573E-0022   0.2435220E-0020   0.2202819E-0006  -0.8150039E+0001
     1.28400  -0.1957224E-0016  -0.5497821E-0016   0.4075019E+0001   0.7610062E-0022   0.2752857E-0020   0.2513212E-0006  -0.8150039E+0001
     1.28800  -0.1979216E-0016  -0.5497821E-0016   0.4075018E+0001   0.8933551E-0022   0.3070494E-0020   0.2851433E-0006  -0.8150039E+0001
     1.29200  -0.1979216E-0016   0.0000000E+0000   0.4075018E+0001   0.1025704E-0021   0.3388132E-0020   0.3217665E-0006  -0.8150038E+0001
     1.29600  -0.1979216E-0016  -0.2646978E-0022   0.4075018E+0001   0.1191140E-0021   0.3917527E-0020   0.3611798E-0006  -0.8150038E+0001
     1.30000  -0.2023198E-0016  -0.1099564E-0015   0.4075018E+0001   0.1323489E-0021   0.4341044E-0020   0.4033436E-0006  -0.8150038E+0001
     1.30400  -0.2045190E-0016  -0.5497821E-0016   0.4075017E+0001   0.1522012E-0021   0.4976319E-0020   0.4481910E-0006  -0.8150038E+0001
     1.30800  -0.2089172E-0016  -0.1099564E-0015   0.4075017E+0001   0.1786710E-0021   0.5293956E-0020   0.4956303E-0006  -0.8150038E+0001
     1.31200  -0.2155146E-0016  -0.1649346E-0015   0.4075016E+0001   0.1985233E-0021   0.6035110E-0020   0.5455494E-0006  -0.8150038E+0001
     1.31600  -0.2199129E-0016  -0.1099564E-0015   0.4075016E+0001   0.2249931E-0021   0.6670384E-0020   0.5978204E-0006  -0.8150038E+0001
     1.32000  -0.2221120E-0016  -0.5497821E-0016   0.4075016E+0001   0.2580804E-0021   0.7305659E-0020   0.6523063E-0006  -0.8150038E+0001
     1.32400  -0.2243111E-0016  -0.5497821E-0016   0.4075015E+0001   0.2911676E-0021   0.8152692E-0020   0.7088677E-0006  -0.8150038E+0001
     1.32800  -0.2265103E-0016  -0.5497826E-0016   0.4075015E+0001   0.3308722E-0021   0.8893846E-0020   0.7673706E-0006  -0.8150038E+0001
     1.33200  -0.2331077E-0016  -0.1649346E-0015   0.4075014E+0001   0.3705769E-0021   0.9740879E-0020   0.8276942E-0006  -0.8150038E+0001
     1.33600  -0.2331077E-0016   0.0000000E+0000   0.4075013E+0001   0.4102816E-0021   0.1058791E-0019   0.8897391E-0006  -0.8150038E+0001
     1.34000  -0.2375059E-0016  -0.1099565E-0015   0.4075013E+0001   0.4499863E-0021   0.1164670E-0019   0.9534340E-0006  -0.8150038E+0001
     1.34400  -0.2419042E-0016  -0.1099565E-0015   0.4075012E+0001   0.5029258E-0021   0.1270549E-0019   0.1018743E-0005  -0.8150038E+0001
     1.34800  -0.2419042E-0016  -0.2117582E-0021   0.4075011E+0001   0.5558654E-0021   0.1376429E-0019   0.1085670E-0005  -0.8150038E+0001
     1.35200  -0.2441034E-0016  -0.5497837E-0016   0.4075011E+0001   0.6088049E-0021   0.1492896E-0019   0.1154265E-0005  -0.8150038E+0001
     1.35600  -0.2463025E-0016  -0.5497837E-0016   0.4075010E+0001   0.6749794E-0021   0.1598775E-0019   0.1224622E-0005  -0.8150038E+0001
     1.36000  -0.2485017E-0016  -0.5497837E-0016   0.4075009E+0001   0.7411538E-0021   0.1725830E-0019   0.1296884E-0005  -0.8150038E+0001
     1.36400  -0.2507008E-0016  -0.5497837E-0016   0.4075008E+0001   0.8205632E-0021   0.1863472E-0019   0.1371238E-0005  -0.8150038E+0001
     1.36800  -0.2550991E-0016  -0.1099566E-0015   0.4075007E+0001   0.8999725E-0021   0.2011703E-0019   0.1447913E-0005  -0.8150038E+0001
     1.37200  -0.2572982E-0016  -0.5497858E-0016   0.4075006E+0001   0.9926167E-0021   0.2138758E-0019   0.1527173E-0005  -0.8150038E+0001
     1.37600  -0.2594973E-0016  -0.5497847E-0016   0.4075005E+0001   0.1085261E-0020   0.2318753E-0019   0.1609312E-0005  -0.8150038E+0001
     1.38000  -0.2638956E-0016  -0.1099567E-0015   0.4075004E+0001   0.1191140E-0020   0.2488159E-0019   0.1694644E-0005  -0.8150038E+0001
     1.38400  -0.2682939E-0016  -0.1099566E-0015   0.4075003E+0001   0.1297019E-0020   0.2657566E-0019   0.1783496E-0005  -0.8150039E+0001
     1.38800  -0.2682939E-0016  -0.2117582E-0021   0.4075002E+0001   0.1416133E-0020   0.2837560E-0019   0.1876192E-0005  -0.8150039E+0001
     1.39200  -0.2704931E-0016  -0.5497837E-0016   0.4075001E+0001   0.1535247E-0020   0.3038731E-0019   0.1973054E-0005  -0.8150039E+0001
     1.39600  -0.2682940E-0016   0.5497794E-0016   0.4075000E+0001   0.1654361E-0020   0.3229313E-0019   0.2074383E-0005  -0.8150039E+0001
     1.40000  -0.2704931E-0016  -0.5497858E-0016   0.4074998E+0001   0.1786710E-0020   0.3451659E-0019   0.2180455E-0005  -0.8150039E+0001
     1.40400  -0.2704931E-0016  -0.4235165E-0021   0.4074997E+0001   0.1945529E-0020   0.3663417E-0019   0.2291515E-0005  -0.8150039E+0001
     1.40800  -0.2726923E-0016  -0.5497858E-0016   0.4074995E+0001   0.2117582E-0020   0.3885764E-0019   0.2407768E-0005  -0.8150039E+0001
     1.41200  -0.2748916E-0016  -0.5497858E-0016   0.4074994E+0001   0.2302871E-0020   0.4139874E-0019   0.2529381E-0005  -0.8150039E+0001
     1.41600  -0.2748917E-0016  -0.4235165E-0021   0.4074992E+0001   0.2461690E-0020   0.4393983E-0019   0.2656474E-0005  -0.8150039E+0001
     1.42000  -0.2770908E-0016  -0.5497858E-0016   0.4074991E+0001   0.2646978E-0020   0.4648093E-0019   0.2789126E-0005  -0.8150039E+0001
     1.42400  -0.2814892E-0016  -0.1099569E-0015   0.4074989E+0001   0.2832266E-0020   0.4923379E-0019   0.2927374E-0005  -0.8150039E+0001
     1.42800  -0.2836883E-0016  -0.5497879E-0016   0.4074987E+0001   0.3044025E-0020   0.5230428E-0019   0.3071218E-0005  -0.8150039E+0001
     1.43200  -0.2858875E-0016  -0.5497879E-0016   0.4074985E+0001   0.3255783E-0020   0.5526890E-0019   0.3220624E-0005  -0.8150039E+0001
     1.43600  -0.2880868E-0016  -0.5497879E-0016   0.4074983E+0001   0.3494011E-0020   0.5844527E-0019   0.3375530E-0005  -0.8150039E+0001
     1.44000  -0.2902861E-0016  -0.5497879E-0016   0.4074981E+0001   0.3732239E-0020   0.6172753E-0019   0.3535854E-0005  -0.8150039E+0001
     1.44400  -0.2902861E-0016  -0.6352747E-0021   0.4074979E+0001   0.3996937E-0020   0.6511566E-0019   0.3701495E-0005  -0.8150039E+0001
     1.44800  -0.2924855E-0016  -0.5497879E-0016   0.4074977E+0001   0.4288104E-0020   0.6860967E-0019   0.3872347E-0005  -0.8150040E+0001
     1.45200  -0.2946846E-0016  -0.5497879E-0016   0.4074974E+0001   0.4579272E-0020   0.7252720E-0019   0.4048296E-0005  -0.8150040E+0001
     1.45600  -0.2968840E-0016  -0.5497879E-0016   0.4074972E+0001   0.4870439E-0020   0.7649766E-0019   0.4229230E-0005  -0.8150040E+0001
     1.46000  -0.2990834E-0016  -0.5497879E-0016   0.4074969E+0001   0.5188077E-0020   0.8052107E-0019   0.4415040E-0005  -0.8150040E+0001
     1.46400  -0.3034821E-0016  -0.1099572E-0015   0.4074967E+0001   0.5532184E-0020   0.8470329E-0019   0.4605622E-0005  -0.8150040E+0001
     1.46800  -0.3078801E-0016  -0.1099572E-0015   0.4074964E+0001   0.5902761E-0020   0.8915022E-0019   0.4800879E-0005  -0.8150040E+0001
     1.47200  -0.3122783E-0016  -0.1099567E-0015   0.4074961E+0001   0.6299808E-0020   0.9343832E-0019   0.5000718E-0005  -0.8150041E+0001
     1.47600  -0.3144777E-0016  -0.5497921E-0016   0.4074958E+0001   0.6696854E-0020   0.9841464E-0019   0.5205049E-0005  -0.8150041E+0001
     1.48000  -0.3188761E-0016  -0.1099567E-0015   0.4074955E+0001   0.7120371E-0020   0.1033645E-0018   0.5413783E-0005  -0.8150041E+0001
     1.48400  -0.3232744E-0016  -0.1099567E-0015   0.4074952E+0001   0.7543887E-0020   0.1083937E-0018   0.5626826E-0005  -0.8150041E+0001
     1.48800  -0.3254735E-0016  -0.5497879E-0016   0.4074948E+0001   0.8020343E-0020   0.1139259E-0018   0.5844074E-0005  -0.8150041E+0001
     1.49200  -0.3276726E-0016  -0.5497879E-0016   0.4074945E+0001   0.8496799E-0020   0.1194052E-0018   0.6065412E-0005  -0.8150042E+0001
     1.49600  -0.3298717E-0016  -0.5497879E-0016   0.4074941E+0001   0.8999725E-0020   0.1253476E-0018   0.6290703E-0005  -0.8150042E+0001
     1.50000  -0.3276726E-0016   0.5497752E-0016   0.4074937E+0001   0.9529121E-0020   0.1312140E-0018   0.6519790E-0005  -0.8150042E+0001
     1.50400  -0.3320708E-0016  -0.1099572E-0015   0.4074933E+0001   0.1008499E-0019   0.1374708E-0018   0.6752487E-0005  -0.8150042E+0001
     1.50800  -0.3364690E-0016  -0.1099572E-0015   0.4074929E+0001   0.1064085E-0019   0.1441147E-0018   0.6988580E-0005  -0.8150042E+0001
     1.51200  -0.3342699E-0016   0.5497752E-0016   0.4074925E+0001   0.1122319E-0019   0.1506528E-0018   0.7227828E-0005  -0.8150042E+0001
     1.51600  -0.3364690E-0016  -0.5497921E-0016   0.4074921E+0001   0.1185846E-0019   0.1578261E-0018   0.7469961E-0005  -0.8150042E+0001
     1.52000  -0.3386681E-0016  -0.5497921E-0016   0.4074916E+0001   0.1252021E-0019   0.1649729E-0018   0.7714688E-0005  -0.8150042E+0001
     1.52400  -0.3386681E-0016  -0.8470329E-0021   0.4074911E+0001   0.1320842E-0019   0.1725565E-0018   0.7961701E-0005  -0.8150042E+0001
     1.52800  -0.3408672E-0016  -0.5497837E-0016   0.4074906E+0001   0.1392310E-0019   0.1803651E-0018   0.8210688E-0005  -0.8150042E+0001
     1.53200  -0.3452655E-0016  -0.1099559E-0015   0.4074901E+0001   0.1469073E-0019   0.1884516E-0018   0.8461340E-0005  -0.8150042E+0001
     1.53600  -0.3474646E-0016  -0.5497837E-0016   0.4074896E+0001   0.1548482E-0019   0.1970807E-0018   0.8713370E-0005  -0.8150042E+0001
     1.54000  -0.3518628E-0016  -0.1099559E-0015   0.4074891E+0001   0.1630538E-0019   0.2053790E-0018   0.8966529E-0005  -0.8150042E+0001
     1.54400  -0.3518623E-0016   0.8470329E-0021   0.4074885E+0001   0.1717889E-0019   0.2146501E-0018   0.9220623E-0005  -0.8150042E+0001
     1.54800  -0.3540614E-0016  -0.5497752E-0016   0.4074879E+0001   0.1807886E-0019   0.2240171E-0018   0.9475535E-0005  -0.8150042E+0001
     1.55200  -0.3562610E-0016  -0.5497752E-0016   0.4074873E+0001   0.1897883E-0019   0.2335760E-0018   0.9731242E-0005  -0.8150042E+0001
     1.55600  -0.3606592E-0016  -0.1099559E-0015   0.4074867E+0001   0.1998468E-0019   0.2435617E-0018   0.9987834E-0005  -0.8150042E+0001
     1.56000  -0.3628583E-0016  -0.5497752E-0016   0.4074860E+0001   0.2101701E-0019   0.2540569E-0018   0.1024553E-0004  -0.8150041E+0001
     1.56400  -0.3606592E-0016   0.5497921E-0016   0.4074853E+0001   0.2207580E-0019   0.2650419E-0018   0.1050471E-0004  -0.8150041E+0001
     1.56800  -0.3628583E-0016  -0.5497752E-0016   0.4074846E+0001   0.2318753E-0019   0.2763974E-0018   0.1076588E-0004  -0.8150041E+0001
     1.57200  -0.3650574E-0016  -0.5497752E-0016   0.4074839E+0001   0.2432573E-0019   0.2874618E-0018   0.1102973E-0004  -0.8150041E+0001
     1.57600  -0.3650574E-0016   0.8470329E-0021   0.4074832E+0001   0.2551687E-0019   0.2999026E-0018   0.1129709E-0004  -0.8150041E+0001
     1.58000  -0.3650574E-0016   0.8470329E-0021   0.4074824E+0001   0.2676095E-0019   0.3118140E-0018   0.1156895E-0004  -0.8150040E+0001
     1.58400  -0.3672565E-0016  -0.5497752E-0016   0.4074816E+0001   0.2805797E-0019   0.3251548E-0018   0.1184644E-0004  -0.8150040E+0001
     1.58800  -0.3716548E-0016  -0.1099559E-0015   0.4074808E+0001   0.2940793E-0019   0.3384955E-0018   0.1213079E-0004  -0.8150040E+0001
     1.59200  -0.3738539E-0016  -0.5497752E-0016   0.4074799E+0001   0.3081082E-0019   0.3518363E-0018   0.1242331E-0004  -0.8150040E+0001
     1.59600  -0.3738539E-0016   0.0000000E+0000   0.4074790E+0001   0.3226666E-0019   0.3660241E-0018   0.1272538E-0004  -0.8150040E+0001
     1.60000  -0.3760530E-0016  -0.5497921E-0016   0.4074781E+0001   0.3377544E-0019   0.3806354E-0018   0.1303835E-0004  -0.8150040E+0001
     1.60400  -0.3760530E-0016   0.0000000E+0000   0.4074771E+0001   0.3536363E-0019   0.3961997E-0018   0.1336356E-0004  -0.8150040E+0001
     1.60800  -0.3804512E-0016  -0.1099567E-0015   0.4074761E+0001   0.3703122E-0019   0.4125050E-0018   0.1370228E-0004  -0.8150040E+0001
     1.61200  -0.3848494E-0016  -0.1099567E-0015   0.4074751E+0001   0.3875176E-0019   0.4289163E-0018   0.1405563E-0004  -0.8150040E+0001
     1.61600  -0.3870496E-0016  -0.5497752E-0016   0.4074740E+0001   0.4052523E-0019   0.4455393E-0018   0.1442458E-0004  -0.8150040E+0001
     1.62000  -0.3870496E-0016   0.1694066E-0020   0.4074730E+0001   0.4237812E-0019   0.4625859E-0018   0.1480989E-0004  -0.8150040E+0001
     1.62400  -0.3936459E-0016  -0.1649343E-0015   0.4074718E+0001   0.4431041E-0019   0.4807971E-0018   0.1521213E-0004  -0.8150040E+0001
     1.62800  -0.3958460E-0016  -0.5497921E-0016   0.4074706E+0001   0.4629564E-0019   0.4991142E-0018   0.1563158E-0004  -0.8150040E+0001
     1.63200  -0.3980441E-0016  -0.5497921E-0016   0.4074694E+0001   0.4838676E-0019   0.5196547E-0018   0.1606829E-0004  -0.8150041E+0001
     1.63600  -0.4024423E-0016  -0.1099584E-0015   0.4074682E+0001   0.5055728E-0019   0.5387130E-0018   0.1652209E-0004  -0.8150041E+0001
     1.64000  -0.4046425E-0016  -0.5498091E-0016   0.4074669E+0001   0.5280721E-0019   0.5598888E-0018   0.1699256E-0004  -0.8150041E+0001
     1.64400  -0.4090407E-0016  -0.1099601E-0015   0.4074655E+0001   0.5511008E-0019   0.5810646E-0018   0.1747907E-0004  -0.8150041E+0001
     1.64800  -0.4134389E-0016  -0.1099601E-0015   0.4074642E+0001   0.5751883E-0019   0.6033522E-0018   0.1798086E-0004  -0.8150042E+0001
     1.65200  -0.4156391E-0016  -0.5498260E-0016   0.4074627E+0001   0.6003346E-0019   0.6260103E-0018   0.1849702E-0004  -0.8150042E+0001
     1.65600  -0.4200394E-0016  -0.1099618E-0015   0.4074612E+0001   0.6262750E-0019   0.6495684E-0018   0.1902663E-0004  -0.8150042E+0001
     1.66000  -0.4222396E-0016  -0.5498260E-0016   0.4074597E+0001   0.6532742E-0019   0.6743441E-0018   0.1956871E-0004  -0.8150043E+0001
     1.66400  -0.4266378E-0016  -0.1099601E-0015   0.4074581E+0001   0.6813321E-0019   0.6995433E-0018   0.2012236E-0004  -0.8150043E+0001
     1.66800  -0.4288380E-0016  -0.5498260E-0016   0.4074565E+0001   0.7104489E-0019   0.7258014E-0018   0.2068678E-0004  -0.8150044E+0001
     1.67200  -0.4288380E-0016  -0.3388132E-0020   0.4074548E+0001   0.7403597E-0019   0.7532770E-0018   0.2126130E-0004  -0.8150044E+0001
     1.67600  -0.4288380E-0016  -0.3388132E-0020   0.4074531E+0001   0.7715941E-0019   0.7812026E-0018   0.2184546E-0004  -0.8150045E+0001
     1.68000  -0.4310381E-0016  -0.5498260E-0016   0.4074512E+0001   0.8041519E-0019   0.8099753E-0018   0.2243899E-0004  -0.8150045E+0001
     1.68400  -0.4332362E-0016  -0.5498260E-0016   0.4074494E+0001   0.8377685E-0019   0.8395685E-0018   0.2304186E-0004  -0.8150045E+0001
     1.68800  -0.4354342E-0016  -0.5498260E-0016   0.4074474E+0001   0.8727086E-0019   0.8706969E-0018   0.2365428E-0004  -0.8150046E+0001
     1.69200  -0.4398346E-0016  -0.1099584E-0015   0.4074454E+0001   0.9089722E-0019   0.9034665E-0018   0.2427666E-0004  -0.8150046E+0001
     1.69600  -0.4442307E-0016  -0.1099584E-0015   0.4074434E+0001   0.9462946E-0019   0.9356538E-0018   0.2490964E-0004  -0.8150047E+0001
     1.70000  -0.4486310E-0016  -0.1099584E-0015   0.4074413E+0001   0.9852052E-0019   0.9696410E-0018   0.2555404E-0004  -0.8150047E+0001
     1.70400  -0.4508291E-0016  -0.5498260E-0016   0.4074390E+0001   0.1025439E-0018   0.1004475E-0017   0.2621079E-0004  -0.8150047E+0001
     1.70800  -0.4530313E-0016  -0.5498260E-0016   0.4074368E+0001   0.1067262E-0018   0.1041215E-0017   0.2688096E-0004  -0.8150048E+0001
     1.71200  -0.4530313E-0016  -0.6776264E-0020   0.4074344E+0001   0.1110407E-0018   0.1078802E-0017   0.2756567E-0004  -0.8150048E+0001
     1.71600  -0.4574317E-0016  -0.1099618E-0015   0.4074320E+0001   0.1155141E-0018   0.1117448E-0017   0.2826604E-0004  -0.8150049E+0001
     1.72000  -0.4596297E-0016  -0.5498260E-0016   0.4074295E+0001   0.1201463E-0018   0.1158106E-0017   0.2898322E-0004  -0.8150049E+0001
     1.72400  -0.4640258E-0016  -0.1099584E-0015   0.4074269E+0001   0.1249374E-0018   0.1199187E-0017   0.2971827E-0004  -0.8150049E+0001
     1.72800  -0.4684219E-0016  -0.1099584E-0015   0.4074242E+0001   0.1298872E-0018   0.1241750E-0017   0.3047222E-0004  -0.8150050E+0001
     1.73200  -0.4706242E-0016  -0.5497921E-0016   0.4074214E+0001   0.1350488E-0018   0.1287067E-0017   0.3124598E-0004  -0.8150050E+0001
     1.73600  -0.4750245E-0016  -0.1099550E-0015   0.4074185E+0001   0.1403692E-0018   0.1332383E-0017   0.3204040E-0004  -0.8150050E+0001
     1.74000  -0.4772226E-0016  -0.5497583E-0016   0.4074156E+0001   0.1459014E-0018   0.1380664E-0017   0.3285622E-0004  -0.8150051E+0001
     1.74400  -0.4794206E-0016  -0.5497583E-0016   0.4074125E+0001   0.1516189E-0018   0.1429792E-0017   0.3369410E-0004  -0.8150051E+0001
     1.74800  -0.4816187E-0016  -0.5497583E-0016   0.4074094E+0001   0.1575481E-0018   0.1479555E-0017   0.3455463E-0004  -0.8150052E+0001
     1.75200  -0.4860148E-0016  -0.1099550E-0015   0.4074061E+0001   0.1636891E-0018   0.1531647E-0017   0.3543836E-0004  -0.8150052E+0001
     1.75600  -0.4860148E-0016   0.0000000E+0000   0.4074027E+0001   0.1700419E-0018   0.1585434E-0017   0.3634579E-0004  -0.8150053E+0001
     1.76000  -0.4904151E-0016  -0.1099584E-0015   0.4073992E+0001   0.1766064E-0018   0.1642185E-0017   0.3727742E-0004  -0.8150053E+0001
     1.76400  -0.4926132E-0016  -0.5497583E-0016   0.4073956E+0001   0.1834091E-0018   0.1698725E-0017   0.3823375E-0004  -0.8150053E+0001
     1.76800  -0.4970135E-0016  -0.1099517E-0015   0.4073919E+0001   0.1904368E-0018   0.1759499E-0017   0.3921530E-0004  -0.8150054E+0001
     1.77200  -0.4970135E-0016   0.6776264E-0020   0.4073880E+0001   0.1977293E-0018   0.1821333E-0017   0.4022262E-0004  -0.8150054E+0001
     1.77600  -0.4970135E-0016   0.6776264E-0020   0.4073840E+0001   0.2052599E-0018   0.1885495E-0017   0.4125627E-0004  -0.8150055E+0001
     1.78000  -0.4992073E-0016  -0.5496905E-0016   0.4073799E+0001   0.2130685E-0018   0.1950717E-0017   0.4231687E-0004  -0.8150055E+0001
     1.78400  -0.5014096E-0016  -0.5496905E-0016   0.4073757E+0001   0.2211418E-0018   0.2018903E-0017   0.4340502E-0004  -0.8150056E+0001
     1.78800  -0.5036034E-0016  -0.5496905E-0016   0.4073713E+0001   0.2294930E-0018   0.2088783E-0017   0.4452133E-0004  -0.8150056E+0001
     1.79200  -0.5102018E-0016  -0.1649207E-0015   0.4073668E+0001   0.2381354E-0018   0.2159934E-0017   0.4566636E-0004  -0.8150057E+0001
     1.79600  -0.5124041E-0016  -0.5496227E-0016   0.4073621E+0001   0.2470822E-0018   0.2236167E-0017   0.4684063E-0004  -0.8150058E+0001
     1.80000  -0.5145979E-0016  -0.5496227E-0016   0.4073572E+0001   0.2563333E-0018   0.2313247E-0017   0.4804454E-0004  -0.8150059E+0001
     1.80400  -0.5145979E-0016   0.1355253E-0019   0.4073522E+0001   0.2659154E-0018   0.2394986E-0017   0.4927834E-0004  -0.8150060E+0001
     1.80800  -0.5145979E-0016   0.1355253E-0019   0.4073471E+0001   0.2758250E-0018   0.2477148E-0017   0.5054210E-0004  -0.8150061E+0001
     1.81200  -0.5190025E-0016  -0.1099449E-0015   0.4073417E+0001   0.2860688E-0018   0.2561004E-0017   0.5183566E-0004  -0.8150062E+0001
     1.81600  -0.5233986E-0016  -0.1099449E-0015   0.4073362E+0001   0.2966617E-0018   0.2648249E-0017   0.5315855E-0004  -0.8150064E+0001
     1.82000  -0.5233986E-0016   0.6776264E-0020   0.4073305E+0001   0.3076185E-0018   0.2739305E-0017   0.5450998E-0004  -0.8150066E+0001
     1.82400  -0.5212048E-0016   0.5498260E-0016   0.4073246E+0001   0.3189608E-0018   0.2835866E-0017   0.5588874E-0004  -0.8150069E+0001
     1.82800  -0.5233986E-0016  -0.5497583E-0016   0.4073186E+0001   0.3306870E-0018   0.2931581E-0017   0.5729319E-0004  -0.8150072E+0001
     1.83200  -0.5233986E-0016   0.6776264E-0020   0.4073123E+0001   0.3428234E-0018   0.3032378E-0017   0.5872118E-0004  -0.8150075E+0001
     1.83600  -0.5277947E-0016  -0.1099517E-0015   0.4073059E+0001   0.3553700E-0018   0.3134869E-0017   0.6017002E-0004  -0.8150079E+0001
     1.84000  -0.5299970E-0016  -0.5496905E-0016   0.4072992E+0001   0.3683270E-0018   0.3239901E-0017   0.6163641E-0004  -0.8150083E+0001
     1.84400  -0.5299970E-0016   0.1355253E-0019   0.4072924E+0001   0.3817207E-0018   0.3350862E-0017   0.6311637E-0004  -0.8150088E+0001
     1.84800  -0.5321908E-0016  -0.5496905E-0016   0.4072853E+0001   0.3955644E-0018   0.3464365E-0017   0.6460527E-0004  -0.8150093E+0001
     1.85200  -0.5321908E-0016   0.1355253E-0019   0.4072781E+0001   0.4098581E-0018   0.3582949E-0017   0.6609773E-0004  -0.8150100E+0001
     1.85600  -0.5343931E-0016  -0.5496905E-0016   0.4072706E+0001   0.4246811E-0018   0.3701534E-0017   0.6758763E-0004  -0.8150107E+0001
     1.86000  -0.5365954E-0016  -0.5496905E-0016   0.4072629E+0001   0.4399807E-0018   0.3823507E-0017   0.6906808E-0004  -0.8150114E+0001
     1.86400  -0.5409830E-0016  -0.1099517E-0015   0.4072550E+0001   0.4557567E-0018   0.3950562E-0017   0.7053144E-0004  -0.8150123E+0001
     1.86800  -0.5431683E-0016  -0.5498260E-0016   0.4072469E+0001   0.4721150E-0018   0.4082699E-0017   0.7196935E-0004  -0.8150133E+0001
     1.87200  -0.5453706E-0016  -0.5498260E-0016   0.4072385E+0001   0.4889498E-0018   0.4218224E-0017   0.7337277E-0004  -0.8150143E+0001
     1.87600  -0.5497752E-0016  -0.1099652E-0015   0.4072299E+0001   0.5064198E-0018   0.4357137E-0017   0.7473205E-0004  -0.8150155E+0001
     1.88000  -0.5497752E-0016  -0.1355253E-0019   0.4072211E+0001   0.5244193E-0018   0.4499439E-0017   0.7603705E-0004  -0.8150168E+0001
     1.88400  -0.5519775E-0016  -0.5499616E-0016   0.4072121E+0001   0.5429481E-0018   0.4641741E-0017   0.7727728E-0004  -0.8150182E+0001
     1.88800  -0.5541798E-0016  -0.5499616E-0016   0.4072029E+0001   0.5620064E-0018   0.4790818E-0017   0.7844204E-0004  -0.8150197E+0001
     1.89200  -0.5585843E-0016  -0.1099788E-0015   0.4071934E+0001   0.5816999E-0018   0.4946672E-0017   0.7952060E-0004  -0.8150213E+0001
     1.89600  -0.5607866E-0016  -0.5499616E-0016   0.4071837E+0001   0.6020287E-0018   0.5102526E-0017   0.8050249E-0004  -0.8150231E+0001
     1.90000  -0.5608036E-0016  -0.1355253E-0019   0.4071738E+0001   0.6232045E-0018   0.5258381E-0017   0.8137764E-0004  -0.8150250E+0001
     1.90400  -0.5629889E-0016  -0.5498260E-0016   0.4071637E+0001   0.6450156E-0018   0.5427787E-0017   0.8213669E-0004  -0.8150269E+0001
     1.90800  -0.5629889E-0016   0.0000000E+0000   0.4071534E+0001   0.6674620E-0018   0.5590417E-0017   0.8277123E-0004  -0.8150290E+0001
     1.91200  -0.5629889E-0016   0.0000000E+0000   0.4071428E+0001   0.6907554E-0018   0.5759824E-0017   0.8327403E-0004  -0.8150311E+0001
     1.91600  -0.5629889E-0016   0.0000000E+0000   0.4071320E+0001   0.7144723E-0018   0.5936007E-0017   0.8363929E-0004  -0.8150334E+0001
     1.92000  -0.5651912E-0016  -0.5498260E-0016   0.4071210E+0001   0.7386127E-0018   0.6112190E-0017   0.8386280E-0004  -0.8150356E+0001
     1.92400  -0.5673765E-0016  -0.5498260E-0016   0.4071098E+0001   0.7636002E-0018   0.6301925E-0017   0.8394212E-0004  -0.8150380E+0001
     1.92800  -0.5717811E-0016  -0.1099652E-0015   0.4070984E+0001   0.7894347E-0018   0.6478108E-0017   0.8387665E-0004  -0.8150403E+0001
     1.93200  -0.5739834E-0016  -0.5498260E-0016   0.4070868E+0001   0.8156927E-0018   0.6681396E-0017   0.8366763E-0004  -0.8150426E+0001
     1.93600  -0.5761857E-0016  -0.5498260E-0016   0.4070749E+0001   0.8436448E-0018   0.6857579E-0017   0.8331812E-0004  -0.8150449E+0001
     1.94000  -0.5783880E-0016  -0.5496905E-0016   0.4070629E+0001   0.8715969E-0018   0.7060867E-0017   0.8283285E-0004  -0.8150472E+0001
     1.94400  -0.5783880E-0016   0.1355253E-0019   0.4070506E+0001   0.9003960E-0018   0.7264155E-0017   0.8221797E-0004  -0.8150494E+0001
     1.94800  -0.5805903E-0016  -0.5496905E-0016   0.4070381E+0001   0.9300422E-0018   0.7453890E-0017   0.8148076E-0004  -0.8150515E+0001
     1.95200  -0.5849948E-0016  -0.1099517E-0015   0.4070254E+0001   0.9613824E-0018   0.7670730E-0017   0.8062925E-0004  -0.8150535E+0001
     1.95600  -0.5893994E-0016  -0.1099517E-0015   0.4070125E+0001   0.9927226E-0018   0.7860466E-0017   0.7967179E-0004  -0.8150554E+0001
     1.96000  -0.5916017E-0016  -0.5498260E-0016   0.4069994E+0001   0.1024910E-0017   0.8077306E-0017   0.7861656E-0004  -0.8150572E+0001
     1.96400  -0.5916017E-0016  -0.1355253E-0019   0.4069860E+0001   0.1058791E-0017   0.8294147E-0017   0.7747109E-0004  -0.8150589E+0001
     1.96800  -0.5938040E-0016  -0.5499616E-0016   0.4069725E+0001   0.1092673E-0017   0.8510987E-0017   0.7624176E-0004  -0.8150604E+0001
     1.97200  -0.5960063E-0016  -0.5499616E-0016   0.4069587E+0001   0.1128248E-0017   0.8727827E-0017   0.7493336E-0004  -0.8150619E+0001
     1.97600  -0.5982085E-0016  -0.5499616E-0016   0.4069447E+0001   0.1163823E-0017   0.8971773E-0017   0.7354870E-0004  -0.8150632E+0001
     1.98000  -0.6026131E-0016  -0.1099652E-0015   0.4069305E+0001   0.1201093E-0017   0.9215718E-0017   0.7208828E-0004  -0.8150644E+0001
     1.98400  -0.6070177E-0016  -0.1099652E-0015   0.4069161E+0001   0.1238362E-0017   0.9432559E-0017   0.7055014E-0004  -0.8150656E+0001
     1.98800  -0.6070177E-0016   0.0000000E+0000   0.4069015E+0001   0.1277326E-0017   0.9676504E-0017   0.6892977E-0004  -0.8150666E+0001
     1.99200  -0.6070177E-0016   0.0000000E+0000   0.4068866E+0001   0.1317983E-0017   0.9920450E-0017   0.6722012E-0004  -0.8150677E+0001
     1.99600  -0.6114223E-0016  -0.1099381E-0015   0.4068715E+0001   0.1358641E-0017   0.1019150E-0016   0.6541189E-0004  -0.8150687E+0001
     2.00000  -0.6158268E-0016  -0.1099381E-0015   0.4068562E+0001   0.1400992E-0017   0.1043545E-0016   0.6349375E-0004  -0.8150697E+0001
     2.00400  -0.6202314E-0016  -0.1099381E-0015   0.4068407E+0001   0.1443344E-0017   0.1067939E-0016   0.6145282E-0004  -0.8150707E+0001
     2.00800  -0.6202314E-0016   0.0000000E+0000   0.4068250E+0001   0.1487390E-0017   0.1095044E-0016   0.5927518E-0004  -0.8150717E+0001
     2.01200  -0.6246360E-0016  -0.1099381E-0015   0.4068090E+0001   0.1531436E-0017   0.1119439E-0016   0.5694640E-0004  -0.8150728E+0001
     2.01600  -0.6290405E-0016  -0.1099381E-0015   0.4067928E+0001   0.1575481E-0017   0.1143833E-0016   0.5445219E-0004  -0.8150739E+0001
     2.02000  -0.6312428E-0016  -0.5496905E-0016   0.4067764E+0001   0.1622915E-0017   0.1170938E-0016   0.5177888E-0004  -0.8150751E+0001
     2.02400  -0.6312428E-0016   0.0000000E+0000   0.4067598E+0001   0.1670349E-0017   0.1198043E-0016   0.4891402E-0004  -0.8150764E+0001
     2.02800  -0.6312428E-0016   0.0000000E+0000   0.4067429E+0001   0.1717783E-0017   0.1225148E-0016   0.4584677E-0004  -0.8150778E+0001
     2.03200  -0.6378497E-0016  -0.1649343E-0015   0.4067259E+0001   0.1768605E-0017   0.1254964E-0016   0.4256818E-0004  -0.8150791E+0001
     2.03600  -0.6400520E-0016  -0.5499616E-0016   0.4067085E+0001   0.1819427E-0017   0.1282069E-0016   0.3907142E-0004  -0.8150806E+0001
     2.04000  -0.6422543E-0016  -0.5499616E-0016   0.4066910E+0001   0.1870249E-0017   0.1309174E-0016   0.3535173E-0004  -0.8150820E+0001
     2.04400  -0.6466588E-0016  -0.1099923E-0015   0.4066732E+0001   0.1924459E-0017   0.1341700E-0016   0.3140633E-0004  -0.8150835E+0001
     2.04800  -0.6488272E-0016  -0.5502326E-0016   0.4066552E+0001   0.1978669E-0017   0.1368805E-0016   0.2723410E-0004  -0.8150849E+0001
     2.05200  -0.6509956E-0016  -0.5502326E-0016   0.4066370E+0001   0.2036267E-0017   0.1398621E-0016   0.2283519E-0004  -0.8150864E+0001
     2.05600  -0.6531640E-0016  -0.5502326E-0016   0.4066186E+0001   0.2093865E-0017   0.1428436E-0016   0.1821050E-0004  -0.8150878E+0001
     2.06000  -0.6553325E-0016  -0.5502326E-0016   0.4065999E+0001   0.2151464E-0017   0.1460962E-0016   0.1336111E-0004  -0.8150891E+0001
     2.06400  -0.6575009E-0016  -0.5502326E-0016   0.4065810E+0001   0.2212450E-0017   0.1490778E-0016   0.8287646E-0005  -0.8150904E+0001
     2.06800  -0.6619054E-0016  -0.1100194E-0015   0.4065618E+0001   0.2273436E-0017   0.1523304E-0016   0.2989743E-0005  -0.8150916E+0001
     2.07200  -0.6641416E-0016  -0.5502326E-0016   0.4065424E+0001   0.2337811E-0017   0.1553120E-0016  -0.2534528E-0005  -0.8150927E+0001
     2.07600  -0.6663100E-0016  -0.5502326E-0016   0.4065228E+0001   0.2402185E-0017   0.1588356E-0016  -0.8289093E-0005  -0.8150938E+0001
     2.08000  -0.6663100E-0016  -0.2710505E-0019   0.4065029E+0001   0.2466560E-0017   0.1620882E-0016  -0.1428020E-0004  -0.8150947E+0001
     2.08400  -0.6663100E-0016  -0.2710505E-0019   0.4064828E+0001   0.2534323E-0017   0.1653408E-0016  -0.2051662E-0004  -0.8150955E+0001
     2.08800  -0.6685462E-0016  -0.5499616E-0016   0.4064625E+0001   0.2602085E-0017   0.1685934E-0016  -0.2700966E-0004  -0.8150963E+0001
     2.09200  -0.6707823E-0016  -0.5502326E-0016   0.4064419E+0001   0.2669848E-0017   0.1718460E-0016  -0.3377312E-0004  -0.8150969E+0001
     2.09600  -0.6730185E-0016  -0.5502326E-0016   0.4064210E+0001   0.2737610E-0017   0.1750987E-0016  -0.4082297E-0004  -0.8150974E+0001
     2.10000  -0.6751869E-0016  -0.5502326E-0016   0.4064000E+0001   0.2805373E-0017   0.1783513E-0016  -0.4817707E-0004  -0.8150978E+0001
     2.10400  -0.6751869E-0016  -0.5421011E-0019   0.4063786E+0001   0.2873136E-0017   0.1821460E-0016  -0.5585465E-0004  -0.8150980E+0001
     2.10800  -0.6751869E-0016  -0.5421011E-0019   0.4063571E+0001   0.2947675E-0017   0.1853986E-0016  -0.6387582E-0004  -0.8150980E+0001
     2.11200  -0.6774231E-0016  -0.5505037E-0016   0.4063352E+0001   0.3022214E-0017   0.1891933E-0016  -0.7226097E-0004  -0.8150979E+0001
     2.11600  -0.6796592E-0016  -0.5505037E-0016   0.4063132E+0001   0.3096752E-0017   0.1924459E-0016  -0.8103020E-0004  -0.8150975E+0001
     2.12000  -0.6840638E-0016  -0.1100194E-0015   0.4062909E+0001   0.3171291E-0017   0.1967827E-0016  -0.9020273E-0004  -0.8150970E+0001
     2.12400  -0.6863000E-0016  -0.5505037E-0016   0.4062683E+0001   0.3245830E-0017   0.2000353E-0016  -0.9979629E-0004  -0.8150961E+0001
     2.12800  -0.6863000E-0016  -0.5421011E-0019   0.4062455E+0001   0.3327145E-0017   0.2038300E-0016  -0.1098267E-0003  -0.8150950E+0001
     2.13200  -0.6863000E-0016  -0.5421011E-0019   0.4062224E+0001   0.3408461E-0017   0.2076247E-0016  -0.1203071E-0003  -0.8150936E+0001
     2.13600  -0.6907045E-0016  -0.1100194E-0015   0.4061991E+0001   0.3496552E-0017   0.2114194E-0016  -0.1312480E-0003  -0.8150920E+0001
     2.14000  -0.6951091E-0016  -0.1100194E-0015   0.4061756E+0001   0.3577867E-0017   0.2152141E-0016  -0.1426561E-0003  -0.8150900E+0001
     2.14400  -0.6995137E-0016  -0.1100194E-0015   0.4061518E+0001   0.3665959E-0017   0.2190088E-0016  -0.1545344E-0003  -0.8150878E+0001
     2.14800  -0.7016821E-0016  -0.5502326E-0016   0.4061277E+0001   0.3760826E-0017   0.2233456E-0016  -0.1668818E-0003  -0.8150853E+0001
     2.15200  -0.7016821E-0016  -0.2710505E-0019   0.4061034E+0001   0.3848918E-0017   0.2271404E-0016  -0.1796922E-0003  -0.8150826E+0001
     2.15600  -0.7016821E-0016  -0.2710505E-0019   0.4060789E+0001   0.3943785E-0017   0.2309351E-0016  -0.1929546E-0003  -0.8150797E+0001
     2.16000  -0.7038505E-0016  -0.5502326E-0016   0.4060541E+0001   0.4038653E-0017   0.2352719E-0016  -0.2066526E-0003  -0.8150767E+0001
     2.16400  -0.7038505E-0016  -0.2710505E-0019   0.4060291E+0001   0.4133521E-0017   0.2390666E-0016  -0.2207639E-0003  -0.8150736E+0001
     2.16800  -0.7082551E-0016  -0.1099652E-0015   0.4060038E+0001   0.4228388E-0017   0.2434034E-0016  -0.2352601E-0003  -0.8150704E+0001
     2.17200  -0.7104912E-0016  -0.5499616E-0016   0.4059783E+0001   0.4323256E-0017   0.2474691E-0016  -0.2501070E-0003  -0.8150673E+0001
     2.17600  -0.7148958E-0016  -0.1099652E-0015   0.4059526E+0001   0.4424900E-0017   0.2518060E-0016  -0.2652637E-0003  -0.8150643E+0001
     2.18000  -0.7170642E-0016  -0.5499616E-0016   0.4059266E+0001   0.4526544E-0017   0.2561428E-0016  -0.2806835E-0003  -0.8150615E+0001
     2.18400  -0.7192326E-0016  -0.5499616E-0016   0.4059004E+0001   0.4634964E-0017   0.2599375E-0016  -0.2963141E-0003  -0.8150588E+0001
     2.18800  -0.7214688E-0016  -0.5499616E-0016   0.4058739E+0001   0.4743385E-0017   0.2645453E-0016  -0.3120980E-0003  -0.8150564E+0001
     2.19200  -0.7214688E-0016   0.0000000E+0000   0.4058472E+0001   0.4851805E-0017   0.2688821E-0016  -0.3279735E-0003  -0.8150543E+0001
     2.19600  -0.7236372E-0016  -0.5499616E-0016   0.4058202E+0001   0.4960225E-0017   0.2734900E-0016  -0.3438758E-0003  -0.8150525E+0001
     2.20000  -0.7237050E-0016   0.0000000E+0000   0.4057931E+0001   0.5075421E-0017   0.2778268E-0016  -0.3597382E-0003  -0.8150510E+0001
     2.20400  -0.7281773E-0016  -0.1099652E-0015   0.4057656E+0001   0.5183842E-0017   0.2824347E-0016  -0.3754942E-0003  -0.8150499E+0001
     2.20800  -0.7304812E-0016  -0.5499616E-0016   0.4057380E+0001   0.5299038E-0017   0.2870425E-0016  -0.3910785E-0003  -0.8150491E+0001
     2.21200  -0.7348180E-0016  -0.1099652E-0015   0.4057101E+0001   0.5414235E-0017   0.2916504E-0016  -0.4064296E-0003  -0.8150486E+0001
     2.21600  -0.7414588E-0016  -0.1649343E-0015   0.4056820E+0001   0.5536207E-0017   0.2959872E-0016  -0.4214917E-0003  -0.8150484E+0001
     2.22000  -0.7459311E-0016  -0.1099652E-0015   0.4056536E+0001   0.5658180E-0017   0.3005951E-0016  -0.4362162E-0003  -0.8150485E+0001
     2.22400  -0.7504034E-0016  -0.1099652E-0015   0.4056250E+0001   0.5773377E-0017   0.3052029E-0016  -0.4505642E-0003  -0.8150488E+0001
     2.22800  -0.7548758E-0016  -0.1099652E-0015   0.4055961E+0001   0.5895349E-0017   0.3100818E-0016  -0.4645081E-0003  -0.8150492E+0001
     2.23200  -0.7615165E-0016  -0.1649614E-0015   0.4055670E+0001   0.6030875E-0017   0.3146897E-0016  -0.4780329E-0003  -0.8150498E+0001
     2.23600  -0.7659888E-0016  -0.1099923E-0015   0.4055377E+0001   0.6166400E-0017   0.3198396E-0016  -0.4911377E-0003  -0.8150503E+0001
     2.24000  -0.7704612E-0016  -0.1099923E-0015   0.4055082E+0001   0.6288373E-0017   0.3244475E-0016  -0.5038363E-0003  -0.8150508E+0001
     2.24400  -0.7747980E-0016  -0.1099923E-0015   0.4054784E+0001   0.6423898E-0017   0.3293264E-0016  -0.5161576E-0003  -0.8150513E+0001
     2.24800  -0.7791348E-0016  -0.1099923E-0015   0.4054483E+0001   0.6559423E-0017   0.3342053E-0016  -0.5281458E-0003  -0.8150515E+0001
     2.25200  -0.7836071E-0016  -0.1099923E-0015   0.4054181E+0001   0.6694948E-0017   0.3390842E-0016  -0.5398592E-0003  -0.8150516E+0001
     2.25600  -0.7859110E-0016  -0.5502326E-0016   0.4053876E+0001   0.6830474E-0017   0.3439631E-0016  -0.5513691E-0003  -0.8150513E+0001
     2.26000  -0.7903834E-0016  -0.1099923E-0015   0.4053568E+0001   0.6965999E-0017   0.3491131E-0016  -0.5627586E-0003  -0.8150508E+0001
     2.26400  -0.7926873E-0016  -0.5499616E-0016   0.4053259E+0001   0.7115077E-0017   0.3542631E-0016  -0.5741196E-0003  -0.8150498E+0001
     2.26800  -0.7993281E-0016  -0.1649614E-0015   0.4052947E+0001   0.7250602E-0017   0.3596841E-0016  -0.5855508E-0003  -0.8150486E+0001
     2.27200  -0.8059688E-0016  -0.1649614E-0015   0.4052633E+0001   0.7386127E-0017   0.3645630E-0016  -0.5971538E-0003  -0.8150469E+0001
     2.27600  -0.8126095E-0016  -0.1649614E-0015   0.4052317E+0001   0.7535205E-0017   0.3699840E-0016  -0.6090307E-0003  -0.8150448E+0001
     2.28000  -0.8147779E-0016  -0.5502326E-0016   0.4051999E+0001   0.7684283E-0017   0.3751340E-0016  -0.6212794E-0003  -0.8150424E+0001
     2.28400  -0.8214187E-0016  -0.1649885E-0015   0.4051679E+0001   0.7833361E-0017   0.3802839E-0016  -0.6339911E-0003  -0.8150397E+0001
     2.28800  -0.8257555E-0016  -0.1100194E-0015   0.4051356E+0001   0.7982438E-0017   0.3857049E-0016  -0.6472458E-0003  -0.8150366E+0001
     2.29200  -0.8257555E-0016  -0.8131516E-0019   0.4051032E+0001   0.8131516E-0017   0.3909904E-0016  -0.6611098E-0003  -0.8150333E+0001
     2.29600  -0.8300923E-0016  -0.1100194E-0015   0.4050705E+0001   0.8294147E-0017   0.3960048E-0016  -0.6756322E-0003  -0.8150298E+0001
     2.30000  -0.8344291E-0016  -0.1100194E-0015   0.4050377E+0001   0.8456777E-0017   0.4016969E-0016  -0.6908430E-0003  -0.8150261E+0001
     2.30400  -0.8344291E-0016  -0.5421011E-0019   0.4050047E+0001   0.8632960E-0017   0.4071179E-0016  -0.7067518E-0003  -0.8150224E+0001
     2.30800  -0.8410698E-0016  -0.1649885E-0015   0.4049715E+0001   0.8795590E-0017   0.4125389E-0016  -0.7233464E-0003  -0.8150186E+0001
     2.31200  -0.8455422E-0016  -0.1100194E-0015   0.4049380E+0001   0.8958220E-0017   0.4179599E-0016  -0.7405935E-0003  -0.8150148E+0001
     2.31600  -0.8521829E-0016  -0.1649885E-0015   0.4049045E+0001   0.9120851E-0017   0.4233132E-0016  -0.7584399E-0003  -0.8150110E+0001
     2.32000  -0.8565197E-0016  -0.1099923E-0015   0.4048707E+0001   0.9297034E-0017   0.4290730E-0016  -0.7768142E-0003  -0.8150073E+0001
     2.32400  -0.8631605E-0016  -0.1649614E-0015   0.4048367E+0001   0.9473216E-0017   0.4345618E-0016  -0.7956306E-0003  -0.8150037E+0001
     2.32800  -0.8654644E-0016  -0.5502326E-0016   0.4048026E+0001   0.9649399E-0017   0.4402877E-0016  -0.8147918E-0003  -0.8150002E+0001
     2.33200  -0.8699367E-0016  -0.1099923E-0015   0.4047683E+0001   0.9825582E-0017   0.4457426E-0016  -0.8341944E-0003  -0.8149968E+0001
     2.33600  -0.8721051E-0016  -0.5502326E-0016   0.4047338E+0001   0.1001532E-0016   0.4516041E-0016  -0.8537331E-0003  -0.8149935E+0001
     2.34000  -0.8765775E-0016  -0.1100194E-0015   0.4046992E+0001   0.1020505E-0016   0.4572114E-0016  -0.8733061E-0003  -0.8149902E+0001
     2.34400  -0.8788814E-0016  -0.5502326E-0016   0.4046644E+0001   0.1039479E-0016   0.4628866E-0016  -0.8928202E-0003  -0.8149871E+0001
     2.34800  -0.8833537E-0016  -0.1099923E-0015   0.4046294E+0001   0.1058452E-0016   0.4688836E-0016  -0.9121951E-0003  -0.8149839E+0001
     2.35200  -0.8856576E-0016  -0.5502326E-0016   0.4045943E+0001   0.1077426E-0016   0.4745417E-0016  -0.9313673E-0003  -0.8149808E+0001
     2.35600  -0.8922984E-0016  -0.1649614E-0015   0.4045590E+0001   0.1096399E-0016   0.4801660E-0016  -0.9502937E-0003  -0.8149777E+0001
     2.36000  -0.8944668E-0016  -0.5499616E-0016   0.4045235E+0001   0.1115373E-0016   0.4860614E-0016  -0.9689532E-0003  -0.8149746E+0001
     2.36400  -0.8944668E-0016   0.0000000E+0000   0.4044879E+0001   0.1134347E-0016   0.4918890E-0016  -0.9873476E-0003  -0.8149713E+0001
     2.36800  -0.8966352E-0016  -0.5496905E-0016   0.4044522E+0001   0.1154675E-0016   0.4977843E-0016  -0.1005501E-0002  -0.8149681E+0001
     2.37200  -0.8966352E-0016   0.0000000E+0000   0.4044163E+0001   0.1173649E-0016   0.5036119E-0016  -0.1023458E-0002  -0.8149647E+0001
     2.37600  -0.8988036E-0016  -0.5496905E-0016   0.4043803E+0001   0.1195333E-0016   0.5098461E-0016  -0.1041282E-0002  -0.8149613E+0001
     2.38000  -0.9009720E-0016  -0.5496905E-0016   0.4043441E+0001   0.1215662E-0016   0.5156737E-0016  -0.1059050E-0002  -0.8149577E+0001
     2.38400  -0.9076127E-0016  -0.1649343E-0015   0.4043078E+0001   0.1235990E-0016   0.5213657E-0016  -0.1076847E-0002  -0.8149541E+0001
     2.38800  -0.9120851E-0016  -0.1099381E-0015   0.4042714E+0001   0.1256319E-0016   0.5271933E-0016  -0.1094762E-0002  -0.8149505E+0001
     2.39200  -0.9185903E-0016  -0.1649072E-0015   0.4042348E+0001   0.1278003E-0016   0.5339696E-0016  -0.1112886E-0002  -0.8149468E+0001
     2.39600  -0.9230626E-0016  -0.1099381E-0015   0.4041982E+0001   0.1299687E-0016   0.5399327E-0016  -0.1131301E-0002  -0.8149431E+0001
     2.40000  -0.9252310E-0016  -0.5496905E-0016   0.4041614E+0001   0.1322727E-0016   0.5458958E-0016  -0.1150078E-0002  -0.8149393E+0001
     2.40400  -0.9297034E-0016  -0.1099381E-0015   0.4041245E+0001   0.1344411E-0016   0.5521300E-0016  -0.1169274E-0002  -0.8149356E+0001
     2.40800  -0.9318718E-0016  -0.5496905E-0016   0.4040875E+0001   0.1367450E-0016   0.5583641E-0016  -0.1188930E-0002  -0.8149319E+0001
     2.41200  -0.9362086E-0016  -0.1099381E-0015   0.4040505E+0001   0.1390489E-0016   0.5635141E-0016  -0.1209067E-0002  -0.8149283E+0001
     2.41600  -0.9406809E-0016  -0.1099381E-0015   0.4040133E+0001   0.1413529E-0016   0.5700193E-0016  -0.1229686E-0002  -0.8149247E+0001
     2.42000  -0.9406809E-0016   0.2710505E-0019   0.4039761E+0001   0.1436568E-0016   0.5765245E-0016  -0.1250772E-0002  -0.8149212E+0001
     2.42400  -0.9428493E-0016  -0.5496905E-0016   0.4039387E+0001   0.1459607E-0016   0.5822166E-0016  -0.1272294E-0002  -0.8149178E+0001
     2.42800  -0.9473216E-0016  -0.1099381E-0015   0.4039013E+0001   0.1484002E-0016   0.5881797E-0016  -0.1294206E-0002  -0.8149144E+0001
     2.43200  -0.9494901E-0016  -0.5494195E-0016   0.4038639E+0001   0.1508396E-0016   0.5944138E-0016  -0.1316458E-0002  -0.8149110E+0001
     2.43600  -0.9538269E-0016  -0.1099110E-0015   0.4038263E+0001   0.1531436E-0016   0.6006480E-0016  -0.1338992E-0002  -0.8149077E+0001
     2.44000  -0.9581637E-0016  -0.1099110E-0015   0.4037887E+0001   0.1555830E-0016   0.6071532E-0016  -0.1361752E-0002  -0.8149044E+0001
     2.44400  -0.9626360E-0016  -0.1099110E-0015   0.4037511E+0001   0.1580225E-0016   0.6136584E-0016  -0.1384686E-0002  -0.8149010E+0001
     2.44800  -0.9648044E-0016  -0.5491484E-0016   0.4037134E+0001   0.1605297E-0016   0.6196215E-0016  -0.1407751E-0002  -0.8148975E+0001
     2.45200  -0.9692767E-0016  -0.1098839E-0015   0.4036756E+0001   0.1630369E-0016   0.6261268E-0016  -0.1430916E-0002  -0.8148940E+0001
     2.45600  -0.9714451E-0016  -0.5491484E-0016   0.4036378E+0001   0.1655441E-0016   0.6320899E-0016  -0.1454160E-0002  -0.8148902E+0001
     2.46000  -0.9757820E-0016  -0.1098839E-0015   0.4035999E+0001   0.1681191E-0016   0.6385951E-0016  -0.1477477E-0002  -0.8148863E+0001
     2.46400  -0.9779504E-0016  -0.5491484E-0016   0.4035621E+0001   0.1706941E-0016   0.6451003E-0016  -0.1500876E-0002  -0.8148822E+0001
     2.46800  -0.9845911E-0016  -0.1648529E-0015   0.4035242E+0001   0.1732691E-0016   0.6505213E-0016  -0.1524373E-0002  -0.8148778E+0001
     2.47200  -0.9889279E-0016  -0.1098568E-0015   0.4034862E+0001   0.1759118E-0016   0.6570265E-0016  -0.1547997E-0002  -0.8148732E+0001
     2.47600  -0.9912318E-0016  -0.5488773E-0016   0.4034483E+0001   0.1785545E-0016   0.6635317E-0016  -0.1571780E-0002  -0.8148684E+0001
     2.48000  -0.9912318E-0016   0.8131516E-0019   0.4034103E+0001   0.1811973E-0016   0.6694948E-0016  -0.1595756E-0002  -0.8148633E+0001
     2.48400  -0.9957042E-0016  -0.1098839E-0015   0.4033724E+0001   0.1839078E-0016   0.6754580E-0016  -0.1619959E-0002  -0.8148580E+0001
     2.48800  -0.9978726E-0016  -0.5491484E-0016   0.4033344E+0001   0.1866861E-0016   0.6825053E-0016  -0.1644413E-0002  -0.8148525E+0001
     2.49200  -0.1002209E-0015  -0.1099110E-0015   0.4032965E+0001   0.1893966E-0016   0.6890105E-0016  -0.1669139E-0002  -0.8148469E+0001
     2.49600  -0.1008850E-0015  -0.1648800E-0015   0.4032586E+0001   0.1921748E-0016   0.6944315E-0016  -0.1694142E-0002  -0.8148412E+0001
     2.50000  -0.1011154E-0015  -0.5494195E-0016   0.4032207E+0001   0.1949531E-0016   0.7009367E-0016  -0.1719418E-0002  -0.8148354E+0001
     2.50400  -0.1013322E-0015  -0.5494195E-0016   0.4031829E+0001   0.1977314E-0016   0.7074419E-0016  -0.1744947E-0002  -0.8148296E+0001
     2.50800  -0.1017659E-0015  -0.1099110E-0015   0.4031451E+0001   0.2006452E-0016   0.7128629E-0016  -0.1770700E-0002  -0.8148239E+0001
     2.51200  -0.1022132E-0015  -0.1099110E-0015   0.4031073E+0001   0.2034912E-0016   0.7199102E-0016  -0.1796633E-0002  -0.8148182E+0001
     2.51600  -0.1024436E-0015  -0.5494195E-0016   0.4030696E+0001   0.2064050E-0016   0.7264155E-0016  -0.1822697E-0002  -0.8148127E+0001
     2.52000  -0.1028772E-0015  -0.1099110E-0015   0.4030320E+0001   0.2093188E-0016   0.7318365E-0016  -0.1848834E-0002  -0.8148074E+0001
     2.52400  -0.1028772E-0015   0.5421011E-0019   0.4029945E+0001   0.2122665E-0016   0.7383417E-0016  -0.1874986E-0002  -0.8148023E+0001
     2.52800  -0.1035278E-0015  -0.1648800E-0015   0.4029571E+0001   0.2152480E-0016   0.7448469E-0016  -0.1901093E-0002  -0.8147975E+0001
     2.53200  -0.1035278E-0015   0.5421011E-0019   0.4029198E+0001   0.2182296E-0016   0.7513521E-0016  -0.1927099E-0002  -0.8147930E+0001
     2.53600  -0.1037581E-0015  -0.5494195E-0016   0.4028825E+0001   0.2212789E-0016   0.7567731E-0016  -0.1952955E-0002  -0.8147888E+0001
     2.54000  -0.1039750E-0015  -0.5494195E-0016   0.4028454E+0001   0.2243621E-0016   0.7632783E-0016  -0.1978618E-0002  -0.8147850E+0001
     2.54400  -0.1044087E-0015  -0.1099110E-0015   0.4028085E+0001   0.2274453E-0016   0.7686993E-0016  -0.2004055E-0002  -0.8147814E+0001
     2.54800  -0.1048424E-0015  -0.1099110E-0015   0.4027716E+0001   0.2305624E-0016   0.7752046E-0016  -0.2029245E-0002  -0.8147783E+0001
     2.55200  -0.1052760E-0015  -0.1099110E-0015   0.4027349E+0001   0.2336964E-0016   0.7806256E-0016  -0.2054174E-0002  -0.8147754E+0001
     2.55600  -0.1059266E-0015  -0.1648936E-0015   0.4026984E+0001   0.2368304E-0016   0.7871308E-0016  -0.2078839E-0002  -0.8147729E+0001
     2.56000  -0.1059266E-0015   0.4065758E-0019   0.4026620E+0001   0.2399983E-0016   0.7925518E-0016  -0.2103244E-0002  -0.8147708E+0001
     2.56400  -0.1063602E-0015  -0.1099110E-0015   0.4026258E+0001   0.2431916E-0016   0.7990570E-0016  -0.2127402E-0002  -0.8147689E+0001
     2.56800  -0.1065771E-0015  -0.5492839E-0016   0.4025898E+0001   0.2464104E-0016   0.8044780E-0016  -0.2151327E-0002  -0.8147673E+0001
     2.57200  -0.1070108E-0015  -0.1098974E-0015   0.4025540E+0001   0.2496545E-0016   0.8109832E-0016  -0.2175041E-0002  -0.8147660E+0001
     2.57600  -0.1072276E-0015  -0.5491484E-0016   0.4025184E+0001   0.2529283E-0016   0.8185726E-0016  -0.2198565E-0002  -0.8147648E+0001
     2.58000  -0.1072276E-0015   0.5421011E-0019   0.4024830E+0001   0.2562190E-0016   0.8229094E-0016  -0.2221922E-0002  -0.8147638E+0001
     2.58400  -0.1072276E-0015   0.5421011E-0019   0.4024478E+0001   0.2595309E-0016   0.8294147E-0016  -0.2245132E-0002  -0.8147630E+0001
     2.58800  -0.1074444E-0015  -0.5492839E-0016   0.4024128E+0001   0.2628767E-0016   0.8359199E-0016  -0.2268217E-0002  -0.8147622E+0001
     2.59200  -0.1074444E-0015   0.4743385E-0019   0.4023781E+0001   0.2662394E-0016   0.8413409E-0016  -0.2291194E-0002  -0.8147615E+0001
     2.59600  -0.1076613E-0015  -0.5493517E-0016   0.4023437E+0001   0.2696275E-0016   0.8467619E-0016  -0.2314081E-0002  -0.8147609E+0001
     2.60000  -0.1080950E-0015  -0.1099110E-0015   0.4023095E+0001   0.2730326E-0016   0.8521829E-0016  -0.2336890E-0002  -0.8147602E+0001
     2.60400  -0.1083118E-0015  -0.5493517E-0016   0.4022757E+0001   0.2764716E-0016   0.8576039E-0016  -0.2359635E-0002  -0.8147596E+0001
     2.60800  -0.1087726E-0015  -0.1099110E-0015   0.4022421E+0001   0.2798936E-0016   0.8630249E-0016  -0.2382324E-0002  -0.8147589E+0001
     2.61200  -0.1089894E-0015  -0.5493178E-0016   0.4022089E+0001   0.2833833E-0016   0.8695301E-0016  -0.2404968E-0002  -0.8147581E+0001
     2.61600  -0.1092063E-0015  -0.5493178E-0016   0.4021760E+0001   0.2868731E-0016   0.8744091E-0016  -0.2427574E-0002  -0.8147574E+0001
     2.62000  -0.1089894E-0015   0.5502326E-0016   0.4021434E+0001   0.2903968E-0016   0.8792880E-0016  -0.2450149E-0002  -0.8147566E+0001
     2.62400  -0.1092063E-0015  -0.5493178E-0016   0.4021113E+0001   0.2939543E-0016   0.8847090E-0016  -0.2472700E-0002  -0.8147559E+0001
     2.62800  -0.1092063E-0015   0.4573978E-0019   0.4020795E+0001   0.2975457E-0016   0.8912142E-0016  -0.2495234E-0002  -0.8147552E+0001
     2.63200  -0.1094231E-0015  -0.5493178E-0016   0.4020482E+0001   0.3011372E-0016   0.8955510E-0016  -0.2517760E-0002  -0.8147546E+0001
     2.63600  -0.1096399E-0015  -0.5493517E-0016   0.4020173E+0001   0.3047286E-0016   0.9004299E-0016  -0.2540285E-0002  -0.8147541E+0001
     2.64000  -0.1096399E-0015   0.4743385E-0019   0.4019868E+0001   0.3083878E-0016   0.9058509E-0016  -0.2562818E-0002  -0.8147537E+0001
     2.64400  -0.1098568E-0015  -0.5492839E-0016   0.4019569E+0001   0.3120469E-0016   0.9096456E-0016  -0.2585371E-0002  -0.8147534E+0001
     2.64800  -0.1102905E-0015  -0.1099042E-0015   0.4019275E+0001   0.3157061E-0016   0.9161508E-0016  -0.2607955E-0002  -0.8147532E+0001
     2.65200  -0.1102905E-0015   0.4743385E-0019   0.4018986E+0001   0.3193653E-0016   0.9204876E-0016  -0.2630581E-0002  -0.8147532E+0001
     2.65600  -0.1102905E-0015   0.5421011E-0019   0.4018703E+0001   0.3230922E-0016   0.9259087E-0016  -0.2653261E-0002  -0.8147534E+0001
     2.66000  -0.1102905E-0015   0.5421011E-0019   0.4018425E+0001   0.3268192E-0016   0.9302455E-0016  -0.2676007E-0002  -0.8147536E+0001
     2.66400  -0.1107241E-0015  -0.1098974E-0015   0.4018155E+0001   0.3305461E-0016   0.9345823E-0016  -0.2698826E-0002  -0.8147540E+0001
     2.66800  -0.1107241E-0015   0.5421011E-0019   0.4017890E+0001   0.3343408E-0016   0.9400033E-0016  -0.2721726E-0002  -0.8147544E+0001
     2.67200  -0.1109410E-0015  -0.5492839E-0016   0.4017633E+0001   0.3381356E-0016   0.9443401E-0016  -0.2744707E-0002  -0.8147548E+0001
     2.67600  -0.1111578E-0015  -0.5492839E-0016   0.4017383E+0001   0.3419303E-0016   0.9481348E-0016  -0.2767763E-0002  -0.8147552E+0001
     2.68000  -0.1111578E-0015   0.5421011E-0019   0.4017140E+0001   0.3457250E-0016   0.9513874E-0016  -0.2790883E-0002  -0.8147556E+0001
     2.68400  -0.1113747E-0015  -0.5494195E-0016   0.4016905E+0001   0.3495197E-0016   0.9562663E-0016  -0.2814045E-0002  -0.8147558E+0001
     2.68800  -0.1115915E-0015  -0.5494195E-0016   0.4016679E+0001   0.3533821E-0016   0.9606031E-0016  -0.2837220E-0002  -0.8147559E+0001
     2.69200  -0.1115915E-0015   0.5421011E-0019   0.4016461E+0001   0.3571769E-0016   0.9638557E-0016  -0.2860367E-0002  -0.8147558E+0001
     2.69600  -0.1118083E-0015  -0.5491484E-0016   0.4016252E+0001   0.3611071E-0016   0.9671083E-0016  -0.2883438E-0002  -0.8147554E+0001
     2.70000  -0.1118083E-0015   0.8131516E-0019   0.4016053E+0001   0.3649696E-0016   0.9709030E-0016  -0.2906375E-0002  -0.8147548E+0001
     2.70400  -0.1118083E-0015   0.8131516E-0019   0.4015864E+0001   0.3688998E-0016   0.9736136E-0016  -0.2929115E-0002  -0.8147539E+0001
     2.70800  -0.1118083E-0015   0.8131516E-0019   0.4015685E+0001   0.3728300E-0016   0.9774083E-0016  -0.2951586E-0002  -0.8147527E+0001
     2.71200  -0.1120252E-0015  -0.5488773E-0016   0.4015516E+0001   0.3767603E-0016   0.9801188E-0016  -0.2973718E-0002  -0.8147512E+0001
     2.71600  -0.1124724E-0015  -0.1098839E-0015   0.4015359E+0001   0.3806905E-0016   0.9822872E-0016  -0.2995437E-0002  -0.8147494E+0001
     2.72000  -0.1124724E-0015   0.8131516E-0019   0.4015213E+0001   0.3846207E-0016   0.9844556E-0016  -0.3016673E-0002  -0.8147474E+0001
     2.72400  -0.1126893E-0015  -0.5488773E-0016   0.4015080E+0001   0.3885510E-0016   0.9871661E-0016  -0.3037361E-0002  -0.8147452E+0001
     2.72800  -0.1129061E-0015  -0.5488773E-0016   0.4014959E+0001   0.3924812E-0016   0.9898766E-0016  -0.3057444E-0002  -0.8147429E+0001
     2.73200  -0.1129061E-0015   0.1084202E-0018   0.4014851E+0001   0.3964114E-0016   0.9925871E-0016  -0.3076873E-0002  -0.8147404E+0001
     2.73600  -0.1133533E-0015  -0.1098297E-0015   0.4014757E+0001   0.4004772E-0016   0.9936713E-0016  -0.3095612E-0002  -0.8147380E+0001
     2.74000  -0.1138006E-0015  -0.1098297E-0015   0.4014678E+0001   0.4044074E-0016   0.9958397E-0016  -0.3113634E-0002  -0.8147356E+0001
     2.74400  -0.1142478E-0015  -0.1098297E-0015   0.4014613E+0001   0.4083376E-0016   0.9963818E-0016  -0.3130927E-0002  -0.8147334E+0001
     2.74800  -0.1144646E-0015  -0.5486063E-0016   0.4014564E+0001   0.4124034E-0016   0.9974660E-0016  -0.3147491E-0002  -0.8147313E+0001
     2.75200  -0.1146815E-0015  -0.5486063E-0016   0.4014531E+0001   0.4163336E-0016   0.9980081E-0016  -0.3163337E-0002  -0.8147295E+0001
     2.75600  -0.1148983E-0015  -0.5486063E-0016   0.4014514E+0001   0.4203994E-0016   0.9990923E-0016  -0.3178486E-0002  -0.8147280E+0001
     2.76000  -0.1146815E-0015   0.5507747E-0016   0.4014515E+0001   0.4244652E-0016   0.9985502E-0016  -0.3192971E-0002  -0.8147269E+0001
     2.76400  -0.1151287E-0015  -0.1098297E-0015   0.4014534E+0001   0.4283954E-0016   0.9985502E-0016  -0.3206831E-0002  -0.8147261E+0001
     2.76800  -0.1153591E-0015  -0.5486063E-0016   0.4014571E+0001   0.4324611E-0016   0.9990923E-0016  -0.3220114E-0002  -0.8147256E+0001
     2.77200  -0.1157928E-0015  -0.1098297E-0015   0.4014628E+0001   0.4363914E-0016   0.9990923E-0016  -0.3232874E-0002  -0.8147254E+0001
     2.77600  -0.1162400E-0015  -0.1098297E-0015   0.4014705E+0001   0.4403216E-0016   0.9974660E-0016  -0.3245170E-0002  -0.8147255E+0001
     2.78000  -0.1166873E-0015  -0.1098297E-0015   0.4014803E+0001   0.4442518E-0016   0.9963818E-0016  -0.3257065E-0002  -0.8147259E+0001
     2.78400  -0.1171209E-0015  -0.1098297E-0015   0.4014922E+0001   0.4481821E-0016   0.9942134E-0016  -0.3268625E-0002  -0.8147265E+0001
     2.78800  -0.1173513E-0015  -0.5486063E-0016   0.4015064E+0001   0.4522478E-0016   0.9931292E-0016  -0.3279921E-0002  -0.8147272E+0001
     2.79200  -0.1175682E-0015  -0.5486063E-0016   0.4015228E+0001   0.4561781E-0016   0.9887924E-0016  -0.3291026E-0002  -0.8147281E+0001
     2.79600  -0.1180019E-0015  -0.1098297E-0015   0.4015417E+0001   0.4601083E-0016   0.9871661E-0016  -0.3302016E-0002  -0.8147291E+0001
     2.80000  -0.1182187E-0015  -0.5480642E-0016   0.4015630E+0001   0.4640385E-0016   0.9839135E-0016  -0.3312968E-0002  -0.8147303E+0001
     2.80400  -0.1184355E-0015  -0.5480642E-0016   0.4015869E+0001   0.4679688E-0016   0.9812030E-0016  -0.3323960E-0002  -0.8147316E+0001
     2.80800  -0.1184355E-0015   0.2168404E-0018   0.4016133E+0001   0.4718990E-0016   0.9763241E-0016  -0.3335071E-0002  -0.8147330E+0001
     2.81200  -0.1188692E-0015  -0.1097213E-0015   0.4016425E+0001   0.4756937E-0016   0.9725293E-0016  -0.3346380E-0002  -0.8147346E+0001
     2.81600  -0.1190996E-0015  -0.5475221E-0016   0.4016745E+0001   0.4796239E-0016   0.9665662E-0016  -0.3357961E-0002  -0.8147364E+0001
     2.82000  -0.1195333E-0015  -0.1097213E-0015   0.4017093E+0001   0.4834186E-0016   0.9627715E-0016  -0.3369888E-0002  -0.8147385E+0001
     2.82400  -0.1195333E-0015   0.2168404E-0018   0.4017471E+0001   0.4872134E-0016   0.9568084E-0016  -0.3382226E-0002  -0.8147407E+0001
     2.82800  -0.1197501E-0015  -0.5475221E-0016   0.4017879E+0001   0.4910081E-0016   0.9503032E-0016  -0.3395035E-0002  -0.8147432E+0001
     2.83200  -0.1197501E-0015   0.2168404E-0018   0.4018318E+0001   0.4946672E-0016   0.9437980E-0016  -0.3408366E-0002  -0.8147459E+0001
     2.83600  -0.1197501E-0015   0.2168404E-0018   0.4018789E+0001   0.4984619E-0016   0.9351244E-0016  -0.3422258E-0002  -0.8147488E+0001
     2.84000  -0.1201838E-0015  -0.1097213E-0015   0.4019292E+0001   0.5021211E-0016   0.9275350E-0016  -0.3436741E-0002  -0.8147519E+0001
     2.84400  -0.1204007E-0015  -0.5475221E-0016   0.4019828E+0001   0.5059158E-0016   0.9199455E-0016  -0.3451833E-0002  -0.8147550E+0001
     2.84800  -0.1208479E-0015  -0.1097213E-0015   0.4020398E+0001   0.5094395E-0016   0.9107298E-0016  -0.3467541E-0002  -0.8147581E+0001
     2.85200  -0.1210715E-0015  -0.5475221E-0016   0.4021002E+0001   0.5130987E-0016   0.9020562E-0016  -0.3483858E-0002  -0.8147612E+0001
     2.85600  -0.1210715E-0015   0.2168404E-0018   0.4021642E+0001   0.5167579E-0016   0.8917563E-0016  -0.3500770E-0002  -0.8147641E+0001
     2.86000  -0.1215120E-0015  -0.1097213E-0015   0.4022316E+0001   0.5202815E-0016   0.8801011E-0016  -0.3518249E-0002  -0.8147669E+0001
     2.86400  -0.1217288E-0015  -0.5475221E-0016   0.4023026E+0001   0.5236696E-0016   0.8689880E-0016  -0.3536262E-0002  -0.8147694E+0001
     2.86800  -0.1219456E-0015  -0.5475221E-0016   0.4023773E+0001   0.5271933E-0016   0.8595013E-0016  -0.3554766E-0002  -0.8147717E+0001
     2.87200  -0.1221625E-0015  -0.5475221E-0016   0.4024555E+0001   0.5305814E-0016   0.8445935E-0016  -0.3573712E-0002  -0.8147737E+0001
     2.87600  -0.1221625E-0015   0.2168404E-0018   0.4025374E+0001   0.5339696E-0016   0.8340225E-0016  -0.3593044E-0002  -0.8147754E+0001
     2.88000  -0.1221625E-0015   0.2168404E-0018   0.4026230E+0001   0.5372222E-0016   0.8191147E-0016  -0.3612699E-0002  -0.8147769E+0001
     2.88400  -0.1225962E-0015  -0.1097213E-0015   0.4027121E+0001   0.5403393E-0016   0.8058333E-0016  -0.3632607E-0002  -0.8147780E+0001
     2.88800  -0.1225962E-0015   0.2168404E-0018   0.4028050E+0001   0.5434563E-0016   0.7903834E-0016  -0.3652690E-0002  -0.8147789E+0001
     2.89200  -0.1228130E-0015  -0.5475221E-0016   0.4029014E+0001   0.5465734E-0016   0.7754756E-0016  -0.3672860E-0002  -0.8147796E+0001
     2.89600  -0.1230298E-0015  -0.5475221E-0016   0.4030014E+0001   0.5495550E-0016   0.7600257E-0016  -0.3693017E-0002  -0.8147802E+0001
     2.90000  -0.1232501E-0015  -0.5475221E-0016   0.4031049E+0001   0.5525365E-0016   0.7437627E-0016  -0.3713046E-0002  -0.8147805E+0001
     2.90400  -0.1234703E-0015  -0.5475221E-0016   0.4032118E+0001   0.5555181E-0016   0.7258734E-0016  -0.3732820E-0002  -0.8147807E+0001
     2.90800  -0.1234669E-0015   0.2168404E-0018   0.4033222E+0001   0.5583641E-0016   0.7079840E-0016  -0.3752192E-0002  -0.8147808E+0001
     2.91200  -0.1236871E-0015  -0.5475221E-0016   0.4034359E+0001   0.5610746E-0016   0.6900947E-0016  -0.3771000E-0002  -0.8147809E+0001
     2.91600  -0.1241259E-0015  -0.1097213E-0015   0.4035528E+0001   0.5637851E-0016   0.6716632E-0016  -0.3789063E-0002  -0.8147808E+0001
     2.92000  -0.1243444E-0015  -0.5475221E-0016   0.4036729E+0001   0.5664956E-0016   0.6537739E-0016  -0.3806186E-0002  -0.8147807E+0001
     2.92400  -0.1247832E-0015  -0.1097213E-0015   0.4037959E+0001   0.5692061E-0016   0.6331741E-0016  -0.3822155E-0002  -0.8147805E+0001
     2.92800  -0.1247819E-0015   0.3252607E-0018   0.4039219E+0001   0.5716456E-0016   0.6120321E-0016  -0.3836747E-0002  -0.8147803E+0001
     2.93200  -0.1252203E-0015  -0.1096128E-0015   0.4040505E+0001   0.5740851E-0016   0.5919744E-0016  -0.3849729E-0002  -0.8147800E+0001
     2.93600  -0.1256590E-0015  -0.1096128E-0015   0.4041818E+0001   0.5762535E-0016   0.5708324E-0016  -0.3860861E-0002  -0.8147797E+0001
     2.94000  -0.1263163E-0015  -0.1645819E-0015   0.4043155E+0001   0.5784219E-0016   0.5491484E-0016  -0.3869906E-0002  -0.8147795E+0001
     2.94400  -0.1267551E-0015  -0.1096128E-0015   0.4044515E+0001   0.5805903E-0016   0.5252960E-0016  -0.3876626E-0002  -0.8147792E+0001
     2.94800  -0.1269736E-0015  -0.5464379E-0016   0.4045896E+0001   0.5827587E-0016   0.5036119E-0016  -0.3880794E-0002  -0.8147790E+0001
     2.95200  -0.1269736E-0015   0.3252607E-0018   0.4047296E+0001   0.5846560E-0016   0.4803016E-0016  -0.3882195E-0002  -0.8147789E+0001
     2.95600  -0.1274141E-0015  -0.1096128E-0015   0.4048713E+0001   0.5862823E-0016   0.4580754E-0016  -0.3880630E-0002  -0.8147787E+0001
     2.96000  -0.1276309E-0015  -0.5464379E-0016   0.4050145E+0001   0.5881797E-0016   0.4336809E-0016  -0.3875921E-0002  -0.8147787E+0001
     2.96400  -0.1278545E-0015  -0.5464379E-0016   0.4051589E+0001   0.5900770E-0016   0.4109126E-0016  -0.3867916E-0002  -0.8147787E+0001
     2.96800  -0.1280714E-0015  -0.5464379E-0016   0.4053045E+0001   0.5917033E-0016   0.3881444E-0016  -0.3856491E-0002  -0.8147788E+0001
     2.97200  -0.1285118E-0015  -0.1096128E-0015   0.4054509E+0001   0.5933296E-0016   0.3632077E-0016  -0.3841553E-0002  -0.8147790E+0001
     2.97600  -0.1289523E-0015  -0.1096128E-0015   0.4055980E+0001   0.5946849E-0016   0.3398974E-0016  -0.3823041E-0002  -0.8147792E+0001
     2.98000  -0.1291691E-0015  -0.5464379E-0016   0.4057454E+0001   0.5960401E-0016   0.3155028E-0016  -0.3800935E-0002  -0.8147795E+0001
     2.98400  -0.1293860E-0015  -0.5464379E-0016   0.4058931E+0001   0.5971243E-0016   0.2894820E-0016  -0.3775252E-0002  -0.8147798E+0001
     2.98800  -0.1293860E-0015   0.3252607E-0018   0.4060407E+0001   0.5982085E-0016   0.2656295E-0016  -0.3746050E-0002  -0.8147802E+0001
     2.99200  -0.1293860E-0015   0.3252607E-0018   0.4061881E+0001   0.5990217E-0016   0.2412350E-0016  -0.3713432E-0002  -0.8147805E+0001
     2.99600  -0.1296028E-0015  -0.5464379E-0016   0.4063350E+0001   0.5998349E-0016   0.2162983E-0016  -0.3677546E-0002  -0.8147808E+0001
     3.00000  -0.1296028E-0015   0.3252607E-0018   0.4064813E+0001   0.6003770E-0016   0.1924459E-0016  -0.3638584E-0002  -0.8147811E+0001
     3.00400  -0.1298197E-0015  -0.5464379E-0016   0.4066267E+0001   0.6009191E-0016   0.1669671E-0016  -0.3596788E-0002  -0.8147814E+0001
     3.00800  -0.1300365E-0015  -0.5464379E-0016   0.4067711E+0001   0.6014612E-0016   0.1431147E-0016  -0.3552447E-0002  -0.8147815E+0001
     3.01200  -0.1302533E-0015  -0.5464379E-0016   0.4069142E+0001   0.6020033E-0016   0.1214306E-0016  -0.3505895E-0002  -0.8147816E+0001
     3.01600  -0.1309174E-0015  -0.1645819E-0015   0.4070560E+0001   0.6022743E-0016   0.9866240E-0017  -0.3457516E-0002  -0.8147817E+0001
     3.02000  -0.1309174E-0015   0.3252607E-0018   0.4071962E+0001   0.6025454E-0016   0.7372575E-0017  -0.3407741E-0002  -0.8147816E+0001
     3.02400  -0.1311343E-0015  -0.5464379E-0016   0.4073348E+0001   0.6028164E-0016   0.4987330E-0017  -0.3357042E-0002  -0.8147815E+0001
     3.02800  -0.1313511E-0015  -0.5464379E-0016   0.4074716E+0001   0.6030875E-0016   0.2818926E-0017  -0.3305936E-0002  -0.8147813E+0001
     3.03200  -0.1313511E-0015   0.3252607E-0018   0.4076066E+0001   0.6030875E-0016   0.5421011E-0018  -0.3254979E-0002  -0.8147811E+0001
     3.03600  -0.1313511E-0015   0.3252607E-0018   0.4077395E+0001   0.6030875E-0016  -0.1626303E-0017  -0.3204763E-0002  -0.8147808E+0001
     3.04000  -0.1317848E-0015  -0.1096128E-0015   0.4078705E+0001   0.6028164E-0016  -0.4011548E-0017  -0.3155912E-0002  -0.8147805E+0001
     3.04400  -0.1324488E-0015  -0.1645819E-0015   0.4079994E+0001   0.6025454E-0016  -0.6179952E-0017  -0.3109076E-0002  -0.8147802E+0001
     3.04800  -0.1328825E-0015  -0.1096128E-0015   0.4081262E+0001   0.6022743E-0016  -0.8456777E-0017  -0.3064924E-0002  -0.8147799E+0001
     3.05200  -0.1333162E-0015  -0.1096128E-0015   0.4082509E+0001   0.6020033E-0016  -0.1029992E-0016  -0.3024139E-0002  -0.8147796E+0001
     3.05600  -0.1337634E-0015  -0.1096128E-0015   0.4083735E+0001   0.6017322E-0016  -0.1246832E-0016  -0.2987410E-0002  -0.8147794E+0001
     3.06000  -0.1339803E-0015  -0.5464379E-0016   0.4084941E+0001   0.6011901E-0016  -0.1452831E-0016  -0.2955419E-0002  -0.8147791E+0001
     3.06400  -0.1344140E-0015  -0.1096128E-0015   0.4086127E+0001   0.6006480E-0016  -0.1637145E-0016  -0.2928836E-0002  -0.8147788E+0001
     3.06800  -0.1346308E-0015  -0.5464379E-0016   0.4087294E+0001   0.5998349E-0016  -0.1832302E-0016  -0.2908308E-0002  -0.8147786E+0001
     3.07200  -0.1350645E-0015  -0.1096128E-0015   0.4088442E+0001   0.5990217E-0016  -0.2016616E-0016  -0.2894444E-0002  -0.8147783E+0001
     3.07600  -0.1352813E-0015  -0.5464379E-0016   0.4089572E+0001   0.5982085E-0016  -0.2222614E-0016  -0.2887810E-0002  -0.8147781E+0001
     3.08000  -0.1354982E-0015  -0.5464379E-0016   0.4090686E+0001   0.5973954E-0016  -0.2406929E-0016  -0.2888915E-0002  -0.8147778E+0001
     3.08400  -0.1354982E-0015   0.3252607E-0018   0.4091785E+0001   0.5963112E-0016  -0.2602085E-0016  -0.2898202E-0002  -0.8147775E+0001
     3.08800  -0.1359318E-0015  -0.1096128E-0015   0.4092869E+0001   0.5952270E-0016  -0.2775558E-0016  -0.2916038E-0002  -0.8147772E+0001
     3.09200  -0.1366095E-0015  -0.1645819E-0015   0.4093940E+0001   0.5941428E-0016  -0.2949030E-0016  -0.2942704E-0002  -0.8147769E+0001
     3.09600  -0.1368263E-0015  -0.5453537E-0016   0.4095000E+0001   0.5930586E-0016  -0.3144186E-0016  -0.2978392E-0002  -0.8147766E+0001
     3.10000  -0.1370432E-0015  -0.5453537E-0016   0.4096049E+0001   0.5917033E-0016  -0.3317659E-0016  -0.3023192E-0002  -0.8147762E+0001
     3.10400  -0.1374768E-0015  -0.1095044E-0015   0.4097089E+0001   0.5900770E-0016  -0.3491131E-0016  -0.3077096E-0002  -0.8147759E+0001
     3.10800  -0.1376937E-0015  -0.5453537E-0016   0.4098121E+0001   0.5887218E-0016  -0.3642919E-0016  -0.3139985E-0002  -0.8147756E+0001
     3.11200  -0.1383442E-0015  -0.1645819E-0015   0.4099147E+0001   0.5870955E-0016  -0.3816392E-0016  -0.3211637E-0002  -0.8147753E+0001
     3.11600  -0.1388050E-0015  -0.1096128E-0015   0.4100167E+0001   0.5860113E-0016  -0.3989864E-0016  -0.3291722E-0002  -0.8147750E+0001
     3.12000  -0.1390218E-0015  -0.5464379E-0016   0.4101183E+0001   0.5843850E-0016  -0.4163336E-0016  -0.3379804E-0002  -0.8147748E+0001
     3.12400  -0.1394826E-0015  -0.1096128E-0015   0.4102195E+0001   0.5827587E-0016  -0.4315125E-0016  -0.3475349E-0002  -0.8147747E+0001
     3.12800  -0.1401602E-0015  -0.1645819E-0015   0.4103204E+0001   0.5811324E-0016  -0.4510281E-0016  -0.3577729E-0002  -0.8147747E+0001
     3.13200  -0.1405939E-0015  -0.1097213E-0015   0.4104210E+0001   0.5789640E-0016  -0.4662069E-0016  -0.3686226E-0002  -0.8147749E+0001
     3.13600  -0.1412715E-0015  -0.1645819E-0015   0.4105215E+0001   0.5767956E-0016  -0.4835542E-0016  -0.3800050E-0002  -0.8147752E+0001
     3.14000  -0.1417052E-0015  -0.1095044E-0015   0.4106217E+0001   0.5746272E-0016  -0.4987330E-0016  -0.3918341E-0002  -0.8147757E+0001
     3.14400  -0.1421660E-0015  -0.1095044E-0015   0.4107218E+0001   0.5724587E-0016  -0.5139118E-0016  -0.4040187E-0002  -0.8147764E+0001
     3.14800  -0.1428165E-0015  -0.1643650E-0015   0.4108217E+0001   0.5702903E-0016  -0.5312591E-0016  -0.4164636E-0002  -0.8147773E+0001
     3.15200  -0.1432502E-0015  -0.1092876E-0015   0.4109213E+0001   0.5681219E-0016  -0.5486063E-0016  -0.4290711E-0002  -0.8147785E+0001
     3.15600  -0.1434942E-0015  -0.5442695E-0016   0.4110206E+0001   0.5659535E-0016  -0.5659535E-0016  -0.4417422E-0002  -0.8147799E+0001
     3.16000  -0.1439278E-0015  -0.1095044E-0015   0.4111196E+0001   0.5632430E-0016  -0.5833008E-0016  -0.4543787E-0002  -0.8147815E+0001
     3.16400  -0.1443615E-0015  -0.1095044E-0015   0.4112180E+0001   0.5605325E-0016  -0.5984796E-0016  -0.4668840E-0002  -0.8147834E+0001
     3.16800  -0.1448223E-0015  -0.1095044E-0015   0.4113159E+0001   0.5578220E-0016  -0.6136584E-0016  -0.4791655E-0002  -0.8147855E+0001
     3.17200  -0.1450391E-0015  -0.5442695E-0016   0.4114131E+0001   0.5551115E-0016  -0.6310057E-0016  -0.4911354E-0002  -0.8147878E+0001
     3.17600  -0.1454999E-0015  -0.1092876E-0015   0.4115094E+0001   0.5529431E-0016  -0.6461845E-0016  -0.5027125E-0002  -0.8147902E+0001
     3.18000  -0.1454999E-0015   0.6505213E-0018   0.4116047E+0001   0.5502326E-0016  -0.6613633E-0016  -0.5138234E-0002  -0.8147927E+0001
     3.18400  -0.1454999E-0015   0.6505213E-0018   0.4116988E+0001   0.5475221E-0016  -0.6787106E-0016  -0.5244041E-0002  -0.8147954E+0001
     3.18800  -0.1457168E-0015  -0.5421011E-0016   0.4117916E+0001   0.5448116E-0016  -0.6960578E-0016  -0.5344009E-0002  -0.8147981E+0001
     3.19200  -0.1457168E-0015   0.6505213E-0018   0.4118829E+0001   0.5415590E-0016  -0.7090682E-0016  -0.5437720E-0002  -0.8148009E+0001
     3.19600  -0.1459336E-0015  -0.5442695E-0016   0.4119725E+0001   0.5388485E-0016  -0.7242471E-0016  -0.5524882E-0002  -0.8148037E+0001
     3.20000  -0.1459336E-0015   0.6505213E-0018   0.4120603E+0001   0.5361380E-0016  -0.7394259E-0016  -0.5605339E-0002  -0.8148064E+0001
     3.20400  -0.1457168E-0015   0.5572799E-0016   0.4121462E+0001   0.5334275E-0016  -0.7524363E-0016  -0.5679082E-0002  -0.8148091E+0001
     3.20800  -0.1457168E-0015   0.8673617E-0018   0.4122298E+0001   0.5301749E-0016  -0.7654467E-0016  -0.5746253E-0002  -0.8148118E+0001
     3.21200  -0.1459336E-0015  -0.5421011E-0016   0.4123112E+0001   0.5274644E-0016  -0.7827940E-0016  -0.5807150E-0002  -0.8148143E+0001
     3.21600  -0.1461505E-0015  -0.5421011E-0016   0.4123902E+0001   0.5242118E-0016  -0.7936360E-0016  -0.5862231E-0002  -0.8148168E+0001
     3.22000  -0.1461505E-0015   0.6505213E-0018   0.4124667E+0001   0.5209591E-0016  -0.8066464E-0016  -0.5912112E-0002  -0.8148191E+0001
     3.22400  -0.1463673E-0015  -0.5442695E-0016   0.4125406E+0001   0.5171644E-0016  -0.8218252E-0016  -0.5957566E-0002  -0.8148212E+0001
     3.22800  -0.1468010E-0015  -0.1095044E-0015   0.4126119E+0001   0.5139118E-0016  -0.8326673E-0016  -0.5999519E-0002  -0.8148232E+0001
     3.23200  -0.1470178E-0015  -0.5442695E-0016   0.4126805E+0001   0.5106592E-0016  -0.8456777E-0016  -0.6039040E-0002  -0.8148250E+0001
     3.23600  -0.1469636E-0015   0.6505213E-0018   0.4127463E+0001   0.5068645E-0016  -0.8543513E-0016  -0.6077332E-0002  -0.8148265E+0001
     3.24000  -0.1471804E-0015  -0.5442695E-0016   0.4128095E+0001   0.5030698E-0016  -0.8673617E-0016  -0.6115718E-0002  -0.8148279E+0001
     3.24400  -0.1476141E-0015  -0.1095044E-0015   0.4128700E+0001   0.4998172E-0016  -0.8782038E-0016  -0.6155629E-0002  -0.8148292E+0001
     3.24800  -0.1482646E-0015  -0.1645819E-0015   0.4129280E+0001   0.4965646E-0016  -0.8868774E-0016  -0.6198584E-0002  -0.8148302E+0001
     3.25200  -0.1486983E-0015  -0.1097213E-0015   0.4129834E+0001   0.4933120E-0016  -0.8977194E-0016  -0.6246173E-0002  -0.8148312E+0001
     3.25600  -0.1489152E-0015  -0.5464379E-0016   0.4130364E+0001   0.4895173E-0016  -0.9063930E-0016  -0.6300039E-0002  -0.8148322E+0001
     3.26000  -0.1489152E-0015   0.4336809E-0018   0.4130871E+0001   0.4857226E-0016  -0.9150666E-0016  -0.6361855E-0002  -0.8148331E+0001
     3.26400  -0.1489152E-0015   0.4336809E-0018   0.4131358E+0001   0.4819279E-0016  -0.9259087E-0016  -0.6433310E-0002  -0.8148341E+0001
     3.26800  -0.1493488E-0015  -0.1095044E-0015   0.4131825E+0001   0.4781332E-0016  -0.9302455E-0016  -0.6516084E-0002  -0.8148352E+0001
     3.27200  -0.1497825E-0015  -0.1095044E-0015   0.4132275E+0001   0.4748806E-0016  -0.9389191E-0016  -0.6611833E-0002  -0.8148364E+0001
     3.27600  -0.1502162E-0015  -0.1095044E-0015   0.4132709E+0001   0.4705437E-0016  -0.9454243E-0016  -0.6722170E-0002  -0.8148379E+0001
     3.28000  -0.1499994E-0015   0.5551115E-0016   0.4133131E+0001   0.4672911E-0016  -0.9562663E-0016  -0.6848646E-0002  -0.8148395E+0001
     3.28400  -0.1502162E-0015  -0.5442695E-0016   0.4133542E+0001   0.4629543E-0016  -0.9627715E-0016  -0.6992740E-0002  -0.8148413E+0001
     3.28800  -0.1502162E-0015   0.6505213E-0018   0.4133945E+0001   0.4586175E-0016  -0.9671083E-0016  -0.7155840E-0002  -0.8148432E+0001
     3.29200  -0.1506499E-0015  -0.1092876E-0015   0.4134343E+0001   0.4553649E-0016  -0.9757820E-0016  -0.7339234E-0002  -0.8148453E+0001
     3.29600  -0.1508667E-0015  -0.5421011E-0016   0.4134738E+0001   0.4510281E-0016  -0.9822872E-0016  -0.7544099E-0002  -0.8148475E+0001
     3.30000  -0.1505957E-0015   0.5572799E-0016   0.4135133E+0001   0.4466913E-0016  -0.9866240E-0016  -0.7771488E-0002  -0.8148498E+0001
     3.30400  -0.1510294E-0015  -0.1092876E-0015   0.4135530E+0001   0.4434387E-0016  -0.9952976E-0016  -0.8022332E-0002  -0.8148521E+0001
     3.30800  -0.1512462E-0015  -0.5442695E-0016   0.4135932E+0001   0.4401861E-0016  -0.9974660E-0016  -0.8297423E-0002  -0.8148543E+0001
     3.31200  -0.1512462E-0015   0.4336809E-0018   0.4136341E+0001   0.4369335E-0016  -0.1006140E-0015  -0.8597420E-0002  -0.8148566E+0001
     3.31600  -0.1514630E-0015  -0.5442695E-0016   0.4136761E+0001   0.4325967E-0016  -0.1016982E-0015  -0.8922840E-0002  -0.8148588E+0001
     3.32000  -0.1518967E-0015  -0.1095044E-0015   0.4137193E+0001   0.4282599E-0016  -0.1019150E-0015  -0.9274062E-0002  -0.8148611E+0001
     3.32400  -0.1521136E-0015  -0.5442695E-0016   0.4137640E+0001   0.4239230E-0016  -0.1029992E-0015  -0.9651324E-0002  -0.8148633E+0001
     3.32800  -0.1521136E-0015   0.4336809E-0018   0.4138104E+0001   0.4195862E-0016  -0.1032160E-0015  -0.1005473E-0001  -0.8148655E+0001
     3.33200  -0.1523304E-0015  -0.5464379E-0016   0.4138589E+0001   0.4152494E-0016  -0.1045171E-0015  -0.1048425E-0001  -0.8148678E+0001
     3.33600  -0.1525472E-0015  -0.5464379E-0016   0.4139095E+0001   0.4109126E-0016  -0.1051676E-0015  -0.1093973E-0001  -0.8148702E+0001
     3.34000  -0.1529809E-0015  -0.1097213E-0015   0.4139626E+0001   0.4065758E-0016  -0.1058181E-0015  -0.1142090E-0001  -0.8148728E+0001
     3.34400  -0.1529809E-0015   0.2168404E-0018   0.4140184E+0001   0.4022390E-0016  -0.1066855E-0015  -0.1192736E-0001  -0.8148755E+0001
     3.34800  -0.1534146E-0015  -0.1097213E-0015   0.4140770E+0001   0.3979022E-0016  -0.1077697E-0015  -0.1245863E-0001  -0.8148785E+0001
     3.35200  -0.1538483E-0015  -0.1097213E-0015   0.4141388E+0001   0.3946496E-0016  -0.1084202E-0015  -0.1301412E-0001  -0.8148816E+0001
     3.35600  -0.1536314E-0015   0.5551115E-0016   0.4142040E+0001   0.3903128E-0016  -0.1099381E-0015  -0.1359316E-0001  -0.8148849E+0001
     3.36000  -0.1542820E-0015  -0.1643650E-0015   0.4142729E+0001   0.3848918E-0016  -0.1103718E-0015  -0.1419501E-0001  -0.8148884E+0001
     3.36400  -0.1547157E-0015  -0.1092876E-0015   0.4143456E+0001   0.3805550E-0016  -0.1125402E-0015  -0.1481887E-0001  -0.8148920E+0001
     3.36800  -0.1551493E-0015  -0.1092876E-0015   0.4144225E+0001   0.3751340E-0016  -0.1136244E-0015  -0.1546387E-0001  -0.8148957E+0001
     3.37200  -0.1553662E-0015  -0.5421011E-0016   0.4145039E+0001   0.3707971E-0016  -0.1142749E-0015  -0.1612911E-0001  -0.8148992E+0001
     3.37600  -0.1555830E-0015  -0.5421011E-0016   0.4145900E+0001   0.3664603E-0016  -0.1160096E-0015  -0.1681362E-0001  -0.8149027E+0001
     3.38000  -0.1560167E-0015  -0.1092876E-0015   0.4146813E+0001   0.3621235E-0016  -0.1175275E-0015  -0.1751641E-0001  -0.8149059E+0001
     3.38400  -0.1562335E-0015  -0.5464379E-0016   0.4147781E+0001   0.3567025E-0016  -0.1183949E-0015  -0.1823645E-0001  -0.8149087E+0001
     3.38800  -0.1562335E-0015   0.4336809E-0018   0.4148807E+0001   0.3512815E-0016  -0.1201296E-0015  -0.1897267E-0001  -0.8149111E+0001
     3.39200  -0.1564504E-0015  -0.5464379E-0016   0.4149896E+0001   0.3458605E-0016  -0.1218643E-0015  -0.1972395E-0001  -0.8149130E+0001
     3.39600  -0.1566672E-0015  -0.5464379E-0016   0.4151052E+0001   0.3404395E-0016  -0.1240327E-0015  -0.2048913E-0001  -0.8149142E+0001
     3.40000  -0.1568841E-0015  -0.5464379E-0016   0.4152280E+0001   0.3361027E-0016  -0.1255506E-0015  -0.2126698E-0001  -0.8149148E+0001
     3.40400  -0.1566672E-0015   0.5507747E-0016   0.4153584E+0001   0.3317659E-0016  -0.1277190E-0015  -0.2205619E-0001  -0.8149147E+0001
     3.40800  -0.1571009E-0015  -0.1101549E-0015   0.4154971E+0001   0.3263449E-0016  -0.1294537E-0015  -0.2285540E-0001  -0.8149139E+0001
     3.41200  -0.1575346E-0015  -0.1101549E-0015   0.4156445E+0001   0.3209238E-0016  -0.1320558E-0015  -0.2366313E-0001  -0.8149125E+0001
     3.41600  -0.1581851E-0015  -0.1652324E-0015   0.4158012E+0001   0.3155028E-0016  -0.1343326E-0015  -0.2447778E-0001  -0.8149103E+0001
     3.42000  -0.1584019E-0015  -0.5551115E-0016   0.4159679E+0001   0.3100818E-0016  -0.1375853E-0015  -0.2529764E-0001  -0.8149076E+0001
     3.42400  -0.1586188E-0015  -0.5551115E-0016   0.4161451E+0001   0.3046608E-0016  -0.1394284E-0015  -0.2612085E-0001  -0.8149044E+0001
     3.42800  -0.1587272E-0015   0.0000000E+0000   0.4163335E+0001   0.2992398E-0016  -0.1432231E-0015  -0.2694543E-0001  -0.8149007E+0001
     3.43200  -0.1589440E-0015  -0.5551115E-0016   0.4165339E+0001   0.2927346E-0016  -0.1454999E-0015  -0.2776919E-0001  -0.8148968E+0001
     3.43600  -0.1593777E-0015  -0.1101549E-0015   0.4167469E+0001   0.2862294E-0016  -0.1501620E-0015  -0.2858981E-0001  -0.8148926E+0001
     3.44000  -0.1593777E-0015  -0.8673617E-0018   0.4169732E+0001   0.2797242E-0016  -0.1539567E-0015  -0.2940477E-0001  -0.8148884E+0001
     3.44400  -0.1598114E-0015  -0.1110223E-0015   0.4172137E+0001   0.2732189E-0016  -0.1564504E-0015  -0.3021140E-0001  -0.8148842E+0001
     3.44800  -0.1600282E-0015  -0.5637851E-0016   0.4174690E+0001   0.2667137E-0016  -0.1606788E-0015  -0.3100683E-0001  -0.8148802E+0001
     3.45200  -0.1604619E-0015  -0.1118897E-0015   0.4177399E+0001   0.2602085E-0016  -0.1657745E-0015  -0.3178804E-0001  -0.8148764E+0001
     3.45600  -0.1606788E-0015  -0.5724587E-0016   0.4180273E+0001   0.2537033E-0016  -0.1691355E-0015  -0.3255185E-0001  -0.8148730E+0001
     3.46000  -0.1610040E-0015  -0.5724587E-0016   0.4183319E+0001   0.2471981E-0016  -0.1742313E-0015  -0.3329490E-0001  -0.8148701E+0001
     3.46400  -0.1610040E-0015  -0.2602085E-0017   0.4186546E+0001   0.2396087E-0016  -0.1806281E-0015  -0.3401375E-0001  -0.8148676E+0001
     3.46800  -0.1613293E-0015  -0.5724587E-0016   0.4189963E+0001   0.2320193E-0016  -0.1852902E-0015  -0.3470481E-0001  -0.8148656E+0001
     3.47200  -0.1613293E-0015  -0.2602085E-0017   0.4193578E+0001   0.2244298E-0016  -0.1916327E-0015  -0.3536441E-0001  -0.8148643E+0001
     3.47600  -0.1617630E-0015  -0.1118897E-0015   0.4197400E+0001   0.2168404E-0016  -0.1958611E-0015  -0.3598881E-0001  -0.8148635E+0001
     3.48000  -0.1619798E-0015  -0.5637851E-0016   0.4201438E+0001   0.2092510E-0016  -0.2035590E-0015  -0.3657426E-0001  -0.8148634E+0001
     3.48400  -0.1621966E-0015  -0.5637851E-0016   0.4205702E+0001   0.2016616E-0016  -0.2103894E-0015  -0.3711696E-0001  -0.8148638E+0001
     3.48800  -0.1628472E-0015  -0.1665335E-0015   0.4210200E+0001   0.1929880E-0016  -0.2163525E-0015  -0.3761316E-0001  -0.8148648E+0001
     3.49200  -0.1626303E-0015   0.5290907E-0016   0.4214944E+0001   0.1832302E-0016  -0.2235896E-0015  -0.3805914E-0001  -0.8148663E+0001
     3.49600  -0.1626303E-0015  -0.2602085E-0017   0.4219943E+0001   0.1734723E-0016  -0.2316940E-0015  -0.3845129E-0001  -0.8148683E+0001
     3.50000  -0.1624135E-0015   0.5204170E-0016   0.4225208E+0001   0.1647987E-0016  -0.2393647E-0015  -0.3878608E-0001  -0.8148708E+0001
     3.50400  -0.1628472E-0015  -0.1127570E-0015   0.4230749E+0001   0.1539567E-0016  -0.2483230E-0015  -0.3906014E-0001  -0.8148736E+0001
     3.50800  -0.1634977E-0015  -0.1674008E-0015   0.4236580E+0001   0.1431147E-0016  -0.2572744E-0015  -0.3927022E-0001  -0.8148767E+0001
     3.51200  -0.1637145E-0015  -0.2602085E-0017   0.4242711E+0001   0.1322727E-0016  -0.2666527E-0015  -0.3941330E-0001  -0.8148800E+0001
     3.51600  -0.1637145E-0015  -0.2602085E-0017   0.4249155E+0001   0.1203464E-0016  -0.2777455E-0015  -0.3948655E-0001  -0.8148836E+0001
     3.52000  -0.1641482E-0015  -0.1127570E-0015   0.4255928E+0001   0.1095044E-0016  -0.2884249E-0015  -0.3948736E-0001  -0.8148874E+0001
     3.52400  -0.1639314E-0015   0.5204170E-0016   0.4263042E+0001   0.9757820E-0017  -0.2990772E-0015  -0.3941336E-0001  -0.8148913E+0001
     3.52800  -0.1641482E-0015  -0.5811324E-0016   0.4270514E+0001   0.8565197E-0017  -0.3101902E-0015  -0.3926247E-0001  -0.8148953E+0001
     3.53200  -0.1639314E-0015   0.5204170E-0016   0.4278360E+0001   0.7264155E-0017  -0.3234175E-0015  -0.3903288E-0001  -0.8148995E+0001
     3.53600  -0.1641482E-0015  -0.5811324E-0016   0.4286596E+0001   0.5963112E-0017  -0.3349101E-0015  -0.3872308E-0001  -0.8149038E+0001
     3.54000  -0.1639314E-0015   0.5204170E-0016   0.4295240E+0001   0.4662069E-0017  -0.3494384E-0015  -0.3833188E-0001  -0.8149082E+0001
     3.54400  -0.1641482E-0015  -0.5811324E-0016   0.4304311E+0001   0.3144186E-0017  -0.3639667E-0015  -0.3785842E-0001  -0.8149127E+0001
     3.54800  -0.1639314E-0015   0.5204170E-0016   0.4313831E+0001   0.1626303E-0017  -0.3797960E-0015  -0.3730219E-0001  -0.8149174E+0001
     3.55200  -0.1641482E-0015  -0.5724587E-0016   0.4323821E+0001   0.0000000E+0000  -0.3956254E-0015  -0.3666303E-0001  -0.8149223E+0001
     3.55600  -0.1639314E-0015   0.5290907E-0016   0.4334306E+0001  -0.1626303E-0017  -0.4118884E-0015  -0.3594113E-0001  -0.8149274E+0001
     3.56000  -0.1641482E-0015  -0.5724587E-0016   0.4345311E+0001  -0.3361027E-0017  -0.4285851E-0015  -0.3513705E-0001  -0.8149328E+0001
     3.56400  -0.1643650E-0015  -0.5724587E-0016   0.4356855E+0001  -0.5204170E-0017  -0.4474502E-0015  -0.3425173E-0001  -0.8149383E+0001
     3.56800  -0.1645819E-0015  -0.5724587E-0016   0.4368957E+0001  -0.7047314E-0017  -0.4676164E-0015  -0.3328651E-0001  -0.8149442E+0001
     3.57200  -0.1645819E-0015  -0.2602085E-0017   0.4381638E+0001  -0.8998878E-0017  -0.4864815E-0015  -0.3224183E-0001  -0.8149502E+0001
     3.57600  -0.1647987E-0015  -0.5811324E-0016   0.4394932E+0001  -0.1105886E-0016  -0.5075150E-0015  -0.3111770E-0001  -0.8149565E+0001
     3.58000  -0.1647987E-0015  -0.2602085E-0017   0.4408886E+0001  -0.1311885E-0016  -0.5289822E-0015  -0.2991422E-0001  -0.8149630E+0001
     3.58400  -0.1652324E-0015  -0.1127570E-0015   0.4423555E+0001  -0.1539567E-0016  -0.5520757E-0015  -0.2863236E-0001  -0.8149697E+0001
     3.58800  -0.1650156E-0015   0.5290907E-0016   0.4438986E+0001  -0.1767250E-0016  -0.5767956E-0015  -0.2727462E-0001  -0.8149765E+0001
     3.59200  -0.1650156E-0015  -0.1734723E-0017   0.4455211E+0001  -0.2005774E-0016  -0.6019490E-0015  -0.2584567E-0001  -0.8149834E+0001
     3.59600  -0.1652324E-0015  -0.5637851E-0016   0.4472231E+0001  -0.2255141E-0016  -0.6288373E-0015  -0.2435254E-0001  -0.8149904E+0001
     3.60000  -0.1656661E-0015  -0.1110223E-0015   0.4490009E+0001  -0.2515349E-0016  -0.6570265E-0015  -0.2280448E-0001  -0.8149974E+0001
     3.60400  -0.1656661E-0015  -0.8673617E-0018   0.4508471E+0001  -0.2786400E-0016  -0.6858663E-0015  -0.2121238E-0001  -0.8150044E+0001
     3.60800  -0.1658829E-0015  -0.5551115E-0016   0.4529574E+0001  -0.3068292E-0016  -0.7168745E-0015  -0.1966179E-0001  -0.8150113E+0001
     3.61200  -0.1656661E-0015   0.5377643E-0016   0.4557479E+0001  -0.3371869E-0016  -0.7509184E-0015  -0.1816962E-0001  -0.8150180E+0001
     3.61600  -0.1656661E-0015  -0.8673617E-0018   0.4595860E+0001  -0.3686287E-0016  -0.7977560E-0015  -0.1674286E-0001  -0.8150247E+0001
     3.62000  -0.1660998E-0015  -0.1101549E-0015   0.4647795E+0001  -0.4033232E-0016  -0.8608565E-0015  -0.1537468E-0001  -0.8150311E+0001
     3.62400  -0.1663166E-0015  -0.5464379E-0016   0.4715572E+0001  -0.4401861E-0016  -0.9465085E-0015  -0.1404660E-0001  -0.8150373E+0001
     3.62800  -0.1665335E-0015  -0.5464379E-0016   0.4800584E+0001  -0.4824700E-0016  -0.1058832E-0014  -0.1273208E-0001  -0.8150433E+0001
     3.63200  -0.1671840E-0015  -0.1643650E-0015   0.4903362E+0001  -0.5301749E-0016  -0.1199344E-0014  -0.1140085E-0001  -0.8150491E+0001
     3.63600  -0.1676177E-0015  -0.1097213E-0015   0.5023696E+0001  -0.5843850E-0016  -0.1368480E-0014  -0.1002311E-0001  -0.8150547E+0001
     3.64000  -0.1678345E-0015  -0.5464379E-0016   0.5160821E+0001  -0.6472687E-0016  -0.1567540E-0014  -0.8573295E-0002  -0.8150600E+0001
     3.64400  -0.1684850E-0015  -0.1097213E-0015   0.5313650E+0001  -0.7188260E-0016  -0.1793704E-0014  -0.7032582E-0002  -0.8150651E+0001
     3.64800  -0.1684850E-0015   0.4336809E-0018   0.5322403E+0001  -0.8012254E-0016  -0.2046540E-0014  -0.5234268E-0002  -0.8150700E+0001
     3.65200   0.9142350E-0004   0.2285587E-0001   0.5321894E+0001  -0.8990958E-0007  -0.2247739E-0004  -0.3463472E-0002  -0.8150747E+0001
     3.65600   0.3711777E-0003   0.6993855E-0001   0.5320274E+0001  -0.2719727E-0006  -0.4551579E-0004  -0.1737197E-0002  -0.8150792E+0001
     3.66000   0.9294745E-0003   0.1395742E+0000   0.5317013E+0001  -0.4542701E-0006  -0.4557433E-0004  -0.6166047E-0004  -0.8150835E+0001
     3.66400   0.1843738E-0002   0.2285658E+0000   0.5311654E+0001  -0.4648726E-0006  -0.2650637E-0005   0.1554334E-0002  -0.8150876E+0001
     3.66800   0.3174049E-0002   0.3325777E+0000   0.5303844E+0001  -0.7558743E-0007   0.9732130E-0004   0.3100295E-0002  -0.8150914E+0001
     3.67200   0.4960415E-0002   0.4465916E+0000   0.5293347E+0001   0.9686104E-0006   0.2610494E-0003   0.4564761E-0002  -0.8150949E+0001
     3.67600   0.7221905E-0002   0.5653726E+0000   0.5280051E+0001   0.2918825E-0005   0.4875536E-0003   0.5935916E-0002  -0.8150981E+0001
     3.68000   0.9957482E-0002   0.6838941E+0000   0.5263962E+0001   0.5994203E-0005   0.7688444E-0003   0.7202123E-0002  -0.8151009E+0001
     3.68400   0.1314819E-0001   0.7976772E+0000   0.5245191E+0001   0.1035971E-0004   0.1091377E-0002   0.8352461E-0002  -0.8151034E+0001
     3.68800   0.1676026E-0001   0.9030178E+0000   0.5223937E+0001   0.1611159E-0004   0.1437969E-0002   0.9377262E-0002  -0.8151054E+0001
     3.69200   0.2074864E-0001   0.9970933E+0000   0.5200465E+0001   0.2327094E-0004   0.1789839E-0002   0.1029609E-0001  -0.8151070E+0001
     3.69600   0.2506132E-0001   0.1078172E+0001   0.5175082E+0001   0.3180938E-0004   0.2134609E-0002   0.1110745E-0001  -0.8151081E+0001
     3.70000   0.2964494E-0001   0.1145903E+0001   0.5148100E+0001   0.4164734E-0004   0.2459490E-0002   0.1180571E-0001  -0.8151087E+0001
     3.70400   0.3444904E-0001   0.1201026E+0001   0.5119818E+0001   0.5266419E-0004   0.2754214E-0002   0.1238608E-0001  -0.8151089E+0001
     3.70800   0.3942907E-0001   0.1245006E+0001   0.5090498E+0001   0.6471208E-0004   0.3011971E-0002   0.1284747E-0001  -0.8151085E+0001
     3.71200   0.4454758E-0001   0.1279629E+0001   0.5060360E+0001   0.7763026E-0004   0.3229545E-0002   0.1319419E-0001  -0.8151076E+0001
     3.71600   0.4977408E-0001   0.1306625E+0001   0.5029584E+0001   0.9125764E-0004   0.3406845E-0002   0.1343670E-0001  -0.8151063E+0001
     3.72000   0.5508349E-0001   0.1327351E+0001   0.4998318E+0001   0.1054419E-0003   0.3546062E-0002   0.1359109E-0001  -0.8151045E+0001
     3.72400   0.6045386E-0001   0.1342594E+0001   0.4966691E+0001   0.1200447E-0003   0.3650692E-0002   0.1367775E-0001  -0.8151024E+0001
     3.72800   0.6586388E-0001   0.1352505E+0001   0.4934829E+0001   0.1349433E-0003   0.3724658E-0002   0.1371933E-0001  -0.8150998E+0001
     3.73200   0.7129049E-0001   0.1356651E+0001   0.4902869E+0001   0.1500298E-0003   0.3771629E-0002   0.1373857E-0001  -0.8150970E+0001
     3.73600   0.7670720E-0001   0.1354178E+0001   0.4870965E+0001   0.1652082E-0003   0.3794609E-0002   0.1375627E-0001  -0.8150939E+0001
     3.74000   0.8208335E-0001   0.1344037E+0001   0.4839299E+0001   0.1803912E-0003   0.3795744E-0002   0.1379058E-0001  -0.8150906E+0001
     3.74400   0.8738438E-0001   0.1325257E+0001   0.4808075E+0001   0.1954976E-0003   0.3776592E-0002   0.1385593E-0001  -0.8150872E+0001
     3.74800   0.9257319E-0001   0.1297202E+0001   0.4777511E+0001   0.2104507E-0003   0.3738283E-0002   0.1396212E-0001  -0.8150837E+0001
     3.75200   0.9761235E-0001   0.1259791E+0001   0.4747828E+0001   0.2251775E-0003   0.3681698E-0002   0.1411366E-0001  -0.8150801E+0001
     3.75600   0.1024669E+0000   0.1213628E+0001   0.4719232E+0001   0.2396083E-0003   0.3607698E-0002   0.1430944E-0001  -0.8150765E+0001
     3.76000   0.1071070E+0000   0.1160032E+0001   0.4691899E+0001   0.2536779E-0003   0.3517395E-0002   0.1454290E-0001  -0.8150731E+0001
     3.76400   0.1115108E+0000   0.1100958E+0001   0.4665958E+0001   0.2673279E-0003   0.3412505E-0002   0.1480296E-0001  -0.8150697E+0001
     3.76800   0.1156661E+0000   0.1038827E+0001   0.4641480E+0001   0.2805108E-0003   0.3295725E-0002   0.1507553E-0001  -0.8150665E+0001
     3.77200   0.1195712E+0000   0.9762789E+0000   0.4618476E+0001   0.2931946E-0003   0.3170954E-0002   0.1534580E-0001  -0.8150636E+0001
     3.77600   0.1232349E+0000   0.9159029E+0000   0.4596896E+0001   0.3053677E-0003   0.3043268E-0002   0.1560080E-0001  -0.8150608E+0001
     3.78000   0.1266747E+0000   0.8599703E+0000   0.4576634E+0001   0.3170419E-0003   0.2918540E-0002   0.1583171E-0001  -0.8150584E+0001
     3.78400   0.1299156E+0000   0.8102156E+0000   0.4557545E+0001   0.3282528E-0003   0.2802737E-0002   0.1603514E-0001  -0.8150563E+0001
     3.78800   0.1329864E+0000   0.7676928E+0000   0.4539459E+0001   0.3390569E-0003   0.2701030E-0002   0.1621277E-0001  -0.8150545E+0001
     3.79200   0.1359173E+0000   0.7327254E+0000   0.4522199E+0001   0.3495247E-0003   0.2616944E-0002   0.1636960E-0001  -0.8150531E+0001
     3.79600   0.1387371E+0000   0.7049527E+0000   0.4505594E+0001   0.3597319E-0003   0.2551810E-0002   0.1651131E-0001  -0.8150520E+0001
     3.80000   0.1414709E+0000   0.6834626E+0000   0.4489498E+0001   0.3697505E-0003   0.2504634E-0002   0.1664175E-0001  -0.8150513E+0001
     3.80400   0.1441389E+0000   0.6669868E+0000   0.4473791E+0001   0.3796401E-0003   0.2472399E-0002   0.1676113E-0001  -0.8150510E+0001
     3.80800   0.1467554E+0000   0.6541277E+0000   0.4458388E+0001   0.3894429E-0003   0.2450700E-0002   0.1686538E-0001  -0.8150511E+0001
     3.81200   0.1493297E+0000   0.6435818E+0000   0.4443236E+0001   0.3991812E-0003   0.2434568E-0002   0.1694915E-0001  -0.8150515E+0001
     3.81600   0.1518670E+0000   0.6343253E+0000   0.4428304E+0001   0.4088599E-0003   0.2419694E-0002   0.1700676E-0001  -0.8150523E+0001
     3.82000   0.1543698E+0000   0.6256870E+0000   0.4413576E+0001   0.4184717E-0003   0.2402930E-0002   0.1702803E-0001  -0.8150535E+0001
     3.82400   0.1568394E+0000   0.6174071E+0000   0.4399046E+0001   0.4279997E-0003   0.2382020E-0002   0.1700281E-0001  -0.8150550E+0001
     3.82800   0.1592779E+0000   0.6096203E+0000   0.4384701E+0001   0.4374247E-0003   0.2356251E-0002   0.1692407E-0001  -0.8150569E+0001
     3.83200   0.1616890E+0000   0.6027706E+0000   0.4370519E+0001   0.4467310E-0003   0.2326575E-0002   0.1679022E-0001  -0.8150591E+0001
     3.83600   0.1640789E+0000   0.5974772E+0000   0.4356463E+0001   0.4559124E-0003   0.2295329E-0002   0.1660605E-0001  -0.8150618E+0001
     3.84000   0.1664564E+0000   0.5943736E+0000   0.4342482E+0001   0.4649749E-0003   0.2265645E-0002   0.1638236E-0001  -0.8150647E+0001
     3.84400   0.1688322E+0000   0.5939493E+0000   0.4328512E+0001   0.4739378E-0003   0.2240720E-0002   0.1613431E-0001  -0.8150680E+0001
     3.84800   0.1712178E+0000   0.5964177E+0000   0.4314486E+0001   0.4828303E-0003   0.2223117E-0002   0.1587894E-0001  -0.8150717E+0001
     3.85200   0.1736244E+0000   0.6016344E+0000   0.4300339E+0001   0.4916872E-0003   0.2214242E-0002   0.1563248E-0001  -0.8150757E+0001
     3.85600   0.1760607E+0000   0.6090748E+0000   0.4286018E+0001   0.5005436E-0003   0.2214092E-0002   0.1540816E-0001  -0.8150801E+0001
     3.86000   0.1785322E+0000   0.6178773E+0000   0.4271490E+0001   0.5094287E-0003   0.2221259E-0002   0.1521485E-0001  -0.8150848E+0001
     3.86400   0.1810400E+0000   0.6269423E+0000   0.4262877E+0001   0.5183612E-0003   0.2233140E-0002   0.1507823E-0001  -0.8150898E+0001
     3.86800   0.1835767E+0000   0.6341900E+0000   0.4262901E+0001   0.5273340E-0003   0.2243194E-0002   0.1500743E-0001  -0.8150950E+0001
     3.87200   0.1861259E+0000   0.6372864E+0000   0.4262926E+0001   0.5363082E-0003   0.2243549E-0002   0.1496912E-0001  -0.8151005E+0001
     3.87600   0.1886679E+0000   0.6355217E+0000   0.4262952E+0001   0.5452346E-0003   0.2231613E-0002   0.1495845E-0001  -0.8151062E+0001
     3.88000   0.1911826E+0000   0.6286576E+0000   0.4262978E+0001   0.5540583E-0003   0.2205924E-0002   0.1496914E-0001  -0.8151120E+0001
     3.88400   0.1936504E+0000   0.6169664E+0000   0.4263004E+0001   0.5627241E-0003   0.2166433E-0002   0.1499450E-0001  -0.8151180E+0001
     3.88800   0.1960552E+0000   0.6012011E+0000   0.4263031E+0001   0.5711826E-0003   0.2114638E-0002   0.1502854E-0001  -0.8151239E+0001
     3.89200   0.1983852E+0000   0.5825016E+0000   0.4263058E+0001   0.5793966E-0003   0.2053503E-0002   0.1506675E-0001  -0.8151299E+0001
     3.89600   0.2006343E+0000   0.5622505E+0000   0.4263084E+0001   0.5873452E-0003   0.1987140E-0002   0.1510664E-0001  -0.8151357E+0001
     3.90000   0.2028018E+0000   0.5418978E+0000   0.4263110E+0001   0.5950262E-0003   0.1920266E-0002   0.1514758E-0001  -0.8151415E+0001
     3.90400   0.2048930E+0000   0.5227819E+0000   0.4263135E+0001   0.6024564E-0003   0.1857536E-0002   0.1519026E-0001  -0.8151472E+0001
     3.90800   0.2069169E+0000   0.5059703E+0000   0.4263159E+0001   0.6096678E-0003   0.1802857E-0002   0.1523574E-0001  -0.8151526E+0001
     3.91200   0.2088854E+0000   0.4921427E+0000   0.4263183E+0001   0.6167031E-0003   0.1758826E-0002   0.1528435E-0001  -0.8151579E+0001
     3.91600   0.2108116E+0000   0.4815317E+0000   0.4263205E+0001   0.6236087E-0003   0.1726387E-0002   0.1533492E-0001  -0.8151629E+0001
     3.92000   0.2127073E+0000   0.4739278E+0000   0.4263227E+0001   0.6304276E-0003   0.1704738E-0002   0.1538434E-0001  -0.8151677E+0001
     3.92400   0.2145822E+0000   0.4687449E+0000   0.4263247E+0001   0.6371937E-0003   0.1691520E-0002   0.1541748E-0001  -0.8151723E+0001
     3.92800   0.2164426E+0000   0.4650993E+0000   0.4263267E+0001   0.6439216E-0003   0.1681971E-0002   0.1542513E-0001  -0.8151767E+0001
     3.93200   0.2182904E+0000   0.4619454E+0000   0.4263286E+0001   0.6506071E-0003   0.1671386E-0002   0.1540061E-0001  -0.8151808E+0001
     3.93600   0.2201234E+0000   0.4582481E+0000   0.4263304E+0001   0.6572286E-0003   0.1655366E-0002   0.1533937E-0001  -0.8151848E+0001
     3.94000   0.2219360E+0000   0.4531442E+0000   0.4263321E+0001   0.6637503E-0003   0.1630413E-0002   0.1523899E-0001  -0.8151886E+0001
     3.94400   0.2237203E+0000   0.4460709E+0000   0.4263339E+0001   0.6701281E-0003   0.1594454E-0002   0.1509939E-0001  -0.8151923E+0001
     3.94800   0.2254676E+0000   0.4368432E+0000   0.4263355E+0001   0.6763167E-0003   0.1547159E-0002   0.1492295E-0001  -0.8151959E+0001
     3.95200   0.2271703E+0000   0.4256714E+0000   0.4263372E+0001   0.6822766E-0003   0.1489971E-0002   0.1471444E-0001  -0.8151993E+0001
     3.95600   0.2288228E+0000   0.4131172E+0000   0.4263388E+0001   0.6879799E-0003   0.1425817E-0002   0.1448054E-0001  -0.8152027E+0001
     3.96000   0.2304228E+0000   0.3999969E+0000   0.4263404E+0001   0.6934142E-0003   0.1358584E-0002   0.1422909E-0001  -0.8152061E+0001
     3.96400   0.2319718E+0000   0.3872491E+0000   0.4263419E+0001   0.6985840E-0003   0.1292442E-0002   0.1396804E-0001  -0.8152094E+0001
     3.96800   0.2334749E+0000   0.3757880E+0000   0.4263435E+0001   0.7035087E-0003   0.1231176E-0002   0.1370436E-0001  -0.8152126E+0001
     3.97200   0.2349404E+0000   0.3663642E+0000   0.4263450E+0001   0.7082192E-0003   0.1177639E-0002   0.1344319E-0001  -0.8152158E+0001
     3.97600   0.2363782E+0000   0.3594546E+0000   0.4263464E+0001   0.7127528E-0003   0.1133405E-0002   0.1318733E-0001  -0.8152188E+0001
     3.98000   0.2377990E+0000   0.3551980E+0000   0.4263478E+0001   0.7171475E-0003   0.1098664E-0002   0.1293736E-0001  -0.8152217E+0001
     3.98400   0.2392125E+0000   0.3533838E+0000   0.4263491E+0001   0.7214368E-0003   0.1072329E-0002   0.1269164E-0001  -0.8152245E+0001
     3.98800   0.2406265E+0000   0.3534936E+0000   0.4263503E+0001   0.7256460E-0003   0.1052287E-0002   0.1244724E-0001  -0.8152269E+0001
     3.99200   0.2420457E+0000   0.3547877E+0000   0.4263514E+0001   0.7297892E-0003   0.1035798E-0002   0.1220072E-0001  -0.8152292E+0001
     3.99600   0.2434714E+0000   0.3564214E+0000   0.4263523E+0001   0.7338690E-0003   0.1019957E-0002   0.1194898E-0001  -0.8152310E+0001
     4.00000   0.2449016E+0000   0.3575738E+0000   0.4263530E+0001   0.7378775E-0003   0.1002139E-0002   0.1168974E-0001  -0.8152325E+0001
     4.00400   0.2463319E+0000   0.3575689E+0000   0.4263536E+0001   0.7417991E-0003   0.9803821E-0003   0.1142191E-0001  -0.8152336E+0001
     4.00800   0.2477558E+0000   0.3559705E+0000   0.4263540E+0001   0.7456136E-0003   0.9536363E-0003   0.1114566E-0001  -0.8152343E+0001
     4.01200   0.2491664E+0000   0.3526383E+0000   0.4263542E+0001   0.7493011E-0003   0.9218599E-0003   0.1086232E-0001  -0.8152346E+0001
     4.01600   0.2505573E+0000   0.3477373E+0000   0.4263542E+0001   0.7528448E-0003   0.8859379E-0003   0.1057408E-0001  -0.8152345E+0001
     4.02000   0.2519241E+0000   0.3417000E+0000   0.4263540E+0001   0.7562346E-0003   0.8474556E-0003   0.1028357E-0001  -0.8152340E+0001
     4.02400   0.2532647E+0000   0.3351492E+0000   0.4263537E+0001   0.7594681E-0003   0.8083724E-0003   0.9993417E-0002  -0.8152332E+0001
     4.02800   0.2545799E+0000   0.3287926E+0000   0.4263533E+0001   0.7625508E-0003   0.7706656E-0003   0.9705849E-0002  -0.8152321E+0001
     4.03200   0.2558731E+0000   0.3233082E+0000   0.4263528E+0001   0.7654948E-0003   0.7360048E-0003   0.9422391E-0002  -0.8152308E+0001
     4.03600   0.2571500E+0000   0.3192356E+0000   0.4263522E+0001   0.7683168E-0003   0.7055103E-0003   0.9143770E-0002  -0.8152294E+0001
     4.04000   0.2584176E+0000   0.3168913E+0000   0.4263516E+0001   0.7710353E-0003   0.6796215E-0003   0.8869970E-0002  -0.8152279E+0001
     4.04400   0.2596829E+0000   0.3163195E+0000   0.4263510E+0001   0.7736677E-0003   0.6580822E-0003   0.8600408E-0002  -0.8152263E+0001
     4.04800   0.2609520E+0000   0.3172854E+0000   0.4263503E+0001   0.7762278E-0003   0.6400323E-0003   0.8334151E-0002  -0.8152248E+0001
     4.05200   0.2622293E+0000   0.3193114E+0000   0.4263497E+0001   0.7787245E-0003   0.6241790E-0003   0.8070106E-0002  -0.8152233E+0001
     4.05600   0.2635163E+0000   0.3217490E+0000   0.4263491E+0001   0.7811606E-0003   0.6090184E-0003   0.7807160E-0002  -0.8152219E+0001
     4.06000   0.2648118E+0000   0.3238757E+0000   0.4263485E+0001   0.7835329E-0003   0.5930702E-0003   0.7544247E-0002  -0.8152204E+0001
     4.06400   0.2661118E+0000   0.3250015E+0000   0.4263479E+0001   0.7858332E-0003   0.5750909E-0003   0.7280358E-0002  -0.8152190E+0001
     4.06800   0.2674101E+0000   0.3245685E+0000   0.4263473E+0001   0.7880502E-0003   0.5542363E-0003   0.7014524E-0002  -0.8152175E+0001
     4.07200   0.2686990E+0000   0.3222293E+0000   0.4263466E+0001   0.7901708E-0003   0.5301512E-0003   0.6745788E-0002  -0.8152160E+0001
     4.07600   0.2699705E+0000   0.3178929E+0000   0.4263459E+0001   0.7921827E-0003   0.5029800E-0003   0.6473209E-0002  -0.8152143E+0001
     4.08000   0.2712175E+0000   0.3117318E+0000   0.4263451E+0001   0.7940759E-0003   0.4733023E-0003   0.6195886E-0002  -0.8152124E+0001
     4.08400   0.2724341E+0000   0.3041505E+0000   0.4263442E+0001   0.7958439E-0003   0.4420086E-0003   0.5913029E-0002  -0.8152102E+0001
     4.08800   0.2736170E+0000   0.2957217E+0000   0.4263432E+0001   0.7974845E-0003   0.4101408E-0003   0.5624044E-0002  -0.8152078E+0001
     4.09200   0.2747654E+0000   0.2870995E+0000   0.4263420E+0001   0.7989994E-0003   0.3787231E-0003   0.5328605E-0002  -0.8152052E+0001
     4.09600   0.2758811E+0000   0.2789241E+0000   0.4263407E+0001   0.8003938E-0003   0.3486113E-0003   0.5026711E-0002  -0.8152021E+0001
     4.10000   0.2769680E+0000   0.2717327E+0000   0.4263392E+0001   0.8016754E-0003   0.3203827E-0003   0.4718674E-0002  -0.8151988E+0001
     4.10400   0.2780315E+0000   0.2658893E+0000   0.4263376E+0001   0.8028525E-0003   0.2942833E-0003   0.4405081E-0002  -0.8151952E+0001
     4.10800   0.2790777E+0000   0.2615428E+0000   0.4263358E+0001   0.8039334E-0003   0.2702359E-0003   0.4086710E-0002  -0.8151912E+0001
     4.11200   0.2801122E+0000   0.2586207E+0000   0.4263339E+0001   0.8049251E-0003   0.2479050E-0003   0.3764458E-0002  -0.8151869E+0001
     4.11600   0.2811396E+0000   0.2568555E+0000   0.4263319E+0001   0.8058323E-0003   0.2267991E-0003   0.3439288E-0002  -0.8151824E+0001
     4.12000   0.2821630E+0000   0.2558405E+0000   0.4263298E+0001   0.8066578E-0003   0.2063907E-0003   0.3112218E-0002  -0.8151776E+0001
     4.12400   0.2831834E+0000   0.2551049E+0000   0.4263276E+0001   0.8074027E-0003   0.1862272E-0003   0.2784354E-0002  -0.8151726E+0001
     4.12800   0.2842002E+0000   0.2541949E+0000   0.4263252E+0001   0.8080668E-0003   0.1660152E-0003   0.2456957E-0002  -0.8151673E+0001
     4.13200   0.2852112E+0000   0.2527500E+0000   0.4263228E+0001   0.8086494E-0003   0.1456625E-0003   0.2131523E-0002  -0.8151619E+0001
     4.13600   0.2862134E+0000   0.2505598E+0000   0.4263203E+0001   0.8091505E-0003   0.1252746E-0003   0.1809848E-0002  -0.8151563E+0001
     4.14000   0.2872038E+0000   0.2475962E+0000   0.4263178E+0001   0.8095710E-0003   0.1051114E-0003   0.1494048E-0002  -0.8151507E+0001
     4.14400   0.2881799E+0000   0.2440128E+0000   0.4263152E+0001   0.8099130E-0003   0.8551526E-0004   0.1186515E-0002  -0.8151449E+0001
     4.14800   0.2891403E+0000   0.2401159E+0000   0.4263126E+0001   0.8101804E-0003   0.6682878E-0004   0.8897916E-0003  -0.8151391E+0001
     4.15200   0.2900856E+0000   0.2363093E+0000   0.4263100E+0001   0.8103777E-0003   0.4932203E-0004   0.6063651E-0003  -0.8151334E+0001
     4.15600   0.2910177E+0000   0.2330236E+0000   0.4263075E+0001   0.8105102E-0003   0.3314428E-0004   0.3384324E-0003  -0.8151278E+0001
     4.16000   0.2919402E+0000   0.2306413E+0000   0.4263051E+0001   0.8105835E-0003   0.1830990E-0004   0.8766373E-0004  -0.8151224E+0001
     4.16400   0.2928579E+0000   0.2294292E+0000   0.4263028E+0001   0.8106023E-0003   0.4717893E-0005  -0.1449742E-0003  -0.8151172E+0001
     4.16800   0.2937759E+0000   0.2294886E+0000   0.4263006E+0001   0.8105711E-0003  -0.7804295E-0005  -0.3593027E-0003  -0.8151125E+0001
     4.17200   0.2946988E+0000   0.2307323E+0000   0.4262987E+0001   0.8104933E-0003  -0.1944701E-0004  -0.5559125E-0003  -0.8151082E+0001
     4.17600   0.2956304E+0000   0.2328899E+0000   0.4262970E+0001   0.8103719E-0003  -0.3036988E-0004  -0.7360550E-0003  -0.8151044E+0001
     4.18000   0.2965726E+0000   0.2355426E+0000   0.4262955E+0001   0.8102092E-0003  -0.4066938E-0004  -0.9014735E-0003  -0.8151012E+0001
     4.18400   0.2975253E+0000   0.2381813E+0000   0.4262944E+0001   0.8100077E-0003  -0.5036744E-0004  -0.1054207E-0002  -0.8150986E+0001
     4.18800   0.2984864E+0000   0.2402783E+0000   0.4262935E+0001   0.8097700E-0003  -0.5941975E-0004  -0.1196394E-0002  -0.8150967E+0001
     4.19200   0.2994518E+0000   0.2413636E+0000   0.4262929E+0001   0.8094991E-0003  -0.6773879E-0004  -0.1330106E-0002  -0.8150953E+0001
     4.19600   0.3004162E+0000   0.2410923E+0000   0.4262925E+0001   0.8091982E-0003  -0.7522489E-0004  -0.1457209E-0002  -0.8150945E+0001
     4.20000   0.3013734E+0000   0.2392948E+0000   0.4262923E+0001   0.8088710E-0003  -0.8179892E-0004  -0.1579284E-0002  -0.8150942E+0001
     4.20400   0.3023174E+0000   0.2360012E+0000   0.4262924E+0001   0.8085213E-0003  -0.8743133E-0004  -0.1697595E-0002  -0.8150942E+0001
     4.20800   0.3032431E+0000   0.2314369E+0000   0.4262925E+0001   0.8081526E-0003  -0.9216354E-0004  -0.1813112E-0002  -0.8150946E+0001
     4.21200   0.3041471E+0000   0.2259901E+0000   0.4262928E+0001   0.8077681E-0003  -0.9611836E-0004  -0.1926590E-0002  -0.8150951E+0001
     4.21600   0.3050277E+0000   0.2201563E+0000   0.4262930E+0001   0.8073701E-0003  -0.9949756E-0004  -0.2038669E-0002  -0.8150957E+0001
     4.22000   0.3058856E+0000   0.2144686E+0000   0.4262933E+0001   0.8069599E-0003  -0.1025657E-0003  -0.2149994E-0002  -0.8150964E+0001
     4.22400   0.3067233E+0000   0.2094233E+0000   0.4262935E+0001   0.8065374E-0003  -0.1056219E-0003  -0.2261317E-0002  -0.8150969E+0001
     4.22800   0.3075449E+0000   0.2054123E+0000   0.4262937E+0001   0.8061015E-0003  -0.1089630E-0003  -0.2373552E-0002  -0.8150974E+0001
     4.23200   0.3083556E+0000   0.2026717E+0000   0.4262939E+0001   0.8056502E-0003  -0.1128451E-0003  -0.2487777E-0002  -0.8150978E+0001
     4.23600   0.3091607E+0000   0.2012546E+0000   0.4262941E+0001   0.8051804E-0003  -0.1174487E-0003  -0.2605172E-0002  -0.8150981E+0001
     4.24000   0.3099648E+0000   0.2010308E+0000   0.4262942E+0001   0.8046889E-0003  -0.1228541E-0003  -0.2726902E-0002  -0.8150985E+0001
     4.24400   0.3107716E+0000   0.2017125E+0000   0.4262944E+0001   0.8041728E-0003  -0.1290307E-0003  -0.2853963E-0002  -0.8150990E+0001
     4.24800   0.3115832E+0000   0.2029035E+0000   0.4262948E+0001   0.8036295E-0003  -0.1358402E-0003  -0.2987014E-0002  -0.8150997E+0001
     4.25200   0.3123999E+0000   0.2041617E+0000   0.4262953E+0001   0.8030572E-0003  -0.1430545E-0003  -0.3126217E-0002  -0.8151009E+0001
     4.25600   0.3132202E+0000   0.2050674E+0000   0.4262960E+0001   0.8024557E-0003  -0.1503853E-0003  -0.3271116E-0002  -0.8151025E+0001
     4.26000   0.3140413E+0000   0.2052864E+0000   0.4262970E+0001   0.8018256E-0003  -0.1575234E-0003  -0.3420566E-0002  -0.8151047E+0001
     4.26400   0.3148598E+0000   0.2046178E+0000   0.4262983E+0001   0.8011689E-0003  -0.1641834E-0003  -0.3572746E-0002  -0.8151076E+0001
     4.26800   0.3156719E+0000   0.2030212E+0000   0.4262999E+0001   0.8004883E-0003  -0.1701492E-0003  -0.3725264E-0002  -0.8151112E+0001
     4.27200   0.3164743E+0000   0.2006189E+0000   0.4263018E+0001   0.7997870E-0003  -0.1753128E-0003  -0.3875355E-0002  -0.8151155E+0001
     4.27600   0.3172650E+0000   0.1976729E+0000   0.4263040E+0001   0.7990682E-0003  -0.1796973E-0003  -0.4020146E-0002  -0.8151204E+0001
     4.28000   0.3180432E+0000   0.1945419E+0000   0.4263064E+0001   0.7983344E-0003  -0.1834575E-0003  -0.4156971E-0002  -0.8151259E+0001
     4.28400   0.3188097E+0000   0.1916231E+0000   0.4263091E+0001   0.7975870E-0003  -0.1868542E-0003  -0.4283652E-0002  -0.8151317E+0001
     4.28800   0.3195668E+0000   0.1892904E+0000   0.4263118E+0001   0.7968262E-0003  -0.1902034E-0003  -0.4398727E-0002  -0.8151378E+0001
     4.29200   0.3203182E+0000   0.1878361E+0000   0.4263145E+0001   0.7960509E-0003  -0.1938111E-0003  -0.4501555E-0002  -0.8151438E+0001
     4.29600   0.3210679E+0000   0.1874256E+0000   0.4263171E+0001   0.7952593E-0003  -0.1979071E-0003  -0.4592297E-0002  -0.8151496E+0001
     4.30000   0.3218202E+0000   0.1880723E+0000   0.4263195E+0001   0.7944489E-0003  -0.2025918E-0003  -0.4671784E-0002  -0.8151550E+0001
     4.30400   0.3225787E+0000   0.1896350E+0000   0.4263216E+0001   0.7936177E-0003  -0.2078098E-0003  -0.4741306E-0002  -0.8151597E+0001
     4.30800   0.3233461E+0000   0.1918392E+0000   0.4263234E+0001   0.7927643E-0003  -0.2133526E-0003  -0.4802364E-0002  -0.8151636E+0001
     4.31200   0.3241234E+0000   0.1943173E+0000   0.4263247E+0001   0.7918887E-0003  -0.2188908E-0003  -0.4856443E-0002  -0.8151665E+0001
     4.31600   0.3249100E+0000   0.1966629E+0000   0.4263255E+0001   0.7909926E-0003  -0.2240269E-0003  -0.4904816E-0002  -0.8151684E+0001
     4.32000   0.3257040E+0000   0.1984901E+0000   0.4263258E+0001   0.7900792E-0003  -0.2283601E-0003  -0.4948425E-0002  -0.8151692E+0001
     4.32400   0.3265019E+0000   0.1994894E+0000   0.4263257E+0001   0.7891530E-0003  -0.2315502E-0003  -0.4987822E-0002  -0.8151689E+0001
     4.32800   0.3272998E+0000   0.1994720E+0000   0.4263251E+0001   0.7882195E-0003  -0.2333735E-0003  -0.5023199E-0002  -0.8151675E+0001
     4.33200   0.3280934E+0000   0.1983956E+0000   0.4263241E+0001   0.7872844E-0003  -0.2337607E-0003  -0.5054464E-0002  -0.8151652E+0001
     4.33600   0.3288789E+0000   0.1963690E+0000   0.4263227E+0001   0.7863532E-0003  -0.2328135E-0003  -0.5081372E-0002  -0.8151622E+0001
     4.34000   0.3296534E+0000   0.1936349E+0000   0.4263210E+0001   0.7854300E-0003  -0.2307949E-0003  -0.5103678E-0002  -0.8151586E+0001
     4.34400   0.3304155E+0000   0.1905335E+0000   0.4263192E+0001   0.7845176E-0003  -0.2280961E-0003  -0.5121274E-0002  -0.8151545E+0001
     4.34800   0.3311654E+0000   0.1874525E+0000   0.4263173E+0001   0.7836169E-0003  -0.2251824E-0003  -0.5134304E-0002  -0.8151503E+0001
     4.35200   0.3319044E+0000   0.1847716E+0000   0.4263154E+0001   0.7827268E-0003  -0.2225276E-0003  -0.5143215E-0002  -0.8151460E+0001
     4.35600   0.3326357E+0000   0.1828088E+0000   0.4263135E+0001   0.7818446E-0003  -0.2205469E-0003  -0.5148750E-0002  -0.8151418E+0001
     4.36000   0.3333628E+0000   0.1817773E+0000   0.4263117E+0001   0.7809664E-0003  -0.2195394E-0003  -0.5151871E-0002  -0.8151379E+0001
     4.36400   0.3340898E+0000   0.1817577E+0000   0.4263101E+0001   0.7800878E-0003  -0.2196496E-0003  -0.5153650E-0002  -0.8151343E+0001
     4.36800   0.3348206E+0000   0.1826903E+0000   0.4263087E+0001   0.7792044E-0003  -0.2208537E-0003  -0.5155125E-0002  -0.8151312E+0001
     4.37200   0.3355581E+0000   0.1843878E+0000   0.4263075E+0001   0.7783125E-0003  -0.2229703E-0003  -0.5157173E-0002  -0.8151286E+0001
     4.37600   0.3363044E+0000   0.1865659E+0000   0.4263066E+0001   0.7774098E-0003  -0.2256945E-0003  -0.5160397E-0002  -0.8151264E+0001
     4.38000   0.3370599E+0000   0.1888872E+0000   0.4263058E+0001   0.7764952E-0003  -0.2286460E-0003  -0.5165060E-0002  -0.8151247E+0001
     4.38400   0.3378240E+0000   0.1910109E+0000   0.4263051E+0001   0.7755695E-0003  -0.2314260E-0003  -0.5171063E-0002  -0.8151232E+0001
     4.38800   0.3385945E+0000   0.1926423E+0000   0.4263046E+0001   0.7746348E-0003  -0.2336742E-0003  -0.5177974E-0002  -0.8151221E+0001
     4.39200   0.3393688E+0000   0.1935736E+0000   0.4263042E+0001   0.7736943E-0003  -0.2351180E-0003  -0.5185099E-0002  -0.8151211E+0001
     4.39600   0.3401437E+0000   0.1937110E+0000   0.4263037E+0001   0.7727519E-0003  -0.2356089E-0003  -0.5191595E-0002  -0.8151201E+0001
     4.40000   0.3409160E+0000   0.1930835E+0000   0.4263032E+0001   0.7718113E-0003  -0.2351401E-0003  -0.5196600E-0002  -0.8151190E+0001
     4.40400   0.3416834E+0000   0.1918342E+0000   0.4263026E+0001   0.7708759E-0003  -0.2338443E-0003  -0.5199370E-0002  -0.8151176E+0001
     4.40800   0.3424441E+0000   0.1901944E+0000   0.4263019E+0001   0.7699480E-0003  -0.2319693E-0003  -0.5199398E-0002  -0.8151160E+0001
     4.41200   0.3431979E+0000   0.1884450E+0000   0.4263009E+0001   0.7690287E-0003  -0.2298373E-0003  -0.5196496E-0002  -0.8151139E+0001
     4.41600   0.3439454E+0000   0.1868721E+0000   0.4262998E+0001   0.7681175E-0003  -0.2277921E-0003  -0.5190818E-0002  -0.8151114E+0001
     4.42000   0.3446883E+0000   0.1857227E+0000   0.4262985E+0001   0.7672130E-0003  -0.2261442E-0003  -0.5182833E-0002  -0.8151085E+0001
     4.42400   0.3454290E+0000   0.1851674E+0000   0.4262970E+0001   0.7663125E-0003  -0.2251220E-0003  -0.5173238E-0002  -0.8151051E+0001
     4.42800   0.3461701E+0000   0.1852757E+0000   0.4262953E+0001   0.7654131E-0003  -0.2248375E-0003  -0.5162842E-0002  -0.8151013E+0001
     4.43200   0.3469141E+0000   0.1860071E+0000   0.4262934E+0001   0.7645120E-0003  -0.2252723E-0003  -0.5152432E-0002  -0.8150972E+0001
     4.43600   0.3476630E+0000   0.1872189E+0000   0.4262915E+0001   0.7636069E-0003  -0.2262838E-0003  -0.5142665E-0002  -0.8150929E+0001
     4.44000   0.3484177E+0000   0.1886906E+0000   0.4262895E+0001   0.7626964E-0003  -0.2276312E-0003  -0.5133982E-0002  -0.8150885E+0001
     4.44400   0.3491784E+0000   0.1901583E+0000   0.4262876E+0001   0.7617803E-0003  -0.2290156E-0003  -0.5126572E-0002  -0.8150842E+0001
     4.44800   0.3499438E+0000   0.1913569E+0000   0.4262857E+0001   0.7608598E-0003  -0.2301275E-0003  -0.5120383E-0002  -0.8150800E+0001
     4.45200   0.3507120E+0000   0.1920612E+0000   0.4262840E+0001   0.7599370E-0003  -0.2306967E-0003  -0.5115176E-0002  -0.8150762E+0001
     4.45600   0.3514805E+0000   0.1921215E+0000   0.4262824E+0001   0.7590149E-0003  -0.2305354E-0003  -0.5110603E-0002  -0.8150727E+0001
     4.46000   0.3522465E+0000   0.1914866E+0000   0.4262811E+0001   0.7580966E-0003  -0.2295690E-0003  -0.5106310E-0002  -0.8150698E+0001
     4.46400   0.3530073E+0000   0.1902134E+0000   0.4262800E+0001   0.7571852E-0003  -0.2278517E-0003  -0.5102036E-0002  -0.8150675E+0001
     4.46800   0.3537612E+0000   0.1884587E+0000   0.4262792E+0001   0.7562829E-0003  -0.2255613E-0003  -0.5097685E-0002  -0.8150657E+0001
     4.47200   0.3545070E+0000   0.1864570E+0000   0.4262787E+0001   0.7553910E-0003  -0.2229757E-0003  -0.5093370E-0002  -0.8150644E+0001
     4.47600   0.3552449E+0000   0.1844868E+0000   0.4262783E+0001   0.7545093E-0003  -0.2204332E-0003  -0.5089412E-0002  -0.8150636E+0001
     4.48000   0.3559763E+0000   0.1828295E+0000   0.4262781E+0001   0.7536362E-0003  -0.2182834E-0003  -0.5086284E-0002  -0.8150631E+0001
     4.48400   0.3567032E+0000   0.1817284E+0000   0.4262780E+0001   0.7527688E-0003  -0.2168356E-0003  -0.5084528E-0002  -0.8150628E+0001
     4.48800   0.3574286E+0000   0.1813527E+0000   0.4262779E+0001   0.7519036E-0003  -0.2163126E-0003  -0.5084644E-0002  -0.8150626E+0001
     4.49200   0.3581557E+0000   0.1817722E+0000   0.4262777E+0001   0.7510363E-0003  -0.2168180E-0003  -0.5086995E-0002  -0.8150622E+0001
     4.49600   0.3588875E+0000   0.1829459E+0000   0.4262774E+0001   0.7501630E-0003  -0.2183190E-0003  -0.5091717E-0002  -0.8150615E+0001
     4.50000   0.3596264E+0000   0.1847266E+0000   0.4262768E+0001   0.7492804E-0003  -0.2206487E-0003  -0.5098675E-0002  -0.8150603E+0001
     4.50400   0.3603739E+0000   0.1868799E+0000   0.4262760E+0001   0.7483863E-0003  -0.2235261E-0003  -0.5107458E-0002  -0.8150585E+0001
     4.50800   0.3611303E+0000   0.1891159E+0000   0.4262749E+0001   0.7474800E-0003  -0.2265906E-0003  -0.5117405E-0002  -0.8150561E+0001
     4.51200   0.3618949E+0000   0.1911280E+0000   0.4262735E+0001   0.7465622E-0003  -0.2294480E-0003  -0.5127663E-0002  -0.8150529E+0001
     4.51600   0.3626654E+0000   0.1926341E+0000   0.4262717E+0001   0.7456353E-0003  -0.2317205E-0003  -0.5137266E-0002  -0.8150490E+0001
     4.52000   0.3634390E+0000   0.1934138E+0000   0.4262696E+0001   0.7447029E-0003  -0.2330951E-0003  -0.5145213E-0002  -0.8150443E+0001
     4.52400   0.3642124E+0000   0.1933369E+0000   0.4262673E+0001   0.7437695E-0003  -0.2333639E-0003  -0.5150548E-0002  -0.8150391E+0001
     4.52800   0.3649819E+0000   0.1923792E+0000   0.4262647E+0001   0.7428397E-0003  -0.2324499E-0003  -0.5152426E-0002  -0.8150335E+0001
     4.53200   0.3657444E+0000   0.1906238E+0000   0.4262621E+0001   0.7419180E-0003  -0.2304143E-0003  -0.5150159E-0002  -0.8150275E+0001
     4.53600   0.3664974E+0000   0.1882480E+0000   0.4262593E+0001   0.7410082E-0003  -0.2274440E-0003  -0.5143243E-0002  -0.8150214E+0001
     4.54000   0.3672394E+0000   0.1854974E+0000   0.4262566E+0001   0.7401129E-0003  -0.2238211E-0003  -0.5131358E-0002  -0.8150154E+0001
     4.54400   0.3679700E+0000   0.1826518E+0000   0.4262541E+0001   0.7392334E-0003  -0.2198797E-0003  -0.5114359E-0002  -0.8150097E+0001
     4.54800   0.3686899E+0000   0.1799875E+0000   0.4262517E+0001   0.7383696E-0003  -0.2159559E-0003  -0.5092248E-0002  -0.8150044E+0001
     4.55200   0.3694009E+0000   0.1777414E+0000   0.4262495E+0001   0.7375202E-0003  -0.2123401E-0003  -0.5065153E-0002  -0.8149996E+0001
     4.55600   0.3701052E+0000   0.1760814E+0000   0.4262477E+0001   0.7366833E-0003  -0.2092387E-0003  -0.5033305E-0002  -0.8149955E+0001
     4.56000   0.3708056E+0000   0.1750879E+0000   0.4262462E+0001   0.7358563E-0003  -0.2067509E-0003  -0.4997032E-0002  -0.8149921E+0001
     4.56400   0.3715046E+0000   0.1747475E+0000   0.4262450E+0001   0.7350368E-0003  -0.2048626E-0003  -0.4956757E-0002  -0.8149895E+0001
     4.56800   0.3722044E+0000   0.1749605E+0000   0.4262441E+0001   0.7342230E-0003  -0.2034597E-0003  -0.4913003E-0002  -0.8149876E+0001
     4.57200   0.3729067E+0000   0.1755598E+0000   0.4262436E+0001   0.7334136E-0003  -0.2023549E-0003  -0.4866404E-0002  -0.8149863E+0001
     4.57600   0.3736120E+0000   0.1763388E+0000   0.4262433E+0001   0.7326083E-0003  -0.2013252E-0003  -0.4817701E-0002  -0.8149857E+0001
     4.58000   0.3743203E+0000   0.1770833E+0000   0.4262432E+0001   0.7318077E-0003  -0.2001520E-0003  -0.4767727E-0002  -0.8149856E+0001
     4.58400   0.3750308E+0000   0.1776040E+0000   0.4262434E+0001   0.7310130E-0003  -0.1986583E-0003  -0.4717378E-0002  -0.8149859E+0001
     4.58800   0.3757418E+0000   0.1777628E+0000   0.4262437E+0001   0.7302261E-0003  -0.1967360E-0003  -0.4667569E-0002  -0.8149865E+0001
     4.59200   0.3764518E+0000   0.1774914E+0000   0.4262440E+0001   0.7294486E-0003  -0.1943615E-0003  -0.4619172E-0002  -0.8149873E+0001
     4.59600   0.3771590E+0000   0.1767987E+0000   0.4262444E+0001   0.7286823E-0003  -0.1915953E-0003  -0.4572957E-0002  -0.8149881E+0001
     4.60000   0.3778620E+0000   0.1757660E+0000   0.4262448E+0001   0.7279280E-0003  -0.1885703E-0003  -0.4529532E-0002  -0.8149890E+0001
     4.60400   0.3785602E+0000   0.1745316E+0000   0.4262452E+0001   0.7271861E-0003  -0.1854677E-0003  -0.4489306E-0002  -0.8149898E+0001
     4.60800   0.3792532E+0000   0.1732672E+0000   0.4262455E+0001   0.7264561E-0003  -0.1824887E-0003  -0.4452475E-0002  -0.8149905E+0001
     4.61200   0.3799418E+0000   0.1721490E+0000   0.4262457E+0001   0.7257369E-0003  -0.1798234E-0003  -0.4419035E-0002  -0.8149910E+0001
     4.61600   0.3806271E+0000   0.1713295E+0000   0.4262459E+0001   0.7250264E-0003  -0.1776232E-0003  -0.4388833E-0002  -0.8149914E+0001
     4.62000   0.3813108E+0000   0.1709118E+0000   0.4262460E+0001   0.7243224E-0003  -0.1759790E-0003  -0.4361624E-0002  -0.8149917E+0001
     4.62400   0.3819945E+0000   0.1709326E+0000   0.4262461E+0001   0.7236228E-0003  -0.1749092E-0003  -0.4337143E-0002  -0.8149917E+0001
     4.62800   0.3826799E+0000   0.1713545E+0000   0.4262461E+0001   0.7229254E-0003  -0.1743568E-0003  -0.4315166E-0002  -0.8149917E+0001
     4.63200   0.3833682E+0000   0.1720697E+0000   0.4262460E+0001   0.7222286E-0003  -0.1741973E-0003  -0.4295545E-0002  -0.8149917E+0001
     4.63600   0.3840599E+0000   0.1729140E+0000   0.4262460E+0001   0.7215316E-0003  -0.1742562E-0003  -0.4278221E-0002  -0.8149916E+0001
     4.64000   0.3847546E+0000   0.1736896E+0000   0.4262460E+0001   0.7208342E-0003  -0.1743318E-0003  -0.4263200E-0002  -0.8149916E+0001
     4.64400   0.3854514E+0000   0.1741921E+0000   0.4262460E+0001   0.7201374E-0003  -0.1742223E-0003  -0.4250513E-0002  -0.8149916E+0001
     4.64800   0.3861484E+0000   0.1742401E+0000   0.4262461E+0001   0.7194423E-0003  -0.1737517E-0003  -0.4240152E-0002  -0.8149919E+0001
     4.65200   0.3868432E+0000   0.1737012E+0000   0.4262463E+0001   0.7187512E-0003  -0.1727920E-0003  -0.4232008E-0002  -0.8149923E+0001
     4.65600   0.3875332E+0000   0.1725113E+0000   0.4262466E+0001   0.7180661E-0003  -0.1712787E-0003  -0.4225816E-0002  -0.8149930E+0001
     4.66000   0.3882160E+0000   0.1706857E+0000   0.4262471E+0001   0.7173892E-0003  -0.1692180E-0003  -0.4221123E-0002  -0.8149940E+0001
     4.66400   0.3888892E+0000   0.1683183E+0000   0.4262476E+0001   0.7167224E-0003  -0.1666856E-0003  -0.4217284E-0002  -0.8149952E+0001
     4.66800   0.3895515E+0000   0.1655716E+0000   0.4262483E+0001   0.7160672E-0003  -0.1638161E-0003  -0.4213487E-0002  -0.8149968E+0001
     4.67200   0.3902021E+0000   0.1626562E+0000   0.4262492E+0001   0.7154240E-0003  -0.1607865E-0003  -0.4208809E-0002  -0.8149986E+0001
     4.67600   0.3908414E+0000   0.1598054E+0000   0.4262501E+0001   0.7147929E-0003  -0.1577928E-0003  -0.4202284E-0002  -0.8150007E+0001
     4.68000   0.3914703E+0000   0.1572458E+0000   0.4262511E+0001   0.7141728E-0003  -0.1550243E-0003  -0.4192981E-0002  -0.8150030E+0001
     4.68400   0.3920910E+0000   0.1551693E+0000   0.4262522E+0001   0.7135622E-0003  -0.1526382E-0003  -0.4180062E-0002  -0.8150054E+0001
     4.68800   0.3927059E+0000   0.1537104E+0000   0.4262533E+0001   0.7129593E-0003  -0.1507368E-0003  -0.4162820E-0002  -0.8150079E+0001
     4.69200   0.3933176E+0000   0.1529300E+0000   0.4262544E+0001   0.7123619E-0003  -0.1493525E-0003  -0.4140686E-0002  -0.8150104E+0001
     4.69600   0.3939288E+0000   0.1528101E+0000   0.4262556E+0001   0.7117681E-0003  -0.1484415E-0003  -0.4113204E-0002  -0.8150128E+0001
     4.70000   0.3945419E+0000   0.1532574E+0000   0.4262566E+0001   0.7111765E-0003  -0.1478876E-0003  -0.4079991E-0002  -0.8150151E+0001
     4.70400   0.3951583E+0000   0.1541176E+0000   0.4262576E+0001   0.7105865E-0003  -0.1475164E-0003  -0.4040679E-0002  -0.8150173E+0001
     4.70800   0.3957791E+0000   0.1551958E+0000   0.4262585E+0001   0.7099980E-0003  -0.1471168E-0003  -0.3994868E-0002  -0.8150192E+0001
     4.71200   0.3964042E+0000   0.1562828E+0000   0.4262592E+0001   0.7094121E-0003  -0.1464673E-0003  -0.3942083E-0002  -0.8150210E+0001
     4.71600   0.3970330E+0000   0.1571811E+0000   0.4262599E+0001   0.7088307E-0003  -0.1453624E-0003  -0.3881759E-0002  -0.8150225E+0001
     4.72000   0.3976639E+0000   0.1577293E+0000   0.4262605E+0001   0.7082561E-0003  -0.1436371E-0003  -0.3813244E-0002  -0.8150237E+0001
     4.72400   0.3982952E+0000   0.1578210E+0000   0.4262609E+0001   0.7076914E-0003  -0.1411836E-0003  -0.3735818E-0002  -0.8150247E+0001
     4.72800   0.3989248E+0000   0.1574148E+0000   0.4262613E+0001   0.7071396E-0003  -0.1379608E-0003  -0.3648732E-0002  -0.8150255E+0001
     4.73200   0.3995510E+0000   0.1565370E+0000   0.4262616E+0001   0.7066036E-0003  -0.1339933E-0003  -0.3551249E-0002  -0.8150262E+0001
     4.73600   0.4001721E+0000   0.1552737E+0000   0.4262619E+0001   0.7060861E-0003  -0.1293608E-0003  -0.3442679E-0002  -0.8150267E+0001
     4.74000   0.4007871E+0000   0.1537563E+0000   0.4262621E+0001   0.7055894E-0003  -0.1241804E-0003  -0.3322402E-0002  -0.8150272E+0001
     4.74400   0.4013957E+0000   0.1521407E+0000   0.4262623E+0001   0.7051151E-0003  -0.1185826E-0003  -0.3189873E-0002  -0.8150276E+0001
     4.74800   0.4019980E+0000   0.1505846E+0000   0.4262625E+0001   0.7046643E-0003  -0.1126878E-0003  -0.3044610E-0002  -0.8150280E+0001
     4.75200   0.4025949E+0000   0.1492244E+0000   0.4262627E+0001   0.7042380E-0003  -0.1065846E-0003  -0.2886161E-0002  -0.8150284E+0001
     4.75600   0.4031875E+0000   0.1481570E+0000   0.4262629E+0001   0.7038367E-0003  -0.1003149E-0003  -0.2714067E-0002  -0.8150290E+0001
     4.76000   0.4037772E+0000   0.1474262E+0000   0.4262632E+0001   0.7034613E-0003  -0.9386800E-0004  -0.2527831E-0002  -0.8150296E+0001
     4.76400   0.4043653E+0000   0.1470177E+0000   0.4262635E+0001   0.7031125E-0003  -0.8718461E-0004  -0.2326894E-0002  -0.8150303E+0001
     4.76800   0.4049527E+0000   0.1468624E+0000   0.4262639E+0001   0.7027919E-0003  -0.8016948E-0004  -0.2110636E-0002  -0.8150311E+0001
     4.77200   0.4055401E+0000   0.1468467E+0000   0.4262644E+0001   0.7025010E-0003  -0.7271080E-0004  -0.1878395E-0002  -0.8150320E+0001
     4.77600   0.4061275E+0000   0.1468297E+0000   0.4262648E+0001   0.7022422E-0003  -0.6470260E-0004  -0.1629508E-0002  -0.8150330E+0001
     4.78000   0.4067141E+0000   0.1466640E+0000   0.4262653E+0001   0.7020179E-0003  -0.5606613E-0004  -0.1363371E-0002  -0.8150341E+0001
     4.78400   0.4072990E+0000   0.1462175E+0000   0.4262658E+0001   0.7018309E-0003  -0.4676632E-0004  -0.1079494E-0002  -0.8150352E+0001
     4.78800   0.4078806E+0000   0.1453932E+0000   0.4262664E+0001   0.7016836E-0003  -0.3681999E-0004  -0.7775657E-0003  -0.8150364E+0001
     4.79200   0.4084571E+0000   0.1441449E+0000   0.4262669E+0001   0.7015784E-0003  -0.2629392E-0004  -0.4574986E-0003  -0.8150375E+0001
     4.79600   0.4090271E+0000   0.1424860E+0000   0.4262673E+0001   0.7015172E-0003  -0.1529257E-0004  -0.1194588E-0003  -0.8150386E+0001
     4.80000   0.4095890E+0000   0.1404905E+0000   0.4262678E+0001   0.7015015E-0003  -0.3937160E-0005   0.2361270E-0003  -0.8150395E+0001
     4.80400   0.4101422E+0000   0.1382864E+0000   0.4262681E+0001   0.7015321E-0003   0.7660247E-0005   0.6085865E-0003  -0.8150402E+0001
     4.80800   0.4106863E+0000   0.1360415E+0000   0.4262683E+0001   0.7016098E-0003   0.1942277E-0004   0.9970360E-0003  -0.8150408E+0001
     4.81200   0.4112221E+0000   0.1339445E+0000   0.4262685E+0001   0.7017351E-0003   0.3132944E-0004   0.1400424E-0002  -0.8150412E+0001
     4.81600   0.4117509E+0000   0.1321824E+0000   0.4262685E+0001   0.7019089E-0003   0.4342603E-0004   0.1817581E-0002  -0.8150413E+0001
     4.82000   0.4122745E+0000   0.1309183E+0000   0.4262684E+0001   0.7021321E-0003   0.5582269E-0004   0.2247252E-0002  -0.8150411E+0001
     4.82400   0.4127956E+0000   0.1302714E+0000   0.4262683E+0001   0.7024069E-0003   0.6867802E-0004   0.2688126E-0002  -0.8150408E+0001
     4.82800   0.4133168E+0000   0.1303025E+0000   0.4262680E+0001   0.7027355E-0003   0.8217116E-0004   0.3138840E-0002  -0.8150403E+0001
     4.83200   0.4138408E+0000   0.1310056E+0000   0.4262677E+0001   0.7031214E-0003   0.9646648E-0004   0.3597969E-0002  -0.8150396E+0001
     4.83600   0.4143701E+0000   0.1323083E+0000   0.4262673E+0001   0.7035681E-0003   0.1116766E-0003   0.4064002E-0002  -0.8150388E+0001
     4.84000   0.4149064E+0000   0.1340793E+0000   0.4262669E+0001   0.7040794E-0003   0.1278303E-0003   0.4535321E-0002  -0.8150381E+0001
     4.84400   0.4154510E+0000   0.1361436E+0000   0.4262665E+0001   0.7046588E-0003   0.1448517E-0003   0.5010180E-0002  -0.8150374E+0001
     4.84800   0.4160042E+0000   0.1383020E+0000   0.4262662E+0001   0.7053091E-0003   0.1625551E-0003   0.5486693E-0002  -0.8150369E+0001
     4.85200   0.4165656E+0000   0.1403543E+0000   0.4262660E+0001   0.7060317E-0003   0.1806573E-0003   0.5962850E-0002  -0.8150366E+0001
     4.85600   0.4171341E+0000   0.1421213E+0000   0.4262660E+0001   0.7068269E-0003   0.1988074E-0003   0.6436538E-0002  -0.8150367E+0001
     4.86000   0.4177079E+0000   0.1434657E+0000   0.4262662E+0001   0.7076934E-0003   0.2166305E-0003   0.6905586E-0002  -0.8150372E+0001
     4.86400   0.4182852E+0000   0.1443061E+0000   0.4262665E+0001   0.7086286E-0003   0.2337784E-0003   0.7367823E-0002  -0.8150382E+0001
     4.86800   0.4188637E+0000   0.1446257E+0000   0.4262672E+0001   0.7096285E-0003   0.2499790E-0003   0.7821134E-0002  -0.8150398E+0001
     4.87200   0.4194416E+0000   0.1444727E+0000   0.4262681E+0001   0.7106888E-0003   0.2650780E-0003   0.8263522E-0002  -0.8150420E+0001
     4.87600   0.4200174E+0000   0.1439526E+0000   0.4262693E+0001   0.7118050E-0003   0.2790627E-0003   0.8693148E-0002  -0.8150449E+0001
     4.88000   0.4205902E+0000   0.1432144E+0000   0.4262709E+0001   0.7129733E-0003   0.2920652E-0003   0.9108365E-0002  -0.8150485E+0001
     4.88400   0.4211600E+0000   0.1424324E+0000   0.4262727E+0001   0.7141907E-0003   0.3043431E-0003   0.9507716E-0002  -0.8150529E+0001
     4.88800   0.4217271E+0000   0.1417839E+0000   0.4262750E+0001   0.7154556E-0003   0.3162390E-0003   0.9889925E-0002  -0.8150581E+0001
     4.89200   0.4222928E+0000   0.1414287E+0000   0.4262776E+0001   0.7167681E-0003   0.3281261E-0003   0.1025385E-0001  -0.8150640E+0001
     4.89600   0.4228588E+0000   0.1414909E+0000   0.4262805E+0001   0.7181295E-0003   0.3403481E-0003   0.1059847E-0001  -0.8150707E+0001
     4.90000   0.4234270E+0000   0.1420450E+0000   0.4262837E+0001   0.7195422E-0003   0.3531619E-0003   0.1092279E-0001  -0.8150781E+0001
     4.90400   0.4239994E+0000   0.1431095E+0000   0.4262873E+0001   0.7210089E-0003   0.3666935E-0003   0.1122583E-0001  -0.8150863E+0001
     4.90800   0.4245780E+0000   0.1446473E+0000   0.4262912E+0001   0.7225326E-0003   0.3809135E-0003   0.1150662E-0001  -0.8150950E+0001
     4.91200   0.4251643E+0000   0.1465731E+0000   0.4262954E+0001   0.7241151E-0003   0.3956358E-0003   0.1176412E-0001  -0.8151044E+0001
     4.91600   0.4257593E+0000   0.1487672E+0000   0.4262998E+0001   0.7257573E-0003   0.4105406E-0003   0.1199727E-0001  -0.8151144E+0001
     4.92000   0.4263637E+0000   0.1510929E+0000   0.4263044E+0001   0.7274582E-0003   0.4252180E-0003   0.1220499E-0001  -0.8151248E+0001
     4.92400   0.4269774E+0000   0.1534158E+0000   0.4263092E+0001   0.7292151E-0003   0.4392256E-0003   0.1238614E-0001  -0.8151356E+0001
     4.92800   0.4275999E+0000   0.1556222E+0000   0.4263142E+0001   0.7310237E-0003   0.4521503E-0003   0.1253960E-0001  -0.8151468E+0001
     4.93200   0.4282304E+0000   0.1576344E+0000   0.4263193E+0001   0.7328783E-0003   0.4636656E-0003   0.1266423E-0001  -0.8151582E+0001
     4.93600   0.4288681E+0000   0.1594207E+0000   0.4263245E+0001   0.7347726E-0003   0.4735748E-0003   0.1275890E-0001  -0.8151698E+0001
     4.94000   0.4295121E+0000   0.1609990E+0000   0.4263298E+0001   0.7367000E-0003   0.4818325E-0003   0.1282247E-0001  -0.8151816E+0001
     4.94400   0.4301618E+0000   0.1624336E+0000   0.4263351E+0001   0.7386541E-0003   0.4885422E-0003   0.1285385E-0001  -0.8151933E+0001
     4.94800   0.4308171E+0000   0.1638256E+0000   0.4263403E+0001   0.7406299E-0003   0.4939282E-0003   0.1285192E-0001  -0.8152051E+0001
     4.95200   0.4314783E+0000   0.1652987E+0000   0.4263456E+0001   0.7426230E-0003   0.4982885E-0003   0.1281562E-0001  -0.8152167E+0001
     4.95600   0.4321462E+0000   0.1669819E+0000   0.4263508E+0001   0.7446307E-0003   0.5019348E-0003   0.1274393E-0001  -0.8152282E+0001
     4.96000   0.4328222E+0000   0.1689920E+0000   0.4263559E+0001   0.7466513E-0003   0.5051290E-0003   0.1263588E-0001  -0.8152395E+0001
     4.96400   0.4335079E+0000   0.1714171E+0000   0.4263608E+0001   0.7486834E-0003   0.5080277E-0003   0.1249063E-0001  -0.8152504E+0001
     4.96800   0.4342051E+0000   0.1743053E+0000   0.4263657E+0001   0.7507259E-0003   0.5106433E-0003   0.1230743E-0001  -0.8152610E+0001
     4.97200   0.4349157E+0000   0.1776582E+0000   0.4263703E+0001   0.7527773E-0003   0.5128264E-0003   0.1208573E-0001  -0.8152712E+0001
     4.97600   0.4356415E+0000   0.1814304E+0000   0.4263747E+0001   0.7548344E-0003   0.5142754E-0003   0.1182512E-0001  -0.8152808E+0001
     4.98000   0.4363836E+0000   0.1855362E+0000   0.4263789E+0001   0.7568926E-0003   0.5145677E-0003   0.1152541E-0001  -0.8152899E+0001
     4.98400   0.4371430E+0000   0.1898608E+0000   0.4263828E+0001   0.7589455E-0003   0.5132111E-0003   0.1118661E-0001  -0.8152984E+0001
     4.98800   0.4379201E+0000   0.1942757E+0000   0.4263864E+0001   0.7609843E-0003   0.5097034E-0003   0.1080894E-0001  -0.8153061E+0001
     4.99200   0.4387148E+0000   0.1986552E+0000   0.4263896E+0001   0.7629987E-0003   0.5035931E-0003   0.1039278E-0001  -0.8153130E+0001
     4.99600   0.4395263E+0000   0.2028927E+0000   0.4263924E+0001   0.7649768E-0003   0.4945289E-0003   0.9938726E-0002  -0.8153190E+0001
     5.00000   0.4403540E+0000   0.2069137E+0000   0.4263948E+0001   0.7669059E-0003   0.4822926E-0003   0.9447505E-0002  -0.8153241E+0001
     5.00400   0.4411967E+0000   0.2106855E+0000   0.4263967E+0001   0.7687732E-0003   0.4668097E-0003   0.8920012E-0002  -0.8153280E+0001
     5.00800   0.4420536E+0000   0.2142195E+0000   0.4263981E+0001   0.7705657E-0003   0.4481368E-0003   0.8357281E-0002  -0.8153309E+0001
     5.01200   0.4429239E+0000   0.2175693E+0000   0.4263989E+0001   0.7722714E-0003   0.4264296E-0003   0.7760488E-0002  -0.8153325E+0001
     5.01600   0.4438072E+0000   0.2208229E+0000   0.4263991E+0001   0.7738790E-0003   0.4018992E-0003   0.7130958E-0002  -0.8153327E+0001
     5.02000   0.4447035E+0000   0.2240906E+0000   0.4263987E+0001   0.7753781E-0003   0.3747616E-0003   0.6470164E-0002  -0.8153317E+0001
     5.02400   0.4456135E+0000   0.2274906E+0000   0.4263977E+0001   0.7767589E-0003   0.3451936E-0003   0.5779741E-0002  -0.8153291E+0001
     5.02800   0.4465380E+0000   0.2311346E+0000   0.4263960E+0001   0.7780121E-0003   0.3132986E-0003   0.5061489E-0002  -0.8153252E+0001
     5.03200   0.4474785E+0000   0.2351144E+0000   0.4263936E+0001   0.7791284E-0003   0.2790900E-0003   0.4317369E-0002  -0.8153197E+0001
     5.03600   0.4484365E+0000   0.2394918E+0000   0.4263906E+0001   0.7800984E-0003   0.2424929E-0003   0.3549501E-0002  -0.8153128E+0001
     5.04000   0.4494136E+0000   0.2442929E+0000   0.4263869E+0001   0.7809118E-0003   0.2033624E-0003   0.2760149E-0002  -0.8153044E+0001
     5.04400   0.4504117E+0000   0.2495073E+0000   0.4263825E+0001   0.7815579E-0003   0.1615147E-0003   0.1951700E-0002  -0.8152946E+0001
     5.04800   0.4514320E+0000   0.2550917E+0000   0.4263775E+0001   0.7820250E-0003   0.1167643E-0003   0.1126645E-0002  -0.8152835E+0001
     5.05200   0.4524759E+0000   0.2609771E+0000   0.4263720E+0001   0.7823008E-0003   0.6895964E-0004   0.2875533E-0003  -0.8152712E+0001
     5.05600   0.4535443E+0000   0.2670793E+0000   0.4263660E+0001   0.7823728E-0003   0.1801233E-0004  -0.5629435E-0003  -0.8152577E+0001
     5.06000   0.4546375E+0000   0.2733095E+0000   0.4263595E+0001   0.7822285E-0003  -0.3608586E-0004  -0.1422176E-0002  -0.8152433E+0001
     5.06400   0.4557558E+0000   0.2795845E+0000   0.4263526E+0001   0.7818555E-0003  -0.9325893E-0004  -0.2287448E-0002  -0.8152282E+0001
     5.06800   0.4568992E+0000   0.2858354E+0000   0.4263455E+0001   0.7812420E-0003  -0.1533551E-0003  -0.3156055E-0002  -0.8152125E+0001
     5.07200   0.4580672E+0000   0.2920124E+0000   0.4263382E+0001   0.7803774E-0003  -0.2161644E-0003  -0.4025295E-0002  -0.8151964E+0001
     5.07600   0.4592596E+0000   0.2980871E+0000   0.4263307E+0001   0.7792516E-0003  -0.2814405E-0003  -0.4892483E-0002  -0.8151801E+0001
     5.08000   0.4604758E+0000   0.3040506E+0000   0.4263233E+0001   0.7778559E-0003  -0.3489221E-0003  -0.5754971E-0002  -0.8151638E+0001
     5.08400   0.4617154E+0000   0.3099094E+0000   0.4263160E+0001   0.7761825E-0003  -0.4183490E-0003  -0.6610161E-0002  -0.8151479E+0001
     5.08800   0.4629781E+0000   0.3156793E+0000   0.4263089E+0001   0.7742247E-0003  -0.4894705E-0003  -0.7455537E-0002  -0.8151323E+0001
     5.09200   0.4642637E+0000   0.3213786E+0000   0.4263020E+0001   0.7719765E-0003  -0.5620455E-0003  -0.8288675E-0002  -0.8151174E+0001
     5.09600   0.4655717E+0000   0.3270218E+0000   0.4262955E+0001   0.7694331E-0003  -0.6358350E-0003  -0.9107274E-0002  -0.8151032E+0001
     5.10000   0.4669022E+0000   0.3326150E+0000   0.4262893E+0001   0.7665908E-0003  -0.7105906E-0003  -0.9909162E-0002  -0.8150900E+0001
     5.10400   0.4682548E+0000   0.3381533E+0000   0.4262836E+0001   0.7634466E-0003  -0.7860426E-0003  -0.1069231E-0001  -0.8150777E+0001
     5.10800   0.4696293E+0000   0.3436208E+0000   0.4262784E+0001   0.7599990E-0003  -0.8618910E-0003  -0.1145483E-0001  -0.8150665E+0001
     5.11200   0.4710253E+0000   0.3489927E+0000   0.4262737E+0001   0.7562478E-0003  -0.9378029E-0003  -0.1219494E-0001  -0.8150565E+0001
     5.11600   0.4724422E+0000   0.3542392E+0000   0.4262695E+0001   0.7521942E-0003  -0.1013416E-0002  -0.1291101E-0001  -0.8150477E+0001
     5.12000   0.4738795E+0000   0.3593297E+0000   0.4262658E+0001   0.7478408E-0003  -0.1088351E-0002  -0.1360145E-0001  -0.8150400E+0001
     5.12400   0.4753365E+0000   0.3642380E+0000   0.4262627E+0001   0.7431919E-0003  -0.1162224E-0002  -0.1426476E-0001  -0.8150335E+0001
     5.12800   0.4768123E+0000   0.3689456E+0000   0.4262601E+0001   0.7382532E-0003  -0.1234666E-0002  -0.1489948E-0001  -0.8150282E+0001
     5.13200   0.4783061E+0000   0.3734435E+0000   0.4262580E+0001   0.7330319E-0003  -0.1305333E-0002  -0.1550417E-0001  -0.8150240E+0001
     5.13600   0.4798170E+0000   0.3777327E+0000   0.4262564E+0001   0.7275362E-0003  -0.1373918E-0002  -0.1607747E-0001  -0.8150210E+0001
     5.14000   0.4813443E+0000   0.3818220E+0000   0.4262553E+0001   0.7217756E-0003  -0.1440150E-0002  -0.1661806E-0001  -0.8150190E+0001
     5.14400   0.4828872E+0000   0.3857245E+0000   0.4262547E+0001   0.7157604E-0003  -0.1503792E-0002  -0.1712473E-0001  -0.8150181E+0001
     5.14800   0.4844450E+0000   0.3894538E+0000   0.4262546E+0001   0.7095019E-0003  -0.1564626E-0002  -0.1759645E-0001  -0.8150183E+0001
     5.15200   0.4860171E+0000   0.3930191E+0000   0.4262549E+0001   0.7030121E-0003  -0.1622444E-0002  -0.1803238E-0001  -0.8150194E+0001
     5.15600   0.4876027E+0000   0.3964217E+0000   0.4262557E+0001   0.6963040E-0003  -0.1677031E-0002  -0.1843195E-0001  -0.8150216E+0001
     5.16000   0.4892014E+0000   0.3996531E+0000   0.4262570E+0001   0.6893914E-0003  -0.1728162E-0002  -0.1879493E-0001  -0.8150248E+0001
     5.16400   0.4908121E+0000   0.4026940E+0000   0.4262587E+0001   0.6822890E-0003  -0.1775597E-0002  -0.1912141E-0001  -0.8150288E+0001
     5.16800   0.4924342E+0000   0.4055160E+0000   0.4262608E+0001   0.6750126E-0003  -0.1819092E-0002  -0.1941188E-0001  -0.8150338E+0001
     5.17200   0.4940665E+0000   0.4080847E+0000   0.4262633E+0001   0.6675790E-0003  -0.1858415E-0002  -0.1966719E-0001  -0.8150396E+0001
     5.17600   0.4957080E+0000   0.4103637E+0000   0.4262661E+0001   0.6600055E-0003  -0.1893361E-0002  -0.1988855E-0001  -0.8150461E+0001
     5.18000   0.4973573E+0000   0.4123196E+0000   0.4262693E+0001   0.6523104E-0003  -0.1923784E-0002  -0.2007749E-0001  -0.8150533E+0001
     5.18400   0.4990130E+0000   0.4139254E+0000   0.4262727E+0001   0.6445119E-0003  -0.1949609E-0002  -0.2023583E-0001  -0.8150611E+0001
     5.18800   0.5006736E+0000   0.4151641E+0000   0.4262763E+0001   0.6366285E-0003  -0.1970849E-0002  -0.2036565E-0001  -0.8150692E+0001
     5.19200   0.5023377E+0000   0.4160297E+0000   0.4262800E+0001   0.6286781E-0003  -0.1987612E-0002  -0.2046923E-0001  -0.8150776E+0001
     5.19600   0.5040039E+0000   0.4165266E+0000   0.4262838E+0001   0.6206777E-0003  -0.2000089E-0002  -0.2054901E-0001  -0.8150862E+0001
     5.20000   0.5056705E+0000   0.4166673E+0000   0.4262876E+0001   0.6126436E-0003  -0.2008545E-0002  -0.2060755E-0001  -0.8150946E+0001
     5.20400   0.5073364E+0000   0.4164691E+0000   0.4262913E+0001   0.6045904E-0003  -0.2013291E-0002  -0.2064752E-0001  -0.8151029E+0001
     5.20800   0.5090002E+0000   0.4159491E+0000   0.4262948E+0001   0.5965318E-0003  -0.2014660E-0002  -0.2067165E-0001  -0.8151108E+0001
     5.21200   0.5106607E+0000   0.4151208E+0000   0.4262981E+0001   0.5884798E-0003  -0.2012980E-0002  -0.2068267E-0001  -0.8151181E+0001
     5.21600   0.5123166E+0000   0.4139904E+0000   0.4263011E+0001   0.5804456E-0003  -0.2008554E-0002  -0.2068333E-0001  -0.8151248E+0001
     5.22000   0.5139669E+0000   0.4125555E+0000   0.4263038E+0001   0.5724391E-0003  -0.2001642E-0002  -0.2067630E-0001  -0.8151306E+0001
     5.22400   0.5156101E+0000   0.4108051E+0000   0.4263060E+0001   0.5644692E-0003  -0.1992460E-0002  -0.2066416E-0001  -0.8151356E+0001
     5.22800   0.5172450E+0000   0.4087221E+0000   0.4263078E+0001   0.5565445E-0003  -0.1981182E-0002  -0.2064931E-0001  -0.8151396E+0001
     5.23200   0.5188701E+0000   0.4062870E+0000   0.4263092E+0001   0.5486727E-0003  -0.1967954E-0002  -0.2063393E-0001  -0.8151427E+0001
     5.23600   0.5204841E+0000   0.4034828E+0000   0.4263101E+0001   0.5408610E-0003  -0.1952910E-0002  -0.2061995E-0001  -0.8151447E+0001
     5.24000   0.5220853E+0000   0.4003005E+0000   0.4263106E+0001   0.5331163E-0003  -0.1936190E-0002  -0.2060895E-0001  -0.8151458E+0001
     5.24400   0.5236722E+0000   0.3967430E+0000   0.4263107E+0001   0.5254444E-0003  -0.1917958E-0002  -0.2060217E-0001  -0.8151459E+0001
     5.24800   0.5252435E+0000   0.3928290E+0000   0.4263104E+0001   0.5178508E-0003  -0.1898411E-0002  -0.2060048E-0001  -0.8151452E+0001
     5.25200   0.5267979E+0000   0.3885934E+0000   0.4263097E+0001   0.5103396E-0003  -0.1877790E-0002  -0.2060437E-0001  -0.8151437E+0001
     5.25600   0.5283343E+0000   0.3840869E+0000   0.4263087E+0001   0.5029142E-0003  -0.1856366E-0002  -0.2061398E-0001  -0.8151416E+0001
     5.26000   0.5298518E+0000   0.3793722E+0000   0.4263075E+0001   0.4955764E-0003  -0.1834438E-0002  -0.2062912E-0001  -0.8151389E+0001
     5.26400   0.5313498E+0000   0.3745199E+0000   0.4263061E+0001   0.4883272E-0003  -0.1812311E-0002  -0.2064935E-0001  -0.8151357E+0001
     5.26800   0.5328282E+0000   0.3696021E+0000   0.4263045E+0001   0.4811661E-0003  -0.1790273E-0002  -0.2067400E-0001  -0.8151323E+0001
     5.27200   0.5342870E+0000   0.3646870E+0000   0.4263029E+0001   0.4740918E-0003  -0.1768580E-0002  -0.2070223E-0001  -0.8151287E+0001
     5.27600   0.5357263E+0000   0.3598334E+0000   0.4263012E+0001   0.4671020E-0003  -0.1747433E-0002  -0.2073312E-0001  -0.8151250E+0001
     5.28000   0.5371467E+0000   0.3550875E+0000   0.4262996E+0001   0.4601942E-0003  -0.1726965E-0002  -0.2076566E-0001  -0.8151214E+0001
     5.28400   0.5385486E+0000   0.3504812E+0000   0.4262980E+0001   0.4533652E-0003  -0.1707244E-0002  -0.2079879E-0001  -0.8151180E+0001
     5.28800   0.5399327E+0000   0.3460327E+0000   0.4262965E+0001   0.4466121E-0003  -0.1688271E-0002  -0.2083147E-0001  -0.8151147E+0001
     5.29200   0.5412997E+0000   0.3417494E+0000   0.4262952E+0001   0.4399321E-0003  -0.1669997E-0002  -0.2086261E-0001  -0.8151118E+0001
     5.29600   0.5426503E+0000   0.3376315E+0000   0.4262940E+0001   0.4333227E-0003  -0.1652347E-0002  -0.2089116E-0001  -0.8151092E+0001
     5.30000   0.5439850E+0000   0.3336773E+0000   0.4262930E+0001   0.4267818E-0003  -0.1635234E-0002  -0.2091608E-0001  -0.8151070E+0001
     5.30400   0.5453045E+0000   0.3298877E+0000   0.4262922E+0001   0.4203074E-0003  -0.1618595E-0002  -0.2093634E-0001  -0.8151051E+0001
     5.30800   0.5466096E+0000   0.3262702E+0000   0.4262915E+0001   0.4138978E-0003  -0.1602400E-0002  -0.2095098E-0001  -0.8151036E+0001
     5.31200   0.5479010E+0000   0.3228412E+0000   0.4262910E+0001   0.4075511E-0003  -0.1586670E-0002  -0.2095910E-0001  -0.8151025E+0001
     5.31600   0.5491795E+0000   0.3196267E+0000   0.4262906E+0001   0.4012652E-0003  -0.1571482E-0002  -0.2095987E-0001  -0.8151016E+0001
     5.32000   0.5504461E+0000   0.3166608E+0000   0.4262903E+0001   0.3950374E-0003  -0.1556959E-0002  -0.2095261E-0001  -0.8151011E+0001
     5.32400   0.5517020E+0000   0.3139831E+0000   0.4262902E+0001   0.3888643E-0003  -0.1543259E-0002  -0.2093672E-0001  -0.8151007E+0001
     5.32800   0.5529486E+0000   0.3116350E+0000   0.4262901E+0001   0.3827421E-0003  -0.1530557E-0002  -0.2091175E-0001  -0.8151005E+0001
     5.33200   0.5541872E+0000   0.3096556E+0000   0.4262900E+0001   0.3766660E-0003  -0.1519022E-0002  -0.2087738E-0001  -0.8151004E+0001
     5.33600   0.5554195E+0000   0.3080783E+0000   0.4262900E+0001   0.3706308E-0003  -0.1508801E-0002  -0.2083335E-0001  -0.8151003E+0001
     5.34000   0.5566472E+0000   0.3069287E+0000   0.4262901E+0001   0.3646308E-0003  -0.1500001E-0002  -0.2077951E-0001  -0.8151003E+0001
     5.34400   0.5578721E+0000   0.3062238E+0000   0.4262901E+0001   0.3586600E-0003  -0.1492688E-0002  -0.2071572E-0001  -0.8151003E+0001
     5.34800   0.5590960E+0000   0.3059729E+0000   0.4262901E+0001   0.3527125E-0003  -0.1486886E-0002  -0.2064184E-0001  -0.8151002E+0001
     5.35200   0.5603207E+0000   0.3061804E+0000   0.4262901E+0001   0.3467821E-0003  -0.1482588E-0002  -0.2055772E-0001  -0.8151001E+0001
     5.35600   0.5615481E+0000   0.3068490E+0000   0.4262901E+0001   0.3408631E-0003  -0.1479771E-0002  -0.2046317E-0001  -0.8151000E+0001
     5.36000   0.5627801E+0000   0.3079833E+0000   0.4262900E+0001   0.3349494E-0003  -0.1478410E-0002  -0.2035793E-0001  -0.8150997E+0001
     5.36400   0.5640184E+0000   0.3095934E+0000   0.4262899E+0001   0.3290354E-0003  -0.1478496E-0002  -0.2024170E-0001  -0.8150993E+0001
     5.36800   0.5652652E+0000   0.3116962E+0000   0.4262897E+0001   0.3231153E-0003  -0.1480040E-0002  -0.2011417E-0001  -0.8150989E+0001
     5.37200   0.5665225E+0000   0.3143160E+0000   0.4262896E+0001   0.3171830E-0003  -0.1483077E-0002  -0.1997502E-0001  -0.8150983E+0001
     5.37600   0.5677924E+0000   0.3174822E+0000   0.4262893E+0001   0.3112324E-0003  -0.1487654E-0002  -0.1982396E-0001  -0.8150977E+0001
     5.38000   0.5690773E+0000   0.3212256E+0000   0.4262890E+0001   0.3052571E-0003  -0.1493812E-0002  -0.1966076E-0001  -0.8150969E+0001
     5.38400   0.5703796E+0000   0.3255731E+0000   0.4262887E+0001   0.2992508E-0003  -0.1501567E-0002  -0.1948530E-0001  -0.8150959E+0001
     5.38800   0.5717018E+0000   0.3305415E+0000   0.4262883E+0001   0.2932073E-0003  -0.1510878E-0002  -0.1929755E-0001  -0.8150948E+0001
     5.39200   0.5730463E+0000   0.3361318E+0000   0.4262878E+0001   0.2871208E-0003  -0.1521628E-0002  -0.1909762E-0001  -0.8150935E+0001
     5.39600   0.5744156E+0000   0.3423239E+0000   0.4262872E+0001   0.2809864E-0003  -0.1533605E-0002  -0.1888572E-0001  -0.8150921E+0001
     5.40000   0.5758119E+0000   0.3490741E+0000   0.4262866E+0001   0.2748004E-0003  -0.1546496E-0002  -0.1866219E-0001  -0.8150904E+0001
     5.40400   0.5772372E+0000   0.3563140E+0000   0.4262859E+0001   0.2685609E-0003  -0.1559890E-0002  -0.1842751E-0001  -0.8150886E+0001
     5.40800   0.5786930E+0000   0.3639524E+0000   0.4262851E+0001   0.2622677E-0003  -0.1573295E-0002  -0.1818222E-0001  -0.8150866E+0001
     5.41200   0.5801805E+0000   0.3718799E+0000   0.4262842E+0001   0.2559230E-0003  -0.1586169E-0002  -0.1792698E-0001  -0.8150844E+0001
     5.41600   0.5817004E+0000   0.3799745E+0000   0.4262833E+0001   0.2495312E-0003  -0.1597947E-0002  -0.1766254E-0001  -0.8150821E+0001
     5.42000   0.5832528E+0000   0.3881091E+0000   0.4262823E+0001   0.2430989E-0003  -0.1608083E-0002  -0.1738972E-0001  -0.8150797E+0001
     5.42400   0.5848375E+0000   0.3961586E+0000   0.4262813E+0001   0.2366345E-0003  -0.1616086E-0002  -0.1710944E-0001  -0.8150772E+0001
     5.42800   0.5864535E+0000   0.4040064E+0000   0.4262803E+0001   0.2301484E-0003  -0.1621541E-0002  -0.1682270E-0001  -0.8150747E+0001
     5.43200   0.5880997E+0000   0.4115491E+0000   0.4262792E+0001   0.2236518E-0003  -0.1624134E-0002  -0.1653054E-0001  -0.8150721E+0001
     5.43600   0.5897745E+0000   0.4186993E+0000   0.4262783E+0001   0.2171572E-0003  -0.1623660E-0002  -0.1623410E-0001  -0.8150697E+0001
     5.44000   0.5914760E+0000   0.4253865E+0000   0.4262773E+0001   0.2106771E-0003  -0.1620014E-0002  -0.1593453E-0001  -0.8150674E+0001
     5.44400   0.5932022E+0000   0.4315547E+0000   0.4262765E+0001   0.2042244E-0003  -0.1613180E-0002  -0.1563301E-0001  -0.8150652E+0001
     5.44800   0.5949509E+0000   0.4371602E+0000   0.4262757E+0001   0.1978116E-0003  -0.1603215E-0002  -0.1533069E-0001  -0.8150633E+0001
     5.45200   0.5967196E+0000   0.4421673E+0000   0.4262751E+0001   0.1914507E-0003  -0.1590222E-0002  -0.1502867E-0001  -0.8150616E+0001
     5.45600   0.5985057E+0000   0.4465448E+0000   0.4262746E+0001   0.1851533E-0003  -0.1574330E-0002  -0.1472796E-0001  -0.8150603E+0001
     5.46000   0.6003068E+0000   0.4502626E+0000   0.4262742E+0001   0.1789306E-0003  -0.1555676E-0002  -0.1442944E-0001  -0.8150592E+0001
     5.46400   0.6021199E+0000   0.4532910E+0000   0.4262740E+0001   0.1727931E-0003  -0.1534397E-0002  -0.1413387E-0001  -0.8150585E+0001
     5.46800   0.6039423E+0000   0.4556003E+0000   0.4262739E+0001   0.1667506E-0003  -0.1510624E-0002  -0.1384184E-0001  -0.8150581E+0001
     5.47200   0.6057710E+0000   0.4571637E+0000   0.4262739E+0001   0.1608126E-0003  -0.1484489E-0002  -0.1355380E-0001  -0.8150580E+0001
     5.47600   0.6076028E+0000   0.4579605E+0000   0.4262742E+0001   0.1549881E-0003  -0.1456130E-0002  -0.1327004E-0001  -0.8150583E+0001
     5.48000   0.6094348E+0000   0.4579804E+0000   0.4262745E+0001   0.1492853E-0003  -0.1425707E-0002  -0.1299076E-0001  -0.8150589E+0001
     5.48400   0.6112637E+0000   0.4572289E+0000   0.4262750E+0001   0.1437116E-0003  -0.1393409E-0002  -0.1271603E-0001  -0.8150598E+0001
     5.48800   0.6130866E+0000   0.4557301E+0000   0.4262756E+0001   0.1382737E-0003  -0.1359469E-0002  -0.1244589E-0001  -0.8150609E+0001
     5.49200   0.6149007E+0000   0.4535297E+0000   0.4262763E+0001   0.1329771E-0003  -0.1324162E-0002  -0.1218032E-0001  -0.8150624E+0001
     5.49600   0.6167035E+0000   0.4506954E+0000   0.4262771E+0001   0.1278259E-0003  -0.1287807E-0002  -0.1191930E-0001  -0.8150640E+0001
     5.50000   0.6184928E+0000   0.4473148E+0000   0.4262780E+0001   0.1228228E-0003  -0.1250755E-0002  -0.1166282E-0001  -0.8150658E+0001
     5.50400   0.6202667E+0000   0.4434919E+0000   0.4262790E+0001   0.1179693E-0003  -0.1213378E-0002  -0.1141088E-0001  -0.8150678E+0001
     5.50800   0.6220241E+0000   0.4393415E+0000   0.4262800E+0001   0.1132651E-0003  -0.1176055E-0002  -0.1116353E-0001  -0.8150699E+0001
     5.51200   0.6237640E+0000   0.4349831E+0000   0.4262811E+0001   0.1087085E-0003  -0.1139145E-0002  -0.1092084E-0001  -0.8150721E+0001
     5.51600   0.6254862E+0000   0.4305346E+0000   0.4262822E+0001   0.1042966E-0003  -0.1102982E-0002  -0.1068293E-0001  -0.8150745E+0001
     5.52000   0.6271906E+0000   0.4261066E+0000   0.4262833E+0001   0.1000252E-0003  -0.1067853E-0002  -0.1044992E-0001  -0.8150769E+0001
     5.52400   0.6288778E+0000   0.4217978E+0000   0.4262845E+0001   0.9588921E-0004  -0.1033996E-0002  -0.1022198E-0001  -0.8150794E+0001
     5.52800   0.6305486E+0000   0.4176932E+0000   0.4262857E+0001   0.9188282E-0004  -0.1001597E-0002  -0.9999312E-0002  -0.8150820E+0001
     5.53200   0.6322040E+0000   0.4138632E+0000   0.4262869E+0001   0.8799966E-0004  -0.9707919E-0003  -0.9782130E-0002  -0.8150846E+0001
     5.53600   0.6338455E+0000   0.4103650E+0000   0.4262882E+0001   0.8423295E-0004  -0.9416766E-0003  -0.9570680E-0002  -0.8150872E+0001
     5.54000   0.6354745E+0000   0.4072456E+0000   0.4262894E+0001   0.8057569E-0004  -0.9143151E-0003  -0.9365230E-0002  -0.8150899E+0001
     5.54400   0.6370926E+0000   0.4045447E+0000   0.4262907E+0001   0.7702068E-0004  -0.8887516E-0003  -0.9166074E-0002  -0.8150927E+0001
     5.54800   0.6387018E+0000   0.4022985E+0000   0.4262920E+0001   0.7356060E-0004  -0.8650196E-0003  -0.8973519E-0002  -0.8150954E+0001
     5.55200   0.6403040E+0000   0.4005422E+0000   0.4262933E+0001   0.7018801E-0004  -0.8431482E-0003  -0.8787881E-0002  -0.8150983E+0001
     5.55600   0.6419012E+0000   0.3993113E+0000   0.4262946E+0001   0.6689535E-0004  -0.8231657E-0003  -0.8609466E-0002  -0.8151011E+0001
     5.56000   0.6434958E+0000   0.3986416E+0000   0.4262960E+0001   0.6367495E-0004  -0.8050984E-0003  -0.8438555E-0002  -0.8151041E+0001
     5.56400   0.6450901E+0000   0.3985673E+0000   0.4262974E+0001   0.6051909E-0004  -0.7889663E-0003  -0.8275385E-0002  -0.8151070E+0001
     5.56800   0.6466865E+0000   0.3991179E+0000   0.4262987E+0001   0.5741998E-0004  -0.7747771E-0003  -0.8120125E-0002  -0.8151101E+0001
     5.57200   0.6482878E+0000   0.4003147E+0000   0.4263002E+0001   0.5436991E-0004  -0.7625182E-0003  -0.7972866E-0002  -0.8151131E+0001
     5.57600   0.6498965E+0000   0.4021658E+0000   0.4263016E+0001   0.5136131E-0004  -0.7521494E-0003  -0.7833596E-0002  -0.8151163E+0001
     5.58000   0.6515151E+0000   0.4046636E+0000   0.4263031E+0001   0.4838692E-0004  -0.7435982E-0003  -0.7702200E-0002  -0.8151195E+0001
     5.58400   0.6531462E+0000   0.4077814E+0000   0.4263046E+0001   0.4543989E-0004  -0.7367561E-0003  -0.7578456E-0002  -0.8151228E+0001
     5.58800   0.6547921E+0000   0.4114728E+0000   0.4263061E+0001   0.4251398E-0004  -0.7314790E-0003  -0.7462032E-0002  -0.8151262E+0001
     5.59200   0.6564548E+0000   0.4156725E+0000   0.4263077E+0001   0.3960361E-0004  -0.7275903E-0003  -0.7352503E-0002  -0.8151296E+0001
     5.59600   0.6581360E+0000   0.4202990E+0000   0.4263093E+0001   0.3670407E-0004  -0.7248870E-0003  -0.7249356E-0002  -0.8151331E+0001
     5.60000   0.6598371E+0000   0.4252577E+0000   0.4263109E+0001   0.3381148E-0004  -0.7231474E-0003  -0.7152012E-0002  -0.8151367E+0001
     5.60400   0.6615588E+0000   0.4304466E+0000   0.4263126E+0001   0.3092292E-0004  -0.7221394E-0003  -0.7059835E-0002  -0.8151404E+0001
     5.60800   0.6633019E+0000   0.4357607E+0000   0.4263143E+0001   0.2803640E-0004  -0.7216298E-0003  -0.6972152E-0002  -0.8151442E+0001
     5.61200   0.6650663E+0000   0.4410968E+0000   0.4263160E+0001   0.2515083E-0004  -0.7213913E-0003  -0.6888265E-0002  -0.8151480E+0001
     5.61600   0.6668517E+0000   0.4463575E+0000   0.4263178E+0001   0.2226600E-0004  -0.7212089E-0003  -0.6807466E-0002  -0.8151519E+0001
     5.62000   0.6686575E+0000   0.4514534E+0000   0.4263196E+0001   0.1938247E-0004  -0.7208832E-0003  -0.6729047E-0002  -0.8151558E+0001
     5.62400   0.6704827E+0000   0.4563041E+0000   0.4263214E+0001   0.1650154E-0004  -0.7202324E-0003  -0.6652311E-0002  -0.8151598E+0001
     5.62800   0.6723261E+0000   0.4608386E+0000   0.4263232E+0001   0.1362517E-0004  -0.7190918E-0003  -0.6576582E-0002  -0.8151637E+0001
     5.63200   0.6741861E+0000   0.4649936E+0000   0.4263250E+0001   0.1075592E-0004  -0.7173123E-0003  -0.6501213E-0002  -0.8151677E+0001
     5.63600   0.6760609E+0000   0.4687118E+0000   0.4263267E+0001   0.7896884E-0005  -0.7147588E-0003  -0.6425595E-0002  -0.8151716E+0001
     5.64000   0.6779487E+0000   0.4719401E+0000   0.4263285E+0001   0.5051653E-0005  -0.7113079E-0003  -0.6349169E-0002  -0.8151755E+0001
     5.64400   0.6798472E+0000   0.4746282E+0000   0.4263302E+0001   0.2224260E-0005  -0.7068480E-0003  -0.6271430E-0002  -0.8151794E+0001
     5.64800   0.6817541E+0000   0.4767280E+0000   0.4263320E+0001  -0.5808576E-0006  -0.7012795E-0003  -0.6191939E-0002  -0.8151832E+0001
     5.65200   0.6836669E+0000   0.4781943E+0000   0.4263337E+0001  -0.3358928E-0005  -0.6945175E-0003  -0.6110328E-0002  -0.8151869E+0001
     5.65600   0.6855828E+0000   0.4789861E+0000   0.4263353E+0001  -0.6104911E-0005  -0.6864957E-0003  -0.6026309E-0002  -0.8151906E+0001
     5.66000   0.6874991E+0000   0.4790694E+0000   0.4263370E+0001  -0.8813595E-0005  -0.6771712E-0003  -0.5939678E-0002  -0.8151942E+0001
     5.66400   0.6894128E+0000   0.4784200E+0000   0.4263386E+0001  -0.1147971E-0004  -0.6665293E-0003  -0.5850318E-0002  -0.8151977E+0001
     5.66800   0.6913209E+0000   0.4770276E+0000   0.4263401E+0001  -0.1409807E-0004  -0.6545886E-0003  -0.5758200E-0002  -0.8152012E+0001
     5.67200   0.6932205E+0000   0.4748983E+0000   0.4263417E+0001  -0.1666368E-0004  -0.6414033E-0003  -0.5663385E-0002  -0.8152046E+0001
     5.67600   0.6951087E+0000   0.4720570E+0000   0.4263432E+0001  -0.1917194E-0004  -0.6270653E-0003  -0.5566018E-0002  -0.8152080E+0001
     5.68000   0.6969829E+0000   0.4685491E+0000   0.4263447E+0001  -0.2161875E-0004  -0.6117026E-0003  -0.5466330E-0002  -0.8152114E+0001
     5.68400   0.6988407E+0000   0.4644398E+0000   0.4263462E+0001  -0.2400066E-0004  -0.5954762E-0003  -0.5364633E-0002  -0.8152146E+0001
     5.68800   0.7006799E+0000   0.4598138E+0000   0.4263477E+0001  -0.2631496E-0004  -0.5785748E-0003  -0.5261310E-0002  -0.8152179E+0001
     5.69200   0.7024990E+0000   0.4547717E+0000   0.4263492E+0001  -0.2855979E-0004  -0.5612074E-0003  -0.5156819E-0002  -0.8152211E+0001
     5.69600   0.7042967E+0000   0.4494276E+0000   0.4263506E+0001  -0.3073417E-0004  -0.5435959E-0003  -0.5051683E-0002  -0.8152242E+0001
     5.70000   0.7060723E+0000   0.4439040E+0000   0.4263520E+0001  -0.3283804E-0004  -0.5259667E-0003  -0.4946482E-0002  -0.8152273E+0001
     5.70400   0.7078256E+0000   0.4383283E+0000   0.4263534E+0001  -0.3487221E-0004  -0.5085430E-0003  -0.4841857E-0002  -0.8152303E+0001
     5.70800   0.7095570E+0000   0.4328281E+0000   0.4263547E+0001  -0.3683836E-0004  -0.4915387E-0003  -0.4738498E-0002  -0.8152332E+0001
     5.71200   0.7112671E+0000   0.4275271E+0000   0.4263559E+0001  -0.3873898E-0004  -0.4751528E-0003  -0.4637140E-0002  -0.8152360E+0001
     5.71600   0.7129572E+0000   0.4225419E+0000   0.4263572E+0001  -0.4057724E-0004  -0.4595658E-0003  -0.4538561E-0002  -0.8152387E+0001
     5.72000   0.7146291E+0000   0.4179789E+0000   0.4263583E+0001  -0.4235699E-0004  -0.4449374E-0003  -0.4443574E-0002  -0.8152412E+0001
     5.72400   0.7162849E+0000   0.4139316E+0000   0.4263594E+0001  -0.4408261E-0004  -0.4314061E-0003  -0.4353021E-0002  -0.8152436E+0001
     5.72800   0.7179268E+0000   0.4104791E+0000   0.4263604E+0001  -0.4575897E-0004  -0.4190888E-0003  -0.4267765E-0002  -0.8152458E+0001
     5.73200   0.7195575E+0000   0.4076842E+0000   0.4263613E+0001  -0.4739130E-0004  -0.4080821E-0003  -0.4188677E-0002  -0.8152478E+0001
     5.73600   0.7211799E+0000   0.4055921E+0000   0.4263621E+0001  -0.4898515E-0004  -0.3984635E-0003  -0.4116628E-0002  -0.8152496E+0001
     5.74000   0.7227968E+0000   0.4042296E+0000   0.4263628E+0001  -0.5054632E-0004  -0.3902933E-0003  -0.4052473E-0002  -0.8152512E+0001
     5.74400   0.7244112E+0000   0.4036040E+0000   0.4263635E+0001  -0.5208079E-0004  -0.3836156E-0003  -0.3997036E-0002  -0.8152526E+0001
     5.74800   0.7260260E+0000   0.4037030E+0000   0.4263640E+0001  -0.5359463E-0004  -0.3784601E-0003  -0.3951090E-0002  -0.8152538E+0001
     5.75200   0.7276440E+0000   0.4044944E+0000   0.4263645E+0001  -0.5509400E-0004  -0.3748425E-0003  -0.3915340E-0002  -0.8152548E+0001
     5.75600   0.7292677E+0000   0.4059265E+0000   0.4263648E+0001  -0.5658506E-0004  -0.3727657E-0003  -0.3890407E-0002  -0.8152556E+0001
     5.76000   0.7308994E+0000   0.4079299E+0000   0.4263651E+0001  -0.5807394E-0004  -0.3722195E-0003  -0.3876801E-0002  -0.8152563E+0001
     5.76400   0.7325411E+0000   0.4104185E+0000   0.4263654E+0001  -0.5956666E-0004  -0.3731803E-0003  -0.3874911E-0002  -0.8152568E+0001
     5.76800   0.7341943E+0000   0.4132928E+0000   0.4263656E+0001  -0.6106910E-0004  -0.3756104E-0003  -0.3884987E-0002  -0.8152573E+0001
     5.77200   0.7358601E+0000   0.4164422E+0000   0.4263657E+0001  -0.6258693E-0004  -0.3794567E-0003  -0.3907125E-0002  -0.8152576E+0001
     5.77600   0.7375391E+0000   0.4197493E+0000   0.4263658E+0001  -0.6412552E-0004  -0.3846493E-0003  -0.3941258E-0002  -0.8152578E+0001
     5.78000   0.7392314E+0000   0.4230927E+0000   0.4263659E+0001  -0.6568993E-0004  -0.3911001E-0003  -0.3987152E-0002  -0.8152580E+0001
     5.78400   0.7409368E+0000   0.4263512E+0000   0.4263660E+0001  -0.6728473E-0004  -0.3987015E-0003  -0.4044406E-0002  -0.8152582E+0001
     5.78800   0.7426545E+0000   0.4294070E+0000   0.4263660E+0001  -0.6891403E-0004  -0.4073253E-0003  -0.4112454E-0002  -0.8152583E+0001
     5.79200   0.7443831E+0000   0.4321482E+0000   0.4263660E+0001  -0.7058132E-0004  -0.4168225E-0003  -0.4190576E-0002  -0.8152583E+0001
     5.79600   0.7461209E+0000   0.4344712E+0000   0.4263660E+0001  -0.7228942E-0004  -0.4270239E-0003  -0.4277915E-0002  -0.8152584E+0001
     5.80000   0.7478661E+0000   0.4362826E+0000   0.4263660E+0001  -0.7404038E-0004  -0.4377413E-0003  -0.4373496E-0002  -0.8152584E+0001
     5.80400   0.7496161E+0000   0.4375001E+0000   0.4263660E+0001  -0.7583547E-0004  -0.4487705E-0003  -0.4476252E-0002  -0.8152584E+0001
     5.80800   0.7513683E+0000   0.4380533E+0000   0.4263660E+0001  -0.7767505E-0004  -0.4598953E-0003  -0.4585054E-0002  -0.8152583E+0001
     5.81200   0.7531198E+0000   0.4378848E+0000   0.4263660E+0001  -0.7955862E-0004  -0.4708924E-0003  -0.4698739E-0002  -0.8152583E+0001
     5.81600   0.7548676E+0000   0.4369502E+0000   0.4263659E+0001  -0.8148477E-0004  -0.4815382E-0003  -0.4816147E-0002  -0.8152582E+0001
     5.82000   0.7566085E+0000   0.4352199E+0000   0.4263659E+0001  -0.8345123E-0004  -0.4916160E-0003  -0.4936152E-0002  -0.8152582E+0001
     5.82400   0.7583392E+0000   0.4326795E+0000   0.4263658E+0001  -0.8545493E-0004  -0.5009246E-0003  -0.5057693E-0002  -0.8152581E+0001
     5.82800   0.7600566E+0000   0.4293317E+0000   0.4263657E+0001  -0.8749208E-0004  -0.5092874E-0003  -0.5179801E-0002  -0.8152579E+0001
     5.83200   0.7617573E+0000   0.4251976E+0000   0.4263657E+0001  -0.8955833E-0004  -0.5165609E-0003  -0.5301626E-0002  -0.8152578E+0001
     5.83600   0.7634386E+0000   0.4203186E+0000   0.4263656E+0001  -0.9164890E-0004  -0.5226434E-0003  -0.5422456E-0002  -0.8152577E+0001
     5.84000   0.7650976E+0000   0.4147571E+0000   0.4263656E+0001  -0.9375883E-0004  -0.5274821E-0003  -0.5541735E-0002  -0.8152577E+0001
     5.84400   0.7667320E+0000   0.4085971E+0000   0.4263655E+0001  -0.9588314E-0004  -0.5310787E-0003  -0.5659070E-0002  -0.8152576E+0001
     5.84800   0.7683398E+0000   0.4019439E+0000   0.4263655E+0001  -0.9801711E-0004  -0.5334926E-0003  -0.5774241E-0002  -0.8152576E+0001
     5.85200   0.7699195E+0000   0.3949224E+0000   0.4263655E+0001  -0.1001565E-0003  -0.5348409E-0003  -0.5887201E-0002  -0.8152577E+0001
     5.85600   0.7714702E+0000   0.3876744E+0000   0.4263656E+0001  -0.1022977E-0003  -0.5352959E-0003  -0.5998074E-0002  -0.8152578E+0001
     5.86000   0.7729916E+0000   0.3803542E+0000   0.4263657E+0001  -0.1044380E-0003  -0.5350789E-0003  -0.6107146E-0002  -0.8152581E+0001
     5.86400   0.7744841E+0000   0.3731236E+0000   0.4263658E+0001  -0.1065758E-0003  -0.5344521E-0003  -0.6214855E-0002  -0.8152584E+0001
     5.86800   0.7759487E+0000   0.3661464E+0000   0.4263660E+0001  -0.1087106E-0003  -0.5337076E-0003  -0.6321777E-0002  -0.8152588E+0001
     5.87200   0.7773870E+0000   0.3595810E+0000   0.4263662E+0001  -0.1108432E-0003  -0.5331549E-0003  -0.6428600E-0002  -0.8152593E+0001
     5.87600   0.7788013E+0000   0.3535751E+0000   0.4263664E+0001  -0.1129757E-0003  -0.5331082E-0003  -0.6536105E-0002  -0.8152599E+0001
     5.88000   0.7801944E+0000   0.3482589E+0000   0.4263667E+0001  -0.1151112E-0003  -0.5338734E-0003  -0.6645134E-0002  -0.8152605E+0001
     5.88400   0.7815693E+0000   0.3437404E+0000   0.4263670E+0001  -0.1172541E-0003  -0.5357362E-0003  -0.6756561E-0002  -0.8152612E+0001
     5.88800   0.7829297E+0000   0.3401011E+0000   0.4263673E+0001  -0.1194099E-0003  -0.5389520E-0003  -0.6871255E-0002  -0.8152619E+0001
     5.89200   0.7842793E+0000   0.3373934E+0000   0.4263676E+0001  -0.1215849E-0003  -0.5437369E-0003  -0.6990048E-0002  -0.8152625E+0001
     5.89600   0.7856219E+0000   0.3356395E+0000   0.4263678E+0001  -0.1237859E-0003  -0.5502614E-0003  -0.7113695E-0002  -0.8152631E+0001
     5.90000   0.7869612E+0000   0.3348312E+0000   0.4263680E+0001  -0.1260205E-0003  -0.5586461E-0003  -0.7242844E-0002  -0.8152637E+0001
     5.90400   0.7883009E+0000   0.3349315E+0000   0.4263682E+0001  -0.1282963E-0003  -0.5689584E-0003  -0.7378005E-0002  -0.8152641E+0001
     5.90800   0.7896444E+0000   0.3358771E+0000   0.4263683E+0001  -0.1306212E-0003  -0.5812119E-0003  -0.7519523E-0002  -0.8152644E+0001
     5.91200   0.7909947E+0000   0.3375816E+0000   0.4263684E+0001  -0.1330026E-0003  -0.5953661E-0003  -0.7667561E-0002  -0.8152646E+0001
     5.91600   0.7923545E+0000   0.3399394E+0000   0.4263683E+0001  -0.1354479E-0003  -0.6113274E-0003  -0.7822089E-0002  -0.8152646E+0001
     5.92000   0.7937258E+0000   0.3428302E+0000   0.4263682E+0001  -0.1379638E-0003  -0.6289511E-0003  -0.7982881E-0002  -0.8152644E+0001
     5.92400   0.7951103E+0000   0.3461227E+0000   0.4263681E+0001  -0.1405559E-0003  -0.6480445E-0003  -0.8149518E-0002  -0.8152641E+0001
     5.92800   0.7965090E+0000   0.3496794E+0000   0.4263678E+0001  -0.1432294E-0003  -0.6683705E-0003  -0.8321403E-0002  -0.8152637E+0001
     5.93200   0.7979225E+0000   0.3533606E+0000   0.4263676E+0001  -0.1459880E-0003  -0.6896524E-0003  -0.8497781E-0002  -0.8152632E+0001
     5.93600   0.7993506E+0000   0.3570284E+0000   0.4263672E+0001  -0.1488343E-0003  -0.7115806E-0003  -0.8677761E-0002  -0.8152625E+0001
     5.94000   0.8007928E+0000   0.3605500E+0000   0.4263668E+0001  -0.1517696E-0003  -0.7338198E-0003  -0.8860343E-0002  -0.8152617E+0001
     5.94400   0.8022480E+0000   0.3638018E+0000   0.4263664E+0001  -0.1547937E-0003  -0.7560177E-0003  -0.9044452E-0002  -0.8152609E+0001
     5.94800   0.8037147E+0000   0.3666718E+0000   0.4263660E+0001  -0.1579050E-0003  -0.7778158E-0003  -0.9228962E-0002  -0.8152600E+0001
     5.95200   0.8051909E+0000   0.3690626E+0000   0.4263655E+0001  -0.1611004E-0003  -0.7988594E-0003  -0.9412726E-0002  -0.8152591E+0001
     5.95600   0.8066745E+0000   0.3708942E+0000   0.4263651E+0001  -0.1643756E-0003  -0.8188104E-0003  -0.9594602E-0002  -0.8152581E+0001
     5.96000   0.8081629E+0000   0.3721052E+0000   0.4263646E+0001  -0.1677251E-0003  -0.8373578E-0003  -0.9773475E-0002  -0.8152571E+0001
     5.96400   0.8096535E+0000   0.3726548E+0000   0.4263641E+0001  -0.1711420E-0003  -0.8542297E-0003  -0.9948274E-0002  -0.8152561E+0001
     5.96800   0.8111436E+0000   0.3725236E+0000   0.4263636E+0001  -0.1746188E-0003  -0.8692024E-0003  -0.1011799E-0001  -0.8152551E+0001
     5.97200   0.8126305E+0000   0.3717134E+0000   0.4263631E+0001  -0.1781472E-0003  -0.8821091E-0003  -0.1028168E-0001  -0.8152540E+0001
     5.97600   0.8141115E+0000   0.3702473E+0000   0.4263625E+0001  -0.1817186E-0003  -0.8928457E-0003  -0.1043849E-0001  -0.8152530E+0001
     5.98000   0.8155842E+0000   0.3681682E+0000   0.4263620E+0001  -0.1853241E-0003  -0.9013741E-0003  -0.1058766E-0001  -0.8152518E+0001
     5.98400   0.8170463E+0000   0.3655372E+0000   0.4263614E+0001  -0.1889550E-0003  -0.9077226E-0003  -0.1072851E-0001  -0.8152506E+0001
     5.98800   0.8184960E+0000   0.3624312E+0000   0.4263608E+0001  -0.1926029E-0003  -0.9119840E-0003  -0.1086047E-0001  -0.8152492E+0001
     5.99200   0.8199318E+0000   0.3589403E+0000   0.4263601E+0001  -0.1962602E-0003  -0.9143105E-0003  -0.1098307E-0001  -0.8152478E+0001
     5.99600   0.8213524E+0000   0.3551643E+0000   0.4263593E+0001  -0.1999198E-0003  -0.9149065E-0003  -0.1109595E-0001  -0.8152462E+0001
     6.00000   0.8227573E+0000   0.3512098E+0000   0.4263585E+0001  -0.2035759E-0003  -0.9140193E-0003  -0.1119883E-0001  -0.8152444E+0001
     6.00400   0.8241460E+0000   0.3471865E+0000   0.4263576E+0001  -0.2072236E-0003  -0.9119282E-0003  -0.1129157E-0001  -0.8152425E+0001
     6.00800   0.8255188E+0000   0.3432037E+0000   0.4263567E+0001  -0.2108593E-0003  -0.9089335E-0003  -0.1137408E-0001  -0.8152404E+0001
     6.01200   0.8268763E+0000   0.3393674E+0000   0.4263556E+0001  -0.2144807E-0003  -0.9053437E-0003  -0.1144641E-0001  -0.8152382E+0001
     6.01600   0.8282194E+0000   0.3357771E+0000   0.4263545E+0001  -0.2180866E-0003  -0.9014642E-0003  -0.1150868E-0001  -0.8152357E+0001
     6.02000   0.8295495E+0000   0.3325228E+0000   0.4263534E+0001  -0.2216769E-0003  -0.8975860E-0003  -0.1156109E-0001  -0.8152332E+0001
     6.02400   0.8308682E+0000   0.3296830E+0000   0.4263522E+0001  -0.2252528E-0003  -0.8939758E-0003  -0.1160393E-0001  -0.8152306E+0001
     6.02800   0.8321775E+0000   0.3273226E+0000   0.4263509E+0001  -0.2288163E-0003  -0.8908666E-0003  -0.1163756E-0001  -0.8152278E+0001
     6.03200   0.8334795E+0000   0.3254910E+0000   0.4263497E+0001  -0.2323701E-0003  -0.8884517E-0003  -0.1166241E-0001  -0.8152251E+0001
     6.03600   0.8347764E+0000   0.3242214E+0000   0.4263485E+0001  -0.2359176E-0003  -0.8868787E-0003  -0.1167898E-0001  -0.8152224E+0001
     6.04000   0.8360705E+0000   0.3235297E+0000   0.4263472E+0001  -0.2394626E-0003  -0.8862464E-0003  -0.1168782E-0001  -0.8152197E+0001
     6.04400   0.8373642E+0000   0.3234145E+0000   0.4263461E+0001  -0.2430090E-0003  -0.8866039E-0003  -0.1168955E-0001  -0.8152171E+0001
     6.04800   0.8386596E+0000   0.3238569E+0000   0.4263450E+0001  -0.2465608E-0003  -0.8879505E-0003  -0.1168483E-0001  -0.8152147E+0001
     6.05200   0.8399589E+0000   0.3248219E+0000   0.4263440E+0001  -0.2501218E-0003  -0.8902387E-0003  -0.1167436E-0001  -0.8152124E+0001
     6.05600   0.8412639E+0000   0.3262587E+0000   0.4263431E+0001  -0.2536953E-0003  -0.8933775E-0003  -0.1165887E-0001  -0.8152104E+0001
     6.06000   0.8425763E+0000   0.3281030E+0000   0.4263422E+0001  -0.2572842E-0003  -0.8972377E-0003  -0.1163912E-0001  -0.8152085E+0001
     6.06400   0.8438974E+0000   0.3302786E+0000   0.4263415E+0001  -0.2608909E-0003  -0.9016583E-0003  -0.1161584E-0001  -0.8152070E+0001
     6.06800   0.8452282E+0000   0.3326996E+0000   0.4263410E+0001  -0.2645167E-0003  -0.9064531E-0003  -0.1158979E-0001  -0.8152057E+0001
     6.07200   0.8465693E+0000   0.3352735E+0000   0.4263405E+0001  -0.2681623E-0003  -0.9114180E-0003  -0.1156164E-0001  -0.8152046E+0001
     6.07600   0.8479209E+0000   0.3379036E+0000   0.4263401E+0001  -0.2718277E-0003  -0.9163384E-0003  -0.1153206E-0001  -0.8152037E+0001
     6.08000   0.8492829E+0000   0.3404921E+0000   0.4263398E+0001  -0.2755117E-0003  -0.9209963E-0003  -0.1150162E-0001  -0.8152031E+0001
     6.08400   0.8506547E+0000   0.3429429E+0000   0.4263397E+0001  -0.2792124E-0003  -0.9251776E-0003  -0.1147082E-0001  -0.8152027E+0001
     6.08800   0.8520353E+0000   0.3451649E+0000   0.4263395E+0001  -0.2829271E-0003  -0.9286786E-0003  -0.1144006E-0001  -0.8152024E+0001
     6.09200   0.8534236E+0000   0.3470743E+0000   0.4263395E+0001  -0.2866524E-0003  -0.9313119E-0003  -0.1140964E-0001  -0.8152023E+0001
     6.09600   0.8548180E+0000   0.3485978E+0000   0.4263395E+0001  -0.2903840E-0003  -0.9329127E-0003  -0.1137976E-0001  -0.8152022E+0001
     6.10000   0.8562167E+0000   0.3496742E+0000   0.4263395E+0001  -0.2941174E-0003  -0.9333432E-0003  -0.1135053E-0001  -0.8152023E+0001
     6.10400   0.8576178E+0000   0.3502571E+0000   0.4263396E+0001  -0.2978474E-0003  -0.9324976E-0003  -0.1132195E-0001  -0.8152024E+0001
     6.10800   0.8590190E+0000   0.3503161E+0000   0.4263397E+0001  -0.3015686E-0003  -0.9303058E-0003  -0.1129393E-0001  -0.8152026E+0001
     6.11200   0.8604184E+0000   0.3498378E+0000   0.4263398E+0001  -0.3052755E-0003  -0.9267362E-0003  -0.1126631E-0001  -0.8152028E+0001
     6.11600   0.8618137E+0000   0.3488267E+0000   0.4263399E+0001  -0.3089627E-0003  -0.9217976E-0003  -0.1123885E-0001  -0.8152030E+0001
     6.12000   0.8632029E+0000   0.3473051E+0000   0.4263400E+0001  -0.3126249E-0003  -0.9155397E-0003  -0.1121126E-0001  -0.8152033E+0001
     6.12400   0.8645842E+0000   0.3453128E+0000   0.4263402E+0001  -0.3162571E-0003  -0.9080528E-0003  -0.1118320E-0001  -0.8152037E+0001
     6.12800   0.8659558E+0000   0.3429055E+0000   0.4263404E+0001  -0.3198550E-0003  -0.8994649E-0003  -0.1115428E-0001  -0.8152042E+0001
     6.13200   0.8673164E+0000   0.3401535E+0000   0.4263407E+0001  -0.3234147E-0003  -0.8899384E-0003  -0.1112409E-0001  -0.8152047E+0001
     6.13600   0.8686649E+0000   0.3371393E+0000   0.4263410E+0001  -0.3269334E-0003  -0.8796646E-0003  -0.1109221E-0001  -0.8152054E+0001
     6.14000   0.8700008E+0000   0.3339545E+0000   0.4263414E+0001  -0.3304088E-0003  -0.8688569E-0003  -0.1105819E-0001  -0.8152063E+0001
     6.14400   0.8713236E+0000   0.3306973E+0000   0.4263419E+0001  -0.3338398E-0003  -0.8577433E-0003  -0.1102161E-0001  -0.8152073E+0001
     6.14800   0.8726334E+0000   0.3274682E+0000   0.4263424E+0001  -0.3372260E-0003  -0.8465569E-0003  -0.1098203E-0001  -0.8152085E+0001
     6.15200   0.8739309E+0000   0.3243670E+0000   0.4263431E+0001  -0.3405681E-0003  -0.8355276E-0003  -0.1093906E-0001  -0.8152099E+0001
     6.15600   0.8752169E+0000   0.3214888E+0000   0.4263438E+0001  -0.3438676E-0003  -0.8248723E-0003  -0.1089235E-0001  -0.8152115E+0001
     6.16000   0.8764925E+0000   0.3189203E+0000   0.4263446E+0001  -0.3471267E-0003  -0.8147863E-0003  -0.1084157E-0001  -0.8152133E+0001
     6.16400   0.8777595E+0000   0.3167373E+0000   0.4263455E+0001  -0.3503485E-0003  -0.8054351E-0003  -0.1078648E-0001  -0.8152153E+0001
     6.16800   0.8790195E+0000   0.3150012E+0000   0.4263465E+0001  -0.3535363E-0003  -0.7969481E-0003  -0.1072689E-0001  -0.8152175E+0001
     6.17200   0.8802745E+0000   0.3137568E+0000   0.4263475E+0001  -0.3566939E-0003  -0.7894131E-0003  -0.1066270E-0001  -0.8152198E+0001
     6.17600   0.8815266E+0000   0.3130314E+0000   0.4263486E+0001  -0.3598254E-0003  -0.7828732E-0003  -0.1059388E-0001  -0.8152221E+0001
     6.18000   0.8827780E+0000   0.3128331E+0000   0.4263498E+0001  -0.3629347E-0003  -0.7773258E-0003  -0.1052049E-0001  -0.8152246E+0001
     6.18400   0.8840306E+0000   0.3131511E+0000   0.4263509E+0001  -0.3660256E-0003  -0.7727232E-0003  -0.1044266E-0001  -0.8152271E+0001
     6.18800   0.8852864E+0000   0.3139561E+0000   0.4263521E+0001  -0.3691015E-0003  -0.7689759E-0003  -0.1036060E-0001  -0.8152296E+0001
     6.19200   0.8865472E+0000   0.3152012E+0000   0.4263532E+0001  -0.3721653E-0003  -0.7659570E-0003  -0.1027460E-0001  -0.8152321E+0001
     6.19600   0.8878145E+0000   0.3168244E+0000   0.4263543E+0001  -0.3752194E-0003  -0.7635090E-0003  -0.1018502E-0001  -0.8152345E+0001
     6.20000   0.8890895E+0000   0.3187503E+0000   0.4263554E+0001  -0.3782652E-0003  -0.7614511E-0003  -0.1009227E-0001  -0.8152368E+0001
     6.20400   0.8903731E+0000   0.3208933E+0000   0.4263564E+0001  -0.3813035E-0003  -0.7595875E-0003  -0.9996805E-0002  -0.8152391E+0001
     6.20800   0.8916657E+0000   0.3231607E+0000   0.4263574E+0001  -0.3843344E-0003  -0.7577169E-0003  -0.9899123E-0002  -0.8152412E+0001
     6.21200   0.8929675E+0000   0.3254561E+0000   0.4263583E+0001  -0.3873570E-0003  -0.7556406E-0003  -0.9799748E-0002  -0.8152432E+0001
     6.21600   0.8942783E+0000   0.3276829E+0000   0.4263592E+0001  -0.3903697E-0003  -0.7531715E-0003  -0.9699216E-0002  -0.8152452E+0001
     6.22000   0.8955973E+0000   0.3297479E+0000   0.4263601E+0001  -0.3933702E-0003  -0.7501412E-0003  -0.9598065E-0002  -0.8152470E+0001
     6.22400   0.8969235E+0000   0.3315650E+0000   0.4263609E+0001  -0.3963559E-0003  -0.7464072E-0003  -0.9496818E-0002  -0.8152487E+0001
     6.22800   0.8982558E+0000   0.3330578E+0000   0.4263616E+0001  -0.3993233E-0003  -0.7418573E-0003  -0.9395970E-0002  -0.8152504E+0001
     6.23200   0.8995924E+0000   0.3341631E+0000   0.4263624E+0001  -0.4022689E-0003  -0.7364139E-0003  -0.9295976E-0002  -0.8152521E+0001
     6.23600   0.9009317E+0000   0.3348328E+0000   0.4263632E+0001  -0.4051891E-0003  -0.7300356E-0003  -0.9197238E-0002  -0.8152537E+0001
     6.24000   0.9022719E+0000   0.3350356E+0000   0.4263639E+0001  -0.4080799E-0003  -0.7227178E-0003  -0.9100093E-0002  -0.8152553E+0001
     6.24400   0.9036109E+0000   0.3347586E+0000   0.4263647E+0001  -0.4109379E-0003  -0.7144915E-0003  -0.9004807E-0002  -0.8152570E+0001
     6.24800   0.9049469E+0000   0.3340068E+0000   0.4263655E+0001  -0.4137596E-0003  -0.7054212E-0003  -0.8911568E-0002  -0.8152587E+0001
     6.25200   0.9062782E+0000   0.3328036E+0000   0.4263663E+0001  -0.4165420E-0003  -0.6956009E-0003  -0.8820486E-0002  -0.8152605E+0001
     6.25600   0.9076029E+0000   0.3311890E+0000   0.4263672E+0001  -0.4192826E-0003  -0.6851498E-0003  -0.8731587E-0002  -0.8152624E+0001
     6.26000   0.9089198E+0000   0.3292181E+0000   0.4263681E+0001  -0.4219794E-0003  -0.6742068E-0003  -0.8644823E-0002  -0.8152644E+0001
     6.26400   0.9102276E+0000   0.3269588E+0000   0.4263691E+0001  -0.4246311E-0003  -0.6629251E-0003  -0.8560077E-0002  -0.8152665E+0001
     6.26800   0.9115256E+0000   0.3244886E+0000   0.4263701E+0001  -0.4272370E-0003  -0.6514656E-0003  -0.8477164E-0002  -0.8152687E+0001
     6.27200   0.9128131E+0000   0.3218919E+0000   0.4263711E+0001  -0.4297970E-0003  -0.6399911E-0003  -0.8395851E-0002  -0.8152711E+0001
     6.27600   0.9140902E+0000   0.3192560E+0000   0.4263723E+0001  -0.4323116E-0003  -0.6286603E-0003  -0.8315856E-0002  -0.8152735E+0001
     6.28000   0.9153568E+0000   0.3166684E+0000   0.4263734E+0001  -0.4347821E-0003  -0.6176220E-0003  -0.8236866E-0002  -0.8152760E+0001
     6.28400   0.9166137E+0000   0.3142128E+0000   0.4263746E+0001  -0.4372101E-0003  -0.6070099E-0003  -0.8158545E-0002  -0.8152786E+0001
     6.28800   0.9178616E+0000   0.3119664E+0000   0.4263758E+0001  -0.4395979E-0003  -0.5969380E-0003  -0.8080543E-0002  -0.8152813E+0001
     6.29200   0.9191016E+0000   0.3099973E+0000   0.4263770E+0001  -0.4419479E-0003  -0.5874973E-0003  -0.8002512E-0002  -0.8152839E+0001
     6.29600   0.9203350E+0000   0.3083615E+0000   0.4263782E+0001  -0.4442629E-0003  -0.5787522E-0003  -0.7924111E-0002  -0.8152866E+0001
     6.30000   0.9215634E+0000   0.3071019E+0000   0.4263794E+0001  -0.4465458E-0003  -0.5707396E-0003  -0.7845024E-0002  -0.8152892E+0001
     6.30400   0.9227884E+0000   0.3062465E+0000   0.4263806E+0001  -0.4487997E-0003  -0.5634679E-0003  -0.7764966E-0002  -0.8152918E+0001
     6.30800   0.9240116E+0000   0.3058080E+0000   0.4263818E+0001  -0.4510274E-0003  -0.5569176E-0003  -0.7683702E-0002  -0.8152944E+0001
     6.31200   0.9252348E+0000   0.3057831E+0000   0.4263829E+0001  -0.4532316E-0003  -0.5510429E-0003  -0.7601051E-0002  -0.8152968E+0001
     6.31600   0.9264594E+0000   0.3061537E+0000   0.4263840E+0001  -0.4554146E-0003  -0.5457748E-0003  -0.7516903E-0002  -0.8152992E+0001
     6.32000   0.9276869E+0000   0.3068872E+0000   0.4263850E+0001  -0.4575787E-0003  -0.5410244E-0003  -0.7431223E-0002  -0.8153016E+0001
     6.32400   0.9289187E+0000   0.3079381E+0000   0.4263861E+0001  -0.4597255E-0003  -0.5366878E-0003  -0.7344061E-0002  -0.8153038E+0001
     6.32800   0.9301557E+0000   0.3092499E+0000   0.4263871E+0001  -0.4618561E-0003  -0.5326511E-0003  -0.7255553E-0002  -0.8153060E+0001
     6.33200   0.9313987E+0000   0.3107577E+0000   0.4263881E+0001  -0.4639713E-0003  -0.5287963E-0003  -0.7165921E-0002  -0.8153082E+0001
     6.33600   0.9326483E+0000   0.3123903E+0000   0.4263891E+0001  -0.4660713E-0003  -0.5250062E-0003  -0.7075471E-0002  -0.8153103E+0001
     6.34000   0.9339046E+0000   0.3140731E+0000   0.4263900E+0001  -0.4681560E-0003  -0.5211709E-0003  -0.6984585E-0002  -0.8153124E+0001
     6.34400   0.9351675E+0000   0.3157316E+0000   0.4263910E+0001  -0.4702248E-0003  -0.5171919E-0003  -0.6893710E-0002  -0.8153145E+0001
     6.34800   0.9364367E+0000   0.3172936E+0000   0.4263919E+0001  -0.4722767E-0003  -0.5129869E-0003  -0.6803346E-0002  -0.8153166E+0001
     6.35200   0.9377114E+0000   0.3186923E+0000   0.4263929E+0001  -0.4743107E-0003  -0.5084932E-0003  -0.6714035E-0002  -0.8153187E+0001
     6.35600   0.9389909E+0000   0.3198690E+0000   0.4263939E+0001  -0.4763254E-0003  -0.5036697E-0003  -0.6626343E-0002  -0.8153208E+0001
     6.36000   0.9402740E+0000   0.3207751E+0000   0.4263948E+0001  -0.4783194E-0003  -0.4984982E-0003  -0.6540848E-0002  -0.8153230E+0001
     6.36400   0.9415595E+0000   0.3213737E+0000   0.4263958E+0001  -0.4802913E-0003  -0.4929836E-0003  -0.6458125E-0002  -0.8153251E+0001
     6.36800   0.9428461E+0000   0.3216412E+0000   0.4263968E+0001  -0.4822399E-0003  -0.4871529E-0003  -0.6378732E-0002  -0.8153273E+0001
     6.37200   0.9441323E+0000   0.3215676E+0000   0.4263978E+0001  -0.4841641E-0003  -0.4810527E-0003  -0.6303201E-0002  -0.8153294E+0001
     6.37600   0.9454170E+0000   0.3211563E+0000   0.4263987E+0001  -0.4860631E-0003  -0.4747475E-0003  -0.6232026E-0002  -0.8153315E+0001
     6.38000   0.9466987E+0000   0.3204241E+0000   0.4263997E+0001  -0.4879364E-0003  -0.4683155E-0003  -0.6165656E-0002  -0.8153337E+0001
     6.38400   0.9479763E+0000   0.3193997E+0000   0.4264007E+0001  -0.4897837E-0003  -0.4618457E-0003  -0.6104483E-0002  -0.8153358E+0001
     6.38800   0.9492487E+0000   0.3181222E+0000   0.4264016E+0001  -0.4916055E-0003  -0.4554335E-0003  -0.6048841E-0002  -0.8153379E+0001
     6.39200   0.9505153E+0000   0.3166395E+0000   0.4264025E+0001  -0.4934022E-0003  -0.4491779E-0003  -0.5998996E-0002  -0.8153399E+0001
     6.39600   0.9517753E+0000   0.3150058E+0000   0.4264034E+0001  -0.4951749E-0003  -0.4431771E-0003  -0.5955147E-0002  -0.8153419E+0001
     6.40000   0.9530284E+0000   0.3132795E+0000   0.4264043E+0001  -0.4969250E-0003  -0.4375258E-0003  -0.5917417E-0002  -0.8153439E+0001
     6.40400   0.9542745E+0000   0.3115209E+0000   0.4264052E+0001  -0.4986543E-0003  -0.4323124E-0003  -0.5885856E-0002  -0.8153458E+0001
     6.40800   0.9555137E+0000   0.3097899E+0000   0.4264061E+0001  -0.5003647E-0003  -0.4276165E-0003  -0.5860441E-0002  -0.8153478E+0001
     6.41200   0.9567463E+0000   0.3081439E+0000   0.4264069E+0001  -0.5020588E-0003  -0.4235069E-0003  -0.5841076E-0002  -0.8153497E+0001
     6.41600   0.9579728E+0000   0.3066357E+0000   0.4264078E+0001  -0.5037389E-0003  -0.4200405E-0003  -0.5827598E-0002  -0.8153516E+0001
     6.42000   0.9591941E+0000   0.3053115E+0000   0.4264087E+0001  -0.5054080E-0003  -0.4172609E-0003  -0.5819783E-0002  -0.8153535E+0001
     6.42400   0.9604109E+0000   0.3042103E+0000   0.4264095E+0001  -0.5070687E-0003  -0.4151975E-0003  -0.5817353E-0002  -0.8153554E+0001
     6.42800   0.9616243E+0000   0.3033618E+0000   0.4264104E+0001  -0.5087242E-0003  -0.4138657E-0003  -0.5819985E-0002  -0.8153574E+0001
     6.43200   0.9628355E+0000   0.3027859E+0000   0.4264114E+0001  -0.5103773E-0003  -0.4132660E-0003  -0.5827318E-0002  -0.8153595E+0001
     6.43600   0.9640455E+0000   0.3024924E+0000   0.4264124E+0001  -0.5120308E-0003  -0.4133848E-0003  -0.5838970E-0002  -0.8153617E+0001
     6.44000   0.9652554E+0000   0.3024807E+0000   0.4264134E+0001  -0.5136876E-0003  -0.4141943E-0003  -0.5854537E-0002  -0.8153640E+0001
     6.44400   0.9664663E+0000   0.3027398E+0000   0.4264145E+0001  -0.5153502E-0003  -0.4156533E-0003  -0.5873614E-0002  -0.8153665E+0001
     6.44800   0.9676793E+0000   0.3032491E+0000   0.4264157E+0001  -0.5170210E-0003  -0.4177082E-0003  -0.5895795E-0002  -0.8153691E+0001
     6.45200   0.9688952E+0000   0.3039794E+0000   0.4264169E+0001  -0.5187022E-0003  -0.4202941E-0003  -0.5920683E-0002  -0.8153719E+0001
     6.45600   0.9701148E+0000   0.3048937E+0000   0.4264183E+0001  -0.5203956E-0003  -0.4233366E-0003  -0.5947901E-0002  -0.8153749E+0001
     6.46000   0.9713386E+0000   0.3059492E+0000   0.4264197E+0001  -0.5221026E-0003  -0.4267536E-0003  -0.5977091E-0002  -0.8153780E+0001
     6.46400   0.9725670E+0000   0.3070987E+0000   0.4264212E+0001  -0.5238244E-0003  -0.4304578E-0003  -0.6007924E-0002  -0.8153814E+0001
     6.46800   0.9738002E+0000   0.3082926E+0000   0.4264228E+0001  -0.5255618E-0003  -0.4343590E-0003  -0.6040105E-0002  -0.8153849E+0001
     6.47200   0.9750381E+0000   0.3094808E+0000   0.4264244E+0001  -0.5273153E-0003  -0.4383670E-0003  -0.6073373E-0002  -0.8153886E+0001
     6.47600   0.9762806E+0000   0.3106145E+0000   0.4264261E+0001  -0.5290849E-0003  -0.4423943E-0003  -0.6107503E-0002  -0.8153924E+0001
     6.48000   0.9775272E+0000   0.3116482E+0000   0.4264279E+0001  -0.5308703E-0003  -0.4463593E-0003  -0.6142315E-0002  -0.8153963E+0001
     6.48400   0.9787773E+0000   0.3125416E+0000   0.4264297E+0001  -0.5326711E-0003  -0.4501884E-0003  -0.6177663E-0002  -0.8154003E+0001
     6.48800   0.9800304E+0000   0.3132604E+0000   0.4264315E+0001  -0.5344864E-0003  -0.4538186E-0003  -0.6213446E-0002  -0.8154043E+0001
     6.49200   0.9812855E+0000   0.3137779E+0000   0.4264333E+0001  -0.5363151E-0003  -0.4571993E-0003  -0.6249595E-0002  -0.8154084E+0001
     6.49600   0.9825418E+0000   0.3140756E+0000   0.4264351E+0001  -0.5381563E-0003  -0.4602937E-0003  -0.6286075E-0002  -0.8154124E+0001
     6.50000   0.9837984E+0000   0.3141439E+0000   0.4264369E+0001  -0.5400086E-0003  -0.4630792E-0003  -0.6322876E-0002  -0.8154163E+0001
     6.50400   0.9850543E+0000   0.3139818E+0000   0.4264386E+0001  -0.5418708E-0003  -0.4655480E-0003  -0.6360009E-0002  -0.8154202E+0001
     6.50800   0.9863087E+0000   0.3135970E+0000   0.4264403E+0001  -0.5437417E-0003  -0.4677062E-0003  -0.6397495E-0002  -0.8154239E+0001
     6.51200   0.9875607E+0000   0.3130053E+0000   0.4264419E+0001  -0.5456200E-0003  -0.4695733E-0003  -0.6435356E-0002  -0.8154276E+0001
     6.51600   0.9888096E+0000   0.3122297E+0000   0.4264435E+0001  -0.5475047E-0003  -0.4711801E-0003  -0.6473611E-0002  -0.8154311E+0001
     6.52000   0.9900548E+0000   0.3112997E+0000   0.4264450E+0001  -0.5493949E-0003  -0.4725674E-0003  -0.6512262E-0002  -0.8154345E+0001
     6.52400   0.9912958E+0000   0.3102498E+0000   0.4264464E+0001  -0.5512901E-0003  -0.4737839E-0003  -0.6551288E-0002  -0.8154377E+0001
     6.52800   0.9925323E+0000   0.3091185E+0000   0.4264478E+0001  -0.5531896E-0003  -0.4748836E-0003  -0.6590641E-0002  -0.8154407E+0001
     6.53200   0.9937641E+0000   0.3079467E+0000   0.4264491E+0001  -0.5550933E-0003  -0.4759236E-0003  -0.6630240E-0002  -0.8154437E+0001
     6.53600   0.9949912E+0000   0.3067763E+0000   0.4264504E+0001  -0.5570012E-0003  -0.4769621E-0003  -0.6669964E-0002  -0.8154465E+0001
     6.54000   0.9962138E+0000   0.3056490E+0000   0.4264516E+0001  -0.5589134E-0003  -0.4780551E-0003  -0.6709657E-0002  -0.8154493E+0001
     6.54400   0.9974322E+0000   0.3046044E+0000   0.4264528E+0001  -0.5608304E-0003  -0.4792551E-0003  -0.6749122E-0002  -0.8154519E+0001
     6.54800   0.9986469E+0000   0.3036788E+0000   0.4264540E+0001  -0.5627528E-0003  -0.4806078E-0003  -0.6788126E-0002  -0.8154545E+0001
     6.55200   0.9998585E+0000   0.3029040E+0000   0.4264551E+0001  -0.5646814E-0003  -0.4821507E-0003  -0.6826402E-0002  -0.8154570E+0001
     6.55600   0.1001068E+0001   0.3023061E+0000   0.4264562E+0001  -0.5666171E-0003  -0.4839109E-0003  -0.6863654E-0002  -0.8154596E+0001
     6.56000   0.1002275E+0001   0.3019042E+0000   0.4264574E+0001  -0.5685607E-0003  -0.4859035E-0003  -0.6899562E-0002  -0.8154621E+0001
     6.56400   0.1003482E+0001   0.3017102E+0000   0.4264585E+0001  -0.5705132E-0003  -0.4881305E-0003  -0.6933792E-0002  -0.8154646E+0001
     6.56800   0.1004689E+0001   0.3017280E+0000   0.4264596E+0001  -0.5724755E-0003  -0.4905798E-0003  -0.6966000E-0002  -0.8154672E+0001
     6.57200   0.1005897E+0001   0.3019534E+0000   0.4264608E+0001  -0.5744484E-0003  -0.4932254E-0003  -0.6995844E-0002  -0.8154697E+0001
     6.57600   0.1007106E+0001   0.3023740E+0000   0.4264620E+0001  -0.5764325E-0003  -0.4960272E-0003  -0.7022993E-0002  -0.8154724E+0001
     6.58000   0.1008318E+0001   0.3029703E+0000   0.4264632E+0001  -0.5784283E-0003  -0.4989327E-0003  -0.7047136E-0002  -0.8154750E+0001
     6.58400   0.1009533E+0001   0.3037159E+0000   0.4264644E+0001  -0.5804358E-0003  -0.5018785E-0003  -0.7067994E-0002  -0.8154778E+0001
     6.58800   0.1010751E+0001   0.3045786E+0000   0.4264656E+0001  -0.5824550E-0003  -0.5047924E-0003  -0.7085325E-0002  -0.8154805E+0001
     6.59200   0.1011974E+0001   0.3055222E+0000   0.4264669E+0001  -0.5844853E-0003  -0.5075964E-0003  -0.7098933E-0002  -0.8154833E+0001
     6.59600   0.1013200E+0001   0.3065075E+0000   0.4264681E+0001  -0.5865262E-0003  -0.5102098E-0003  -0.7108677E-0002  -0.8154861E+0001
     6.60000   0.1014430E+0001   0.3074938E+0000   0.4264694E+0001  -0.5885764E-0003  -0.5125528E-0003  -0.7114470E-0002  -0.8154889E+0001
     6.60400   0.1015663E+0001   0.3084412E+0000   0.4264707E+0001  -0.5906346E-0003  -0.5145494E-0003  -0.7116284E-0002  -0.8154917E+0001
     6.60800   0.1016901E+0001   0.3093113E+0000   0.4264719E+0001  -0.5926991E-0003  -0.5161309E-0003  -0.7114150E-0002  -0.8154944E+0001
     6.61200   0.1018141E+0001   0.3100693E+0000   0.4264731E+0001  -0.5947681E-0003  -0.5172391E-0003  -0.7108152E-0002  -0.8154971E+0001
     6.61600   0.1019384E+0001   0.3106851E+0000   0.4264743E+0001  -0.5968394E-0003  -0.5178279E-0003  -0.7098428E-0002  -0.8154998E+0001
     6.62000   0.1020628E+0001   0.3111344E+0000   0.4264754E+0001  -0.5989108E-0003  -0.5178659E-0003  -0.7085155E-0002  -0.8155023E+0001
     6.62400   0.1021874E+0001   0.3113996E+0000   0.4264765E+0001  -0.6009802E-0003  -0.5173369E-0003  -0.7068553E-0002  -0.8155047E+0001
     6.62800   0.1023120E+0001   0.3114706E+0000   0.4264775E+0001  -0.6030452E-0003  -0.5162410E-0003  -0.7048866E-0002  -0.8155070E+0001
     6.63200   0.1024365E+0001   0.3113446E+0000   0.4264785E+0001  -0.6051035E-0003  -0.5145936E-0003  -0.7026361E-0002  -0.8155091E+0001
     6.63600   0.1025609E+0001   0.3110266E+0000   0.4264794E+0001  -0.6071532E-0003  -0.5124256E-0003  -0.7001314E-0002  -0.8155111E+0001
     6.64000   0.1026851E+0001   0.3105291E+0000   0.4264803E+0001  -0.6091924E-0003  -0.5097811E-0003  -0.6974006E-0002  -0.8155130E+0001
     6.64400   0.1028091E+0001   0.3098713E+0000   0.4264810E+0001  -0.6112192E-0003  -0.5067162E-0003  -0.6944714E-0002  -0.8155147E+0001
     6.64800   0.1029327E+0001   0.3090788E+0000   0.4264817E+0001  -0.6132324E-0003  -0.5032964E-0003  -0.6913703E-0002  -0.8155162E+0001
     6.65200   0.1030560E+0001   0.3081820E+0000   0.4264824E+0001  -0.6152308E-0003  -0.4995944E-0003  -0.6881223E-0002  -0.8155176E+0001
     6.65600   0.1031789E+0001   0.3072156E+0000   0.4264829E+0001  -0.6172135E-0003  -0.4956873E-0003  -0.6847501E-0002  -0.8155189E+0001
     6.66000   0.1033013E+0001   0.3062167E+0000   0.4264835E+0001  -0.6191801E-0003  -0.4916537E-0003  -0.6812742E-0002  -0.8155201E+0001
     6.66400   0.1034234E+0001   0.3052238E+0000   0.4264840E+0001  -0.6211304E-0003  -0.4875712E-0003  -0.6777121E-0002  -0.8155211E+0001
     6.66800   0.1035451E+0001   0.3042750E+0000   0.4264844E+0001  -0.6230645E-0003  -0.4835137E-0003  -0.6740788E-0002  -0.8155221E+0001
     6.67200   0.1036665E+0001   0.3034066E+0000   0.4264848E+0001  -0.6249827E-0003  -0.4795485E-0003  -0.6703861E-0002  -0.8155230E+0001
     6.67600   0.1037876E+0001   0.3026518E+0000   0.4264852E+0001  -0.6268856E-0003  -0.4757346E-0003  -0.6666434E-0002  -0.8155239E+0001
     6.68000   0.1039084E+0001   0.3020391E+0000   0.4264856E+0001  -0.6287741E-0003  -0.4721204E-0003  -0.6628573E-0002  -0.8155247E+0001
     6.68400   0.1040290E+0001   0.3015913E+0000   0.4264860E+0001  -0.6306491E-0003  -0.4687426E-0003  -0.6590321E-0002  -0.8155255E+0001
     6.68800   0.1041496E+0001   0.3013243E+0000   0.4264863E+0001  -0.6325116E-0003  -0.4656246E-0003  -0.6551706E-0002  -0.8155262E+0001
     6.69200   0.1042701E+0001   0.3012468E+0000   0.4264866E+0001  -0.6343627E-0003  -0.4627770E-0003  -0.6512739E-0002  -0.8155270E+0001
     6.69600   0.1043906E+0001   0.3013599E+0000   0.4264870E+0001  -0.6362035E-0003  -0.4601969E-0003  -0.6473423E-0002  -0.8155277E+0001
     6.70000   0.1045113E+0001   0.3016565E+0000   0.4264873E+0001  -0.6380349E-0003  -0.4578687E-0003  -0.6433759E-0002  -0.8155284E+0001
     6.70400   0.1046321E+0001   0.3021224E+0000   0.4264876E+0001  -0.6398580E-0003  -0.4557657E-0003  -0.6393748E-0002  -0.8155290E+0001
     6.70800   0.1047532E+0001   0.3027362E+0000   0.4264879E+0001  -0.6416734E-0003  -0.4538512E-0003  -0.6353401E-0002  -0.8155296E+0001
     6.71200   0.1048746E+0001   0.3034707E+0000   0.4264881E+0001  -0.6434817E-0003  -0.4520811E-0003  -0.6312737E-0002  -0.8155302E+0001
     6.71600   0.1049963E+0001   0.3042938E+0000   0.4264883E+0001  -0.6452834E-0003  -0.4504057E-0003  -0.6271793E-0002  -0.8155307E+0001
     6.72000   0.1051184E+0001   0.3051700E+0000   0.4264886E+0001  -0.6470784E-0003  -0.4487727E-0003  -0.6230624E-0002  -0.8155311E+0001
     6.72400   0.1052408E+0001   0.3060618E+0000   0.4264887E+0001  -0.6488670E-0003  -0.4471294E-0003  -0.6189301E-0002  -0.8155315E+0001
     6.72800   0.1053636E+0001   0.3069313E+0000   0.4264888E+0001  -0.6506487E-0003  -0.4454257E-0003  -0.6147921E-0002  -0.8155318E+0001
     6.73200   0.1054867E+0001   0.3077419E+0000   0.4264889E+0001  -0.6524231E-0003  -0.4436161E-0003  -0.6106597E-0002  -0.8155319E+0001
     6.73600   0.1056101E+0001   0.3084597E+0000   0.4264890E+0001  -0.6541898E-0003  -0.4416619E-0003  -0.6065460E-0002  -0.8155320E+0001
     6.74000   0.1057337E+0001   0.3090549E+0000   0.4264889E+0001  -0.6559479E-0003  -0.4395332E-0003  -0.6024658E-0002  -0.8155319E+0001
     6.74400   0.1058575E+0001   0.3095031E+0000   0.4264889E+0001  -0.6576968E-0003  -0.4372095E-0003  -0.5984351E-0002  -0.8155318E+0001
     6.74800   0.1059814E+0001   0.3097860E+0000   0.4264888E+0001  -0.6594355E-0003  -0.4346814E-0003  -0.5944706E-0002  -0.8155315E+0001
     6.75200   0.1061053E+0001   0.3098925E+0000   0.4264886E+0001  -0.6611633E-0003  -0.4319503E-0003  -0.5905892E-0002  -0.8155312E+0001
     6.75600   0.1062293E+0001   0.3098189E+0000   0.4264884E+0001  -0.6628794E-0003  -0.4290284E-0003  -0.5868078E-0002  -0.8155307E+0001
     6.76000   0.1063531E+0001   0.3095692E+0000   0.4264882E+0001  -0.6645831E-0003  -0.4259380E-0003  -0.5831421E-0002  -0.8155302E+0001
     6.76400   0.1064768E+0001   0.3091546E+0000   0.4264880E+0001  -0.6662740E-0003  -0.4227105E-0003  -0.5796066E-0002  -0.8155297E+0001
     6.76800   0.1066002E+0001   0.3085931E+0000   0.4264877E+0001  -0.6679515E-0003  -0.4193848E-0003  -0.5762138E-0002  -0.8155291E+0001
     6.77200   0.1067234E+0001   0.3079089E+0000   0.4264875E+0001  -0.6696155E-0003  -0.4160058E-0003  -0.5729737E-0002  -0.8155286E+0001
     6.77600   0.1068462E+0001   0.3071314E+0000   0.4264872E+0001  -0.6712660E-0003  -0.4126222E-0003  -0.5698934E-0002  -0.8155280E+0001
     6.78000   0.1069687E+0001   0.3062935E+0000   0.4264870E+0001  -0.6729032E-0003  -0.4092846E-0003  -0.5669766E-0002  -0.8155275E+0001
     6.78400   0.1070909E+0001   0.3054307E+0000   0.4264868E+0001  -0.6745273E-0003  -0.4060430E-0003  -0.5642236E-0002  -0.8155271E+0001
     6.78800   0.1072127E+0001   0.3045793E+0000   0.4264866E+0001  -0.6761391E-0003  -0.4029453E-0003  -0.5616309E-0002  -0.8155267E+0001
     6.79200   0.1073343E+0001   0.3037751E+0000   0.4264865E+0001  -0.6777393E-0003  -0.4000348E-0003  -0.5591913E-0002  -0.8155264E+0001
     6.79600   0.1074555E+0001   0.3030515E+0000   0.4264864E+0001  -0.6793287E-0003  -0.3973484E-0003  -0.5568940E-0002  -0.8155262E+0001
     6.80000   0.1075764E+0001   0.3024382E+0000   0.4264864E+0001  -0.6809083E-0003  -0.3949153E-0003  -0.5547246E-0002  -0.8155261E+0001
     6.80400   0.1076972E+0001   0.3019602E+0000   0.4264863E+0001  -0.6824793E-0003  -0.3927553E-0003  -0.5526657E-0002  -0.8155260E+0001
     6.80800   0.1078179E+0001   0.3016363E+0000   0.4264863E+0001  -0.6840429E-0003  -0.3908779E-0003  -0.5506971E-0002  -0.8155260E+0001
     6.81200   0.1079385E+0001   0.3014785E+0000   0.4264864E+0001  -0.6856000E-0003  -0.3892817E-0003  -0.5487960E-0002  -0.8155261E+0001
     6.81600   0.1080591E+0001   0.3014913E+0000   0.4264864E+0001  -0.6871518E-0003  -0.3879543E-0003  -0.5469378E-0002  -0.8155261E+0001
     6.82000   0.1081797E+0001   0.3016717E+0000   0.4264864E+0001  -0.6886993E-0003  -0.3868720E-0003  -0.5450965E-0002  -0.8155262E+0001
     6.82400   0.1083005E+0001   0.3020091E+0000   0.4264865E+0001  -0.6902433E-0003  -0.3860009E-0003  -0.5432451E-0002  -0.8155262E+0001
     6.82800   0.1084215E+0001   0.3024861E+0000   0.4264865E+0001  -0.6917845E-0003  -0.3852974E-0003  -0.5413561E-0002  -0.8155263E+0001
     6.83200   0.1085428E+0001   0.3030789E+0000   0.4264864E+0001  -0.6933233E-0003  -0.3847100E-0003  -0.5394022E-0002  -0.8155262E+0001
     6.83600   0.1086643E+0001   0.3037583E+0000   0.4264864E+0001  -0.6948600E-0003  -0.3841807E-0003  -0.5373566E-0002  -0.8155261E+0001
     6.84000   0.1087861E+0001   0.3044913E+0000   0.4264863E+0001  -0.6963946E-0003  -0.3836475E-0003  -0.5351936E-0002  -0.8155259E+0001
     6.84400   0.1089082E+0001   0.3052425E+0000   0.4264862E+0001  -0.6979268E-0003  -0.3830459E-0003  -0.5328889E-0002  -0.8155256E+0001
     6.84800   0.1090306E+0001   0.3059752E+0000   0.4264860E+0001  -0.6994561E-0003  -0.3823120E-0003  -0.5304202E-0002  -0.8155252E+0001
     6.85200   0.1091532E+0001   0.3066535E+0000   0.4264858E+0001  -0.7009816E-0003  -0.3813847E-0003  -0.5277677E-0002  -0.8155247E+0001
     6.85600   0.1092761E+0001   0.3072437E+0000   0.4264855E+0001  -0.7025024E-0003  -0.3802080E-0003  -0.5249140E-0002  -0.8155240E+0001
     6.86000   0.1093992E+0001   0.3077154E+0000   0.4264852E+0001  -0.7040174E-0003  -0.3787330E-0003  -0.5218450E-0002  -0.8155233E+0001
     6.86400   0.1095224E+0001   0.3080434E+0000   0.4264848E+0001  -0.7055251E-0003  -0.3769203E-0003  -0.5185496E-0002  -0.8155225E+0001
     6.86800   0.1096457E+0001   0.3082085E+0000   0.4264844E+0001  -0.7070240E-0003  -0.3747411E-0003  -0.5150204E-0002  -0.8155217E+0001
     6.87200   0.1097690E+0001   0.3081981E+0000   0.4264840E+0001  -0.7085127E-0003  -0.3721784E-0003  -0.5112534E-0002  -0.8155207E+0001
     6.87600   0.1098922E+0001   0.3080071E+0000   0.4264836E+0001  -0.7099896E-0003  -0.3692277E-0003  -0.5072482E-0002  -0.8155198E+0001
     6.88000   0.1100152E+0001   0.3076381E+0000   0.4264832E+0001  -0.7114532E-0003  -0.3658965E-0003  -0.5030079E-0002  -0.8155188E+0001
     6.88400   0.1101381E+0001   0.3071009E+0000   0.4264827E+0001  -0.7129020E-0003  -0.3622046E-0003  -0.4985390E-0002  -0.8155179E+0001
     6.88800   0.1102606E+0001   0.3064124E+0000   0.4264823E+0001  -0.7143348E-0003  -0.3581822E-0003  -0.4938514E-0002  -0.8155169E+0001
     6.89200   0.1103829E+0001   0.3055959E+0000   0.4264819E+0001  -0.7157503E-0003  -0.3538692E-0003  -0.4889576E-0002  -0.8155160E+0001
     6.89600   0.1105048E+0001   0.3046798E+0000   0.4264815E+0001  -0.7171475E-0003  -0.3493127E-0003  -0.4838729E-0002  -0.8155151E+0001
     6.90000   0.1106262E+0001   0.3036969E+0000   0.4264812E+0001  -0.7185258E-0003  -0.3445652E-0003  -0.4786147E-0002  -0.8155143E+0001
     6.90400   0.1107473E+0001   0.3026822E+0000   0.4264808E+0001  -0.7198845E-0003  -0.3396825E-0003  -0.4732021E-0002  -0.8155135E+0001
     6.90800   0.1108680E+0001   0.3016723E+0000   0.4264805E+0001  -0.7212234E-0003  -0.3347207E-0003  -0.4676553E-0002  -0.8155128E+0001
     6.91200   0.1109883E+0001   0.3007032E+0000   0.4264802E+0001  -0.7225423E-0003  -0.3297347E-0003  -0.4619953E-0002  -0.8155121E+0001
     6.91600   0.1111082E+0001   0.2998090E+0000   0.4264799E+0001  -0.7238414E-0003  -0.3247756E-0003  -0.4562433E-0002  -0.8155114E+0001
     6.92000   0.1112278E+0001   0.2990206E+0000   0.4264796E+0001  -0.7251210E-0003  -0.3198888E-0003  -0.4504199E-0002  -0.8155108E+0001
     6.92400   0.1113471E+0001   0.2983642E+0000   0.4264793E+0001  -0.7263814E-0003  -0.3151128E-0003  -0.4445450E-0002  -0.8155101E+0001
     6.92800   0.1114663E+0001   0.2978602E+0000   0.4264790E+0001  -0.7276233E-0003  -0.3104775E-0003  -0.4386368E-0002  -0.8155095E+0001
     6.93200   0.1115853E+0001   0.2975227E+0000   0.4264787E+0001  -0.7288474E-0003  -0.3060043E-0003  -0.4327119E-0002  -0.8155088E+0001
     6.93600   0.1117042E+0001   0.2973587E+0000   0.4264784E+0001  -0.7300542E-0003  -0.3017047E-0003  -0.4267844E-0002  -0.8155081E+0001
     6.94000   0.1118232E+0001   0.2973679E+0000   0.4264781E+0001  -0.7312445E-0003  -0.2975812E-0003  -0.4208660E-0002  -0.8155074E+0001
     6.94400   0.1119422E+0001   0.2975427E+0000   0.4264778E+0001  -0.7324190E-0003  -0.2936273E-0003  -0.4149657E-0002  -0.8155066E+0001
     6.94800   0.1120613E+0001   0.2978689E+0000   0.4264774E+0001  -0.7335783E-0003  -0.2898284E-0003  -0.4090893E-0002  -0.8155057E+0001
     6.95200   0.1121807E+0001   0.2983262E+0000   0.4264770E+0001  -0.7347230E-0003  -0.2861630E-0003  -0.4032401E-0002  -0.8155049E+0001
     6.95600   0.1123002E+0001   0.2988890E+0000   0.4264766E+0001  -0.7358534E-0003  -0.2826039E-0003  -0.3974182E-0002  -0.8155039E+0001
     6.96000   0.1124200E+0001   0.2995281E+0000   0.4264761E+0001  -0.7369699E-0003  -0.2791194E-0003  -0.3916212E-0002  -0.8155029E+0001
     6.96400   0.1125401E+0001   0.3002112E+0000   0.4264757E+0001  -0.7380726E-0003  -0.2756757E-0003  -0.3858445E-0002  -0.8155019E+0001
     6.96800   0.1126605E+0001   0.3009053E+0000   0.4264752E+0001  -0.7391615E-0003  -0.2722375E-0003  -0.3800814E-0002  -0.8155008E+0001
     6.97200   0.1127811E+0001   0.3015774E+0000   0.4264747E+0001  -0.7402366E-0003  -0.2687705E-0003  -0.3743234E-0002  -0.8154997E+0001
     6.97600   0.1129020E+0001   0.3021964E+0000   0.4264742E+0001  -0.7412976E-0003  -0.2652424E-0003  -0.3685612E-0002  -0.8154986E+0001
     6.98000   0.1130231E+0001   0.3027343E+0000   0.4264737E+0001  -0.7423441E-0003  -0.2616246E-0003  -0.3627850E-0002  -0.8154975E+0001
     6.98400   0.1131444E+0001   0.3031674E+0000   0.4264732E+0001  -0.7433756E-0003  -0.2578931E-0003  -0.3569850E-0002  -0.8154963E+0001
     6.98800   0.1132657E+0001   0.3034774E+0000   0.4264726E+0001  -0.7443918E-0003  -0.2540297E-0003  -0.3511518E-0002  -0.8154951E+0001
     6.99200   0.1133872E+0001   0.3036518E+0000   0.4264721E+0001  -0.7453918E-0003  -0.2500228E-0003  -0.3452775E-0002  -0.8154939E+0001
     6.99600   0.1135087E+0001   0.3036849E+0000   0.4264715E+0001  -0.7463753E-0003  -0.2458674E-0003  -0.3393557E-0002  -0.8154926E+0001
     7.00000   0.1136301E+0001   0.3035775E+0000   0.4264709E+0001  -0.7473416E-0003  -0.2415654E-0003  -0.3333823E-0002  -0.8154913E+0001
     7.00400   0.1137515E+0001   0.3033369E+0000   0.4264703E+0001  -0.7482901E-0003  -0.2371256E-0003  -0.3273559E-0002  -0.8154899E+0001
     7.00800   0.1138726E+0001   0.3029763E+0000   0.4264696E+0001  -0.7492203E-0003  -0.2325627E-0003  -0.3212779E-0002  -0.8154884E+0001
     7.01200   0.1139936E+0001   0.3025143E+0000   0.4264689E+0001  -0.7501319E-0003  -0.2278970E-0003  -0.3151529E-0002  -0.8154868E+0001
     7.01600   0.1141144E+0001   0.3019740E+0000   0.4264681E+0001  -0.7510245E-0003  -0.2231534E-0003  -0.3089887E-0002  -0.8154850E+0001
     7.02000   0.1142350E+0001   0.3013814E+0000   0.4264673E+0001  -0.7518980E-0003  -0.2183597E-0003  -0.3027965E-0002  -0.8154831E+0001
     7.02400   0.1143553E+0001   0.3007647E+0000   0.4264664E+0001  -0.7527522E-0003  -0.2135463E-0003  -0.2965903E-0002  -0.8154811E+0001
     7.02800   0.1144754E+0001   0.3001527E+0000   0.4264654E+0001  -0.7535871E-0003  -0.2087442E-0003  -0.2903871E-0002  -0.8154788E+0001
     7.03200   0.1145952E+0001   0.2995736E+0000   0.4264642E+0001  -0.7544031E-0003  -0.2039845E-0003  -0.2842063E-0002  -0.8154763E+0001
     7.03600   0.1147148E+0001   0.2990535E+0000   0.4264630E+0001  -0.7552003E-0003  -0.1992967E-0003  -0.2780689E-0002  -0.8154736E+0001
     7.04000   0.1148343E+0001   0.2986157E+0000   0.4264617E+0001  -0.7559791E-0003  -0.1947080E-0003  -0.2719976E-0002  -0.8154707E+0001
     7.04400   0.1149536E+0001   0.2982794E+0000   0.4264603E+0001  -0.7567401E-0003  -0.1902428E-0003  -0.2660152E-0002  -0.8154676E+0001
     7.04800   0.1150728E+0001   0.2980588E+0000   0.4264588E+0001  -0.7574837E-0003  -0.1859216E-0003  -0.2601451E-0002  -0.8154642E+0001
     7.05200   0.1151920E+0001   0.2979631E+0000   0.4264572E+0001  -0.7582108E-0003  -0.1817611E-0003  -0.2544093E-0002  -0.8154606E+0001
     7.05600   0.1153112E+0001   0.2979955E+0000   0.4264555E+0001  -0.7589219E-0003  -0.1777736E-0003  -0.2488289E-0002  -0.8154569E+0001
     7.06000   0.1154304E+0001   0.2981538E+0000   0.4264538E+0001  -0.7596178E-0003  -0.1739672E-0003  -0.2434227E-0002  -0.8154530E+0001
     7.06400   0.1155498E+0001   0.2984300E+0000   0.4264520E+0001  -0.7602991E-0003  -0.1703459E-0003  -0.2382069E-0002  -0.8154490E+0001
     7.06800   0.1156693E+0001   0.2988111E+0000   0.4264501E+0001  -0.7609668E-0003  -0.1669095E-0003  -0.2331946E-0002  -0.8154449E+0001
     7.07200   0.1157890E+0001   0.2992796E+0000   0.4264483E+0001  -0.7616214E-0003  -0.1636543E-0003  -0.2283954E-0002  -0.8154407E+0001
     7.07600   0.1159090E+0001   0.2998145E+0000   0.4264464E+0001  -0.7622637E-0003  -0.1605734E-0003  -0.2238150E-0002  -0.8154366E+0001
     7.08000   0.1160291E+0001   0.3003919E+0000   0.4264446E+0001  -0.7628943E-0003  -0.1576569E-0003  -0.2194554E-0002  -0.8154325E+0001
     7.08400   0.1161495E+0001   0.3009864E+0000   0.4264428E+0001  -0.7635139E-0003  -0.1548926E-0003  -0.2153146E-0002  -0.8154285E+0001
     7.08800   0.1162701E+0001   0.3015723E+0000   0.4264410E+0001  -0.7641230E-0003  -0.1522664E-0003  -0.2113865E-0002  -0.8154246E+0001
     7.09200   0.1163910E+0001   0.3021246E+0000   0.4264393E+0001  -0.7647220E-0003  -0.1497630E-0003  -0.2076619E-0002  -0.8154209E+0001
     7.09600   0.1165120E+0001   0.3026200E+0000   0.4264378E+0001  -0.7653115E-0003  -0.1473660E-0003  -0.2041282E-0002  -0.8154174E+0001
     7.10000   0.1166333E+0001   0.3030384E+0000   0.4264363E+0001  -0.7658917E-0003  -0.1450591E-0003  -0.2007700E-0002  -0.8154141E+0001
     7.10400   0.1167546E+0001   0.3033634E+0000   0.4264350E+0001  -0.7664630E-0003  -0.1428262E-0003  -0.1975701E-0002  -0.8154111E+0001
     7.10800   0.1168760E+0001   0.3035833E+0000   0.4264337E+0001  -0.7670256E-0003  -0.1406521E-0003  -0.1945095E-0002  -0.8154084E+0001
     7.11200   0.1169975E+0001   0.3036914E+0000   0.4264326E+0001  -0.7675797E-0003  -0.1385229E-0003  -0.1915687E-0002  -0.8154060E+0001
     7.11600   0.1171190E+0001   0.3036864E+0000   0.4264317E+0001  -0.7681254E-0003  -0.1364267E-0003  -0.1887280E-0002  -0.8154038E+0001
     7.12000   0.1172404E+0001   0.3035728E+0000   0.4264309E+0001  -0.7686628E-0003  -0.1343537E-0003  -0.1859682E-0002  -0.8154020E+0001
     7.12400   0.1173618E+0001   0.3033599E+0000   0.4264302E+0001  -0.7691920E-0003  -0.1322965E-0003  -0.1832716E-0002  -0.8154005E+0001
     7.12800   0.1174830E+0001   0.3030621E+0000   0.4264296E+0001  -0.7697130E-0003  -0.1302503E-0003  -0.1806218E-0002  -0.8153992E+0001
     7.13200   0.1176041E+0001   0.3026978E+0000   0.4264292E+0001  -0.7702259E-0003  -0.1282130E-0003  -0.1780051E-0002  -0.8153983E+0001
     7.13600   0.1177250E+0001   0.3022886E+0000   0.4264289E+0001  -0.7707306E-0003  -0.1261848E-0003  -0.1754098E-0002  -0.8153976E+0001
     7.14000   0.1178457E+0001   0.3018581E+0000   0.4264287E+0001  -0.7712273E-0003  -0.1241681E-0003  -0.1728273E-0002  -0.8153972E+0001
     7.14400   0.1179663E+0001   0.3014312E+0000   0.4264286E+0001  -0.7717160E-0003  -0.1221671E-0003  -0.1702516E-0002  -0.8153971E+0001
     7.14800   0.1180867E+0001   0.3010324E+0000   0.4264287E+0001  -0.7721967E-0003  -0.1201872E-0003  -0.1676792E-0002  -0.8153972E+0001
     7.15200   0.1182070E+0001   0.3006850E+0000   0.4264288E+0001  -0.7726696E-0003  -0.1182346E-0003  -0.1651095E-0002  -0.8153975E+0001
     7.15600   0.1183271E+0001   0.3004099E+0000   0.4264291E+0001  -0.7731349E-0003  -0.1163161E-0003  -0.1625438E-0002  -0.8153980E+0001
     7.16000   0.1184472E+0001   0.3002246E+0000   0.4264294E+0001  -0.7735927E-0003  -0.1144379E-0003  -0.1599853E-0002  -0.8153987E+0001
     7.16400   0.1185673E+0001   0.3001424E+0000   0.4264298E+0001  -0.7740431E-0003  -0.1126057E-0003  -0.1574389E-0002  -0.8153997E+0001
     7.16800   0.1186874E+0001   0.3001719E+0000   0.4264303E+0001  -0.7744864E-0003  -0.1108242E-0003  -0.1549102E-0002  -0.8154008E+0001
     7.17200   0.1188075E+0001   0.3003166E+0000   0.4264309E+0001  -0.7749228E-0003  -0.1090966E-0003  -0.1524054E-0002  -0.8154021E+0001
     7.17600   0.1189277E+0001   0.3005748E+0000   0.4264316E+0001  -0.7753525E-0003  -0.1074247E-0003  -0.1499308E-0002  -0.8154035E+0001
     7.18000   0.1190481E+0001   0.3009394E+0000   0.4264323E+0001  -0.7757757E-0003  -0.1058085E-0003  -0.1474924E-0002  -0.8154052E+0001
     7.18400   0.1191687E+0001   0.3013989E+0000   0.4264331E+0001  -0.7761927E-0003  -0.1042465E-0003  -0.1450955E-0002  -0.8154070E+0001
     7.18800   0.1192894E+0001   0.3019373E+0000   0.4264340E+0001  -0.7766036E-0003  -0.1027353E-0003  -0.1427442E-0002  -0.8154090E+0001
     7.19200   0.1194104E+0001   0.3025350E+0000   0.4264350E+0001  -0.7770087E-0003  -0.1012703E-0003  -0.1404416E-0002  -0.8154112E+0001
     7.19600   0.1195317E+0001   0.3031700E+0000   0.4264360E+0001  -0.7774081E-0003  -0.9984565E-0004  -0.1381894E-0002  -0.8154135E+0001
     7.20000   0.1196532E+0001   0.3038184E+0000   0.4264371E+0001  -0.7778019E-0003  -0.9845432E-0004  -0.1359878E-0002  -0.8154159E+0001
     7.20400   0.1197750E+0001   0.3044557E+0000   0.4264383E+0001  -0.7781903E-0003  -0.9708875E-0004  -0.1338357E-0002  -0.8154185E+0001
     7.20800   0.1198970E+0001   0.3050579E+0000   0.4264395E+0001  -0.7785732E-0003  -0.9574105E-0004  -0.1317311E-0002  -0.8154212E+0001
     7.21200   0.1200193E+0001   0.3056024E+0000   0.4264408E+0001  -0.7789508E-0003  -0.9440339E-0004  -0.1296705E-0002  -0.8154240E+0001
     7.21600   0.1201417E+0001   0.3060691E+0000   0.4264420E+0001  -0.7793231E-0003  -0.9306839E-0004  -0.1276504E-0002  -0.8154268E+0001
     7.22000   0.1202643E+0001   0.3064411E+0000   0.4264434E+0001  -0.7796900E-0003  -0.9172952E-0004  -0.1256664E-0002  -0.8154297E+0001
     7.22400   0.1203870E+0001   0.3067056E+0000   0.4264447E+0001  -0.7800516E-0003  -0.9038151E-0004  -0.1237147E-0002  -0.8154327E+0001
     7.22800   0.1205097E+0001   0.3068541E+0000   0.4264460E+0001  -0.7804076E-0003  -0.8902064E-0004  -0.1217918E-0002  -0.8154357E+0001
     7.23200   0.1206325E+0001   0.3068833E+0000   0.4264474E+0001  -0.7807582E-0003  -0.8764506E-0004  -0.1198953E-0002  -0.8154386E+0001
     7.23600   0.1207552E+0001   0.3067947E+0000   0.4264487E+0001  -0.7811032E-0003  -0.8625505E-0004  -0.1180239E-0002  -0.8154416E+0001
     7.24000   0.1208778E+0001   0.3065946E+0000   0.4264500E+0001  -0.7814426E-0003  -0.8485313E-0004  -0.1161784E-0002  -0.8154445E+0001
     7.24400   0.1210003E+0001   0.3062941E+0000   0.4264513E+0001  -0.7817764E-0003  -0.8344413E-0004  -0.1143612E-0002  -0.8154473E+0001
     7.24800   0.1211227E+0001   0.3059080E+0000   0.4264525E+0001  -0.7821046E-0003  -0.8203519E-0004  -0.1125772E-0002  -0.8154501E+0001
     7.25200   0.1212449E+0001   0.3054548E+0000   0.4264537E+0001  -0.7824271E-0003  -0.8063556E-0004  -0.1108334E-0002  -0.8154528E+0001
     7.25600   0.1213669E+0001   0.3049551E+0000   0.4264549E+0001  -0.7827441E-0003  -0.7925646E-0004  -0.1091393E-0002  -0.8154554E+0001
     7.26000   0.1214886E+0001   0.3044313E+0000   0.4264560E+0001  -0.7830558E-0003  -0.7791074E-0004  -0.1075063E-0002  -0.8154579E+0001
     7.26400   0.1216102E+0001   0.3039064E+0000   0.4264571E+0001  -0.7833622E-0003  -0.7661251E-0004  -0.1059482E-0002  -0.8154603E+0001
     7.26800   0.1217316E+0001   0.3034028E+0000   0.4264582E+0001  -0.7836637E-0003  -0.7537681E-0004  -0.1044800E-0002  -0.8154626E+0001
     7.27200   0.1218527E+0001   0.3029417E+0000   0.4264592E+0001  -0.7839606E-0003  -0.7421911E-0004  -0.1031182E-0002  -0.8154649E+0001
     7.27600   0.1219738E+0001   0.3025419E+0000   0.4264602E+0001  -0.7842532E-0003  -0.7315492E-0004  -0.1018802E-0002  -0.8154671E+0001
     7.28000   0.1220946E+0001   0.3022193E+0000   0.4264611E+0001  -0.7845420E-0003  -0.7219937E-0004  -0.1007833E-0002  -0.8154692E+0001
     7.28400   0.1222154E+0001   0.3019863E+0000   0.4264620E+0001  -0.7848275E-0003  -0.7136683E-0004  -0.9984482E-0003  -0.8154712E+0001
     7.28800   0.1223362E+0001   0.3018512E+0000   0.4264629E+0001  -0.7851102E-0003  -0.7067049E-0004  -0.9908111E-0003  -0.8154732E+0001
     7.29200   0.1224569E+0001   0.3018182E+0000   0.4264638E+0001  -0.7853907E-0003  -0.7012212E-0004  -0.9850718E-0003  -0.8154751E+0001
     7.29600   0.1225777E+0001   0.3018872E+0000   0.4264646E+0001  -0.7856696E-0003  -0.6973172E-0004  -0.9813621E-0003  -0.8154770E+0001
     7.30000   0.1226985E+0001   0.3020538E+0000   0.4264655E+0001  -0.7859476E-0003  -0.6950734E-0004  -0.9797918E-0003  -0.8154788E+0001
     7.30400   0.1228194E+0001   0.3023102E+0000   0.4264663E+0001  -0.7862254E-0003  -0.6945488E-0004  -0.9804455E-0003  -0.8154807E+0001
     7.30800   0.1229405E+0001   0.3026448E+0000   0.4264671E+0001  -0.7865038E-0003  -0.6957800E-0004  -0.9833811E-0003  -0.8154825E+0001
     7.31200   0.1230617E+0001   0.3030433E+0000   0.4264679E+0001  -0.7867833E-0003  -0.6987809E-0004  -0.9886287E-0003  -0.8154842E+0001
     7.31600   0.1231831E+0001   0.3034892E+0000   0.4264686E+0001  -0.7870647E-0003  -0.7035423E-0004  -0.9961918E-0003  -0.8154859E+0001
     7.32000   0.1233047E+0001   0.3039647E+0000   0.4264694E+0001  -0.7873487E-0003  -0.7100337E-0004  -0.1006048E-0002  -0.8154876E+0001
     7.32400   0.1234264E+0001   0.3044510E+0000   0.4264701E+0001  -0.7876360E-0003  -0.7182049E-0004  -0.1018154E-0002  -0.8154893E+0001
     7.32800   0.1235484E+0001   0.3049295E+0000   0.4264709E+0001  -0.7879272E-0003  -0.7279882E-0004  -0.1032446E-0002  -0.8154909E+0001
     7.33200   0.1236706E+0001   0.3053825E+0000   0.4264716E+0001  -0.7882229E-0003  -0.7393026E-0004  -0.1048848E-0002  -0.8154924E+0001
     7.33600   0.1237929E+0001   0.3057936E+0000   0.4264722E+0001  -0.7885237E-0003  -0.7520572E-0004  -0.1067274E-0002  -0.8154939E+0001
     7.34000   0.1239153E+0001   0.3061486E+0000   0.4264729E+0001  -0.7888302E-0003  -0.7661563E-0004  -0.1087634E-0002  -0.8154953E+0001
     7.34400   0.1240379E+0001   0.3064361E+0000   0.4264735E+0001  -0.7891428E-0003  -0.7815041E-0004  -0.1109841E-0002  -0.8154967E+0001
     7.34800   0.1241606E+0001   0.3066476E+0000   0.4264741E+0001  -0.7894620E-0003  -0.7980100E-0004  -0.1133815E-0002  -0.8154981E+0001
     7.35200   0.1242833E+0001   0.3067781E+0000   0.4264747E+0001  -0.7897882E-0003  -0.8155934E-0004  -0.1159484E-0002  -0.8154993E+0001
     7.35600   0.1244060E+0001   0.3068263E+0000   0.4264752E+0001  -0.7901219E-0003  -0.8341885E-0004  -0.1186796E-0002  -0.8155006E+0001
     7.36000   0.1245287E+0001   0.3067942E+0000   0.4264758E+0001  -0.7904634E-0003  -0.8537476E-0004  -0.1215714E-0002  -0.8155018E+0001
     7.36400   0.1246514E+0001   0.3066873E+0000   0.4264763E+0001  -0.7908131E-0003  -0.8742445E-0004  -0.1246221E-0002  -0.8155029E+0001
     7.36800   0.1247740E+0001   0.3065144E+0000   0.4264768E+0001  -0.7911714E-0003  -0.8956760E-0004  -0.1278320E-0002  -0.8155041E+0001
     7.37200   0.1248965E+0001   0.3062865E+0000   0.4264773E+0001  -0.7915386E-0003  -0.9180623E-0004  -0.1312036E-0002  -0.8155053E+0001
     7.37600   0.1250189E+0001   0.3060171E+0000   0.4264779E+0001  -0.7919152E-0003  -0.9414462E-0004  -0.1347409E-0002  -0.8155064E+0001
     7.38000   0.1251412E+0001   0.3057209E+0000   0.4264784E+0001  -0.7923015E-0003  -0.9658910E-0004  -0.1384496E-0002  -0.8155077E+0001
     7.38400   0.1252634E+0001   0.3054132E+0000   0.4264790E+0001  -0.7926981E-0003  -0.9914767E-0004  -0.1423365E-0002  -0.8155089E+0001
     7.38800   0.1253854E+0001   0.3051094E+0000   0.4264796E+0001  -0.7931054E-0003  -0.1018296E-0003  -0.1464089E-0002  -0.8155103E+0001
     7.39200   0.1255074E+0001   0.3048240E+0000   0.4264802E+0001  -0.7935240E-0003  -0.1046449E-0003  -0.1506743E-0002  -0.8155117E+0001
     7.39600   0.1256292E+0001   0.3045699E+0000   0.4264809E+0001  -0.7939544E-0003  -0.1076037E-0003  -0.1551398E-0002  -0.8155132E+0001
     7.40000   0.1257509E+0001   0.3043582E+0000   0.4264816E+0001  -0.7943973E-0003  -0.1107156E-0003  -0.1598114E-0002  -0.8155148E+0001
     7.40400   0.1258726E+0001   0.3041972E+0000   0.4264824E+0001  -0.7948532E-0003  -0.1139889E-0003  -0.1646936E-0002  -0.8155166E+0001
     7.40800   0.1259943E+0001   0.3040924E+0000   0.4264833E+0001  -0.7953230E-0003  -0.1174306E-0003  -0.1697887E-0002  -0.8155185E+0001
     7.41200   0.1261159E+0001   0.3040464E+0000   0.4264842E+0001  -0.7958072E-0003  -0.1210450E-0003  -0.1750966E-0002  -0.8155205E+0001
     7.41600   0.1262375E+0001   0.3040587E+0000   0.4264851E+0001  -0.7963065E-0003  -0.1248338E-0003  -0.1806141E-0002  -0.8155226E+0001
     7.42000   0.1263592E+0001   0.3041260E+0000   0.4264862E+0001  -0.7968217E-0003  -0.1287957E-0003  -0.1863349E-0002  -0.8155249E+0001
     7.42400   0.1264808E+0001   0.3042424E+0000   0.4264872E+0001  -0.7973534E-0003  -0.1329258E-0003  -0.1922496E-0002  -0.8155273E+0001
     7.42800   0.1266026E+0001   0.3044002E+0000   0.4264884E+0001  -0.7979022E-0003  -0.1372158E-0003  -0.1983450E-0002  -0.8155299E+0001
     7.43200   0.1267244E+0001   0.3045899E+0000   0.4264896E+0001  -0.7984689E-0003  -0.1416542E-0003  -0.2046048E-0002  -0.8155325E+0001
     7.43600   0.1268464E+0001   0.3048011E+0000   0.4264908E+0001  -0.7990538E-0003  -0.1462258E-0003  -0.2110097E-0002  -0.8155353E+0001
     7.44000   0.1269684E+0001   0.3050233E+0000   0.4264921E+0001  -0.7996574E-0003  -0.1509127E-0003  -0.2175371E-0002  -0.8155381E+0001
     7.44400   0.1270905E+0001   0.3052461E+0000   0.4264934E+0001  -0.8002802E-0003  -0.1556942E-0003  -0.2241621E-0002  -0.8155411E+0001
     7.44800   0.1272127E+0001   0.3054598E+0000   0.4264948E+0001  -0.8009224E-0003  -0.1605476E-0003  -0.2308576E-0002  -0.8155441E+0001
     7.45200   0.1273349E+0001   0.3056563E+0000   0.4264962E+0001  -0.8015842E-0003  -0.1654489E-0003  -0.2375950E-0002  -0.8155472E+0001
     7.45600   0.1274573E+0001   0.3058288E+0000   0.4264976E+0001  -0.8022657E-0003  -0.1703729E-0003  -0.2443442E-0002  -0.8155504E+0001
     7.46000   0.1275796E+0001   0.3059728E+0000   0.4264990E+0001  -0.8029668E-0003  -0.1752945E-0003  -0.2510748E-0002  -0.8155536E+0001
     7.46400   0.1277021E+0001   0.3060856E+0000   0.4265005E+0001  -0.8036876E-0003  -0.1801889E-0003  -0.2577564E-0002  -0.8155568E+0001
     7.46800   0.1278245E+0001   0.3061668E+0000   0.4265019E+0001  -0.8044277E-0003  -0.1850324E-0003  -0.2643589E-0002  -0.8155601E+0001
     7.47200   0.1279470E+0001   0.3062178E+0000   0.4265034E+0001  -0.8051869E-0003  -0.1898032E-0003  -0.2708537E-0002  -0.8155633E+0001
     7.47600   0.1280695E+0001   0.3062422E+0000   0.4265049E+0001  -0.8059649E-0003  -0.1944810E-0003  -0.2772133E-0002  -0.8155666E+0001
     7.48000   0.1281920E+0001   0.3062449E+0000   0.4265063E+0001  -0.8067611E-0003  -0.1990485E-0003  -0.2834128E-0002  -0.8155699E+0001
     7.48400   0.1283145E+0001   0.3062322E+0000   0.4265078E+0001  -0.8075750E-0003  -0.2034908E-0003  -0.2894294E-0002  -0.8155731E+0001
     7.48800   0.1284370E+0001   0.3062114E+0000   0.4265092E+0001  -0.8084062E-0003  -0.2077959E-0003  -0.2952433E-0002  -0.8155763E+0001
     7.49200   0.1285595E+0001   0.3061900E+0000   0.4265106E+0001  -0.8092540E-0003  -0.2119545E-0003  -0.3008379E-0002  -0.8155794E+0001
     7.49600   0.1286819E+0001   0.3061760E+0000   0.4265120E+0001  -0.8101179E-0003  -0.2159602E-0003  -0.3061996E-0002  -0.8155824E+0001
     7.50000   0.1288044E+0001   0.3061769E+0000   0.4265132E+0001  -0.8109971E-0003  -0.2198092E-0003  -0.3113185E-0002  -0.8155853E+0001
     7.50400   0.1289269E+0001   0.3061994E+0000   0.4265145E+0001  -0.8118911E-0003  -0.2234996E-0003  -0.3161879E-0002  -0.8155880E+0001
     7.50800   0.1290494E+0001   0.3062495E+0000   0.4265156E+0001  -0.8127992E-0003  -0.2270319E-0003  -0.3208045E-0002  -0.8155905E+0001
     7.51200   0.1291719E+0001   0.3063318E+0000   0.4265167E+0001  -0.8137209E-0003  -0.2304080E-0003  -0.3251680E-0002  -0.8155929E+0001
     7.51600   0.1292945E+0001   0.3064493E+0000   0.4265176E+0001  -0.8146554E-0003  -0.2336310E-0003  -0.3292810E-0002  -0.8155950E+0001
     7.52000   0.1294172E+0001   0.3066034E+0000   0.4265184E+0001  -0.8156022E-0003  -0.2367046E-0003  -0.3331489E-0002  -0.8155968E+0001
     7.52400   0.1295399E+0001   0.3067936E+0000   0.4265191E+0001  -0.8165607E-0003  -0.2396332E-0003  -0.3367790E-0002  -0.8155983E+0001
     7.52800   0.1296627E+0001   0.3070179E+0000   0.4265196E+0001  -0.8175304E-0003  -0.2424210E-0003  -0.3401806E-0002  -0.8155995E+0001
     7.53200   0.1297856E+0001   0.3072724E+0000   0.4265200E+0001  -0.8185107E-0003  -0.2450722E-0003  -0.3433642E-0002  -0.8156004E+0001
     7.53600   0.1299086E+0001   0.3075515E+0000   0.4265202E+0001  -0.8195011E-0003  -0.2475902E-0003  -0.3463413E-0002  -0.8156009E+0001
     7.54000   0.1300317E+0001   0.3078485E+0000   0.4265203E+0001  -0.8205010E-0003  -0.2499779E-0003  -0.3491239E-0002  -0.8156010E+0001
     7.54400   0.1301550E+0001   0.3081553E+0000   0.4265201E+0001  -0.8215099E-0003  -0.2522375E-0003  -0.3517242E-0002  -0.8156006E+0001
     7.54800   0.1302784E+0001   0.3084635E+0000   0.4265198E+0001  -0.8225274E-0003  -0.2543704E-0003  -0.3541537E-0002  -0.8155999E+0001
     7.55200   0.1304019E+0001   0.3087641E+0000   0.4265193E+0001  -0.8235529E-0003  -0.2563771E-0003  -0.3564234E-0002  -0.8155987E+0001
     7.55600   0.1305255E+0001   0.3090481E+0000   0.4265185E+0001  -0.8245859E-0003  -0.2582579E-0003  -0.3585434E-0002  -0.8155971E+0001
     7.56000   0.1306492E+0001   0.3093072E+0000   0.4265176E+0001  -0.8256260E-0003  -0.2600123E-0003  -0.3605223E-0002  -0.8155950E+0001
     7.56400   0.1307731E+0001   0.3095341E+0000   0.4265165E+0001  -0.8266726E-0003  -0.2616397E-0003  -0.3623671E-0002  -0.8155925E+0001
     7.56800   0.1308969E+0001   0.3097228E+0000   0.4265152E+0001  -0.8277251E-0003  -0.2631395E-0003  -0.3640833E-0002  -0.8155896E+0001
     7.57200   0.1310209E+0001   0.3098687E+0000   0.4265137E+0001  -0.8287832E-0003  -0.2645112E-0003  -0.3656743E-0002  -0.8155864E+0001
     7.57600   0.1311449E+0001   0.3099696E+0000   0.4265121E+0001  -0.8298462E-0003  -0.2657544E-0003  -0.3671417E-0002  -0.8155827E+0001
     7.58000   0.1312689E+0001   0.3100249E+0000   0.4265103E+0001  -0.8309137E-0003  -0.2668695E-0003  -0.3684850E-0002  -0.8155788E+0001
     7.58400   0.1313929E+0001   0.3100366E+0000   0.4265084E+0001  -0.8319851E-0003  -0.2678572E-0003  -0.3697017E-0002  -0.8155745E+0001
     7.58800   0.1315169E+0001   0.3100085E+0000   0.4265063E+0001  -0.8330600E-0003  -0.2687185E-0003  -0.3707875E-0002  -0.8155700E+0001
     7.59200   0.1316409E+0001   0.3099464E+0000   0.4265042E+0001  -0.8341378E-0003  -0.2694550E-0003  -0.3717362E-0002  -0.8155653E+0001
     7.59600   0.1317648E+0001   0.3098578E+0000   0.4265020E+0001  -0.8352181E-0003  -0.2700685E-0003  -0.3725396E-0002  -0.8155605E+0001
     7.60000   0.1318887E+0001   0.3097515E+0000   0.4264998E+0001  -0.8363003E-0003  -0.2705608E-0003  -0.3731885E-0002  -0.8155555E+0001
     7.60400   0.1320126E+0001   0.3096374E+0000   0.4264976E+0001  -0.8373840E-0003  -0.2709335E-0003  -0.3736719E-0002  -0.8155505E+0001
     7.60800   0.1321364E+0001   0.3095255E+0000   0.4264953E+0001  -0.8384688E-0003  -0.2711879E-0003  -0.3739778E-0002  -0.8155456E+0001
     7.61200   0.1322602E+0001   0.3094262E+0000   0.4264931E+0001  -0.8395541E-0003  -0.2713243E-0003  -0.3740937E-0002  -0.8155407E+0001
     7.61600   0.1323839E+0001   0.3093492E+0000   0.4264910E+0001  -0.8406394E-0003  -0.2713422E-0003  -0.3740062E-0002  -0.8155360E+0001
     7.62000   0.1325076E+0001   0.3093032E+0000   0.4264890E+0001  -0.8417244E-0003  -0.2712397E-0003  -0.3737019E-0002  -0.8155314E+0001
     7.62400   0.1326313E+0001   0.3092958E+0000   0.4264870E+0001  -0.8428085E-0003  -0.2710139E-0003  -0.3731675E-0002  -0.8155271E+0001
     7.62800   0.1327551E+0001   0.3093328E+0000   0.4264852E+0001  -0.8438911E-0003  -0.2706599E-0003  -0.3723902E-0002  -0.8155231E+0001
     7.63200   0.1328788E+0001   0.3094181E+0000   0.4264836E+0001  -0.8449718E-0003  -0.2701718E-0003  -0.3713581E-0002  -0.8155195E+0001
     7.63600   0.1330027E+0001   0.3095537E+0000   0.4264821E+0001  -0.8460500E-0003  -0.2695421E-0003  -0.3700602E-0002  -0.8155162E+0001
     7.64000   0.1331266E+0001   0.3097393E+0000   0.4264808E+0001  -0.8471250E-0003  -0.2687620E-0003  -0.3684871E-0002  -0.8155133E+0001
     7.64400   0.1332505E+0001   0.3099726E+0000   0.4264797E+0001  -0.8481963E-0003  -0.2678218E-0003  -0.3666307E-0002  -0.8155109E+0001
     7.64800   0.1333746E+0001   0.3102493E+0000   0.4264789E+0001  -0.8492631E-0003  -0.2667112E-0003  -0.3644851E-0002  -0.8155089E+0001
     7.65200   0.1334989E+0001   0.3105633E+0000   0.4264782E+0001  -0.8503248E-0003  -0.2654192E-0003  -0.3620463E-0002  -0.8155075E+0001
     7.65600   0.1336232E+0001   0.3109069E+0000   0.4264778E+0001  -0.8513806E-0003  -0.2639354E-0003  -0.3593121E-0002  -0.8155066E+0001
     7.66000   0.1337477E+0001   0.3112714E+0000   0.4264776E+0001  -0.8524296E-0003  -0.2622495E-0003  -0.3562826E-0002  -0.8155062E+0001
     7.66400   0.1338724E+0001   0.3116469E+0000   0.4264777E+0001  -0.8534710E-0003  -0.2603521E-0003  -0.3529598E-0002  -0.8155063E+0001
     7.66800   0.1339972E+0001   0.3120232E+0000   0.4264780E+0001  -0.8545039E-0003  -0.2582354E-0003  -0.3493478E-0002  -0.8155069E+0001
     7.67200   0.1341222E+0001   0.3123899E+0000   0.4264785E+0001  -0.8555275E-0003  -0.2558930E-0003  -0.3454521E-0002  -0.8155081E+0001
     7.67600   0.1342473E+0001   0.3127370E+0000   0.4264793E+0001  -0.8565408E-0003  -0.2533203E-0003  -0.3412801E-0002  -0.8155098E+0001
     7.68000   0.1343725E+0001   0.3130552E+0000   0.4264803E+0001  -0.8575428E-0003  -0.2505151E-0003  -0.3368401E-0002  -0.8155120E+0001
     7.68400   0.1344978E+0001   0.3133361E+0000   0.4264815E+0001  -0.8585327E-0003  -0.2474772E-0003  -0.3321415E-0002  -0.8155147E+0001
     7.68800   0.1346232E+0001   0.3135728E+0000   0.4264829E+0001  -0.8595096E-0003  -0.2442088E-0003  -0.3271943E-0002  -0.8155179E+0001
     7.69200   0.1347488E+0001   0.3137602E+0000   0.4264846E+0001  -0.8604724E-0003  -0.2407143E-0003  -0.3220086E-0002  -0.8155216E+0001
     7.69600   0.1348743E+0001   0.3138948E+0000   0.4264864E+0001  -0.8614204E-0003  -0.2370000E-0003  -0.3165947E-0002  -0.8155257E+0001
     7.70000   0.1349999E+0001   0.3139753E+0000   0.4264885E+0001  -0.8623527E-0003  -0.2330741E-0003  -0.3109621E-0002  -0.8155303E+0001
     7.70400   0.1351255E+0001   0.3140026E+0000   0.4264907E+0001  -0.8632685E-0003  -0.2289462E-0003  -0.3051198E-0002  -0.8155352E+0001
     7.70800   0.1352511E+0001   0.3139793E+0000   0.4264931E+0001  -0.8641670E-0003  -0.2246269E-0003  -0.2990755E-0002  -0.8155405E+0001
     7.71200   0.1353767E+0001   0.3139103E+0000   0.4264957E+0001  -0.8650475E-0003  -0.2201275E-0003  -0.2928358E-0002  -0.8155462E+0001
     7.71600   0.1355022E+0001   0.3138020E+0000   0.4264984E+0001  -0.8659094E-0003  -0.2154593E-0003  -0.2864056E-0002  -0.8155522E+0001
     7.72000   0.1356276E+0001   0.3136625E+0000   0.4265012E+0001  -0.8667519E-0003  -0.2106332E-0003  -0.2797883E-0002  -0.8155585E+0001
     7.72400   0.1357530E+0001   0.3135009E+0000   0.4265042E+0001  -0.8675745E-0003  -0.2056591E-0003  -0.2729852E-0002  -0.8155650E+0001
     7.72800   0.1358784E+0001   0.3133272E+0000   0.4265072E+0001  -0.8683767E-0003  -0.2005459E-0003  -0.2659961E-0002  -0.8155718E+0001
     7.73200   0.1360036E+0001   0.3131515E+0000   0.4265104E+0001  -0.8691579E-0003  -0.1953005E-0003  -0.2588186E-0002  -0.8155788E+0001
     7.73600   0.1361288E+0001   0.3129843E+0000   0.4265136E+0001  -0.8699176E-0003  -0.1899277E-0003  -0.2514487E-0002  -0.8155860E+0001
     7.74000   0.1362540E+0001   0.3128352E+0000   0.4265169E+0001  -0.8706553E-0003  -0.1844302E-0003  -0.2438806E-0002  -0.8155933E+0001
     7.74400   0.1363790E+0001   0.3127133E+0000   0.4265202E+0001  -0.8713706E-0003  -0.1788081E-0003  -0.2361069E-0002  -0.8156006E+0001
     7.74800   0.1365041E+0001   0.3126263E+0000   0.4265236E+0001  -0.8720628E-0003  -0.1730592E-0003  -0.2281190E-0002  -0.8156080E+0001
     7.75200   0.1366291E+0001   0.3125807E+0000   0.4265269E+0001  -0.8727315E-0003  -0.1671786E-0003  -0.2199071E-0002  -0.8156155E+0001
     7.75600   0.1367542E+0001   0.3125812E+0000   0.4265302E+0001  -0.8733762E-0003  -0.1611594E-0003  -0.2114603E-0002  -0.8156229E+0001
     7.76000   0.1368792E+0001   0.3126308E+0000   0.4265335E+0001  -0.8739961E-0003  -0.1549926E-0003  -0.2027676E-0002  -0.8156302E+0001
     7.76400   0.1370043E+0001   0.3127308E+0000   0.4265368E+0001  -0.8745908E-0003  -0.1486675E-0003  -0.1938176E-0002  -0.8156375E+0001
     7.76800   0.1371295E+0001   0.3128805E+0000   0.4265400E+0001  -0.8751595E-0003  -0.1421724E-0003  -0.1845989E-0002  -0.8156446E+0001
     7.77200   0.1372547E+0001   0.3130778E+0000   0.4265431E+0001  -0.8757015E-0003  -0.1354945E-0003  -0.1751008E-0002  -0.8156515E+0001
     7.77600   0.1373800E+0001   0.3133189E+0000   0.4265462E+0001  -0.8762160E-0003  -0.1286210E-0003  -0.1653134E-0002  -0.8156582E+0001
     7.78000   0.1375055E+0001   0.3135990E+0000   0.4265491E+0001  -0.8767021E-0003  -0.1215393E-0003  -0.1552281E-0002  -0.8156648E+0001
     7.78400   0.1376310E+0001   0.3139121E+0000   0.4265519E+0001  -0.8771591E-0003  -0.1142377E-0003  -0.1448378E-0002  -0.8156710E+0001
     7.78800   0.1377567E+0001   0.3142513E+0000   0.4265546E+0001  -0.8775859E-0003  -0.1067056E-0003  -0.1341374E-0002  -0.8156771E+0001
     7.79200   0.1378826E+0001   0.3146097E+0000   0.4265572E+0001  -0.8779816E-0003  -0.9893437E-0004  -0.1231239E-0002  -0.8156828E+0001
     7.79600   0.1380086E+0001   0.3149798E+0000   0.4265597E+0001  -0.8783453E-0003  -0.9091751E-0004  -0.1117968E-0002  -0.8156884E+0001
     7.80000   0.1381347E+0001   0.3153544E+0000   0.4265621E+0001  -0.8786759E-0003  -0.8265107E-0004  -0.1001586E-0002  -0.8156936E+0001
     7.80400   0.1382610E+0001   0.3157266E+0000   0.4265644E+0001  -0.8789724E-0003  -0.7413391E-0004  -0.8821413E-0003  -0.8156986E+0001
     7.80800   0.1383874E+0001   0.3160901E+0000   0.4265665E+0001  -0.8792339E-0003  -0.6536789E-0004  -0.7597168E-0003  -0.8157034E+0001
     7.81200   0.1385140E+0001   0.3164394E+0000   0.4265686E+0001  -0.8794593E-0003  -0.5635799E-0004  -0.6344234E-0003  -0.8157080E+0001
     7.81600   0.1386407E+0001   0.3167699E+0000   0.4265706E+0001  -0.8796478E-0003  -0.4711229E-0004  -0.5064030E-0003  -0.8157124E+0001
     7.82000   0.1387675E+0001   0.3170781E+0000   0.4265725E+0001  -0.8797984E-0003  -0.3764191E-0004  -0.3758272E-0003  -0.8157166E+0001
     7.82400   0.1388945E+0001   0.3173615E+0000   0.4265743E+0001  -0.8799102E-0003  -0.2796081E-0004  -0.2428960E-0003  -0.8157208E+0001
     7.82800   0.1390215E+0001   0.3176190E+0000   0.4265761E+0001  -0.8799825E-0003  -0.1808556E-0004  -0.1078357E-0003  -0.8157248E+0001
     7.83200   0.1391487E+0001   0.3178502E+0000   0.4265779E+0001  -0.8800147E-0003  -0.8035051E-0005   0.2910314E-0004  -0.8157287E+0001
     7.83600   0.1392759E+0001   0.3180563E+0000   0.4265797E+0001  -0.8800060E-0003   0.2169929E-0005   0.1676492E-0003  -0.8157327E+0001
     7.84000   0.1394032E+0001   0.3182392E+0000   0.4265815E+0001  -0.8799560E-0003   0.1250705E-0004   0.3075136E-0003  -0.8157366E+0001
     7.84400   0.1395306E+0001   0.3184018E+0000   0.4265833E+0001  -0.8798642E-0003   0.2295292E-0004   0.4483942E-0003  -0.8157406E+0001
     7.84800   0.1396580E+0001   0.3185477E+0000   0.4265851E+0001  -0.8797302E-0003   0.3348349E-0004   0.5899796E-0003  -0.8157448E+0001
     7.85200   0.1397854E+0001   0.3186814E+0000   0.4265870E+0001  -0.8795539E-0003   0.4407456E-0004   0.7319539E-0003  -0.8157490E+0001
     7.85600   0.1399130E+0001   0.3188073E+0000   0.4265890E+0001  -0.8793351E-0003   0.5470215E-0004   0.8740018E-0003  -0.8157534E+0001
     7.86000   0.1400405E+0001   0.3189307E+0000   0.4265911E+0001  -0.8790737E-0003   0.6534298E-0004   0.1015813E-0002  -0.8157580E+0001
     7.86400   0.1401682E+0001   0.3190564E+0000   0.4265932E+0001  -0.8787698E-0003   0.7597478E-0004   0.1157088E-0002  -0.8157628E+0001
     7.86800   0.1402958E+0001   0.3191894E+0000   0.4265955E+0001  -0.8784235E-0003   0.8657667E-0004   0.1297542E-0002  -0.8157678E+0001
     7.87200   0.1404236E+0001   0.3193343E+0000   0.4265979E+0001  -0.8780350E-0003   0.9712943E-0004   0.1436912E-0002  -0.8157731E+0001
     7.87600   0.1405514E+0001   0.3194954E+0000   0.4266004E+0001  -0.8776046E-0003   0.1076158E-0003   0.1574956E-0002  -0.8157787E+0001
     7.88000   0.1406792E+0001   0.3196763E+0000   0.4266030E+0001  -0.8771325E-0003   0.1180205E-0003   0.1711464E-0002  -0.8157846E+0001
     7.88400   0.1408072E+0001   0.3198799E+0000   0.4266058E+0001  -0.8766192E-0003   0.1283308E-0003   0.1846258E-0002  -0.8157908E+0001
     7.88800   0.1409352E+0001   0.3201086E+0000   0.4266087E+0001  -0.8760650E-0003   0.1385361E-0003   0.1979192E-0002  -0.8157973E+0001
     7.89200   0.1410634E+0001   0.3203637E+0000   0.4266118E+0001  -0.8754705E-0003   0.1486283E-0003   0.2110162E-0002  -0.8158041E+0001
     7.89600   0.1411916E+0001   0.3206461E+0000   0.4266149E+0001  -0.8748361E-0003   0.1586021E-0003   0.2239099E-0002  -0.8158111E+0001
     7.90000   0.1413200E+0001   0.3209556E+0000   0.4266182E+0001  -0.8741623E-0003   0.1684543E-0003   0.2365975E-0002  -0.8158185E+0001
     7.90400   0.1414485E+0001   0.3212916E+0000   0.4266216E+0001  -0.8734495E-0003   0.1781846E-0003   0.2490802E-0002  -0.8158261E+0001
     7.90800   0.1415772E+0001   0.3216527E+0000   0.4266252E+0001  -0.8726984E-0003   0.1877948E-0003   0.2613630E-0002  -0.8158339E+0001
     7.91200   0.1417060E+0001   0.3220371E+0000   0.4266288E+0001  -0.8719092E-0003   0.1972893E-0003   0.2734545E-0002  -0.8158419E+0001
     7.91600   0.1418350E+0001   0.3224427E+0000   0.4266325E+0001  -0.8710825E-0003   0.2066748E-0003   0.2853666E-0002  -0.8158502E+0001
     7.92000   0.1419641E+0001   0.3228670E+0000   0.4266362E+0001  -0.8702187E-0003   0.2159598E-0003   0.2971143E-0002  -0.8158586E+0001
     7.92400   0.1420935E+0001   0.3233074E+0000   0.4266401E+0001  -0.8693180E-0003   0.2251549E-0003   0.3087151E-0002  -0.8158671E+0001
     7.92800   0.1422230E+0001   0.3237614E+0000   0.4266439E+0001  -0.8683809E-0003   0.2342725E-0003   0.3201888E-0002  -0.8158757E+0001
     7.93200   0.1423527E+0001   0.3242266E+0000   0.4266479E+0001  -0.8674076E-0003   0.2433264E-0003   0.3315569E-0002  -0.8158844E+0001
     7.93600   0.1424825E+0001   0.3247008E+0000   0.4266518E+0001  -0.8663983E-0003   0.2523317E-0003   0.3428419E-0002  -0.8158932E+0001
     7.94000   0.1426126E+0001   0.3251820E+0000   0.4266557E+0001  -0.8653531E-0003   0.2613045E-0003   0.3540672E-0002  -0.8159020E+0001
     7.94400   0.1427429E+0001   0.3256688E+0000   0.4266597E+0001  -0.8642721E-0003   0.2702615E-0003   0.3652567E-0002  -0.8159108E+0001
     7.94800   0.1428733E+0001   0.3261598E+0000   0.4266636E+0001  -0.8631552E-0003   0.2792203E-0003   0.3764338E-0002  -0.8159196E+0001
     7.95200   0.1430040E+0001   0.3266544E+0000   0.4266675E+0001  -0.8620024E-0003   0.2881983E-0003   0.3876217E-0002  -0.8159283E+0001
     7.95600   0.1431349E+0001   0.3271521E+0000   0.4266714E+0001  -0.8608135E-0003   0.2972133E-0003   0.3988429E-0002  -0.8159370E+0001
     7.96000   0.1432659E+0001   0.3276529E+0000   0.4266753E+0001  -0.8595884E-0003   0.3062826E-0003   0.4101187E-0002  -0.8159455E+0001
     7.96400   0.1433972E+0001   0.3281569E+0000   0.4266791E+0001  -0.8583267E-0003   0.3154232E-0003   0.4214696E-0002  -0.8159540E+0001
     7.96800   0.1435287E+0001   0.3286645E+0000   0.4266828E+0001  -0.8570281E-0003   0.3246516E-0003   0.4329143E-0002  -0.8159624E+0001
     7.97200   0.1436603E+0001   0.3291761E+0000   0.4266865E+0001  -0.8556922E-0003   0.3339835E-0003   0.4444708E-0002  -0.8159706E+0001
     7.97600   0.1437922E+0001   0.3296921E+0000   0.4266901E+0001  -0.8543184E-0003   0.3434336E-0003   0.4561552E-0002  -0.8159787E+0001
     7.98000   0.1439243E+0001   0.3302129E+0000   0.4266937E+0001  -0.8529064E-0003   0.3530158E-0003   0.4679827E-0002  -0.8159866E+0001
     7.98400   0.1440566E+0001   0.3307387E+0000   0.4266971E+0001  -0.8514554E-0003   0.3627426E-0003   0.4799669E-0002  -0.8159943E+0001
     7.98800   0.1441891E+0001   0.3312691E+0000   0.4267005E+0001  -0.8499649E-0003   0.3726254E-0003   0.4921202E-0002  -0.8160017E+0001
     7.99200   0.1443218E+0001   0.3318039E+0000   0.4267037E+0001  -0.8484342E-0003   0.3826745E-0003   0.5044540E-0002  -0.8160090E+0001
     7.99600   0.1444548E+0001   0.3323420E+0000   0.4267069E+0001  -0.8468626E-0003   0.3928985E-0003   0.5169783E-0002  -0.8160160E+0001
     8.00000   0.1445879E+0001   0.3328823E+0000   0.4267099E+0001  -0.8452494E-0003   0.4033048E-0003   0.5297019E-0002  -0.8160227E+0001
     8.00400   0.1447213E+0001   0.3334233E+0000   0.4267128E+0001  -0.8435938E-0003   0.4138994E-0003   0.5426328E-0002  -0.8160291E+0001
     8.00800   0.1448549E+0001   0.3339631E+0000   0.4267155E+0001  -0.8418950E-0003   0.4246869E-0003   0.5557773E-0002  -0.8160353E+0001
     8.01200   0.1449887E+0001   0.3344997E+0000   0.4267181E+0001  -0.8401524E-0003   0.4356705E-0003   0.5691411E-0002  -0.8160411E+0001
     8.01600   0.1451227E+0001   0.3350309E+0000   0.4267205E+0001  -0.8383649E-0003   0.4468521E-0003   0.5827282E-0002  -0.8160465E+0001
     8.02000   0.1452569E+0001   0.3355547E+0000   0.4267228E+0001  -0.8365320E-0003   0.4582325E-0003   0.5965415E-0002  -0.8160516E+0001
     8.02400   0.1453913E+0001   0.3360692E+0000   0.4267249E+0001  -0.8346528E-0003   0.4698114E-0003   0.6105824E-0002  -0.8160563E+0001
     8.02800   0.1455259E+0001   0.3365727E+0000   0.4267268E+0001  -0.8327264E-0003   0.4815875E-0003   0.6248509E-0002  -0.8160606E+0001
     8.03200   0.1456608E+0001   0.3370639E+0000   0.4267285E+0001  -0.8307522E-0003   0.4935586E-0003   0.6393451E-0002  -0.8160645E+0001
     8.03600   0.1457958E+0001   0.3375422E+0000   0.4267301E+0001  -0.8287293E-0003   0.5057219E-0003   0.6540616E-0002  -0.8160680E+0001
     8.04000   0.1459310E+0001   0.3380073E+0000   0.4267315E+0001  -0.8266570E-0003   0.5180736E-0003   0.6689946E-0002  -0.8160711E+0001
     8.04400   0.1460664E+0001   0.3384596E+0000   0.4267326E+0001  -0.8245346E-0003   0.5306093E-0003   0.6841367E-0002  -0.8160738E+0001
     8.04800   0.1462019E+0001   0.3389002E+0000   0.4267337E+0001  -0.8223613E-0003   0.5433240E-0003   0.6994778E-0002  -0.8160761E+0001
     8.05200   0.1463377E+0001   0.3393306E+0000   0.4267345E+0001  -0.8201364E-0003   0.5562116E-0003   0.7150054E-0002  -0.8160780E+0001
     8.05600   0.1464736E+0001   0.3397526E+0000   0.4267352E+0001  -0.8178594E-0003   0.5692648E-0003   0.7307044E-0002  -0.8160796E+0001
     8.06000   0.1466096E+0001   0.3401685E+0000   0.4267357E+0001  -0.8155295E-0003   0.5824752E-0003   0.7465567E-0002  -0.8160808E+0001
     8.06400   0.1467459E+0001   0.3405808E+0000   0.4267360E+0001  -0.8131461E-0003   0.5958322E-0003   0.7625414E-0002  -0.8160816E+0001
     8.06800   0.1468823E+0001   0.3409915E+0000   0.4267363E+0001  -0.8107088E-0003   0.6093232E-0003   0.7786343E-0002  -0.8160822E+0001
     8.07200   0.1470188E+0001   0.3414028E+0000   0.4267364E+0001  -0.8082171E-0003   0.6229327E-0003   0.7948082E-0002  -0.8160825E+0001
     8.07600   0.1471556E+0001   0.3418162E+0000   0.4267364E+0001  -0.8056705E-0003   0.6366421E-0003   0.8110323E-0002  -0.8160825E+0001
     8.08000   0.1472924E+0001   0.3422325E+0000   0.4267362E+0001  -0.8030688E-0003   0.6504287E-0003   0.8272726E-0002  -0.8160823E+0001
     8.08400   0.1474295E+0001   0.3426515E+0000   0.4267360E+0001  -0.8004118E-0003   0.6642656E-0003   0.8434919E-0002  -0.8160819E+0001
     8.08800   0.1475667E+0001   0.3430723E+0000   0.4267357E+0001  -0.7976993E-0003   0.6781212E-0003   0.8596497E-0002  -0.8160814E+0001
     8.09200   0.1477041E+0001   0.3434926E+0000   0.4267354E+0001  -0.7949314E-0003   0.6919583E-0003   0.8757021E-0002  -0.8160807E+0001
     8.09600   0.1478417E+0001   0.3439091E+0000   0.4267350E+0001  -0.7921085E-0003   0.7057345E-0003   0.8916023E-0002  -0.8160799E+0001
     8.10000   0.1479794E+0001   0.3443171E+0000   0.4267346E+0001  -0.7892309E-0003   0.7194017E-0003   0.9073006E-0002  -0.8160790E+0001
     8.10400   0.1481173E+0001   0.3447108E+0000   0.4267342E+0001  -0.7862993E-0003   0.7329060E-0003   0.9227445E-0002  -0.8160781E+0001
     8.10800   0.1482553E+0001   0.3450836E+0000   0.4267337E+0001  -0.7833145E-0003   0.7461882E-0003   0.9378790E-0002  -0.8160772E+0001
     8.11200   0.1483935E+0001   0.3454275E+0000   0.4267333E+0001  -0.7802778E-0003   0.7591836E-0003   0.9526467E-0002  -0.8160763E+0001
     8.11600   0.1485318E+0001   0.3457342E+0000   0.4267328E+0001  -0.7771905E-0003   0.7718229E-0003   0.9669878E-0002  -0.8160754E+0001
     8.12000   0.1486702E+0001   0.3459945E+0000   0.4267324E+0001  -0.7740544E-0003   0.7840326E-0003   0.9808408E-0002  -0.8160746E+0001
     8.12400   0.1488087E+0001   0.3461991E+0000   0.4267321E+0001  -0.7708714E-0003   0.7957357E-0003   0.9941422E-0002  -0.8160739E+0001
     8.12800   0.1489472E+0001   0.3463387E+0000   0.4267318E+0001  -0.7676440E-0003   0.8068527E-0003   0.1006827E-0001  -0.8160733E+0001
     8.13200   0.1490858E+0001   0.3464041E+0000   0.4267316E+0001  -0.7643748E-0003   0.8173021E-0003   0.1018827E-0001  -0.8160729E+0001
     8.13600   0.1492243E+0001   0.3463863E+0000   0.4267315E+0001  -0.7610668E-0003   0.8270018E-0003   0.1030075E-0001  -0.8160727E+0001
     8.14000   0.1493628E+0001   0.3462774E+0000   0.4267314E+0001  -0.7577233E-0003   0.8358695E-0003   0.1040502E-0001  -0.8160727E+0001
     8.14400   0.1495013E+0001   0.3460699E+0000   0.4267315E+0001  -0.7543480E-0003   0.8438243E-0003   0.1050035E-0001  -0.8160729E+0001
     8.14800   0.1496396E+0001   0.3457575E+0000   0.4267317E+0001  -0.7509449E-0003   0.8507865E-0003   0.1058603E-0001  -0.8160734E+0001
     8.15200   0.1497777E+0001   0.3453348E+0000   0.4267320E+0001  -0.7475182E-0003   0.8566796E-0003   0.1066132E-0001  -0.8160742E+0001
     8.15600   0.1499156E+0001   0.3447977E+0000   0.4267325E+0001  -0.7440724E-0003   0.8614297E-0003   0.1072547E-0001  -0.8160753E+0001
     8.16000   0.1500533E+0001   0.3441430E+0000   0.4267332E+0001  -0.7406126E-0003   0.8649672E-0003   0.1077774E-0001  -0.8160768E+0001
     8.16400   0.1501906E+0001   0.3433690E+0000   0.4267341E+0001  -0.7371437E-0003   0.8672263E-0003   0.1081737E-0001  -0.8160787E+0001
     8.16800   0.1503276E+0001   0.3424745E+0000   0.4267351E+0001  -0.7336711E-0003   0.8681459E-0003   0.1084360E-0001  -0.8160811E+0001
     8.17200   0.1504642E+0001   0.3414595E+0000   0.4267364E+0001  -0.7302004E-0003   0.8676695E-0003   0.1085566E-0001  -0.8160839E+0001
     8.17600   0.1506003E+0001   0.3403248E+0000   0.4267378E+0001  -0.7267374E-0003   0.8657458E-0003   0.1085281E-0001  -0.8160872E+0001
     8.18000   0.1507360E+0001   0.3390715E+0000   0.4267396E+0001  -0.7232881E-0003   0.8623280E-0003   0.1083430E-0001  -0.8160910E+0001
     8.18400   0.1508710E+0001   0.3377014E+0000   0.4267415E+0001  -0.7198586E-0003   0.8573747E-0003   0.1079939E-0001  -0.8160954E+0001
     8.18800   0.1510055E+0001   0.3362160E+0000   0.4267438E+0001  -0.7164552E-0003   0.8508493E-0003   0.1074737E-0001  -0.8161003E+0001
     8.19200   0.1511394E+0001   0.3346173E+0000   0.4267463E+0001  -0.7130843E-0003   0.8427207E-0003   0.1067757E-0001  -0.8161058E+0001
     8.19600   0.1512725E+0001   0.3329068E+0000   0.4267490E+0001  -0.7097525E-0003   0.8329626E-0003   0.1058934E-0001  -0.8161119E+0001
     8.20000   0.1514050E+0001   0.3310855E+0000   0.4267521E+0001  -0.7064663E-0003   0.8215544E-0003   0.1048205E-0001  -0.8161186E+0001
     8.20400   0.1515366E+0001   0.3291541E+0000   0.4267554E+0001  -0.7032323E-0003   0.8084813E-0003   0.1035516E-0001  -0.8161259E+0001
     8.20800   0.1516675E+0001   0.3271126E+0000   0.4267590E+0001  -0.7000574E-0003   0.7937344E-0003   0.1020816E-0001  -0.8161338E+0001
     8.21200   0.1517975E+0001   0.3249601E+0000   0.4267629E+0001  -0.6969481E-0003   0.7773114E-0003   0.1004061E-0001  -0.8161423E+0001
     8.21600   0.1519265E+0001   0.3226953E+0000   0.4267670E+0001  -0.6939113E-0003   0.7592176E-0003   0.9852135E-0002  -0.8161514E+0001
     8.22000   0.1520547E+0001   0.3203160E+0000   0.4267714E+0001  -0.6909534E-0003   0.7394658E-0003   0.9642434E-0002  -0.8161611E+0001
     8.22400   0.1521818E+0001   0.3178192E+0000   0.4267760E+0001  -0.6880811E-0003   0.7180778E-0003   0.9411291E-0002  -0.8161713E+0001
     8.22800   0.1523079E+0001   0.3152017E+0000   0.4267809E+0001  -0.6853008E-0003   0.6950848E-0003   0.9158575E-0002  -0.8161821E+0001
     8.23200   0.1524329E+0001   0.3124599E+0000   0.4267860E+0001  -0.6826187E-0003   0.6705284E-0003   0.8884244E-0002  -0.8161933E+0001
     8.23600   0.1525567E+0001   0.3095897E+0000   0.4267913E+0001  -0.6800408E-0003   0.6444612E-0003   0.8588349E-0002  -0.8162049E+0001
     8.24000   0.1526793E+0001   0.3065875E+0000   0.4267968E+0001  -0.6775730E-0003   0.6169479E-0003   0.8271038E-0002  -0.8162169E+0001
     8.24400   0.1528007E+0001   0.3034496E+0000   0.4268024E+0001  -0.6752208E-0003   0.5880652E-0003   0.7932555E-0002  -0.8162292E+0001
     8.24800   0.1529208E+0001   0.3001732E+0000   0.4268081E+0001  -0.6729891E-0003   0.5579024E-0003   0.7573247E-0002  -0.8162417E+0001
     8.25200   0.1530395E+0001   0.2967563E+0000   0.4268139E+0001  -0.6708829E-0003   0.5265618E-0003   0.7193557E-0002  -0.8162544E+0001
     8.25600   0.1531568E+0001   0.2931977E+0000   0.4268197E+0001  -0.6689063E-0003   0.4941578E-0003   0.6794034E-0002  -0.8162673E+0001
     8.26000   0.1532726E+0001   0.2894978E+0000   0.4268256E+0001  -0.6670630E-0003   0.4608171E-0003   0.6375326E-0002  -0.8162802E+0001
     8.26400   0.1533868E+0001   0.2856586E+0000   0.4268314E+0001  -0.6653563E-0003   0.4266770E-0003   0.5938183E-0002  -0.8162930E+0001
     8.26800   0.1534995E+0001   0.2816837E+0000   0.4268372E+0001  -0.6637887E-0003   0.3918852E-0003   0.5483456E-0002  -0.8163057E+0001
     8.27200   0.1536105E+0001   0.2775785E+0000   0.4268429E+0001  -0.6623624E-0003   0.3565972E-0003   0.5012101E-0002  -0.8163182E+0001
     8.27600   0.1537199E+0001   0.2733506E+0000   0.4268484E+0001  -0.6610785E-0003   0.3209754E-0003   0.4525174E-0002  -0.8163303E+0001
     8.28000   0.1538275E+0001   0.2690093E+0000   0.4268538E+0001  -0.6599377E-0003   0.2851864E-0003   0.4023835E-0002  -0.8163422E+0001
     8.28400   0.1539333E+0001   0.2645660E+0000   0.4268589E+0001  -0.6589401E-0003   0.2493992E-0003   0.3509347E-0002  -0.8163535E+0001
     8.28800   0.1540373E+0001   0.2600342E+0000   0.4268638E+0001  -0.6580850E-0003   0.2137826E-0003   0.2983078E-0002  -0.8163643E+0001
     8.29200   0.1541395E+0001   0.2554287E+0000   0.4268684E+0001  -0.6573710E-0003   0.1785028E-0003   0.2446499E-0002  -0.8163745E+0001
     8.29600   0.1542398E+0001   0.2507663E+0000   0.4268727E+0001  -0.6567961E-0003   0.1437210E-0003   0.1901187E-0002  -0.8163840E+0001
     8.30000   0.1543382E+0001   0.2460650E+0000   0.4268767E+0001  -0.6563577E-0003   0.1095913E-0003   0.1348822E-0002  -0.8163927E+0001
     8.30400   0.1544348E+0001   0.2413439E+0000   0.4268803E+0001  -0.6560527E-0003   0.7625855E-0004   0.7911884E-0003  -0.8164006E+0001
     8.30800   0.1545294E+0001   0.2366230E+0000   0.4268834E+0001  -0.6558773E-0003   0.4385619E-0004   0.2301704E-0003  -0.8164077E+0001
     8.31200   0.1546222E+0001   0.2319229E+0000   0.4268862E+0001  -0.6558272E-0003   0.1250501E-0004  -0.3322502E-0003  -0.8164138E+0001
     8.31600   0.1547131E+0001   0.2272644E+0000   0.4268885E+0001  -0.6558980E-0003  -0.1768823E-0004  -0.8939998E-0003  -0.8164189E+0001
     8.32000   0.1548022E+0001   0.2226681E+0000   0.4268904E+0001  -0.6560845E-0003  -0.4663166E-0004  -0.1452920E-0002  -0.8164231E+0001
     8.32400   0.1548894E+0001   0.2181544E+0000   0.4268918E+0001  -0.6563815E-0003  -0.7424879E-0004  -0.2006778E-0002  -0.8164263E+0001
     8.32800   0.1549749E+0001   0.2137432E+0000   0.4268927E+0001  -0.6567834E-0003  -0.1004786E-0003  -0.2553275E-0002  -0.8164284E+0001
     8.33200   0.1550587E+0001   0.2094532E+0000   0.4268932E+0001  -0.6572845E-0003  -0.1252754E-0003  -0.3090064E-0002  -0.8164295E+0001
     8.33600   0.1551408E+0001   0.2053023E+0000   0.4268932E+0001  -0.6578790E-0003  -0.1486080E-0003  -0.3614765E-0002  -0.8164296E+0001
     8.34000   0.1552213E+0001   0.2013070E+0000   0.4268927E+0001  -0.6585608E-0003  -0.1704589E-0003  -0.4124982E-0002  -0.8164287E+0001
     8.34400   0.1553003E+0001   0.1974822E+0000   0.4268918E+0001  -0.6593241E-0003  -0.1908232E-0003  -0.4618325E-0002  -0.8164268E+0001
     8.34800   0.1553779E+0001   0.1938413E+0000   0.4268905E+0001  -0.6601629E-0003  -0.2097070E-0003  -0.5092432E-0002  -0.8164240E+0001
     8.35200   0.1554540E+0001   0.1903962E+0000   0.4268888E+0001  -0.6610714E-0003  -0.2271261E-0003  -0.5544996E-0002  -0.8164203E+0001
     8.35600   0.1555289E+0001   0.1871569E+0000   0.4268867E+0001  -0.6620438E-0003  -0.2431041E-0003  -0.5973783E-0002  -0.8164159E+0001
     8.36000   0.1556025E+0001   0.1841317E+0000   0.4268843E+0001  -0.6630745E-0003  -0.2576709E-0003  -0.6376667E-0002  -0.8164106E+0001
     8.36400   0.1556751E+0001   0.1813272E+0000   0.4268816E+0001  -0.6641580E-0003  -0.2708611E-0003  -0.6751650E-0002  -0.8164047E+0001
     8.36800   0.1557466E+0001   0.1787484E+0000   0.4268786E+0001  -0.6652888E-0003  -0.2827122E-0003  -0.7096889E-0002  -0.8163982E+0001
     8.37200   0.1558171E+0001   0.1763984E+0000   0.4268754E+0001  -0.6664619E-0003  -0.2932637E-0003  -0.7410723E-0002  -0.8163912E+0001
     8.37600   0.1558868E+0001   0.1742792E+0000   0.4268720E+0001  -0.6676721E-0003  -0.3025555E-0003  -0.7691693E-0002  -0.8163837E+0001
     8.38000   0.1559558E+0001   0.1723910E+0000   0.4268684E+0001  -0.6689146E-0003  -0.3106269E-0003  -0.7938570E-0002  -0.8163760E+0001
     8.38400   0.1560241E+0001   0.1707330E+0000   0.4268648E+0001  -0.6701847E-0003  -0.3175160E-0003  -0.8150369E-0002  -0.8163680E+0001
     8.38800   0.1560918E+0001   0.1693027E+0000   0.4268611E+0001  -0.6714777E-0003  -0.3232592E-0003  -0.8326369E-0002  -0.8163598E+0001
     8.39200   0.1561591E+0001   0.1680970E+0000   0.4268574E+0001  -0.6727893E-0003  -0.3278907E-0003  -0.8466125E-0002  -0.8163516E+0001
     8.39600   0.1562259E+0001   0.1671115E+0000   0.4268537E+0001  -0.6741150E-0003  -0.3314425E-0003  -0.8569484E-0002  -0.8163435E+0001
     8.40000   0.1562924E+0001   0.1663407E+0000   0.4268501E+0001  -0.6754508E-0003  -0.3339445E-0003  -0.8636586E-0002  -0.8163355E+0001
     8.40400   0.1563587E+0001   0.1657787E+0000   0.4268466E+0001  -0.6767925E-0003  -0.3354250E-0003  -0.8667872E-0002  -0.8163277E+0001
     8.40800   0.1564249E+0001   0.1654183E+0000   0.4268432E+0001  -0.6781362E-0003  -0.3359110E-0003  -0.8664080E-0002  -0.8163202E+0001
     8.41200   0.1564910E+0001   0.1652518E+0000   0.4268400E+0001  -0.6794779E-0003  -0.3354288E-0003  -0.8626243E-0002  -0.8163131E+0001
     8.41600   0.1565571E+0001   0.1652708E+0000   0.4268370E+0001  -0.6808139E-0003  -0.3340048E-0003  -0.8555681E-0002  -0.8163064E+0001
     8.42000   0.1566233E+0001   0.1654661E+0000   0.4268342E+0001  -0.6821406E-0003  -0.3316665E-0003  -0.8453986E-0002  -0.8163002E+0001
     8.42400   0.1566896E+0001   0.1658279E+0000   0.4268317E+0001  -0.6834543E-0003  -0.3284428E-0003  -0.8323007E-0002  -0.8162945E+0001
     8.42800   0.1567562E+0001   0.1663455E+0000   0.4268295E+0001  -0.6847518E-0003  -0.3243655E-0003  -0.8164831E-0002  -0.8162895E+0001
     8.43200   0.1568230E+0001   0.1670078E+0000   0.4268275E+0001  -0.6860297E-0003  -0.3194695E-0003  -0.7981759E-0002  -0.8162850E+0001
     8.43600   0.1568901E+0001   0.1678027E+0000   0.4268258E+0001  -0.6872849E-0003  -0.3137943E-0003  -0.7776279E-0002  -0.8162812E+0001
     8.44000   0.1569576E+0001   0.1687176E+0000   0.4268245E+0001  -0.6885144E-0003  -0.3073843E-0003  -0.7551039E-0002  -0.8162781E+0001
     8.44400   0.1570255E+0001   0.1697393E+0000   0.4268234E+0001  -0.6897155E-0003  -0.3002893E-0003  -0.7308814E-0002  -0.8162756E+0001
     8.44800   0.1570938E+0001   0.1708537E+0000   0.4268226E+0001  -0.6908858E-0003  -0.2925654E-0003  -0.7052472E-0002  -0.8162738E+0001
     8.45200   0.1571626E+0001   0.1720462E+0000   0.4268222E+0001  -0.6920229E-0003  -0.2842753E-0003  -0.6784947E-0002  -0.8162727E+0001
     8.45600   0.1572320E+0001   0.1733018E+0000   0.4268220E+0001  -0.6931249E-0003  -0.2754879E-0003  -0.6509196E-0002  -0.8162723E+0001
     8.46000   0.1573018E+0001   0.1746048E+0000   0.4268221E+0001  -0.6941900E-0003  -0.2662789E-0003  -0.6228168E-0002  -0.8162725E+0001
     8.46400   0.1573722E+0001   0.1759393E+0000   0.4268226E+0001  -0.6952169E-0003  -0.2567298E-0003  -0.5944772E-0002  -0.8162733E+0001
     8.46800   0.1574431E+0001   0.1772893E+0000   0.4268232E+0001  -0.6962046E-0003  -0.2469280E-0003  -0.5661842E-0002  -0.8162747E+0001
     8.47200   0.1575146E+0001   0.1786385E+0000   0.4268242E+0001  -0.6971525E-0003  -0.2369653E-0003  -0.5382104E-0002  -0.8162767E+0001
     8.47600   0.1575865E+0001   0.1799710E+0000   0.4268253E+0001  -0.6980602E-0003  -0.2269372E-0003  -0.5108151E-0002  -0.8162791E+0001
     8.48000   0.1576590E+0001   0.1812711E+0000   0.4268266E+0001  -0.6989280E-0003  -0.2169413E-0003  -0.4842412E-0002  -0.8162821E+0001
     8.48400   0.1577321E+0001   0.1825237E+0000   0.4268282E+0001  -0.6997563E-0003  -0.2070759E-0003  -0.4587131E-0002  -0.8162854E+0001
     8.48800   0.1578055E+0001   0.1837145E+0000   0.4268298E+0001  -0.7005460E-0003  -0.1974384E-0003  -0.4344345E-0002  -0.8162890E+0001
     8.49200   0.1578795E+0001   0.1848302E+0000   0.4268316E+0001  -0.7012985E-0003  -0.1881232E-0003  -0.4115869E-0002  -0.8162929E+0001
     8.49600   0.1579538E+0001   0.1858585E+0000   0.4268335E+0001  -0.7020154E-0003  -0.1792204E-0003  -0.3903279E-0002  -0.8162970E+0001
     8.50000   0.1580285E+0001   0.1867889E+0000   0.4268354E+0001  -0.7026987E-0003  -0.1708135E-0003  -0.3707904E-0002  -0.8163013E+0001
     8.50400   0.1581036E+0001   0.1876122E+0000   0.4268374E+0001  -0.7033506E-0003  -0.1629781E-0003  -0.3530821E-0002  -0.8163056E+0001
     8.50800   0.1581789E+0001   0.1883210E+0000   0.4268393E+0001  -0.7039737E-0003  -0.1557801E-0003  -0.3372851E-0002  -0.8163099E+0001
     8.51200   0.1582545E+0001   0.1889099E+0000   0.4268412E+0001  -0.7045708E-0003  -0.1492751E-0003  -0.3234558E-0002  -0.8163141E+0001
     8.51600   0.1583302E+0001   0.1893752E+0000   0.4268430E+0001  -0.7051448E-0003  -0.1435065E-0003  -0.3116256E-0002  -0.8163181E+0001
     8.52000   0.1584061E+0001   0.1897156E+0000   0.4268447E+0001  -0.7056989E-0003  -0.1385058E-0003  -0.3018015E-0002  -0.8163219E+0001
     8.52400   0.1584821E+0001   0.1899315E+0000   0.4268463E+0001  -0.7062360E-0003  -0.1342915E-0003  -0.2939673E-0002  -0.8163254E+0001
     8.52800   0.1585581E+0001   0.1900256E+0000   0.4268478E+0001  -0.7067595E-0003  -0.1308698E-0003  -0.2880842E-0002  -0.8163286E+0001
     8.53200   0.1586341E+0001   0.1900023E+0000   0.4268490E+0001  -0.7072724E-0003  -0.1282346E-0003  -0.2840929E-0002  -0.8163314E+0001
     8.53600   0.1587100E+0001   0.1898679E+0000   0.4268501E+0001  -0.7077779E-0003  -0.1263681E-0003  -0.2819151E-0002  -0.8163337E+0001
     8.54000   0.1587859E+0001   0.1896304E+0000   0.4268509E+0001  -0.7082789E-0003  -0.1252423E-0003  -0.2814551E-0002  -0.8163355E+0001
     8.54400   0.1588616E+0001   0.1892994E+0000   0.4268515E+0001  -0.7087782E-0003  -0.1248194E-0003  -0.2826018E-0002  -0.8163369E+0001
     8.54800   0.1589372E+0001   0.1888855E+0000   0.4268518E+0001  -0.7092784E-0003  -0.1250538E-0003  -0.2852308E-0002  -0.8163377E+0001
     8.55200   0.1590125E+0001   0.1884007E+0000   0.4268520E+0001  -0.7097819E-0003  -0.1258930E-0003  -0.2892063E-0002  -0.8163379E+0001
     8.55600   0.1590877E+0001   0.1878574E+0000   0.4268518E+0001  -0.7102911E-0003  -0.1272796E-0003  -0.2943833E-0002  -0.8163376E+0001
     8.56000   0.1591626E+0001   0.1872686E+0000   0.4268515E+0001  -0.7108077E-0003  -0.1291520E-0003  -0.3006102E-0002  -0.8163368E+0001
     8.56400   0.1592372E+0001   0.1866475E+0000   0.4268509E+0001  -0.7113335E-0003  -0.1314466E-0003  -0.3077301E-0002  -0.8163355E+0001
     8.56800   0.1593116E+0001   0.1860073E+0000   0.4268500E+0001  -0.7118698E-0003  -0.1340985E-0003  -0.3155837E-0002  -0.8163337E+0001
     8.57200   0.1593858E+0001   0.1853606E+0000   0.4268490E+0001  -0.7124180E-0003  -0.1370429E-0003  -0.3240111E-0002  -0.8163315E+0001
     8.57600   0.1594597E+0001   0.1847194E+0000   0.4268478E+0001  -0.7129789E-0003  -0.1402161E-0003  -0.3328539E-0002  -0.8163289E+0001
     8.58000   0.1595333E+0001   0.1840948E+0000   0.4268465E+0001  -0.7135531E-0003  -0.1435562E-0003  -0.3419573E-0002  -0.8163259E+0001
     8.58400   0.1596067E+0001   0.1834969E+0000   0.4268450E+0001  -0.7141411E-0003  -0.1470039E-0003  -0.3511719E-0002  -0.8163226E+0001
     8.58800   0.1596799E+0001   0.1829344E+0000   0.4268434E+0001  -0.7147431E-0003  -0.1505029E-0003  -0.3603560E-0002  -0.8163191E+0001
     8.59200   0.1597528E+0001   0.1824144E+0000   0.4268418E+0001  -0.7153591E-0003  -0.1540005E-0003  -0.3693768E-0002  -0.8163154E+0001
     8.59600   0.1598256E+0001   0.1819427E+0000   0.4268401E+0001  -0.7159889E-0003  -0.1574481E-0003  -0.3781122E-0002  -0.8163116E+0001
     8.60000   0.1598982E+0001   0.1815235E+0000   0.4268383E+0001  -0.7166321E-0003  -0.1608009E-0003  -0.3864528E-0002  -0.8163078E+0001
     8.60400   0.1599707E+0001   0.1811591E+0000   0.4268366E+0001  -0.7172882E-0003  -0.1640187E-0003  -0.3943025E-0002  -0.8163039E+0001
     8.60800   0.1600430E+0001   0.1808505E+0000   0.4268349E+0001  -0.7179565E-0003  -0.1670658E-0003  -0.4015799E-0002  -0.8163002E+0001
     8.61200   0.1601153E+0001   0.1805970E+0000   0.4268332E+0001  -0.7186361E-0003  -0.1699115E-0003  -0.4082195E-0002  -0.8162965E+0001
     8.61600   0.1601874E+0001   0.1803966E+0000   0.4268316E+0001  -0.7193262E-0003  -0.1725297E-0003  -0.4141721E-0002  -0.8162929E+0001
     8.62000   0.1602595E+0001   0.1802458E+0000   0.4268301E+0001  -0.7200258E-0003  -0.1748998E-0003  -0.4194053E-0002  -0.8162896E+0001
     8.62400   0.1603316E+0001   0.1801401E+0000   0.4268287E+0001  -0.7207339E-0003  -0.1770065E-0003  -0.4239036E-0002  -0.8162865E+0001
     8.62800   0.1604036E+0001   0.1800742E+0000   0.4268274E+0001  -0.7214492E-0003  -0.1788401E-0003  -0.4276686E-0002  -0.8162836E+0001
     8.63200   0.1604756E+0001   0.1800416E+0000   0.4268262E+0001  -0.7221708E-0003  -0.1803965E-0003  -0.4307182E-0002  -0.8162810E+0001
     8.63600   0.1605477E+0001   0.1800357E+0000   0.4268252E+0001  -0.7228975E-0003  -0.1816773E-0003  -0.4330859E-0002  -0.8162788E+0001
     8.64000   0.1606197E+0001   0.1800492E+0000   0.4268243E+0001  -0.7236283E-0003  -0.1826901E-0003  -0.4348201E-0002  -0.8162767E+0001
     8.64400   0.1606917E+0001   0.1800747E+0000   0.4268235E+0001  -0.7243621E-0003  -0.1834481E-0003  -0.4359825E-0002  -0.8162750E+0001
     8.64800   0.1607637E+0001   0.1801050E+0000   0.4268229E+0001  -0.7250980E-0003  -0.1839698E-0003  -0.4366470E-0002  -0.8162736E+0001
     8.65200   0.1608358E+0001   0.1801328E+0000   0.4268224E+0001  -0.7258351E-0003  -0.1842789E-0003  -0.4368972E-0002  -0.8162725E+0001
     8.65600   0.1609079E+0001   0.1801513E+0000   0.4268220E+0001  -0.7265727E-0003  -0.1844037E-0003  -0.4368252E-0002  -0.8162715E+0001
     8.66000   0.1609799E+0001   0.1801543E+0000   0.4268217E+0001  -0.7273102E-0003  -0.1843765E-0003  -0.4365289E-0002  -0.8162709E+0001
     8.66400   0.1610520E+0001   0.1801360E+0000   0.4268214E+0001  -0.7280471E-0003  -0.1842328E-0003  -0.4361103E-0002  -0.8162704E+0001
     8.66800   0.1611240E+0001   0.1800913E+0000   0.4268213E+0001  -0.7287832E-0003  -0.1840107E-0003  -0.4356727E-0002  -0.8162700E+0001
     8.67200   0.1611960E+0001   0.1800163E+0000   0.4268212E+0001  -0.7295182E-0003  -0.1837494E-0003  -0.4353186E-0002  -0.8162698E+0001
     8.67600   0.1612680E+0001   0.1799074E+0000   0.4268211E+0001  -0.7302521E-0003  -0.1834892E-0003  -0.4351477E-0002  -0.8162696E+0001
     8.68000   0.1613399E+0001   0.1797624E+0000   0.4268211E+0001  -0.7309852E-0003  -0.1832693E-0003  -0.4352541E-0002  -0.8162695E+0001
     8.68400   0.1614117E+0001   0.1795798E+0000   0.4268210E+0001  -0.7317177E-0003  -0.1831279E-0003  -0.4357251E-0002  -0.8162694E+0001
     8.68800   0.1614835E+0001   0.1793588E+0000   0.4268209E+0001  -0.7324501E-0003  -0.1831005E-0003  -0.4366385E-0002  -0.8162693E+0001
     8.69200   0.1615551E+0001   0.1791001E+0000   0.4268208E+0001  -0.7331830E-0003  -0.1832197E-0003  -0.4380615E-0002  -0.8162691E+0001
     8.69600   0.1616266E+0001   0.1788046E+0000   0.4268207E+0001  -0.7339170E-0003  -0.1835136E-0003  -0.4400490E-0002  -0.8162687E+0001
     8.70000   0.1616980E+0001   0.1784746E+0000   0.4268205E+0001  -0.7346531E-0003  -0.1840060E-0003  -0.4426424E-0002  -0.8162683E+0001
     8.70400   0.1617693E+0001   0.1781128E+0000   0.4268202E+0001  -0.7353919E-0003  -0.1847153E-0003  -0.4458691E-0002  -0.8162677E+0001
     8.70800   0.1618403E+0001   0.1777227E+0000   0.4268198E+0001  -0.7361345E-0003  -0.1856544E-0003  -0.4497414E-0002  -0.8162668E+0001
     8.71200   0.1619113E+0001   0.1773086E+0000   0.4268194E+0001  -0.7368819E-0003  -0.1868307E-0003  -0.4542568E-0002  -0.8162658E+0001
     8.71600   0.1619820E+0001   0.1768751E+0000   0.4268188E+0001  -0.7376348E-0003  -0.1882453E-0003  -0.4593975E-0002  -0.8162646E+0001
     8.72000   0.1620526E+0001   0.1764274E+0000   0.4268182E+0001  -0.7383944E-0003  -0.1898939E-0003  -0.4651309E-0002  -0.8162632E+0001
     8.72400   0.1621230E+0001   0.1759708E+0000   0.4268174E+0001  -0.7391615E-0003  -0.1917666E-0003  -0.4714107E-0002  -0.8162616E+0001
     8.72800   0.1621932E+0001   0.1755110E+0000   0.4268166E+0001  -0.7399369E-0003  -0.1938481E-0003  -0.4781771E-0002  -0.8162598E+0001
     8.73200   0.1622632E+0001   0.1750537E+0000   0.4268157E+0001  -0.7407214E-0003  -0.1961186E-0003  -0.4853584E-0002  -0.8162578E+0001
     8.73600   0.1623330E+0001   0.1746047E+0000   0.4268147E+0001  -0.7415156E-0003  -0.1985537E-0003  -0.4928726E-0002  -0.8162556E+0001
     8.74000   0.1624027E+0001   0.1741694E+0000   0.4268137E+0001  -0.7423201E-0003  -0.2011255E-0003  -0.5006287E-0002  -0.8162533E+0001
     8.74400   0.1624722E+0001   0.1737532E+0000   0.4268126E+0001  -0.7431353E-0003  -0.2038028E-0003  -0.5085287E-0002  -0.8162509E+0001
     8.74800   0.1625416E+0001   0.1733609E+0000   0.4268114E+0001  -0.7439615E-0003  -0.2065520E-0003  -0.5164696E-0002  -0.8162484E+0001
     8.75200   0.1626108E+0001   0.1729970E+0000   0.4268103E+0001  -0.7447988E-0003  -0.2093376E-0003  -0.5243458E-0002  -0.8162458E+0001
     8.75600   0.1626798E+0001   0.1726652E+0000   0.4268091E+0001  -0.7456473E-0003  -0.2121229E-0003  -0.5320507E-0002  -0.8162433E+0001
     8.76000   0.1627488E+0001   0.1723687E+0000   0.4268080E+0001  -0.7465068E-0003  -0.2148710E-0003  -0.5394795E-0002  -0.8162408E+0001
     8.76400   0.1628176E+0001   0.1721100E+0000   0.4268069E+0001  -0.7473770E-0003  -0.2175446E-0003  -0.5465311E-0002  -0.8162383E+0001
     8.76800   0.1628864E+0001   0.1718905E+0000   0.4268058E+0001  -0.7482574E-0003  -0.2201078E-0003  -0.5531103E-0002  -0.8162360E+0001
     8.77200   0.1629551E+0001   0.1717111E+0000   0.4268048E+0001  -0.7491475E-0003  -0.2225255E-0003  -0.5591297E-0002  -0.8162338E+0001
     8.77600   0.1630237E+0001   0.1715718E+0000   0.4268039E+0001  -0.7500466E-0003  -0.2247652E-0003  -0.5645116E-0002  -0.8162318E+0001
     8.78000   0.1630923E+0001   0.1714714E+0000   0.4268031E+0001  -0.7509538E-0003  -0.2267964E-0003  -0.5691895E-0002  -0.8162300E+0001
     8.78400   0.1631608E+0001   0.1714084E+0000   0.4268024E+0001  -0.7518681E-0003  -0.2285922E-0003  -0.5731094E-0002  -0.8162284E+0001
     8.78800   0.1632294E+0001   0.1713801E+0000   0.4268018E+0001  -0.7527887E-0003  -0.2301288E-0003  -0.5762309E-0002  -0.8162271E+0001
     8.79200   0.1632979E+0001   0.1713833E+0000   0.4268013E+0001  -0.7537142E-0003  -0.2313869E-0003  -0.5785275E-0002  -0.8162260E+0001
     8.79600   0.1633665E+0001   0.1714142E+0000   0.4268009E+0001  -0.7546436E-0003  -0.2323513E-0003  -0.5799873E-0002  -0.8162252E+0001
     8.80000   0.1634351E+0001   0.1714684E+0000   0.4268007E+0001  -0.7555757E-0003  -0.2330114E-0003  -0.5806130E-0002  -0.8162246E+0001
     8.80400   0.1635037E+0001   0.1715411E+0000   0.4268005E+0001  -0.7565091E-0003  -0.2333619E-0003  -0.5804210E-0002  -0.8162243E+0001
     8.80800   0.1635724E+0001   0.1716274E+0000   0.4268005E+0001  -0.7574427E-0003  -0.2334021E-0003  -0.5794410E-0002  -0.8162243E+0001
     8.81200   0.1636411E+0001   0.1717221E+0000   0.4268006E+0001  -0.7583753E-0003  -0.2331366E-0003  -0.5777150E-0002  -0.8162245E+0001
     8.81600   0.1637098E+0001   0.1718201E+0000   0.4268008E+0001  -0.7593056E-0003  -0.2325747E-0003  -0.5752959E-0002  -0.8162249E+0001
     8.82000   0.1637785E+0001   0.1719165E+0000   0.4268011E+0001  -0.7602325E-0003  -0.2317308E-0003  -0.5722458E-0002  -0.8162255E+0001
     8.82400   0.1638473E+0001   0.1720068E+0000   0.4268014E+0001  -0.7611550E-0003  -0.2306231E-0003  -0.5686342E-0002  -0.8162262E+0001
     8.82800   0.1639162E+0001   0.1720869E+0000   0.4268018E+0001  -0.7620721E-0003  -0.2292741E-0003  -0.5645364E-0002  -0.8162270E+0001
     8.83200   0.1639850E+0001   0.1721532E+0000   0.4268022E+0001  -0.7629829E-0003  -0.2277094E-0003  -0.5600313E-0002  -0.8162279E+0001
     8.83600   0.1640539E+0001   0.1722030E+0000   0.4268026E+0001  -0.7638867E-0003  -0.2259573E-0003  -0.5551994E-0002  -0.8162288E+0001
     8.84000   0.1641228E+0001   0.1722341E+0000   0.4268030E+0001  -0.7647829E-0003  -0.2240480E-0003  -0.5501207E-0002  -0.8162297E+0001
     8.84400   0.1641917E+0001   0.1722454E+0000   0.4268033E+0001  -0.7656710E-0003  -0.2220129E-0003  -0.5448732E-0002  -0.8162304E+0001
     8.84800   0.1642606E+0001   0.1722365E+0000   0.4268036E+0001  -0.7665505E-0003  -0.2198836E-0003  -0.5395308E-0002  -0.8162311E+0001
     8.85200   0.1643295E+0001   0.1722079E+0000   0.4268039E+0001  -0.7674213E-0003  -0.2176914E-0003  -0.5341618E-0002  -0.8162316E+0001
     8.85600   0.1643984E+0001   0.1721610E+0000   0.4268040E+0001  -0.7682831E-0003  -0.2154662E-0003  -0.5288277E-0002  -0.8162319E+0001
     8.86000   0.1644672E+0001   0.1720978E+0000   0.4268041E+0001  -0.7691361E-0003  -0.2132362E-0003  -0.5235819E-0002  -0.8162320E+0001
     8.86400   0.1645360E+0001   0.1720210E+0000   0.4268040E+0001  -0.7699802E-0003  -0.2110268E-0003  -0.5184689E-0002  -0.8162317E+0001
     8.86800   0.1646048E+0001   0.1719341E+0000   0.4268037E+0001  -0.7708156E-0003  -0.2088605E-0003  -0.5135242E-0002  -0.8162312E+0001
     8.87200   0.1646735E+0001   0.1718407E+0000   0.4268034E+0001  -0.7716427E-0003  -0.2067563E-0003  -0.5087734E-0002  -0.8162304E+0001
     8.87600   0.1647422E+0001   0.1717448E+0000   0.4268029E+0001  -0.7724616E-0003  -0.2047294E-0003  -0.5042326E-0002  -0.8162293E+0001
     8.88000   0.1648109E+0001   0.1716504E+0000   0.4268022E+0001  -0.7732727E-0003  -0.2027909E-0003  -0.4999089E-0002  -0.8162278E+0001
     8.88400   0.1648795E+0001   0.1715616E+0000   0.4268014E+0001  -0.7740765E-0003  -0.2009483E-0003  -0.4958006E-0002  -0.8162260E+0001
     8.88800   0.1649481E+0001   0.1714820E+0000   0.4268005E+0001  -0.7748734E-0003  -0.1992048E-0003  -0.4918984E-0002  -0.8162240E+0001
     8.89200   0.1650167E+0001   0.1714150E+0000   0.4267994E+0001  -0.7756636E-0003  -0.1975601E-0003  -0.4881862E-0002  -0.8162216E+0001
     8.89600   0.1650852E+0001   0.1713632E+0000   0.4267983E+0001  -0.7764476E-0003  -0.1960105E-0003  -0.4846423E-0002  -0.8162190E+0001
     8.90000   0.1651537E+0001   0.1713288E+0000   0.4267970E+0001  -0.7772258E-0003  -0.1945490E-0003  -0.4812407E-0002  -0.8162162E+0001
     8.90400   0.1652223E+0001   0.1713131E+0000   0.4267957E+0001  -0.7779985E-0003  -0.1931663E-0003  -0.4779526E-0002  -0.8162133E+0001
     8.90800   0.1652908E+0001   0.1713164E+0000   0.4267943E+0001  -0.7787659E-0003  -0.1918509E-0003  -0.4747474E-0002  -0.8162103E+0001
     8.91200   0.1653593E+0001   0.1713385E+0000   0.4267929E+0001  -0.7795283E-0003  -0.1905895E-0003  -0.4715947E-0002  -0.8162072E+0001
     8.91600   0.1654279E+0001   0.1713782E+0000   0.4267916E+0001  -0.7802857E-0003  -0.1893682E-0003  -0.4684647E-0002  -0.8162041E+0001
     8.92000   0.1654964E+0001   0.1714333E+0000   0.4267902E+0001  -0.7810384E-0003  -0.1881725E-0003  -0.4653301E-0002  -0.8162011E+0001
     8.92400   0.1655650E+0001   0.1715012E+0000   0.4267889E+0001  -0.7817864E-0003  -0.1869881E-0003  -0.4621667E-0002  -0.8161982E+0001
     8.92800   0.1656337E+0001   0.1715787E+0000   0.4267877E+0001  -0.7825296E-0003  -0.1858013E-0003  -0.4589545E-0002  -0.8161955E+0001
     8.93200   0.1657023E+0001   0.1716619E+0000   0.4267866E+0001  -0.7832680E-0003  -0.1846000E-0003  -0.4556780E-0002  -0.8161931E+0001
     8.93600   0.1657710E+0001   0.1717468E+0000   0.4267857E+0001  -0.7840015E-0003  -0.1833733E-0003  -0.4523269E-0002  -0.8161910E+0001
     8.94000   0.1658398E+0001   0.1718294E+0000   0.4267849E+0001  -0.7847299E-0003  -0.1821126E-0003  -0.4488962E-0002  -0.8161892E+0001
     8.94400   0.1659085E+0001   0.1719055E+0000   0.4267843E+0001  -0.7854532E-0003  -0.1808117E-0003  -0.4453858E-0002  -0.8161879E+0001
     8.94800   0.1659773E+0001   0.1719713E+0000   0.4267839E+0001  -0.7861710E-0003  -0.1794667E-0003  -0.4418009E-0002  -0.8161870E+0001
     8.95200   0.1660461E+0001   0.1720234E+0000   0.4267837E+0001  -0.7868833E-0003  -0.1780763E-0003  -0.4381509E-0002  -0.8161865E+0001
     8.95600   0.1661150E+0001   0.1720590E+0000   0.4267837E+0001  -0.7875899E-0003  -0.1766417E-0003  -0.4344492E-0002  -0.8161865E+0001
     8.96000   0.1661838E+0001   0.1720759E+0000   0.4267839E+0001  -0.7882906E-0003  -0.1751666E-0003  -0.4307120E-0002  -0.8161870E+0001
     8.96400   0.1662526E+0001   0.1720729E+0000   0.4267844E+0001  -0.7889852E-0003  -0.1736566E-0003  -0.4269576E-0002  -0.8161881E+0001
     8.96800   0.1663214E+0001   0.1720494E+0000   0.4267851E+0001  -0.7896737E-0003  -0.1721192E-0003  -0.4232056E-0002  -0.8161895E+0001
     8.97200   0.1663902E+0001   0.1720059E+0000   0.4267860E+0001  -0.7903559E-0003  -0.1705632E-0003  -0.4194754E-0002  -0.8161915E+0001
     8.97600   0.1664590E+0001   0.1719436E+0000   0.4267870E+0001  -0.7910319E-0003  -0.1689983E-0003  -0.4157854E-0002  -0.8161939E+0001
     8.98000   0.1665278E+0001   0.1718648E+0000   0.4267883E+0001  -0.7917017E-0003  -0.1674345E-0003  -0.4121520E-0002  -0.8161967E+0001
     8.98400   0.1665965E+0001   0.1717724E+0000   0.4267897E+0001  -0.7923652E-0003  -0.1658816E-0003  -0.4085889E-0002  -0.8161998E+0001
     8.98800   0.1666651E+0001   0.1716700E+0000   0.4267913E+0001  -0.7930226E-0003  -0.1643490E-0003  -0.4051056E-0002  -0.8162032E+0001
     8.99200   0.1667338E+0001   0.1715619E+0000   0.4267929E+0001  -0.7936740E-0003  -0.1628447E-0003  -0.4017074E-0002  -0.8162069E+0001
     8.99600   0.1668023E+0001   0.1714526E+0000   0.4267947E+0001  -0.7943195E-0003  -0.1613752E-0003  -0.3983948E-0002  -0.8162108E+0001
     9.00000   0.1668709E+0001   0.1713469E+0000   0.4267965E+0001  -0.7949593E-0003  -0.1599451E-0003  -0.3951627E-0002  -0.8162148E+0001
     9.00400   0.1669394E+0001   0.1712497E+0000   0.4267983E+0001  -0.7955935E-0003  -0.1585568E-0003  -0.3920007E-0002  -0.8162189E+0001
     9.00800   0.1670079E+0001   0.1711656E+0000   0.4268002E+0001  -0.7962223E-0003  -0.1572102E-0003  -0.3888932E-0002  -0.8162230E+0001
     9.01200   0.1670763E+0001   0.1710992E+0000   0.4268020E+0001  -0.7968459E-0003  -0.1559027E-0003  -0.3858192E-0002  -0.8162270E+0001
     9.01600   0.1671447E+0001   0.1710543E+0000   0.4268037E+0001  -0.7974644E-0003  -0.1546291E-0003  -0.3827532E-0002  -0.8162310E+0001
     9.02000   0.1672131E+0001   0.1710343E+0000   0.4268055E+0001  -0.7980780E-0003  -0.1533818E-0003  -0.3796659E-0002  -0.8162347E+0001
     9.02400   0.1672815E+0001   0.1710417E+0000   0.4268071E+0001  -0.7986866E-0003  -0.1521506E-0003  -0.3765244E-0002  -0.8162383E+0001
     9.02800   0.1673500E+0001   0.1710784E+0000   0.4268086E+0001  -0.7992903E-0003  -0.1509235E-0003  -0.3732937E-0002  -0.8162416E+0001
     9.03200   0.1674184E+0001   0.1711452E+0000   0.4268099E+0001  -0.7998890E-0003  -0.1496864E-0003  -0.3699374E-0002  -0.8162447E+0001
     9.03600   0.1674869E+0001   0.1712421E+0000   0.4268112E+0001  -0.8004827E-0003  -0.1484240E-0003  -0.3664188E-0002  -0.8162474E+0001
     9.04000   0.1675555E+0001   0.1713679E+0000   0.4268123E+0001  -0.8010712E-0003  -0.1471199E-0003  -0.3627023E-0002  -0.8162498E+0001
     9.04400   0.1676241E+0001   0.1715209E+0000   0.4268132E+0001  -0.8016542E-0003  -0.1457574E-0003  -0.3587540E-0002  -0.8162519E+0001
     9.04800   0.1676928E+0001   0.1716984E+0000   0.4268140E+0001  -0.8022315E-0003  -0.1443195E-0003  -0.3545431E-0002  -0.8162536E+0001
     9.05200   0.1677615E+0001   0.1718968E+0000   0.4268146E+0001  -0.8028027E-0003  -0.1427901E-0003  -0.3500428E-0002  -0.8162550E+0001
     9.05600   0.1678304E+0001   0.1721122E+0000   0.4268151E+0001  -0.8033673E-0003  -0.1411541E-0003  -0.3452310E-0002  -0.8162561E+0001
     9.06000   0.1678993E+0001   0.1723401E+0000   0.4268154E+0001  -0.8039249E-0003  -0.1393979E-0003  -0.3400914E-0002  -0.8162568E+0001
     9.06400   0.1679683E+0001   0.1725757E+0000   0.4268156E+0001  -0.8044749E-0003  -0.1375103E-0003  -0.3346135E-0002  -0.8162572E+0001
     9.06800   0.1680375E+0001   0.1728141E+0000   0.4268157E+0001  -0.8050168E-0003  -0.1354823E-0003  -0.3287936E-0002  -0.8162573E+0001
     9.07200   0.1681067E+0001   0.1730505E+0000   0.4268156E+0001  -0.8055501E-0003  -0.1333079E-0003  -0.3226343E-0002  -0.8162572E+0001
     9.07600   0.1681760E+0001   0.1732802E+0000   0.4268154E+0001  -0.8060740E-0003  -0.1309843E-0003  -0.3161449E-0002  -0.8162567E+0001
     9.08000   0.1682454E+0001   0.1734989E+0000   0.4268151E+0001  -0.8065881E-0003  -0.1285117E-0003  -0.3093412E-0002  -0.8162561E+0001
     9.08400   0.1683149E+0001   0.1737027E+0000   0.4268147E+0001  -0.8070916E-0003  -0.1258938E-0003  -0.3022447E-0002  -0.8162552E+0001
     9.08800   0.1683844E+0001   0.1738884E+0000   0.4268142E+0001  -0.8075842E-0003  -0.1231374E-0003  -0.2948824E-0002  -0.8162541E+0001
     9.09200   0.1684540E+0001   0.1740535E+0000   0.4268136E+0001  -0.8080652E-0003  -0.1202521E-0003  -0.2872854E-0002  -0.8162528E+0001
     9.09600   0.1685237E+0001   0.1741961E+0000   0.4268129E+0001  -0.8085342E-0003  -0.1172502E-0003  -0.2794888E-0002  -0.8162512E+0001
     9.10000   0.1685935E+0001   0.1743151E+0000   0.4268121E+0001  -0.8089908E-0003  -0.1141463E-0003  -0.2715295E-0002  -0.8162494E+0001
     9.10400   0.1686632E+0001   0.1744102E+0000   0.4268112E+0001  -0.8094346E-0003  -0.1109564E-0003  -0.2634463E-0002  -0.8162473E+0001
     9.10800   0.1687330E+0001   0.1744818E+0000   0.4268102E+0001  -0.8098654E-0003  -0.1076977E-0003  -0.2552775E-0002  -0.8162450E+0001
     9.11200   0.1688028E+0001   0.1745310E+0000   0.4268090E+0001  -0.8102829E-0003  -0.1043879E-0003  -0.2470603E-0002  -0.8162423E+0001
     9.11600   0.1688726E+0001   0.1745594E+0000   0.4268076E+0001  -0.8106871E-0003  -0.1010445E-0003  -0.2388293E-0002  -0.8162393E+0001
     9.12000   0.1689425E+0001   0.1745693E+0000   0.4268060E+0001  -0.8110779E-0003  -0.9768397E-0004  -0.2306153E-0002  -0.8162358E+0001
     9.12400   0.1690123E+0001   0.1745631E+0000   0.4268042E+0001  -0.8114551E-0003  -0.9432134E-0004  -0.2224440E-0002  -0.8162317E+0001
     9.12800   0.1690821E+0001   0.1745437E+0000   0.4268022E+0001  -0.8118190E-0003  -0.9096956E-0004  -0.2143350E-0002  -0.8162271E+0001
     9.13200   0.1691519E+0001   0.1745141E+0000   0.4267998E+0001  -0.8121696E-0003  -0.8763892E-0004  -0.2063007E-0002  -0.8162219E+0001
     9.13600   0.1692217E+0001   0.1744774E+0000   0.4267971E+0001  -0.8125069E-0003  -0.8433653E-0004  -0.1983455E-0002  -0.8162158E+0001
     9.14000   0.1692915E+0001   0.1744367E+0000   0.4267940E+0001  -0.8128312E-0003  -0.8106598E-0004  -0.1904650E-0002  -0.8162090E+0001
     9.14400   0.1693612E+0001   0.1743947E+0000   0.4267905E+0001  -0.8131425E-0003  -0.7782699E-0004  -0.1826456E-0002  -0.8162011E+0001
     9.14800   0.1694310E+0001   0.1743542E+0000   0.4267865E+0001  -0.8134410E-0003  -0.7461515E-0004  -0.1748639E-0002  -0.8161923E+0001
     9.15200   0.1695007E+0001   0.1743175E+0000   0.4267820E+0001  -0.8137266E-0003  -0.7142176E-0004  -0.1670865E-0002  -0.8161823E+0001
     9.15600   0.1695704E+0001   0.1742867E+0000   0.4267770E+0001  -0.8139996E-0003  -0.6823380E-0004  -0.1592702E-0002  -0.8161712E+0001
     9.16000   0.1696401E+0001   0.1742634E+0000   0.4267714E+0001  -0.8142597E-0003  -0.6503389E-0004  -0.1513620E-0002  -0.8161588E+0001
     9.16400   0.1697098E+0001   0.1742488E+0000   0.4267652E+0001  -0.8145069E-0003  -0.6180040E-0004  -0.1432992E-0002  -0.8161450E+0001
     9.16800   0.1697795E+0001   0.1742439E+0000   0.4267584E+0001  -0.8147409E-0003  -0.5850761E-0004  -0.1350104E-0002  -0.8161299E+0001
     9.17200   0.1698492E+0001   0.1742492E+0000   0.4267510E+0001  -0.8149614E-0003  -0.5512594E-0004  -0.1264159E-0002  -0.8161134E+0001
     9.17600   0.1699189E+0001   0.1742650E+0000   0.4267429E+0001  -0.8151679E-0003  -0.5162229E-0004  -0.1174283E-0002  -0.8160954E+0001
     9.18000   0.1699887E+0001   0.1742913E+0000   0.4267342E+0001  -0.8153598E-0003  -0.4796032E-0004  -0.1079542E-0002  -0.8160761E+0001
     9.18400   0.1700584E+0001   0.1743277E+0000   0.4267249E+0001  -0.8155362E-0003  -0.4410098E-0004  -0.9789446E-0003  -0.8160554E+0001
     9.18800   0.1701281E+0001   0.1743738E+0000   0.4267150E+0001  -0.8156962E-0003  -0.4000288E-0004  -0.8714619E-0003  -0.8160334E+0001
     9.19200   0.1701979E+0001   0.1744290E+0000   0.4267046E+0001  -0.8158387E-0003  -0.3562290E-0004  -0.7560364E-0003  -0.8160102E+0001
     9.19600   0.1702677E+0001   0.1744928E+0000   0.4266937E+0001  -0.8159624E-0003  -0.3091669E-0004  -0.6315984E-0003  -0.8159859E+0001
     9.20000   0.1703375E+0001   0.1745646E+0000   0.4266823E+0001  -0.8160657E-0003  -0.2583931E-0004  -0.4970809E-0003  -0.8159607E+0001
     9.20400   0.1704074E+0001   0.1746435E+0000   0.4266706E+0001  -0.8161471E-0003  -0.2034581E-0004  -0.3514354E-0003  -0.8159346E+0001
     9.20800   0.1704773E+0001   0.1747292E+0000   0.4266586E+0001  -0.8162047E-0003  -0.1439190E-0004  -0.1936478E-0003  -0.8159079E+0001
     9.21200   0.1705472E+0001   0.1748209E+0000   0.4266464E+0001  -0.8162364E-0003  -0.7934607E-0005  -0.2275483E-0004  -0.8158809E+0001
     9.21600   0.1706172E+0001   0.1749183E+0000   0.4266342E+0001  -0.8162401E-0003  -0.9329124E-0006   0.1621396E-0003  -0.8158537E+0001
     9.22000   0.1706872E+0001   0.1750209E+0000   0.4266220E+0001  -0.8162135E-0003   0.6651558E-0005   0.3618489E-0003  -0.8158267E+0001
     9.22400   0.1707572E+0001   0.1751283E+0000   0.4266100E+0001  -0.8161541E-0003   0.1485389E-0004   0.5770880E-0003  -0.8158000E+0001
     9.22800   0.1708273E+0001   0.1752400E+0000   0.4265983E+0001  -0.8160593E-0003   0.2370523E-0004   0.8084592E-0003  -0.8157740E+0001
     9.23200   0.1708975E+0001   0.1753556E+0000   0.4265871E+0001  -0.8159264E-0003   0.3323216E-0004   0.1056438E-0002  -0.8157491E+0001
     9.23600   0.1709677E+0001   0.1754745E+0000   0.4265764E+0001  -0.8157525E-0003   0.4345606E-0004   0.1321361E-0002  -0.8157255E+0001
     9.24000   0.1710379E+0001   0.1755962E+0000   0.4265665E+0001  -0.8155350E-0003   0.5439257E-0004   0.1603413E-0002  -0.8157035E+0001
     9.24400   0.1711082E+0001   0.1757198E+0000   0.4265575E+0001  -0.8152708E-0003   0.6605101E-0004   0.1902623E-0002  -0.8156834E+0001
     9.24800   0.1711785E+0001   0.1758444E+0000   0.4265494E+0001  -0.8149570E-0003   0.7843389E-0004   0.2218850E-0002  -0.8156655E+0001
     9.25200   0.1712489E+0001   0.1759688E+0000   0.4265424E+0001  -0.8145909E-0003   0.9153649E-0004   0.2551779E-0002  -0.8156501E+0001
     9.25600   0.1713193E+0001   0.1760918E+0000   0.4265367E+0001  -0.8141695E-0003   0.1053464E-0003   0.2900924E-0002  -0.8156373E+0001
     9.26000   0.1713898E+0001   0.1762117E+0000   0.4265323E+0001  -0.8136901E-0003   0.1198435E-0003   0.3265617E-0002  -0.8156276E+0001
     9.26400   0.1714604E+0001   0.1763269E+0000   0.4265292E+0001  -0.8131501E-0003   0.1349994E-0003   0.3645019E-0002  -0.8156209E+0001
     9.26800   0.1715309E+0001   0.1764356E+0000   0.4265276E+0001  -0.8125470E-0003   0.1507777E-0003   0.4038118E-0002  -0.8156174E+0001
     9.27200   0.1716016E+0001   0.1765358E+0000   0.4265275E+0001  -0.8118785E-0003   0.1671339E-0003   0.4443741E-0002  -0.8156172E+0001
     9.27600   0.1716722E+0001   0.1766255E+0000   0.4265289E+0001  -0.8111424E-0003   0.1840158E-0003   0.4860560E-0002  -0.8156204E+0001
     9.28000   0.1717429E+0001   0.1767027E+0000   0.4265317E+0001  -0.8103370E-0003   0.2013637E-0003   0.5287106E-0002  -0.8156268E+0001
     9.28400   0.1718136E+0001   0.1767656E+0000   0.4265360E+0001  -0.8094605E-0003   0.2191111E-0003   0.5721784E-0002  -0.8156364E+0001
     9.28800   0.1718843E+0001   0.1768123E+0000   0.4265417E+0001  -0.8085118E-0003   0.2371856E-0003   0.6162892E-0002  -0.8156492E+0001
     9.29200   0.1719551E+0001   0.1768413E+0000   0.4265486E+0001  -0.8074897E-0003   0.2555093E-0003   0.6608637E-0002  -0.8156648E+0001
     9.29600   0.1720258E+0001   0.1768512E+0000   0.4265568E+0001  -0.8063937E-0003   0.2740006E-0003   0.7057161E-0002  -0.8156831E+0001
     9.30000   0.1720965E+0001   0.1768411E+0000   0.4265660E+0001  -0.8052234E-0003   0.2925745E-0003   0.7506562E-0002  -0.8157037E+0001
     9.30400   0.1721673E+0001   0.1768103E+0000   0.4265761E+0001  -0.8039789E-0003   0.3111447E-0003   0.7954914E-0002  -0.8157264E+0001
     9.30800   0.1722380E+0001   0.1767585E+0000   0.4265870E+0001  -0.8026604E-0003   0.3296243E-0003   0.8400299E-0002  -0.8157508E+0001
     9.31200   0.1723086E+0001   0.1766859E+0000   0.4265985E+0001  -0.8012686E-0003   0.3479276E-0003   0.8840824E-0002  -0.8157765E+0001
     9.31600   0.1723793E+0001   0.1765930E+0000   0.4266104E+0001  -0.7998048E-0003   0.3659711E-0003   0.9274651E-0002  -0.8158030E+0001
     9.32000   0.1724499E+0001   0.1764807E+0000   0.4266224E+0001  -0.7982701E-0003   0.3836749E-0003   0.9700015E-0002  -0.8158301E+0001
     9.32400   0.1725204E+0001   0.1763504E+0000   0.4266346E+0001  -0.7966662E-0003   0.4009637E-0003   0.1011525E-0001  -0.8158573E+0001
     9.32800   0.1725909E+0001   0.1762036E+0000   0.4266465E+0001  -0.7949951E-0003   0.4177680E-0003   0.1051879E-0001  -0.8158841E+0001
     9.33200   0.1726613E+0001   0.1760424E+0000   0.4266582E+0001  -0.7932590E-0003   0.4340250E-0003   0.1090922E-0001  -0.8159103E+0001
     9.33600   0.1727316E+0001   0.1758688E+0000   0.4266695E+0001  -0.7914603E-0003   0.4496787E-0003   0.1128525E-0001  -0.8159355E+0001
     9.34000   0.1728019E+0001   0.1756851E+0000   0.4266801E+0001  -0.7896016E-0003   0.4646808E-0003   0.1164577E-0001  -0.8159594E+0001
     9.34400   0.1728721E+0001   0.1754938E+0000   0.4266901E+0001  -0.7876856E-0003   0.4789910E-0003   0.1198979E-0001  -0.8159818E+0001
     9.34800   0.1729422E+0001   0.1752971E+0000   0.4266994E+0001  -0.7857153E-0003   0.4925764E-0003   0.1231650E-0001  -0.8160026E+0001
     9.35200   0.1730123E+0001   0.1750975E+0000   0.4267078E+0001  -0.7836937E-0003   0.5054118E-0003   0.1262527E-0001  -0.8160214E+0001
     9.35600   0.1730822E+0001   0.1748972E+0000   0.4267153E+0001  -0.7816238E-0003   0.5174792E-0003   0.1291560E-0001  -0.8160384E+0001
     9.36000   0.1731521E+0001   0.1746981E+0000   0.4267220E+0001  -0.7795087E-0003   0.5287672E-0003   0.1318714E-0001  -0.8160535E+0001
     9.36400   0.1732219E+0001   0.1745021E+0000   0.4267279E+0001  -0.7773516E-0003   0.5392701E-0003   0.1343970E-0001  -0.8160667E+0001
     9.36800   0.1732916E+0001   0.1743107E+0000   0.4267330E+0001  -0.7751557E-0003   0.5489879E-0003   0.1367321E-0001  -0.8160781E+0001
     9.37200   0.1733613E+0001   0.1741251E+0000   0.4267373E+0001  -0.7729240E-0003   0.5579246E-0003   0.1388769E-0001  -0.8160880E+0001
     9.37600   0.1734309E+0001   0.1739461E+0000   0.4267411E+0001  -0.7706596E-0003   0.5660883E-0003   0.1408329E-0001  -0.8160964E+0001
     9.38000   0.1735004E+0001   0.1737744E+0000   0.4267443E+0001  -0.7683657E-0003   0.5734896E-0003   0.1426024E-0001  -0.8161037E+0001
     9.38400   0.1735698E+0001   0.1736101E+0000   0.4267471E+0001  -0.7660451E-0003   0.5801415E-0003   0.1441881E-0001  -0.8161101E+0001
     9.38800   0.1736392E+0001   0.1734532E+0000   0.4267496E+0001  -0.7637009E-0003   0.5860586E-0003   0.1455935E-0001  -0.8161158E+0001
     9.39200   0.1737085E+0001   0.1733033E+0000   0.4267520E+0001  -0.7613358E-0003   0.5912561E-0003   0.1468226E-0001  -0.8161212E+0001
     9.39600   0.1737778E+0001   0.1731597E+0000   0.4267544E+0001  -0.7589528E-0003   0.5957502E-0003   0.1478793E-0001  -0.8161266E+0001
     9.40000   0.1738470E+0001   0.1730218E+0000   0.4267568E+0001  -0.7565546E-0003   0.5995566E-0003   0.1487680E-0001  -0.8161321E+0001
     9.40400   0.1739162E+0001   0.1728884E+0000   0.4267595E+0001  -0.7541438E-0003   0.6026915E-0003   0.1494932E-0001  -0.8161381E+0001
     9.40800   0.1739853E+0001   0.1727585E+0000   0.4267625E+0001  -0.7517232E-0003   0.6051703E-0003   0.1500592E-0001  -0.8161448E+0001
     9.41200   0.1740543E+0001   0.1726309E+0000   0.4267659E+0001  -0.7492951E-0003   0.6070085E-0003   0.1504705E-0001  -0.8161523E+0001
     9.41600   0.1741233E+0001   0.1725042E+0000   0.4267698E+0001  -0.7468622E-0003   0.6082208E-0003   0.1507315E-0001  -0.8161610E+0001
     9.42000   0.1741923E+0001   0.1723774E+0000   0.4267742E+0001  -0.7444269E-0003   0.6088223E-0003   0.1508467E-0001  -0.8161708E+0001
     9.42400   0.1742612E+0001   0.1722490E+0000   0.4267792E+0001  -0.7419916E-0003   0.6088276E-0003   0.1508205E-0001  -0.8161819E+0001
     9.42800   0.1743300E+0001   0.1721180E+0000   0.4267848E+0001  -0.7395586E-0003   0.6082518E-0003   0.1506574E-0001  -0.8161943E+0001
     9.43200   0.1743988E+0001   0.1719832E+0000   0.4267910E+0001  -0.7371302E-0003   0.6071103E-0003   0.1503621E-0001  -0.8162082E+0001
     9.43600   0.1744675E+0001   0.1718435E+0000   0.4267979E+0001  -0.7347085E-0003   0.6054194E-0003   0.1499392E-0001  -0.8162233E+0001
     9.44000   0.1745362E+0001   0.1716981E+0000   0.4268053E+0001  -0.7322957E-0003   0.6031961E-0003   0.1493938E-0001  -0.8162398E+0001
     9.44400   0.1746048E+0001   0.1715460E+0000   0.4268133E+0001  -0.7298939E-0003   0.6004590E-0003   0.1487309E-0001  -0.8162575E+0001
     9.44800   0.1746734E+0001   0.1713865E+0000   0.4268218E+0001  -0.7275050E-0003   0.5972278E-0003   0.1479562E-0001  -0.8162763E+0001
     9.45200   0.1747419E+0001   0.1712189E+0000   0.4268307E+0001  -0.7251309E-0003   0.5935241E-0003   0.1470755E-0001  -0.8162961E+0001
     9.45600   0.1748103E+0001   0.1710426E+0000   0.4268401E+0001  -0.7227734E-0003   0.5893711E-0003   0.1460950E-0001  -0.8163168E+0001
     9.46000   0.1748786E+0001   0.1708570E+0000   0.4268497E+0001  -0.7204342E-0003   0.5847941E-0003   0.1450215E-0001  -0.8163382E+0001
     9.46400   0.1749469E+0001   0.1706616E+0000   0.4268597E+0001  -0.7181149E-0003   0.5798200E-0003   0.1438620E-0001  -0.8163602E+0001
     9.46800   0.1750151E+0001   0.1704560E+0000   0.4268698E+0001  -0.7158170E-0003   0.5744779E-0003   0.1426241E-0001  -0.8163826E+0001
     9.47200   0.1750832E+0001   0.1702399E+0000   0.4268800E+0001  -0.7135418E-0003   0.5687989E-0003   0.1413157E-0001  -0.8164052E+0001
     9.47600   0.1751512E+0001   0.1700127E+0000   0.4268903E+0001  -0.7112906E-0003   0.5628154E-0003   0.1399453E-0001  -0.8164279E+0001
     9.48000   0.1752191E+0001   0.1697741E+0000   0.4269005E+0001  -0.7090643E-0003   0.5565620E-0003   0.1385216E-0001  -0.8164505E+0001
     9.48400   0.1752869E+0001   0.1695238E+0000   0.4269105E+0001  -0.7068640E-0003   0.5500745E-0003   0.1370537E-0001  -0.8164727E+0001
     9.48800   0.1753546E+0001   0.1692613E+0000   0.4269204E+0001  -0.7046905E-0003   0.5433898E-0003   0.1355509E-0001  -0.8164945E+0001
     9.49200   0.1754222E+0001   0.1689862E+0000   0.4269299E+0001  -0.7025443E-0003   0.5365460E-0003   0.1340230E-0001  -0.8165157E+0001
     9.49600   0.1754897E+0001   0.1686981E+0000   0.4269391E+0001  -0.7004260E-0003   0.5295819E-0003   0.1324798E-0001  -0.8165360E+0001
     9.50000   0.1755570E+0001   0.1683965E+0000   0.4269479E+0001  -0.6983358E-0003   0.5225367E-0003   0.1309313E-0001  -0.8165554E+0001
     9.50400   0.1756243E+0001   0.1680807E+0000   0.4269562E+0001  -0.6962740E-0003   0.5154496E-0003   0.1293873E-0001  -0.8165737E+0001
     9.50800   0.1756914E+0001   0.1677501E+0000   0.4269639E+0001  -0.6942406E-0003   0.5083597E-0003   0.1278581E-0001  -0.8165906E+0001
     9.51200   0.1757583E+0001   0.1674039E+0000   0.4269709E+0001  -0.6922353E-0003   0.5013055E-0003   0.1263533E-0001  -0.8166062E+0001
     9.51600   0.1758252E+0001   0.1670412E+0000   0.4269773E+0001  -0.6902580E-0003   0.4943244E-0003   0.1248829E-0001  -0.8166203E+0001
     9.52000   0.1758918E+0001   0.1666611E+0000   0.4269829E+0001  -0.6883082E-0003   0.4874527E-0003   0.1234563E-0001  -0.8166327E+0001
     9.52400   0.1759583E+0001   0.1662624E+0000   0.4269878E+0001  -0.6863853E-0003   0.4807251E-0003   0.1220828E-0001  -0.8166434E+0001
     9.52800   0.1760247E+0001   0.1658437E+0000   0.4269918E+0001  -0.6844886E-0003   0.4741742E-0003   0.1207711E-0001  -0.8166524E+0001
     9.53200   0.1760908E+0001   0.1654036E+0000   0.4269951E+0001  -0.6826173E-0003   0.4678304E-0003   0.1195297E-0001  -0.8166595E+0001
     9.53600   0.1761568E+0001   0.1649404E+0000   0.4269975E+0001  -0.6807704E-0003   0.4617215E-0003   0.1183665E-0001  -0.8166647E+0001
     9.54000   0.1762226E+0001   0.1644523E+0000   0.4269990E+0001  -0.6789469E-0003   0.4558726E-0003   0.1172888E-0001  -0.8166681E+0001
     9.54400   0.1762882E+0001   0.1639372E+0000   0.4269998E+0001  -0.6771457E-0003   0.4503053E-0003   0.1163034E-0001  -0.8166697E+0001
     9.54800   0.1763535E+0001   0.1633928E+0000   0.4269997E+0001  -0.6753656E-0003   0.4450385E-0003   0.1154163E-0001  -0.8166695E+0001
     9.55200   0.1764186E+0001   0.1628168E+0000   0.4269989E+0001  -0.6736052E-0003   0.4400872E-0003   0.1146331E-0001  -0.8166676E+0001
     9.55600   0.1764835E+0001   0.1622064E+0000   0.4269973E+0001  -0.6718634E-0003   0.4354632E-0003   0.1139587E-0001  -0.8166640E+0001
     9.56000   0.1765481E+0001   0.1615589E+0000   0.4269950E+0001  -0.6701387E-0003   0.4311746E-0003   0.1133972E-0001  -0.8166590E+0001
     9.56400   0.1766125E+0001   0.1608713E+0000   0.4269921E+0001  -0.6684298E-0003   0.4272263E-0003   0.1129523E-0001  -0.8166525E+0001
     9.56800   0.1766765E+0001   0.1601403E+0000   0.4269887E+0001  -0.6667353E-0003   0.4236195E-0003   0.1126270E-0001  -0.8166448E+0001
     9.57200   0.1767403E+0001   0.1593629E+0000   0.4269847E+0001  -0.6650539E-0003   0.4203524E-0003   0.1124240E-0001  -0.8166360E+0001
     9.57600   0.1768037E+0001   0.1585355E+0000   0.4269803E+0001  -0.6633842E-0003   0.4174202E-0003   0.1123454E-0001  -0.8166262E+0001
     9.58000   0.1768668E+0001   0.1576548E+0000   0.4269756E+0001  -0.6617249E-0003   0.4148150E-0003   0.1123929E-0001  -0.8166157E+0001
     9.58400   0.1769295E+0001   0.1567171E+0000   0.4269705E+0001  -0.6600748E-0003   0.4125270E-0003   0.1125681E-0001  -0.8166045E+0001
     9.58800   0.1769917E+0001   0.1557190E+0000   0.4269653E+0001  -0.6584326E-0003   0.4105436E-0003   0.1128724E-0001  -0.8165928E+0001
     9.59200   0.1770536E+0001   0.1546570E+0000   0.4269599E+0001  -0.6567972E-0003   0.4088507E-0003   0.1133070E-0001  -0.8165808E+0001
     9.59600   0.1771150E+0001   0.1535274E+0000   0.4269544E+0001  -0.6551675E-0003   0.4074324E-0003   0.1138731E-0001  -0.8165687E+0001
     9.60000   0.1771759E+0001   0.1523270E+0000   0.4269489E+0001  -0.6535424E-0003   0.4062715E-0003   0.1145720E-0001  -0.8165566E+0001
     9.60400   0.1772364E+0001   0.1510523E+0000   0.4269435E+0001  -0.6519210E-0003   0.4053496E-0003   0.1154051E-0001  -0.8165445E+0001
     9.60800   0.1772962E+0001   0.1497001E+0000   0.4269381E+0001  -0.6503024E-0003   0.4046473E-0003   0.1163740E-0001  -0.8165327E+0001
     9.61200   0.1773556E+0001   0.1482673E+0000   0.4269330E+0001  -0.6486859E-0003   0.4041443E-0003   0.1174804E-0001  -0.8165214E+0001
     9.61600   0.1774143E+0001   0.1467511E+0000   0.4269280E+0001  -0.6470706E-0003   0.4038193E-0003   0.1187263E-0001  -0.8165105E+0001
     9.62000   0.1774723E+0001   0.1451486E+0000   0.4269234E+0001  -0.6454560E-0003   0.4036502E-0003   0.1201138E-0001  -0.8165002E+0001
     9.62400   0.1775297E+0001   0.1434574E+0000   0.4269190E+0001  -0.6438415E-0003   0.4036137E-0003   0.1216452E-0001  -0.8164906E+0001
     9.62800   0.1775864E+0001   0.1416750E+0000   0.4269150E+0001  -0.6422268E-0003   0.4036851E-0003   0.1233229E-0001  -0.8164818E+0001
     9.63200   0.1776423E+0001   0.1397994E+0000   0.4269114E+0001  -0.6406114E-0003   0.4038385E-0003   0.1251496E-0001  -0.8164739E+0001
     9.63600   0.1776974E+0001   0.1378285E+0000   0.4269082E+0001  -0.6389953E-0003   0.4040459E-0003   0.1271276E-0001  -0.8164669E+0001
     9.64000   0.1777517E+0001   0.1357607E+0000   0.4269055E+0001  -0.6373781E-0003   0.4042773E-0003   0.1292596E-0001  -0.8164610E+0001
     9.64400   0.1778052E+0001   0.1335942E+0000   0.4269033E+0001  -0.6357601E-0003   0.4045003E-0003   0.1315479E-0001  -0.8164562E+0001
     9.64800   0.1778577E+0001   0.1313279E+0000   0.4269016E+0001  -0.6341414E-0003   0.4046797E-0003   0.1339947E-0001  -0.8164526E+0001
     9.65200   0.1779093E+0001   0.1289603E+0000   0.4269004E+0001  -0.6325223E-0003   0.4047773E-0003   0.1366019E-0001  -0.8164502E+0001
     9.65600   0.1779599E+0001   0.1264906E+0000   0.4268998E+0001  -0.6309033E-0003   0.4047514E-0003   0.1393709E-0001  -0.8164490E+0001
     9.66000   0.1780094E+0001   0.1239178E+0000   0.4268997E+0001  -0.6292851E-0003   0.4045572E-0003   0.1423030E-0001  -0.8164491E+0001
     9.66400   0.1780579E+0001   0.1212412E+0000   0.4269002E+0001  -0.6276685E-0003   0.4041461E-0003   0.1453988E-0001  -0.8164505E+0001
     9.66800   0.1781053E+0001   0.1184602E+0000   0.4269014E+0001  -0.6260546E-0003   0.4034658E-0003   0.1486584E-0001  -0.8164533E+0001
     9.67200   0.1781516E+0001   0.1155744E+0000   0.4269031E+0001  -0.6244448E-0003   0.4024607E-0003   0.1520814E-0001  -0.8164574E+0001
     9.67600   0.1781966E+0001   0.1125836E+0000   0.4269054E+0001  -0.6228405E-0003   0.4010717E-0003   0.1556667E-0001  -0.8164628E+0001
     9.68000   0.1782404E+0001   0.1094879E+0000   0.4269084E+0001  -0.6212436E-0003   0.3992365E-0003   0.1594128E-0001  -0.8164696E+0001
     9.68400   0.1782829E+0001   0.1062874E+0000   0.4269119E+0001  -0.6196560E-0003   0.3968904E-0003   0.1633174E-0001  -0.8164778E+0001
     9.68800   0.1783241E+0001   0.1029828E+0000   0.4269159E+0001  -0.6180801E-0003   0.3939663E-0003   0.1673776E-0001  -0.8164872E+0001
     9.69200   0.1783639E+0001   0.9957487E-0001   0.4269206E+0001  -0.6165185E-0003   0.3903955E-0003   0.1715901E-0001  -0.8164979E+0001
     9.69600   0.1784023E+0001   0.9606483E-0001   0.4269258E+0001  -0.6149741E-0003   0.3861087E-0003   0.1759508E-0001  -0.8165098E+0001
     9.70000   0.1784393E+0001   0.9245436E-0001   0.4269315E+0001  -0.6134500E-0003   0.3810362E-0003   0.1804552E-0001  -0.8165229E+0001
     9.70400   0.1784748E+0001   0.8874560E-0001   0.4269377E+0001  -0.6119495E-0003   0.3751094E-0003   0.1850982E-0001  -0.8165371E+0001
     9.70800   0.1785088E+0001   0.8494125E-0001   0.4269443E+0001  -0.6104765E-0003   0.3682615E-0003   0.1898744E-0001  -0.8165523E+0001
     9.71200   0.1785412E+0001   0.8104458E-0001   0.4269514E+0001  -0.6090348E-0003   0.3604285E-0003   0.1947779E-0001  -0.8165686E+0001
     9.71600   0.1785720E+0001   0.7705953E-0001   0.4269589E+0001  -0.6076286E-0003   0.3515504E-0003   0.1998027E-0001  -0.8165858E+0001
     9.72000   0.1786012E+0001   0.7299073E-0001   0.4269668E+0001  -0.6062623E-0003   0.3415724E-0003   0.2049421E-0001  -0.8166039E+0001
     9.72400   0.1786288E+0001   0.6884359E-0001   0.4269751E+0001  -0.6049405E-0003   0.3304461E-0003   0.2101900E-0001  -0.8166228E+0001
     9.72800   0.1786546E+0001   0.6462434E-0001   0.4269836E+0001  -0.6036680E-0003   0.3181307E-0003   0.2155398E-0001  -0.8166424E+0001
     9.73200   0.1786788E+0001   0.6034017E-0001   0.4269925E+0001  -0.6024496E-0003   0.3045950E-0003   0.2209856E-0001  -0.8166627E+0001
     9.73600   0.1787012E+0001   0.5599932E-0001   0.4270016E+0001  -0.6012903E-0003   0.2898189E-0003   0.2265220E-0001  -0.8166836E+0001
     9.74000   0.1787218E+0001   0.5161134E-0001   0.4270110E+0001  -0.6001951E-0003   0.2737953E-0003   0.2321438E-0001  -0.8167051E+0001
     9.74400   0.1787407E+0001   0.4718717E-0001   0.4270206E+0001  -0.5991690E-0003   0.2565323E-0003   0.2378468E-0001  -0.8167271E+0001
     9.74800   0.1787578E+0001   0.4273924E-0001   0.4270304E+0001  -0.5982168E-0003   0.2380538E-0003   0.2436301E-0001  -0.8167496E+0001
     9.75200   0.1787731E+0001   0.3828162E-0001   0.4270403E+0001  -0.5973432E-0003   0.2184049E-0003   0.2494946E-0001  -0.8167725E+0001
     9.75600   0.1787866E+0001   0.3383110E-0001   0.4270504E+0001  -0.5965525E-0003   0.1976552E-0003   0.2554413E-0001  -0.8167957E+0001
     9.76000   0.1787984E+0001   0.2940737E-0001   0.4270607E+0001  -0.5958489E-0003   0.1759009E-0003   0.2614720E-0001  -0.8168193E+0001
     9.76400   0.1788084E+0001   0.2503240E-0001   0.4270710E+0001  -0.5952359E-0003   0.1532633E-0003   0.2675887E-0001  -0.8168431E+0001
     9.76800   0.1788167E+0001   0.2072911E-0001   0.4270814E+0001  -0.5947164E-0003   0.1298819E-0003   0.2740601E-0001  -0.8168672E+0001
     9.77200   0.1788233E+0001   0.1652460E-0001   0.4270919E+0001  -0.5942922E-0003   0.1060391E-0003   0.2809720E-0001  -0.8168914E+0001
     9.77600   0.1788283E+0001   0.1249671E-0001   0.4271023E+0001  -0.5939634E-0003   0.8221242E-0004   0.2879421E-0001  -0.8169157E+0001
     9.78000   0.1788318E+0001   0.8709683E-0002   0.4271128E+0001  -0.5937285E-0003   0.5871858E-0004   0.2949928E-0001  -0.8169400E+0001
     9.78400   0.1788339E+0001   0.5205822E-0002   0.4271232E+0001  -0.5935847E-0003   0.3595491E-0004   0.3021236E-0001  -0.8169643E+0001
     9.78800   0.1788347E+0001   0.2004181E-0002   0.4265100E+0001  -0.5935280E-0003   0.1417648E-0004   0.3088783E-0001  -0.8169884E+0001
     9.79200   0.1788347E+0001  -0.1734723E-0015   0.4252696E+0001  -0.5935280E-0003  -0.3139036E-0015   0.3151817E-0001  -0.8170123E+0001
     9.79600   0.1788347E+0001  -0.1188286E-0015   0.4252532E+0001  -0.5935280E-0003  -0.2932225E-0015   0.3223215E-0001  -0.8170359E+0001
     9.80000   0.1788347E+0001  -0.1188286E-0015   0.4250929E+0001  -0.5935280E-0003  -0.2940153E-0015   0.3292930E-0001  -0.8170590E+0001
     9.80400   0.1788347E+0001  -0.1188286E-0015   0.4248059E+0001  -0.5935280E-0003  -0.2892245E-0015   0.3360633E-0001  -0.8170815E+0001
     9.80800   0.1788347E+0001  -0.1734723E-0015   0.4244133E+0001  -0.5935280E-0003  -0.2852875E-0015   0.3425987E-0001  -0.8171034E+0001
     9.81200   0.1788347E+0001  -0.1188286E-0015   0.4239375E+0001  -0.5935280E-0003  -0.2779081E-0015   0.3488649E-0001  -0.8171244E+0001
     9.81600   0.1788347E+0001  -0.1188286E-0015   0.4234142E+0001  -0.5935280E-0003  -0.2709828E-0015   0.3542210E-0001  -0.8171443E+0001
     9.82000   0.1788347E+0001  -0.1188286E-0015   0.4228990E+0001  -0.5935280E-0003  -0.2623227E-0015   0.3593502E-0001  -0.8171632E+0001
     9.82400   0.1788347E+0001  -0.8673617E-0017   0.4224022E+0001  -0.5935280E-0003  -0.2541099E-0015   0.3642243E-0001  -0.8171807E+0001
     9.82800   0.1788347E+0001   0.4597017E-0016   0.4219321E+0001  -0.5935280E-0003  -0.2454634E-0015   0.3687953E-0001  -0.8171968E+0001
     9.83200   0.1788347E+0001  -0.1188286E-0015   0.4214934E+0001  -0.5935280E-0003  -0.2376842E-0015   0.3730256E-0001  -0.8172112E+0001
     9.83600   0.1788347E+0001  -0.6331741E-0016   0.4210866E+0001  -0.5935280E-0003  -0.2316127E-0015   0.3768844E-0001  -0.8172238E+0001
     9.84000   0.1788347E+0001  -0.1183949E-0015   0.4207091E+0001  -0.5935280E-0003  -0.2238335E-0015   0.3803570E-0001  -0.8172346E+0001
     9.84400   0.1788347E+0001  -0.8239937E-0017   0.4203565E+0001  -0.5935280E-0003  -0.2177620E-0015   0.3834415E-0001  -0.8172432E+0001
     9.84800   0.1788347E+0001  -0.6288373E-0016   0.4200230E+0001  -0.5935280E-0003  -0.2116905E-0015   0.3861411E-0001  -0.8172497E+0001
     9.85200   0.1788347E+0001  -0.6288373E-0016   0.4197030E+0001  -0.5935280E-0003  -0.2073537E-0015   0.3884643E-0001  -0.8172539E+0001
     9.85600   0.1788347E+0001  -0.8239937E-0017   0.4193914E+0001  -0.5935280E-0003  -0.2004148E-0015   0.3904235E-0001  -0.8172556E+0001
     9.86000   0.1788347E+0001  -0.1183949E-0015   0.4190845E+0001  -0.5935280E-0003  -0.1960238E-0015   0.3920329E-0001  -0.8172549E+0001
     9.86400   0.1788347E+0001  -0.6375109E-0016   0.4187800E+0001  -0.5935280E-0003  -0.1912533E-0015   0.3933072E-0001  -0.8172516E+0001
     9.86800   0.1788347E+0001  -0.6375109E-0016   0.4184774E+0001  -0.5935280E-0003  -0.1864286E-0015   0.3942598E-0001  -0.8172457E+0001
     9.87200   0.1788347E+0001  -0.6375109E-0016   0.4181774E+0001  -0.5935280E-0003  -0.1812244E-0015   0.3949022E-0001  -0.8172373E+0001
     9.87600   0.1788347E+0001  -0.1183949E-0015   0.4178818E+0001  -0.5935280E-0003  -0.1764539E-0015   0.3952426E-0001  -0.8172263E+0001
     9.88000   0.1788347E+0001  -0.1183949E-0015   0.4175929E+0001  -0.5935280E-0003  -0.1716563E-0015   0.3952865E-0001  -0.8172127E+0001
     9.88400   0.1788347E+0001  -0.1734723E-0015   0.4173133E+0001  -0.5935280E-0003  -0.1659914E-0015   0.3950369E-0001  -0.8171967E+0001
     9.88800   0.1788347E+0001  -0.6375109E-0016   0.4170450E+0001  -0.5935280E-0003  -0.1624948E-0015   0.3944954E-0001  -0.8171784E+0001
     9.89200   0.1788347E+0001  -0.6375109E-0016   0.4167896E+0001  -0.5935280E-0003  -0.1576972E-0015   0.3936633E-0001  -0.8171578E+0001
     9.89600   0.1788347E+0001  -0.6375109E-0016   0.4165479E+0001  -0.5935280E-0003  -0.1529064E-0015   0.3925432E-0001  -0.8171352E+0001
     9.90000   0.1788347E+0001  -0.1188286E-0015   0.4163200E+0001  -0.5935280E-0003  -0.1494031E-0015   0.3911406E-0001  -0.8171106E+0001
     9.90400   0.1788347E+0001  -0.6375109E-0016   0.4161051E+0001  -0.5935280E-0003  -0.1458997E-0015   0.3894644E-0001  -0.8170844E+0001
     9.90800   0.1788347E+0001  -0.6375109E-0016   0.4159021E+0001  -0.5935280E-0003  -0.1415290E-0015   0.3875278E-0001  -0.8170567E+0001
     9.91200   0.1788347E+0001  -0.1188286E-0015   0.4157096E+0001  -0.5935280E-0003  -0.1376124E-0015   0.3853480E-0001  -0.8170278E+0001
     9.91600   0.1788347E+0001  -0.1739060E-0015   0.4155261E+0001  -0.5935280E-0003  -0.1349561E-0015   0.3829461E-0001  -0.8169978E+0001
     9.92000   0.1788347E+0001  -0.6375109E-0016   0.4153503E+0001  -0.5935280E-0003  -0.1331942E-0015   0.3803453E-0001  -0.8169672E+0001
     9.92400   0.1788347E+0001  -0.1188286E-0015   0.4151812E+0001  -0.5935280E-0003  -0.1292911E-0015   0.3775702E-0001  -0.8169360E+0001
     9.92800   0.1788347E+0001  -0.1188286E-0015   0.4150183E+0001  -0.5935280E-0003  -0.1266348E-0015   0.3746455E-0001  -0.8169047E+0001
     9.93200   0.1788347E+0001  -0.1188286E-0015   0.4148614E+0001  -0.5935280E-0003  -0.1226775E-0015   0.3715941E-0001  -0.8168734E+0001
     9.93600   0.1788347E+0001  -0.1739060E-0015   0.4147106E+0001  -0.5935280E-0003  -0.1204549E-0015   0.3684372E-0001  -0.8168424E+0001
     9.94000   0.1788347E+0001  -0.1739060E-0015   0.4145660E+0001  -0.5935280E-0003  -0.1195875E-0015   0.3651932E-0001  -0.8168119E+0001
     9.94400   0.1788347E+0001  -0.6375109E-0016   0.4144280E+0001  -0.5935280E-0003  -0.1169854E-0015   0.3618784E-0001  -0.8167823E+0001
     9.94800   0.1788347E+0001  -0.6375109E-0016   0.4142968E+0001  -0.5935280E-0003  -0.1143833E-0015   0.3585068E-0001  -0.8167536E+0001
     9.95200   0.1788347E+0001  -0.1734723E-0015   0.4141724E+0001  -0.5935280E-0003  -0.1122149E-0015   0.3550917E-0001  -0.8167260E+0001
     9.95600   0.1788347E+0001  -0.6375109E-0016   0.4140547E+0001  -0.5935280E-0003  -0.1100465E-0015   0.3516460E-0001  -0.8166997E+0001
     9.96000   0.1788347E+0001  -0.6375109E-0016   0.4139430E+0001  -0.5935280E-0003  -0.1070108E-0015   0.3481833E-0001  -0.8166749E+0001
     9.96400   0.1788347E+0001  -0.9107298E-0017   0.4138367E+0001  -0.5935280E-0003  -0.1060350E-0015   0.3447181E-0001  -0.8166515E+0001
     9.96800   0.1788347E+0001  -0.6375109E-0016   0.4137348E+0001  -0.5935280E-0003  -0.1037581E-0015   0.3412660E-0001  -0.8166298E+0001
     9.97200   0.1788347E+0001  -0.6375109E-0016   0.4136362E+0001  -0.5935280E-0003  -0.1014813E-0015   0.3378435E-0001  -0.8166095E+0001
     9.97600   0.1788347E+0001  -0.1188286E-0015   0.4135398E+0001  -0.5935280E-0003  -0.1009392E-0015   0.3344669E-0001  -0.8165909E+0001
     9.98000   0.1788347E+0001  -0.6375109E-0016   0.4134445E+0001  -0.5935280E-0003  -0.9746978E-0016   0.3311516E-0001  -0.8165737E+0001
     9.98400   0.1788347E+0001  -0.1734723E-0015   0.4133493E+0001  -0.5935280E-0003  -0.9606031E-0016   0.3279110E-0001  -0.8165580E+0001
     9.98800   0.1788347E+0001  -0.8673617E-0017   0.4132531E+0001  -0.5935280E-0003  -0.9638557E-0016   0.3247555E-0001  -0.8165435E+0001
     9.99200   0.1788347E+0001  -0.1183949E-0015   0.4131550E+0001  -0.5935280E-0003  -0.9584347E-0016   0.3216919E-0001  -0.8165303E+0001
     9.99600   0.1788347E+0001  -0.1183949E-0015   0.4130544E+0001  -0.5935280E-0003  -0.9280771E-0016   0.3187229E-0001  -0.8165182E+0001
    10.00000   0.1788347E+0001  -0.1183949E-0015   0.4129504E+0001  -0.5935280E-0003  -0.9096456E-0016   0.3158476E-0001  -0.8165069E+0001
    10.00400   0.1788347E+0001  -0.1183949E-0015   0.4128426E+0001  -0.5935280E-0003  -0.8922984E-0016   0.3130617E-0001  -0.8164963E+0001
    10.00800   0.1788347E+0001  -0.1183949E-0015   0.4127301E+0001  -0.5935280E-0003  -0.8782038E-0016   0.3103582E-0001  -0.8164864E+0001
    10.01200   0.1788347E+0001  -0.6331741E-0016   0.4126126E+0001  -0.5935280E-0003  -0.8608565E-0016   0.3077286E-0001  -0.8164767E+0001
    10.01600   0.1788347E+0001  -0.8673617E-0017   0.4124896E+0001  -0.5935280E-0003  -0.8467619E-0016   0.3051632E-0001  -0.8164674E+0001
    10.02000   0.1788347E+0001  -0.6375109E-0016   0.4123606E+0001  -0.5935280E-0003  -0.8196568E-0016   0.3026521E-0001  -0.8164580E+0001
    10.02400   0.1788347E+0001  -0.1734723E-0015   0.4122253E+0001  -0.5935280E-0003  -0.8012254E-0016   0.3001853E-0001  -0.8164487E+0001
    10.02800   0.1788347E+0001  -0.1183949E-0015   0.4120835E+0001  -0.5935280E-0003  -0.7784572E-0016   0.2977527E-0001  -0.8164391E+0001
    10.03200   0.1788347E+0001  -0.1188286E-0015   0.4119350E+0001  -0.5935280E-0003  -0.7611099E-0016   0.2953441E-0001  -0.8164293E+0001
    10.03600   0.1788347E+0001  -0.6375109E-0016   0.4117796E+0001  -0.5935280E-0003  -0.7220786E-0016   0.2929485E-0001  -0.8164192E+0001
    10.04000   0.1788347E+0001  -0.1739060E-0015   0.4116175E+0001  -0.5935280E-0003  -0.7025630E-0016   0.2905539E-0001  -0.8164087E+0001
    10.04400   0.1788347E+0001  -0.1739060E-0015   0.4114487E+0001  -0.5935280E-0003  -0.6765422E-0016   0.2881469E-0001  -0.8163978E+0001
    10.04800   0.1788347E+0001  -0.6375109E-0016   0.4112732E+0001  -0.5935280E-0003  -0.6461845E-0016   0.2857129E-0001  -0.8163866E+0001
    10.05200   0.1788347E+0001  -0.6375109E-0016   0.4110913E+0001  -0.5935280E-0003  -0.6093216E-0016   0.2832361E-0001  -0.8163749E+0001
    10.05600   0.1788347E+0001  -0.6375109E-0016   0.4109029E+0001  -0.5935280E-0003  -0.5833008E-0016   0.2807003E-0001  -0.8163630E+0001
    10.06000   0.1788347E+0001  -0.1188286E-0015   0.4107084E+0001  -0.5935280E-0003  -0.5529431E-0016   0.2780895E-0001  -0.8163509E+0001
    10.06400   0.1788347E+0001  -0.1739060E-0015   0.4105079E+0001  -0.5935280E-0003  -0.5225854E-0016   0.2753890E-0001  -0.8163387E+0001
    10.06800   0.1788347E+0001  -0.1192622E-0015   0.4103016E+0001  -0.5935280E-0003  -0.4835542E-0016   0.2725865E-0001  -0.8163264E+0001
    10.07200   0.1788347E+0001  -0.1743397E-0015   0.4100898E+0001  -0.5935280E-0003  -0.4618701E-0016   0.2696723E-0001  -0.8163143E+0001
    10.07600   0.1788347E+0001  -0.1743397E-0015   0.4098729E+0001  -0.5935280E-0003  -0.4271757E-0016   0.2666400E-0001  -0.8163023E+0001
    10.08000   0.1788347E+0001  -0.6418477E-0016   0.4096516E+0001  -0.5935280E-0003  -0.3859760E-0016   0.2634871E-0001  -0.8162907E+0001
    10.08400   0.1788347E+0001  -0.1196959E-0015   0.4094265E+0001  -0.5935280E-0003  -0.3491131E-0016   0.2602138E-0001  -0.8162796E+0001
    10.08800   0.1788347E+0001  -0.1196959E-0015   0.4091984E+0001  -0.5935280E-0003  -0.3165870E-0016   0.2568231E-0001  -0.8162691E+0001
    10.09200   0.1788347E+0001  -0.1196959E-0015   0.4089684E+0001  -0.5935280E-0003  -0.2753874E-0016   0.2533201E-0001  -0.8162594E+0001
    10.09600   0.1788347E+0001  -0.1196959E-0015   0.4087375E+0001  -0.5935280E-0003  -0.2385245E-0016   0.2497108E-0001  -0.8162504E+0001
    10.10000   0.1788347E+0001  -0.6505213E-0016   0.4085069E+0001  -0.5935280E-0003  -0.2059984E-0016   0.2460022E-0001  -0.8162424E+0001
    10.10400   0.1788347E+0001  -0.6505213E-0016   0.4082775E+0001  -0.5935280E-0003  -0.1626303E-0016   0.2422010E-0001  -0.8162353E+0001
    10.10800   0.1788347E+0001  -0.1040834E-0016   0.4080505E+0001  -0.5935280E-0003  -0.1279359E-0016   0.2383144E-0001  -0.8162294E+0001
    10.11200   0.1788347E+0001  -0.1752071E-0015   0.4078266E+0001  -0.5935280E-0003  -0.8456777E-0017   0.2343496E-0001  -0.8162245E+0001
    10.11600   0.1788347E+0001  -0.1205633E-0015   0.4076066E+0001  -0.5935280E-0003  -0.5421011E-0017   0.2303145E-0001  -0.8162208E+0001
    10.12000   0.1788347E+0001  -0.1205633E-0015   0.4073910E+0001  -0.5935280E-0003  -0.1517883E-0017   0.2262181E-0001  -0.8162183E+0001
    10.12400   0.1788347E+0001  -0.6591949E-0016   0.4071801E+0001  -0.5935280E-0003   0.1951564E-0017   0.2220710E-0001  -0.8162170E+0001
    10.12800   0.1788347E+0001  -0.1214306E-0015   0.4069740E+0001  -0.5935280E-0003   0.5421011E-0017   0.2178854E-0001  -0.8162168E+0001
    10.13200   0.1788347E+0001  -0.1760744E-0015   0.4067728E+0001  -0.5935280E-0003   0.8890458E-0017   0.2136756E-0001  -0.8162177E+0001
    10.13600   0.1788347E+0001  -0.6591949E-0016   0.4065763E+0001  -0.5935280E-0003   0.1257675E-0016   0.2094574E-0001  -0.8162198E+0001
    10.14000   0.1788347E+0001  -0.1214306E-0015   0.4063845E+0001  -0.5935280E-0003   0.1474515E-0016   0.2052475E-0001  -0.8162228E+0001
    10.14400   0.1788347E+0001  -0.1769418E-0015   0.4061972E+0001  -0.5935280E-0003   0.1886512E-0016   0.2010627E-0001  -0.8162268E+0001
    10.14800   0.1788347E+0001  -0.6678685E-0016   0.4060142E+0001  -0.5935280E-0003   0.2190088E-0016   0.1969193E-0001  -0.8162317E+0001
    10.15200   0.1788347E+0001   0.4336809E-0016   0.4058354E+0001  -0.5935280E-0003   0.2450297E-0016   0.1928316E-0001  -0.8162374E+0001
    10.15600   0.1788347E+0001  -0.6678685E-0016   0.4056607E+0001  -0.5935280E-0003   0.2775558E-0016   0.1888117E-0001  -0.8162438E+0001
    10.16000   0.1788347E+0001  -0.1214306E-0015   0.4054900E+0001  -0.5935280E-0003   0.3057450E-0016   0.1848687E-0001  -0.8162508E+0001
    10.16400   0.1788347E+0001  -0.1214306E-0015   0.4053231E+0001  -0.5935280E-0003   0.3317659E-0016   0.1810084E-0001  -0.8162583E+0001
    10.16800   0.1788347E+0001  -0.1214306E-0015   0.4051599E+0001  -0.5935280E-0003   0.3599551E-0016   0.1772339E-0001  -0.8162662E+0001
    10.17200   0.1788347E+0001  -0.6678685E-0016   0.4050002E+0001  -0.5935280E-0003   0.3838076E-0016   0.1735451E-0001  -0.8162744E+0001
    10.17600   0.1788347E+0001  -0.6678685E-0016   0.4048435E+0001  -0.5935280E-0003   0.4141652E-0016   0.1699401E-0001  -0.8162827E+0001
    10.18000   0.1788347E+0001  -0.1127570E-0016   0.4046894E+0001  -0.5935280E-0003   0.4445229E-0016   0.1664150E-0001  -0.8162910E+0001
    10.18400   0.1788347E+0001  -0.6591949E-0016   0.4045375E+0001  -0.5935280E-0003   0.4640385E-0016   0.1629649E-0001  -0.8162993E+0001
    10.18800   0.1788347E+0001  -0.1760744E-0015   0.4043871E+0001  -0.5935280E-0003   0.4911436E-0016   0.1595837E-0001  -0.8163073E+0001
    10.19200   0.1788347E+0001  -0.1214306E-0015   0.4042378E+0001  -0.5935280E-0003   0.5171644E-0016   0.1562644E-0001  -0.8163151E+0001
    10.19600   0.1788347E+0001  -0.1769418E-0015   0.4040888E+0001  -0.5935280E-0003   0.5399327E-0016   0.1529989E-0001  -0.8163225E+0001
    10.20000   0.1788347E+0001  -0.1214306E-0016   0.4039397E+0001  -0.5935280E-0003   0.5621588E-0016   0.1497777E-0001  -0.8163294E+0001
    10.20400   0.1788347E+0001  -0.6678685E-0016   0.4037901E+0001  -0.5935280E-0003   0.5887218E-0016   0.1465894E-0001  -0.8163357E+0001
    10.20800   0.1788347E+0001  -0.1214306E-0015   0.4036395E+0001  -0.5935280E-0003   0.6174531E-0016   0.1434205E-0001  -0.8163414E+0001
    10.21200   0.1788347E+0001  -0.6591949E-0016   0.4034877E+0001  -0.5935280E-0003   0.6440161E-0016   0.1402549E-0001  -0.8163464E+0001
    10.21600   0.1788347E+0001  -0.1205633E-0015   0.4033346E+0001  -0.5935280E-0003   0.6651580E-0016   0.1370744E-0001  -0.8163506E+0001
    10.22000   0.1788347E+0001  -0.1752071E-0015   0.4031800E+0001  -0.5935280E-0003   0.6881973E-0016   0.1338586E-0001  -0.8163540E+0001
    10.22400   0.1788347E+0001  -0.1205633E-0015   0.4030239E+0001  -0.5935280E-0003   0.7155734E-0016   0.1305855E-0001  -0.8163565E+0001
    10.22800   0.1788347E+0001  -0.1752071E-0015   0.4028664E+0001  -0.5935280E-0003   0.7407811E-0016   0.1272320E-0001  -0.8163583E+0001
    10.23200   0.1788347E+0001  -0.6505213E-0016   0.4027074E+0001  -0.5935280E-0003   0.7651757E-0016   0.1237752E-0001  -0.8163591E+0001
    10.23600   0.1788347E+0001  -0.1196959E-0015   0.4025472E+0001  -0.5935280E-0003   0.7936360E-0016   0.1201926E-0001  -0.8163592E+0001
    10.24000   0.1788347E+0001  -0.6418477E-0016   0.4023857E+0001  -0.5935280E-0003   0.8222318E-0016   0.1164630E-0001  -0.8163584E+0001
    10.24400   0.1788347E+0001  -0.9540979E-0017   0.4022230E+0001  -0.5935280E-0003   0.8464570E-0016   0.1125671E-0001  -0.8163568E+0001
    10.24800   0.1788347E+0001  -0.1196959E-0015   0.4020592E+0001  -0.5935280E-0003   0.8749850E-0016   0.1084876E-0001  -0.8163545E+0001
    10.25200   0.1788347E+0001  -0.6505213E-0016   0.4018943E+0001  -0.5935280E-0003   0.9023950E-0016   0.1042093E-0001  -0.8163515E+0001
    10.25600   0.1788347E+0001  -0.1196959E-0015   0.4017284E+0001  -0.5935280E-0003   0.9287547E-0016   0.9971895E-0002  -0.8163479E+0001
    10.26000   0.1788347E+0001  -0.9540979E-0017   0.4015618E+0001  -0.5935280E-0003   0.9551821E-0016   0.9500508E-0002  -0.8163437E+0001
    10.26400   0.1788347E+0001  -0.1196959E-0015   0.4013944E+0001  -0.5935280E-0003   0.9805253E-0016   0.9005776E-0002  -0.8163390E+0001
    10.26800   0.1788347E+0001  -0.6505213E-0016   0.4012264E+0001  -0.5935280E-0003   0.1011290E-0015   0.8486850E-0002  -0.8163339E+0001
    10.27200   0.1788347E+0001  -0.6505213E-0016   0.4010582E+0001  -0.5935280E-0003   0.1040970E-0015   0.7943019E-0002  -0.8163284E+0001
    10.27600   0.1788347E+0001  -0.1196959E-0015   0.4008898E+0001  -0.5935280E-0003   0.1068481E-0015   0.7373735E-0002  -0.8163225E+0001
    10.28000   0.1788347E+0001  -0.9540979E-0017   0.4007215E+0001  -0.5935280E-0003   0.1093824E-0015   0.6778634E-0002  -0.8163165E+0001
    10.28400   0.1788347E+0001  -0.9540979E-0017   0.4005534E+0001  -0.5935280E-0003   0.1121878E-0015   0.6157584E-0002  -0.8163102E+0001
    10.28800   0.1788347E+0001  -0.9540979E-0017   0.4003857E+0001  -0.5935280E-0003   0.1149864E-0015   0.5510726E-0002  -0.8163038E+0001
    10.29200   0.1788347E+0001  -0.9540979E-0017   0.4002187E+0001  -0.5935280E-0003   0.1175207E-0015   0.4838505E-0002  -0.8162973E+0001
    10.29600   0.1788347E+0001  -0.6505213E-0016   0.4000523E+0001  -0.5935280E-0003   0.1203735E-0015   0.4141696E-0002  -0.8162908E+0001
    10.30000   0.1788347E+0001  -0.1205633E-0015   0.3998867E+0001  -0.5935280E-0003   0.1232264E-0015   0.3421405E-0002  -0.8162844E+0001
    10.30400   0.1788347E+0001  -0.1205633E-0015   0.3997219E+0001  -0.5935280E-0003   0.1258894E-0015   0.2679048E-0002  -0.8162779E+0001
    10.30800   0.1788347E+0001  -0.1040834E-0016   0.3995582E+0001  -0.5935280E-0003   0.1285254E-0015   0.1916312E-0002  -0.8162716E+0001
    10.31200   0.1788347E+0001  -0.1196959E-0015   0.3993955E+0001  -0.5935280E-0003   0.1312562E-0015   0.1135103E-0002  -0.8162655E+0001
    10.31600   0.1788347E+0001  -0.6505213E-0016   0.3992339E+0001  -0.5935280E-0003   0.1339125E-0015   0.3374851E-0003  -0.8162595E+0001
    10.32000   0.1788347E+0001  -0.9540979E-0017   0.3990737E+0001  -0.5935280E-0003   0.1366095E-0015  -0.4743769E-0003  -0.8162538E+0001
    10.32400   0.1788347E+0001  -0.1196959E-0015   0.3989150E+0001  -0.5935280E-0003   0.1392387E-0015  -0.1298267E-0002  -0.8162483E+0001
    10.32800   0.1788347E+0001  -0.1196959E-0015   0.3987579E+0001  -0.5935280E-0003   0.1417865E-0015  -0.2131949E-0002  -0.8162431E+0001
    10.33200   0.1788347E+0001  -0.1196959E-0015   0.3986026E+0001  -0.5935280E-0003   0.1443886E-0015  -0.2973186E-0002  -0.8162382E+0001
    10.33600   0.1788347E+0001  -0.6461845E-0016   0.3984494E+0001  -0.5935280E-0003   0.1469636E-0015  -0.3819739E-0002  -0.8162336E+0001
    10.34000   0.1788347E+0001  -0.6461845E-0016   0.3982984E+0001  -0.5935280E-0003   0.1494573E-0015  -0.4669352E-0002  -0.8162294E+0001
    10.34400   0.1788347E+0001  -0.1743397E-0015   0.3981497E+0001  -0.5935280E-0003   0.1520051E-0015  -0.5519744E-0002  -0.8162256E+0001
    10.34800   0.1788347E+0001  -0.6461845E-0016   0.3980035E+0001  -0.5935280E-0003   0.1544446E-0015  -0.6368589E-0002  -0.8162222E+0001
    10.35200   0.1788347E+0001  -0.1196959E-0015   0.3978599E+0001  -0.5935280E-0003   0.1569383E-0015  -0.7213515E-0002  -0.8162192E+0001
    10.35600   0.1788347E+0001  -0.6461845E-0016   0.3977187E+0001  -0.5935280E-0003   0.1593777E-0015  -0.8052115E-0002  -0.8162166E+0001
    10.36000   0.1788347E+0001  -0.1196959E-0015   0.3975801E+0001  -0.5935280E-0003   0.1614919E-0015  -0.8881974E-0002  -0.8162143E+0001
    10.36400   0.1788347E+0001  -0.9974660E-0017   0.3974439E+0001  -0.5935280E-0003   0.1639314E-0015  -0.9700705E-0002  -0.8162125E+0001
    10.36800   0.1788347E+0001  -0.9974660E-0017   0.3973101E+0001  -0.5935280E-0003   0.1662624E-0015  -0.1050600E-0001  -0.8162110E+0001
    10.37200   0.1788347E+0001  -0.1201296E-0015   0.3971786E+0001  -0.5935280E-0003   0.1681598E-0015  -0.1129570E-0001  -0.8162099E+0001
    10.37600   0.1788347E+0001  -0.6505213E-0016   0.3970492E+0001  -0.5935280E-0003   0.1704908E-0015  -0.1206780E-0001  -0.8162091E+0001
    10.38000   0.1788347E+0001  -0.1201296E-0015   0.3969218E+0001  -0.5935280E-0003   0.1722255E-0015  -0.1282054E-0001  -0.8162086E+0001
    10.38400   0.1788347E+0001   0.4466913E-0016   0.3967963E+0001  -0.5935280E-0003   0.1748818E-0015  -0.1355237E-0001  -0.8162083E+0001
    10.38800   0.1788347E+0001  -0.6548581E-0016   0.3966725E+0001  -0.5935280E-0003   0.1770502E-0015  -0.1426200E-0001  -0.8162082E+0001
    10.39200   0.1788347E+0001  -0.1205633E-0015   0.3965502E+0001  -0.5935280E-0003   0.1790560E-0015  -0.1494834E-0001  -0.8162083E+0001
    10.39600   0.1788347E+0001  -0.6548581E-0016   0.3964293E+0001  -0.5935280E-0003   0.1808449E-0015  -0.1561053E-0001  -0.8162085E+0001
    10.40000   0.1788347E+0001  -0.1040834E-0016   0.3963097E+0001  -0.5935280E-0003   0.1826339E-0015  -0.1624785E-0001  -0.8162087E+0001
    10.40400   0.1788347E+0001   0.4466913E-0016   0.3961910E+0001  -0.5935280E-0003   0.1850733E-0015  -0.1685972E-0001  -0.8162090E+0001
    10.40800   0.1788347E+0001  -0.1040834E-0016   0.3960731E+0001  -0.5935280E-0003   0.1862117E-0015  -0.1744565E-0001  -0.8162092E+0001
    10.41200   0.1788347E+0001   0.4466913E-0016   0.3959558E+0001  -0.5935280E-0003   0.1884343E-0015  -0.1800525E-0001  -0.8162094E+0001
    10.41600   0.1788347E+0001  -0.6505213E-0016   0.3958389E+0001  -0.5935280E-0003   0.1900064E-0015  -0.1853823E-0001  -0.8162095E+0001
    10.42000   0.1788347E+0001   0.4466913E-0016   0.3957221E+0001  -0.5935280E-0003   0.1930964E-0015  -0.1904436E-0001  -0.8162095E+0001
    10.42400   0.1788347E+0001  -0.1040834E-0016   0.3956051E+0001  -0.5935280E-0003   0.1946685E-0015  -0.1952354E-0001  -0.8162093E+0001
    10.42800   0.1788347E+0001   0.4466913E-0016   0.3954879E+0001  -0.5935280E-0003   0.1964574E-0015  -0.1997581E-0001  -0.8162089E+0001
    10.43200   0.1788347E+0001  -0.1201296E-0015   0.3953702E+0001  -0.5935280E-0003   0.1986800E-0015  -0.2040133E-0001  -0.8162084E+0001
    10.43600   0.1788347E+0001  -0.9974660E-0017   0.3952519E+0001  -0.5935280E-0003   0.2000082E-0015  -0.2080043E-0001  -0.8162077E+0001
    10.44000   0.1788347E+0001  -0.6461845E-0016   0.3951329E+0001  -0.5935280E-0003   0.2019869E-0015  -0.2117357E-0001  -0.8162068E+0001
    10.44400   0.1788347E+0001  -0.6461845E-0016   0.3950131E+0001  -0.5935280E-0003   0.2043992E-0015  -0.2152135E-0001  -0.8162057E+0001
    10.44800   0.1788347E+0001   0.4553649E-0016   0.3948924E+0001  -0.5935280E-0003   0.2059713E-0015  -0.2184446E-0001  -0.8162044E+0001
    10.45200   0.1788347E+0001  -0.6461845E-0016   0.3947707E+0001  -0.5935280E-0003   0.2081668E-0015  -0.2214364E-0001  -0.8162029E+0001
    10.45600   0.1788347E+0001  -0.1196959E-0015   0.3946482E+0001  -0.5935280E-0003   0.2099558E-0015  -0.2241966E-0001  -0.8162012E+0001
    10.46000   0.1788347E+0001  -0.6461845E-0016   0.3945248E+0001  -0.5935280E-0003   0.2125849E-0015  -0.2267326E-0001  -0.8161994E+0001
    10.46400   0.1788347E+0001  -0.1747734E-0015   0.3944004E+0001  -0.5935280E-0003   0.2139402E-0015  -0.2290514E-0001  -0.8161974E+0001
    10.46800   0.1788347E+0001  -0.1747734E-0015   0.3942752E+0001  -0.5935280E-0003   0.2161493E-0015  -0.2311596E-0001  -0.8161954E+0001
    10.47200   0.1788347E+0001  -0.9540979E-0017   0.3941491E+0001  -0.5935280E-0003   0.2181415E-0015  -0.2330630E-0001  -0.8161932E+0001
    10.47600   0.1788347E+0001  -0.1196959E-0015   0.3940223E+0001  -0.5935280E-0003   0.2207842E-0015  -0.2347672E-0001  -0.8161909E+0001
    10.48000   0.1788347E+0001  -0.6461845E-0016   0.3938949E+0001  -0.5935280E-0003   0.2225732E-0015  -0.2362776E-0001  -0.8161886E+0001
    10.48400   0.1788347E+0001  -0.1747734E-0015   0.3937669E+0001  -0.5935280E-0003   0.2245654E-0015  -0.2375998E-0001  -0.8161862E+0001
    10.48800   0.1788347E+0001  -0.9540979E-0017   0.3936385E+0001  -0.5935280E-0003   0.2261307E-0015  -0.2387397E-0001  -0.8161838E+0001
    10.49200   0.1788347E+0001  -0.1192622E-0015   0.3935098E+0001  -0.5935280E-0003   0.2285566E-0015  -0.2397037E-0001  -0.8161815E+0001
    10.49600   0.1788347E+0001  -0.6461845E-0016   0.3933810E+0001  -0.5935280E-0003   0.2305556E-0015  -0.2404990E-0001  -0.8161791E+0001
    10.50000   0.1788347E+0001  -0.9540979E-0017   0.3932522E+0001  -0.5935280E-0003   0.2327647E-0015  -0.2411333E-0001  -0.8161768E+0001
    10.50400   0.1788347E+0001  -0.6461845E-0016   0.3931236E+0001  -0.5935280E-0003   0.2345468E-0015  -0.2416146E-0001  -0.8161746E+0001
    10.50800   0.1788347E+0001  -0.6461845E-0016   0.3929954E+0001  -0.5935280E-0003   0.2369727E-0015  -0.2419511E-0001  -0.8161724E+0001
    10.51200   0.1788347E+0001  -0.9974660E-0017   0.3928677E+0001  -0.5935280E-0003   0.2389717E-0015  -0.2421509E-0001  -0.8161703E+0001
    10.51600   0.1788347E+0001  -0.9974660E-0017   0.3927406E+0001  -0.5935280E-0003   0.2409673E-0015  -0.2422217E-0001  -0.8161683E+0001
    10.52000   0.1788347E+0001  -0.1201296E-0015   0.3926142E+0001  -0.5935280E-0003   0.2438218E-0015  -0.2421707E-0001  -0.8161664E+0001
    10.52400   0.1788347E+0001  -0.6505213E-0016   0.3924887E+0001  -0.5935280E-0003   0.2453871E-0015  -0.2420047E-0001  -0.8161645E+0001
    10.52800   0.1788347E+0001  -0.6505213E-0016   0.3923640E+0001  -0.5935280E-0003   0.2480265E-0015  -0.2417296E-0001  -0.8161627E+0001
    10.53200   0.1788347E+0001   0.4466913E-0016   0.3922403E+0001  -0.5935280E-0003   0.2498087E-0015  -0.2413513E-0001  -0.8161609E+0001
    10.53600   0.1788347E+0001  -0.1205633E-0015   0.3921175E+0001  -0.5935280E-0003   0.2522329E-0015  -0.2408754E-0001  -0.8161592E+0001
    10.54000   0.1788347E+0001  -0.6548581E-0016   0.3919957E+0001  -0.5935280E-0003   0.2540133E-0015  -0.2403079E-0001  -0.8161575E+0001
    10.54400   0.1788347E+0001  -0.1084202E-0016   0.3918749E+0001  -0.5935280E-0003   0.2555786E-0015  -0.2396550E-0001  -0.8161558E+0001
    10.54800   0.1788347E+0001  -0.6548581E-0016   0.3917551E+0001  -0.5935280E-0003   0.2573608E-0015  -0.2389234E-0001  -0.8161541E+0001
    10.55200   0.1788347E+0001  -0.1040834E-0016   0.3916362E+0001  -0.5935280E-0003   0.2591413E-0015  -0.2381203E-0001  -0.8161524E+0001
    10.55600   0.1788347E+0001  -0.6548581E-0016   0.3915183E+0001  -0.5935280E-0003   0.2613503E-0015  -0.2372535E-0001  -0.8161506E+0001
    10.56000   0.1788347E+0001  -0.6548581E-0016   0.3914013E+0001  -0.5935280E-0003   0.2637762E-0015  -0.2363308E-0001  -0.8161486E+0001
    10.56400   0.1788347E+0001   0.4466913E-0016   0.3912851E+0001  -0.5935280E-0003   0.2659853E-0015  -0.2353602E-0001  -0.8161466E+0001
    10.56800   0.1788347E+0001  -0.6505213E-0016   0.3911698E+0001  -0.5935280E-0003   0.2675506E-0015  -0.2343492E-0001  -0.8161445E+0001
    10.57200   0.1788347E+0001   0.4466913E-0016   0.3910552E+0001  -0.5935280E-0003   0.2706203E-0015  -0.2333048E-0001  -0.8161421E+0001
    10.57600   0.1788347E+0001  -0.6548581E-0016   0.3909413E+0001  -0.5935280E-0003   0.2715452E-0015  -0.2322334E-0001  -0.8161396E+0001
    10.58000   0.1788347E+0001  -0.1040834E-0016   0.3908280E+0001  -0.5935280E-0003   0.2735408E-0015  -0.2311405E-0001  -0.8161369E+0001
    10.58400   0.1788347E+0001  -0.6548581E-0016   0.3907153E+0001  -0.5935280E-0003   0.2751095E-0015  -0.2300308E-0001  -0.8161340E+0001
    10.58800   0.1788347E+0001   0.4423545E-0016   0.3906030E+0001  -0.5935280E-0003   0.2775354E-0015  -0.2289086E-0001  -0.8161309E+0001
    10.59200   0.1788347E+0001  -0.1084202E-0016   0.3904912E+0001  -0.5935280E-0003   0.2788873E-0015  -0.2277777E-0001  -0.8161275E+0001
    10.59600   0.1788347E+0001  -0.1084202E-0016   0.3903797E+0001  -0.5935280E-0003   0.2808829E-0015  -0.2266415E-0001  -0.8161240E+0001
    10.60000   0.1788347E+0001   0.4423545E-0016   0.3902684E+0001  -0.5935280E-0003   0.2822348E-0015  -0.2255039E-0001  -0.8161202E+0001
    10.60400   0.1788347E+0001  -0.1205633E-0015   0.3901573E+0001  -0.5935280E-0003   0.2844438E-0015  -0.2243683E-0001  -0.8161162E+0001
    10.60800   0.1788347E+0001  -0.6591949E-0016   0.3900463E+0001  -0.5935280E-0003   0.2857957E-0015  -0.2232386E-0001  -0.8161120E+0001
    10.61200   0.1788347E+0001  -0.6591949E-0016   0.3899355E+0001  -0.5935280E-0003   0.2888653E-0015  -0.2221185E-0001  -0.8161077E+0001
    10.61600   0.1788347E+0001  -0.1209970E-0015   0.3898246E+0001  -0.5935280E-0003   0.2897869E-0015  -0.2210115E-0001  -0.8161032E+0001
    10.62000   0.1788347E+0001  -0.6591949E-0016   0.3897138E+0001  -0.5935280E-0003   0.2917859E-0015  -0.2199206E-0001  -0.8160986E+0001
    10.62400   0.1788347E+0001  -0.6591949E-0016   0.3896029E+0001  -0.5935280E-0003   0.2935613E-0015  -0.2188484E-0001  -0.8160939E+0001
    10.62800   0.1788347E+0001   0.4423545E-0016   0.3894919E+0001  -0.5935280E-0003   0.2957704E-0015  -0.2177963E-0001  -0.8160891E+0001
    10.63200   0.1788347E+0001  -0.6591949E-0016   0.3893807E+0001  -0.5935280E-0003   0.2973357E-0015  -0.2167653E-0001  -0.8160843E+0001
    10.63600   0.1788347E+0001  -0.6591949E-0016   0.3892694E+0001  -0.5935280E-0003   0.2989010E-0015  -0.2157551E-0001  -0.8160796E+0001
    10.64000   0.1788347E+0001  -0.1209970E-0015   0.3891580E+0001  -0.5935280E-0003   0.3013269E-0015  -0.2147651E-0001  -0.8160748E+0001
    10.64400   0.1788347E+0001  -0.1209970E-0015   0.3890463E+0001  -0.5935280E-0003   0.3028990E-0015  -0.2137941E-0001  -0.8160702E+0001
    10.64800   0.1788347E+0001  -0.1209970E-0015   0.3889344E+0001  -0.5935280E-0003   0.3046744E-0015  -0.2128407E-0001  -0.8160656E+0001
    10.65200   0.1788347E+0001  -0.1209970E-0015   0.3888224E+0001  -0.5935280E-0003   0.3073171E-0015  -0.2119038E-0001  -0.8160612E+0001
    10.65600   0.1788347E+0001  -0.1209970E-0015   0.3887102E+0001  -0.5935280E-0003   0.3088892E-0015  -0.2109825E-0001  -0.8160569E+0001
    10.66000   0.1788347E+0001  -0.6591949E-0016   0.3885979E+0001  -0.5935280E-0003   0.3106646E-0015  -0.2100765E-0001  -0.8160528E+0001
    10.66400   0.1788347E+0001  -0.1209970E-0015   0.3884855E+0001  -0.5935280E-0003   0.3113693E-0015  -0.2091861E-0001  -0.8160488E+0001
    10.66800   0.1788347E+0001  -0.1209970E-0015   0.3883732E+0001  -0.5935280E-0003   0.3142289E-0015  -0.2083121E-0001  -0.8160451E+0001
    10.67200   0.1788347E+0001  -0.1209970E-0015   0.3882610E+0001  -0.5935280E-0003   0.3155841E-0015  -0.2074558E-0001  -0.8160415E+0001
    10.67600   0.1788347E+0001  -0.6591949E-0016   0.3881489E+0001  -0.5935280E-0003   0.3171562E-0015  -0.2066185E-0001  -0.8160382E+0001
    10.68000   0.1788347E+0001  -0.6591949E-0016   0.3880370E+0001  -0.5935280E-0003   0.3191620E-0015  -0.2058017E-0001  -0.8160351E+0001
    10.68400   0.1788347E+0001  -0.1760744E-0015   0.3879254E+0001  -0.5935280E-0003   0.3209509E-0015  -0.2050068E-0001  -0.8160322E+0001
    10.68800   0.1788347E+0001   0.4380177E-0016   0.3878140E+0001  -0.5935280E-0003   0.3227128E-0015  -0.2042350E-0001  -0.8160296E+0001
    10.69200   0.1788347E+0001  -0.1214306E-0015   0.3877030E+0001  -0.5935280E-0003   0.3249354E-0015  -0.2034874E-0001  -0.8160272E+0001
    10.69600   0.1788347E+0001  -0.1214306E-0015   0.3875923E+0001  -0.5935280E-0003   0.3269141E-0015  -0.2027652E-0001  -0.8160250E+0001
    10.70000   0.1788347E+0001  -0.6635317E-0016   0.3874820E+0001  -0.5935280E-0003   0.3288927E-0015  -0.2020698E-0001  -0.8160230E+0001
    10.70400   0.1788347E+0001  -0.1127570E-0016   0.3873719E+0001  -0.5935280E-0003   0.3306546E-0015  -0.2014028E-0001  -0.8160213E+0001
    10.70800   0.1788347E+0001  -0.6635317E-0016   0.3872622E+0001  -0.5935280E-0003   0.3315490E-0015  -0.2007667E-0001  -0.8160198E+0001
    10.71200   0.1788347E+0001   0.4380177E-0016   0.3871527E+0001  -0.5935280E-0003   0.3335548E-0015  -0.2001645E-0001  -0.8160186E+0001
    10.71600   0.1788347E+0001  -0.6635317E-0016   0.3870434E+0001  -0.5935280E-0003   0.3357774E-0015  -0.1996002E-0001  -0.8160176E+0001
    10.72000   0.1788347E+0001  -0.6635317E-0016   0.3869344E+0001  -0.5935280E-0003   0.3377832E-0015  -0.1990783E-0001  -0.8160168E+0001
    10.72400   0.1788347E+0001  -0.6635317E-0016   0.3868255E+0001  -0.5935280E-0003   0.3397890E-0015  -0.1986039E-0001  -0.8160163E+0001
    10.72800   0.1788347E+0001  -0.6635317E-0016   0.3867167E+0001  -0.5935280E-0003   0.3409274E-0015  -0.1981823E-0001  -0.8160161E+0001
    10.73200   0.1788347E+0001  -0.1127570E-0016   0.3866081E+0001  -0.5935280E-0003   0.3435837E-0015  -0.1978189E-0001  -0.8160162E+0001
    10.73600   0.1788347E+0001  -0.1214306E-0015   0.3864996E+0001  -0.5935280E-0003   0.3451558E-0015  -0.1975187E-0001  -0.8160167E+0001
    10.74000   0.1788347E+0001  -0.1170938E-0016   0.3863911E+0001  -0.5935280E-0003   0.3465110E-0015  -0.1972864E-0001  -0.8160174E+0001
    10.74400   0.1788347E+0001   0.4293441E-0016   0.3862828E+0001  -0.5935280E-0003   0.3489505E-0015  -0.1971257E-0001  -0.8160185E+0001
    10.74800   0.1788347E+0001  -0.1170938E-0016   0.3861745E+0001  -0.5935280E-0003   0.3500889E-0015  -0.1970398E-0001  -0.8160199E+0001
    10.75200   0.1788347E+0001   0.4336809E-0016   0.3860663E+0001  -0.5935280E-0003   0.3520947E-0015  -0.1970313E-0001  -0.8160218E+0001
    10.75600   0.1788347E+0001  -0.1170938E-0016   0.3859581E+0001  -0.5935280E-0003   0.3543173E-0015  -0.1971021E-0001  -0.8160240E+0001
    10.76000   0.1788347E+0001   0.4336809E-0016   0.3858501E+0001  -0.5935280E-0003   0.3554557E-0015  -0.1972535E-0001  -0.8160267E+0001
    10.76400   0.1788347E+0001  -0.1214306E-0015   0.3857423E+0001  -0.5935280E-0003   0.3572446E-0015  -0.1974866E-0001  -0.8160298E+0001
    10.76800   0.1788347E+0001  -0.1170938E-0016   0.3856346E+0001  -0.5935280E-0003   0.3591962E-0015  -0.1978023E-0001  -0.8160333E+0001
    10.77200   0.1788347E+0001  -0.1218643E-0015   0.3855271E+0001  -0.5935280E-0003   0.3614188E-0015  -0.1982009E-0001  -0.8160373E+0001
    10.77600   0.1788347E+0001  -0.1214306E-0016   0.3854199E+0001  -0.5935280E-0003   0.3629909E-0015  -0.1986826E-0001  -0.8160418E+0001
    10.78000   0.1788347E+0001  -0.1222980E-0015   0.3853129E+0001  -0.5935280E-0003   0.3645630E-0015  -0.1992469E-0001  -0.8160466E+0001
    10.78400   0.1788347E+0001  -0.1222980E-0015   0.3852063E+0001  -0.5935280E-0003   0.3663519E-0015  -0.1998930E-0001  -0.8160519E+0001
    10.78800   0.1788347E+0001  -0.1214306E-0016   0.3851002E+0001  -0.5935280E-0003   0.3678698E-0015  -0.2006188E-0001  -0.8160575E+0001
    10.79200   0.1788347E+0001  -0.6722053E-0016   0.3849944E+0001  -0.5935280E-0003   0.3696045E-0015  -0.2014217E-0001  -0.8160636E+0001
    10.79600   0.1788347E+0001  -0.6722053E-0016   0.3848892E+0001  -0.5935280E-0003   0.3716103E-0015  -0.2022978E-0001  -0.8160700E+0001
    10.80000   0.1788347E+0001   0.4250073E-0016   0.3847845E+0001  -0.5935280E-0003   0.3725861E-0015  -0.2032423E-0001  -0.8160766E+0001
    10.80400   0.1788347E+0001   0.4250073E-0016   0.3846804E+0001  -0.5935280E-0003   0.3745919E-0015  -0.2042497E-0001  -0.8160835E+0001
    10.80800   0.1788347E+0001   0.4250073E-0016   0.3845770E+0001  -0.5935280E-0003   0.3768145E-0015  -0.2053137E-0001  -0.8160907E+0001
    10.81200   0.1788347E+0001  -0.1257675E-0016   0.3844741E+0001  -0.5935280E-0003   0.3781697E-0015  -0.2064276E-0001  -0.8160979E+0001
    10.81600   0.1788347E+0001   0.4250073E-0016   0.3843720E+0001  -0.5935280E-0003   0.3803381E-0015  -0.2075847E-0001  -0.8161053E+0001
    10.82000   0.1788347E+0001   0.4250073E-0016   0.3842706E+0001  -0.5935280E-0003   0.3819102E-0015  -0.2087779E-0001  -0.8161127E+0001
    10.82400   0.1788347E+0001  -0.6765422E-0016   0.3841699E+0001  -0.5935280E-0003   0.3832655E-0015  -0.2100009E-0001  -0.8161201E+0001
    10.82800   0.1788347E+0001  -0.1301043E-0016   0.3840700E+0001  -0.5935280E-0003   0.3848376E-0015  -0.2112473E-0001  -0.8161274E+0001
    10.83200   0.1788347E+0001  -0.1301043E-0016   0.3839710E+0001  -0.5935280E-0003   0.3868433E-0015  -0.2125113E-0001  -0.8161346E+0001
    10.83600   0.1788347E+0001  -0.1301043E-0016   0.3838727E+0001  -0.5935280E-0003   0.3884154E-0015  -0.2137871E-0001  -0.8161417E+0001
    10.84000   0.1788347E+0001  -0.1778092E-0015   0.3837753E+0001  -0.5935280E-0003   0.3899875E-0015  -0.2150696E-0001  -0.8161484E+0001
    10.84400   0.1788347E+0001  -0.6765422E-0016   0.3836787E+0001  -0.5935280E-0003   0.3919391E-0015  -0.2163536E-0001  -0.8161550E+0001
    10.84800   0.1788347E+0001  -0.6765422E-0016   0.3835829E+0001  -0.5935280E-0003   0.3932943E-0015  -0.2176341E-0001  -0.8161612E+0001
    10.85200   0.1788347E+0001  -0.1222980E-0015   0.3834879E+0001  -0.5935280E-0003   0.3953001E-0015  -0.2189064E-0001  -0.8161670E+0001
    10.85600   0.1788347E+0001  -0.6765422E-0016   0.3833935E+0001  -0.5935280E-0003   0.3964385E-0015  -0.2201662E-0001  -0.8161725E+0001
    10.86000   0.1788347E+0001  -0.1301043E-0016   0.3832998E+0001  -0.5935280E-0003   0.3982275E-0015  -0.2214093E-0001  -0.8161775E+0001
    10.86400   0.1788347E+0001  -0.6808790E-0016   0.3832067E+0001  -0.5935280E-0003   0.3997996E-0015  -0.2226326E-0001  -0.8161821E+0001
    10.86800   0.1788347E+0001  -0.1231654E-0015   0.3831139E+0001  -0.5935280E-0003   0.4013716E-0015  -0.2238332E-0001  -0.8161863E+0001
    10.87200   0.1788347E+0001  -0.6808790E-0016   0.3830214E+0001  -0.5935280E-0003   0.4025101E-0015  -0.2250097E-0001  -0.8161900E+0001
    10.87600   0.1788347E+0001  -0.6808790E-0016   0.3829292E+0001  -0.5935280E-0003   0.4038653E-0015  -0.2261614E-0001  -0.8161933E+0001
    10.88000   0.1788347E+0001  -0.1227317E-0015   0.3828369E+0001  -0.5935280E-0003   0.4056542E-0015  -0.2272885E-0001  -0.8161960E+0001
    10.88400   0.1788347E+0001  -0.6765422E-0016   0.3827447E+0001  -0.5935280E-0003   0.4072263E-0015  -0.2283925E-0001  -0.8161984E+0001
    10.88800   0.1788347E+0001  -0.1227317E-0015   0.3826523E+0001  -0.5935280E-0003   0.4083647E-0015  -0.2294754E-0001  -0.8162003E+0001
    10.89200   0.1788347E+0001  -0.6765422E-0016   0.3825597E+0001  -0.5935280E-0003   0.4103705E-0015  -0.2305397E-0001  -0.8162018E+0001
    10.89600   0.1788347E+0001  -0.6765422E-0016   0.3824668E+0001  -0.5935280E-0003   0.4121595E-0015  -0.2315884E-0001  -0.8162028E+0001
    10.90000   0.1788347E+0001  -0.6765422E-0016   0.3823737E+0001  -0.5935280E-0003   0.4132979E-0015  -0.2326245E-0001  -0.8162035E+0001
    10.90400   0.1788347E+0001  -0.6765422E-0016   0.3822804E+0001  -0.5935280E-0003   0.4152494E-0015  -0.2336508E-0001  -0.8162038E+0001
    10.90800   0.1788347E+0001  -0.1227317E-0015   0.3821868E+0001  -0.5935280E-0003   0.4167673E-0015  -0.2346702E-0001  -0.8162037E+0001
    10.91200   0.1788347E+0001  -0.1227317E-0015   0.3820930E+0001  -0.5935280E-0003   0.4185562E-0015  -0.2356852E-0001  -0.8162034E+0001
    10.91600   0.1788347E+0001  -0.1227317E-0015   0.3819990E+0001  -0.5935280E-0003   0.4201283E-0015  -0.2366983E-0001  -0.8162027E+0001
    10.92000   0.1788347E+0001  -0.1227317E-0015   0.3819050E+0001  -0.5935280E-0003   0.4205620E-0015  -0.2377117E-0001  -0.8162018E+0001
    10.92400   0.1788347E+0001  -0.1778092E-0015   0.3818109E+0001  -0.5935280E-0003   0.4224052E-0015  -0.2387279E-0001  -0.8162007E+0001
    10.92800   0.1788347E+0001  -0.1227317E-0015   0.3817169E+0001  -0.5935280E-0003   0.4234894E-0015  -0.2397492E-0001  -0.8161993E+0001
    10.93200   0.1788347E+0001  -0.6765422E-0016   0.3816229E+0001  -0.5935280E-0003   0.4252241E-0015  -0.2407784E-0001  -0.8161978E+0001
    10.93600   0.1788347E+0001  -0.1227317E-0015   0.3815291E+0001  -0.5935280E-0003   0.4271757E-0015  -0.2418180E-0001  -0.8161962E+0001
    10.94000   0.1788347E+0001  -0.6765422E-0016   0.3814355E+0001  -0.5935280E-0003   0.4283683E-0015  -0.2428705E-0001  -0.8161944E+0001
    10.94400   0.1788347E+0001  -0.1257675E-0016   0.3813421E+0001  -0.5935280E-0003   0.4304283E-0015  -0.2439385E-0001  -0.8161926E+0001
    10.94800   0.1788347E+0001  -0.1257675E-0016   0.3812489E+0001  -0.5935280E-0003   0.4318377E-0015  -0.2450237E-0001  -0.8161907E+0001
    10.95200   0.1788347E+0001  -0.1257675E-0016   0.3811560E+0001  -0.5935280E-0003   0.4334640E-0015  -0.2461274E-0001  -0.8161887E+0001
    10.95600   0.1788347E+0001  -0.1257675E-0016   0.3810633E+0001  -0.5935280E-0003   0.4353072E-0015  -0.2472501E-0001  -0.8161868E+0001
    10.96000   0.1788347E+0001  -0.1227317E-0015   0.3809710E+0001  -0.5935280E-0003   0.4359577E-0015  -0.2483914E-0001  -0.8161850E+0001
    10.96400   0.1788347E+0001  -0.6808790E-0016   0.3808790E+0001  -0.5935280E-0003   0.4384514E-0015  -0.2495497E-0001  -0.8161832E+0001
    10.96800   0.1788347E+0001  -0.1301043E-0016   0.3807874E+0001  -0.5935280E-0003   0.4397524E-0015  -0.2507227E-0001  -0.8161816E+0001
    10.97200   0.1788347E+0001  -0.1301043E-0016   0.3806962E+0001  -0.5935280E-0003   0.4411619E-0015  -0.2519073E-0001  -0.8161801E+0001
    10.97600   0.1788347E+0001  -0.6808790E-0016   0.3806054E+0001  -0.5935280E-0003   0.4428966E-0015  -0.2530998E-0001  -0.8161787E+0001
    10.98000   0.1788347E+0001  -0.6808790E-0016   0.3805149E+0001  -0.5935280E-0003   0.4444145E-0015  -0.2542960E-0001  -0.8161776E+0001
    10.98400   0.1788347E+0001  -0.1322727E-0016   0.3804250E+0001  -0.5935280E-0003   0.4452818E-0015  -0.2554914E-0001  -0.8161768E+0001
    10.98800   0.1788347E+0001  -0.1322727E-0016   0.3803354E+0001  -0.5935280E-0003   0.4461492E-0015  -0.2566818E-0001  -0.8161762E+0001
    10.99200   0.1788347E+0001  -0.1322727E-0016   0.3802462E+0001  -0.5935280E-0003   0.4481008E-0015  -0.2578625E-0001  -0.8161759E+0001
    10.99600   0.1788347E+0001   0.4163336E-0016   0.3801574E+0001  -0.5935280E-0003   0.4500523E-0015  -0.2590293E-0001  -0.8161760E+0001
    11.00000   0.1788347E+0001  -0.6852158E-0016   0.3800690E+0001  -0.5935280E-0003   0.4515702E-0015  -0.2601779E-0001  -0.8161765E+0001
    11.00400   0.1788347E+0001  -0.1366095E-0016   0.3799809E+0001  -0.5935280E-0003   0.4530881E-0015  -0.2613041E-0001  -0.8161773E+0001
    11.00800   0.1788347E+0001   0.4119968E-0016   0.3798930E+0001  -0.5935280E-0003   0.4538470E-0015  -0.2624037E-0001  -0.8161786E+0001
    11.01200   0.1788347E+0001  -0.1387779E-0016   0.3798053E+0001  -0.5935280E-0003   0.4564491E-0015  -0.2634725E-0001  -0.8161803E+0001
    11.01600   0.1788347E+0001  -0.6895526E-0016   0.3797177E+0001  -0.5935280E-0003   0.4566660E-0015  -0.2645064E-0001  -0.8161826E+0001
    11.02000   0.1788347E+0001  -0.1409463E-0016   0.3796301E+0001  -0.5935280E-0003   0.4587259E-0015  -0.2655011E-0001  -0.8161853E+0001
    11.02400   0.1788347E+0001  -0.1409463E-0016   0.3795426E+0001  -0.5935280E-0003   0.4602438E-0015  -0.2664528E-0001  -0.8161886E+0001
    11.02800   0.1788347E+0001   0.4098284E-0016   0.3794549E+0001  -0.5935280E-0003   0.4623038E-0015  -0.2673578E-0001  -0.8161925E+0001
    11.03200   0.1788347E+0001  -0.1387779E-0016   0.3793671E+0001  -0.5935280E-0003   0.4628459E-0015  -0.2682129E-0001  -0.8161970E+0001
    11.03600   0.1788347E+0001  -0.1387779E-0016   0.3792790E+0001  -0.5935280E-0003   0.4644180E-0015  -0.2690152E-0001  -0.8162020E+0001
    11.04000   0.1788347E+0001  -0.6873842E-0016   0.3791907E+0001  -0.5935280E-0003   0.4666406E-0015  -0.2697628E-0001  -0.8162077E+0001
    11.04400   0.1788347E+0001   0.4119968E-0016   0.3791022E+0001  -0.5935280E-0003   0.4666948E-0015  -0.2704541E-0001  -0.8162140E+0001
    11.04800   0.1788347E+0001   0.4119968E-0016   0.3790133E+0001  -0.5935280E-0003   0.4680501E-0015  -0.2710885E-0001  -0.8162209E+0001
    11.05200   0.1788347E+0001  -0.1387779E-0016   0.3789242E+0001  -0.5935280E-0003   0.4698390E-0015  -0.2716654E-0001  -0.8162284E+0001
    11.05600   0.1788347E+0001  -0.6873842E-0016   0.3788347E+0001  -0.5935280E-0003   0.4711943E-0015  -0.2721853E-0001  -0.8162365E+0001
    11.06000   0.1788347E+0001  -0.1235990E-0015   0.3787450E+0001  -0.5935280E-0003   0.4734169E-0015  -0.2726484E-0001  -0.8162452E+0001
    11.06400   0.1788347E+0001   0.4141652E-0016   0.3786550E+0001  -0.5935280E-0003   0.4743385E-0015  -0.2730554E-0001  -0.8162545E+0001
    11.06800   0.1788347E+0001  -0.6852158E-0016   0.3785648E+0001  -0.5935280E-0003   0.4756937E-0015  -0.2734068E-0001  -0.8162643E+0001
    11.07200   0.1788347E+0001  -0.6852158E-0016   0.3784743E+0001  -0.5935280E-0003   0.4778621E-0015  -0.2737032E-0001  -0.8162747E+0001
    11.07600   0.1788347E+0001  -0.1235990E-0015   0.3783836E+0001  -0.5935280E-0003   0.4792174E-0015  -0.2739450E-0001  -0.8162856E+0001
    11.08000   0.1788347E+0001  -0.6873842E-0016   0.3782927E+0001  -0.5935280E-0003   0.4805726E-0015  -0.2741324E-0001  -0.8162970E+0001
    11.08400   0.1788347E+0001  -0.1235990E-0015   0.3782016E+0001  -0.5935280E-0003   0.4819279E-0015  -0.2742656E-0001  -0.8163089E+0001
    11.08800   0.1788347E+0001  -0.1235990E-0015   0.3781104E+0001  -0.5935280E-0003   0.4832831E-0015  -0.2743445E-0001  -0.8163211E+0001
    11.09200   0.1788347E+0001  -0.1235990E-0015   0.3780191E+0001  -0.5935280E-0003   0.4850721E-0015  -0.2743690E-0001  -0.8163339E+0001
    11.09600   0.1788347E+0001  -0.1366095E-0016   0.3779276E+0001  -0.5935280E-0003   0.4851263E-0015  -0.2743391E-0001  -0.8163470E+0001
    11.10000   0.1788347E+0001  -0.1235990E-0015   0.3778361E+0001  -0.5935280E-0003   0.4881620E-0015  -0.2742544E-0001  -0.8163605E+0001
    11.10400   0.1788347E+0001  -0.1235990E-0015   0.3777445E+0001  -0.5935280E-0003   0.4890836E-0015  -0.2741144E-0001  -0.8163743E+0001
    11.10800   0.1788347E+0001  -0.1366095E-0016   0.3776529E+0001  -0.5935280E-0003   0.4904389E-0015  -0.2739187E-0001  -0.8163885E+0001
    11.11200   0.1788347E+0001  -0.6873842E-0016   0.3775614E+0001  -0.5935280E-0003   0.4926073E-0015  -0.2736663E-0001  -0.8164030E+0001
    11.11600   0.1788347E+0001  -0.6873842E-0016   0.3774700E+0001  -0.5935280E-0003   0.4935288E-0015  -0.2733561E-0001  -0.8164177E+0001
    11.12000   0.1788347E+0001  -0.6873842E-0016   0.3773786E+0001  -0.5935280E-0003   0.4952636E-0015  -0.2729862E-0001  -0.8164328E+0001
    11.12400   0.1788347E+0001  -0.6873842E-0016   0.3772875E+0001  -0.5935280E-0003   0.4978927E-0015  -0.2725549E-0001  -0.8164481E+0001
    11.12800   0.1788347E+0001  -0.6873842E-0016   0.3771965E+0001  -0.5935280E-0003   0.4983806E-0015  -0.2720596E-0001  -0.8164636E+0001
    11.13200   0.1788347E+0001  -0.6873842E-0016   0.3771057E+0001  -0.5935280E-0003   0.5001696E-0015  -0.2714978E-0001  -0.8164792E+0001
    11.13600   0.1788347E+0001  -0.6852158E-0016   0.3770152E+0001  -0.5935280E-0003   0.5025819E-0015  -0.2708664E-0001  -0.8164951E+0001
    11.14000   0.1788347E+0001  -0.1235990E-0015   0.3769249E+0001  -0.5935280E-0003   0.5026361E-0015  -0.2701625E-0001  -0.8165110E+0001
    11.14400   0.1788347E+0001  -0.6873842E-0016   0.3768348E+0001  -0.5935280E-0003   0.5050620E-0015  -0.2693831E-0001  -0.8165270E+0001
    11.14800   0.1788347E+0001  -0.1366095E-0016   0.3767449E+0001  -0.5935280E-0003   0.5072779E-0015  -0.2685251E-0001  -0.8165430E+0001
    11.15200   0.1788347E+0001  -0.1235990E-0015   0.3766552E+0001  -0.5935280E-0003   0.5077658E-0015  -0.2675858E-0001  -0.8165590E+0001
    11.15600   0.1788347E+0001  -0.6873842E-0016   0.3765657E+0001  -0.5935280E-0003   0.5095479E-0015  -0.2665625E-0001  -0.8165749E+0001
    11.16000   0.1788347E+0001  -0.1238159E-0015   0.3764763E+0001  -0.5935280E-0003   0.5109032E-0015  -0.2654530E-0001  -0.8165907E+0001
    11.16400   0.1788347E+0001  -0.1788934E-0015   0.3763869E+0001  -0.5935280E-0003   0.5120416E-0015  -0.2642552E-0001  -0.8166064E+0001
    11.16800   0.1788347E+0001  -0.6895526E-0016   0.3762977E+0001  -0.5935280E-0003   0.5133968E-0015  -0.2629671E-0001  -0.8166218E+0001
    11.17200   0.1788347E+0001  -0.1238159E-0015   0.3762084E+0001  -0.5935280E-0003   0.5158092E-0015  -0.2615872E-0001  -0.8166370E+0001
    11.17600   0.1788347E+0001  -0.6895526E-0016   0.3761191E+0001  -0.5935280E-0003   0.5162971E-0015  -0.2601144E-0001  -0.8166518E+0001
    11.18000   0.1788347E+0001  -0.1409463E-0016   0.3760298E+0001  -0.5935280E-0003   0.5178692E-0015  -0.2585480E-0001  -0.8166662E+0001
    11.18400   0.1788347E+0001  -0.6917210E-0016   0.3759404E+0001  -0.5935280E-0003   0.5196039E-0015  -0.2568875E-0001  -0.8166802E+0001
    11.18800   0.1788347E+0001  -0.6917210E-0016   0.3758509E+0001  -0.5935280E-0003   0.5211760E-0015  -0.2551336E-0001  -0.8166936E+0001
    11.19200   0.1788347E+0001  -0.6917210E-0016   0.3757613E+0001  -0.5935280E-0003   0.5229649E-0015  -0.2532872E-0001  -0.8167065E+0001
    11.19600   0.1788347E+0001  -0.1409463E-0016   0.3756715E+0001  -0.5935280E-0003   0.5238865E-0015  -0.2513504E-0001  -0.8167187E+0001
    11.20000   0.1788347E+0001  -0.1409463E-0016   0.3755816E+0001  -0.5935280E-0003   0.5258923E-0015  -0.2493261E-0001  -0.8167302E+0001
    11.20400   0.1788347E+0001  -0.1240327E-0015   0.3754915E+0001  -0.5935280E-0003   0.5270307E-0015  -0.2472181E-0001  -0.8167409E+0001
    11.20800   0.1788347E+0001  -0.1240327E-0015   0.3754012E+0001  -0.5935280E-0003   0.5290907E-0015  -0.2450312E-0001  -0.8167508E+0001
    11.21200   0.1788347E+0001  -0.1409463E-0016   0.3753106E+0001  -0.5935280E-0003   0.5299580E-0015  -0.2427709E-0001  -0.8167599E+0001
    11.21600   0.1788347E+0001  -0.6917210E-0016   0.3752197E+0001  -0.5935280E-0003   0.5314759E-0015  -0.2404435E-0001  -0.8167682E+0001
    11.22000   0.1788347E+0001  -0.6917210E-0016   0.3751285E+0001  -0.5935280E-0003   0.5325601E-0015  -0.2380558E-0001  -0.8167755E+0001
    11.22400   0.1788347E+0001  -0.6917210E-0016   0.3750370E+0001  -0.5935280E-0003   0.5342948E-0015  -0.2356151E-0001  -0.8167819E+0001
    11.22800   0.1788347E+0001  -0.1409463E-0016   0.3749451E+0001  -0.5935280E-0003   0.5366801E-0015  -0.2331288E-0001  -0.8167874E+0001
    11.23200   0.1788347E+0001  -0.1387779E-0016   0.3748529E+0001  -0.5935280E-0003   0.5380895E-0015  -0.2306044E-0001  -0.8167921E+0001
    11.23600   0.1788347E+0001  -0.1387779E-0016   0.3747603E+0001  -0.5935280E-0003   0.5389569E-0015  -0.2280496E-0001  -0.8167958E+0001
    11.24000   0.1788347E+0001  -0.6895526E-0016   0.3746674E+0001  -0.5935280E-0003   0.5405832E-0015  -0.2254718E-0001  -0.8167987E+0001
    11.24400   0.1788347E+0001  -0.6895526E-0016   0.3745741E+0001  -0.5935280E-0003   0.5416674E-0015  -0.2228782E-0001  -0.8168008E+0001
    11.24800   0.1788347E+0001   0.4098284E-0016   0.3744805E+0001  -0.5935280E-0003   0.5443779E-0015  -0.2202760E-0001  -0.8168020E+0001
    11.25200   0.1788347E+0001  -0.6895526E-0016   0.3743867E+0001  -0.5935280E-0003   0.5454621E-0015  -0.2176721E-0001  -0.8168026E+0001
    11.25600   0.1788347E+0001  -0.6895526E-0016   0.3742925E+0001  -0.5935280E-0003   0.5469800E-0015  -0.2150729E-0001  -0.8168024E+0001
    11.26000   0.1788347E+0001  -0.1387779E-0016   0.3741981E+0001  -0.5935280E-0003   0.5488231E-0015  -0.2124848E-0001  -0.8168015E+0001
    11.26400   0.1788347E+0001  -0.6895526E-0016   0.3741033E+0001  -0.5935280E-0003   0.5500158E-0015  -0.2099135E-0001  -0.8168001E+0001
    11.26800   0.1788347E+0001  -0.1387779E-0016   0.3740084E+0001  -0.5935280E-0003   0.5518589E-0015  -0.2073645E-0001  -0.8167981E+0001
    11.27200   0.1788347E+0001  -0.6873842E-0016   0.3739131E+0001  -0.5935280E-0003   0.5522926E-0015  -0.2048423E-0001  -0.8167956E+0001
    11.27600   0.1788347E+0001   0.4141652E-0016   0.3738176E+0001  -0.5935280E-0003   0.5542442E-0015  -0.2023510E-0001  -0.8167926E+0001
    11.28000   0.1788347E+0001   0.4141652E-0016   0.3737217E+0001  -0.5935280E-0003   0.5551115E-0015  -0.1998938E-0001  -0.8167892E+0001
    11.28400   0.1788347E+0001  -0.1366095E-0016   0.3736256E+0001  -0.5935280E-0003   0.5578220E-0015  -0.1974729E-0001  -0.8167854E+0001
    11.28800   0.1788347E+0001  -0.1366095E-0016   0.3735292E+0001  -0.5935280E-0003   0.5596652E-0015  -0.1950898E-0001  -0.8167813E+0001
    11.29200   0.1788347E+0001  -0.1366095E-0016   0.3734325E+0001  -0.5935280E-0003   0.5610746E-0015  -0.1927449E-0001  -0.8167770E+0001
    11.29600   0.1788347E+0001  -0.6852158E-0016   0.3733354E+0001  -0.5935280E-0003   0.5628093E-0015  -0.1904378E-0001  -0.8167724E+0001
    11.30000   0.1788347E+0001   0.4163336E-0016   0.3732381E+0001  -0.5935280E-0003   0.5640020E-0015  -0.1881673E-0001  -0.8167676E+0001
    11.30400   0.1788347E+0001   0.4163336E-0016   0.3731405E+0001  -0.5935280E-0003   0.5659535E-0015  -0.1859314E-0001  -0.8167626E+0001
    11.30800   0.1788347E+0001  -0.1344411E-0016   0.3730427E+0001  -0.5935280E-0003   0.5671462E-0015  -0.1837274E-0001  -0.8167575E+0001
    11.31200   0.1788347E+0001  -0.1344411E-0016   0.3729446E+0001  -0.5935280E-0003   0.5696398E-0015  -0.1815523E-0001  -0.8167523E+0001
    11.31600   0.1788347E+0001  -0.1233822E-0015   0.3728462E+0001  -0.5935280E-0003   0.5713745E-0015  -0.1794021E-0001  -0.8167470E+0001
    11.32000   0.1788347E+0001  -0.6830474E-0016   0.3727477E+0001  -0.5935280E-0003   0.5721335E-0015  -0.1772729E-0001  -0.8167416E+0001
    11.32400   0.1788347E+0001  -0.6830474E-0016   0.3726490E+0001  -0.5935280E-0003   0.5739224E-0015  -0.1751598E-0001  -0.8167361E+0001
    11.32800   0.1788347E+0001  -0.6830474E-0016   0.3725501E+0001  -0.5935280E-0003   0.5754945E-0015  -0.1730580E-0001  -0.8167306E+0001
    11.33200   0.1788347E+0001   0.4163336E-0016   0.3724510E+0001  -0.5935280E-0003   0.5772292E-0015  -0.1709618E-0001  -0.8167250E+0001
    11.33600   0.1788347E+0001  -0.6830474E-0016   0.3723518E+0001  -0.5935280E-0003   0.5792350E-0015  -0.1688656E-0001  -0.8167193E+0001
    11.34000   0.1788347E+0001  -0.1782428E-0015   0.3722524E+0001  -0.5935280E-0003   0.5797229E-0015  -0.1667632E-0001  -0.8167135E+0001
    11.34400   0.1788347E+0001  -0.1782428E-0015   0.3721529E+0001  -0.5935280E-0003   0.5812950E-0015  -0.1646480E-0001  -0.8167077E+0001
    11.34800   0.1788347E+0001  -0.6830474E-0016   0.3720533E+0001  -0.5935280E-0003   0.5833008E-0015  -0.1625135E-0001  -0.8167018E+0001
    11.35200   0.1788347E+0001  -0.1344411E-0016   0.3719535E+0001  -0.5935280E-0003   0.5855234E-0015  -0.1603530E-0001  -0.8166958E+0001
    11.35600   0.1788347E+0001  -0.6852158E-0016   0.3718536E+0001  -0.5935280E-0003   0.5870955E-0015  -0.1581599E-0001  -0.8166896E+0001
    11.36000   0.1788347E+0001  -0.6852158E-0016   0.3717537E+0001  -0.5935280E-0003   0.5893181E-0015  -0.1559279E-0001  -0.8166834E+0001
    11.36400   0.1788347E+0001  -0.1784597E-0015   0.3716536E+0001  -0.5935280E-0003   0.5906733E-0015  -0.1536512E-0001  -0.8166770E+0001
    11.36800   0.1788347E+0001  -0.1344411E-0016   0.3715535E+0001  -0.5935280E-0003   0.5924623E-0015  -0.1513246E-0001  -0.8166705E+0001
    11.37200   0.1788347E+0001  -0.1344411E-0016   0.3714534E+0001  -0.5935280E-0003   0.5936007E-0015  -0.1489436E-0001  -0.8166638E+0001
    11.37600   0.1788347E+0001  -0.1233822E-0015   0.3713532E+0001  -0.5935280E-0003   0.5951186E-0015  -0.1465045E-0001  -0.8166570E+0001
    11.38000   0.1788347E+0001  -0.6830474E-0016   0.3712530E+0001  -0.5935280E-0003   0.5973412E-0015  -0.1440049E-0001  -0.8166500E+0001
    11.38400   0.1788347E+0001  -0.1231654E-0015   0.3711528E+0001  -0.5935280E-0003   0.5982628E-0015  -0.1414432E-0001  -0.8166429E+0001
    11.38800   0.1788347E+0001  -0.1231654E-0015   0.3710526E+0001  -0.5935280E-0003   0.6006480E-0015  -0.1388189E-0001  -0.8166356E+0001
    11.39200   0.1788347E+0001  -0.1322727E-0016   0.3709524E+0001  -0.5935280E-0003   0.6013527E-0015  -0.1361325E-0001  -0.8166281E+0001
    11.39600   0.1788347E+0001  -0.6830474E-0016   0.3708521E+0001  -0.5935280E-0003   0.6035753E-0015  -0.1333859E-0001  -0.8166205E+0001
    11.40000   0.1788347E+0001  -0.6830474E-0016   0.3707519E+0001  -0.5935280E-0003   0.6055811E-0015  -0.1305817E-0001  -0.8166127E+0001
    11.40400   0.1788347E+0001  -0.6830474E-0016   0.3706515E+0001  -0.5935280E-0003   0.6069364E-0015  -0.1277236E-0001  -0.8166049E+0001
    11.40800   0.1788347E+0001  -0.1231654E-0015   0.3705512E+0001  -0.5935280E-0003   0.6088337E-0015  -0.1248161E-0001  -0.8165969E+0001
    11.41200   0.1788347E+0001  -0.1782428E-0015   0.3704507E+0001  -0.5935280E-0003   0.6100806E-0015  -0.1218648E-0001  -0.8165888E+0001
    11.41600   0.1788347E+0001   0.4163336E-0016   0.3703501E+0001  -0.5935280E-0003   0.6119779E-0015  -0.1188760E-0001  -0.8165806E+0001
    11.42000   0.1788347E+0001  -0.1233822E-0015   0.3702495E+0001  -0.5935280E-0003   0.6133332E-0015  -0.1158567E-0001  -0.8165725E+0001
    11.42400   0.1788347E+0001  -0.1344411E-0016   0.3701487E+0001  -0.5935280E-0003   0.6152305E-0015  -0.1128146E-0001  -0.8165643E+0001
    11.42800   0.1788347E+0001  -0.1233822E-0015   0.3700477E+0001  -0.5935280E-0003   0.6172092E-0015  -0.1097583E-0001  -0.8165561E+0001
    11.43200   0.1788347E+0001  -0.1344411E-0016   0.3699466E+0001  -0.5935280E-0003   0.6186729E-0015  -0.1066965E-0001  -0.8165480E+0001
    11.43600   0.1788347E+0001  -0.1344411E-0016   0.3698453E+0001  -0.5935280E-0003   0.6204347E-0015  -0.1036388E-0001  -0.8165400E+0001
    11.44000   0.1788347E+0001  -0.6830474E-0016   0.3697438E+0001  -0.5935280E-0003   0.6220068E-0015  -0.1005951E-0001  -0.8165322E+0001
    11.44400   0.1788347E+0001  -0.6830474E-0016   0.3696422E+0001  -0.5935280E-0003   0.6236602E-0015  -0.9757556E-0002  -0.8165245E+0001
    11.44800   0.1788347E+0001  -0.6830474E-0016   0.3695403E+0001  -0.5935280E-0003   0.6256660E-0015  -0.9459091E-0002  -0.8165171E+0001
    11.45200   0.1788347E+0001  -0.6830474E-0016   0.3694381E+0001  -0.5935280E-0003   0.6271296E-0015  -0.9165198E-0002  -0.8165100E+0001
    11.45600   0.1788347E+0001  -0.1231654E-0015   0.3693358E+0001  -0.5935280E-0003   0.6287830E-0015  -0.8876987E-0002  -0.8165032E+0001
    11.46000   0.1788347E+0001  -0.1301043E-0016   0.3692332E+0001  -0.5935280E-0003   0.6304500E-0015  -0.8595587E-0002  -0.8164967E+0001
    11.46400   0.1788347E+0001   0.4206704E-0016   0.3691303E+0001  -0.5935280E-0003   0.6322254E-0015  -0.8322138E-0002  -0.8164907E+0001
    11.46800   0.1788347E+0001  -0.1279359E-0016   0.3690273E+0001  -0.5935280E-0003   0.6340143E-0015  -0.8057785E-0002  -0.8164851E+0001
    11.47200   0.1788347E+0001  -0.6765422E-0016   0.3689240E+0001  -0.5935280E-0003   0.6354780E-0015  -0.7803673E-0002  -0.8164801E+0001
    11.47600   0.1788347E+0001  -0.6765422E-0016   0.3688206E+0001  -0.5935280E-0003   0.6374736E-0015  -0.7560938E-0002  -0.8164756E+0001
    11.48000   0.1788347E+0001  -0.1227317E-0015   0.3687170E+0001  -0.5935280E-0003   0.6389305E-0015  -0.7330693E-0002  -0.8164716E+0001
    11.48400   0.1788347E+0001  -0.1279359E-0016   0.3686134E+0001  -0.5935280E-0003   0.6408177E-0015  -0.7114017E-0002  -0.8164683E+0001
    11.48800   0.1788347E+0001  -0.1227317E-0015   0.3685097E+0001  -0.5935280E-0003   0.6422814E-0015  -0.6911942E-0002  -0.8164656E+0001
    11.49200   0.1788347E+0001  -0.1279359E-0016   0.3684060E+0001  -0.5935280E-0003   0.6439619E-0015  -0.6725435E-0002  -0.8164637E+0001
    11.49600   0.1788347E+0001  -0.1279359E-0016   0.3683024E+0001  -0.5935280E-0003   0.6456288E-0015  -0.6555378E-0002  -0.8164624E+0001
    11.50000   0.1788347E+0001   0.4228388E-0016   0.3681989E+0001  -0.5935280E-0003   0.6475669E-0015  -0.6402553E-0002  -0.8164619E+0001
    11.50400   0.1788347E+0001  -0.6765422E-0016   0.3680956E+0001  -0.5935280E-0003   0.6493558E-0015  -0.6267621E-0002  -0.8164622E+0001
    11.50800   0.1788347E+0001  -0.6765422E-0016   0.3679926E+0001  -0.5935280E-0003   0.6510363E-0015  -0.6151102E-0002  -0.8164633E+0001
    11.51200   0.1788347E+0001  -0.1257675E-0016   0.3678899E+0001  -0.5935280E-0003   0.6527710E-0015  -0.6053361E-0002  -0.8164652E+0001
    11.51600   0.1788347E+0001  -0.1225148E-0015   0.3677875E+0001  -0.5935280E-0003   0.6543702E-0015  -0.5974584E-0002  -0.8164679E+0001
    11.52000   0.1788347E+0001   0.4250073E-0016   0.3676854E+0001  -0.5935280E-0003   0.6561592E-0015  -0.5914771E-0002  -0.8164715E+0001
    11.52400   0.1788347E+0001  -0.6743738E-0016   0.3675838E+0001  -0.5935280E-0003   0.6579481E-0015  -0.5873717E-0002  -0.8164759E+0001
    11.52800   0.1788347E+0001  -0.6743738E-0016   0.3674825E+0001  -0.5935280E-0003   0.6595744E-0015  -0.5851003E-0002  -0.8164810E+0001
    11.53200   0.1788347E+0001  -0.6743738E-0016   0.3673816E+0001  -0.5935280E-0003   0.6612007E-0015  -0.5845993E-0002  -0.8164870E+0001
    11.53600   0.1788347E+0001  -0.1225148E-0015   0.3672811E+0001  -0.5935280E-0003   0.6628812E-0015  -0.5857826E-0002  -0.8164937E+0001
    11.54000   0.1788347E+0001  -0.1257675E-0016   0.3671809E+0001  -0.5935280E-0003   0.6645075E-0015  -0.5885421E-0002  -0.8165011E+0001
    11.54400   0.1788347E+0001  -0.6765422E-0016   0.3670811E+0001  -0.5935280E-0003   0.6661338E-0015  -0.5927485E-0002  -0.8165092E+0001
    11.54800   0.1788347E+0001  -0.1775923E-0015   0.3669816E+0001  -0.5935280E-0003   0.6678143E-0015  -0.5982523E-0002  -0.8165178E+0001
    11.55200   0.1788347E+0001  -0.1225148E-0015   0.3668823E+0001  -0.5935280E-0003   0.6694406E-0015  -0.6048859E-0002  -0.8165270E+0001
    11.55600   0.1788347E+0001  -0.6743738E-0016   0.3667834E+0001  -0.5935280E-0003   0.6711211E-0015  -0.6124663E-0002  -0.8165367E+0001
    11.56000   0.1788347E+0001  -0.6743738E-0016   0.3666846E+0001  -0.5935280E-0003   0.6726390E-0015  -0.6207983E-0002  -0.8165467E+0001
    11.56400   0.1788347E+0001  -0.1222980E-0015   0.3665860E+0001  -0.5935280E-0003   0.6744822E-0015  -0.6296787E-0002  -0.8165570E+0001
    11.56800   0.1788347E+0001  -0.1214306E-0016   0.3664876E+0001  -0.5935280E-0003   0.6760001E-0015  -0.6389005E-0002  -0.8165676E+0001
    11.57200   0.1788347E+0001  -0.1214306E-0016   0.3663892E+0001  -0.5935280E-0003   0.6776264E-0015  -0.6482586E-0002  -0.8165782E+0001
    11.57600   0.1788347E+0001  -0.1214306E-0016   0.3662910E+0001  -0.5935280E-0003   0.6792527E-0015  -0.6575551E-0002  -0.8165889E+0001
    11.58000   0.1788347E+0001  -0.1214306E-0016   0.3661927E+0001  -0.5935280E-0003   0.6810958E-0015  -0.6666057E-0002  -0.8165994E+0001
    11.58400   0.1788347E+0001  -0.6700369E-0016   0.3660945E+0001  -0.5935280E-0003   0.6822884E-0015  -0.6752459E-0002  -0.8166099E+0001
    11.58800   0.1788347E+0001  -0.1218643E-0015   0.3659963E+0001  -0.5935280E-0003   0.6843484E-0015  -0.6833371E-0002  -0.8166200E+0001
    11.59200   0.1788347E+0001  -0.1192622E-0016   0.3658982E+0001  -0.5935280E-0003   0.6856495E-0015  -0.6907732E-0002  -0.8166298E+0001
    11.59600   0.1788347E+0001  -0.6700369E-0016   0.3658001E+0001  -0.5935280E-0003   0.6873842E-0015  -0.6974859E-0002  -0.8166391E+0001
    11.60000   0.1788347E+0001  -0.1218643E-0015   0.3657022E+0001  -0.5935280E-0003   0.6886852E-0015  -0.7034507E-0002  -0.8166479E+0001
    11.60400   0.1788347E+0001  -0.1218643E-0015   0.3656044E+0001  -0.5935280E-0003   0.6903115E-0015  -0.7086907E-0002  -0.8166561E+0001
    11.60800   0.1788347E+0001  -0.1170938E-0016   0.3655070E+0001  -0.5935280E-0003   0.6922631E-0015  -0.7132807E-0002  -0.8166636E+0001
    11.61200   0.1788347E+0001  -0.1170938E-0016   0.3654100E+0001  -0.5935280E-0003   0.6939978E-0015  -0.7173491E-0002  -0.8166704E+0001
    11.61600   0.1788347E+0001  -0.1216475E-0015   0.3653135E+0001  -0.5935280E-0003   0.6952989E-0015  -0.7210788E-0002  -0.8166764E+0001
    11.62000   0.1788347E+0001  -0.6678685E-0016   0.3652178E+0001  -0.5935280E-0003   0.6970336E-0015  -0.7247060E-0002  -0.8166815E+0001
    11.62400   0.1788347E+0001  -0.1170938E-0016   0.3651230E+0001  -0.5935280E-0003   0.6985515E-0015  -0.7285180E-0002  -0.8166858E+0001
    11.62800   0.1788347E+0001  -0.1216475E-0015   0.3650294E+0001  -0.5935280E-0003   0.6999609E-0015  -0.7328474E-0002  -0.8166891E+0001
    11.63200   0.1788347E+0001  -0.1216475E-0015   0.3649370E+0001  -0.5935280E-0003   0.7019125E-0015  -0.7380661E-0002  -0.8166916E+0001
    11.63600   0.1788347E+0001  -0.1170938E-0016   0.3648461E+0001  -0.5935280E-0003   0.7028883E-0015  -0.7445753E-0002  -0.8166931E+0001
    11.64000   0.1788347E+0001  -0.6678685E-0016   0.3647570E+0001  -0.5935280E-0003   0.7048398E-0015  -0.7527946E-0002  -0.8166938E+0001
    11.64400   0.1788347E+0001  -0.1216475E-0015   0.3646697E+0001  -0.5935280E-0003   0.7062493E-0015  -0.7631487E-0002  -0.8166936E+0001
    11.64800   0.1788347E+0001  -0.6657001E-0016   0.3645846E+0001  -0.5935280E-0003   0.7077672E-0015  -0.7760524E-0002  -0.8166925E+0001
    11.65200   0.1788347E+0001  -0.1214306E-0015   0.3645016E+0001  -0.5935280E-0003   0.7091766E-0015  -0.7918942E-0002  -0.8166907E+0001
    11.65600   0.1788347E+0001  -0.6635317E-0016   0.3644211E+0001  -0.5935280E-0003   0.7102608E-0015  -0.8110191E-0002  -0.8166881E+0001
    11.66000   0.1788347E+0001  -0.1149254E-0016   0.3643431E+0001  -0.5935280E-0003   0.7116703E-0015  -0.8337112E-0002  -0.8166849E+0001
    11.66400   0.1788347E+0001  -0.1149254E-0016   0.3642676E+0001  -0.5935280E-0003   0.7129713E-0015  -0.8601761E-0002  -0.8166810E+0001
    11.66800   0.1788347E+0001   0.4358493E-0016   0.3641947E+0001  -0.5935280E-0003   0.7144892E-0015  -0.8905245E-0002  -0.8166766E+0001
    11.67200   0.1788347E+0001  -0.6635317E-0016   0.3641244E+0001  -0.5935280E-0003   0.7153566E-0015  -0.9247575E-0002  -0.8166717E+0001
    11.67600   0.1788347E+0001  -0.6635317E-0016   0.3640565E+0001  -0.5935280E-0003   0.7164408E-0015  -0.9627540E-0002  -0.8166664E+0001
    11.68000   0.1788347E+0001  -0.6635317E-0016   0.3639910E+0001  -0.5935280E-0003   0.7177418E-0015  -0.1004261E-0001  -0.8166607E+0001
    11.68400   0.1788347E+0001   0.4358493E-0016   0.3639277E+0001  -0.5935280E-0003   0.7188260E-0015  -0.1048889E-0001  -0.8166547E+0001
    11.68800   0.1788347E+0001  -0.6657001E-0016   0.3638663E+0001  -0.5935280E-0003   0.7196934E-0015  -0.1096108E-0001  -0.8166484E+0001
    11.69200   0.1788347E+0001  -0.1216475E-0015   0.3638066E+0001  -0.5935280E-0003   0.7207776E-0015  -0.1145249E-0001  -0.8166419E+0001
    11.69600   0.1788347E+0001  -0.1170938E-0016   0.3637481E+0001  -0.5935280E-0003   0.7216450E-0015  -0.1195515E-0001  -0.8166352E+0001
    11.70000   0.1788347E+0001   0.4336809E-0016   0.3636904E+0001  -0.5935280E-0003   0.7222955E-0015  -0.1245991E-0001  -0.8166282E+0001
    11.70400   0.1788347E+0001  -0.1170938E-0016   0.3636332E+0001  -0.5935280E-0003   0.7238134E-0015  -0.1295657E-0001  -0.8166211E+0001
    11.70800   0.1788347E+0001  -0.1170938E-0016   0.3635759E+0001  -0.5935280E-0003   0.7242471E-0015  -0.1343411E-0001  -0.8166139E+0001
    11.71200   0.1788347E+0001  -0.6678685E-0016   0.3635181E+0001  -0.5935280E-0003   0.7253313E-0015  -0.1388095E-0001  -0.8166064E+0001
    11.71600   0.1788347E+0001  -0.1170938E-0016   0.3634592E+0001  -0.5935280E-0003   0.7264155E-0015  -0.1428516E-0001  -0.8165988E+0001
    11.72000   0.1788347E+0001  -0.6678685E-0016   0.3633989E+0001  -0.5935280E-0003   0.7274997E-0015  -0.1463480E-0001  -0.8165911E+0001
    11.72400   0.1788347E+0001  -0.1170938E-0016   0.3633365E+0001  -0.5935280E-0003   0.7285839E-0015  -0.1491820E-0001  -0.8165832E+0001
    11.72800   0.1788347E+0001  -0.1170938E-0016   0.3632716E+0001  -0.5935280E-0003   0.7294512E-0015  -0.1512427E-0001  -0.8165751E+0001
    11.73200   0.1788347E+0001  -0.6678685E-0016   0.3632039E+0001  -0.5935280E-0003   0.7309691E-0015  -0.1524279E-0001  -0.8165670E+0001
    11.73600   0.1788347E+0001  -0.6678685E-0016   0.3631330E+0001  -0.5935280E-0003   0.7318365E-0015  -0.1526465E-0001  -0.8165587E+0001
    11.74000   0.1788347E+0001  -0.1170938E-0016   0.3630585E+0001  -0.5935280E-0003   0.7331375E-0015  -0.1518215E-0001  -0.8165504E+0001
    11.74400   0.1788347E+0001  -0.1170938E-0016   0.3629803E+0001  -0.5935280E-0003   0.7342217E-0015  -0.1498912E-0001  -0.8165421E+0001
    11.74800   0.1788347E+0001   0.4315125E-0016   0.3628980E+0001  -0.5935280E-0003   0.7355228E-0015  -0.1468115E-0001  -0.8165339E+0001
    11.75200   0.1788347E+0001  -0.1170938E-0016   0.3628117E+0001  -0.5935280E-0003   0.7372575E-0015  -0.1425558E-0001  -0.8165257E+0001
    11.75600   0.1788347E+0001  -0.6657001E-0016   0.3627211E+0001  -0.5935280E-0003   0.7379080E-0015  -0.1371162E-0001  -0.8165177E+0001
    11.76000   0.1788347E+0001  -0.1149254E-0016   0.3626264E+0001  -0.5935280E-0003   0.7392090E-0015  -0.1305024E-0001  -0.8165099E+0001
    11.76400   0.1788347E+0001  -0.1149254E-0016   0.3625275E+0001  -0.5935280E-0003   0.7413774E-0015  -0.1227412E-0001  -0.8165023E+0001
    11.76800   0.1788347E+0001  -0.1149254E-0016   0.3624245E+0001  -0.5935280E-0003   0.7426785E-0015  -0.1138748E-0001  -0.8164950E+0001
    11.77200   0.1788347E+0001  -0.1149254E-0016   0.3623176E+0001  -0.5935280E-0003   0.7441964E-0015  -0.1039586E-0001  -0.8164880E+0001
    11.77600   0.1788347E+0001   0.4358493E-0016   0.3622068E+0001  -0.5935280E-0003   0.7461479E-0015  -0.9305914E-0002  -0.8164814E+0001
    11.78000   0.1788347E+0001  -0.1212138E-0015   0.3620924E+0001  -0.5935280E-0003   0.7487500E-0015  -0.8125103E-0002  -0.8164750E+0001
    11.78400   0.1788347E+0001  -0.1127570E-0016   0.3619745E+0001  -0.5935280E-0003   0.7500511E-0015  -0.6861430E-0002  -0.8164689E+0001
    11.78800   0.1788347E+0001  -0.6613633E-0016   0.3618533E+0001  -0.5935280E-0003   0.7517858E-0015  -0.5523151E-0002  -0.8164631E+0001
    11.79200   0.1788347E+0001  -0.1212138E-0015   0.3617289E+0001  -0.5935280E-0003   0.7541710E-0015  -0.4118508E-0002  -0.8164574E+0001
    11.79600   0.1788347E+0001  -0.6635317E-0016   0.3616016E+0001  -0.5935280E-0003   0.7561226E-0015  -0.2655494E-0002  -0.8164518E+0001
    11.80000   0.1788347E+0001  -0.1214306E-0015   0.3614716E+0001  -0.5935280E-0003   0.7582910E-0015  -0.1141662E-0002  -0.8164464E+0001
    11.80400   0.1788347E+0001  -0.6635317E-0016   0.3613389E+0001  -0.5935280E-0003   0.7606762E-0015   0.4160050E-0003  -0.8164409E+0001
    11.80800   0.1788347E+0001  -0.6635317E-0016   0.3612038E+0001  -0.5935280E-0003   0.7626278E-0015   0.2011165E-0002  -0.8164355E+0001
    11.81200   0.1788347E+0001  -0.6635317E-0016   0.3610663E+0001  -0.5935280E-0003   0.7650131E-0015   0.3638106E-0002  -0.8164300E+0001
    11.81600   0.1788347E+0001  -0.1214306E-0015   0.3609268E+0001  -0.5935280E-0003   0.7673983E-0015   0.5291663E-0002  -0.8164245E+0001
    11.82000   0.1788347E+0001  -0.1214306E-0015   0.3607852E+0001  -0.5935280E-0003   0.7695667E-0015   0.6967059E-0002  -0.8164189E+0001
    11.82400   0.1788347E+0001  -0.1765081E-0015   0.3606419E+0001  -0.5935280E-0003   0.7719519E-0015   0.8659677E-0002  -0.8164134E+0001
    11.82800   0.1788347E+0001  -0.6657001E-0016   0.3604971E+0001  -0.5935280E-0003   0.7747709E-0015   0.1036476E-0001  -0.8164079E+0001
    11.83200   0.1788347E+0001  -0.1216475E-0015   0.3603512E+0001  -0.5935280E-0003   0.7767224E-0015   0.1207707E-0001  -0.8164025E+0001
    11.83600   0.1788347E+0001  -0.1216475E-0015   0.3602045E+0001  -0.5935280E-0003   0.7793245E-0015   0.1379053E-0001  -0.8163972E+0001
    11.84000   0.1788347E+0001  -0.6657001E-0016   0.3600575E+0001  -0.5935280E-0003   0.7814929E-0015   0.1549776E-0001  -0.8163923E+0001
    11.84400   0.1788347E+0001  -0.1214306E-0015   0.3599108E+0001  -0.5935280E-0003   0.7838782E-0015   0.1718978E-0001  -0.8163878E+0001
    11.84800   0.1788347E+0001  -0.1765081E-0015   0.3597652E+0001  -0.5935280E-0003   0.7864803E-0015   0.1885553E-0001  -0.8163837E+0001
    11.85200   0.1788347E+0001  -0.1765081E-0015   0.3596215E+0001  -0.5935280E-0003   0.7888655E-0015   0.2048162E-0001  -0.8163802E+0001
    11.85600   0.1788347E+0001  -0.1215391E-0015   0.3594807E+0001  -0.5935280E-0003   0.7923349E-0015   0.2205203E-0001  -0.8163774E+0001
    11.86000   0.1788347E+0001  -0.1765081E-0015   0.3593439E+0001  -0.5935280E-0003   0.7925518E-0015   0.2354791E-0001  -0.8163752E+0001
    11.86400   0.1788347E+0001  -0.1215391E-0015   0.3592122E+0001  -0.5935280E-0003   0.7960212E-0015   0.2494752E-0001  -0.8163739E+0001
    11.86800   0.1788347E+0001  -0.6657001E-0016   0.3590872E+0001  -0.5935280E-0003   0.7979728E-0015   0.2622620E-0001  -0.8163734E+0001
    11.87200   0.1788347E+0001  -0.6657001E-0016   0.3589701E+0001  -0.5935280E-0003   0.8003580E-0015   0.2735660E-0001  -0.8163737E+0001
    11.87600   0.1788347E+0001  -0.1160096E-0016   0.3588627E+0001  -0.5935280E-0003   0.8025264E-0015   0.2830883E-0001  -0.8163749E+0001
    11.88000   0.1788347E+0001  -0.6657001E-0016   0.3587664E+0001  -0.5935280E-0003   0.8042612E-0015   0.2905094E-0001  -0.8163771E+0001
    11.88400   0.1788347E+0001  -0.1215391E-0015   0.3586829E+0001  -0.5935280E-0003   0.8059959E-0015   0.2954936E-0001  -0.8163801E+0001
    11.88800   0.1788347E+0001  -0.1215391E-0015   0.3586139E+0001  -0.5935280E-0003   0.8070801E-0015   0.2976950E-0001  -0.8163841E+0001
    11.89200   0.1788347E+0001  -0.1215391E-0015   0.3585611E+0001  -0.5935280E-0003   0.8075138E-0015   0.2967646E-0001  -0.8163891E+0001
    11.89600   0.1788347E+0001  -0.1215391E-0015   0.3585260E+0001  -0.5935280E-0003   0.8083811E-0015   0.2923579E-0001  -0.8163950E+0001
    11.90000   0.1788347E+0001  -0.1215391E-0015   0.3585101E+0001  -0.5935280E-0003   0.8092485E-0015   0.2841426E-0001  -0.8164019E+0001
    11.90400   0.1788347E+0001  -0.1215391E-0015   0.3585148E+0001  -0.5935280E-0003   0.8103327E-0015   0.2718068E-0001  -0.8164098E+0001
    11.90800   0.1788347E+0001  -0.1215391E-0015   0.3585413E+0001  -0.5935280E-0003   0.8094653E-0015   0.2550675E-0001  -0.8164187E+0001
    11.91200   0.1788347E+0001  -0.1215391E-0015   0.3585907E+0001  -0.5935280E-0003   0.8094653E-0015   0.2336780E-0001  -0.8164286E+0001
    11.91600   0.1788347E+0001  -0.6656324E-0016   0.3586637E+0001  -0.5935280E-0003   0.8085980E-0015   0.2074352E-0001  -0.8164396E+0001
    11.92000   0.1788347E+0001  -0.1215391E-0015   0.3587610E+0001  -0.5935280E-0003   0.8068633E-0015   0.1761859E-0001  -0.8164515E+0001
    11.92400   0.1788347E+0001  -0.1765149E-0015   0.3588830E+0001  -0.5935280E-0003   0.8057791E-0015   0.1398327E-0001  -0.8164645E+0001
    11.92800   0.1788347E+0001  -0.1215391E-0015   0.3590295E+0001  -0.5935280E-0003   0.8033938E-0015   0.9833762E-0002  -0.8164783E+0001
    11.93200   0.1788347E+0001  -0.1158741E-0016   0.3592006E+0001  -0.5935280E-0003   0.8005749E-0015   0.5172531E-0002  -0.8164930E+0001
    11.93600   0.1788347E+0001  -0.6657001E-0016   0.3593956E+0001  -0.5935280E-0003   0.7981896E-0015   0.8487311E-0005  -0.8165084E+0001
    11.94000   0.1788347E+0001  -0.1158741E-0016   0.3596138E+0001  -0.5935280E-0003   0.7947202E-0015  -0.5643002E-0002  -0.8165246E+0001
    11.94400   0.1788347E+0001  -0.1765217E-0015   0.3598542E+0001  -0.5935280E-0003   0.7912507E-0015  -0.1176021E-0001  -0.8165414E+0001
    11.94800   0.1788347E+0001  -0.6657001E-0016   0.3601155E+0001  -0.5935280E-0003   0.7869139E-0015  -0.1831526E-0001  -0.8165586E+0001
    11.95200   0.1788347E+0001  -0.1158741E-0016   0.3603961E+0001  -0.5935280E-0003   0.7836613E-0015  -0.2527449E-0001  -0.8165762E+0001
    11.95600   0.1788347E+0001  -0.1215391E-0015   0.3606943E+0001  -0.5935280E-0003   0.7778066E-0015  -0.3259886E-0001  -0.8165940E+0001
    11.96000   0.1788347E+0001  -0.6657001E-0016   0.3610081E+0001  -0.5935280E-0003   0.7741204E-0015  -0.4024448E-0001  -0.8166120E+0001
    11.96400   0.1788347E+0001  -0.1158741E-0016   0.3613353E+0001  -0.5935280E-0003   0.7669646E-0015  -0.4816322E-0001  -0.8166299E+0001
    11.96800   0.1788347E+0001  -0.6655646E-0016   0.3616736E+0001  -0.5935280E-0003   0.7624110E-0015  -0.5630329E-0001  -0.8166478E+0001
    11.97200   0.1788347E+0001   0.9837779E-0016   0.3620207E+0001  -0.5935280E-0003   0.7552552E-0015  -0.6460994E-0001  -0.8166655E+0001
    11.97600   0.1788347E+0001  -0.1158063E-0016   0.3623738E+0001  -0.5935280E-0003   0.7505932E-0015  -0.7302614E-0001  -0.8166829E+0001
    11.98000   0.1788347E+0001   0.9837441E-0016   0.3627305E+0001  -0.5935280E-0003   0.7433290E-0015  -0.8149328E-0001  -0.8166999E+0001
    11.98400   0.1788347E+0001   0.9837441E-0016   0.3630879E+0001  -0.5935280E-0003   0.7369322E-0015  -0.8995180E-0001  -0.8167163E+0001
    11.98800   0.1788347E+0001   0.9837102E-0016   0.3634434E+0001  -0.5935280E-0003   0.7331375E-0015  -0.9834191E-0001  -0.8167321E+0001
    11.99200   0.1788347E+0001   0.4339519E-0016   0.3637943E+0001  -0.5935280E-0003   0.7258734E-0015  -0.1066042E+0000  -0.8167472E+0001
    11.99600   0.1788347E+0001   0.9837779E-0016   0.3641379E+0001  -0.5935280E-0003   0.7220786E-0015  -0.1146803E+0000  -0.8167614E+0001
    12.00000   0.1788347E+0001  -0.1157386E-0016   0.3644715E+0001  -0.5935280E-0003   0.7113450E-0015  -0.1225136E+0000  -0.8167746E+0001
    12.00400   0.1788347E+0001   0.9837779E-0016   0.3647926E+0001  -0.5935280E-0003   0.7092851E-0015  -0.1300494E+0000  -0.8167867E+0001
    12.00800   0.1788347E+0001   0.1533604E-0015   0.3650987E+0001  -0.5935280E-0003   0.7021293E-0015  -0.1372360E+0000  -0.8167977E+0001
    12.01200   0.1788347E+0001   0.2083566E-0015   0.3653875E+0001  -0.5935280E-0003   0.6948652E-0015  -0.1440250E+0000  -0.8168073E+0001
    12.01600   0.1788347E+0001   0.2083566E-0015   0.3656568E+0001  -0.5935280E-0003   0.6945399E-0015  -0.1503718E+0000  -0.8168156E+0001
    12.02000   0.1788347E+0001   0.1533875E-0015   0.3659045E+0001  -0.5935280E-0003   0.6924799E-0015  -0.1562362E+0000  -0.8168225E+0001
    12.02400   0.1788347E+0001   0.2633527E-0015   0.3661289E+0001  -0.5935280E-0003   0.6817463E-0015  -0.1615827E+0000  -0.8168279E+0001
    12.02800   0.1788347E+0001   0.2083837E-0015   0.3663283E+0001  -0.5935280E-0003   0.6795779E-0015  -0.1663812E+0000  -0.8168318E+0001
    12.03200   0.1788347E+0001   0.9841845E-0016   0.3665014E+0001  -0.5935280E-0003   0.6757832E-0015  -0.1706071E+0000  -0.8168343E+0001
    12.03600   0.1788347E+0001   0.2083566E-0015   0.3666470E+0001  -0.5935280E-0003   0.6754580E-0015  -0.1742421E+0000  -0.8168353E+0001
    12.04000   0.1788347E+0001   0.2083566E-0015   0.3667644E+0001  -0.5935280E-0003   0.6802284E-0015  -0.1772738E+0000  -0.8168350E+0001
    12.04400   0.1788347E+0001   0.2083566E-0015   0.3668528E+0001  -0.5935280E-0003   0.6764337E-0015  -0.1796968E+0000  -0.8168334E+0001
    12.04800   0.1788347E+0001   0.2083294E-0015   0.3669122E+0001  -0.5935280E-0003   0.6657001E-0015  -0.1815119E+0000  -0.8168307E+0001
    12.05200   0.1788347E+0001   0.2083294E-0015   0.3669424E+0001  -0.5935280E-0003   0.6671096E-0015  -0.1827271E+0000  -0.8168269E+0001
    12.05600   0.1788347E+0001   0.1533604E-0015   0.3669437E+0001  -0.5935280E-0003   0.6685191E-0015  -0.1833565E+0000  -0.8168222E+0001
    12.06000   0.1788347E+0001   0.2083430E-0015   0.3669169E+0001  -0.5935280E-0003   0.6698201E-0015  -0.1834209E+0000  -0.8168168E+0001
    12.06400   0.1788347E+0001   0.2083430E-0015   0.3668627E+0001  -0.5935280E-0003   0.6711211E-0015  -0.1829473E+0000  -0.8168108E+0001
    12.06800   0.1788347E+0001   0.1533739E-0015   0.3667824E+0001  -0.5935280E-0003   0.6706875E-0015  -0.1819680E+0000  -0.8168044E+0001
    12.07200   0.1788347E+0001   0.2083464E-0015   0.3666773E+0001  -0.5935280E-0003   0.6686275E-0015  -0.1805206E+0000  -0.8167976E+0001
    12.07600   0.1788347E+0001   0.9839135E-0016   0.3665490E+0001  -0.5935280E-0003   0.6716632E-0015  -0.1786469E+0000  -0.8167907E+0001
    12.08000   0.1788347E+0001   0.2083430E-0015   0.3663995E+0001  -0.5935280E-0003   0.6765422E-0015  -0.1763923E+0000  -0.8167837E+0001
    12.08400   0.1788347E+0001   0.2083430E-0015   0.3662308E+0001  -0.5935280E-0003   0.6779516E-0015  -0.1738048E+0000  -0.8167768E+0001
    12.08800   0.1788347E+0001   0.1533604E-0015   0.3660450E+0001  -0.5935280E-0003   0.6776264E-0015  -0.1709338E+0000  -0.8167700E+0001
    12.09200   0.1788347E+0001   0.1533604E-0015   0.3658443E+0001  -0.5935280E-0003   0.6790358E-0015  -0.1678298E+0000  -0.8167635E+0001
    12.09600   0.1788347E+0001   0.2633256E-0015   0.3656311E+0001  -0.5935280E-0003   0.6855410E-0015  -0.1645423E+0000  -0.8167573E+0001
    12.10000   0.1788347E+0001   0.1533604E-0015   0.3654078E+0001  -0.5935280E-0003   0.6868421E-0015  -0.1611199E+0000  -0.8167514E+0001
    12.10400   0.1788347E+0001   0.2083294E-0015   0.3651767E+0001  -0.5935280E-0003   0.6950820E-0015  -0.1576084E+0000  -0.8167458E+0001
    12.10800   0.1788347E+0001   0.1533604E-0015   0.3649400E+0001  -0.5935280E-0003   0.6981178E-0015  -0.1540504E+0000  -0.8167406E+0001
    12.11200   0.1788347E+0001   0.2083837E-0015   0.3646999E+0001  -0.5935280E-0003   0.7012620E-0015  -0.1504845E+0000  -0.8167357E+0001
    12.11600   0.1788347E+0001   0.2083837E-0015   0.3644586E+0001  -0.5935280E-0003   0.7042977E-0015  -0.1469445E+0000  -0.8167310E+0001
    12.12000   0.1788347E+0001   0.2083837E-0015   0.3642180E+0001  -0.5935280E-0003   0.7090682E-0015  -0.1434589E+0000  -0.8167264E+0001
    12.12400   0.1788347E+0001   0.2083837E-0015   0.3639797E+0001  -0.5935280E-0003   0.7121040E-0015  -0.1400505E+0000  -0.8167218E+0001
    12.12800   0.1788347E+0001   0.1534146E-0015   0.3637456E+0001  -0.5935280E-0003   0.7186092E-0015  -0.1367365E+0000  -0.8167171E+0001
    12.13200   0.1788347E+0001   0.1534146E-0015   0.3635168E+0001  -0.5935280E-0003   0.7182839E-0015  -0.1335282E+0000  -0.8167120E+0001
    12.13600   0.1788347E+0001   0.2083837E-0015   0.3632947E+0001  -0.5935280E-0003   0.7214281E-0015  -0.1304315E+0000  -0.8167064E+0001
    12.14000   0.1788347E+0001   0.2083837E-0015   0.3630801E+0001  -0.5935280E-0003   0.7312944E-0015  -0.1274468E+0000  -0.8167000E+0001
    12.14400   0.1788347E+0001   0.3183218E-0015   0.3628739E+0001  -0.5935280E-0003   0.7327038E-0015  -0.1245702E+0000  -0.8166927E+0001
    12.14800   0.1788347E+0001   0.2083837E-0015   0.3626768E+0001  -0.5935280E-0003   0.7357396E-0015  -0.1217933E+0000  -0.8166841E+0001
    12.15200   0.1788347E+0001   0.1535230E-0015   0.3624890E+0001  -0.5935280E-0003   0.7371491E-0015  -0.1191045E+0000  -0.8166742E+0001
    12.15600   0.1788347E+0001   0.2083837E-0015   0.3623109E+0001  -0.5935280E-0003   0.7436543E-0015  -0.1164898E+0000  -0.8166626E+0001
    12.16000   0.1788347E+0001   0.1535230E-0015   0.3621426E+0001  -0.5935280E-0003   0.7450637E-0015  -0.1139332E+0000  -0.8166491E+0001
    12.16400   0.1788347E+0001   0.4336809E-0016   0.3619841E+0001  -0.5935280E-0003   0.7498342E-0015  -0.1114179E+0000  -0.8166337E+0001
    12.16800   0.1788347E+0001   0.4336809E-0016   0.3618352E+0001  -0.5935280E-0003   0.7477742E-0015  -0.1089269E+0000  -0.8166160E+0001
    12.17200   0.1788347E+0001   0.9822872E-0016   0.3616957E+0001  -0.5935280E-0003   0.7509184E-0015  -0.1064437E+0000  -0.8165961E+0001
    12.17600   0.1788347E+0001  -0.1170938E-0016   0.3615653E+0001  -0.5935280E-0003   0.7548216E-0015  -0.1039533E+0000  -0.8165736E+0001
    12.18000   0.1788347E+0001   0.4336809E-0016   0.3614437E+0001  -0.5935280E-0003   0.7587247E-0015  -0.1014422E+0000  -0.8165487E+0001
    12.18400   0.1788347E+0001   0.1535230E-0015   0.3613305E+0001  -0.5935280E-0003   0.7583994E-0015  -0.9889905E-0001  -0.8165211E+0001
    12.18800   0.1788347E+0001  -0.1127570E-0016   0.3612254E+0001  -0.5935280E-0003   0.7623025E-0015  -0.9631498E-0001  -0.8164909E+0001
    12.19200   0.1788347E+0001   0.9844556E-0016   0.3611280E+0001  -0.5935280E-0003   0.7602426E-0015  -0.9368357E-0001  -0.8164581E+0001
    12.19600   0.1788347E+0001   0.4336809E-0016   0.3610378E+0001  -0.5935280E-0003   0.7667478E-0015  -0.9100090E-0001  -0.8164226E+0001
    12.20000   0.1788347E+0001   0.9844556E-0016   0.3609547E+0001  -0.5935280E-0003   0.7645794E-0015  -0.8826533E-0001  -0.8163846E+0001
    12.20400   0.1788347E+0001  -0.6635317E-0016   0.3608782E+0001  -0.5935280E-0003   0.7702172E-0015  -0.8547730E-0001  -0.8163442E+0001
    12.20800   0.1788347E+0001   0.4336809E-0016   0.3608081E+0001  -0.5935280E-0003   0.7700004E-0015  -0.8263886E-0001  -0.8163013E+0001
    12.21200   0.1788347E+0001   0.4336809E-0016   0.3607441E+0001  -0.5935280E-0003   0.7721688E-0015  -0.7975330E-0001  -0.8162562E+0001
    12.21600   0.1788347E+0001  -0.1170938E-0016   0.3606862E+0001  -0.5935280E-0003   0.7736867E-0015  -0.7682459E-0001  -0.8162091E+0001
    12.22000   0.1788347E+0001  -0.1170938E-0016   0.3606342E+0001  -0.5935280E-0003   0.7752046E-0015  -0.7385688E-0001  -0.8161600E+0001
    12.22400   0.1788347E+0001   0.4336809E-0016   0.3605881E+0001  -0.5935280E-0003   0.7713014E-0015  -0.7085393E-0001  -0.8161092E+0001
    12.22800   0.1788347E+0001  -0.1170938E-0016   0.3605479E+0001  -0.5935280E-0003   0.7726025E-0015  -0.6781867E-0001  -0.8160568E+0001
    12.23200   0.1788347E+0001  -0.1170938E-0016   0.3605137E+0001  -0.5935280E-0003   0.7739035E-0015  -0.6475267E-0001  -0.8160031E+0001
    12.23600   0.1788347E+0001  -0.1170938E-0016   0.3604856E+0001  -0.5935280E-0003   0.7769393E-0015  -0.6165584E-0001  -0.8159484E+0001
    12.24000   0.1788347E+0001   0.4336809E-0016   0.3604639E+0001  -0.5935280E-0003   0.7767224E-0015  -0.5852605E-0001  -0.8158927E+0001
    12.24400   0.1788347E+0001  -0.1127570E-0016   0.3604487E+0001  -0.5935280E-0003   0.7773730E-0015  -0.5535900E-0001  -0.8158364E+0001
    12.24800   0.1788347E+0001   0.4336809E-0016   0.3604406E+0001  -0.5935280E-0003   0.7754214E-0015  -0.5214810E-0001  -0.8157796E+0001
    12.25200   0.1788347E+0001  -0.1170938E-0016   0.3604397E+0001  -0.5935280E-0003   0.7762888E-0015  -0.4888452E-0001  -0.8157225E+0001
    12.25600   0.1788347E+0001  -0.6678685E-0016   0.3604466E+0001  -0.5935280E-0003   0.7778066E-0015  -0.4555729E-0001  -0.8156654E+0001
    12.26000   0.1788347E+0001  -0.1170938E-0016   0.3604616E+0001  -0.5935280E-0003   0.7762888E-0015  -0.4215360E-0001  -0.8156084E+0001
    12.26400   0.1788347E+0001  -0.1170938E-0016   0.3604854E+0001  -0.5935280E-0003   0.7767224E-0015  -0.3865910E-0001  -0.8155517E+0001
    12.26800   0.1788347E+0001  -0.6678685E-0016   0.3605183E+0001  -0.5935280E-0003   0.7762888E-0015  -0.3505833E-0001  -0.8154955E+0001
    12.27200   0.1788347E+0001  -0.6678685E-0016   0.3605609E+0001  -0.5935280E-0003   0.7754214E-0015  -0.3133528E-0001  -0.8154399E+0001
    12.27600   0.1788347E+0001  -0.1170938E-0016   0.3606136E+0001  -0.5935280E-0003   0.7749877E-0015  -0.2747387E-0001  -0.8153851E+0001
    12.28000   0.1788347E+0001  -0.1170938E-0016   0.3606768E+0001  -0.5935280E-0003   0.7728193E-0015  -0.2345861E-0001  -0.8153313E+0001
    12.28400   0.1788347E+0001  -0.1170938E-0016   0.3607510E+0001  -0.5935280E-0003   0.7728193E-0015  -0.1927518E-0001  -0.8152784E+0001
    12.28800   0.1788347E+0001  -0.1170938E-0016   0.3608364E+0001  -0.5935280E-0003   0.7715183E-0015  -0.1491106E-0001  -0.8152267E+0001
    12.29200   0.1788347E+0001  -0.1218643E-0015   0.3609333E+0001  -0.5935280E-0003   0.7706509E-0015  -0.1035608E-0001  -0.8151763E+0001
    12.29600   0.1788347E+0001  -0.6678685E-0016   0.3610416E+0001  -0.5935280E-0003   0.7689162E-0015  -0.5603026E-0002  -0.8151272E+0001
    12.30000   0.1788347E+0001  -0.6678685E-0016   0.3611614E+0001  -0.5935280E-0003   0.7676151E-0015  -0.6481026E-0003  -0.8150796E+0001
    12.30400   0.1788347E+0001  -0.1218643E-0015   0.3612924E+0001  -0.5935280E-0003   0.7654467E-0015   0.4508644E-0002  -0.8150336E+0001
    12.30800   0.1788347E+0001  -0.6678685E-0016   0.3614343E+0001  -0.5935280E-0003   0.7632783E-0015   0.9862978E-0002  -0.8149893E+0001
    12.31200   0.1788347E+0001  -0.1769418E-0015   0.3615864E+0001  -0.5935280E-0003   0.7611099E-0015   0.1540623E-0001  -0.8149468E+0001
    12.31600   0.1788347E+0001  -0.1218643E-0015   0.3617480E+0001  -0.5935280E-0003   0.7585078E-0015   0.2112513E-0001  -0.8149062E+0001
    12.32000   0.1788347E+0001  -0.2320193E-0015   0.3619181E+0001  -0.5935280E-0003   0.7559058E-0015   0.2700182E-0001  -0.8148677E+0001
    12.32400   0.1788347E+0001  -0.1214306E-0016   0.3620957E+0001  -0.5935280E-0003   0.7537374E-0015   0.3301386E-0001  -0.8148314E+0001
    12.32800   0.1788347E+0001  -0.1218643E-0015   0.3622794E+0001  -0.5935280E-0003   0.7507016E-0015   0.3913441E-0001  -0.8147973E+0001
    12.33200   0.1788347E+0001  -0.6678685E-0016   0.3624677E+0001  -0.5935280E-0003   0.7472321E-0015   0.4533256E-0001  -0.8147657E+0001
    12.33600   0.1788347E+0001  -0.1765081E-0015   0.3626589E+0001  -0.5935280E-0003   0.7450637E-0015   0.5157360E-0001  -0.8147367E+0001
    12.34000   0.1788347E+0001  -0.1769418E-0015   0.3628514E+0001  -0.5935280E-0003   0.7420280E-0015   0.5781960E-0001  -0.8147103E+0001
    12.34400   0.1788347E+0001  -0.1218643E-0015   0.3630431E+0001  -0.5935280E-0003   0.7398596E-0015   0.6402985E-0001  -0.8146868E+0001
    12.34800   0.1788347E+0001  -0.1769418E-0015   0.3632322E+0001  -0.5935280E-0003   0.7350891E-0015   0.7016152E-0001  -0.8146661E+0001
    12.35200   0.1788347E+0001  -0.1218643E-0015   0.3634167E+0001  -0.5935280E-0003   0.7329207E-0015   0.7617031E-0001  -0.8146484E+0001
    12.35600   0.1788347E+0001  -0.1767250E-0015   0.3635945E+0001  -0.5935280E-0003   0.7283670E-0015   0.8201116E-0001  -0.8146337E+0001
    12.36000   0.1788347E+0001  -0.1218643E-0015   0.3637636E+0001  -0.5935280E-0003   0.7288007E-0015   0.8763900E-0001  -0.8146222E+0001
    12.36400   0.1788347E+0001  -0.1218643E-0015   0.3639222E+0001  -0.5935280E-0003   0.7240302E-0015   0.9300946E-0001  -0.8146138E+0001
    12.36800   0.1788347E+0001  -0.1767250E-0015   0.3640683E+0001  -0.5935280E-0003   0.7201271E-0015   0.9807967E-0001  -0.8146085E+0001
    12.37200   0.1788347E+0001  -0.2316940E-0015   0.3642003E+0001  -0.5935280E-0003   0.7181755E-0015   0.1028089E+0000  -0.8146064E+0001
    12.37600   0.1788347E+0001  -0.2318024E-0015   0.3643166E+0001  -0.5935280E-0003   0.7177418E-0015   0.1071595E+0000  -0.8146074E+0001
    12.38000   0.1788347E+0001  -0.1768334E-0015   0.3644157E+0001  -0.5935280E-0003   0.7181755E-0015   0.1110970E+0000  -0.8146115E+0001
    12.38400   0.1788347E+0001  -0.2318024E-0015   0.3644966E+0001  -0.5935280E-0003   0.7127545E-0015   0.1145915E+0000  -0.8146186E+0001
    12.38800   0.1788347E+0001  -0.2867715E-0015   0.3645583E+0001  -0.5935280E-0003   0.7105861E-0015   0.1176175E+0000  -0.8146287E+0001
    12.39200   0.1788347E+0001  -0.2318024E-0015   0.3646000E+0001  -0.5935280E-0003   0.7136219E-0015   0.1201547E+0000  -0.8146417E+0001
    12.39600   0.1788347E+0001  -0.2867715E-0015   0.3646213E+0001  -0.5935280E-0003   0.7097187E-0015   0.1221883E+0000  -0.8146574E+0001
    12.40000   0.1788347E+0001  -0.3967096E-0015   0.3646219E+0001  -0.5935280E-0003   0.7058156E-0015   0.1237091E+0000  -0.8146758E+0001
    12.40400   0.1788347E+0001  -0.2867444E-0015   0.3646019E+0001  -0.5935280E-0003   0.7088514E-0015   0.1247138E+0000  -0.8146966E+0001
    12.40800   0.1788347E+0001  -0.2867444E-0015   0.3645615E+0001  -0.5935280E-0003   0.7136219E-0015   0.1252051E+0000  -0.8147198E+0001
    12.41200   0.1788347E+0001  -0.3966960E-0015   0.3645013E+0001  -0.5935280E-0003   0.7099356E-0015   0.1251916E+0000  -0.8147450E+0001
    12.41600   0.1788347E+0001  -0.2867444E-0015   0.3644220E+0001  -0.5935280E-0003   0.7149229E-0015   0.1246874E+0000  -0.8147722E+0001
    12.42000   0.1788347E+0001  -0.2867444E-0015   0.3643246E+0001  -0.5935280E-0003   0.7164408E-0015   0.1237120E+0000  -0.8148010E+0001
    12.42400   0.1788347E+0001  -0.2867444E-0015   0.3642100E+0001  -0.5935280E-0003   0.7143808E-0015   0.1222902E+0000  -0.8148313E+0001
    12.42800   0.1788347E+0001  -0.2317618E-0015   0.3640798E+0001  -0.5935280E-0003   0.7123208E-0015   0.1204511E+0000  -0.8148627E+0001
    12.43200   0.1788347E+0001  -0.2317618E-0015   0.3639353E+0001  -0.5935280E-0003   0.7188260E-0015   0.1182280E+0000  -0.8148949E+0001
    12.43600   0.1788347E+0001  -0.2867376E-0015   0.3637781E+0001  -0.5935280E-0003   0.7202355E-0015   0.1156576E+0000  -0.8149277E+0001
    12.44000   0.1788347E+0001  -0.2317618E-0015   0.3636099E+0001  -0.5935280E-0003   0.7233797E-0015   0.1127791E+0000  -0.8149607E+0001
    12.44400   0.1788347E+0001  -0.2317618E-0015   0.3634323E+0001  -0.5935280E-0003   0.7299933E-0015   0.1096342E+0000  -0.8149936E+0001
    12.44800   0.1788347E+0001  -0.2317618E-0015   0.3632472E+0001  -0.5935280E-0003   0.7347638E-0015   0.1062654E+0000  -0.8150262E+0001
    12.45200   0.1788347E+0001  -0.2867308E-0015   0.3630564E+0001  -0.5935280E-0003   0.7334628E-0015   0.1027160E+0000  -0.8150581E+0001
    12.45600   0.1788347E+0001  -0.2317482E-0015   0.3628615E+0001  -0.5935280E-0003   0.7382333E-0015   0.9902901E-0001  -0.8150890E+0001
    12.46000   0.1788347E+0001  -0.2317482E-0015   0.3626642E+0001  -0.5935280E-0003   0.7387754E-0015   0.9524652E-0001  -0.8151188E+0001
    12.46400   0.1788347E+0001  -0.1218101E-0015   0.3624663E+0001  -0.5935280E-0003   0.7444132E-0015   0.9140897E-0001  -0.8151472E+0001
    12.46800   0.1788347E+0001  -0.1767792E-0015   0.3622693E+0001  -0.5935280E-0003   0.7457143E-0015   0.8755454E-0001  -0.8151740E+0001
    12.47200   0.1788347E+0001  -0.2317482E-0015   0.3620745E+0001  -0.5935280E-0003   0.7470695E-0015   0.8371862E-0001  -0.8151990E+0001
    12.47600   0.1788347E+0001  -0.2317482E-0015   0.3618833E+0001  -0.5935280E-0003   0.7509726E-0015   0.7993329E-0001  -0.8152222E+0001
    12.48000   0.1788347E+0001  -0.1768334E-0015   0.3616968E+0001  -0.5935280E-0003   0.7540084E-0015   0.7622699E-0001  -0.8152435E+0001
    12.48400   0.1788347E+0001  -0.1768334E-0015   0.3615160E+0001  -0.5935280E-0003   0.7562310E-0015   0.7262419E-0001  -0.8152627E+0001
    12.48800   0.1788347E+0001  -0.2319108E-0015   0.3613417E+0001  -0.5935280E-0003   0.7601341E-0015   0.6914527E-0001  -0.8152800E+0001
    12.49200   0.1788347E+0001  -0.2319108E-0015   0.3611745E+0001  -0.5935280E-0003   0.7649588E-0015   0.6580642E-0001  -0.8152953E+0001
    12.49600   0.1788347E+0001  -0.1769418E-0015   0.3610150E+0001  -0.5935280E-0003   0.7645794E-0015   0.6261970E-0001  -0.8153087E+0001
    12.50000   0.1788347E+0001  -0.2868799E-0015   0.3608635E+0001  -0.5935280E-0003   0.7693499E-0015   0.5959316E-0001  -0.8153202E+0001
    12.50400   0.1788347E+0001  -0.1769418E-0015   0.3607200E+0001  -0.5935280E-0003   0.7707051E-0015   0.5673110E-0001  -0.8153301E+0001
    12.50800   0.1788347E+0001  -0.2319108E-0015   0.3605847E+0001  -0.5935280E-0003   0.7737409E-0015   0.5403438E-0001  -0.8153383E+0001
    12.51200   0.1788347E+0001  -0.1769418E-0015   0.3604575E+0001  -0.5935280E-0003   0.7759635E-0015   0.5150081E-0001  -0.8153450E+0001
    12.51600   0.1788347E+0001  -0.2320193E-0015   0.3603381E+0001  -0.5935280E-0003   0.7786198E-0015   0.4912557E-0001  -0.8153504E+0001
    12.52000   0.1788347E+0001  -0.1771586E-0015   0.3602262E+0001  -0.5935280E-0003   0.7791077E-0015   0.4690172E-0001  -0.8153546E+0001
    12.52400   0.1788347E+0001  -0.1771586E-0015   0.3601214E+0001  -0.5935280E-0003   0.7804629E-0015   0.4482066E-0001  -0.8153577E+0001
    12.52800   0.1788347E+0001  -0.1771586E-0015   0.3600234E+0001  -0.5935280E-0003   0.7826855E-0015   0.4287268E-0001  -0.8153598E+0001
    12.53200   0.1788347E+0001  -0.2322361E-0015   0.3599316E+0001  -0.5935280E-0003   0.7853418E-0015   0.4104738E-0001  -0.8153612E+0001
    12.53600   0.1788347E+0001  -0.1222980E-0015   0.3598456E+0001  -0.5935280E-0003   0.7862634E-0015   0.3933420E-0001  -0.8153618E+0001
    12.54000   0.1788347E+0001  -0.6722053E-0016   0.3597649E+0001  -0.5935280E-0003   0.7884860E-0015   0.3772277E-0001  -0.8153617E+0001
    12.54400   0.1788347E+0001  -0.6722053E-0016   0.3596890E+0001  -0.5935280E-0003   0.7889739E-0015   0.3620330E-0001  -0.8153611E+0001
    12.54800   0.1788347E+0001  -0.1771586E-0015   0.3596176E+0001  -0.5935280E-0003   0.7911965E-0015   0.3476686E-0001  -0.8153601E+0001
    12.55200   0.1788347E+0001  -0.1222980E-0015   0.3595501E+0001  -0.5935280E-0003   0.7925518E-0015   0.3340559E-0001  -0.8153586E+0001
    12.55600   0.1788347E+0001  -0.1235990E-0016   0.3594863E+0001  -0.5935280E-0003   0.7926060E-0015   0.3211288E-0001  -0.8153568E+0001
    12.56000   0.1788347E+0001  -0.6743738E-0016   0.3594258E+0001  -0.5935280E-0003   0.7943678E-0015   0.3088339E-0001  -0.8153547E+0001
    12.56400   0.1788347E+0001  -0.1257675E-0016   0.3593684E+0001  -0.5935280E-0003   0.7935547E-0015   0.2971309E-0001  -0.8153522E+0001
    12.56800   0.1788347E+0001  -0.1225148E-0015   0.3593138E+0001  -0.5935280E-0003   0.7961839E-0015   0.2859916E-0001  -0.8153495E+0001
    12.57200   0.1788347E+0001  -0.1225148E-0015   0.3592618E+0001  -0.5935280E-0003   0.7966853E-0015   0.2753988E-0001  -0.8153466E+0001
    12.57600   0.1788347E+0001  -0.6765422E-0016   0.3592123E+0001  -0.5935280E-0003   0.7988944E-0015   0.2653448E-0001  -0.8153434E+0001
    12.58000   0.1788347E+0001  -0.6765422E-0016   0.3591651E+0001  -0.5935280E-0003   0.7976611E-0015   0.2558288E-0001  -0.8153401E+0001
    12.58400   0.1788347E+0001  -0.1227317E-0015   0.3591202E+0001  -0.5935280E-0003   0.7987995E-0015   0.2468550E-0001  -0.8153366E+0001
    12.58800   0.1788347E+0001  -0.1227317E-0015   0.3590774E+0001  -0.5935280E-0003   0.7995042E-0015   0.2384305E-0001  -0.8153329E+0001
    12.59200   0.1788347E+0001  -0.6787106E-0016   0.3590366E+0001  -0.5935280E-0003   0.8002090E-0015   0.2305620E-0001  -0.8153292E+0001
    12.59600   0.1788347E+0001  -0.1229485E-0015   0.3589978E+0001  -0.5935280E-0003   0.8013474E-0015   0.2232548E-0001  -0.8153254E+0001
    12.60000   0.1788347E+0001  -0.6787106E-0016   0.3589608E+0001  -0.5935280E-0003   0.8009815E-0015   0.2165101E-0001  -0.8153217E+0001
    12.60400   0.1788347E+0001  -0.1229485E-0015   0.3589256E+0001  -0.5935280E-0003   0.8025536E-0015   0.2103240E-0001  -0.8153180E+0001
    12.60800   0.1788347E+0001  -0.6787106E-0016   0.3588920E+0001  -0.5935280E-0003   0.8030414E-0015   0.2046861E-0001  -0.8153144E+0001
    12.61200   0.1788347E+0001  -0.1229485E-0015   0.3588600E+0001  -0.5935280E-0003   0.8039630E-0015   0.1995790E-0001  -0.8153110E+0001
    12.61600   0.1788347E+0001  -0.6787106E-0016   0.3588293E+0001  -0.5935280E-0003   0.8038139E-0015   0.1949785E-0001  -0.8153079E+0001
    12.62000   0.1788347E+0001  -0.6787106E-0016   0.3587998E+0001  -0.5935280E-0003   0.8043154E-0015   0.1908534E-0001  -0.8153051E+0001
    12.62400   0.1788347E+0001  -0.6787106E-0016   0.3587714E+0001  -0.5935280E-0003   0.8043831E-0015   0.1871668E-0001  -0.8153026E+0001
    12.62800   0.1788347E+0001  -0.6787106E-0016   0.3587440E+0001  -0.5935280E-0003   0.8048710E-0015   0.1838772E-0001  -0.8153005E+0001
    12.63200   0.1788347E+0001  -0.6787106E-0016   0.3587174E+0001  -0.5935280E-0003   0.8064431E-0015   0.1809398E-0001  -0.8152989E+0001
    12.63600   0.1788347E+0001  -0.6787106E-0016   0.3586915E+0001  -0.5935280E-0003   0.8058604E-0015   0.1783081E-0001  -0.8152976E+0001
    12.64000   0.1788347E+0001  -0.1778092E-0015   0.3586663E+0001  -0.5935280E-0003   0.8065719E-0015   0.1759360E-0001  -0.8152969E+0001
    12.64400   0.1788347E+0001  -0.1778092E-0015   0.3586416E+0001  -0.5935280E-0003   0.8074934E-0015   0.1737793E-0001  -0.8152966E+0001
    12.64800   0.1788347E+0001  -0.1227317E-0015   0.3586174E+0001  -0.5935280E-0003   0.8069107E-0015   0.1717971E-0001  -0.8152967E+0001
    12.65200   0.1788347E+0001  -0.6787106E-0016   0.3585938E+0001  -0.5935280E-0003   0.8078323E-0015   0.1699537E-0001  -0.8152973E+0001
    12.65600   0.1788347E+0001  -0.1778092E-0015   0.3585708E+0001  -0.5935280E-0003   0.8085370E-0015   0.1682191E-0001  -0.8152983E+0001
    12.66000   0.1788347E+0001  -0.6787106E-0016   0.3585484E+0001  -0.5935280E-0003   0.8088148E-0015   0.1665702E-0001  -0.8152998E+0001
    12.66400   0.1788347E+0001  -0.1229485E-0015   0.3585268E+0001  -0.5935280E-0003   0.8097364E-0015   0.1649908E-0001  -0.8153016E+0001
    12.66800   0.1788347E+0001  -0.1301043E-0016   0.3585061E+0001  -0.5935280E-0003   0.8095805E-0015   0.1634719E-0001  -0.8153040E+0001
    12.67200   0.1788347E+0001  -0.6787106E-0016   0.3584865E+0001  -0.5935280E-0003   0.8089978E-0015   0.1620108E-0001  -0.8153067E+0001
    12.67600   0.1788347E+0001  -0.6787106E-0016   0.3584680E+0001  -0.5935280E-0003   0.8099194E-0015   0.1606110E-0001  -0.8153099E+0001
    12.68000   0.1788347E+0001  -0.1227317E-0015   0.3584510E+0001  -0.5935280E-0003   0.8097635E-0015   0.1592803E-0001  -0.8153136E+0001
    12.68400   0.1788347E+0001  -0.1279359E-0016   0.3584355E+0001  -0.5935280E-0003   0.8106851E-0015   0.1580303E-0001  -0.8153178E+0001
    12.68800   0.1788347E+0001  -0.1227317E-0015   0.3584217E+0001  -0.5935280E-0003   0.8109629E-0015   0.1568746E-0001  -0.8153225E+0001
    12.69200   0.1788347E+0001  -0.1227317E-0015   0.3584098E+0001  -0.5935280E-0003   0.8112339E-0015   0.1558272E-0001  -0.8153278E+0001
    12.69600   0.1788347E+0001  -0.1227317E-0015   0.3583998E+0001  -0.5935280E-0003   0.8112949E-0015   0.1549015E-0001  -0.8153337E+0001
    12.70000   0.1788347E+0001  -0.1227317E-0015   0.3583919E+0001  -0.5935280E-0003   0.8113491E-0015   0.1541089E-0001  -0.8153402E+0001
    12.70400   0.1788347E+0001  -0.1279359E-0016   0.3583860E+0001  -0.5935280E-0003   0.8116337E-0015   0.1534574E-0001  -0.8153474E+0001
    12.70800   0.1788347E+0001  -0.6765422E-0016   0.3583823E+0001  -0.5935280E-0003   0.8112678E-0015   0.1529511E-0001  -0.8153551E+0001
    12.71200   0.1788347E+0001  -0.6765422E-0016   0.3583807E+0001  -0.5935280E-0003   0.8113220E-0015   0.1525895E-0001  -0.8153635E+0001
    12.71600   0.1788347E+0001  -0.6765422E-0016   0.3583811E+0001  -0.5935280E-0003   0.8122436E-0015   0.1523671E-0001  -0.8153725E+0001
    12.72000   0.1788347E+0001  -0.6765422E-0016   0.3583835E+0001  -0.5935280E-0003   0.8120810E-0015   0.1522735E-0001  -0.8153821E+0001
    12.72400   0.1788347E+0001  -0.1225148E-0015   0.3583876E+0001  -0.5935280E-0003   0.8114982E-0015   0.1522938E-0001  -0.8153922E+0001
    12.72800   0.1788347E+0001  -0.6765422E-0016   0.3583935E+0001  -0.5935280E-0003   0.8111323E-0015   0.1524089E-0001  -0.8154028E+0001
    12.73200   0.1788347E+0001  -0.6765422E-0016   0.3584009E+0001  -0.5935280E-0003   0.8116337E-0015   0.1525966E-0001  -0.8154139E+0001
    12.73600   0.1788347E+0001  -0.6765422E-0016   0.3584097E+0001  -0.5935280E-0003   0.8110510E-0015   0.1528320E-0001  -0.8154253E+0001
    12.74000   0.1788347E+0001  -0.1257675E-0016   0.3584197E+0001  -0.5935280E-0003   0.8111052E-0015   0.1530889E-0001  -0.8154370E+0001
    12.74400   0.1788347E+0001  -0.1225148E-0015   0.3584306E+0001  -0.5935280E-0003   0.8111730E-0015   0.1533405E-0001  -0.8154489E+0001
    12.74800   0.1788347E+0001  -0.6765422E-0016   0.3584424E+0001  -0.5935280E-0003   0.8103734E-0015   0.1535605E-0001  -0.8154610E+0001
    12.75200   0.1788347E+0001  -0.1279359E-0016   0.3584549E+0001  -0.5935280E-0003   0.8106444E-0015   0.1537240E-0001  -0.8154732E+0001
    12.75600   0.1788347E+0001  -0.6765422E-0016   0.3584678E+0001  -0.5935280E-0003   0.8100481E-0015   0.1538081E-0001  -0.8154853E+0001
    12.76000   0.1788347E+0001  -0.1257675E-0016   0.3584811E+0001  -0.5935280E-0003   0.8101159E-0015   0.1537927E-0001  -0.8154974E+0001
    12.76400   0.1788347E+0001  -0.6743738E-0016   0.3584945E+0001  -0.5935280E-0003   0.8101836E-0015   0.1536606E-0001  -0.8155094E+0001
    12.76800   0.1788347E+0001  -0.1235990E-0016   0.3585081E+0001  -0.5935280E-0003   0.8096009E-0015   0.1533981E-0001  -0.8155211E+0001
    12.77200   0.1788347E+0001  -0.1222980E-0015   0.3585216E+0001  -0.5935280E-0003   0.8096551E-0015   0.1529949E-0001  -0.8155326E+0001
    12.77600   0.1788347E+0001  -0.6722053E-0016   0.3585349E+0001  -0.5935280E-0003   0.8095060E-0015   0.1524437E-0001  -0.8155438E+0001
    12.78000   0.1788347E+0001  -0.6722053E-0016   0.3585479E+0001  -0.5935280E-0003   0.8091401E-0015   0.1517407E-0001  -0.8155546E+0001
    12.78400   0.1788347E+0001  -0.6722053E-0016   0.3585606E+0001  -0.5935280E-0003   0.8085709E-0015   0.1508847E-0001  -0.8155650E+0001
    12.78800   0.1788347E+0001  -0.1222980E-0015   0.3585728E+0001  -0.5935280E-0003   0.8092756E-0015   0.1498769E-0001  -0.8155751E+0001
    12.79200   0.1788347E+0001  -0.6765422E-0016   0.3585844E+0001  -0.5935280E-0003   0.8089097E-0015   0.1487203E-0001  -0.8155846E+0001
    12.79600   0.1788347E+0001  -0.6765422E-0016   0.3585953E+0001  -0.5935280E-0003   0.8087606E-0015   0.1474198E-0001  -0.8155937E+0001
    12.80000   0.1788347E+0001  -0.1227317E-0015   0.3586054E+0001  -0.5935280E-0003   0.8081643E-0015   0.1459811E-0001  -0.8156024E+0001
    12.80400   0.1788347E+0001  -0.6765422E-0016   0.3586147E+0001  -0.5935280E-0003   0.8082456E-0015   0.1444109E-0001  -0.8156105E+0001
    12.80800   0.1788347E+0001  -0.1257675E-0016   0.3586229E+0001  -0.5935280E-0003   0.8085167E-0015   0.1427166E-0001  -0.8156182E+0001
    12.81200   0.1788347E+0001  -0.1227317E-0015   0.3586299E+0001  -0.5935280E-0003   0.8083540E-0015   0.1409055E-0001  -0.8156254E+0001
    12.81600   0.1788347E+0001  -0.6765422E-0016   0.3586357E+0001  -0.5935280E-0003   0.8080017E-0015   0.1389856E-0001  -0.8156321E+0001
    12.82000   0.1788347E+0001  -0.1227317E-0015   0.3586401E+0001  -0.5935280E-0003   0.8078390E-0015   0.1369647E-0001  -0.8156384E+0001
    12.82400   0.1788347E+0001  -0.1301043E-0016   0.3586431E+0001  -0.5935280E-0003   0.8081101E-0015   0.1348506E-0001  -0.8156442E+0001
    12.82800   0.1788347E+0001  -0.1231654E-0015   0.3586444E+0001  -0.5935280E-0003   0.8077577E-0015   0.1326515E-0001  -0.8156496E+0001
    12.83200   0.1788347E+0001  -0.6808790E-0016   0.3586439E+0001  -0.5935280E-0003   0.8073783E-0015   0.1303753E-0001  -0.8156546E+0001
    12.83600   0.1788347E+0001  -0.6808790E-0016   0.3586417E+0001  -0.5935280E-0003   0.8078661E-0015   0.1280303E-0001  -0.8156591E+0001
    12.84000   0.1788347E+0001  -0.1231654E-0015   0.3586377E+0001  -0.5935280E-0003   0.8074054E-0015   0.1256246E-0001  -0.8156631E+0001
    12.84400   0.1788347E+0001  -0.6808790E-0016   0.3586316E+0001  -0.5935280E-0003   0.8073783E-0015   0.1231666E-0001  -0.8156667E+0001
    12.84800   0.1788347E+0001  -0.6808790E-0016   0.3586236E+0001  -0.5935280E-0003   0.8076764E-0015   0.1206645E-0001  -0.8156698E+0001
    12.85200   0.1788347E+0001  -0.1301043E-0016   0.3586137E+0001  -0.5935280E-0003   0.8077306E-0015   0.1181264E-0001  -0.8156725E+0001
    12.85600   0.1788347E+0001  -0.6765422E-0016   0.3586017E+0001  -0.5935280E-0003   0.8077848E-0015   0.1155603E-0001  -0.8156746E+0001
    12.86000   0.1788347E+0001  -0.6765422E-0016   0.3585877E+0001  -0.5935280E-0003   0.8080559E-0015   0.1129736E-0001  -0.8156762E+0001
    12.86400   0.1788347E+0001  -0.1227317E-0015   0.3585717E+0001  -0.5935280E-0003   0.8082185E-0015   0.1103730E-0001  -0.8156772E+0001
    12.86800   0.1788347E+0001  -0.6808790E-0016   0.3585539E+0001  -0.5935280E-0003   0.8083811E-0015   0.1077649E-0001  -0.8156777E+0001
    12.87200   0.1788347E+0001  -0.1231654E-0015   0.3585343E+0001  -0.5935280E-0003   0.8085438E-0015   0.1051541E-0001  -0.8156775E+0001
    12.87600   0.1788347E+0001  -0.1231654E-0015   0.3585128E+0001  -0.5935280E-0003   0.8091672E-0015   0.1025449E-0001  -0.8156767E+0001
    12.88000   0.1788347E+0001  -0.1344411E-0016   0.3584898E+0001  -0.5935280E-0003   0.8095738E-0015   0.9994021E-0002  -0.8156752E+0001
    12.88400   0.1788347E+0001  -0.6852158E-0016   0.3584652E+0001  -0.5935280E-0003   0.8097364E-0015   0.9734176E-0002  -0.8156730E+0001
    12.88800   0.1788347E+0001  -0.6852158E-0016   0.3584392E+0001  -0.5935280E-0003   0.8103463E-0015   0.9475027E-0002  -0.8156701E+0001
    12.89200   0.1788347E+0001  -0.1344411E-0016   0.3584118E+0001  -0.5935280E-0003   0.8107393E-0015   0.9216545E-0002  -0.8156664E+0001
    12.89600   0.1788347E+0001  -0.6852158E-0016   0.3583834E+0001  -0.5935280E-0003   0.8110103E-0015   0.8958625E-0002  -0.8156619E+0001
    12.90000   0.1788347E+0001  -0.6852158E-0016   0.3583539E+0001  -0.5935280E-0003   0.8117286E-0015   0.8701114E-0002  -0.8156567E+0001
    12.90400   0.1788347E+0001  -0.6852158E-0016   0.3583236E+0001  -0.5935280E-0003   0.8124333E-0015   0.8443844E-0002  -0.8156508E+0001
    12.90800   0.1788347E+0001  -0.6852158E-0016   0.3582925E+0001  -0.5935280E-0003   0.8126095E-0015   0.8186668E-0002  -0.8156440E+0001
    12.91200   0.1788347E+0001  -0.1344411E-0016   0.3582609E+0001  -0.5935280E-0003   0.8134227E-0015   0.7929505E-0002  -0.8156365E+0001
    12.91600   0.1788347E+0001  -0.1235990E-0015   0.3582289E+0001  -0.5935280E-0003   0.8134837E-0015   0.7672375E-0002  -0.8156282E+0001
    12.92000   0.1788347E+0001  -0.6852158E-0016   0.3581967E+0001  -0.5935280E-0003   0.8140800E-0015   0.7415440E-0002  -0.8156193E+0001
    12.92400   0.1788347E+0001  -0.6852158E-0016   0.3581645E+0001  -0.5935280E-0003   0.8145746E-0015   0.7159037E-0002  -0.8156096E+0001
    12.92800   0.1788347E+0001  -0.6852158E-0016   0.3581324E+0001  -0.5935280E-0003   0.8152794E-0015   0.6903709E-0002  -0.8155992E+0001
    12.93200   0.1788347E+0001  -0.6852158E-0016   0.3581006E+0001  -0.5935280E-0003   0.8157673E-0015   0.6650217E-0002  -0.8155882E+0001
    12.93600   0.1788347E+0001  -0.1344411E-0016   0.3580693E+0001  -0.5935280E-0003   0.8163094E-0015   0.6399559E-0002  -0.8155766E+0001
    12.94000   0.1788347E+0001  -0.1344411E-0016   0.3580386E+0001  -0.5935280E-0003   0.8168108E-0015   0.6152963E-0002  -0.8155644E+0001
    12.94400   0.1788347E+0001  -0.1344411E-0016   0.3580087E+0001  -0.5935280E-0003   0.8175155E-0015   0.5911876E-0002  -0.8155517E+0001
    12.94800   0.1788347E+0001  -0.6852158E-0016   0.3579798E+0001  -0.5935280E-0003   0.8177595E-0015   0.5677947E-0002  -0.8155384E+0001
    12.95200   0.1788347E+0001  -0.1387779E-0016   0.3579521E+0001  -0.5935280E-0003   0.8181390E-0015   0.5452988E-0002  -0.8155248E+0001
    12.95600   0.1788347E+0001  -0.1387779E-0016   0.3579255E+0001  -0.5935280E-0003   0.8187895E-0015   0.5238937E-0002  -0.8155106E+0001
    12.96000   0.1788347E+0001  -0.6895526E-0016   0.3579004E+0001  -0.5935280E-0003   0.8192774E-0015   0.5037811E-0002  -0.8154961E+0001
    12.96400   0.1788347E+0001  -0.1387779E-0016   0.3578769E+0001  -0.5935280E-0003   0.8197382E-0015   0.4851643E-0002  -0.8154813E+0001
    12.96800   0.1788347E+0001  -0.6895526E-0016   0.3578549E+0001  -0.5935280E-0003   0.8198737E-0015   0.4682432E-0002  -0.8154661E+0001
    12.97200   0.1788347E+0001  -0.1387779E-0016   0.3578347E+0001  -0.5935280E-0003   0.8202532E-0015   0.4532073E-0002  -0.8154507E+0001
    12.97600   0.1788347E+0001  -0.6852158E-0016   0.3578162E+0001  -0.5935280E-0003   0.8206326E-0015   0.4402295E-0002  -0.8154350E+0001
    12.98000   0.1788347E+0001  -0.1387779E-0016   0.3577996E+0001  -0.5935280E-0003   0.8209579E-0015   0.4294602E-0002  -0.8154190E+0001
    12.98400   0.1788347E+0001  -0.6895526E-0016   0.3577849E+0001  -0.5935280E-0003   0.8213374E-0015   0.4210202E-0002  -0.8154029E+0001
    12.98800   0.1788347E+0001  -0.6895526E-0016   0.3577720E+0001  -0.5935280E-0003   0.8215542E-0015   0.4149956E-0002  -0.8153865E+0001
    12.99200   0.1788347E+0001  -0.1240327E-0015   0.3577611E+0001  -0.5935280E-0003   0.8217710E-0015   0.4114315E-0002  -0.8153700E+0001
    12.99600   0.1788347E+0001  -0.6895526E-0016   0.3577520E+0001  -0.5935280E-0003   0.8219879E-0015   0.4103266E-0002  -0.8153533E+0001
    13.00000   0.1788347E+0001  -0.1240327E-0015   0.3577447E+0001  -0.5935280E-0003   0.8220963E-0015   0.4116291E-0002  -0.8153364E+0001
    13.00400   0.1788347E+0001  -0.1387779E-0016   0.3577393E+0001  -0.5935280E-0003   0.8224758E-0015   0.4152310E-0002  -0.8153194E+0001
    13.00800   0.1788347E+0001  -0.1387779E-0016   0.3577355E+0001  -0.5935280E-0003   0.8222047E-0015   0.4209650E-0002  -0.8153022E+0001
    13.01200   0.1788347E+0001  -0.1235990E-0015   0.3577333E+0001  -0.5935280E-0003   0.8223673E-0015   0.4286005E-0002  -0.8152849E+0001
    13.01600   0.1788347E+0001  -0.1235990E-0015   0.3577327E+0001  -0.5935280E-0003   0.8223673E-0015   0.4378407E-0002  -0.8152673E+0001
    13.02000   0.1788347E+0001  -0.1235990E-0015   0.3577334E+0001  -0.5935280E-0003   0.8224216E-0015   0.4483201E-0002  -0.8152496E+0001
    13.02400   0.1788347E+0001  -0.1235990E-0015   0.3577354E+0001  -0.5935280E-0003   0.8222589E-0015   0.4596031E-0002  -0.8152318E+0001
    13.02800   0.1788347E+0001   0.4163336E-0016   0.3577384E+0001  -0.5935280E-0003   0.8221505E-0015   0.4711828E-0002  -0.8152137E+0001
    13.03200   0.1788347E+0001  -0.1235990E-0015   0.3577423E+0001  -0.5935280E-0003   0.8220963E-0015   0.4824814E-0002  -0.8151955E+0001
    13.03600   0.1788347E+0001  -0.1387779E-0016   0.3577469E+0001  -0.5935280E-0003   0.8221505E-0015   0.4928517E-0002  -0.8151771E+0001
    13.04000   0.1788347E+0001   0.4119968E-0016   0.3577519E+0001  -0.5935280E-0003   0.8220963E-0015   0.5015799E-0002  -0.8151586E+0001
    13.04400   0.1788347E+0001  -0.1387779E-0016   0.3577572E+0001  -0.5935280E-0003   0.8221505E-0015   0.5078896E-0002  -0.8151400E+0001
    13.04800   0.1788347E+0001  -0.6895526E-0016   0.3577624E+0001  -0.5935280E-0003   0.8220421E-0015   0.5109486E-0002  -0.8151213E+0001
    13.05200   0.1788347E+0001  -0.6895526E-0016   0.3577672E+0001  -0.5935280E-0003   0.8218795E-0015   0.5098768E-0002  -0.8151025E+0001
    13.05600   0.1788347E+0001  -0.6895526E-0016   0.3577713E+0001  -0.5935280E-0003   0.8218252E-0015   0.5037569E-0002  -0.8150838E+0001
    13.06000   0.1788347E+0001  -0.6895526E-0016   0.3577745E+0001  -0.5935280E-0003   0.8216626E-0015   0.4916463E-0002  -0.8150651E+0001
    13.06400   0.1788347E+0001  -0.6895526E-0016   0.3577763E+0001  -0.5935280E-0003   0.8215542E-0015   0.4725928E-0002  -0.8150466E+0001
    13.06800   0.1788347E+0001  -0.6895526E-0016   0.3577765E+0001  -0.5935280E-0003   0.8214458E-0015   0.4456512E-0002  -0.8150282E+0001
    13.07200   0.1788347E+0001  -0.1431147E-0016   0.3577747E+0001  -0.5935280E-0003   0.8217710E-0015   0.4099027E-0002  -0.8150102E+0001
    13.07600   0.1788347E+0001   0.4076600E-0016   0.3577705E+0001  -0.5935280E-0003   0.8217168E-0015   0.3644757E-0002  -0.8149926E+0001
    13.08000   0.1788347E+0001  -0.1240327E-0015   0.3577637E+0001  -0.5935280E-0003   0.8217710E-0015   0.3085688E-0002  -0.8149756E+0001
    13.08400   0.1788347E+0001  -0.1387779E-0016   0.3577538E+0001  -0.5935280E-0003   0.8218795E-0015   0.2414743E-0002  -0.8149591E+0001
    13.08800   0.1788347E+0001   0.4119968E-0016   0.3577407E+0001  -0.5935280E-0003   0.8219337E-0015   0.1626028E-0002  -0.8149434E+0001
    13.09200   0.1788347E+0001  -0.1387779E-0016   0.3577241E+0001  -0.5935280E-0003   0.8222047E-0015   0.7150806E-0003  -0.8149287E+0001
    13.09600   0.1788347E+0001  -0.6895526E-0016   0.3577038E+0001  -0.5935280E-0003   0.8224758E-0015  -0.3208898E-0003  -0.8149150E+0001
    13.10000   0.1788347E+0001   0.4119968E-0016   0.3576797E+0001  -0.5935280E-0003   0.8227468E-0015  -0.1482769E-0002  -0.8149025E+0001
    13.10400   0.1788347E+0001  -0.1235990E-0015   0.3576516E+0001  -0.5935280E-0003   0.8231263E-0015  -0.2769326E-0002  -0.8148913E+0001
    13.10800   0.1788347E+0001  -0.6852158E-0016   0.3576196E+0001  -0.5935280E-0003   0.8236142E-0015  -0.4177015E-0002  -0.8148818E+0001
    13.11200   0.1788347E+0001   0.4163336E-0016   0.3575837E+0001  -0.5935280E-0003   0.8240479E-0015  -0.5699823E-0002  -0.8148739E+0001
    13.11600   0.1788347E+0001   0.4163336E-0016   0.3575441E+0001  -0.5935280E-0003   0.8245900E-0015  -0.7329140E-0002  -0.8148679E+0001
    13.12000   0.1788347E+0001  -0.1231654E-0015   0.3575010E+0001  -0.5935280E-0003   0.8252947E-0015  -0.9053671E-0002  -0.8148639E+0001
    13.12400   0.1788347E+0001  -0.1344411E-0016   0.3574549E+0001  -0.5935280E-0003   0.8260265E-0015  -0.1085940E-0001  -0.8148621E+0001
    13.12800   0.1788347E+0001  -0.6808790E-0016   0.3574061E+0001  -0.5935280E-0003   0.8266228E-0015  -0.1272961E-0001  -0.8148627E+0001
    13.13200   0.1788347E+0001  -0.6808790E-0016   0.3573552E+0001  -0.5935280E-0003   0.8277613E-0015  -0.1464490E-0001  -0.8148657E+0001
    13.13600   0.1788347E+0001  -0.6808790E-0016   0.3573029E+0001  -0.5935280E-0003   0.8284660E-0015  -0.1658337E-0001  -0.8148714E+0001
    13.14000   0.1788347E+0001  -0.6808790E-0016   0.3572499E+0001  -0.5935280E-0003   0.8280865E-0015  -0.1852070E-0001  -0.8148799E+0001
    13.14400   0.1788347E+0001   0.4163336E-0016   0.3571970E+0001  -0.5935280E-0003   0.8302820E-0015  -0.2043041E-0001  -0.8148912E+0001
    13.14800   0.1788347E+0001  -0.1344411E-0016   0.3571451E+0001  -0.5935280E-0003   0.8303362E-0015  -0.2228413E-0001  -0.8149055E+0001
    13.15200   0.1788347E+0001  -0.1235990E-0015   0.3570953E+0001  -0.5935280E-0003   0.8316915E-0015  -0.2405187E-0001  -0.8149229E+0001
    13.15600   0.1788347E+0001  -0.1344411E-0016   0.3570485E+0001  -0.5935280E-0003   0.8321929E-0015  -0.2570237E-0001  -0.8149433E+0001
    13.16000   0.1788347E+0001   0.9671083E-0016   0.3570059E+0001  -0.5935280E-0003   0.8331281E-0015  -0.2720350E-0001  -0.8149669E+0001
    13.16400   0.1788347E+0001   0.4163336E-0016   0.3569687E+0001  -0.5935280E-0003   0.8327621E-0015  -0.2852264E-0001  -0.8149936E+0001
    13.16800   0.1788347E+0001  -0.1344411E-0016   0.3569378E+0001  -0.5935280E-0003   0.8345375E-0015  -0.2962711E-0001  -0.8150234E+0001
    13.17200   0.1788347E+0001   0.4163336E-0016   0.3569146E+0001  -0.5935280E-0003   0.8345917E-0015  -0.3048463E-0001  -0.8150563E+0001
    13.17600   0.1788347E+0001  -0.1344411E-0016   0.3569000E+0001  -0.5935280E-0003   0.8359334E-0015  -0.3106374E-0001  -0.8150923E+0001
    13.18000   0.1788347E+0001   0.4163336E-0016   0.3568953E+0001  -0.5935280E-0003   0.8355675E-0015  -0.3133426E-0001  -0.8151312E+0001
    13.18400   0.1788347E+0001  -0.1301043E-0016   0.3569014E+0001  -0.5935280E-0003   0.8356353E-0015  -0.3126772E-0001  -0.8151728E+0001
    13.18800   0.1788347E+0001  -0.1301043E-0016   0.3569194E+0001  -0.5935280E-0003   0.8352694E-0015  -0.3083778E-0001  -0.8152171E+0001
    13.19200   0.1788347E+0001  -0.1301043E-0016   0.3569501E+0001  -0.5935280E-0003   0.8361909E-0015  -0.3002066E-0001  -0.8152639E+0001
    13.19600   0.1788347E+0001  -0.1301043E-0016   0.3569943E+0001  -0.5935280E-0003   0.8349712E-0015  -0.2879545E-0001  -0.8153130E+0001
    13.20000   0.1788347E+0001  -0.6808790E-0016   0.3570527E+0001  -0.5935280E-0003   0.8337515E-0015  -0.2714452E-0001  -0.8153640E+0001
    13.20400   0.1788347E+0001   0.9714451E-0016   0.3571259E+0001  -0.5935280E-0003   0.8325317E-0015  -0.2505374E-0001  -0.8154169E+0001
    13.20800   0.1788347E+0001   0.4206704E-0016   0.3572144E+0001  -0.5935280E-0003   0.8323962E-0015  -0.2251280E-0001  -0.8154713E+0001
    13.21200   0.1788347E+0001  -0.6765422E-0016   0.3573183E+0001  -0.5935280E-0003   0.8305260E-0015  -0.1951536E-0001  -0.8155270E+0001
    13.21600   0.1788347E+0001  -0.1301043E-0016   0.3574379E+0001  -0.5935280E-0003   0.8286557E-0015  -0.1605921E-0001  -0.8155836E+0001
    13.22000   0.1788347E+0001  -0.1301043E-0016   0.3575732E+0001  -0.5935280E-0003   0.8272192E-0015  -0.1214640E-0001  -0.8156409E+0001
    13.22400   0.1788347E+0001  -0.6787106E-0016   0.3577240E+0001  -0.5935280E-0003   0.8245900E-0015  -0.7783217E-0002  -0.8156986E+0001
    13.22800   0.1788347E+0001   0.4206704E-0016   0.3578901E+0001  -0.5935280E-0003   0.8221505E-0015  -0.2980222E-0002  -0.8157563E+0001
    13.23200   0.1788347E+0001  -0.6787106E-0016   0.3580708E+0001  -0.5935280E-0003   0.8196026E-0015   0.2247851E-0002  -0.8158139E+0001
    13.23600   0.1788347E+0001  -0.6787106E-0016   0.3582658E+0001  -0.5935280E-0003   0.8167295E-0015   0.7882218E-0002  -0.8158709E+0001
    13.24000   0.1788347E+0001  -0.1279359E-0016   0.3584742E+0001  -0.5935280E-0003   0.8134769E-0015   0.1390022E-0001  -0.8159271E+0001
    13.24400   0.1788347E+0001  -0.6787106E-0016   0.3586951E+0001  -0.5935280E-0003   0.8107122E-0015   0.2027556E-0001  -0.8159822E+0001
    13.24800   0.1788347E+0001  -0.6787106E-0016   0.3589277E+0001  -0.5935280E-0003   0.8064838E-0015   0.2697856E-0001  -0.8160360E+0001
    13.25200   0.1788347E+0001  -0.1229485E-0015   0.3591707E+0001  -0.5935280E-0003   0.8032854E-0015   0.3397649E-0001  -0.8160882E+0001
    13.25600   0.1788347E+0001  -0.1229485E-0015   0.3594231E+0001  -0.5935280E-0003   0.7994907E-0015   0.4123389E-0001  -0.8161387E+0001
    13.26000   0.1788347E+0001  -0.1780260E-0015   0.3596837E+0001  -0.5935280E-0003   0.7952623E-0015   0.4871300E-0001  -0.8161871E+0001
    13.26400   0.1788347E+0001  -0.1780260E-0015   0.3599510E+0001  -0.5935280E-0003   0.7914676E-0015   0.5637406E-0001  -0.8162333E+0001
    13.26800   0.1788347E+0001  -0.1780260E-0015   0.3602238E+0001  -0.5935280E-0003   0.7859382E-0015   0.6417582E-0001  -0.8162772E+0001
    13.27200   0.1788347E+0001  -0.1230569E-0015   0.3605006E+0001  -0.5935280E-0003   0.7837698E-0015   0.7207592E-0001  -0.8163186E+0001
    13.27600   0.1788347E+0001  -0.1780260E-0015   0.3607801E+0001  -0.5935280E-0003   0.7799750E-0015   0.8003128E-0001  -0.8163574E+0001
    13.28000   0.1788347E+0001  -0.2329950E-0015   0.3610607E+0001  -0.5935280E-0003   0.7728193E-0015   0.8799858E-0001  -0.8163935E+0001
    13.28400   0.1788347E+0001  -0.1780260E-0015   0.3613412E+0001  -0.5935280E-0003   0.7681572E-0015   0.9593461E-0001  -0.8164269E+0001
    13.28800   0.1788347E+0001  -0.1230569E-0015   0.3616202E+0001  -0.5935280E-0003   0.7652299E-0015   0.1037967E+0000  -0.8164575E+0001
    13.29200   0.1788347E+0001  -0.2879641E-0015   0.3618962E+0001  -0.5935280E-0003   0.7597005E-0015   0.1115431E+0000  -0.8164852E+0001
    13.29600   0.1788347E+0001  -0.2879641E-0015   0.3621679E+0001  -0.5935280E-0003   0.7559058E-0015   0.1191333E+0000  -0.8165102E+0001
    13.30000   0.1788347E+0001  -0.2879641E-0015   0.3624340E+0001  -0.5935280E-0003   0.7469069E-0015   0.1265284E+0000  -0.8165324E+0001
    13.30400   0.1788347E+0001  -0.2329950E-0015   0.3626934E+0001  -0.5935280E-0003   0.7448469E-0015   0.1336912E+0000  -0.8165519E+0001
    13.30800   0.1788347E+0001  -0.2879641E-0015   0.3629448E+0001  -0.5935280E-0003   0.7461479E-0015   0.1405868E+0000  -0.8165688E+0001
    13.31200   0.1788347E+0001  -0.2879641E-0015   0.3631872E+0001  -0.5935280E-0003   0.7406185E-0015   0.1471825E+0000  -0.8165830E+0001
    13.31600   0.1788347E+0001  -0.2879641E-0015   0.3634195E+0001  -0.5935280E-0003   0.7350891E-0015   0.1534484E+0000  -0.8165949E+0001
    13.32000   0.1788347E+0001  -0.2879641E-0015   0.3636407E+0001  -0.5935280E-0003   0.7244639E-0015   0.1593571E+0000  -0.8166043E+0001
    13.32400   0.1788347E+0001  -0.2879641E-0015   0.3638500E+0001  -0.5935280E-0003   0.7292344E-0015   0.1648841E+0000  -0.8166116E+0001
    13.32800   0.1788347E+0001  -0.2879641E-0015   0.3640465E+0001  -0.5935280E-0003   0.7272828E-0015   0.1700078E+0000  -0.8166167E+0001
    13.33200   0.1788347E+0001  -0.4528984E-0015   0.3642296E+0001  -0.5935280E-0003   0.7235965E-0015   0.1747100E+0000  -0.8166199E+0001
    13.33600   0.1788347E+0001  -0.2879641E-0015   0.3643986E+0001  -0.5935280E-0003   0.7179587E-0015   0.1789752E+0000  -0.8166213E+0001
    13.34000   0.1788347E+0001  -0.4528984E-0015   0.3645530E+0001  -0.5935280E-0003   0.7160071E-0015   0.1827915E+0000  -0.8166210E+0001
    13.34400   0.1788347E+0001  -0.3979293E-0015   0.3646923E+0001  -0.5935280E-0003   0.7105861E-0015   0.1861498E+0000  -0.8166192E+0001
    13.34800   0.1788347E+0001  -0.3429603E-0015   0.3648162E+0001  -0.5935280E-0003   0.7032135E-0015   0.1890445E+0000  -0.8166160E+0001
    13.35200   0.1788347E+0001  -0.3979293E-0015   0.3649243E+0001  -0.5935280E-0003   0.7062493E-0015   0.1914732E+0000  -0.8166116E+0001
    13.35600   0.1788347E+0001  -0.3979293E-0015   0.3650166E+0001  -0.5935280E-0003   0.7075503E-0015   0.1934365E+0000  -0.8166061E+0001
    13.36000   0.1788347E+0001  -0.3429874E-0015   0.3650929E+0001  -0.5935280E-0003   0.7021293E-0015   0.1949383E+0000  -0.8165996E+0001
    13.36400   0.1788347E+0001  -0.3429874E-0015   0.3651532E+0001  -0.5935280E-0003   0.7019125E-0015   0.1959855E+0000  -0.8165924E+0001
    13.36800   0.1788347E+0001  -0.3429874E-0015   0.3651977E+0001  -0.5935280E-0003   0.7014788E-0015   0.1965879E+0000  -0.8165845E+0001
    13.37200   0.1788347E+0001  -0.3429874E-0015   0.3652265E+0001  -0.5935280E-0003   0.7045146E-0015   0.1967583E+0000  -0.8165760E+0001
    13.37600   0.1788347E+0001  -0.3429874E-0015   0.3652399E+0001  -0.5935280E-0003   0.7024546E-0015   0.1965122E+0000  -0.8165671E+0001
    13.38000   0.1788347E+0001  -0.3979564E-0015   0.3652382E+0001  -0.5935280E-0003   0.6986599E-0015   0.1958676E+0000  -0.8165579E+0001
    13.38400   0.1788347E+0001  -0.2880183E-0015   0.3652220E+0001  -0.5935280E-0003   0.7068998E-0015   0.1948452E+0000  -0.8165484E+0001
    13.38800   0.1788347E+0001  -0.3430416E-0015   0.3651918E+0001  -0.5935280E-0003   0.7047314E-0015   0.1934675E+0000  -0.8165388E+0001
    13.39200   0.1788347E+0001  -0.2880725E-0015   0.3651481E+0001  -0.5935280E-0003   0.7025630E-0015   0.1917594E+0000  -0.8165292E+0001
    13.39600   0.1788347E+0001  -0.3980106E-0015   0.3650917E+0001  -0.5935280E-0003   0.7055988E-0015   0.1897473E+0000  -0.8165195E+0001
    13.40000   0.1788347E+0001  -0.3429874E-0015   0.3650232E+0001  -0.5935280E-0003   0.7086345E-0015   0.1874592E+0000  -0.8165100E+0001
    13.40400   0.1788347E+0001  -0.3429874E-0015   0.3649435E+0001  -0.5935280E-0003   0.6997441E-0015   0.1849242E+0000  -0.8165006E+0001
    13.40800   0.1788347E+0001  -0.3979564E-0015   0.3648533E+0001  -0.5935280E-0003   0.7079840E-0015   0.1821726E+0000  -0.8164913E+0001
    13.41200   0.1788347E+0001  -0.3429874E-0015   0.3647537E+0001  -0.5935280E-0003   0.7076588E-0015   0.1792349E+0000  -0.8164823E+0001
    13.41600   0.1788347E+0001  -0.3429874E-0015   0.3646453E+0001  -0.5935280E-0003   0.7055988E-0015   0.1761421E+0000  -0.8164735E+0001
    13.42000   0.1788347E+0001  -0.2880183E-0015   0.3645293E+0001  -0.5935280E-0003   0.7087430E-0015   0.1729250E+0000  -0.8164650E+0001
    13.42400   0.1788347E+0001  -0.3429874E-0015   0.3644065E+0001  -0.5935280E-0003   0.7101524E-0015   0.1696141E+0000  -0.8164568E+0001
    13.42800   0.1788347E+0001  -0.3429874E-0015   0.3642778E+0001  -0.5935280E-0003   0.7150313E-0015   0.1662390E+0000  -0.8164489E+0001
    13.43200   0.1788347E+0001  -0.3429874E-0015   0.3641441E+0001  -0.5935280E-0003   0.7180671E-0015   0.1628283E+0000  -0.8164412E+0001
    13.43600   0.1788347E+0001  -0.2880725E-0015   0.3640064E+0001  -0.5935280E-0003   0.7211029E-0015   0.1594092E+0000  -0.8164337E+0001
    13.44000   0.1788347E+0001  -0.3430416E-0015   0.3638656E+0001  -0.5935280E-0003   0.7189345E-0015   0.1560071E+0000  -0.8164265E+0001
    13.44400   0.1788347E+0001  -0.2880725E-0015   0.3637223E+0001  -0.5935280E-0003   0.7220786E-0015   0.1526456E+0000  -0.8164194E+0001
    13.44800   0.1788347E+0001  -0.2880725E-0015   0.3635776E+0001  -0.5935280E-0003   0.7199102E-0015   0.1493458E+0000  -0.8164124E+0001
    13.45200   0.1788347E+0001  -0.3980106E-0015   0.3634321E+0001  -0.5935280E-0003   0.7281502E-0015   0.1461265E+0000  -0.8164054E+0001
    13.45600   0.1788347E+0001  -0.2880725E-0015   0.3632864E+0001  -0.5935280E-0003   0.7277165E-0015   0.1430039E+0000  -0.8163984E+0001
    13.46000   0.1788347E+0001  -0.2880725E-0015   0.3631414E+0001  -0.5935280E-0003   0.7324870E-0015   0.1399913E+0000  -0.8163911E+0001
    13.46400   0.1788347E+0001  -0.2880725E-0015   0.3629975E+0001  -0.5935280E-0003   0.7372575E-0015   0.1370989E+0000  -0.8163836E+0001
    13.46800   0.1788347E+0001  -0.2880725E-0015   0.3628554E+0001  -0.5935280E-0003   0.7351975E-0015   0.1343343E+0000  -0.8163758E+0001
    13.47200   0.1788347E+0001  -0.2331035E-0015   0.3627154E+0001  -0.5935280E-0003   0.7417027E-0015   0.1317018E+0000  -0.8163674E+0001
    13.47600   0.1788347E+0001  -0.2880725E-0015   0.3625781E+0001  -0.5935280E-0003   0.7447385E-0015   0.1292027E+0000  -0.8163583E+0001
    13.48000   0.1788347E+0001  -0.2331035E-0015   0.3624439E+0001  -0.5935280E-0003   0.7425701E-0015   0.1268354E+0000  -0.8163485E+0001
    13.48400   0.1788347E+0001  -0.2331035E-0015   0.3623130E+0001  -0.5935280E-0003   0.7473406E-0015   0.1245953E+0000  -0.8163377E+0001
    13.48800   0.1788347E+0001  -0.2331035E-0015   0.3621859E+0001  -0.5935280E-0003   0.7486416E-0015   0.1224753E+0000  -0.8163259E+0001
    13.49200   0.1788347E+0001  -0.3979022E-0015   0.3620627E+0001  -0.5935280E-0003   0.7483163E-0015   0.1204654E+0000  -0.8163128E+0001
    13.49600   0.1788347E+0001  -0.2328866E-0015   0.3619439E+0001  -0.5935280E-0003   0.7548216E-0015   0.1185535E+0000  -0.8162984E+0001
    13.50000   0.1788347E+0001  -0.2879641E-0015   0.3618296E+0001  -0.5935280E-0003   0.7527616E-0015   0.1167251E+0000  -0.8162825E+0001
    13.50400   0.1788347E+0001  -0.2328866E-0015   0.3617200E+0001  -0.5935280E-0003   0.7575321E-0015   0.1149640E+0000  -0.8162650E+0001
    13.50800   0.1788347E+0001  -0.2879641E-0015   0.3616155E+0001  -0.5935280E-0003   0.7588331E-0015   0.1132522E+0000  -0.8162458E+0001
    13.51200   0.1788347E+0001  -0.2331035E-0015   0.3615163E+0001  -0.5935280E-0003   0.7602426E-0015   0.1115703E+0000  -0.8162248E+0001
    13.51600   0.1788347E+0001  -0.2879641E-0015   0.3614227E+0001  -0.5935280E-0003   0.7632783E-0015   0.1098981E+0000  -0.8162018E+0001
    13.52000   0.1788347E+0001  -0.2879641E-0015   0.3613349E+0001  -0.5935280E-0003   0.7646878E-0015   0.1082145E+0000  -0.8161768E+0001
    13.52400   0.1788347E+0001  -0.2331035E-0015   0.3612533E+0001  -0.5935280E-0003   0.7642541E-0015   0.1064978E+0000  -0.8161498E+0001
    13.52800   0.1788347E+0001  -0.2331035E-0015   0.3611782E+0001  -0.5935280E-0003   0.7638204E-0015   0.1047263E+0000  -0.8161207E+0001
    13.53200   0.1788347E+0001  -0.2331035E-0015   0.3611100E+0001  -0.5935280E-0003   0.7652299E-0015   0.1028786E+0000  -0.8160895E+0001
    13.53600   0.1788347E+0001  -0.1780260E-0015   0.3610491E+0001  -0.5935280E-0003   0.7682657E-0015   0.1009335E+0000  -0.8160561E+0001
    13.54000   0.1788347E+0001  -0.2331035E-0015   0.3609960E+0001  -0.5935280E-0003   0.7662057E-0015   0.9887062E-0001  -0.8160207E+0001
    13.54400   0.1788347E+0001  -0.2331035E-0015   0.3609509E+0001  -0.5935280E-0003   0.7693499E-0015   0.9667045E-0001  -0.8159832E+0001
    13.54800   0.1788347E+0001  -0.2881809E-0015   0.3609145E+0001  -0.5935280E-0003   0.7690246E-0015   0.9431473E-0001  -0.8159437E+0001
    13.55200   0.1788347E+0001  -0.2881809E-0015   0.3608872E+0001  -0.5935280E-0003   0.7694583E-0015   0.9178656E-0001  -0.8159023E+0001
    13.55600   0.1788347E+0001  -0.2881809E-0015   0.3608695E+0001  -0.5935280E-0003   0.7700004E-0015   0.8907060E-0001  -0.8158591E+0001
    13.56000   0.1788347E+0001  -0.2331035E-0015   0.3608617E+0001  -0.5935280E-0003   0.7730361E-0015   0.8615324E-0001  -0.8158143E+0001
    13.56400   0.1788347E+0001  -0.1229485E-0015   0.3608645E+0001  -0.5935280E-0003   0.7717351E-0015   0.8302270E-0001  -0.8157679E+0001
    13.56800   0.1788347E+0001  -0.2879641E-0015   0.3608781E+0001  -0.5935280E-0003   0.7730361E-0015   0.7966916E-0001  -0.8157201E+0001
    13.57200   0.1788347E+0001  -0.1780260E-0015   0.3609031E+0001  -0.5935280E-0003   0.7717351E-0015   0.7608481E-0001  -0.8156710E+0001
    13.57600   0.1788347E+0001  -0.1780260E-0015   0.3609396E+0001  -0.5935280E-0003   0.7697835E-0015   0.7226395E-0001  -0.8156210E+0001
    13.58000   0.1788347E+0001  -0.2328866E-0015   0.3609882E+0001  -0.5935280E-0003   0.7719519E-0015   0.6820299E-0001  -0.8155701E+0001
    13.58400   0.1788347E+0001  -0.3428247E-0015   0.3610489E+0001  -0.5935280E-0003   0.7697835E-0015   0.6390045E-0001  -0.8155185E+0001
    13.58800   0.1788347E+0001  -0.1780260E-0015   0.3611220E+0001  -0.5935280E-0003   0.7678320E-0015   0.5935704E-0001  -0.8154665E+0001
    13.59200   0.1788347E+0001  -0.2881809E-0015   0.3612075E+0001  -0.5935280E-0003   0.7673983E-0015   0.5457553E-0001  -0.8154143E+0001
    13.59600   0.1788347E+0001  -0.1782428E-0015   0.3613055E+0001  -0.5935280E-0003   0.7669646E-0015   0.4956084E-0001  -0.8153621E+0001
    13.60000   0.1788347E+0001  -0.2331035E-0015   0.3614158E+0001  -0.5935280E-0003   0.7639289E-0015   0.4431993E-0001  -0.8153101E+0001
    13.60400   0.1788347E+0001  -0.2331035E-0015   0.3615383E+0001  -0.5935280E-0003   0.7608931E-0015   0.3886176E-0001  -0.8152585E+0001
    13.60800   0.1788347E+0001  -0.1322727E-0016   0.3616727E+0001  -0.5935280E-0003   0.7591584E-0015   0.3319730E-0001  -0.8152075E+0001
    13.61200   0.1788347E+0001  -0.1233822E-0015   0.3618187E+0001  -0.5935280E-0003   0.7591584E-0015   0.2733940E-0001  -0.8151574E+0001
    13.61600   0.1788347E+0001  -0.1233822E-0015   0.3619756E+0001  -0.5935280E-0003   0.7569900E-0015   0.2130279E-0001  -0.8151082E+0001
    13.62000   0.1788347E+0001  -0.1233822E-0015   0.3621430E+0001  -0.5935280E-0003   0.7528700E-0015   0.1510396E-0001  -0.8150603E+0001
    13.62400   0.1788347E+0001  -0.1233822E-0015   0.3623202E+0001  -0.5935280E-0003   0.7491837E-0015   0.8761165E-0002  -0.8150138E+0001
    13.62800   0.1788347E+0001  -0.6852158E-0016   0.3625063E+0001  -0.5935280E-0003   0.7465816E-0015   0.2294272E-0002  -0.8149689E+0001
    13.63200   0.1788347E+0001  -0.1344411E-0016   0.3627005E+0001  -0.5935280E-0003   0.7435458E-0015  -0.4275264E-0002  -0.8149257E+0001
    13.63600   0.1788347E+0001  -0.6830474E-0016   0.3629018E+0001  -0.5935280E-0003   0.7402932E-0015  -0.1092451E-0001  -0.8148843E+0001
    13.64000   0.1788347E+0001  -0.1233822E-0015   0.3631090E+0001  -0.5935280E-0003   0.7370406E-0015  -0.1762916E-0001  -0.8148450E+0001
    13.64400   0.1788347E+0001  -0.1344411E-0016   0.3633212E+0001  -0.5935280E-0003   0.7331375E-0015  -0.2436361E-0001  -0.8148077E+0001
    13.64800   0.1788347E+0001  -0.1235990E-0015   0.3635370E+0001  -0.5935280E-0003   0.7290175E-0015  -0.3110114E-0001  -0.8147727E+0001
    13.65200   0.1788347E+0001  -0.6852158E-0016   0.3637553E+0001  -0.5935280E-0003   0.7261986E-0015  -0.3781398E-0001  -0.8147400E+0001
    13.65600   0.1788347E+0001  -0.1366095E-0016   0.3639746E+0001  -0.5935280E-0003   0.7229460E-0015  -0.4447354E-0001  -0.8147097E+0001
    13.66000   0.1788347E+0001  -0.1366095E-0016   0.3641936E+0001  -0.5935280E-0003   0.7201271E-0015  -0.5105051E-0001  -0.8146818E+0001
    13.66400   0.1788347E+0001   0.4141652E-0016   0.3644110E+0001  -0.5935280E-0003   0.7153566E-0015  -0.5751510E-0001  -0.8146565E+0001
    13.66800   0.1788347E+0001   0.9627715E-0016   0.3646254E+0001  -0.5935280E-0003   0.7114535E-0015  -0.6383724E-0001  -0.8146338E+0001
    13.67200   0.1788347E+0001  -0.1366095E-0016   0.3648354E+0001  -0.5935280E-0003   0.7077672E-0015  -0.6998680E-0001  -0.8146136E+0001
    13.67600   0.1788347E+0001   0.4141652E-0016   0.3650395E+0001  -0.5935280E-0003   0.7032135E-0015  -0.7593387E-0001  -0.8145960E+0001
    13.68000   0.1788347E+0001   0.4141652E-0016   0.3652365E+0001  -0.5935280E-0003   0.7019125E-0015  -0.8164899E-0001  -0.8145811E+0001
    13.68400   0.1788347E+0001  -0.1366095E-0016   0.3654251E+0001  -0.5935280E-0003   0.6962746E-0015  -0.8710343E-0001  -0.8145688E+0001
    13.68800   0.1788347E+0001   0.1511378E-0015   0.3656041E+0001  -0.5935280E-0003   0.6941062E-0015  -0.9226954E-0001  -0.8145591E+0001
    13.69200   0.1788347E+0001   0.4119968E-0016   0.3657722E+0001  -0.5935280E-0003   0.6936725E-0015  -0.9712098E-0001  -0.8145519E+0001
    13.69600   0.1788347E+0001   0.9606031E-0016   0.3659284E+0001  -0.5935280E-0003   0.6873842E-0015  -0.1016331E+0000  -0.8145472E+0001
    13.70000   0.1788347E+0001   0.4098284E-0016   0.3660716E+0001  -0.5935280E-0003   0.6843484E-0015  -0.1057831E+0000  -0.8145451E+0001
    13.70400   0.1788347E+0001   0.4076600E-0016   0.3662011E+0001  -0.5935280E-0003   0.6821800E-0015  -0.1095507E+0000  -0.8145453E+0001
    13.70800   0.1788347E+0001   0.4076600E-0016   0.3663160E+0001  -0.5935280E-0003   0.6800116E-0015  -0.1129177E+0000  -0.8145478E+0001
    13.71200   0.1788347E+0001   0.9584347E-0016   0.3664156E+0001  -0.5935280E-0003   0.6761085E-0015  -0.1158692E+0000  -0.8145525E+0001
    13.71600   0.1788347E+0001  -0.1409463E-0016   0.3664996E+0001  -0.5935280E-0003   0.6739401E-0015  -0.1183929E+0000  -0.8145594E+0001
    13.72000   0.1788347E+0001   0.1508125E-0015   0.3665674E+0001  -0.5935280E-0003   0.6769758E-0015  -0.1204802E+0000  -0.8145682E+0001
    13.72400   0.1788347E+0001   0.4087442E-0016   0.3666188E+0001  -0.5935280E-0003   0.6750243E-0015  -0.1221255E+0000  -0.8145789E+0001
    13.72800   0.1788347E+0001   0.1508125E-0015   0.3666538E+0001  -0.5935280E-0003   0.6780600E-0015  -0.1233271E+0000  -0.8145913E+0001
    13.73200   0.1788347E+0001   0.2057816E-0015   0.3666723E+0001  -0.5935280E-0003   0.6706875E-0015  -0.1240867E+0000  -0.8146053E+0001
    13.73600   0.1788347E+0001   0.1508125E-0015   0.3666746E+0001  -0.5935280E-0003   0.6719885E-0015  -0.1244098E+0000  -0.8146206E+0001
    13.74000   0.1788347E+0001   0.1508125E-0015   0.3666610E+0001  -0.5935280E-0003   0.6732895E-0015  -0.1243055E+0000  -0.8146371E+0001
    13.74400   0.1788347E+0001   0.1508125E-0015   0.3666320E+0001  -0.5935280E-0003   0.6728559E-0015  -0.1237866E+0000  -0.8146547E+0001
    13.74800   0.1788347E+0001   0.2057816E-0015   0.3665881E+0001  -0.5935280E-0003   0.6758916E-0015  -0.1228692E+0000  -0.8146731E+0001
    13.75200   0.1788347E+0001   0.1508125E-0015   0.3665301E+0001  -0.5935280E-0003   0.6754580E-0015  -0.1215728E+0000  -0.8146921E+0001
    13.75600   0.1788347E+0001   0.9584347E-0016   0.3664588E+0001  -0.5935280E-0003   0.6784937E-0015  -0.1199198E+0000  -0.8147116E+0001
    13.76000   0.1788347E+0001   0.9584347E-0016   0.3663751E+0001  -0.5935280E-0003   0.6763253E-0015  -0.1179354E+0000  -0.8147313E+0001
    13.76400   0.1788347E+0001   0.4086087E-0016   0.3662800E+0001  -0.5935280E-0003   0.6793611E-0015  -0.1156474E+0000  -0.8147511E+0001
    13.76800   0.1788347E+0001   0.9582992E-0016   0.3661746E+0001  -0.5935280E-0003   0.6754580E-0015  -0.1130852E+0000  -0.8147707E+0001
    13.77200   0.1788347E+0001   0.4084732E-0016   0.3660600E+0001  -0.5935280E-0003   0.6802284E-0015  -0.1102801E+0000  -0.8147900E+0001
    13.77600   0.1788347E+0001  -0.1414884E-0016   0.3659375E+0001  -0.5935280E-0003   0.6797948E-0015  -0.1072646E+0000  -0.8148087E+0001
    13.78000   0.1788347E+0001   0.4082021E-0016   0.3658082E+0001  -0.5935280E-0003   0.6889021E-0015  -0.1040719E+0000  -0.8148268E+0001
    13.78400   0.1788347E+0001   0.4082021E-0016   0.3656734E+0001  -0.5935280E-0003   0.6876010E-0015  -0.1007353E+0000  -0.8148440E+0001
    13.78800   0.1788347E+0001   0.4082021E-0016   0.3655342E+0001  -0.5935280E-0003   0.6906368E-0015  -0.9728807E-0001  -0.8148603E+0001
    13.79200   0.1788347E+0001   0.9584347E-0016   0.3653919E+0001  -0.5935280E-0003   0.6919378E-0015  -0.9376283E-0001  -0.8148754E+0001
    13.79600   0.1788347E+0001  -0.6906368E-0016   0.3652477E+0001  -0.5935280E-0003   0.6941062E-0015  -0.9019106E-0001  -0.8148893E+0001
    13.80000   0.1788347E+0001   0.9595189E-0016   0.3651026E+0001  -0.5935280E-0003   0.6980094E-0015  -0.8660282E-0001  -0.8149020E+0001
    13.80400   0.1788347E+0001   0.9595189E-0016   0.3649578E+0001  -0.5935280E-0003   0.6984430E-0015  -0.8302629E-0001  -0.8149132E+0001
    13.80800   0.1788347E+0001  -0.1398621E-0016   0.3648141E+0001  -0.5935280E-0003   0.7023462E-0015  -0.7948749E-0001  -0.8149231E+0001
    13.81200   0.1788347E+0001   0.4098284E-0016   0.3646724E+0001  -0.5935280E-0003   0.7062493E-0015  -0.7601004E-0001  -0.8149315E+0001
    13.81600   0.1788347E+0001  -0.1409463E-0016   0.3645336E+0001  -0.5935280E-0003   0.7068998E-0015  -0.7261485E-0001  -0.8149385E+0001
    13.82000   0.1788347E+0001  -0.1409463E-0016   0.3643983E+0001  -0.5935280E-0003   0.7074419E-0015  -0.6932004E-0001  -0.8149441E+0001
    13.82400   0.1788347E+0001   0.4098284E-0016   0.3642672E+0001  -0.5935280E-0003   0.7088514E-0015  -0.6614082E-0001  -0.8149483E+0001
    13.82800   0.1788347E+0001   0.9584347E-0016   0.3641407E+0001  -0.5935280E-0003   0.7119956E-0015  -0.6308940E-0001  -0.8149512E+0001
    13.83200   0.1788347E+0001   0.1507041E-0015   0.3640192E+0001  -0.5935280E-0003   0.7150313E-0015  -0.6017508E-0001  -0.8149528E+0001
    13.83600   0.1788347E+0001   0.4076600E-0016   0.3639030E+0001  -0.5935280E-0003   0.7180671E-0015  -0.5740426E-0001  -0.8149533E+0001
    13.84000   0.1788347E+0001  -0.1431147E-0016   0.3637922E+0001  -0.5935280E-0003   0.7194766E-0015  -0.5478062E-0001  -0.8149527E+0001
    13.84400   0.1788347E+0001  -0.1431147E-0016   0.3636870E+0001  -0.5935280E-0003   0.7190429E-0015  -0.5230524E-0001  -0.8149512E+0001
    13.84800   0.1788347E+0001   0.4054916E-0016   0.3635873E+0001  -0.5935280E-0003   0.7225123E-0015  -0.4997684E-0001  -0.8149490E+0001
    13.85200   0.1788347E+0001   0.4054916E-0016   0.3634931E+0001  -0.5935280E-0003   0.7255481E-0015  -0.4779204E-0001  -0.8149460E+0001
    13.85600   0.1788347E+0001   0.4054916E-0016   0.3634042E+0001  -0.5935280E-0003   0.7256565E-0015  -0.4574562E-0001  -0.8149425E+0001
    13.86000   0.1788347E+0001   0.9540979E-0016   0.3633205E+0001  -0.5935280E-0003   0.7282586E-0015  -0.4383081E-0001  -0.8149387E+0001
    13.86400   0.1788347E+0001   0.4054916E-0016   0.3632415E+0001  -0.5935280E-0003   0.7291260E-0015  -0.4203961E-0001  -0.8149346E+0001
    13.86800   0.1788347E+0001   0.9562663E-0016   0.3631671E+0001  -0.5935280E-0003   0.7295596E-0015  -0.4036307E-0001  -0.8149305E+0001
    13.87200   0.1788347E+0001  -0.6938894E-0016   0.3630969E+0001  -0.5935280E-0003   0.7313486E-0015  -0.3879162E-0001  -0.8149263E+0001
    13.87600   0.1788347E+0001   0.4054916E-0016   0.3630306E+0001  -0.5935280E-0003   0.7348722E-0015  -0.3731534E-0001  -0.8149223E+0001
    13.88000   0.1788347E+0001  -0.6938894E-0016   0.3629678E+0001  -0.5935280E-0003   0.7354143E-0015  -0.3592424E-0001  -0.8149186E+0001
    13.88400   0.1788347E+0001   0.4054916E-0016   0.3629081E+0001  -0.5935280E-0003   0.7354685E-0015  -0.3460851E-0001  -0.8149153E+0001
    13.88800   0.1788347E+0001  -0.6938894E-0016   0.3628512E+0001  -0.5935280E-0003   0.7359564E-0015  -0.3335871E-0001  -0.8149125E+0001
    13.89200   0.1788347E+0001  -0.1431147E-0016   0.3627969E+0001  -0.5935280E-0003   0.7373117E-0015  -0.3216600E-0001  -0.8149101E+0001
    13.89600   0.1788347E+0001   0.4076600E-0016   0.3627446E+0001  -0.5935280E-0003   0.7386127E-0015  -0.3102224E-0001  -0.8149085E+0001
    13.90000   0.1788347E+0001   0.9584347E-0016   0.3626943E+0001  -0.5935280E-0003   0.7386669E-0015  -0.2992015E-0001  -0.8149074E+0001
    13.90400   0.1788347E+0001   0.4076600E-0016   0.3626456E+0001  -0.5935280E-0003   0.7404559E-0015  -0.2885335E-0001  -0.8149071E+0001
    13.90800   0.1788347E+0001  -0.6917210E-0016   0.3625982E+0001  -0.5935280E-0003   0.7409438E-0015  -0.2781645E-0001  -0.8149075E+0001
    13.91200   0.1788347E+0001   0.4076600E-0016   0.3625521E+0001  -0.5935280E-0003   0.7409980E-0015  -0.2680499E-0001  -0.8149086E+0001
    13.91600   0.1788347E+0001   0.4076600E-0016   0.3625070E+0001  -0.5935280E-0003   0.7427869E-0015  -0.2581550E-0001  -0.8149104E+0001
    13.92000   0.1788347E+0001  -0.6917210E-0016   0.3624629E+0001  -0.5935280E-0003   0.7430580E-0015  -0.2484542E-0001  -0.8149129E+0001
    13.92400   0.1788347E+0001  -0.1431147E-0016   0.3624195E+0001  -0.5935280E-0003   0.7446301E-0015  -0.2389302E-0001  -0.8149161E+0001
    13.92800   0.1788347E+0001  -0.6917210E-0016   0.3623770E+0001  -0.5935280E-0003   0.7446843E-0015  -0.2295734E-0001  -0.8149198E+0001
    13.93200   0.1788347E+0001  -0.6917210E-0016   0.3623351E+0001  -0.5935280E-0003   0.7453890E-0015  -0.2203806E-0001  -0.8149242E+0001
    13.93600   0.1788347E+0001  -0.6917210E-0016   0.3622940E+0001  -0.5935280E-0003   0.7458769E-0015  -0.2113545E-0001  -0.8149290E+0001
    13.94000   0.1788347E+0001  -0.6917210E-0016   0.3622536E+0001  -0.5935280E-0003   0.7467985E-0015  -0.2025019E-0001  -0.8149342E+0001
    13.94400   0.1788347E+0001  -0.6917210E-0016   0.3622140E+0001  -0.5935280E-0003   0.7475032E-0015  -0.1938331E-0001  -0.8149398E+0001
    13.94800   0.1788347E+0001  -0.6917210E-0016   0.3621751E+0001  -0.5935280E-0003   0.7482079E-0015  -0.1853607E-0001  -0.8149456E+0001
    13.95200   0.1788347E+0001  -0.1431147E-0016   0.3621370E+0001  -0.5935280E-0003   0.7480588E-0015  -0.1770983E-0001  -0.8149515E+0001
    13.95600   0.1788347E+0001  -0.6917210E-0016   0.3620998E+0001  -0.5935280E-0003   0.7496174E-0015  -0.1690603E-0001  -0.8149575E+0001
    13.96000   0.1788347E+0001  -0.6917210E-0016   0.3620635E+0001  -0.5935280E-0003   0.7492515E-0015  -0.1612603E-0001  -0.8149636E+0001
    13.96400   0.1788347E+0001   0.4076600E-0016   0.3620282E+0001  -0.5935280E-0003   0.7506067E-0015  -0.1537111E-0001  -0.8149694E+0001
    13.96800   0.1788347E+0001  -0.6917210E-0016   0.3619938E+0001  -0.5935280E-0003   0.7508778E-0015  -0.1464237E-0001  -0.8149751E+0001
    13.97200   0.1788347E+0001  -0.1242496E-0015   0.3619605E+0001  -0.5935280E-0003   0.7515961E-0015  -0.1394076E-0001  -0.8149805E+0001
    13.97600   0.1788347E+0001  -0.6917210E-0016   0.3619281E+0001  -0.5935280E-0003   0.7523008E-0015  -0.1326698E-0001  -0.8149855E+0001
    13.98000   0.1788347E+0001  -0.6917210E-0016   0.3618968E+0001  -0.5935280E-0003   0.7525854E-0015  -0.1262152E-0001  -0.8149901E+0001
    13.98400   0.1788347E+0001  -0.1409463E-0016   0.3618665E+0001  -0.5935280E-0003   0.7534121E-0015  -0.1200466E-0001  -0.8149941E+0001
    13.98800   0.1788347E+0001  -0.1240327E-0015   0.3618372E+0001  -0.5935280E-0003   0.7542252E-0015  -0.1141647E-0001  -0.8149976E+0001
    13.99200   0.1788347E+0001  -0.1788934E-0015   0.3618089E+0001  -0.5935280E-0003   0.7544014E-0015  -0.1085683E-0001  -0.8150004E+0001
    13.99600   0.1788347E+0001  -0.1238159E-0015   0.3617815E+0001  -0.5935280E-0003   0.7547944E-0015  -0.1032545E-0001  -0.8150026E+0001
    14.00000   0.1788347E+0001  -0.6873842E-0016   0.3617550E+0001  -0.5935280E-0003   0.7550655E-0015  -0.9821918E-0002  -0.8150040E+0001
    14.00400   0.1788347E+0001  -0.6873842E-0016   0.3617293E+0001  -0.5935280E-0003   0.7556618E-0015  -0.9345717E-0002  -0.8150047E+0001
    14.00800   0.1788347E+0001  -0.6873842E-0016   0.3617044E+0001  -0.5935280E-0003   0.7562581E-0015  -0.8896252E-0002  -0.8150045E+0001
    14.01200   0.1788347E+0001  -0.1786765E-0015   0.3616802E+0001  -0.5935280E-0003   0.7564343E-0015  -0.8472886E-0002  -0.8150037E+0001
    14.01600   0.1788347E+0001  -0.6873842E-0016   0.3616567E+0001  -0.5935280E-0003   0.7568273E-0015  -0.8074958E-0002  -0.8150020E+0001
    14.02000   0.1788347E+0001  -0.6873842E-0016   0.3616337E+0001  -0.5935280E-0003   0.7576405E-0015  -0.7701803E-0002  -0.8149995E+0001
    14.02400   0.1788347E+0001  -0.1235990E-0015   0.3616113E+0001  -0.5935280E-0003   0.7577082E-0015  -0.7352767E-0002  -0.8149963E+0001
    14.02800   0.1788347E+0001  -0.6873842E-0016   0.3615893E+0001  -0.5935280E-0003   0.7583181E-0015  -0.7027213E-0002  -0.8149923E+0001
    14.03200   0.1788347E+0001  -0.1786765E-0015   0.3615678E+0001  -0.5935280E-0003   0.7584807E-0015  -0.6724528E-0002  -0.8149877E+0001
    14.03600   0.1788347E+0001  -0.6852158E-0016   0.3615467E+0001  -0.5935280E-0003   0.7588060E-0015  -0.6444111E-0002  -0.8149823E+0001
    14.04000   0.1788347E+0001  -0.6852158E-0016   0.3615258E+0001  -0.5935280E-0003   0.7590906E-0015  -0.6185373E-0002  -0.8149764E+0001
    14.04400   0.1788347E+0001  -0.6852158E-0016   0.3615053E+0001  -0.5935280E-0003   0.7594701E-0015  -0.5947721E-0002  -0.8149699E+0001
    14.04800   0.1788347E+0001  -0.1235990E-0015   0.3614850E+0001  -0.5935280E-0003   0.7598631E-0015  -0.5730542E-0002  -0.8149628E+0001
    14.05200   0.1788347E+0001  -0.6852158E-0016   0.3614650E+0001  -0.5935280E-0003   0.7602493E-0015  -0.5533188E-0002  -0.8149553E+0001
    14.05600   0.1788347E+0001  -0.6852158E-0016   0.3614452E+0001  -0.5935280E-0003   0.7605814E-0015  -0.5354955E-0002  -0.8149474E+0001
    14.06000   0.1788347E+0001  -0.1366095E-0016   0.3614256E+0001  -0.5935280E-0003   0.7609608E-0015  -0.5195070E-0002  -0.8149392E+0001
    14.06400   0.1788347E+0001  -0.1366095E-0016   0.3614062E+0001  -0.5935280E-0003   0.7611845E-0015  -0.5052671E-0002  -0.8149307E+0001
    14.06800   0.1788347E+0001  -0.6852158E-0016   0.3613870E+0001  -0.5935280E-0003   0.7615707E-0015  -0.4926795E-0002  -0.8149220E+0001
    14.07200   0.1788347E+0001  -0.1233822E-0015   0.3613680E+0001  -0.5935280E-0003   0.7617401E-0015  -0.4816372E-0002  -0.8149131E+0001
    14.07600   0.1788347E+0001  -0.1784597E-0015   0.3613492E+0001  -0.5935280E-0003   0.7622348E-0015  -0.4720214E-0002  -0.8149042E+0001
    14.08000   0.1788347E+0001  -0.6852158E-0016   0.3613306E+0001  -0.5935280E-0003   0.7623534E-0015  -0.4637020E-0002  -0.8148953E+0001
    14.08400   0.1788347E+0001  -0.1233822E-0015   0.3613122E+0001  -0.5935280E-0003   0.7628989E-0015  -0.4565376E-0002  -0.8148864E+0001
    14.08800   0.1788347E+0001  -0.6830474E-0016   0.3612940E+0001  -0.5935280E-0003   0.7630717E-0015  -0.4503768E-0002  -0.8148776E+0001
    14.09200   0.1788347E+0001  -0.1233822E-0015   0.3612761E+0001  -0.5935280E-0003   0.7633495E-0015  -0.4450592E-0002  -0.8148689E+0001
    14.09600   0.1788347E+0001  -0.1344411E-0016   0.3612585E+0001  -0.5935280E-0003   0.7636273E-0015  -0.4404177E-0002  -0.8148604E+0001
    14.10000   0.1788347E+0001  -0.1233822E-0015   0.3612411E+0001  -0.5935280E-0003   0.7637976E-0015  -0.4362803E-0002  -0.8148522E+0001
    14.10400   0.1788347E+0001  -0.1233822E-0015   0.3612241E+0001  -0.5935280E-0003   0.7643973E-0015  -0.4324725E-0002  -0.8148442E+0001
    14.10800   0.1788347E+0001  -0.1233822E-0015   0.3612074E+0001  -0.5935280E-0003   0.7645675E-0015  -0.4288200E-0002  -0.8148364E+0001
    14.11200   0.1788347E+0001  -0.6852158E-0016   0.3611910E+0001  -0.5935280E-0003   0.7647378E-0015  -0.4251517E-0002  -0.8148289E+0001
    14.11600   0.1788347E+0001  -0.1366095E-0016   0.3611751E+0001  -0.5935280E-0003   0.7650156E-0015  -0.4213018E-0002  -0.8148218E+0001
    14.12000   0.1788347E+0001  -0.1235990E-0015   0.3611595E+0001  -0.5935280E-0003   0.7653468E-0015  -0.4171126E-0002  -0.8148149E+0001
    14.12400   0.1788347E+0001  -0.6852158E-0016   0.3611444E+0001  -0.5935280E-0003   0.7655712E-0015  -0.4124368E-0002  -0.8148083E+0001
    14.12800   0.1788347E+0001  -0.1235990E-0015   0.3611298E+0001  -0.5935280E-0003   0.7657957E-0015  -0.4071398E-0002  -0.8148021E+0001
    14.13200   0.1788347E+0001  -0.6873842E-0016   0.3611157E+0001  -0.5935280E-0003   0.7660735E-0015  -0.4011007E-0002  -0.8147961E+0001
    14.13600   0.1788347E+0001  -0.1238159E-0015   0.3611022E+0001  -0.5935280E-0003   0.7662972E-0015  -0.3942144E-0002  -0.8147904E+0001
    14.14000   0.1788347E+0001  -0.1788934E-0015   0.3610893E+0001  -0.5935280E-0003   0.7665242E-0015  -0.3863918E-0002  -0.8147849E+0001
    14.14400   0.1788347E+0001  -0.1409463E-0016   0.3610770E+0001  -0.5935280E-0003   0.7668562E-0015  -0.3775604E-0002  -0.8147796E+0001
    14.14800   0.1788347E+0001  -0.6917210E-0016   0.3610654E+0001  -0.5935280E-0003   0.7669782E-0015  -0.3676642E-0002  -0.8147746E+0001
    14.15200   0.1788347E+0001  -0.1242496E-0015   0.3610545E+0001  -0.5935280E-0003   0.7672018E-0015  -0.3566635E-0002  -0.8147697E+0001
    14.15600   0.1788347E+0001  -0.1431147E-0016   0.3610444E+0001  -0.5935280E-0003   0.7672628E-0015  -0.3445334E-0002  -0.8147650E+0001
    14.16000   0.1788347E+0001  -0.6938894E-0016   0.3610350E+0001  -0.5935280E-0003   0.7674119E-0015  -0.3312631E-0002  -0.8147604E+0001
    14.16400   0.1788347E+0001   0.4054916E-0016   0.3610265E+0001  -0.5935280E-0003   0.7676558E-0015  -0.3168542E-0002  -0.8147560E+0001
    14.16800   0.1788347E+0001  -0.6938894E-0016   0.3610189E+0001  -0.5935280E-0003   0.7678320E-0015  -0.3013191E-0002  -0.8147516E+0001
    14.17200   0.1788347E+0001  -0.6938894E-0016   0.3610122E+0001  -0.5935280E-0003   0.7679133E-0015  -0.2846791E-0002  -0.8147473E+0001
    14.17600   0.1788347E+0001  -0.1441989E-0016   0.3610064E+0001  -0.5935280E-0003   0.7680895E-0015  -0.2669622E-0002  -0.8147430E+0001
    14.18000   0.1788347E+0001  -0.1243580E-0015   0.3610015E+0001  -0.5935280E-0003   0.7681030E-0015  -0.2482016E-0002  -0.8147388E+0001
    14.18400   0.1788347E+0001  -0.1243580E-0015   0.3609975E+0001  -0.5935280E-0003   0.7683199E-0015  -0.2284336E-0002  -0.8147345E+0001
    14.18800   0.1788347E+0001  -0.1243580E-0015   0.3609945E+0001  -0.5935280E-0003   0.7682928E-0015  -0.2076959E-0002  -0.8147303E+0001
    14.19200   0.1788347E+0001  -0.6938894E-0016   0.3609925E+0001  -0.5935280E-0003   0.7684012E-0015  -0.1860258E-0002  -0.8147261E+0001
    14.19600   0.1788347E+0001  -0.6938894E-0016   0.3609914E+0001  -0.5935280E-0003   0.7684012E-0015  -0.1634594E-0002  -0.8147218E+0001
    14.20000   0.1788347E+0001  -0.1243580E-0015   0.3609913E+0001  -0.5935280E-0003   0.7684825E-0015  -0.1400298E-0002  -0.8147175E+0001
    14.20400   0.1788347E+0001  -0.1243580E-0015   0.3609921E+0001  -0.5935280E-0003   0.7684825E-0015  -0.1157667E-0002  -0.8147132E+0001
    14.20800   0.1788347E+0001   0.4054916E-0016   0.3609937E+0001  -0.5935280E-0003   0.7684825E-0015  -0.9069605E-0003  -0.8147089E+0001
    14.21200   0.1788347E+0001  -0.6938894E-0016   0.3609963E+0001  -0.5935280E-0003   0.7684012E-0015  -0.6483916E-0003  -0.8147046E+0001
    14.21600   0.1788347E+0001  -0.1243580E-0015   0.3609996E+0001  -0.5935280E-0003   0.7683470E-0015  -0.3821328E-0003  -0.8147003E+0001
    14.22000   0.1788347E+0001  -0.1243580E-0015   0.3610037E+0001  -0.5935280E-0003   0.7683199E-0015  -0.1083170E-0003  -0.8146960E+0001
    14.22400   0.1788347E+0001  -0.6938894E-0016   0.3610085E+0001  -0.5935280E-0003   0.7682657E-0015   0.1729573E-0003  -0.8146916E+0001
    14.22800   0.1788347E+0001  -0.6938894E-0016   0.3610140E+0001  -0.5935280E-0003   0.7681572E-0015   0.4616184E-0003  -0.8146874E+0001
    14.23200   0.1788347E+0001  -0.6938894E-0016   0.3610201E+0001  -0.5935280E-0003   0.7681030E-0015   0.7576128E-0003  -0.8146831E+0001
    14.23600   0.1788347E+0001  -0.1243580E-0015   0.3610267E+0001  -0.5935280E-0003   0.7680488E-0015   0.1060895E-0002  -0.8146788E+0001
    14.24000   0.1788347E+0001  -0.6938894E-0016   0.3610338E+0001  -0.5935280E-0003   0.7679404E-0015   0.1371419E-0002  -0.8146747E+0001
    14.24400   0.1788347E+0001  -0.1243580E-0015   0.3610413E+0001  -0.5935280E-0003   0.7677778E-0015   0.1689124E-0002  -0.8146705E+0001
    14.24800   0.1788347E+0001  -0.1243580E-0015   0.3610491E+0001  -0.5935280E-0003   0.7676151E-0015   0.2013927E-0002  -0.8146664E+0001
    14.25200   0.1788347E+0001  -0.6938894E-0016   0.3610572E+0001  -0.5935280E-0003   0.7675609E-0015   0.2345714E-0002  -0.8146624E+0001
    14.25600   0.1788347E+0001  -0.1243851E-0015   0.3610655E+0001  -0.5935280E-0003   0.7673441E-0015   0.2684329E-0002  -0.8146585E+0001
    14.26000   0.1788347E+0001  -0.6941604E-0016   0.3610739E+0001  -0.5935280E-0003   0.7672899E-0015   0.3029572E-0002  -0.8146546E+0001
    14.26400   0.1788347E+0001  -0.6941604E-0016   0.3610824E+0001  -0.5935280E-0003   0.7671815E-0015   0.3381188E-0002  -0.8146508E+0001
    14.26800   0.1788347E+0001  -0.1793812E-0015   0.3610910E+0001  -0.5935280E-0003   0.7670188E-0015   0.3738870E-0002  -0.8146470E+0001
    14.27200   0.1788347E+0001  -0.1244122E-0015   0.3610995E+0001  -0.5935280E-0003   0.7668562E-0015   0.4102256E-0002  -0.8146433E+0001
    14.27600   0.1788347E+0001  -0.6943637E-0016   0.3611079E+0001  -0.5935280E-0003   0.7668562E-0015   0.4470930E-0002  -0.8146397E+0001
    14.28000   0.1788347E+0001  -0.6943637E-0016   0.3611162E+0001  -0.5935280E-0003   0.7665851E-0015   0.4844423E-0002  -0.8146360E+0001
    14.28400   0.1788347E+0001  -0.6943637E-0016   0.3611244E+0001  -0.5935280E-0003   0.7664225E-0015   0.5222225E-0002  -0.8146324E+0001
    14.28800   0.1788347E+0001  -0.6944315E-0016   0.3611323E+0001  -0.5935280E-0003   0.7664225E-0015   0.5603784E-0002  -0.8146288E+0001
    14.29200   0.1788347E+0001  -0.1244190E-0015   0.3611400E+0001  -0.5935280E-0003   0.7662599E-0015   0.5988516E-0002  -0.8146252E+0001
    14.29600   0.1788347E+0001  -0.6944315E-0016   0.3611474E+0001  -0.5935280E-0003   0.7660973E-0015   0.6375817E-0002  -0.8146216E+0001
    14.30000   0.1788347E+0001  -0.1244122E-0015   0.3611546E+0001  -0.5935280E-0003   0.7659888E-0015   0.6765066E-0002  -0.8146179E+0001
    14.30400   0.1788347E+0001  -0.1244122E-0015   0.3611614E+0001  -0.5935280E-0003   0.7657178E-0015   0.7155639E-0002  -0.8146142E+0001
    14.30800   0.1788347E+0001  -0.1244122E-0015   0.3611680E+0001  -0.5935280E-0003   0.7657720E-0015   0.7546915E-0002  -0.8146104E+0001
    14.31200   0.1788347E+0001  -0.1244122E-0015   0.3611742E+0001  -0.5935280E-0003   0.7658262E-0015   0.7938286E-0002  -0.8146066E+0001
    14.31600   0.1788347E+0001  -0.1447410E-0016   0.3611800E+0001  -0.5935280E-0003   0.7653383E-0015   0.8329160E-0002  -0.8146026E+0001
    14.32000   0.1788347E+0001  -0.1244393E-0015   0.3611856E+0001  -0.5935280E-0003   0.7656094E-0015   0.8718973E-0002  -0.8145986E+0001
    14.32400   0.1788347E+0001  -0.6944315E-0016   0.3611908E+0001  -0.5935280E-0003   0.7656636E-0015   0.9107184E-0002  -0.8145945E+0001
    14.32800   0.1788347E+0001  -0.6944315E-0016   0.3611956E+0001  -0.5935280E-0003   0.7652841E-0015   0.9493286E-0002  -0.8145902E+0001
    14.33200   0.1788347E+0001  -0.1244393E-0015   0.3612002E+0001  -0.5935280E-0003   0.7652841E-0015   0.9876799E-0002  -0.8145858E+0001
    14.33600   0.1788347E+0001  -0.6945670E-0016   0.3612044E+0001  -0.5935280E-0003   0.7653383E-0015   0.1025728E-0001  -0.8145812E+0001
    14.34000   0.1788347E+0001  -0.6945670E-0016   0.3612084E+0001  -0.5935280E-0003   0.7652841E-0015   0.1063429E-0001  -0.8145766E+0001
    14.34400   0.1788347E+0001  -0.1244258E-0015   0.3612121E+0001  -0.5935280E-0003   0.7649588E-0015   0.1100745E-0001  -0.8145717E+0001
    14.34800   0.1788347E+0001  -0.1244258E-0015   0.3612156E+0001  -0.5935280E-0003   0.7650131E-0015   0.1137636E-0001  -0.8145668E+0001
    14.35200   0.1788347E+0001  -0.1244258E-0015   0.3612189E+0001  -0.5935280E-0003   0.7651757E-0015   0.1174067E-0001  -0.8145617E+0001
    14.35600   0.1788347E+0001  -0.6944315E-0016   0.3612220E+0001  -0.5935280E-0003   0.7649046E-0015   0.1210000E-0001  -0.8145564E+0001
    14.36000   0.1788347E+0001  -0.1794084E-0015   0.3612250E+0001  -0.5935280E-0003   0.7650673E-0015   0.1245400E-0001  -0.8145510E+0001
    14.36400   0.1788347E+0001  -0.6947025E-0016   0.3612279E+0001  -0.5935280E-0003   0.7646878E-0015   0.1280231E-0001  -0.8145455E+0001
    14.36800   0.1788347E+0001  -0.1244529E-0015   0.3612307E+0001  -0.5935280E-0003   0.7646336E-0015   0.1314456E-0001  -0.8145398E+0001
    14.37200   0.1788347E+0001  -0.6947025E-0016   0.3612335E+0001  -0.5935280E-0003   0.7649046E-0015   0.1348039E-0001  -0.8145341E+0001
    14.37600   0.1788347E+0001  -0.1244664E-0015   0.3612363E+0001  -0.5935280E-0003   0.7648504E-0015   0.1380943E-0001  -0.8145282E+0001
    14.38000   0.1788347E+0001  -0.6947025E-0016   0.3612392E+0001  -0.5935280E-0003   0.7653383E-0015   0.1413131E-0001  -0.8145222E+0001
    14.38400   0.1788347E+0001  -0.1244664E-0015   0.3612422E+0001  -0.5935280E-0003   0.7645794E-0015   0.1444565E-0001  -0.8145161E+0001
    14.38800   0.1788347E+0001  -0.6944315E-0016   0.3612453E+0001  -0.5935280E-0003   0.7644167E-0015   0.1475211E-0001  -0.8145099E+0001
    14.39200   0.1788347E+0001  -0.6944315E-0016   0.3612486E+0001  -0.5935280E-0003   0.7649046E-0015   0.1505035E-0001  -0.8145037E+0001
    14.39600   0.1788347E+0001  -0.1441989E-0016   0.3612522E+0001  -0.5935280E-0003   0.7642541E-0015   0.1534005E-0001  -0.8144974E+0001
    14.40000   0.1788347E+0001  -0.6949736E-0016   0.3612560E+0001  -0.5935280E-0003   0.7645794E-0015   0.1562095E-0001  -0.8144910E+0001
    14.40400   0.1788347E+0001  -0.1794355E-0015   0.3612601E+0001  -0.5935280E-0003   0.7645794E-0015   0.1589282E-0001  -0.8144846E+0001
    14.40800   0.1788347E+0001  -0.6949736E-0016   0.3612645E+0001  -0.5935280E-0003   0.7638204E-0015   0.1615549E-0001  -0.8144782E+0001
    14.41200   0.1788347E+0001  -0.1245748E-0015   0.3612693E+0001  -0.5935280E-0003   0.7645794E-0015   0.1640886E-0001  -0.8144717E+0001
    14.41600   0.1788347E+0001  -0.1245748E-0015   0.3612745E+0001  -0.5935280E-0003   0.7642541E-0015   0.1665290E-0001  -0.8144653E+0001
    14.42000   0.1788347E+0001  -0.1245748E-0015   0.3612800E+0001  -0.5935280E-0003   0.7641457E-0015   0.1688764E-0001  -0.8144588E+0001
    14.42400   0.1788347E+0001  -0.6960578E-0016   0.3612860E+0001  -0.5935280E-0003   0.7637120E-0015   0.1711320E-0001  -0.8144524E+0001
    14.42800   0.1788347E+0001  -0.6960578E-0016   0.3612924E+0001  -0.5935280E-0003   0.7642541E-0015   0.1732976E-0001  -0.8144460E+0001
    14.43200   0.1788347E+0001  -0.6960578E-0016   0.3612992E+0001  -0.5935280E-0003   0.7640373E-0015   0.1753759E-0001  -0.8144396E+0001
    14.43600   0.1788347E+0001  -0.6960578E-0016   0.3613064E+0001  -0.5935280E-0003   0.7638204E-0015   0.1773701E-0001  -0.8144333E+0001
    14.44000   0.1788347E+0001  -0.1246832E-0015   0.3613141E+0001  -0.5935280E-0003   0.7631699E-0015   0.1792839E-0001  -0.8144270E+0001
    14.44400   0.1788347E+0001  -0.1452831E-0016   0.3613223E+0001  -0.5935280E-0003   0.7637120E-0015   0.1811214E-0001  -0.8144208E+0001
    14.44800   0.1788347E+0001  -0.1244664E-0015   0.3613309E+0001  -0.5935280E-0003   0.7628446E-0015   0.1828872E-0001  -0.8144147E+0001
    14.45200   0.1788347E+0001  -0.6938894E-0016   0.3613399E+0001  -0.5935280E-0003   0.7628446E-0015   0.1845857E-0001  -0.8144086E+0001
    14.45600   0.1788347E+0001  -0.1244664E-0015   0.3613493E+0001  -0.5935280E-0003   0.7631699E-0015   0.1862214E-0001  -0.8144027E+0001
    14.46000   0.1788347E+0001  -0.6960578E-0016   0.3613592E+0001  -0.5935280E-0003   0.7627362E-0015   0.1877986E-0001  -0.8143968E+0001
    14.46400   0.1788347E+0001  -0.1474515E-0016   0.3613695E+0001  -0.5935280E-0003   0.7624110E-0015   0.1893213E-0001  -0.8143911E+0001
    14.46800   0.1788347E+0001  -0.1246832E-0015   0.3613801E+0001  -0.5935280E-0003   0.7620857E-0015   0.1907930E-0001  -0.8143854E+0001
    14.47200   0.1788347E+0001  -0.1246832E-0015   0.3613912E+0001  -0.5935280E-0003   0.7623025E-0015   0.1922164E-0001  -0.8143799E+0001
    14.47600   0.1788347E+0001  -0.1246832E-0015   0.3614026E+0001  -0.5935280E-0003   0.7621941E-0015   0.1935938E-0001  -0.8143746E+0001
    14.48000   0.1788347E+0001  -0.6982262E-0016   0.3614144E+0001  -0.5935280E-0003   0.7617604E-0015   0.1949265E-0001  -0.8143694E+0001
    14.48400   0.1788347E+0001  -0.6982262E-0016   0.3614266E+0001  -0.5935280E-0003   0.7620857E-0015   0.1962152E-0001  -0.8143644E+0001
    14.48800   0.1788347E+0001  -0.1249001E-0015   0.3614390E+0001  -0.5935280E-0003   0.7613268E-0015   0.1974595E-0001  -0.8143595E+0001
    14.49200   0.1788347E+0001  -0.1249001E-0015   0.3614519E+0001  -0.5935280E-0003   0.7614352E-0015   0.1986585E-0001  -0.8143549E+0001
    14.49600   0.1788347E+0001  -0.1799776E-0015   0.3614650E+0001  -0.5935280E-0003   0.7606762E-0015   0.1998106E-0001  -0.8143504E+0001
    14.50000   0.1788347E+0001  -0.7003946E-0016   0.3614784E+0001  -0.5935280E-0003   0.7616520E-0015   0.2009133E-0001  -0.8143462E+0001
    14.50400   0.1788347E+0001  -0.1799776E-0015   0.3614922E+0001  -0.5935280E-0003   0.7608931E-0015   0.2019638E-0001  -0.8143421E+0001
    14.50800   0.1788347E+0001  -0.6982262E-0016   0.3615062E+0001  -0.5935280E-0003   0.7612183E-0015   0.2029589E-0001  -0.8143383E+0001
    14.51200   0.1788347E+0001  -0.1249001E-0015   0.3615206E+0001  -0.5935280E-0003   0.7601341E-0015   0.2038950E-0001  -0.8143348E+0001
    14.51600   0.1788347E+0001  -0.6982262E-0016   0.3615352E+0001  -0.5935280E-0003   0.7606762E-0015   0.2047685E-0001  -0.8143315E+0001
    14.52000   0.1788347E+0001  -0.1797607E-0015   0.3615501E+0001  -0.5935280E-0003   0.7601341E-0015   0.2055759E-0001  -0.8143285E+0001
    14.52400   0.1788347E+0001  -0.1249001E-0015   0.3615653E+0001  -0.5935280E-0003   0.7601341E-0015   0.2063136E-0001  -0.8143257E+0001
    14.52800   0.1788347E+0001  -0.7003946E-0016   0.3615807E+0001  -0.5935280E-0003   0.7595920E-0015   0.2069786E-0001  -0.8143233E+0001
    14.53200   0.1788347E+0001  -0.7003946E-0016   0.3615964E+0001  -0.5935280E-0003   0.7598089E-0015   0.2075680E-0001  -0.8143211E+0001
    14.53600   0.1788347E+0001  -0.1249001E-0015   0.3616123E+0001  -0.5935280E-0003   0.7593752E-0015   0.2080798E-0001  -0.8143192E+0001
    14.54000   0.1788347E+0001  -0.6982262E-0016   0.3616285E+0001  -0.5935280E-0003   0.7582910E-0015   0.2085122E-0001  -0.8143176E+0001
    14.54400   0.1788347E+0001  -0.1797607E-0015   0.3616450E+0001  -0.5935280E-0003   0.7582910E-0015   0.2088642E-0001  -0.8143163E+0001
    14.54800   0.1788347E+0001  -0.6982262E-0016   0.3616617E+0001  -0.5935280E-0003   0.7582910E-0015   0.2091354E-0001  -0.8143154E+0001
    14.55200   0.1788347E+0001  -0.6982262E-0016   0.3616786E+0001  -0.5935280E-0003   0.7576405E-0015   0.2093261E-0001  -0.8143147E+0001
    14.55600   0.1788347E+0001  -0.1249001E-0015   0.3616958E+0001  -0.5935280E-0003   0.7572068E-0015   0.2094372E-0001  -0.8143144E+0001
    14.56000   0.1788347E+0001  -0.1249001E-0015   0.3617132E+0001  -0.5935280E-0003   0.7569900E-0015   0.2094703E-0001  -0.8143144E+0001
    14.56400   0.1788347E+0001  -0.6982262E-0016   0.3617308E+0001  -0.5935280E-0003   0.7563394E-0015   0.2094274E-0001  -0.8143147E+0001
    14.56800   0.1788347E+0001  -0.1249001E-0015   0.3617487E+0001  -0.5935280E-0003   0.7563394E-0015   0.2093110E-0001  -0.8143153E+0001
    14.57200   0.1788347E+0001  -0.1797607E-0015   0.3617668E+0001  -0.5935280E-0003   0.7561226E-0015   0.2091241E-0001  -0.8143162E+0001
    14.57600   0.1788347E+0001  -0.6982262E-0016   0.3617851E+0001  -0.5935280E-0003   0.7559058E-0015   0.2088700E-0001  -0.8143174E+0001
    14.58000   0.1788347E+0001  -0.1249001E-0015   0.3618037E+0001  -0.5935280E-0003   0.7552552E-0015   0.2085520E-0001  -0.8143188E+0001
    14.58400   0.1788347E+0001  -0.1249001E-0015   0.3618224E+0001  -0.5935280E-0003   0.7554721E-0015   0.2081738E-0001  -0.8143206E+0001
    14.58800   0.1788347E+0001  -0.6982262E-0016   0.3618414E+0001  -0.5935280E-0003   0.7550384E-0015   0.2077388E-0001  -0.8143227E+0001
    14.59200   0.1788347E+0001  -0.1246832E-0015   0.3618606E+0001  -0.5935280E-0003   0.7548216E-0015   0.2072506E-0001  -0.8143250E+0001
    14.59600   0.1788347E+0001  -0.1797607E-0015   0.3618799E+0001  -0.5935280E-0003   0.7539542E-0015   0.2067124E-0001  -0.8143275E+0001
    14.60000   0.1788347E+0001  -0.1246832E-0015   0.3618995E+0001  -0.5935280E-0003   0.7539542E-0015   0.2061274E-0001  -0.8143303E+0001
    14.60400   0.1788347E+0001  -0.1795439E-0015   0.3619192E+0001  -0.5935280E-0003   0.7546047E-0015   0.2054983E-0001  -0.8143334E+0001
    14.60800   0.1788347E+0001  -0.1246832E-0015   0.3619392E+0001  -0.5935280E-0003   0.7541710E-0015   0.2048274E-0001  -0.8143366E+0001
    14.61200   0.1788347E+0001  -0.6982262E-0016   0.3619593E+0001  -0.5935280E-0003   0.7533037E-0015   0.2041167E-0001  -0.8143401E+0001
    14.61600   0.1788347E+0001  -0.1246832E-0015   0.3619795E+0001  -0.5935280E-0003   0.7524363E-0015   0.2033677E-0001  -0.8143438E+0001
    14.62000   0.1788347E+0001  -0.1795439E-0015   0.3619999E+0001  -0.5935280E-0003   0.7524363E-0015   0.2025816E-0001  -0.8143477E+0001
    14.62400   0.1788347E+0001  -0.1246832E-0015   0.3620204E+0001  -0.5935280E-0003   0.7520026E-0015   0.2017587E-0001  -0.8143517E+0001
    14.62800   0.1788347E+0001  -0.1246832E-0015   0.3620411E+0001  -0.5935280E-0003   0.7520026E-0015   0.2008994E-0001  -0.8143559E+0001
    14.63200   0.1788347E+0001  -0.1246832E-0015   0.3620618E+0001  -0.5935280E-0003   0.7515689E-0015   0.2000032E-0001  -0.8143603E+0001
    14.63600   0.1788347E+0001  -0.1246832E-0015   0.3620826E+0001  -0.5935280E-0003   0.7507016E-0015   0.1990693E-0001  -0.8143648E+0001
    14.64000   0.1788347E+0001  -0.1246832E-0015   0.3621035E+0001  -0.5935280E-0003   0.7504847E-0015   0.1980967E-0001  -0.8143695E+0001
    14.64400   0.1788347E+0001  -0.1246832E-0015   0.3621244E+0001  -0.5935280E-0003   0.7500511E-0015   0.1970840E-0001  -0.8143744E+0001
    14.64800   0.1788347E+0001  -0.1797607E-0015   0.3621454E+0001  -0.5935280E-0003   0.7496174E-0015   0.1960293E-0001  -0.8143794E+0001
    14.65200   0.1788347E+0001  -0.1797607E-0015   0.3621663E+0001  -0.5935280E-0003   0.7494005E-0015   0.1949307E-0001  -0.8143845E+0001
    14.65600   0.1788347E+0001  -0.1249001E-0015   0.3621873E+0001  -0.5935280E-0003   0.7494005E-0015   0.1937863E-0001  -0.8143897E+0001
    14.66000   0.1788347E+0001  -0.1797607E-0015   0.3622082E+0001  -0.5935280E-0003   0.7487500E-0015   0.1925937E-0001  -0.8143951E+0001
    14.66400   0.1788347E+0001  -0.1249001E-0015   0.3622290E+0001  -0.5935280E-0003   0.7483163E-0015   0.1913508E-0001  -0.8144007E+0001
    14.66800   0.1788347E+0001  -0.1797607E-0015   0.3622498E+0001  -0.5935280E-0003   0.7478827E-0015   0.1900556E-0001  -0.8144063E+0001
    14.67200   0.1788347E+0001  -0.6982262E-0016   0.3622705E+0001  -0.5935280E-0003   0.7470153E-0015   0.1887059E-0001  -0.8144121E+0001
    14.67600   0.1788347E+0001  -0.6982262E-0016   0.3622911E+0001  -0.5935280E-0003   0.7474490E-0015   0.1873000E-0001  -0.8144180E+0001
    14.68000   0.1788347E+0001  -0.1249001E-0015   0.3623116E+0001  -0.5935280E-0003   0.7476658E-0015   0.1858362E-0001  -0.8144240E+0001
    14.68400   0.1788347E+0001  -0.1474515E-0016   0.3623319E+0001  -0.5935280E-0003   0.7463648E-0015   0.1843132E-0001  -0.8144301E+0001
    14.68800   0.1788347E+0001  -0.1474515E-0016   0.3623521E+0001  -0.5935280E-0003   0.7465816E-0015   0.1827300E-0001  -0.8144364E+0001
    14.69200   0.1788347E+0001  -0.6982262E-0016   0.3623721E+0001  -0.5935280E-0003   0.7459311E-0015   0.1810858E-0001  -0.8144427E+0001
    14.69600   0.1788347E+0001  -0.6982262E-0016   0.3623919E+0001  -0.5935280E-0003   0.7461479E-0015   0.1793805E-0001  -0.8144491E+0001
    14.70000   0.1788347E+0001   0.4011548E-0016   0.3624116E+0001  -0.5935280E-0003   0.7457143E-0015   0.1776139E-0001  -0.8144556E+0001
    14.70400   0.1788347E+0001  -0.1474515E-0016   0.3624311E+0001  -0.5935280E-0003   0.7454974E-0015   0.1757867E-0001  -0.8144622E+0001
    14.70800   0.1788347E+0001  -0.6982262E-0016   0.3624504E+0001  -0.5935280E-0003   0.7448469E-0015   0.1738996E-0001  -0.8144689E+0001
    14.71200   0.1788347E+0001  -0.1474515E-0016   0.3624695E+0001  -0.5935280E-0003   0.7448469E-0015   0.1719538E-0001  -0.8144756E+0001
    14.71600   0.1788347E+0001   0.4033232E-0016   0.3624884E+0001  -0.5935280E-0003   0.7446301E-0015   0.1699510E-0001  -0.8144823E+0001
    14.72000   0.1788347E+0001  -0.1452831E-0016   0.3625070E+0001  -0.5935280E-0003   0.7439795E-0015   0.1678930E-0001  -0.8144891E+0001
    14.72400   0.1788347E+0001  -0.6938894E-0016   0.3625255E+0001  -0.5935280E-0003   0.7435458E-0015   0.1657820E-0001  -0.8144959E+0001
    14.72800   0.1788347E+0001   0.4054916E-0016   0.3625438E+0001  -0.5935280E-0003   0.7435458E-0015   0.1636205E-0001  -0.8145027E+0001
    14.73200   0.1788347E+0001  -0.1431147E-0016   0.3625619E+0001  -0.5935280E-0003   0.7431122E-0015   0.1614113E-0001  -0.8145095E+0001
    14.73600   0.1788347E+0001  -0.1431147E-0016   0.3625798E+0001  -0.5935280E-0003   0.7426785E-0015   0.1591573E-0001  -0.8145162E+0001
    14.74000   0.1788347E+0001  -0.6917210E-0016   0.3625975E+0001  -0.5935280E-0003   0.7419195E-0015   0.1568616E-0001  -0.8145230E+0001
    14.74400   0.1788347E+0001  -0.1387779E-0016   0.3626150E+0001  -0.5935280E-0003   0.7420280E-0015   0.1545275E-0001  -0.8145297E+0001
    14.74800   0.1788347E+0001  -0.6852158E-0016   0.3626323E+0001  -0.5935280E-0003   0.7414859E-0015   0.1521581E-0001  -0.8145363E+0001
    14.75200   0.1788347E+0001  -0.1786765E-0015   0.3626495E+0001  -0.5935280E-0003   0.7411606E-0015   0.1497571E-0001  -0.8145429E+0001
    14.75600   0.1788347E+0001  -0.6852158E-0016   0.3626665E+0001  -0.5935280E-0003   0.7407269E-0015   0.1473277E-0001  -0.8145495E+0001
    14.76000   0.1788347E+0001  -0.1235990E-0015   0.3626834E+0001  -0.5935280E-0003   0.7406185E-0015   0.1448734E-0001  -0.8145559E+0001
    14.76400   0.1788347E+0001  -0.6852158E-0016   0.3627002E+0001  -0.5935280E-0003   0.7406185E-0015   0.1423976E-0001  -0.8145623E+0001
    14.76800   0.1788347E+0001  -0.6852158E-0016   0.3627168E+0001  -0.5935280E-0003   0.7402932E-0015   0.1399036E-0001  -0.8145686E+0001
    14.77200   0.1788347E+0001  -0.6852158E-0016   0.3627333E+0001  -0.5935280E-0003   0.7396427E-0015   0.1373949E-0001  -0.8145748E+0001
    14.77600   0.1788347E+0001  -0.6852158E-0016   0.3627497E+0001  -0.5935280E-0003   0.7397511E-0015   0.1348747E-0001  -0.8145809E+0001
    14.78000   0.1788347E+0001  -0.1387779E-0016   0.3627660E+0001  -0.5935280E-0003   0.7396427E-0015   0.1323461E-0001  -0.8145869E+0001
    14.78400   0.1788347E+0001  -0.6895526E-0016   0.3627823E+0001  -0.5935280E-0003   0.7394259E-0015   0.1298122E-0001  -0.8145928E+0001
    14.78800   0.1788347E+0001  -0.6895526E-0016   0.3627985E+0001  -0.5935280E-0003   0.7393175E-0015   0.1272762E-0001  -0.8145985E+0001
    14.79200   0.1788347E+0001   0.4119968E-0016   0.3628146E+0001  -0.5935280E-0003   0.7383417E-0015   0.1247410E-0001  -0.8146042E+0001
    14.79600   0.1788347E+0001  -0.6895526E-0016   0.3628307E+0001  -0.5935280E-0003   0.7387754E-0015   0.1222095E-0001  -0.8146097E+0001
    14.80000   0.1788347E+0001  -0.6895526E-0016   0.3628469E+0001  -0.5935280E-0003   0.7382333E-0015   0.1196844E-0001  -0.8146151E+0001
    14.80400   0.1788347E+0001   0.4076600E-0016   0.3628630E+0001  -0.5935280E-0003   0.7379080E-0015   0.1171685E-0001  -0.8146203E+0001
    14.80800   0.1788347E+0001  -0.6895526E-0016   0.3628791E+0001  -0.5935280E-0003   0.7375827E-0015   0.1146645E-0001  -0.8146255E+0001
    14.81200   0.1788347E+0001  -0.1387779E-0016   0.3628953E+0001  -0.5935280E-0003   0.7377996E-0015   0.1121749E-0001  -0.8146305E+0001
    14.81600   0.1788347E+0001  -0.6895526E-0016   0.3629115E+0001  -0.5935280E-0003   0.7371491E-0015   0.1097022E-0001  -0.8146353E+0001
    14.82000   0.1788347E+0001  -0.6895526E-0016   0.3629278E+0001  -0.5935280E-0003   0.7366070E-0015   0.1072487E-0001  -0.8146400E+0001
    14.82400   0.1788347E+0001  -0.6895526E-0016   0.3629442E+0001  -0.5935280E-0003   0.7364985E-0015   0.1048168E-0001  -0.8146445E+0001
    14.82800   0.1788347E+0001  -0.1387779E-0016   0.3629606E+0001  -0.5935280E-0003   0.7366070E-0015   0.1024086E-0001  -0.8146489E+0001
    14.83200   0.1788347E+0001  -0.1235990E-0015   0.3629772E+0001  -0.5935280E-0003   0.7360649E-0015   0.1000261E-0001  -0.8146530E+0001
    14.83600   0.1788347E+0001  -0.6852158E-0016   0.3629939E+0001  -0.5935280E-0003   0.7357396E-0015   0.9767126E-0002  -0.8146570E+0001
    14.84000   0.1788347E+0001  -0.1344411E-0016   0.3630107E+0001  -0.5935280E-0003   0.7351975E-0015   0.9534585E-0002  -0.8146608E+0001
    14.84400   0.1788347E+0001  -0.6852158E-0016   0.3630277E+0001  -0.5935280E-0003   0.7349807E-0015   0.9305146E-0002  -0.8146644E+0001
    14.84800   0.1788347E+0001  -0.1387779E-0016   0.3630449E+0001  -0.5935280E-0003   0.7347638E-0015   0.9078952E-0002  -0.8146678E+0001
    14.85200   0.1788347E+0001  -0.1387779E-0016   0.3630622E+0001  -0.5935280E-0003   0.7347096E-0015   0.8856128E-0002  -0.8146710E+0001
    14.85600   0.1788347E+0001   0.4119968E-0016   0.3630796E+0001  -0.5935280E-0003   0.7347638E-0015   0.8636780E-0002  -0.8146739E+0001
    14.86000   0.1788347E+0001  -0.1387779E-0016   0.3630973E+0001  -0.5935280E-0003   0.7342759E-0015   0.8420993E-0002  -0.8146766E+0001
    14.86400   0.1788347E+0001   0.4119968E-0016   0.3631151E+0001  -0.5935280E-0003   0.7341133E-0015   0.8208831E-0002  -0.8146790E+0001
    14.86800   0.1788347E+0001  -0.6895526E-0016   0.3631332E+0001  -0.5935280E-0003   0.7336796E-0015   0.8000337E-0002  -0.8146812E+0001
    14.87200   0.1788347E+0001  -0.1431147E-0016   0.3631514E+0001  -0.5935280E-0003   0.7333001E-0015   0.7795533E-0002  -0.8146831E+0001
    14.87600   0.1788347E+0001  -0.1431147E-0016   0.3631698E+0001  -0.5935280E-0003   0.7327038E-0015   0.7594421E-0002  -0.8146848E+0001
    14.88000   0.1788347E+0001  -0.1431147E-0016   0.3631883E+0001  -0.5935280E-0003   0.7323244E-0015   0.7396980E-0002  -0.8146862E+0001
    14.88400   0.1788347E+0001  -0.1240327E-0015   0.3632071E+0001  -0.5935280E-0003   0.7321617E-0015   0.7203175E-0002  -0.8146872E+0001
    14.88800   0.1788347E+0001  -0.6938894E-0016   0.3632260E+0001  -0.5935280E-0003   0.7321075E-0015   0.7012949E-0002  -0.8146880E+0001
    14.89200   0.1788347E+0001  -0.6938894E-0016   0.3632451E+0001  -0.5935280E-0003   0.7316738E-0015   0.6826236E-0002  -0.8146885E+0001
    14.89600   0.1788347E+0001  -0.6938894E-0016   0.3632643E+0001  -0.5935280E-0003   0.7315112E-0015   0.6642952E-0002  -0.8146888E+0001
    14.90000   0.1788347E+0001  -0.6938894E-0016   0.3632836E+0001  -0.5935280E-0003   0.7308607E-0015   0.6463008E-0002  -0.8146887E+0001
    14.90400   0.1788347E+0001  -0.1474515E-0016   0.3633031E+0001  -0.5935280E-0003   0.7307523E-0015   0.6286307E-0002  -0.8146883E+0001
    14.90800   0.1788347E+0001  -0.1249001E-0015   0.3633227E+0001  -0.5935280E-0003   0.7303186E-0015   0.6112750E-0002  -0.8146877E+0001
    14.91200   0.1788347E+0001  -0.1517883E-0016   0.3633425E+0001  -0.5935280E-0003   0.7300475E-0015   0.5942241E-0002  -0.8146867E+0001
    14.91600   0.1788347E+0001  -0.1517883E-0016   0.3633623E+0001  -0.5935280E-0003   0.7298849E-0015   0.5774686E-0002  -0.8146855E+0001
    14.92000   0.1788347E+0001  -0.1253338E-0015   0.3633823E+0001  -0.5935280E-0003   0.7292344E-0015   0.5610003E-0002  -0.8146840E+0001
    14.92400   0.1788347E+0001  -0.1517883E-0016   0.3634023E+0001  -0.5935280E-0003   0.7289633E-0015   0.5448119E-0002  -0.8146822E+0001
    14.92800   0.1788347E+0001  -0.1517883E-0016   0.3634224E+0001  -0.5935280E-0003   0.7286923E-0015   0.5288981E-0002  -0.8146802E+0001
    14.93200   0.1788347E+0001  -0.6982262E-0016   0.3634427E+0001  -0.5935280E-0003   0.7284754E-0015   0.5132551E-0002  -0.8146779E+0001
    14.93600   0.1788347E+0001  -0.6982262E-0016   0.3634630E+0001  -0.5935280E-0003   0.7279875E-0015   0.4978812E-0002  -0.8146754E+0001
    14.94000   0.1788347E+0001  -0.1474515E-0016   0.3634833E+0001  -0.5935280E-0003   0.7276081E-0015   0.4827770E-0002  -0.8146726E+0001
    14.94400   0.1788347E+0001  -0.1244664E-0015   0.3635038E+0001  -0.5935280E-0003   0.7272828E-0015   0.4679455E-0002  -0.8146696E+0001
    14.94800   0.1788347E+0001   0.4076600E-0016   0.3635243E+0001  -0.5935280E-0003   0.7269576E-0015   0.4533917E-0002  -0.8146663E+0001
    14.95200   0.1788347E+0001  -0.1244664E-0015   0.3635450E+0001  -0.5935280E-0003   0.7266865E-0015   0.4391230E-0002  -0.8146629E+0001
    14.95600   0.1788347E+0001  -0.1431147E-0016   0.3635657E+0001  -0.5935280E-0003   0.7263612E-0015   0.4251484E-0002  -0.8146593E+0001
    14.96000   0.1788347E+0001  -0.1240327E-0015   0.3635865E+0001  -0.5935280E-0003   0.7260360E-0015   0.4114789E-0002  -0.8146554E+0001
    14.96400   0.1788347E+0001  -0.6895526E-0016   0.3636074E+0001  -0.5935280E-0003   0.7258191E-0015   0.3981263E-0002  -0.8146514E+0001
    14.96800   0.1788347E+0001  -0.1240327E-0015   0.3636285E+0001  -0.5935280E-0003   0.7253313E-0015   0.3851034E-0002  -0.8146473E+0001
    14.97200   0.1788347E+0001  -0.6938894E-0016   0.3636496E+0001  -0.5935280E-0003   0.7247892E-0015   0.3724228E-0002  -0.8146429E+0001
    14.97600   0.1788347E+0001  -0.1431147E-0016   0.3636709E+0001  -0.5935280E-0003   0.7246265E-0015   0.3600967E-0002  -0.8146384E+0001
    14.98000   0.1788347E+0001  -0.1240327E-0015   0.3636923E+0001  -0.5935280E-0003   0.7241928E-0015   0.3481361E-0002  -0.8146338E+0001
    14.98400   0.1788347E+0001  -0.6895526E-0016   0.3637139E+0001  -0.5935280E-0003   0.7238676E-0015   0.3365498E-0002  -0.8146290E+0001
    14.98800   0.1788347E+0001  -0.1431147E-0016   0.3637356E+0001  -0.5935280E-0003   0.7235423E-0015   0.3253444E-0002  -0.8146241E+0001
    14.99200   0.1788347E+0001  -0.1431147E-0016   0.3637575E+0001  -0.5935280E-0003   0.7231628E-0015   0.3145228E-0002  -0.8146191E+0001
    14.99600   0.1788347E+0001  -0.6938894E-0016   0.3637796E+0001  -0.5935280E-0003   0.7227292E-0015   0.3040844E-0002  -0.8146140E+0001
    15.00000   0.1788347E+0001  -0.6938894E-0016   0.3638019E+0001  -0.5935280E-0003   0.7225123E-0015   0.2940240E-0002  -0.8146088E+0001
    15.00400   0.1788347E+0001  -0.1795439E-0015   0.3638243E+0001  -0.5935280E-0003   0.7219702E-0015   0.2843319E-0002  -0.8146034E+0001
    15.00800   0.1788347E+0001  -0.6938894E-0016   0.3638470E+0001  -0.5935280E-0003   0.7216992E-0015   0.2749933E-0002  -0.8145980E+0001
    15.01200   0.1788347E+0001  -0.1244664E-0015   0.3638698E+0001  -0.5935280E-0003   0.7214281E-0015   0.2659885E-0002  -0.8145925E+0001
    15.01600   0.1788347E+0001  -0.6938894E-0016   0.3638928E+0001  -0.5935280E-0003   0.7209402E-0015   0.2572930E-0002  -0.8145869E+0001
    15.02000   0.1788347E+0001  -0.6938894E-0016   0.3639161E+0001  -0.5935280E-0003   0.7206150E-0015   0.2488775E-0002  -0.8145813E+0001
    15.02400   0.1788347E+0001  -0.6938894E-0016   0.3639395E+0001  -0.5935280E-0003   0.7202355E-0015   0.2407086E-0002  -0.8145756E+0001
    15.02800   0.1788347E+0001  -0.1431147E-0016   0.3639631E+0001  -0.5935280E-0003   0.7198018E-0015   0.2327492E-0002  -0.8145698E+0001
    15.03200   0.1788347E+0001  -0.6895526E-0016   0.3639868E+0001  -0.5935280E-0003   0.7194495E-0015   0.2249596E-0002  -0.8145640E+0001
    15.03600   0.1788347E+0001  -0.1240327E-0015   0.3640107E+0001  -0.5935280E-0003   0.7189616E-0015   0.2172979E-0002  -0.8145581E+0001
    15.04000   0.1788347E+0001  -0.6895526E-0016   0.3640348E+0001  -0.5935280E-0003   0.7186363E-0015   0.2097215E-0002  -0.8145523E+0001
    15.04400   0.1788347E+0001  -0.1240327E-0015   0.3640590E+0001  -0.5935280E-0003   0.7182297E-0015   0.2021874E-0002  -0.8145464E+0001
    15.04800   0.1788347E+0001  -0.1240327E-0015   0.3640834E+0001  -0.5935280E-0003   0.7177960E-0015   0.1946542E-0002  -0.8145404E+0001
    15.05200   0.1788347E+0001  -0.6895526E-0016   0.3641078E+0001  -0.5935280E-0003   0.7174437E-0015   0.1870824E-0002  -0.8145345E+0001
    15.05600   0.1788347E+0001  -0.6895526E-0016   0.3641324E+0001  -0.5935280E-0003   0.7169287E-0015   0.1794356E-0002  -0.8145286E+0001
    15.06000   0.1788347E+0001  -0.6895526E-0016   0.3641570E+0001  -0.5935280E-0003   0.7166170E-0015   0.1716817E-0002  -0.8145228E+0001
    15.06400   0.1788347E+0001   0.4076600E-0016   0.3641816E+0001  -0.5935280E-0003   0.7161562E-0015   0.1637933E-0002  -0.8145169E+0001
    15.06800   0.1788347E+0001  -0.6938894E-0016   0.3642063E+0001  -0.5935280E-0003   0.7157733E-0015   0.1557487E-0002  -0.8145111E+0001
    15.07200   0.1788347E+0001  -0.1244664E-0015   0.3642309E+0001  -0.5935280E-0003   0.7153803E-0015   0.1475321E-0002  -0.8145054E+0001
    15.07600   0.1788347E+0001  -0.1431147E-0016   0.3642556E+0001  -0.5935280E-0003   0.7149195E-0015   0.1391344E-0002  -0.8144997E+0001
    15.08000   0.1788347E+0001  -0.6938894E-0016   0.3642803E+0001  -0.5935280E-0003   0.7145841E-0015   0.1305525E-0002  -0.8144941E+0001
    15.08400   0.1788347E+0001  -0.6938894E-0016   0.3643049E+0001  -0.5935280E-0003   0.7141775E-0015   0.1217902E-0002  -0.8144886E+0001
    15.08800   0.1788347E+0001  -0.1474515E-0016   0.3643294E+0001  -0.5935280E-0003   0.7137032E-0015   0.1128570E-0002  -0.8144832E+0001
    15.09200   0.1788347E+0001  -0.1474515E-0016   0.3643539E+0001  -0.5935280E-0003   0.7133237E-0015   0.1037684E-0002  -0.8144779E+0001
    15.09600   0.1788347E+0001  -0.1474515E-0016   0.3643782E+0001  -0.5935280E-0003   0.7129171E-0015   0.9454494E-0003  -0.8144728E+0001
    15.10000   0.1788347E+0001  -0.6982262E-0016   0.3644025E+0001  -0.5935280E-0003   0.7125106E-0015   0.8521133E-0003  -0.8144677E+0001
    15.10400   0.1788347E+0001  -0.1249001E-0015   0.3644267E+0001  -0.5935280E-0003   0.7121040E-0015   0.7579590E-0003  -0.8144629E+0001
    15.10800   0.1788347E+0001  -0.1795439E-0015   0.3644507E+0001  -0.5935280E-0003   0.7117245E-0015   0.6632947E-0003  -0.8144581E+0001
    15.11200   0.1788347E+0001  -0.6982262E-0016   0.3644747E+0001  -0.5935280E-0003   0.7113179E-0015   0.5684446E-0003  -0.8144535E+0001
    15.11600   0.1788347E+0001  -0.1474515E-0016   0.3644985E+0001  -0.5935280E-0003   0.7109114E-0015   0.4737387E-0003  -0.8144491E+0001
    15.12000   0.1788347E+0001  -0.1244664E-0015   0.3645222E+0001  -0.5935280E-0003   0.7105319E-0015   0.3795033E-0003  -0.8144448E+0001
    15.12400   0.1788347E+0001  -0.6938894E-0016   0.3645459E+0001  -0.5935280E-0003   0.7101524E-0015   0.2860521E-0003  -0.8144406E+0001
    15.12800   0.1788347E+0001  -0.6938894E-0016   0.3645694E+0001  -0.5935280E-0003   0.7097187E-0015   0.1936781E-0003  -0.8144366E+0001
    15.13200   0.1788347E+0001  -0.1431147E-0016   0.3645928E+0001  -0.5935280E-0003   0.7093393E-0015   0.1026466E-0003  -0.8144328E+0001
    15.13600   0.1788347E+0001  -0.1240327E-0015   0.3646161E+0001  -0.5935280E-0003   0.7089598E-0015   0.1318946E-0004  -0.8144291E+0001
    15.14000   0.1788347E+0001  -0.6895526E-0016   0.3646393E+0001  -0.5935280E-0003   0.7085803E-0015  -0.7449904E-0004  -0.8144255E+0001
    15.14400   0.1788347E+0001  -0.6895526E-0016   0.3646625E+0001  -0.5935280E-0003   0.7082009E-0015  -0.1602648E-0003  -0.8144221E+0001
    15.14800   0.1788347E+0001  -0.6895526E-0016   0.3646856E+0001  -0.5935280E-0003   0.7077672E-0015  -0.2439951E-0003  -0.8144188E+0001
    15.15200   0.1788347E+0001  -0.1240327E-0015   0.3647087E+0001  -0.5935280E-0003   0.7074419E-0015  -0.3256181E-0003  -0.8144155E+0001
    15.15600   0.1788347E+0001  -0.1431147E-0016   0.3647317E+0001  -0.5935280E-0003   0.7070624E-0015  -0.4051006E-0003  -0.8144124E+0001
    15.16000   0.1788347E+0001  -0.1431147E-0016   0.3647548E+0001  -0.5935280E-0003   0.7066830E-0015  -0.4824454E-0003  -0.8144094E+0001
    15.16400   0.1788347E+0001   0.4076600E-0016   0.3647779E+0001  -0.5935280E-0003   0.7062493E-0015  -0.5576861E-0003  -0.8144064E+0001
    15.16800   0.1788347E+0001  -0.6938894E-0016   0.3648010E+0001  -0.5935280E-0003   0.7059240E-0015  -0.6308824E-0003  -0.8144035E+0001
    15.17200   0.1788347E+0001  -0.6938894E-0016   0.3648241E+0001  -0.5935280E-0003   0.7054904E-0015  -0.7021138E-0003  -0.8144006E+0001
    15.17600   0.1788347E+0001  -0.1244664E-0015   0.3648473E+0001  -0.5935280E-0003   0.7051651E-0015  -0.7714733E-0003  -0.8143978E+0001
    15.18000   0.1788347E+0001  -0.6938894E-0016   0.3648706E+0001  -0.5935280E-0003   0.7047314E-0015  -0.8390603E-0003  -0.8143950E+0001
    15.18400   0.1788347E+0001  -0.6938894E-0016   0.3648940E+0001  -0.5935280E-0003   0.7044062E-0015  -0.9049749E-0003  -0.8143922E+0001
    15.18800   0.1788347E+0001  -0.6938894E-0016   0.3649175E+0001  -0.5935280E-0003   0.7039183E-0015  -0.9693113E-0003  -0.8143894E+0001
    15.19200   0.1788347E+0001  -0.1431147E-0016   0.3649412E+0001  -0.5935280E-0003   0.7035930E-0015  -0.1032152E-0002  -0.8143866E+0001
    15.19600   0.1788347E+0001  -0.1431147E-0016   0.3649649E+0001  -0.5935280E-0003   0.7032135E-0015  -0.1093565E-0002  -0.8143838E+0001
    15.20000   0.1788347E+0001  -0.1240327E-0015   0.3649888E+0001  -0.5935280E-0003   0.7028341E-0015  -0.1153596E-0002  -0.8143810E+0001
    15.20400   0.1788347E+0001  -0.6895526E-0016   0.3650129E+0001  -0.5935280E-0003   0.7024004E-0015  -0.1212270E-0002  -0.8143781E+0001
    15.20800   0.1788347E+0001  -0.1240327E-0015   0.3650372E+0001  -0.5935280E-0003   0.7020209E-0015  -0.1269588E-0002  -0.8143752E+0001
    15.21200   0.1788347E+0001  -0.1240327E-0015   0.3650617E+0001  -0.5935280E-0003   0.7015872E-0015  -0.1325527E-0002  -0.8143723E+0001
    15.21600   0.1788347E+0001  -0.6895526E-0016   0.3650863E+0001  -0.5935280E-0003   0.7012078E-0015  -0.1380039E-0002  -0.8143694E+0001
    15.22000   0.1788347E+0001   0.4076600E-0016   0.3651112E+0001  -0.5935280E-0003   0.7007741E-0015  -0.1433057E-0002  -0.8143664E+0001
    15.22400   0.1788347E+0001  -0.6895526E-0016   0.3651362E+0001  -0.5935280E-0003   0.7003946E-0015  -0.1484495E-0002  -0.8143634E+0001
    15.22800   0.1788347E+0001  -0.6895526E-0016   0.3651615E+0001  -0.5935280E-0003   0.6999609E-0015  -0.1534251E-0002  -0.8143604E+0001
    15.23200   0.1788347E+0001  -0.6895526E-0016   0.3651870E+0001  -0.5935280E-0003   0.6995272E-0015  -0.1582216E-0002  -0.8143573E+0001
    15.23600   0.1788347E+0001  -0.1387779E-0016   0.3652127E+0001  -0.5935280E-0003   0.6991478E-0015  -0.1628276E-0002  -0.8143542E+0001
    15.24000   0.1788347E+0001  -0.1240327E-0015   0.3652386E+0001  -0.5935280E-0003   0.6987141E-0015  -0.1672316E-0002  -0.8143512E+0001
    15.24400   0.1788347E+0001  -0.6895526E-0016   0.3652648E+0001  -0.5935280E-0003   0.6982804E-0015  -0.1714230E-0002  -0.8143481E+0001
    15.24800   0.1788347E+0001  -0.6895526E-0016   0.3652911E+0001  -0.5935280E-0003   0.6977925E-0015  -0.1753923E-0002  -0.8143450E+0001
    15.25200   0.1788347E+0001  -0.1235990E-0015   0.3653177E+0001  -0.5935280E-0003   0.6973588E-0015  -0.1791318E-0002  -0.8143419E+0001
    15.25600   0.1788347E+0001  -0.6852158E-0016   0.3653445E+0001  -0.5935280E-0003   0.6969794E-0015  -0.1826361E-0002  -0.8143388E+0001
    15.26000   0.1788347E+0001  -0.6852158E-0016   0.3653715E+0001  -0.5935280E-0003   0.6965457E-0015  -0.1859026E-0002  -0.8143357E+0001
    15.26400   0.1788347E+0001  -0.6852158E-0016   0.3653987E+0001  -0.5935280E-0003   0.6961120E-0015  -0.1889314E-0002  -0.8143327E+0001
    15.26800   0.1788347E+0001  -0.6852158E-0016   0.3654260E+0001  -0.5935280E-0003   0.6956241E-0015  -0.1917263E-0002  -0.8143297E+0001
    15.27200   0.1788347E+0001  -0.6852158E-0016   0.3654536E+0001  -0.5935280E-0003   0.6951904E-0015  -0.1942943E-0002  -0.8143268E+0001
    15.27600   0.1788347E+0001  -0.1344411E-0016   0.3654813E+0001  -0.5935280E-0003   0.6947025E-0015  -0.1966461E-0002  -0.8143239E+0001
    15.28000   0.1788347E+0001  -0.6852158E-0016   0.3655091E+0001  -0.5935280E-0003   0.6942147E-0015  -0.1987960E-0002  -0.8143211E+0001
    15.28400   0.1788347E+0001  -0.1344411E-0016   0.3655370E+0001  -0.5935280E-0003   0.6937810E-0015  -0.2007618E-0002  -0.8143184E+0001
    15.28800   0.1788347E+0001  -0.1344411E-0016   0.3655651E+0001  -0.5935280E-0003   0.6932931E-0015  -0.2025643E-0002  -0.8143158E+0001
    15.29200   0.1788347E+0001  -0.1344411E-0016   0.3655933E+0001  -0.5935280E-0003   0.6928594E-0015  -0.2042276E-0002  -0.8143132E+0001
    15.29600   0.1788347E+0001  -0.1344411E-0016   0.3656215E+0001  -0.5935280E-0003   0.6923986E-0015  -0.2057779E-0002  -0.8143108E+0001
    15.30000   0.1788347E+0001  -0.6852158E-0016   0.3656498E+0001  -0.5935280E-0003   0.6919107E-0015  -0.2072440E-0002  -0.8143085E+0001
    15.30400   0.1788347E+0001  -0.6852158E-0016   0.3656781E+0001  -0.5935280E-0003   0.6913957E-0015  -0.2086560E-0002  -0.8143064E+0001
    15.30800   0.1788347E+0001  -0.1344411E-0016   0.3657065E+0001  -0.5935280E-0003   0.6909620E-0015  -0.2100452E-0002  -0.8143044E+0001
    15.31200   0.1788347E+0001  -0.6852158E-0016   0.3657348E+0001  -0.5935280E-0003   0.6905013E-0015  -0.2114433E-0002  -0.8143026E+0001
    15.31600   0.1788347E+0001  -0.6852158E-0016   0.3657632E+0001  -0.5935280E-0003   0.6900405E-0015  -0.2128820E-0002  -0.8143009E+0001
    15.32000   0.1788347E+0001  -0.1235990E-0015   0.3657915E+0001  -0.5935280E-0003   0.6895526E-0015  -0.2143920E-0002  -0.8142995E+0001
    15.32400   0.1788347E+0001  -0.1235990E-0015   0.3658197E+0001  -0.5935280E-0003   0.6891596E-0015  -0.2160029E-0002  -0.8142982E+0001
    15.32800   0.1788347E+0001  -0.6852158E-0016   0.3658479E+0001  -0.5935280E-0003   0.6886852E-0015  -0.2177421E-0002  -0.8142972E+0001
    15.33200   0.1788347E+0001  -0.1387779E-0016   0.3658760E+0001  -0.5935280E-0003   0.6881431E-0015  -0.2196346E-0002  -0.8142963E+0001
    15.33600   0.1788347E+0001  -0.1235990E-0015   0.3659040E+0001  -0.5935280E-0003   0.6876959E-0015  -0.2217025E-0002  -0.8142958E+0001
    15.34000   0.1788347E+0001  -0.1344411E-0016   0.3659319E+0001  -0.5935280E-0003   0.6872487E-0015  -0.2239641E-0002  -0.8142955E+0001
    15.34400   0.1788347E+0001  -0.6808790E-0016   0.3659597E+0001  -0.5935280E-0003   0.6868082E-0015  -0.2264340E-0002  -0.8142954E+0001
    15.34800   0.1788347E+0001  -0.1344411E-0016   0.3659874E+0001  -0.5935280E-0003   0.6863339E-0015  -0.2291226E-0002  -0.8142956E+0001
    15.35200   0.1788347E+0001  -0.6852158E-0016   0.3660149E+0001  -0.5935280E-0003   0.6858900E-0015  -0.2320358E-0002  -0.8142962E+0001
    15.35600   0.1788347E+0001  -0.1344411E-0016   0.3660422E+0001  -0.5935280E-0003   0.6853886E-0015  -0.2351746E-0002  -0.8142970E+0001
    15.36000   0.1788347E+0001  -0.6852158E-0016   0.3660694E+0001  -0.5935280E-0003   0.6849413E-0015  -0.2385355E-0002  -0.8142981E+0001
    15.36400   0.1788347E+0001  -0.6852158E-0016   0.3660965E+0001  -0.5935280E-0003   0.6845991E-0015  -0.2421104E-0002  -0.8142995E+0001
    15.36800   0.1788347E+0001  -0.1235990E-0015   0.3661233E+0001  -0.5935280E-0003   0.6840977E-0015  -0.2458861E-0002  -0.8143013E+0001
    15.37200   0.1788347E+0001  -0.1235990E-0015   0.3661500E+0001  -0.5935280E-0003   0.6836776E-0015  -0.2498455E-0002  -0.8143033E+0001
    15.37600   0.1788347E+0001  -0.1235990E-0015   0.3661766E+0001  -0.5935280E-0003   0.6832845E-0015  -0.2539669E-0002  -0.8143057E+0001
    15.38000   0.1788347E+0001  -0.1235990E-0015   0.3662030E+0001  -0.5935280E-0003   0.6827018E-0015  -0.2582249E-0002  -0.8143085E+0001
    15.38400   0.1788347E+0001  -0.6852158E-0016   0.3662292E+0001  -0.5935280E-0003   0.6823359E-0015  -0.2625907E-0002  -0.8143115E+0001
    15.38800   0.1788347E+0001  -0.6852158E-0016   0.3662552E+0001  -0.5935280E-0003   0.6818954E-0015  -0.2670326E-0002  -0.8143149E+0001
    15.39200   0.1788347E+0001  -0.1235990E-0015   0.3662812E+0001  -0.5935280E-0003   0.6814211E-0015  -0.2715165E-0002  -0.8143186E+0001
    15.39600   0.1788347E+0001  -0.1235990E-0015   0.3663069E+0001  -0.5935280E-0003   0.6811365E-0015  -0.2760065E-0002  -0.8143226E+0001
    15.40000   0.1788347E+0001   0.4163336E-0016   0.3663325E+0001  -0.5935280E-0003   0.6806079E-0015  -0.2804657E-0002  -0.8143269E+0001
    15.40400   0.1788347E+0001  -0.6852158E-0016   0.3663580E+0001  -0.5935280E-0003   0.6802149E-0015  -0.2848566E-0002  -0.8143315E+0001
    15.40800   0.1788347E+0001  -0.1344411E-0016   0.3663834E+0001  -0.5935280E-0003   0.6797948E-0015  -0.2891418E-0002  -0.8143363E+0001
    15.41200   0.1788347E+0001  -0.1231654E-0015   0.3664087E+0001  -0.5935280E-0003   0.6792662E-0015  -0.2932850E-0002  -0.8143415E+0001
    15.41600   0.1788347E+0001  -0.1231654E-0015   0.3664338E+0001  -0.5935280E-0003   0.6790087E-0015  -0.2972514E-0002  -0.8143469E+0001
    15.42000   0.1788347E+0001  -0.1231654E-0015   0.3664588E+0001  -0.5935280E-0003   0.6784260E-0015  -0.3010081E-0002  -0.8143525E+0001
    15.42400   0.1788347E+0001  -0.1301043E-0016   0.3664838E+0001  -0.5935280E-0003   0.6780600E-0015  -0.3045253E-0002  -0.8143583E+0001
    15.42800   0.1788347E+0001  -0.6808790E-0016   0.3665086E+0001  -0.5935280E-0003   0.6776670E-0015  -0.3077762E-0002  -0.8143643E+0001
    15.43200   0.1788347E+0001  -0.6808790E-0016   0.3665333E+0001  -0.5935280E-0003   0.6772740E-0015  -0.3107379E-0002  -0.8143705E+0001
    15.43600   0.1788347E+0001  -0.1231654E-0015   0.3665580E+0001  -0.5935280E-0003   0.6769081E-0015  -0.3133918E-0002  -0.8143768E+0001
    15.44000   0.1788347E+0001  -0.6852158E-0016   0.3665825E+0001  -0.5935280E-0003   0.6763592E-0015  -0.3157236E-0002  -0.8143833E+0001
    15.44400   0.1788347E+0001  -0.6852158E-0016   0.3666069E+0001  -0.5935280E-0003   0.6759933E-0015  -0.3177239E-0002  -0.8143898E+0001
    15.44800   0.1788347E+0001  -0.1235990E-0015   0.3666313E+0001  -0.5935280E-0003   0.6755731E-0015  -0.3193883E-0002  -0.8143964E+0001
    15.45200   0.1788347E+0001  -0.1235990E-0015   0.3666555E+0001  -0.5935280E-0003   0.6752614E-0015  -0.3207174E-0002  -0.8144031E+0001
    15.45600   0.1788347E+0001  -0.1235990E-0015   0.3666796E+0001  -0.5935280E-0003   0.6748972E-0015  -0.3217171E-0002  -0.8144098E+0001
    15.46000   0.1788347E+0001  -0.1235990E-0015   0.3667036E+0001  -0.5935280E-0003   0.6744822E-0015  -0.3223980E-0002  -0.8144164E+0001
    15.46400   0.1788347E+0001  -0.6852158E-0016   0.3667275E+0001  -0.5935280E-0003   0.6740078E-0015  -0.3227759E-0002  -0.8144230E+0001
    15.46800   0.1788347E+0001  -0.1387779E-0016   0.3667513E+0001  -0.5935280E-0003   0.6735606E-0015  -0.3228711E-0002  -0.8144296E+0001
    15.47200   0.1788347E+0001  -0.6895526E-0016   0.3667749E+0001  -0.5935280E-0003   0.6732895E-0015  -0.3227086E-0002  -0.8144361E+0001
    15.47600   0.1788347E+0001  -0.1235990E-0015   0.3667984E+0001  -0.5935280E-0003   0.6729236E-0015  -0.3223172E-0002  -0.8144424E+0001
    15.48000   0.1788347E+0001  -0.6852158E-0016   0.3668217E+0001  -0.5935280E-0003   0.6724493E-0015  -0.3217298E-0002  -0.8144487E+0001
    15.48400   0.1788347E+0001  -0.6852158E-0016   0.3668450E+0001  -0.5935280E-0003   0.6720292E-0015  -0.3209825E-0002  -0.8144547E+0001
    15.48800   0.1788347E+0001  -0.6852158E-0016   0.3668681E+0001  -0.5935280E-0003   0.6716090E-0015  -0.3201144E-0002  -0.8144606E+0001
    15.49200   0.1788347E+0001  -0.6852158E-0016   0.3668910E+0001  -0.5935280E-0003   0.6712838E-0015  -0.3191670E-0002  -0.8144663E+0001
    15.49600   0.1788347E+0001  -0.1231654E-0015   0.3669138E+0001  -0.5935280E-0003   0.6709856E-0015  -0.3181842E-0002  -0.8144718E+0001
    15.50000   0.1788347E+0001  -0.1344411E-0016   0.3669365E+0001  -0.5935280E-0003   0.6705248E-0015  -0.3172111E-0002  -0.8144770E+0001
    15.50400   0.1788347E+0001  -0.1786765E-0015   0.3669591E+0001  -0.5935280E-0003   0.6701454E-0015  -0.3162942E-0002  -0.8144819E+0001
    15.50800   0.1788347E+0001  -0.1344411E-0016   0.3669816E+0001  -0.5935280E-0003   0.6697117E-0015  -0.3154805E-0002  -0.8144866E+0001
    15.51200   0.1788347E+0001  -0.6808790E-0016   0.3670039E+0001  -0.5935280E-0003   0.6693864E-0015  -0.3148174E-0002  -0.8144909E+0001
    15.51600   0.1788347E+0001  -0.1301043E-0016   0.3670262E+0001  -0.5935280E-0003   0.6691696E-0015  -0.3143519E-0002  -0.8144950E+0001
    15.52000   0.1788347E+0001  -0.1301043E-0016   0.3670484E+0001  -0.5935280E-0003   0.6686817E-0015  -0.3141305E-0002  -0.8144987E+0001
    15.52400   0.1788347E+0001  -0.1782428E-0015   0.3670706E+0001  -0.5935280E-0003   0.6683564E-0015  -0.3141989E-0002  -0.8145020E+0001
    15.52800   0.1788347E+0001  -0.6808790E-0016   0.3670927E+0001  -0.5935280E-0003   0.6680312E-0015  -0.3146011E-0002  -0.8145050E+0001
    15.53200   0.1788347E+0001  -0.6808790E-0016   0.3671149E+0001  -0.5935280E-0003   0.6675975E-0015  -0.3153798E-0002  -0.8145077E+0001
    15.53600   0.1788347E+0001  -0.1231654E-0015   0.3671370E+0001  -0.5935280E-0003   0.6672180E-0015  -0.3165754E-0002  -0.8145099E+0001
    15.54000   0.1788347E+0001  -0.1231654E-0015   0.3671591E+0001  -0.5935280E-0003   0.6668928E-0015  -0.3182264E-0002  -0.8145118E+0001
    15.54400   0.1788347E+0001  -0.1231654E-0015   0.3671813E+0001  -0.5935280E-0003   0.6665133E-0015  -0.3203686E-0002  -0.8145134E+0001
    15.54800   0.1788347E+0001  -0.1231654E-0015   0.3672036E+0001  -0.5935280E-0003   0.6661338E-0015  -0.3230354E-0002  -0.8145145E+0001
    15.55200   0.1788347E+0001  -0.1231654E-0015   0.3672260E+0001  -0.5935280E-0003   0.6657543E-0015  -0.3262572E-0002  -0.8145152E+0001
    15.55600   0.1788347E+0001  -0.6808790E-0016   0.3672484E+0001  -0.5935280E-0003   0.6654291E-0015  -0.3300614E-0002  -0.8145156E+0001
    15.56000   0.1788347E+0001  -0.1229485E-0015   0.3672710E+0001  -0.5935280E-0003   0.6650496E-0015  -0.3344727E-0002  -0.8145156E+0001
    15.56400   0.1788347E+0001  -0.6787106E-0016   0.3672938E+0001  -0.5935280E-0003   0.6647244E-0015  -0.3395125E-0002  -0.8145152E+0001
    15.56800   0.1788347E+0001  -0.1229485E-0015   0.3673167E+0001  -0.5935280E-0003   0.6642907E-0015  -0.3451990E-0002  -0.8145144E+0001
    15.57200   0.1788347E+0001  -0.1229485E-0015   0.3673398E+0001  -0.5935280E-0003   0.6638028E-0015  -0.3515474E-0002  -0.8145133E+0001
    15.57600   0.1788347E+0001  -0.6787106E-0016   0.3673631E+0001  -0.5935280E-0003   0.6634233E-0015  -0.3585697E-0002  -0.8145118E+0001
    15.58000   0.1788347E+0001  -0.1279359E-0016   0.3673866E+0001  -0.5935280E-0003   0.6629896E-0015  -0.3662752E-0002  -0.8145099E+0001
    15.58400   0.1788347E+0001  -0.6765422E-0016   0.3674103E+0001  -0.5935280E-0003   0.6627186E-0015  -0.3746697E-0002  -0.8145077E+0001
    15.58800   0.1788347E+0001  -0.1227317E-0015   0.3674342E+0001  -0.5935280E-0003   0.6623933E-0015  -0.3837567E-0002  -0.8145052E+0001
    15.59200   0.1788347E+0001  -0.1227317E-0015   0.3674584E+0001  -0.5935280E-0003   0.6620681E-0015  -0.3935366E-0002  -0.8145023E+0001
    15.59600   0.1788347E+0001  -0.6765422E-0016   0.3674827E+0001  -0.5935280E-0003   0.6615260E-0015  -0.4040075E-0002  -0.8144992E+0001
    15.60000   0.1788347E+0001  -0.6765422E-0016   0.3675073E+0001  -0.5935280E-0003   0.6612007E-0015  -0.4151650E-0002  -0.8144957E+0001
    15.60400   0.1788347E+0001  -0.6765422E-0016   0.3675322E+0001  -0.5935280E-0003   0.6607128E-0015  -0.4270027E-0002  -0.8144920E+0001
    15.60800   0.1788347E+0001  -0.6765422E-0016   0.3675572E+0001  -0.5935280E-0003   0.6602249E-0015  -0.4395122E-0002  -0.8144880E+0001
    15.61200   0.1788347E+0001  -0.6765422E-0016   0.3675825E+0001  -0.5935280E-0003   0.6598997E-0015  -0.4526833E-0002  -0.8144838E+0001
    15.61600   0.1788347E+0001  -0.6765422E-0016   0.3676080E+0001  -0.5935280E-0003   0.6595202E-0015  -0.4665044E-0002  -0.8144793E+0001
    15.62000   0.1788347E+0001  -0.6765422E-0016   0.3676336E+0001  -0.5935280E-0003   0.6591949E-0015  -0.4809628E-0002  -0.8144747E+0001
    15.62400   0.1788347E+0001  -0.1279359E-0016   0.3676595E+0001  -0.5935280E-0003   0.6587070E-0015  -0.4960449E-0002  -0.8144698E+0001
    15.62800   0.1788347E+0001  -0.6787106E-0016   0.3676855E+0001  -0.5935280E-0003   0.6583818E-0015  -0.5117361E-0002  -0.8144648E+0001
    15.63200   0.1788347E+0001  -0.1301043E-0016   0.3677116E+0001  -0.5935280E-0003   0.6576770E-0015  -0.5280218E-0002  -0.8144596E+0001
    15.63600   0.1788347E+0001  -0.6808790E-0016   0.3677379E+0001  -0.5935280E-0003   0.6574060E-0015  -0.5448869E-0002  -0.8144542E+0001
    15.64000   0.1788347E+0001  -0.6808790E-0016   0.3677643E+0001  -0.5935280E-0003   0.6569723E-0015  -0.5623164E-0002  -0.8144487E+0001
    15.64400   0.1788347E+0001   0.4185020E-0016   0.3677908E+0001  -0.5935280E-0003   0.6565928E-0015  -0.5802958E-0002  -0.8144431E+0001
    15.64800   0.1788347E+0001   0.4185020E-0016   0.3678174E+0001  -0.5935280E-0003   0.6561049E-0015  -0.5988107E-0002  -0.8144374E+0001
    15.65200   0.1788347E+0001  -0.6808790E-0016   0.3678440E+0001  -0.5935280E-0003   0.6553731E-0015  -0.6178472E-0002  -0.8144316E+0001
    15.65600   0.1788347E+0001  -0.1231654E-0015   0.3678707E+0001  -0.5935280E-0003   0.6551834E-0015  -0.6373924E-0002  -0.8144258E+0001
    15.66000   0.1788347E+0001  -0.6830474E-0016   0.3678973E+0001  -0.5935280E-0003   0.6546684E-0015  -0.6574337E-0002  -0.8144198E+0001
    15.66400   0.1788347E+0001  -0.1322727E-0016   0.3679240E+0001  -0.5935280E-0003   0.6542076E-0015  -0.6779593E-0002  -0.8144138E+0001
    15.66800   0.1788347E+0001   0.4185020E-0016   0.3679506E+0001  -0.5935280E-0003   0.6537468E-0015  -0.6989580E-0002  -0.8144078E+0001
    15.67200   0.1788347E+0001  -0.1301043E-0016   0.3679772E+0001  -0.5935280E-0003   0.6533944E-0015  -0.7204190E-0002  -0.8144017E+0001
    15.67600   0.1788347E+0001  -0.1301043E-0016   0.3680038E+0001  -0.5935280E-0003   0.6529337E-0015  -0.7423318E-0002  -0.8143956E+0001
    15.68000   0.1788347E+0001  -0.1301043E-0016   0.3680302E+0001  -0.5935280E-0003   0.6524458E-0015  -0.7646861E-0002  -0.8143895E+0001
    15.68400   0.1788347E+0001  -0.6787106E-0016   0.3680566E+0001  -0.5935280E-0003   0.6520663E-0015  -0.7874709E-0002  -0.8143833E+0001
    15.68800   0.1788347E+0001  -0.6787106E-0016   0.3680829E+0001  -0.5935280E-0003   0.6517004E-0015  -0.8106750E-0002  -0.8143771E+0001
    15.69200   0.1788347E+0001  -0.6787106E-0016   0.3681090E+0001  -0.5935280E-0003   0.6512260E-0015  -0.8342860E-0002  -0.8143708E+0001
    15.69600   0.1788347E+0001  -0.1279359E-0016   0.3681349E+0001  -0.5935280E-0003   0.6508601E-0015  -0.8582901E-0002  -0.8143646E+0001
    15.70000   0.1788347E+0001  -0.6765422E-0016   0.3681608E+0001  -0.5935280E-0003   0.6502774E-0015  -0.8826713E-0002  -0.8143583E+0001
    15.70400   0.1788347E+0001  -0.6765422E-0016   0.3681864E+0001  -0.5935280E-0003   0.6498030E-0015  -0.9074116E-0002  -0.8143520E+0001
    15.70800   0.1788347E+0001  -0.1257675E-0016   0.3682118E+0001  -0.5935280E-0003   0.6494371E-0015  -0.9324895E-0002  -0.8143456E+0001
    15.71200   0.1788347E+0001  -0.1257675E-0016   0.3682370E+0001  -0.5935280E-0003   0.6490712E-0015  -0.9578805E-0002  -0.8143392E+0001
    15.71600   0.1788347E+0001  -0.1225148E-0015   0.3682620E+0001  -0.5935280E-0003   0.6488137E-0015  -0.9835558E-0002  -0.8143327E+0001
    15.72000   0.1788347E+0001  -0.6765422E-0016   0.3682868E+0001  -0.5935280E-0003   0.6483410E-0015  -0.1009482E-0001  -0.8143262E+0001
    15.72400   0.1788347E+0001  -0.6765422E-0016   0.3683112E+0001  -0.5935280E-0003   0.6475448E-0015  -0.1035622E-0001  -0.8143196E+0001
    15.72800   0.1788347E+0001  -0.1279359E-0016   0.3683354E+0001  -0.5935280E-0003   0.6473974E-0015  -0.1061931E-0001  -0.8143130E+0001
    15.73200   0.1788347E+0001  -0.6765422E-0016   0.3683593E+0001  -0.5935280E-0003   0.6471399E-0015  -0.1088361E-0001  -0.8143063E+0001
    15.73600   0.1788347E+0001  -0.1279359E-0016   0.3683828E+0001  -0.5935280E-0003   0.6466656E-0015  -0.1114857E-0001  -0.8142995E+0001
    15.74000   0.1788347E+0001  -0.6765422E-0016   0.3684059E+0001  -0.5935280E-0003   0.6465165E-0015  -0.1141356E-0001  -0.8142926E+0001
    15.74400   0.1788347E+0001  -0.6765422E-0016   0.3684287E+0001  -0.5935280E-0003   0.6457237E-0015  -0.1167794E-0001  -0.8142856E+0001
    15.74800   0.1788347E+0001  -0.6765422E-0016   0.3684511E+0001  -0.5935280E-0003   0.6455746E-0015  -0.1194094E-0001  -0.8142785E+0001
    15.75200   0.1788347E+0001  -0.1257675E-0016   0.3684730E+0001  -0.5935280E-0003   0.6447750E-0015  -0.1220178E-0001  -0.8142714E+0001
    15.75600   0.1788347E+0001   0.4228388E-0016   0.3684945E+0001  -0.5935280E-0003   0.6447344E-0015  -0.1245959E-0001  -0.8142641E+0001
    15.76000   0.1788347E+0001  -0.1227317E-0015   0.3685154E+0001  -0.5935280E-0003   0.6442600E-0015  -0.1271347E-0001  -0.8142568E+0001
    15.76400   0.1788347E+0001  -0.6787106E-0016   0.3685358E+0001  -0.5935280E-0003   0.6438806E-0015  -0.1296243E-0001  -0.8142494E+0001
    15.76800   0.1788347E+0001  -0.6787106E-0016   0.3685557E+0001  -0.5935280E-0003   0.6437179E-0015  -0.1320547E-0001  -0.8142419E+0001
    15.77200   0.1788347E+0001  -0.1279359E-0016   0.3685749E+0001  -0.5935280E-0003   0.6433385E-0015  -0.1344152E-0001  -0.8142343E+0001
    15.77600   0.1788347E+0001  -0.1279359E-0016   0.3685935E+0001  -0.5935280E-0003   0.6435011E-0015  -0.1366948E-0001  -0.8142266E+0001
    15.78000   0.1788347E+0001  -0.1279359E-0016   0.3686115E+0001  -0.5935280E-0003   0.6424982E-0015  -0.1388822E-0001  -0.8142189E+0001
    15.78400   0.1788347E+0001  -0.1227317E-0015   0.3686287E+0001  -0.5935280E-0003   0.6419290E-0015  -0.1409662E-0001  -0.8142112E+0001
    15.78800   0.1788347E+0001  -0.6765422E-0016   0.3686452E+0001  -0.5935280E-0003   0.6417664E-0015  -0.1429349E-0001  -0.8142035E+0001
    15.79200   0.1788347E+0001  -0.1227317E-0015   0.3686610E+0001  -0.5935280E-0003   0.6418206E-0015  -0.1447769E-0001  -0.8141957E+0001
    15.79600   0.1788347E+0001  -0.6787106E-0016   0.3686759E+0001  -0.5935280E-0003   0.6416851E-0015  -0.1464807E-0001  -0.8141880E+0001
    15.80000   0.1788347E+0001  -0.1301043E-0016   0.3686901E+0001  -0.5935280E-0003   0.6413056E-0015  -0.1480348E-0001  -0.8141803E+0001
    15.80400   0.1788347E+0001  -0.1229485E-0015   0.3687034E+0001  -0.5935280E-0003   0.6411430E-0015  -0.1494284E-0001  -0.8141727E+0001
    15.80800   0.1788347E+0001   0.4206704E-0016   0.3687158E+0001  -0.5935280E-0003   0.6411972E-0015  -0.1506506E-0001  -0.8141652E+0001
    15.81200   0.1788347E+0001  -0.6787106E-0016   0.3687273E+0001  -0.5935280E-0003   0.6403840E-0015  -0.1516913E-0001  -0.8141578E+0001
    15.81600   0.1788347E+0001  -0.1227317E-0015   0.3687380E+0001  -0.5935280E-0003   0.6406551E-0015  -0.1525410E-0001  -0.8141505E+0001
    15.82000   0.1788347E+0001  -0.6765422E-0016   0.3687477E+0001  -0.5935280E-0003   0.6407093E-0015  -0.1531907E-0001  -0.8141435E+0001
    15.82400   0.1788347E+0001  -0.1279359E-0016   0.3687566E+0001  -0.5935280E-0003   0.6403298E-0015  -0.1536323E-0001  -0.8141366E+0001
    15.82800   0.1788347E+0001  -0.1227317E-0015   0.3687645E+0001  -0.5935280E-0003   0.6401672E-0015  -0.1538585E-0001  -0.8141300E+0001
    15.83200   0.1788347E+0001  -0.1227317E-0015   0.3687716E+0001  -0.5935280E-0003   0.6400045E-0015  -0.1538630E-0001  -0.8141237E+0001
    15.83600   0.1788347E+0001  -0.6765422E-0016   0.3687778E+0001  -0.5935280E-0003   0.6400588E-0015  -0.1536405E-0001  -0.8141177E+0001
    15.84000   0.1788347E+0001  -0.6765422E-0016   0.3687831E+0001  -0.5935280E-0003   0.6403298E-0015  -0.1531866E-0001  -0.8141120E+0001
    15.84400   0.1788347E+0001  -0.1227317E-0015   0.3687875E+0001  -0.5935280E-0003   0.6390830E-0015  -0.1524982E-0001  -0.8141066E+0001
    15.84800   0.1788347E+0001  -0.6765422E-0016   0.3687912E+0001  -0.5935280E-0003   0.6400045E-0015  -0.1515734E-0001  -0.8141016E+0001
    15.85200   0.1788347E+0001   0.4250073E-0016   0.3687940E+0001  -0.5935280E-0003   0.6398419E-0015  -0.1504115E-0001  -0.8140971E+0001
    15.85600   0.1788347E+0001  -0.1235990E-0016   0.3687961E+0001  -0.5935280E-0003   0.6396793E-0015  -0.1490127E-0001  -0.8140929E+0001
    15.86000   0.1788347E+0001  -0.6743738E-0016   0.3687975E+0001  -0.5935280E-0003   0.6392998E-0015  -0.1473790E-0001  -0.8140892E+0001
    15.86400   0.1788347E+0001  -0.1257675E-0016   0.3687982E+0001  -0.5935280E-0003   0.6391372E-0015  -0.1455131E-0001  -0.8140859E+0001
    15.86800   0.1788347E+0001  -0.1225148E-0015   0.3687983E+0001  -0.5935280E-0003   0.6394082E-0015  -0.1434192E-0001  -0.8140831E+0001
    15.87200   0.1788347E+0001  -0.6743738E-0016   0.3687978E+0001  -0.5935280E-0003   0.6390288E-0015  -0.1411026E-0001  -0.8140807E+0001
    15.87600   0.1788347E+0001  -0.6743738E-0016   0.3687968E+0001  -0.5935280E-0003   0.6390830E-0015  -0.1385699E-0001  -0.8140788E+0001
    15.88000   0.1788347E+0001  -0.1257675E-0016   0.3687953E+0001  -0.5935280E-0003   0.6387577E-0015  -0.1358286E-0001  -0.8140774E+0001
    15.88400   0.1788347E+0001  -0.6743738E-0016   0.3687934E+0001  -0.5935280E-0003   0.6392456E-0015  -0.1328875E-0001  -0.8140765E+0001
    15.88800   0.1788347E+0001  -0.6743738E-0016   0.3687911E+0001  -0.5935280E-0003   0.6392998E-0015  -0.1297561E-0001  -0.8140761E+0001
    15.89200   0.1788347E+0001  -0.1257675E-0016   0.3687886E+0001  -0.5935280E-0003   0.6392456E-0015  -0.1264451E-0001  -0.8140761E+0001
    15.89600   0.1788347E+0001   0.4250073E-0016   0.3687858E+0001  -0.5935280E-0003   0.6398419E-0015  -0.1229659E-0001  -0.8140765E+0001
    15.90000   0.1788347E+0001  -0.6743738E-0016   0.3687828E+0001  -0.5935280E-0003   0.6394624E-0015  -0.1193306E-0001  -0.8140774E+0001
    15.90400   0.1788347E+0001  -0.6743738E-0016   0.3687797E+0001  -0.5935280E-0003   0.6397335E-0015  -0.1155518E-0001  -0.8140788E+0001
    15.90800   0.1788347E+0001  -0.1235990E-0016   0.3687765E+0001  -0.5935280E-0003   0.6393540E-0015  -0.1116430E-0001  -0.8140805E+0001
    15.91200   0.1788347E+0001  -0.6743738E-0016   0.3687733E+0001  -0.5935280E-0003   0.6398419E-0015  -0.1076177E-0001  -0.8140827E+0001
    15.91600   0.1788347E+0001  -0.1235990E-0016   0.3687702E+0001  -0.5935280E-0003   0.6401130E-0015  -0.1034899E-0001  -0.8140853E+0001
    15.92000   0.1788347E+0001  -0.1235990E-0016   0.3687672E+0001  -0.5935280E-0003   0.6399503E-0015  -0.9927366E-0002  -0.8140882E+0001
    15.92400   0.1788347E+0001  -0.1235990E-0016   0.3687643E+0001  -0.5935280E-0003   0.6398961E-0015  -0.9498319E-0002  -0.8140914E+0001
    15.92800   0.1788347E+0001  -0.1235990E-0016   0.3687616E+0001  -0.5935280E-0003   0.6400588E-0015  -0.9063255E-0002  -0.8140950E+0001
    15.93200   0.1788347E+0001  -0.1235990E-0016   0.3687591E+0001  -0.5935280E-0003   0.6398419E-0015  -0.8623562E-0002  -0.8140990E+0001
    15.93600   0.1788347E+0001  -0.1235990E-0016   0.3687570E+0001  -0.5935280E-0003   0.6396793E-0015  -0.8180599E-0002  -0.8141032E+0001
    15.94000   0.1788347E+0001  -0.6722053E-0016   0.3687552E+0001  -0.5935280E-0003   0.6398961E-0015  -0.7735681E-0002  -0.8141077E+0001
    15.94400   0.1788347E+0001   0.4271757E-0016   0.3687538E+0001  -0.5935280E-0003   0.6402756E-0015  -0.7290074E-0002  -0.8141125E+0001
    15.94800   0.1788347E+0001  -0.6743738E-0016   0.3687529E+0001  -0.5935280E-0003   0.6400045E-0015  -0.6844984E-0002  -0.8141176E+0001
    15.95200   0.1788347E+0001  -0.6743738E-0016   0.3687524E+0001  -0.5935280E-0003   0.6401672E-0015  -0.6401545E-0002  -0.8141229E+0001
    15.95600   0.1788347E+0001  -0.1257675E-0016   0.3687525E+0001  -0.5935280E-0003   0.6401672E-0015  -0.5960816E-0002  -0.8141285E+0001
    15.96000   0.1788347E+0001  -0.1773755E-0015   0.3687531E+0001  -0.5935280E-0003   0.6399503E-0015  -0.5523774E-0002  -0.8141343E+0001
    15.96400   0.1788347E+0001  -0.6743738E-0016   0.3687544E+0001  -0.5935280E-0003   0.6400588E-0015  -0.5091304E-0002  -0.8141404E+0001
    15.96800   0.1788347E+0001   0.4250073E-0016   0.3687562E+0001  -0.5935280E-0003   0.6401672E-0015  -0.4664200E-0002  -0.8141468E+0001
    15.97200   0.1788347E+0001  -0.6743738E-0016   0.3687588E+0001  -0.5935280E-0003   0.6400045E-0015  -0.4243159E-0002  -0.8141533E+0001
    15.97600   0.1788347E+0001  -0.1222980E-0015   0.3687621E+0001  -0.5935280E-0003   0.6399774E-0015  -0.3828776E-0002  -0.8141602E+0001
    15.98000   0.1788347E+0001  -0.6743738E-0016   0.3687661E+0001  -0.5935280E-0003   0.6399232E-0015  -0.3421550E-0002  -0.8141672E+0001
    15.98400   0.1788347E+0001  -0.6743738E-0016   0.3687708E+0001  -0.5935280E-0003   0.6399774E-0015  -0.3021875E-0002  -0.8141746E+0001
    15.98800   0.1788347E+0001  -0.1225148E-0015   0.3687764E+0001  -0.5935280E-0003   0.6399368E-0015  -0.2630046E-0002  -0.8141822E+0001
    15.99200   0.1788347E+0001  -0.1257675E-0016   0.3687828E+0001  -0.5935280E-0003   0.6397470E-0015  -0.2246260E-0002  -0.8141901E+0001
    15.99600   0.1788347E+0001  -0.6743738E-0016   0.3687900E+0001  -0.5935280E-0003   0.6396454E-0015  -0.1870615E-0002  -0.8141982E+0001
    16.00000   0.1788347E+0001  -0.1225148E-0015   0.3687981E+0001  -0.5935280E-0003   0.6396115E-0015  -0.1503115E-0002  -0.8142067E+0001
    16.00400   0.1788347E+0001  -0.1257675E-0016   0.3688070E+0001  -0.5935280E-0003   0.6394048E-0015  -0.1143676E-0002  -0.8142154E+0001
    16.00800   0.1788347E+0001  -0.1225148E-0015   0.3688169E+0001  -0.5935280E-0003   0.6393066E-0015  -0.7921248E-0003  -0.8142244E+0001
    16.01200   0.1788347E+0001  -0.6743738E-0016   0.3688277E+0001  -0.5935280E-0003   0.6391372E-0015  -0.4482084E-0003  -0.8142338E+0001
    16.01600   0.1788347E+0001  -0.6743738E-0016   0.3688393E+0001  -0.5935280E-0003   0.6389881E-0015  -0.1115974E-0003  -0.8142434E+0001
    16.02000   0.1788347E+0001  -0.1225148E-0015   0.3688519E+0001  -0.5935280E-0003   0.6388119E-0015   0.2181079E-0003  -0.8142533E+0001
    16.02400   0.1788347E+0001  -0.6765422E-0016   0.3688654E+0001  -0.5935280E-0003   0.6386222E-0015   0.5413709E-0003  -0.8142636E+0001
    16.02800   0.1788347E+0001  -0.6765422E-0016   0.3688798E+0001  -0.5935280E-0003   0.6383782E-0015   0.8587121E-0003  -0.8142742E+0001
    16.03200   0.1788347E+0001  -0.1257675E-0016   0.3688951E+0001  -0.5935280E-0003   0.6381885E-0015   0.1170702E-0002  -0.8142851E+0001
    16.03600   0.1788347E+0001   0.4250073E-0016   0.3689113E+0001  -0.5935280E-0003   0.6378903E-0015   0.1477953E-0002  -0.8142963E+0001
    16.04000   0.1788347E+0001   0.4250073E-0016   0.3689283E+0001  -0.5935280E-0003   0.6376193E-0015   0.1781111E-0002  -0.8143078E+0001
    16.04400   0.1788347E+0001  -0.1773755E-0015   0.3689462E+0001  -0.5935280E-0003   0.6373482E-0015   0.2080850E-0002  -0.8143196E+0001
    16.04800   0.1788347E+0001  -0.6743738E-0016   0.3689649E+0001  -0.5935280E-0003   0.6370772E-0015   0.2377858E-0002  -0.8143317E+0001
    16.05200   0.1788347E+0001  -0.1246832E-0016   0.3689844E+0001  -0.5935280E-0003   0.6367519E-0015   0.2672832E-0002  -0.8143441E+0001
    16.05600   0.1788347E+0001  -0.1224064E-0015   0.3690047E+0001  -0.5935280E-0003   0.6364809E-0015   0.2966468E-0002  -0.8143569E+0001
    16.06000   0.1788347E+0001  -0.6743738E-0016   0.3690256E+0001  -0.5935280E-0003   0.6362098E-0015   0.3259450E-0002  -0.8143699E+0001
    16.06400   0.1788347E+0001  -0.1224064E-0015   0.3690472E+0001  -0.5935280E-0003   0.6357762E-0015   0.3552442E-0002  -0.8143832E+0001
    16.06800   0.1788347E+0001  -0.6743738E-0016   0.3690694E+0001  -0.5935280E-0003   0.6353425E-0015   0.3846078E-0002  -0.8143968E+0001
    16.07200   0.1788347E+0001  -0.6743738E-0016   0.3690921E+0001  -0.5935280E-0003   0.6351256E-0015   0.4140953E-0002  -0.8144107E+0001
    16.07600   0.1788347E+0001  -0.1225148E-0015   0.3691152E+0001  -0.5935280E-0003   0.6346920E-0015   0.4437611E-0002  -0.8144249E+0001
    16.08000   0.1788347E+0001  -0.6743738E-0016   0.3691388E+0001  -0.5935280E-0003   0.6343667E-0015   0.4736541E-0002  -0.8144393E+0001
    16.08400   0.1788347E+0001  -0.1246832E-0016   0.3691627E+0001  -0.5935280E-0003   0.6338246E-0015   0.5038165E-0002  -0.8144541E+0001
    16.08800   0.1788347E+0001  -0.1773755E-0015   0.3691868E+0001  -0.5935280E-0003   0.6332825E-0015   0.5342834E-0002  -0.8144691E+0001
    16.09200   0.1788347E+0001  -0.1224064E-0015   0.3692111E+0001  -0.5935280E-0003   0.6332825E-0015   0.5650818E-0002  -0.8144844E+0001
    16.09600   0.1788347E+0001  -0.6743738E-0016   0.3692354E+0001  -0.5935280E-0003   0.6328488E-0015   0.5962303E-0002  -0.8145001E+0001
    16.10000   0.1788347E+0001  -0.6743738E-0016   0.3692597E+0001  -0.5935280E-0003   0.6323067E-0015   0.6277388E-0002  -0.8145160E+0001
    16.10400   0.1788347E+0001  -0.6743738E-0016   0.3692839E+0001  -0.5935280E-0003   0.6320899E-0015   0.6596079E-0002  -0.8145322E+0001
    16.10800   0.1788347E+0001  -0.6743738E-0016   0.3693078E+0001  -0.5935280E-0003   0.6316562E-0015   0.6918290E-0002  -0.8145487E+0001
    16.11200   0.1788347E+0001  -0.6743738E-0016   0.3693314E+0001  -0.5935280E-0003   0.6314393E-0015   0.7243844E-0002  -0.8145655E+0001
    16.11600   0.1788347E+0001  -0.6743738E-0016   0.3693547E+0001  -0.5935280E-0003   0.6306804E-0015   0.7572474E-0002  -0.8145827E+0001
    16.12000   0.1788347E+0001   0.4250073E-0016   0.3693774E+0001  -0.5935280E-0003   0.6301383E-0015   0.7903825E-0002  -0.8146001E+0001
    16.12400   0.1788347E+0001  -0.6743738E-0016   0.3693995E+0001  -0.5935280E-0003   0.6299215E-0015   0.8237464E-0002  -0.8146180E+0001
    16.12800   0.1788347E+0001  -0.1246832E-0016   0.3694209E+0001  -0.5935280E-0003   0.6299215E-0015   0.8572880E-0002  -0.8146361E+0001
    16.13200   0.1788347E+0001  -0.6743738E-0016   0.3694416E+0001  -0.5935280E-0003   0.6294878E-0015   0.8909497E-0002  -0.8146546E+0001
    16.13600   0.1788347E+0001  -0.1224064E-0015   0.3694613E+0001  -0.5935280E-0003   0.6290541E-0015   0.9246682E-0002  -0.8146734E+0001
    16.14000   0.1788347E+0001  -0.1224064E-0015   0.3694801E+0001  -0.5935280E-0003   0.6284036E-0015   0.9583753E-0002  -0.8146926E+0001
    16.14400   0.1788347E+0001  -0.6743738E-0016   0.3694979E+0001  -0.5935280E-0003   0.6281867E-0015   0.9919995E-0002  -0.8147122E+0001
    16.14800   0.1788347E+0001   0.4250073E-0016   0.3695146E+0001  -0.5935280E-0003   0.6277531E-0015   0.1025467E-0001  -0.8147321E+0001
    16.15200   0.1788347E+0001  -0.6754580E-0016   0.3695301E+0001  -0.5935280E-0003   0.6275362E-0015   0.1058701E-0001  -0.8147523E+0001
    16.15600   0.1788347E+0001  -0.6754580E-0016   0.3695443E+0001  -0.5935280E-0003   0.6271025E-0015   0.1091628E-0001  -0.8147730E+0001
    16.16000   0.1788347E+0001  -0.6754580E-0016   0.3695573E+0001  -0.5935280E-0003   0.6273194E-0015   0.1124172E-0001  -0.8147939E+0001
    16.16400   0.1788347E+0001  -0.6754580E-0016   0.3695689E+0001  -0.5935280E-0003   0.6268857E-0015   0.1156262E-0001  -0.8148152E+0001
    16.16800   0.1788347E+0001  -0.1246832E-0016   0.3695792E+0001  -0.5935280E-0003   0.6271025E-0015   0.1187829E-0001  -0.8148369E+0001
    16.17200   0.1788347E+0001  -0.1246832E-0016   0.3695880E+0001  -0.5935280E-0003   0.6268857E-0015   0.1218808E-0001  -0.8148589E+0001
    16.17600   0.1788347E+0001  -0.1224064E-0015   0.3695954E+0001  -0.5935280E-0003   0.6266689E-0015   0.1249140E-0001  -0.8148812E+0001
    16.18000   0.1788347E+0001  -0.1246832E-0016   0.3696013E+0001  -0.5935280E-0003   0.6262352E-0015   0.1278772E-0001  -0.8149038E+0001
    16.18400   0.1788347E+0001  -0.1773755E-0015   0.3696058E+0001  -0.5935280E-0003   0.6262352E-0015   0.1307657E-0001  -0.8149267E+0001
    16.18800   0.1788347E+0001  -0.1246832E-0016   0.3696087E+0001  -0.5935280E-0003   0.6262352E-0015   0.1335754E-0001  -0.8149498E+0001
    16.19200   0.1788347E+0001  -0.6743738E-0016   0.3696102E+0001  -0.5935280E-0003   0.6260183E-0015   0.1363031E-0001  -0.8149732E+0001
    16.19600   0.1788347E+0001  -0.6743738E-0016   0.3696103E+0001  -0.5935280E-0003   0.6266689E-0015   0.1389462E-0001  -0.8149969E+0001
    16.20000   0.1788347E+0001  -0.1224064E-0015   0.3696088E+0001  -0.5935280E-0003   0.6268857E-0015   0.1415028E-0001  -0.8150208E+0001
    16.20400   0.1788347E+0001  -0.6743738E-0016   0.3696060E+0001  -0.5935280E-0003   0.6264520E-0015   0.1439719E-0001  -0.8150449E+0001
    16.20800   0.1788347E+0001  -0.1224064E-0015   0.3696017E+0001  -0.5935280E-0003   0.6262352E-0015   0.1463529E-0001  -0.8150691E+0001
    16.21200   0.1788347E+0001  -0.1225148E-0015   0.3695961E+0001  -0.5935280E-0003   0.6266689E-0015   0.1486461E-0001  -0.8150935E+0001
    16.21600   0.1788347E+0001  -0.6754580E-0016   0.3695892E+0001  -0.5935280E-0003   0.6264520E-0015   0.1508523E-0001  -0.8151180E+0001
    16.22000   0.1788347E+0001  -0.1257675E-0016   0.3695810E+0001  -0.5935280E-0003   0.6260183E-0015   0.1529727E-0001  -0.8151427E+0001
    16.22400   0.1788347E+0001  -0.1225148E-0015   0.3695716E+0001  -0.5935280E-0003   0.6266689E-0015   0.1550091E-0001  -0.8151674E+0001
    16.22800   0.1788347E+0001  -0.6754580E-0016   0.3695611E+0001  -0.5935280E-0003   0.6273194E-0015   0.1569637E-0001  -0.8151922E+0001
    16.23200   0.1788347E+0001  -0.6754580E-0016   0.3695494E+0001  -0.5935280E-0003   0.6273194E-0015   0.1588390E-0001  -0.8152170E+0001
    16.23600   0.1788347E+0001  -0.6754580E-0016   0.3695367E+0001  -0.5935280E-0003   0.6273194E-0015   0.1606377E-0001  -0.8152419E+0001
    16.24000   0.1788347E+0001  -0.1225148E-0015   0.3695230E+0001  -0.5935280E-0003   0.6273194E-0015   0.1623627E-0001  -0.8152667E+0001
    16.24400   0.1788347E+0001  -0.1257675E-0016   0.3695084E+0001  -0.5935280E-0003   0.6277531E-0015   0.1640169E-0001  -0.8152916E+0001
    16.24800   0.1788347E+0001  -0.6754580E-0016   0.3694930E+0001  -0.5935280E-0003   0.6286204E-0015   0.1656036E-0001  -0.8153164E+0001
    16.25200   0.1788347E+0001  -0.6743738E-0016   0.3694768E+0001  -0.5935280E-0003   0.6286204E-0015   0.1671256E-0001  -0.8153411E+0001
    16.25600   0.1788347E+0001  -0.1225148E-0015   0.3694599E+0001  -0.5935280E-0003   0.6284036E-0015   0.1685861E-0001  -0.8153657E+0001
    16.26000   0.1788347E+0001  -0.1225148E-0015   0.3694423E+0001  -0.5935280E-0003   0.6286204E-0015   0.1699877E-0001  -0.8153903E+0001
    16.26400   0.1788347E+0001  -0.6743738E-0016   0.3694242E+0001  -0.5935280E-0003   0.6294878E-0015   0.1713332E-0001  -0.8154147E+0001
    16.26800   0.1788347E+0001  -0.1222980E-0015   0.3694055E+0001  -0.5935280E-0003   0.6300299E-0015   0.1726252E-0001  -0.8154390E+0001
    16.27200   0.1788347E+0001  -0.6722053E-0016   0.3693864E+0001  -0.5935280E-0003   0.6305720E-0015   0.1738660E-0001  -0.8154631E+0001
    16.27600   0.1788347E+0001  -0.6722053E-0016   0.3693670E+0001  -0.5935280E-0003   0.6303551E-0015   0.1750577E-0001  -0.8154871E+0001
    16.28000   0.1788347E+0001  -0.6722053E-0016   0.3693471E+0001  -0.5935280E-0003   0.6306804E-0015   0.1762021E-0001  -0.8155109E+0001
    16.28400   0.1788347E+0001  -0.6722053E-0016   0.3693270E+0001  -0.5935280E-0003   0.6312225E-0015   0.1773009E-0001  -0.8155345E+0001
    16.28800   0.1788347E+0001  -0.1214306E-0016   0.3693067E+0001  -0.5935280E-0003   0.6308972E-0015   0.1783556E-0001  -0.8155578E+0001
    16.29200   0.1788347E+0001  -0.1220812E-0015   0.3692862E+0001  -0.5935280E-0003   0.6311141E-0015   0.1793676E-0001  -0.8155809E+0001
    16.29600   0.1788347E+0001  -0.1214306E-0016   0.3692656E+0001  -0.5935280E-0003   0.6320899E-0015   0.1803377E-0001  -0.8156037E+0001
    16.30000   0.1788347E+0001  -0.1214306E-0016   0.3692448E+0001  -0.5935280E-0003   0.6318730E-0015   0.1812671E-0001  -0.8156263E+0001
    16.30400   0.1788347E+0001  -0.6711211E-0016   0.3692240E+0001  -0.5935280E-0003   0.6320899E-0015   0.1821564E-0001  -0.8156486E+0001
    16.30800   0.1788347E+0001  -0.1214306E-0016   0.3692031E+0001  -0.5935280E-0003   0.6328488E-0015   0.1830064E-0001  -0.8156705E+0001
    16.31200   0.1788347E+0001  -0.6711211E-0016   0.3691822E+0001  -0.5935280E-0003   0.6328488E-0015   0.1838178E-0001  -0.8156921E+0001
    16.31600   0.1788347E+0001  -0.6711211E-0016   0.3691612E+0001  -0.5935280E-0003   0.6331741E-0015   0.1845912E-0001  -0.8157134E+0001
    16.32000   0.1788347E+0001  -0.1771586E-0015   0.3691403E+0001  -0.5935280E-0003   0.6332283E-0015   0.1853270E-0001  -0.8157343E+0001
    16.32400   0.1788347E+0001  -0.1225148E-0016   0.3691195E+0001  -0.5935280E-0003   0.6334993E-0015   0.1860260E-0001  -0.8157547E+0001
    16.32800   0.1788347E+0001  -0.1221896E-0015   0.3690986E+0001  -0.5935280E-0003   0.6340414E-0015   0.1866889E-0001  -0.8157748E+0001
    16.33200   0.1788347E+0001  -0.1221896E-0015   0.3690778E+0001  -0.5935280E-0003   0.6343125E-0015   0.1873163E-0001  -0.8157944E+0001
    16.33600   0.1788347E+0001  -0.6722053E-0016   0.3690570E+0001  -0.5935280E-0003   0.6348546E-0015   0.1879091E-0001  -0.8158136E+0001
    16.34000   0.1788347E+0001  -0.1225148E-0016   0.3690362E+0001  -0.5935280E-0003   0.6351256E-0015   0.1884684E-0001  -0.8158323E+0001
    16.34400   0.1788347E+0001  -0.6722053E-0016   0.3690155E+0001  -0.5935280E-0003   0.6351798E-0015   0.1889953E-0001  -0.8158504E+0001
    16.34800   0.1788347E+0001  -0.1225148E-0016   0.3689948E+0001  -0.5935280E-0003   0.6363183E-0015   0.1894912E-0001  -0.8158681E+0001
    16.35200   0.1788347E+0001  -0.1221896E-0015   0.3689741E+0001  -0.5935280E-0003   0.6363996E-0015   0.1899575E-0001  -0.8158852E+0001
    16.35600   0.1788347E+0001  -0.6722053E-0016   0.3689533E+0001  -0.5935280E-0003   0.6366977E-0015   0.1903959E-0001  -0.8159018E+0001
    16.36000   0.1788347E+0001  -0.1225148E-0016   0.3689326E+0001  -0.5935280E-0003   0.6374025E-0015   0.1908084E-0001  -0.8159178E+0001
    16.36400   0.1788347E+0001   0.4271757E-0016   0.3689118E+0001  -0.5935280E-0003   0.6366164E-0015   0.1911971E-0001  -0.8159333E+0001
    16.36800   0.1788347E+0001  -0.6722053E-0016   0.3688910E+0001  -0.5935280E-0003   0.6379717E-0015   0.1915644E-0001  -0.8159481E+0001
    16.37200   0.1788347E+0001  -0.6722053E-0016   0.3688702E+0001  -0.5935280E-0003   0.6380394E-0015   0.1919127E-0001  -0.8159624E+0001
    16.37600   0.1788347E+0001  -0.6722053E-0016   0.3688492E+0001  -0.5935280E-0003   0.6385307E-0015   0.1922449E-0001  -0.8159760E+0001
    16.38000   0.1788347E+0001  -0.1225148E-0016   0.3688282E+0001  -0.5935280E-0003   0.6383782E-0015   0.1925639E-0001  -0.8159890E+0001
    16.38400   0.1788347E+0001  -0.1225148E-0016   0.3688071E+0001  -0.5935280E-0003   0.6388661E-0015   0.1928728E-0001  -0.8160013E+0001
    16.38800   0.1788347E+0001  -0.1221896E-0015   0.3687859E+0001  -0.5935280E-0003   0.6395709E-0015   0.1931749E-0001  -0.8160130E+0001
    16.39200   0.1788347E+0001  -0.1225148E-0016   0.3687646E+0001  -0.5935280E-0003   0.6398419E-0015   0.1934737E-0001  -0.8160240E+0001
    16.39600   0.1788347E+0001  -0.1225148E-0016   0.3687432E+0001  -0.5935280E-0003   0.6396928E-0015   0.1937726E-0001  -0.8160344E+0001
    16.40000   0.1788347E+0001  -0.6722053E-0016   0.3687217E+0001  -0.5935280E-0003   0.6403840E-0015   0.1940753E-0001  -0.8160442E+0001
    16.40400   0.1788347E+0001  -0.6722053E-0016   0.3687000E+0001  -0.5935280E-0003   0.6404382E-0015   0.1943857E-0001  -0.8160532E+0001
    16.40800   0.1788347E+0001  -0.1225148E-0016   0.3686782E+0001  -0.5935280E-0003   0.6413598E-0015   0.1947074E-0001  -0.8160616E+0001
    16.41200   0.1788347E+0001  -0.1225148E-0016   0.3686564E+0001  -0.5935280E-0003   0.6416308E-0015   0.1950443E-0001  -0.8160693E+0001
    16.41600   0.1788347E+0001  -0.1225148E-0016   0.3686343E+0001  -0.5935280E-0003   0.6421187E-0015   0.1954002E-0001  -0.8160763E+0001
    16.42000   0.1788347E+0001  -0.1222438E-0015   0.3686122E+0001  -0.5935280E-0003   0.6417393E-0015   0.1957789E-0001  -0.8160827E+0001
    16.42400   0.1788347E+0001  -0.1230569E-0016   0.3685900E+0001  -0.5935280E-0003   0.6424440E-0015   0.1961843E-0001  -0.8160884E+0001
    16.42800   0.1788347E+0001  -0.6727474E-0016   0.3685677E+0001  -0.5935280E-0003   0.6437993E-0015   0.1966199E-0001  -0.8160933E+0001
    16.43200   0.1788347E+0001  -0.1230569E-0016   0.3685453E+0001  -0.5935280E-0003   0.6434198E-0015   0.1970894E-0001  -0.8160976E+0001
    16.43600   0.1788347E+0001  -0.1222438E-0015   0.3685228E+0001  -0.5935280E-0003   0.6437450E-0015   0.1975964E-0001  -0.8161012E+0001
    16.44000   0.1788347E+0001  -0.1222438E-0015   0.3685002E+0001  -0.5935280E-0003   0.6440161E-0015   0.1981440E-0001  -0.8161042E+0001
    16.44400   0.1788347E+0001  -0.1230569E-0016   0.3684776E+0001  -0.5935280E-0003   0.6442871E-0015   0.1987356E-0001  -0.8161064E+0001
    16.44800   0.1788347E+0001  -0.6730185E-0016   0.3684550E+0001  -0.5935280E-0003   0.6449919E-0015   0.1993741E-0001  -0.8161079E+0001
    16.45200   0.1788347E+0001  -0.6730185E-0016   0.3684323E+0001  -0.5935280E-0003   0.6454798E-0015   0.2000625E-0001  -0.8161087E+0001
    16.45600   0.1788347E+0001  -0.1233280E-0016   0.3684096E+0001  -0.5935280E-0003   0.6455340E-0015   0.2008032E-0001  -0.8161089E+0001
    16.46000   0.1788347E+0001  -0.6730185E-0016   0.3683869E+0001  -0.5935280E-0003   0.6466724E-0015   0.2015987E-0001  -0.8161083E+0001
    16.46400   0.1788347E+0001  -0.6730185E-0016   0.3683642E+0001  -0.5935280E-0003   0.6467808E-0015   0.2024512E-0001  -0.8161070E+0001
    16.46800   0.1788347E+0001  -0.1233280E-0016   0.3683416E+0001  -0.5935280E-0003   0.6477024E-0015   0.2033626E-0001  -0.8161050E+0001
    16.47200   0.1788347E+0001  -0.6732895E-0016   0.3683190E+0001  -0.5935280E-0003   0.6481903E-0015   0.2043343E-0001  -0.8161024E+0001
    16.47600   0.1788347E+0001  -0.6732895E-0016   0.3682964E+0001  -0.5935280E-0003   0.6478108E-0015   0.2053679E-0001  -0.8160990E+0001
    16.48000   0.1788347E+0001  -0.6732895E-0016   0.3682738E+0001  -0.5935280E-0003   0.6487324E-0015   0.2064644E-0001  -0.8160950E+0001
    16.48400   0.1788347E+0001   0.4263625E-0016   0.3682513E+0001  -0.5935280E-0003   0.6485697E-0015   0.2076243E-0001  -0.8160903E+0001
    16.48800   0.1788347E+0001   0.4263625E-0016   0.3682289E+0001  -0.5935280E-0003   0.6488408E-0015   0.2088482E-0001  -0.8160849E+0001
    16.49200   0.1788347E+0001  -0.6732895E-0016   0.3682065E+0001  -0.5935280E-0003   0.6491661E-0015   0.2101362E-0001  -0.8160789E+0001
    16.49600   0.1788347E+0001  -0.1222980E-0015   0.3681842E+0001  -0.5935280E-0003   0.6496539E-0015   0.2114878E-0001  -0.8160722E+0001
    16.50000   0.1788347E+0001  -0.6730185E-0016   0.3681620E+0001  -0.5935280E-0003   0.6497082E-0015   0.2129025E-0001  -0.8160650E+0001
    16.50400   0.1788347E+0001  -0.6730185E-0016   0.3681398E+0001  -0.5935280E-0003   0.6501960E-0015   0.2143792E-0001  -0.8160571E+0001
    16.50800   0.1788347E+0001  -0.6730185E-0016   0.3681176E+0001  -0.5935280E-0003   0.6502503E-0015   0.2159167E-0001  -0.8160487E+0001
    16.51200   0.1788347E+0001  -0.1233280E-0016   0.3680955E+0001  -0.5935280E-0003   0.6507381E-0015   0.2175130E-0001  -0.8160397E+0001
    16.51600   0.1788347E+0001  -0.6730185E-0016   0.3680734E+0001  -0.5935280E-0003   0.6513887E-0015   0.2191662E-0001  -0.8160302E+0001
    16.52000   0.1788347E+0001  -0.1233280E-0016   0.3680514E+0001  -0.5935280E-0003   0.6517139E-0015   0.2208736E-0001  -0.8160202E+0001
    16.52400   0.1788347E+0001  -0.1233280E-0016   0.3680293E+0001  -0.5935280E-0003   0.6519308E-0015   0.2226326E-0001  -0.8160098E+0001
    16.52800   0.1788347E+0001  -0.6730185E-0016   0.3680072E+0001  -0.5935280E-0003   0.6521476E-0015   0.2244398E-0001  -0.8159990E+0001
    16.53200   0.1788347E+0001  -0.6730185E-0016   0.3679852E+0001  -0.5935280E-0003   0.6533402E-0015   0.2262916E-0001  -0.8159878E+0001
    16.53600   0.1788347E+0001  -0.1233280E-0016   0.3679631E+0001  -0.5935280E-0003   0.6534486E-0015   0.2281844E-0001  -0.8159763E+0001
    16.54000   0.1788347E+0001  -0.1222980E-0015   0.3679409E+0001  -0.5935280E-0003   0.6531234E-0015   0.2301137E-0001  -0.8159646E+0001
    16.54400   0.1788347E+0001  -0.1222980E-0015   0.3679186E+0001  -0.5935280E-0003   0.6540992E-0015   0.2320753E-0001  -0.8159526E+0001
    16.54800   0.1788347E+0001  -0.6732895E-0016   0.3678963E+0001  -0.5935280E-0003   0.6544244E-0015   0.2340643E-0001  -0.8159405E+0001
    16.55200   0.1788347E+0001  -0.1223251E-0015   0.3678739E+0001  -0.5935280E-0003   0.6546413E-0015   0.2360758E-0001  -0.8159283E+0001
    16.55600   0.1788347E+0001  -0.6735606E-0016   0.3678513E+0001  -0.5935280E-0003   0.6546413E-0015   0.2381047E-0001  -0.8159159E+0001
    16.56000   0.1788347E+0001  -0.1235990E-0016   0.3678287E+0001  -0.5935280E-0003   0.6552918E-0015   0.2401457E-0001  -0.8159036E+0001
    16.56400   0.1788347E+0001  -0.6732895E-0016   0.3678058E+0001  -0.5935280E-0003   0.6559423E-0015   0.2421935E-0001  -0.8158913E+0001
    16.56800   0.1788347E+0001  -0.6732895E-0016   0.3677828E+0001  -0.5935280E-0003   0.6567013E-0015   0.2442424E-0001  -0.8158792E+0001
    16.57200   0.1788347E+0001  -0.6732895E-0016   0.3677596E+0001  -0.5935280E-0003   0.6563760E-0015   0.2462869E-0001  -0.8158671E+0001
    16.57600   0.1788347E+0001  -0.1233280E-0016   0.3677362E+0001  -0.5935280E-0003   0.6567013E-0015   0.2483216E-0001  -0.8158553E+0001
    16.58000   0.1788347E+0001   0.4263625E-0016   0.3677126E+0001  -0.5935280E-0003   0.6571349E-0015   0.2503410E-0001  -0.8158437E+0001
    16.58400   0.1788347E+0001  -0.6732895E-0016   0.3676888E+0001  -0.5935280E-0003   0.6574602E-0015   0.2523396E-0001  -0.8158324E+0001
    16.58800   0.1788347E+0001  -0.1223116E-0015   0.3676647E+0001  -0.5935280E-0003   0.6577855E-0015   0.2543121E-0001  -0.8158214E+0001
    16.59200   0.1788347E+0001  -0.1772942E-0015   0.3676404E+0001  -0.5935280E-0003   0.6587612E-0015   0.2562535E-0001  -0.8158109E+0001
    16.59600   0.1788347E+0001  -0.6734251E-0016   0.3676159E+0001  -0.5935280E-0003   0.6590865E-0015   0.2581589E-0001  -0.8158007E+0001
    16.60000   0.1788347E+0001  -0.1223251E-0015   0.3675911E+0001  -0.5935280E-0003   0.6598454E-0015   0.2600235E-0001  -0.8157910E+0001
    16.60400   0.1788347E+0001  -0.1223251E-0015   0.3675661E+0001  -0.5935280E-0003   0.6606044E-0015   0.2618429E-0001  -0.8157818E+0001
    16.60800   0.1788347E+0001  -0.1773009E-0015   0.3675408E+0001  -0.5935280E-0003   0.6599539E-0015   0.2636132E-0001  -0.8157731E+0001
    16.61200   0.1788347E+0001  -0.1223217E-0015   0.3675153E+0001  -0.5935280E-0003   0.6603875E-0015   0.2653305E-0001  -0.8157649E+0001
    16.61600   0.1788347E+0001  -0.2322802E-0015   0.3674895E+0001  -0.5935280E-0003   0.6604960E-0015   0.2669914E-0001  -0.8157573E+0001
    16.62000   0.1788347E+0001  -0.1773026E-0015   0.3674635E+0001  -0.5935280E-0003   0.6613633E-0015   0.2685930E-0001  -0.8157503E+0001
    16.62400   0.1788347E+0001  -0.1773026E-0015   0.3674373E+0001  -0.5935280E-0003   0.6619054E-0015   0.2701325E-0001  -0.8157439E+0001
    16.62800   0.1788347E+0001  -0.1773043E-0015   0.3674108E+0001  -0.5935280E-0003   0.6620138E-0015   0.2716079E-0001  -0.8157381E+0001
    16.63200   0.1788347E+0001  -0.1773077E-0015   0.3673841E+0001  -0.5935280E-0003   0.6629896E-0015   0.2730174E-0001  -0.8157328E+0001
    16.63600   0.1788347E+0001  -0.1223319E-0015   0.3673573E+0001  -0.5935280E-0003   0.6635317E-0015   0.2743595E-0001  -0.8157282E+0001
    16.64000   0.1788347E+0001  -0.1223387E-0015   0.3673303E+0001  -0.5935280E-0003   0.6648328E-0015   0.2756335E-0001  -0.8157242E+0001
    16.64400   0.1788347E+0001  -0.1223387E-0015   0.3673031E+0001  -0.5935280E-0003   0.6648328E-0015   0.2768389E-0001  -0.8157207E+0001
    16.64800   0.1788347E+0001  -0.1223387E-0015   0.3672758E+0001  -0.5935280E-0003   0.6645075E-0015   0.2779756E-0001  -0.8157179E+0001
    16.65200   0.1788347E+0001  -0.1223387E-0015   0.3672483E+0001  -0.5935280E-0003   0.6654833E-0015   0.2790439E-0001  -0.8157156E+0001
    16.65600   0.1788347E+0001  -0.1223387E-0015   0.3672207E+0001  -0.5935280E-0003   0.6659170E-0015   0.2800447E-0001  -0.8157138E+0001
    16.66000   0.1788347E+0001  -0.1223387E-0015   0.3671931E+0001  -0.5935280E-0003   0.6660254E-0015   0.2809791E-0001  -0.8157126E+0001
    16.66400   0.1788347E+0001  -0.6735606E-0016   0.3671654E+0001  -0.5935280E-0003   0.6665675E-0015   0.2818485E-0001  -0.8157119E+0001
    16.66800   0.1788347E+0001  -0.6735606E-0016   0.3671377E+0001  -0.5935280E-0003   0.6674891E-0015   0.2826548E-0001  -0.8157116E+0001
    16.67200   0.1788347E+0001  -0.6735606E-0016   0.3671099E+0001  -0.5935280E-0003   0.6666759E-0015   0.2834001E-0001  -0.8157119E+0001
    16.67600   0.1788347E+0001  -0.1773077E-0015   0.3670822E+0001  -0.5935280E-0003   0.6684648E-0015   0.2840867E-0001  -0.8157125E+0001
    16.68000   0.1788347E+0001  -0.6734928E-0016   0.3670545E+0001  -0.5935280E-0003   0.6680854E-0015   0.2847171E-0001  -0.8157135E+0001
    16.68400   0.1788347E+0001  -0.1223251E-0015   0.3670268E+0001  -0.5935280E-0003   0.6694406E-0015   0.2852941E-0001  -0.8157149E+0001
    16.68800   0.1788347E+0001  -0.1223251E-0015   0.3669992E+0001  -0.5935280E-0003   0.6699285E-0015   0.2858205E-0001  -0.8157167E+0001
    16.69200   0.1788347E+0001  -0.1223251E-0015   0.3669717E+0001  -0.5935280E-0003   0.6696033E-0015   0.2862994E-0001  -0.8157187E+0001
    16.69600   0.1788347E+0001  -0.1223251E-0015   0.3669444E+0001  -0.5935280E-0003   0.6705248E-0015   0.2867336E-0001  -0.8157210E+0001
    16.70000   0.1788347E+0001  -0.1773026E-0015   0.3669171E+0001  -0.5935280E-0003   0.6701996E-0015   0.2871263E-0001  -0.8157235E+0001
    16.70400   0.1788347E+0001  -0.1773009E-0015   0.3668901E+0001  -0.5935280E-0003   0.6711211E-0015   0.2874803E-0001  -0.8157262E+0001
    16.70800   0.1788347E+0001  -0.1223183E-0015   0.3668632E+0001  -0.5935280E-0003   0.6724764E-0015   0.2877987E-0001  -0.8157291E+0001
    16.71200   0.1788347E+0001  -0.6734251E-0016   0.3668366E+0001  -0.5935280E-0003   0.6717175E-0015   0.2880840E-0001  -0.8157320E+0001
    16.71600   0.1788347E+0001  -0.6734251E-0016   0.3668101E+0001  -0.5935280E-0003   0.6726390E-0015   0.2883391E-0001  -0.8157351E+0001
    16.72000   0.1788347E+0001  -0.6734251E-0016   0.3667839E+0001  -0.5935280E-0003   0.6735606E-0015   0.2885664E-0001  -0.8157383E+0001
    16.72400   0.1788347E+0001  -0.6735606E-0016   0.3667580E+0001  -0.5935280E-0003   0.6740485E-0015   0.2887682E-0001  -0.8157415E+0001
    16.72800   0.1788347E+0001  -0.1223251E-0015   0.3667323E+0001  -0.5935280E-0003   0.6732353E-0015   0.2889464E-0001  -0.8157446E+0001
    16.73200   0.1788347E+0001  -0.6735606E-0016   0.3667069E+0001  -0.5935280E-0003   0.6737232E-0015   0.2891029E-0001  -0.8157478E+0001
    16.73600   0.1788347E+0001  -0.1772942E-0015   0.3666818E+0001  -0.5935280E-0003   0.6742653E-0015   0.2892392E-0001  -0.8157509E+0001
    16.74000   0.1788347E+0001  -0.2322632E-0015   0.3666571E+0001  -0.5935280E-0003   0.6756206E-0015   0.2893566E-0001  -0.8157540E+0001
    16.74400   0.1788347E+0001  -0.1222980E-0015   0.3666326E+0001  -0.5935280E-0003   0.6756748E-0015   0.2894560E-0001  -0.8157570E+0001
    16.74800   0.1788347E+0001  -0.1222980E-0015   0.3666085E+0001  -0.5935280E-0003   0.6762169E-0015   0.2895381E-0001  -0.8157599E+0001
    16.75200   0.1788347E+0001  -0.1222980E-0015   0.3665848E+0001  -0.5935280E-0003   0.6749972E-0015   0.2896034E-0001  -0.8157627E+0001
    16.75600   0.1788347E+0001  -0.6732895E-0016   0.3665614E+0001  -0.5935280E-0003   0.6772198E-0015   0.2896519E-0001  -0.8157654E+0001
    16.76000   0.1788347E+0001  -0.1223522E-0015   0.3665383E+0001  -0.5935280E-0003   0.6772740E-0015   0.2896835E-0001  -0.8157680E+0001
    16.76400   0.1788347E+0001  -0.1222980E-0015   0.3665156E+0001  -0.5935280E-0003   0.6777619E-0015   0.2896980E-0001  -0.8157705E+0001
    16.76800   0.1788347E+0001  -0.6727474E-0016   0.3664933E+0001  -0.5935280E-0003   0.6790900E-0015   0.2896945E-0001  -0.8157728E+0001
    16.77200   0.1788347E+0001  -0.6727474E-0016   0.3664714E+0001  -0.5935280E-0003   0.6774366E-0015   0.2896724E-0001  -0.8157751E+0001
    16.77600   0.1788347E+0001  -0.1221896E-0015   0.3664498E+0001  -0.5935280E-0003   0.6783582E-0015   0.2896306E-0001  -0.8157772E+0001
    16.78000   0.1788347E+0001  -0.6722053E-0016   0.3664286E+0001  -0.5935280E-0003   0.6784124E-0015   0.2895679E-0001  -0.8157793E+0001
    16.78400   0.1788347E+0001  -0.1771586E-0015   0.3664078E+0001  -0.5935280E-0003   0.6784666E-0015   0.2894830E-0001  -0.8157813E+0001
    16.78800   0.1788347E+0001  -0.1221896E-0015   0.3663874E+0001  -0.5935280E-0003   0.6789545E-0015   0.2893746E-0001  -0.8157832E+0001
    16.79200   0.1788347E+0001  -0.1221896E-0015   0.3663674E+0001  -0.5935280E-0003   0.6802962E-0015   0.2892410E-0001  -0.8157851E+0001
    16.79600   0.1788347E+0001  -0.2321277E-0015   0.3663477E+0001  -0.5935280E-0003   0.6803504E-0015   0.2890809E-0001  -0.8157870E+0001
    16.80000   0.1788347E+0001  -0.2321277E-0015   0.3663285E+0001  -0.5935280E-0003   0.6804046E-0015   0.2888926E-0001  -0.8157889E+0001
    16.80400   0.1788347E+0001  -0.1771586E-0015   0.3663096E+0001  -0.5935280E-0003   0.6800387E-0015   0.2886747E-0001  -0.8157909E+0001
    16.80800   0.1788347E+0001  -0.1221896E-0015   0.3662912E+0001  -0.5935280E-0003   0.6809603E-0015   0.2884256E-0001  -0.8157929E+0001
    16.81200   0.1788347E+0001  -0.1214306E-0016   0.3662731E+0001  -0.5935280E-0003   0.6814549E-0015   0.2881440E-0001  -0.8157950E+0001
    16.81600   0.1788347E+0001  -0.6711211E-0016   0.3662554E+0001  -0.5935280E-0003   0.6819496E-0015   0.2878287E-0001  -0.8157973E+0001
    16.82000   0.1788347E+0001  -0.1220812E-0015   0.3662382E+0001  -0.5935280E-0003   0.6820140E-0015   0.2874783E-0001  -0.8157997E+0001
    16.82400   0.1788347E+0001  -0.1220812E-0015   0.3662213E+0001  -0.5935280E-0003   0.6820784E-0015   0.2870921E-0001  -0.8158022E+0001
    16.82800   0.1788347E+0001  -0.6711211E-0016   0.3662048E+0001  -0.5935280E-0003   0.6825696E-0015   0.2866691E-0001  -0.8158050E+0001
    16.83200   0.1788347E+0001  -0.2321277E-0015   0.3661888E+0001  -0.5935280E-0003   0.6843501E-0015   0.2862087E-0001  -0.8158080E+0001
    16.83600   0.1788347E+0001  -0.6722053E-0016   0.3661731E+0001  -0.5935280E-0003   0.6831219E-0015   0.2857106E-0001  -0.8158112E+0001
    16.84000   0.1788347E+0001  -0.1225148E-0016   0.3661579E+0001  -0.5935280E-0003   0.6831897E-0015   0.2851744E-0001  -0.8158147E+0001
    16.84400   0.1788347E+0001  -0.1220812E-0015   0.3661430E+0001  -0.5935280E-0003   0.6841112E-0015   0.2846003E-0001  -0.8158185E+0001
    16.84800   0.1788347E+0001  -0.6700369E-0016   0.3661286E+0001  -0.5935280E-0003   0.6837385E-0015   0.2839884E-0001  -0.8158226E+0001
    16.85200   0.1788347E+0001  -0.6700369E-0016   0.3661146E+0001  -0.5935280E-0003   0.6842264E-0015   0.2833392E-0001  -0.8158270E+0001
    16.85600   0.1788347E+0001  -0.1769418E-0015   0.3661011E+0001  -0.5935280E-0003   0.6851480E-0015   0.2826533E-0001  -0.8158317E+0001
    16.86000   0.1788347E+0001  -0.1769418E-0015   0.3660879E+0001  -0.5935280E-0003   0.6843484E-0015   0.2819316E-0001  -0.8158368E+0001
    16.86400   0.1788347E+0001  -0.1220812E-0015   0.3660752E+0001  -0.5935280E-0003   0.6848363E-0015   0.2811753E-0001  -0.8158422E+0001
    16.86800   0.1788347E+0001  -0.6722053E-0016   0.3660629E+0001  -0.5935280E-0003   0.6849176E-0015   0.2803854E-0001  -0.8158480E+0001
    16.87200   0.1788347E+0001  -0.1771586E-0015   0.3660510E+0001  -0.5935280E-0003   0.6858392E-0015   0.2795634E-0001  -0.8158541E+0001
    16.87600   0.1788347E+0001  -0.1222980E-0015   0.3660396E+0001  -0.5935280E-0003   0.6850531E-0015   0.2787109E-0001  -0.8158605E+0001
    16.88000   0.1788347E+0001  -0.1222980E-0015   0.3660286E+0001  -0.5935280E-0003   0.6859747E-0015   0.2778296E-0001  -0.8158673E+0001
    16.88400   0.1788347E+0001  -0.1235990E-0016   0.3660180E+0001  -0.5935280E-0003   0.6860289E-0015   0.2769211E-0001  -0.8158745E+0001
    16.88800   0.1788347E+0001  -0.1222980E-0015   0.3660078E+0001  -0.5935280E-0003   0.6861102E-0015   0.2759874E-0001  -0.8158819E+0001
    16.89200   0.1788347E+0001  -0.6722053E-0016   0.3659980E+0001  -0.5935280E-0003   0.6861644E-0015   0.2750304E-0001  -0.8158897E+0001
    16.89600   0.1788347E+0001  -0.1222980E-0015   0.3659887E+0001  -0.5935280E-0003   0.6870589E-0015   0.2740521E-0001  -0.8158977E+0001
    16.90000   0.1788347E+0001  -0.1235990E-0016   0.3659797E+0001  -0.5935280E-0003   0.6866794E-0015   0.2730544E-0001  -0.8159061E+0001
    16.90400   0.1788347E+0001  -0.6743738E-0016   0.3659711E+0001  -0.5935280E-0003   0.6863000E-0015   0.2720393E-0001  -0.8159147E+0001
    16.90800   0.1788347E+0001  -0.6743738E-0016   0.3659629E+0001  -0.5935280E-0003   0.6863542E-0015   0.2710087E-0001  -0.8159236E+0001
    16.91200   0.1788347E+0001  -0.1222980E-0015   0.3659550E+0001  -0.5935280E-0003   0.6868421E-0015   0.2699647E-0001  -0.8159327E+0001
    16.91600   0.1788347E+0001  -0.1222980E-0015   0.3659475E+0001  -0.5935280E-0003   0.6860289E-0015   0.2689090E-0001  -0.8159420E+0001
    16.92000   0.1788347E+0001  -0.1222980E-0015   0.3659404E+0001  -0.5935280E-0003   0.6867337E-0015   0.2678436E-0001  -0.8159515E+0001
    16.92400   0.1788347E+0001  -0.6722053E-0016   0.3659335E+0001  -0.5935280E-0003   0.6870047E-0015   0.2667700E-0001  -0.8159612E+0001
    16.92800   0.1788347E+0001  -0.1771586E-0015   0.3659269E+0001  -0.5935280E-0003   0.6870589E-0015   0.2656900E-0001  -0.8159711E+0001
    16.93200   0.1788347E+0001  -0.1222980E-0015   0.3659207E+0001  -0.5935280E-0003   0.6868963E-0015   0.2646051E-0001  -0.8159811E+0001
    16.93600   0.1788347E+0001  -0.1222980E-0015   0.3659147E+0001  -0.5935280E-0003   0.6873842E-0015   0.2635167E-0001  -0.8159912E+0001
    16.94000   0.1788347E+0001  -0.6743738E-0016   0.3659089E+0001  -0.5935280E-0003   0.6870047E-0015   0.2624261E-0001  -0.8160013E+0001
    16.94400   0.1788347E+0001  -0.6743738E-0016   0.3659033E+0001  -0.5935280E-0003   0.6874926E-0015   0.2613346E-0001  -0.8160116E+0001
    16.94800   0.1788347E+0001  -0.1773755E-0015   0.3658980E+0001  -0.5935280E-0003   0.6877636E-0015   0.2602431E-0001  -0.8160219E+0001
    16.95200   0.1788347E+0001  -0.1235990E-0016   0.3658928E+0001  -0.5935280E-0003   0.6878721E-0015   0.2591527E-0001  -0.8160323E+0001
    16.95600   0.1788347E+0001  -0.1222980E-0015   0.3658878E+0001  -0.5935280E-0003   0.6874926E-0015   0.2580640E-0001  -0.8160426E+0001
    16.96000   0.1788347E+0001  -0.1222980E-0015   0.3658829E+0001  -0.5935280E-0003   0.6881973E-0015   0.2569777E-0001  -0.8160530E+0001
    16.96400   0.1788347E+0001  -0.6722053E-0016   0.3658781E+0001  -0.5935280E-0003   0.6880347E-0015   0.2558944E-0001  -0.8160633E+0001
    16.96800   0.1788347E+0001  -0.6722053E-0016   0.3658733E+0001  -0.5935280E-0003   0.6878179E-0015   0.2548144E-0001  -0.8160735E+0001
    16.97200   0.1788347E+0001  -0.1773755E-0015   0.3658687E+0001  -0.5935280E-0003   0.6883600E-0015   0.2537379E-0001  -0.8160837E+0001
    16.97600   0.1788347E+0001  -0.1222980E-0015   0.3658641E+0001  -0.5935280E-0003   0.6879263E-0015   0.2526649E-0001  -0.8160938E+0001
    16.98000   0.1788347E+0001  -0.1222980E-0015   0.3658594E+0001  -0.5935280E-0003   0.6878179E-0015   0.2515955E-0001  -0.8161038E+0001
    16.98400   0.1788347E+0001  -0.6743738E-0016   0.3658548E+0001  -0.5935280E-0003   0.6879263E-0015   0.2505292E-0001  -0.8161137E+0001
    16.98800   0.1788347E+0001  -0.6743738E-0016   0.3658502E+0001  -0.5935280E-0003   0.6880347E-0015   0.2494658E-0001  -0.8161234E+0001
    16.99200   0.1788347E+0001  -0.1773755E-0015   0.3658455E+0001  -0.5935280E-0003   0.6884684E-0015   0.2484047E-0001  -0.8161329E+0001
    16.99600   0.1788347E+0001  -0.1222980E-0015   0.3658408E+0001  -0.5935280E-0003   0.6879263E-0015   0.2473451E-0001  -0.8161423E+0001
    17.00000   0.1788347E+0001  -0.1222980E-0015   0.3658360E+0001  -0.5935280E-0003   0.6889021E-0015   0.2462862E-0001  -0.8161515E+0001
    17.00400   0.1788347E+0001  -0.6743738E-0016   0.3658311E+0001  -0.5935280E-0003   0.6889021E-0015   0.2452271E-0001  -0.8161605E+0001
    17.00800   0.1788347E+0001  -0.1225148E-0015   0.3658261E+0001  -0.5935280E-0003   0.6887936E-0015   0.2441664E-0001  -0.8161692E+0001
    17.01200   0.1788347E+0001  -0.1775923E-0015   0.3658209E+0001  -0.5935280E-0003   0.6893357E-0015   0.2431030E-0001  -0.8161777E+0001
    17.01600   0.1788347E+0001  -0.1225148E-0015   0.3658157E+0001  -0.5935280E-0003   0.6884684E-0015   0.2420354E-0001  -0.8161860E+0001
    17.02000   0.1788347E+0001  -0.6765422E-0016   0.3658103E+0001  -0.5935280E-0003   0.6887936E-0015   0.2409619E-0001  -0.8161940E+0001
    17.02400   0.1788347E+0001  -0.1225148E-0015   0.3658047E+0001  -0.5935280E-0003   0.6895526E-0015   0.2398809E-0001  -0.8162017E+0001
    17.02800   0.1788347E+0001  -0.1225148E-0015   0.3657990E+0001  -0.5935280E-0003   0.6896610E-0015   0.2387905E-0001  -0.8162092E+0001
    17.03200   0.1788347E+0001  -0.1225148E-0015   0.3657932E+0001  -0.5935280E-0003   0.6895526E-0015   0.2376887E-0001  -0.8162163E+0001
    17.03600   0.1788347E+0001  -0.6743738E-0016   0.3657872E+0001  -0.5935280E-0003   0.6898778E-0015   0.2365736E-0001  -0.8162232E+0001
    17.04000   0.1788347E+0001  -0.1225148E-0015   0.3657810E+0001  -0.5935280E-0003   0.6889021E-0015   0.2354429E-0001  -0.8162298E+0001
    17.04400   0.1788347E+0001  -0.1775923E-0015   0.3657747E+0001  -0.5935280E-0003   0.6889021E-0015   0.2342944E-0001  -0.8162362E+0001
    17.04800   0.1788347E+0001  -0.6765422E-0016   0.3657682E+0001  -0.5935280E-0003   0.6896610E-0015   0.2331260E-0001  -0.8162422E+0001
    17.05200   0.1788347E+0001  -0.1227317E-0015   0.3657615E+0001  -0.5935280E-0003   0.6899863E-0015   0.2319352E-0001  -0.8162480E+0001
    17.05600   0.1788347E+0001  -0.1778092E-0015   0.3657547E+0001  -0.5935280E-0003   0.6894442E-0015   0.2307197E-0001  -0.8162535E+0001
    17.06000   0.1788347E+0001  -0.6787106E-0016   0.3657478E+0001  -0.5935280E-0003   0.6902031E-0015   0.2294774E-0001  -0.8162588E+0001
    17.06400   0.1788347E+0001  -0.1227317E-0015   0.3657407E+0001  -0.5935280E-0003   0.6896610E-0015   0.2282057E-0001  -0.8162638E+0001
    17.06800   0.1788347E+0001  -0.1227317E-0015   0.3657335E+0001  -0.5935280E-0003   0.6902031E-0015   0.2269026E-0001  -0.8162687E+0001
    17.07200   0.1788347E+0001  -0.6787106E-0016   0.3657261E+0001  -0.5935280E-0003   0.6899863E-0015   0.2255658E-0001  -0.8162733E+0001
    17.07600   0.1788347E+0001  -0.1778092E-0015   0.3657186E+0001  -0.5935280E-0003   0.6908536E-0015   0.2241932E-0001  -0.8162778E+0001
    17.08000   0.1788347E+0001  -0.1279359E-0016   0.3657110E+0001  -0.5935280E-0003   0.6905284E-0015   0.2227828E-0001  -0.8162821E+0001
    17.08400   0.1788347E+0001  -0.1227317E-0015   0.3657034E+0001  -0.5935280E-0003   0.6910705E-0015   0.2213328E-0001  -0.8162863E+0001
    17.08800   0.1788347E+0001  -0.1227317E-0015   0.3656956E+0001  -0.5935280E-0003   0.6907452E-0015   0.2198414E-0001  -0.8162905E+0001
    17.09200   0.1788347E+0001  -0.6787106E-0016   0.3656877E+0001  -0.5935280E-0003   0.6903115E-0015   0.2183071E-0001  -0.8162946E+0001
    17.09600   0.1788347E+0001  -0.6787106E-0016   0.3656798E+0001  -0.5935280E-0003   0.6915041E-0015   0.2167284E-0001  -0.8162988E+0001
    17.10000   0.1788347E+0001  -0.1229485E-0015   0.3656719E+0001  -0.5935280E-0003   0.6919378E-0015   0.2151041E-0001  -0.8163030E+0001
    17.10400   0.1788347E+0001  -0.1229485E-0015   0.3656638E+0001  -0.5935280E-0003   0.6918294E-0015   0.2134331E-0001  -0.8163072E+0001
    17.10800   0.1788347E+0001  -0.6808790E-0016   0.3656558E+0001  -0.5935280E-0003   0.6920462E-0015   0.2117146E-0001  -0.8163117E+0001
    17.11200   0.1788347E+0001  -0.6808790E-0016   0.3656477E+0001  -0.5935280E-0003   0.6921547E-0015   0.2099479E-0001  -0.8163163E+0001
    17.11600   0.1788347E+0001  -0.6808790E-0016   0.3656396E+0001  -0.5935280E-0003   0.6924799E-0015   0.2081325E-0001  -0.8163211E+0001
    17.12000   0.1788347E+0001  -0.1231654E-0015   0.3656315E+0001  -0.5935280E-0003   0.6925883E-0015   0.2062679E-0001  -0.8163262E+0001
    17.12400   0.1788347E+0001  -0.1231654E-0015   0.3656234E+0001  -0.5935280E-0003   0.6926968E-0015   0.2043542E-0001  -0.8163316E+0001
    17.12800   0.1788347E+0001  -0.6808790E-0016   0.3656153E+0001  -0.5935280E-0003   0.6928052E-0015   0.2023912E-0001  -0.8163374E+0001
    17.13200   0.1788347E+0001  -0.6808790E-0016   0.3656072E+0001  -0.5935280E-0003   0.6923715E-0015   0.2003791E-0001  -0.8163437E+0001
    17.13600   0.1788347E+0001  -0.1229485E-0015   0.3655991E+0001  -0.5935280E-0003   0.6926968E-0015   0.1983183E-0001  -0.8163504E+0001
    17.14000   0.1788347E+0001  -0.1229485E-0015   0.3655910E+0001  -0.5935280E-0003   0.6924799E-0015   0.1962090E-0001  -0.8163576E+0001
    17.14400   0.1788347E+0001  -0.1229485E-0015   0.3655829E+0001  -0.5935280E-0003   0.6929136E-0015   0.1940518E-0001  -0.8163653E+0001
    17.14800   0.1788347E+0001  -0.1229485E-0015   0.3655748E+0001  -0.5935280E-0003   0.6924799E-0015   0.1918472E-0001  -0.8163736E+0001
    17.15200   0.1788347E+0001  -0.1301043E-0016   0.3655668E+0001  -0.5935280E-0003   0.6934557E-0015   0.1895960E-0001  -0.8163826E+0001
    17.15600   0.1788347E+0001  -0.6787106E-0016   0.3655587E+0001  -0.5935280E-0003   0.6925883E-0015   0.1872989E-0001  -0.8163922E+0001
    17.16000   0.1788347E+0001  -0.1279359E-0016   0.3655507E+0001  -0.5935280E-0003   0.6926968E-0015   0.1849565E-0001  -0.8164024E+0001
    17.16400   0.1788347E+0001  -0.6787106E-0016   0.3655427E+0001  -0.5935280E-0003   0.6928052E-0015   0.1825698E-0001  -0.8164134E+0001
    17.16800   0.1788347E+0001  -0.6787106E-0016   0.3655347E+0001  -0.5935280E-0003   0.6936725E-0015   0.1801394E-0001  -0.8164251E+0001
    17.17200   0.1788347E+0001  -0.6787106E-0016   0.3655267E+0001  -0.5935280E-0003   0.6934557E-0015   0.1776663E-0001  -0.8164375E+0001
    17.17600   0.1788347E+0001  -0.1301043E-0016   0.3655187E+0001  -0.5935280E-0003   0.6935641E-0015   0.1751512E-0001  -0.8164506E+0001
    17.18000   0.1788347E+0001  -0.1780260E-0015   0.3655107E+0001  -0.5935280E-0003   0.6942147E-0015   0.1725950E-0001  -0.8164645E+0001
    17.18400   0.1788347E+0001  -0.1780260E-0015   0.3655027E+0001  -0.5935280E-0003   0.6944315E-0015   0.1699986E-0001  -0.8164791E+0001
    17.18800   0.1788347E+0001  -0.6808790E-0016   0.3654946E+0001  -0.5935280E-0003   0.6947568E-0015   0.1673627E-0001  -0.8164944E+0001
    17.19200   0.1788347E+0001  -0.1227317E-0015   0.3654866E+0001  -0.5935280E-0003   0.6948652E-0015   0.1646882E-0001  -0.8165105E+0001
    17.19600   0.1788347E+0001  -0.2324529E-0015   0.3654786E+0001  -0.5935280E-0003   0.6942147E-0015   0.1619759E-0001  -0.8165272E+0001
    17.20000   0.1788347E+0001  -0.6765422E-0016   0.3654706E+0001  -0.5935280E-0003   0.6951362E-0015   0.1592267E-0001  -0.8165446E+0001
    17.20400   0.1788347E+0001  -0.1257675E-0016   0.3654626E+0001  -0.5935280E-0003   0.6947568E-0015   0.1564415E-0001  -0.8165626E+0001
    17.20800   0.1788347E+0001  -0.1778092E-0015   0.3654547E+0001  -0.5935280E-0003   0.6943773E-0015   0.1536211E-0001  -0.8165813E+0001
    17.21200   0.1788347E+0001  -0.6808790E-0016   0.3654468E+0001  -0.5935280E-0003   0.6946483E-0015   0.1507665E-0001  -0.8166005E+0001
    17.21600   0.1788347E+0001  -0.6808790E-0016   0.3654389E+0001  -0.5935280E-0003   0.6949194E-0015   0.1478787E-0001  -0.8166203E+0001
    17.22000   0.1788347E+0001  -0.1778092E-0015   0.3654311E+0001  -0.5935280E-0003   0.6949736E-0015   0.1449587E-0001  -0.8166405E+0001
    17.22400   0.1788347E+0001  -0.6808790E-0016   0.3654233E+0001  -0.5935280E-0003   0.6950278E-0015   0.1420077E-0001  -0.8166611E+0001
    17.22800   0.1788347E+0001  -0.6808790E-0016   0.3654157E+0001  -0.5935280E-0003   0.6955157E-0015   0.1390268E-0001  -0.8166822E+0001
    17.23200   0.1788347E+0001  -0.1782428E-0015   0.3654082E+0001  -0.5935280E-0003   0.6960036E-0015   0.1360173E-0001  -0.8167035E+0001
    17.23600   0.1788347E+0001  -0.1344411E-0016   0.3654009E+0001  -0.5935280E-0003   0.6951904E-0015   0.1329806E-0001  -0.8167251E+0001
    17.24000   0.1788347E+0001  -0.1233822E-0015   0.3653938E+0001  -0.5935280E-0003   0.6956783E-0015   0.1299182E-0001  -0.8167469E+0001
    17.24400   0.1788347E+0001  -0.6852158E-0016   0.3653869E+0001  -0.5935280E-0003   0.6961662E-0015   0.1268315E-0001  -0.8167689E+0001
    17.24800   0.1788347E+0001  -0.1233822E-0015   0.3653802E+0001  -0.5935280E-0003   0.6960036E-0015   0.1237223E-0001  -0.8167909E+0001
    17.25200   0.1788347E+0001  -0.6830474E-0016   0.3653739E+0001  -0.5935280E-0003   0.6962746E-0015   0.1205923E-0001  -0.8168129E+0001
    17.25600   0.1788347E+0001  -0.1231654E-0015   0.3653679E+0001  -0.5935280E-0003   0.6964440E-0015   0.1174434E-0001  -0.8168349E+0001
    17.26000   0.1788347E+0001  -0.1782428E-0015   0.3653623E+0001  -0.5935280E-0003   0.6961865E-0015   0.1142777E-0001  -0.8168567E+0001
    17.26400   0.1788347E+0001  -0.6830474E-0016   0.3653571E+0001  -0.5935280E-0003   0.6962475E-0015   0.1110971E-0001  -0.8168783E+0001
    17.26800   0.1788347E+0001  -0.6830474E-0016   0.3653524E+0001  -0.5935280E-0003   0.6968438E-0015   0.1079038E-0001  -0.8168996E+0001
    17.27200   0.1788347E+0001  -0.6830474E-0016   0.3653481E+0001  -0.5935280E-0003   0.6966880E-0015   0.1047002E-0001  -0.8169206E+0001
    17.27600   0.1788347E+0001  -0.1231654E-0015   0.3653445E+0001  -0.5935280E-0003   0.6967490E-0015   0.1014884E-0001  -0.8169412E+0001
    17.28000   0.1788347E+0001  -0.1231654E-0015   0.3653414E+0001  -0.5935280E-0003   0.6971284E-0015   0.9827085E-0002  -0.8169614E+0001
    17.28400   0.1788347E+0001  -0.1322727E-0016   0.3653389E+0001  -0.5935280E-0003   0.6965457E-0015   0.9505001E-0002  -0.8169810E+0001
    17.28800   0.1788347E+0001  -0.6830474E-0016   0.3653371E+0001  -0.5935280E-0003   0.6967354E-0015   0.9182829E-0002  -0.8170001E+0001
    17.29200   0.1788347E+0001  -0.6830474E-0016   0.3653360E+0001  -0.5935280E-0003   0.6967896E-0015   0.8860818E-0002  -0.8170185E+0001
    17.29600   0.1788347E+0001  -0.1231654E-0015   0.3653355E+0001  -0.5935280E-0003   0.6968438E-0015   0.8539213E-0002  -0.8170362E+0001
    17.30000   0.1788347E+0001  -0.1322727E-0016   0.3653358E+0001  -0.5935280E-0003   0.6970336E-0015   0.8218262E-0002  -0.8170532E+0001
    17.30400   0.1788347E+0001  -0.1231654E-0015   0.3653369E+0001  -0.5935280E-0003   0.6968981E-0015   0.7898208E-0002  -0.8170694E+0001
    17.30800   0.1788347E+0001  -0.1231654E-0015   0.3653387E+0001  -0.5935280E-0003   0.6969523E-0015   0.7579291E-0002  -0.8170847E+0001
    17.31200   0.1788347E+0001  -0.1301043E-0016   0.3653412E+0001  -0.5935280E-0003   0.6967896E-0015   0.7261747E-0002  -0.8170992E+0001
    17.31600   0.1788347E+0001  -0.6787106E-0016   0.3653446E+0001  -0.5935280E-0003   0.6965457E-0015   0.6945806E-0002  -0.8171128E+0001
    17.32000   0.1788347E+0001  -0.1227317E-0015   0.3653486E+0001  -0.5935280E-0003   0.6964915E-0015   0.6631691E-0002  -0.8171255E+0001
    17.32400   0.1788347E+0001  -0.1227317E-0015   0.3653534E+0001  -0.5935280E-0003   0.6967083E-0015   0.6319616E-0002  -0.8171373E+0001
    17.32800   0.1788347E+0001  -0.6776264E-0016   0.3653589E+0001  -0.5935280E-0003   0.6963288E-0015   0.6009790E-0002  -0.8171481E+0001
    17.33200   0.1788347E+0001  -0.6787106E-0016   0.3653650E+0001  -0.5935280E-0003   0.6964373E-0015   0.5702412E-0002  -0.8171578E+0001
    17.33600   0.1788347E+0001   0.4206704E-0016   0.3653718E+0001  -0.5935280E-0003   0.6963288E-0015   0.5397671E-0002  -0.8171666E+0001
    17.34000   0.1788347E+0001  -0.1290201E-0016   0.3653792E+0001  -0.5935280E-0003   0.6961120E-0015   0.5095751E-0002  -0.8171744E+0001
    17.34400   0.1788347E+0001  -0.6787106E-0016   0.3653870E+0001  -0.5935280E-0003   0.6960578E-0015   0.4796824E-0002  -0.8171812E+0001
    17.34800   0.1788347E+0001  -0.6787106E-0016   0.3653954E+0001  -0.5935280E-0003   0.6958952E-0015   0.4501055E-0002  -0.8171870E+0001
    17.35200   0.1788347E+0001  -0.1228401E-0015   0.3654042E+0001  -0.5935280E-0003   0.6957325E-0015   0.4208602E-0002  -0.8171918E+0001
    17.35600   0.1788347E+0001  -0.1279359E-0016   0.3654132E+0001  -0.5935280E-0003   0.6957325E-0015   0.3919615E-0002  -0.8171957E+0001
    17.36000   0.1788347E+0001  -0.1227317E-0015   0.3654226E+0001  -0.5935280E-0003   0.6954073E-0015   0.3634237E-0002  -0.8171986E+0001
    17.36400   0.1788347E+0001  -0.6776264E-0016   0.3654321E+0001  -0.5935280E-0003   0.6952989E-0015   0.3352602E-0002  -0.8172005E+0001
    17.36800   0.1788347E+0001  -0.1777007E-0015   0.3654417E+0001  -0.5935280E-0003   0.6950820E-0015   0.3074841E-0002  -0.8172015E+0001
    17.37200   0.1788347E+0001  -0.1227317E-0015   0.3654513E+0001  -0.5935280E-0003   0.6949194E-0015   0.2801077E-0002  -0.8172016E+0001
    17.37600   0.1788347E+0001  -0.6776264E-0016   0.3654607E+0001  -0.5935280E-0003   0.6948652E-0015   0.2531427E-0002  -0.8172009E+0001
    17.38000   0.1788347E+0001  -0.1227317E-0015   0.3654701E+0001  -0.5935280E-0003   0.6947025E-0015   0.2266000E-0002  -0.8171993E+0001
    17.38400   0.1788347E+0001  -0.6776264E-0016   0.3654791E+0001  -0.5935280E-0003   0.6944857E-0015   0.2004899E-0002  -0.8171969E+0001
    17.38800   0.1788347E+0001  -0.6776264E-0016   0.3654877E+0001  -0.5935280E-0003   0.6943773E-0015   0.1748218E-0002  -0.8171938E+0001
    17.39200   0.1788347E+0001  -0.6776264E-0016   0.3654959E+0001  -0.5935280E-0003   0.6942689E-0015   0.1496043E-0002  -0.8171899E+0001
    17.39600   0.1788347E+0001  -0.1227317E-0015   0.3655036E+0001  -0.5935280E-0003   0.6940520E-0015   0.1248448E-0002  -0.8171853E+0001
    17.40000   0.1788347E+0001  -0.6776264E-0016   0.3655106E+0001  -0.5935280E-0003   0.6938894E-0015   0.1005493E-0002  -0.8171801E+0001
    17.40400   0.1788347E+0001  -0.6776264E-0016   0.3655169E+0001  -0.5935280E-0003   0.6937810E-0015   0.7672252E-0003  -0.8171743E+0001
    17.40800   0.1788347E+0001  -0.1227317E-0015   0.3655224E+0001  -0.5935280E-0003   0.6936725E-0015   0.5336711E-0003  -0.8171680E+0001
    17.41200   0.1788347E+0001  -0.1276648E-0016   0.3655271E+0001  -0.5935280E-0003   0.6936183E-0015   0.3048376E-0003  -0.8171611E+0001
    17.41600   0.1788347E+0001  -0.6773553E-0016   0.3655309E+0001  -0.5935280E-0003   0.6935099E-0015   0.8070703E-0004  -0.8171537E+0001
    17.42000   0.1788347E+0001  -0.1276648E-0016   0.3655337E+0001  -0.5935280E-0003   0.6934557E-0015  -0.1387662E-0003  -0.8171459E+0001
    17.42400   0.1788347E+0001  -0.6773553E-0016   0.3655355E+0001  -0.5935280E-0003   0.6934015E-0015  -0.3536595E-0003  -0.8171377E+0001
    17.42800   0.1788347E+0001  -0.6773553E-0016   0.3655363E+0001  -0.5935280E-0003   0.6934015E-0015  -0.5640856E-0003  -0.8171291E+0001
    17.43200   0.1788347E+0001  -0.1276648E-0016   0.3655359E+0001  -0.5935280E-0003   0.6933473E-0015  -0.7701965E-0003  -0.8171203E+0001
    17.43600   0.1788347E+0001  -0.1276648E-0016   0.3655345E+0001  -0.5935280E-0003   0.6933473E-0015  -0.9721870E-0003  -0.8171111E+0001
    17.44000   0.1788347E+0001  -0.6773553E-0016   0.3655320E+0001  -0.5935280E-0003   0.6934015E-0015  -0.1170298E-0002  -0.8171017E+0001
    17.44400   0.1788347E+0001  -0.6773553E-0016   0.3655284E+0001  -0.5935280E-0003   0.6934015E-0015  -0.1364821E-0002  -0.8170921E+0001
    17.44800   0.1788347E+0001  -0.1276648E-0016   0.3655236E+0001  -0.5935280E-0003   0.6934557E-0015  -0.1556099E-0002  -0.8170823E+0001
    17.45200   0.1788347E+0001  -0.1227046E-0015   0.3655178E+0001  -0.5935280E-0003   0.6935641E-0015  -0.1744527E-0002  -0.8170724E+0001
    17.45600   0.1788347E+0001  -0.1776465E-0015   0.3655109E+0001  -0.5935280E-0003   0.6936183E-0015  -0.1930561E-0002  -0.8170624E+0001
    17.46000   0.1788347E+0001  -0.1226775E-0015   0.3655030E+0001  -0.5935280E-0003   0.6937810E-0015  -0.2114708E-0002  -0.8170523E+0001
    17.46400   0.1788347E+0001  -0.1273938E-0016   0.3654941E+0001  -0.5935280E-0003   0.6938894E-0015  -0.2297533E-0002  -0.8170421E+0001
    17.46800   0.1788347E+0001  -0.1273938E-0016   0.3654842E+0001  -0.5935280E-0003   0.6940520E-0015  -0.2479656E-0002  -0.8170319E+0001
    17.47200   0.1788347E+0001  -0.1776465E-0015   0.3654734E+0001  -0.5935280E-0003   0.6941604E-0015  -0.2661751E-0002  -0.8170217E+0001
    17.47600   0.1788347E+0001  -0.1268517E-0016   0.3654618E+0001  -0.5935280E-0003   0.6943773E-0015  -0.2844537E-0002  -0.8170115E+0001
    17.48000   0.1788347E+0001  -0.6770843E-0016   0.3654493E+0001  -0.5935280E-0003   0.6945399E-0015  -0.3028781E-0002  -0.8170014E+0001
    17.48400   0.1788347E+0001  -0.1226775E-0015   0.3654362E+0001  -0.5935280E-0003   0.6946483E-0015  -0.3215286E-0002  -0.8169913E+0001
    17.48800   0.1788347E+0001  -0.1268517E-0016   0.3654223E+0001  -0.5935280E-0003   0.6949736E-0015  -0.3404890E-0002  -0.8169813E+0001
    17.49200   0.1788347E+0001  -0.1776465E-0015   0.3654079E+0001  -0.5935280E-0003   0.6952989E-0015  -0.3598452E-0002  -0.8169714E+0001
    17.49600   0.1788347E+0001  -0.6765422E-0016   0.3653930E+0001  -0.5935280E-0003   0.6955157E-0015  -0.3796848E-0002  -0.8169616E+0001
    17.50000   0.1788347E+0001  -0.6765422E-0016   0.3653776E+0001  -0.5935280E-0003   0.6956783E-0015  -0.4000957E-0002  -0.8169519E+0001
    17.50400   0.1788347E+0001  -0.1226233E-0015   0.3653618E+0001  -0.5935280E-0003   0.6960036E-0015  -0.4211655E-0002  -0.8169423E+0001
    17.50800   0.1788347E+0001  -0.6765422E-0016   0.3653457E+0001  -0.5935280E-0003   0.6962204E-0015  -0.4429799E-0002  -0.8169328E+0001
    17.51200   0.1788347E+0001  -0.6765422E-0016   0.3653293E+0001  -0.5935280E-0003   0.6964373E-0015  -0.4656218E-0002  -0.8169235E+0001
    17.51600   0.1788347E+0001  -0.1775923E-0015   0.3653127E+0001  -0.5935280E-0003   0.6968167E-0015  -0.4891700E-0002  -0.8169143E+0001
    17.52000   0.1788347E+0001  -0.1225148E-0015   0.3652960E+0001  -0.5935280E-0003   0.6970336E-0015  -0.5136979E-0002  -0.8169053E+0001
    17.52400   0.1788347E+0001  -0.6754580E-0016   0.3652791E+0001  -0.5935280E-0003   0.6973046E-0015  -0.5392724E-0002  -0.8168964E+0001
    17.52800   0.1788347E+0001  -0.1257675E-0016   0.3652623E+0001  -0.5935280E-0003   0.6976841E-0015  -0.5659528E-0002  -0.8168876E+0001
    17.53200   0.1788347E+0001  -0.1225148E-0015   0.3652454E+0001  -0.5935280E-0003   0.6979009E-0015  -0.5937892E-0002  -0.8168791E+0001
    17.53600   0.1788347E+0001  -0.6754580E-0016   0.3652285E+0001  -0.5935280E-0003   0.6980636E-0015  -0.6228220E-0002  -0.8168706E+0001
    17.54000   0.1788347E+0001  -0.1225148E-0015   0.3652117E+0001  -0.5935280E-0003   0.6983888E-0015  -0.6530805E-0002  -0.8168623E+0001
    17.54400   0.1788347E+0001  -0.1257675E-0016   0.3651950E+0001  -0.5935280E-0003   0.6984972E-0015  -0.6845823E-0002  -0.8168542E+0001
    17.54800   0.1788347E+0001  -0.1257675E-0016   0.3651784E+0001  -0.5935280E-0003   0.6987683E-0015  -0.7173324E-0002  -0.8168462E+0001
    17.55200   0.1788347E+0001  -0.6765422E-0016   0.3651619E+0001  -0.5935280E-0003   0.6991478E-0015  -0.7513227E-0002  -0.8168384E+0001
    17.55600   0.1788347E+0001  -0.6765422E-0016   0.3651456E+0001  -0.5935280E-0003   0.6993104E-0015  -0.7865312E-0002  -0.8168308E+0001
    17.56000   0.1788347E+0001  -0.1225148E-0015   0.3651293E+0001  -0.5935280E-0003   0.6998525E-0015  -0.8229225E-0002  -0.8168233E+0001
    17.56400   0.1788347E+0001  -0.6765422E-0016   0.3651132E+0001  -0.5935280E-0003   0.6995815E-0015  -0.8604468E-0002  -0.8168160E+0001
    17.56800   0.1788347E+0001  -0.1225148E-0015   0.3650972E+0001  -0.5935280E-0003   0.7005030E-0015  -0.8990405E-0002  -0.8168088E+0001
    17.57200   0.1788347E+0001  -0.6765422E-0016   0.3650812E+0001  -0.5935280E-0003   0.7005572E-0015  -0.9386261E-0002  -0.8168019E+0001
    17.57600   0.1788347E+0001  -0.1225148E-0015   0.3650654E+0001  -0.5935280E-0003   0.7007199E-0015  -0.9791132E-0002  -0.8167951E+0001
    17.58000   0.1788347E+0001  -0.1257675E-0016   0.3650496E+0001  -0.5935280E-0003   0.7012078E-0015  -0.1020398E-0001  -0.8167886E+0001
    17.58400   0.1788347E+0001  -0.6765422E-0016   0.3650338E+0001  -0.5935280E-0003   0.7011535E-0015  -0.1062366E-0001  -0.8167823E+0001
    17.58800   0.1788347E+0001  -0.6765422E-0016   0.3650180E+0001  -0.5935280E-0003   0.7014246E-0015  -0.1104890E-0001  -0.8167762E+0001
    17.59200   0.1788347E+0001  -0.1775923E-0015   0.3650021E+0001  -0.5935280E-0003   0.7016956E-0015  -0.1147833E-0001  -0.8167704E+0001
    17.59600   0.1788347E+0001  -0.1279359E-0016   0.3649862E+0001  -0.5935280E-0003   0.7021835E-0015  -0.1191050E-0001  -0.8167649E+0001
    17.60000   0.1788347E+0001  -0.1279359E-0016   0.3649701E+0001  -0.5935280E-0003   0.7023462E-0015  -0.1234389E-0001  -0.8167596E+0001
    17.60400   0.1788347E+0001  -0.1227317E-0015   0.3649539E+0001  -0.5935280E-0003   0.7026172E-0015  -0.1277688E-0001  -0.8167547E+0001
    17.60800   0.1788347E+0001  -0.6765422E-0016   0.3649375E+0001  -0.5935280E-0003   0.7027256E-0015  -0.1320785E-0001  -0.8167501E+0001
    17.61200   0.1788347E+0001  -0.6765422E-0016   0.3649209E+0001  -0.5935280E-0003   0.7032677E-0015  -0.1363511E-0001  -0.8167459E+0001
    17.61600   0.1788347E+0001  -0.1227317E-0015   0.3649040E+0001  -0.5935280E-0003   0.7033762E-0015  -0.1405696E-0001  -0.8167421E+0001
    17.62000   0.1788347E+0001  -0.6765422E-0016   0.3648868E+0001  -0.5935280E-0003   0.7034304E-0015  -0.1447170E-0001  -0.8167388E+0001
    17.62400   0.1788347E+0001  -0.1222980E-0015   0.3648692E+0001  -0.5935280E-0003   0.7041351E-0015  -0.1487764E-0001  -0.8167359E+0001
    17.62800   0.1788347E+0001  -0.1222980E-0015   0.3648512E+0001  -0.5935280E-0003   0.7044062E-0015  -0.1527312E-0001  -0.8167334E+0001
    17.63200   0.1788347E+0001  -0.6722053E-0016   0.3648329E+0001  -0.5935280E-0003   0.7042435E-0015  -0.1565651E-0001  -0.8167315E+0001
    17.63600   0.1788347E+0001  -0.1222980E-0015   0.3648141E+0001  -0.5935280E-0003   0.7051651E-0015  -0.1602624E-0001  -0.8167301E+0001
    17.64000   0.1788347E+0001  -0.1214306E-0016   0.3647948E+0001  -0.5935280E-0003   0.7048398E-0015  -0.1638080E-0001  -0.8167293E+0001
    17.64400   0.1788347E+0001  -0.6722053E-0016   0.3647750E+0001  -0.5935280E-0003   0.7055446E-0015  -0.1671878E-0001  -0.8167290E+0001
    17.64800   0.1788347E+0001  -0.6722053E-0016   0.3647547E+0001  -0.5935280E-0003   0.7060325E-0015  -0.1703885E-0001  -0.8167294E+0001
    17.65200   0.1788347E+0001  -0.1218643E-0015   0.3647338E+0001  -0.5935280E-0003   0.7060867E-0015  -0.1733976E-0001  -0.8167304E+0001
    17.65600   0.1788347E+0001  -0.1218643E-0015   0.3647124E+0001  -0.5935280E-0003   0.7063577E-0015  -0.1762041E-0001  -0.8167321E+0001
    17.66000   0.1788347E+0001  -0.1170938E-0016   0.3646904E+0001  -0.5935280E-0003   0.7061951E-0015  -0.1787980E-0001  -0.8167344E+0001
    17.66400   0.1788347E+0001  -0.1218643E-0015   0.3646678E+0001  -0.5935280E-0003   0.7068998E-0015  -0.1811706E-0001  -0.8167374E+0001
    17.66800   0.1788347E+0001  -0.6722053E-0016   0.3646446E+0001  -0.5935280E-0003   0.7073877E-0015  -0.1833144E-0001  -0.8167410E+0001
    17.67200   0.1788347E+0001   0.4250073E-0016   0.3646209E+0001  -0.5935280E-0003   0.7083093E-0015  -0.1852235E-0001  -0.8167454E+0001
    17.67600   0.1788347E+0001  -0.1222980E-0015   0.3645965E+0001  -0.5935280E-0003   0.7084177E-0015  -0.1868931E-0001  -0.8167504E+0001
    17.68000   0.1788347E+0001  -0.6765422E-0016   0.3645716E+0001  -0.5935280E-0003   0.7089056E-0015  -0.1883202E-0001  -0.8167561E+0001
    17.68400   0.1788347E+0001  -0.1227317E-0015   0.3645460E+0001  -0.5935280E-0003   0.7091766E-0015  -0.1895028E-0001  -0.8167625E+0001
    17.68800   0.1788347E+0001  -0.1257675E-0016   0.3645199E+0001  -0.5935280E-0003   0.7094477E-0015  -0.1904406E-0001  -0.8167695E+0001
    17.69200   0.1788347E+0001  -0.6765422E-0016   0.3644932E+0001  -0.5935280E-0003   0.7105861E-0015  -0.1911347E-0001  -0.8167771E+0001
    17.69600   0.1788347E+0001  -0.1257675E-0016   0.3644659E+0001  -0.5935280E-0003   0.7108572E-0015  -0.1915873E-0001  -0.8167854E+0001
    17.70000   0.1788347E+0001  -0.1222980E-0015   0.3644381E+0001  -0.5935280E-0003   0.7111282E-0015  -0.1918021E-0001  -0.8167942E+0001
    17.70400   0.1788347E+0001  -0.1222980E-0015   0.3644097E+0001  -0.5935280E-0003   0.7116161E-0015  -0.1917842E-0001  -0.8168036E+0001
    17.70800   0.1788347E+0001  -0.1222980E-0015   0.3643808E+0001  -0.5935280E-0003   0.7116703E-0015  -0.1915396E-0001  -0.8168135E+0001
    17.71200   0.1788347E+0001  -0.6722053E-0016   0.3643514E+0001  -0.5935280E-0003   0.7128087E-0015  -0.1910757E-0001  -0.8168238E+0001
    17.71600   0.1788347E+0001  -0.1214306E-0016   0.3643215E+0001  -0.5935280E-0003   0.7122124E-0015  -0.1904008E-0001  -0.8168346E+0001
    17.72000   0.1788347E+0001  -0.1214306E-0016   0.3642912E+0001  -0.5935280E-0003   0.7137845E-0015  -0.1895242E-0001  -0.8168458E+0001
    17.72400   0.1788347E+0001  -0.6722053E-0016   0.3642604E+0001  -0.5935280E-0003   0.7142724E-0015  -0.1884560E-0001  -0.8168573E+0001
    17.72800   0.1788347E+0001  -0.1214306E-0016   0.3642292E+0001  -0.5935280E-0003   0.7143266E-0015  -0.1872074E-0001  -0.8168691E+0001
    17.73200   0.1788347E+0001  -0.1218643E-0015   0.3641976E+0001  -0.5935280E-0003   0.7141640E-0015  -0.1857898E-0001  -0.8168812E+0001
    17.73600   0.1788347E+0001  -0.1218643E-0015   0.3641657E+0001  -0.5935280E-0003   0.7153024E-0015  -0.1842156E-0001  -0.8168934E+0001
    17.74000   0.1788347E+0001  -0.1218643E-0015   0.3641333E+0001  -0.5935280E-0003   0.7160071E-0015  -0.1824974E-0001  -0.8169058E+0001
    17.74400   0.1788347E+0001  -0.6678685E-0016   0.3641007E+0001  -0.5935280E-0003   0.7164950E-0015  -0.1806482E-0001  -0.8169182E+0001
    17.74800   0.1788347E+0001  -0.1218643E-0015   0.3640677E+0001  -0.5935280E-0003   0.7169829E-0015  -0.1786814E-0001  -0.8169307E+0001
    17.75200   0.1788347E+0001  -0.1170938E-0016   0.3640345E+0001  -0.5935280E-0003   0.7172539E-0015  -0.1766104E-0001  -0.8169431E+0001
    17.75600   0.1788347E+0001  -0.6678685E-0016   0.3640009E+0001  -0.5935280E-0003   0.7179587E-0015  -0.1744486E-0001  -0.8169555E+0001
    17.76000   0.1788347E+0001  -0.1218643E-0015   0.3639672E+0001  -0.5935280E-0003   0.7186634E-0015  -0.1722096E-0001  -0.8169677E+0001
    17.76400   0.1788347E+0001  -0.1218643E-0015   0.3639332E+0001  -0.5935280E-0003   0.7191513E-0015  -0.1699066E-0001  -0.8169798E+0001
    17.76800   0.1788347E+0001  -0.1214306E-0016   0.3638990E+0001  -0.5935280E-0003   0.7192055E-0015  -0.1675527E-0001  -0.8169916E+0001
    17.77200   0.1788347E+0001  -0.1214306E-0016   0.3638647E+0001  -0.5935280E-0003   0.7201271E-0015  -0.1651605E-0001  -0.8170032E+0001
    17.77600   0.1788347E+0001  -0.6722053E-0016   0.3638302E+0001  -0.5935280E-0003   0.7201813E-0015  -0.1627425E-0001  -0.8170145E+0001
    17.78000   0.1788347E+0001  -0.6722053E-0016   0.3637956E+0001  -0.5935280E-0003   0.7217534E-0015  -0.1603104E-0001  -0.8170254E+0001
    17.78400   0.1788347E+0001  -0.1222980E-0015   0.3637609E+0001  -0.5935280E-0003   0.7222413E-0015  -0.1578757E-0001  -0.8170360E+0001
    17.78800   0.1788347E+0001  -0.6722053E-0016   0.3637261E+0001  -0.5935280E-0003   0.7227292E-0015  -0.1554490E-0001  -0.8170461E+0001
    17.79200   0.1788347E+0001  -0.6722053E-0016   0.3636912E+0001  -0.5935280E-0003   0.7227834E-0015  -0.1530406E-0001  -0.8170558E+0001
    17.79600   0.1788347E+0001  -0.6722053E-0016   0.3636563E+0001  -0.5935280E-0003   0.7241386E-0015  -0.1506598E-0001  -0.8170651E+0001
    17.80000   0.1788347E+0001  -0.1222980E-0015   0.3636214E+0001  -0.5935280E-0003   0.7244097E-0015  -0.1483156E-0001  -0.8170739E+0001
    17.80400   0.1788347E+0001  -0.6722053E-0016   0.3635864E+0001  -0.5935280E-0003   0.7251144E-0015  -0.1460160E-0001  -0.8170822E+0001
    17.80800   0.1788347E+0001  -0.6722053E-0016   0.3635515E+0001  -0.5935280E-0003   0.7249518E-0015  -0.1437684E-0001  -0.8170899E+0001
    17.81200   0.1788347E+0001   0.4271757E-0016   0.3635167E+0001  -0.5935280E-0003   0.7254939E-0015  -0.1415795E-0001  -0.8170972E+0001
    17.81600   0.1788347E+0001   0.4271757E-0016   0.3634819E+0001  -0.5935280E-0003   0.7268491E-0015  -0.1394553E-0001  -0.8171040E+0001
    17.82000   0.1788347E+0001  -0.1235990E-0016   0.3634472E+0001  -0.5935280E-0003   0.7271202E-0015  -0.1374010E-0001  -0.8171102E+0001
    17.82400   0.1788347E+0001  -0.1235990E-0016   0.3634126E+0001  -0.5935280E-0003   0.7276081E-0015  -0.1354212E-0001  -0.8171159E+0001
    17.82800   0.1788347E+0001  -0.6743738E-0016   0.3633782E+0001  -0.5935280E-0003   0.7278791E-0015  -0.1335198E-0001  -0.8171210E+0001
    17.83200   0.1788347E+0001  -0.6743738E-0016   0.3633439E+0001  -0.5935280E-0003   0.7293428E-0015  -0.1317001E-0001  -0.8171257E+0001
    17.83600   0.1788347E+0001   0.4250073E-0016   0.3633098E+0001  -0.5935280E-0003   0.7293970E-0015  -0.1299648E-0001  -0.8171299E+0001
    17.84000   0.1788347E+0001  -0.1235990E-0016   0.3632759E+0001  -0.5935280E-0003   0.7296681E-0015  -0.1283159E-0001  -0.8171335E+0001
    17.84400   0.1788347E+0001  -0.6722053E-0016   0.3632421E+0001  -0.5935280E-0003   0.7302102E-0015  -0.1267550E-0001  -0.8171367E+0001
    17.84800   0.1788347E+0001  -0.1235990E-0016   0.3632087E+0001  -0.5935280E-0003   0.7312402E-0015  -0.1252830E-0001  -0.8171394E+0001
    17.85200   0.1788347E+0001  -0.6743738E-0016   0.3631754E+0001  -0.5935280E-0003   0.7317280E-0015  -0.1239005E-0001  -0.8171417E+0001
    17.85600   0.1788347E+0001  -0.1257675E-0016   0.3631425E+0001  -0.5935280E-0003   0.7323244E-0015  -0.1226074E-0001  -0.8171435E+0001
    17.86000   0.1788347E+0001  -0.1257675E-0016   0.3631098E+0001  -0.5935280E-0003   0.7327038E-0015  -0.1214035E-0001  -0.8171449E+0001
    17.86400   0.1788347E+0001  -0.1257675E-0016   0.3630774E+0001  -0.5935280E-0003   0.7333001E-0015  -0.1202879E-0001  -0.8171459E+0001
    17.86800   0.1788347E+0001  -0.1257675E-0016   0.3630453E+0001  -0.5935280E-0003   0.7337880E-0015  -0.1192595E-0001  -0.8171465E+0001
    17.87200   0.1788347E+0001  -0.1225148E-0015   0.3630135E+0001  -0.5935280E-0003   0.7343030E-0015  -0.1183168E-0001  -0.8171468E+0001
    17.87600   0.1788347E+0001  -0.6765422E-0016   0.3629820E+0001  -0.5935280E-0003   0.7351162E-0015  -0.1174579E-0001  -0.8171466E+0001
    17.88000   0.1788347E+0001  -0.6765422E-0016   0.3629509E+0001  -0.5935280E-0003   0.7354956E-0015  -0.1166807E-0001  -0.8171462E+0001
    17.88400   0.1788347E+0001  -0.6765422E-0016   0.3629201E+0001  -0.5935280E-0003   0.7360920E-0015  -0.1159829E-0001  -0.8171453E+0001
    17.88800   0.1788347E+0001  -0.1268517E-0016   0.3628896E+0001  -0.5935280E-0003   0.7366883E-0015  -0.1153619E-0001  -0.8171442E+0001
    17.89200   0.1788347E+0001  -0.1226233E-0015   0.3628595E+0001  -0.5935280E-0003   0.7366341E-0015  -0.1148148E-0001  -0.8171428E+0001
    17.89600   0.1788347E+0001  -0.1257675E-0016   0.3628297E+0001  -0.5935280E-0003   0.7376641E-0015  -0.1143387E-0001  -0.8171410E+0001
    17.90000   0.1788347E+0001  -0.1257675E-0016   0.3628002E+0001  -0.5935280E-0003   0.7379351E-0015  -0.1139303E-0001  -0.8171390E+0001
    17.90400   0.1788347E+0001  -0.1226233E-0015   0.3627711E+0001  -0.5935280E-0003   0.7383146E-0015  -0.1135863E-0001  -0.8171366E+0001
    17.90800   0.1788347E+0001  -0.1268517E-0016   0.3627422E+0001  -0.5935280E-0003   0.7384772E-0015  -0.1133033E-0001  -0.8171340E+0001
    17.91200   0.1788347E+0001  -0.6765422E-0016   0.3627136E+0001  -0.5935280E-0003   0.7396156E-0015  -0.1130777E-0001  -0.8171310E+0001
    17.91600   0.1788347E+0001   0.4228388E-0016   0.3626854E+0001  -0.5935280E-0003   0.7398867E-0015  -0.1129060E-0001  -0.8171278E+0001
    17.92000   0.1788347E+0001  -0.1279359E-0016   0.3626573E+0001  -0.5935280E-0003   0.7400493E-0015  -0.1127843E-0001  -0.8171243E+0001
    17.92400   0.1788347E+0001   0.4217546E-0016   0.3626295E+0001  -0.5935280E-0003   0.7405372E-0015  -0.1127092E-0001  -0.8171205E+0001
    17.92800   0.1788347E+0001   0.4217546E-0016   0.3626019E+0001  -0.5935280E-0003   0.7412419E-0015  -0.1126767E-0001  -0.8171164E+0001
    17.93200   0.1788347E+0001  -0.1279359E-0016   0.3625745E+0001  -0.5935280E-0003   0.7416214E-0015  -0.1126834E-0001  -0.8171120E+0001
    17.93600   0.1788347E+0001  -0.1279359E-0016   0.3625473E+0001  -0.5935280E-0003   0.7421364E-0015  -0.1127257E-0001  -0.8171073E+0001
    17.94000   0.1788347E+0001  -0.6776264E-0016   0.3625202E+0001  -0.5935280E-0003   0.7425159E-0015  -0.1127999E-0001  -0.8171023E+0001
    17.94400   0.1788347E+0001  -0.1279359E-0016   0.3624932E+0001  -0.5935280E-0003   0.7431122E-0015  -0.1129026E-0001  -0.8170970E+0001
    17.94800   0.1788347E+0001  -0.1279359E-0016   0.3624662E+0001  -0.5935280E-0003   0.7436272E-0015  -0.1130307E-0001  -0.8170914E+0001
    17.95200   0.1788347E+0001  -0.6776264E-0016   0.3624393E+0001  -0.5935280E-0003   0.7439253E-0015  -0.1131809E-0001  -0.8170855E+0001
    17.95600   0.1788347E+0001  -0.1279359E-0016   0.3624125E+0001  -0.5935280E-0003   0.7444132E-0015  -0.1133503E-0001  -0.8170793E+0001
    17.96000   0.1788347E+0001  -0.1279359E-0016   0.3623856E+0001  -0.5935280E-0003   0.7447927E-0015  -0.1135360E-0001  -0.8170728E+0001
    17.96400   0.1788347E+0001   0.4228388E-0016   0.3623586E+0001  -0.5935280E-0003   0.7452806E-0015  -0.1137355E-0001  -0.8170661E+0001
    17.96800   0.1788347E+0001  -0.1257675E-0016   0.3623316E+0001  -0.5935280E-0003   0.7457956E-0015  -0.1139463E-0001  -0.8170591E+0001
    17.97200   0.1788347E+0001  -0.6743738E-0016   0.3623045E+0001  -0.5935280E-0003   0.7461750E-0015  -0.1141664E-0001  -0.8170519E+0001
    17.97600   0.1788347E+0001  -0.1235990E-0016   0.3622773E+0001  -0.5935280E-0003   0.7468798E-0015  -0.1143936E-0001  -0.8170445E+0001
    17.98000   0.1788347E+0001  -0.6743738E-0016   0.3622500E+0001  -0.5935280E-0003   0.7471779E-0015  -0.1146262E-0001  -0.8170368E+0001
    17.98400   0.1788347E+0001  -0.6743738E-0016   0.3622225E+0001  -0.5935280E-0003   0.7477742E-0015  -0.1148627E-0001  -0.8170290E+0001
    17.98800   0.1788347E+0001  -0.6743738E-0016   0.3621948E+0001  -0.5935280E-0003   0.7482892E-0015  -0.1151018E-0001  -0.8170211E+0001
    17.99200   0.1788347E+0001  -0.1225148E-0015   0.3621669E+0001  -0.5935280E-0003   0.7484790E-0015  -0.1153422E-0001  -0.8170131E+0001
    17.99600   0.1788347E+0001  -0.6765422E-0016   0.3621388E+0001  -0.5935280E-0003   0.7492921E-0015  -0.1155829E-0001  -0.8170050E+0001
    18.00000   0.1788347E+0001  -0.6765422E-0016   0.3621105E+0001  -0.5935280E-0003   0.7493734E-0015  -0.1158231E-0001  -0.8169969E+0001
    18.00400   0.1788347E+0001  -0.6765422E-0016   0.3620820E+0001  -0.5935280E-0003   0.7498884E-0015  -0.1160621E-0001  -0.8169888E+0001
    18.00800   0.1788347E+0001  -0.6765422E-0016   0.3620532E+0001  -0.5935280E-0003   0.7502679E-0015  -0.1162991E-0001  -0.8169808E+0001
    18.01200   0.1788347E+0001  -0.1225148E-0015   0.3620243E+0001  -0.5935280E-0003   0.7508642E-0015  -0.1165337E-0001  -0.8169730E+0001
    18.01600   0.1788347E+0001  -0.1257675E-0016   0.3619951E+0001  -0.5935280E-0003   0.7512437E-0015  -0.1167654E-0001  -0.8169653E+0001
    18.02000   0.1788347E+0001  -0.1227317E-0015   0.3619657E+0001  -0.5935280E-0003   0.7517316E-0015  -0.1169937E-0001  -0.8169579E+0001
    18.02400   0.1788347E+0001  -0.1257675E-0016   0.3619360E+0001  -0.5935280E-0003   0.7520026E-0015  -0.1172180E-0001  -0.8169507E+0001
    18.02800   0.1788347E+0001  -0.1225148E-0015   0.3619062E+0001  -0.5935280E-0003   0.7527074E-0015  -0.1174378E-0001  -0.8169438E+0001
    18.03200   0.1788347E+0001  -0.1235990E-0016   0.3618762E+0001  -0.5935280E-0003   0.7530868E-0015  -0.1176525E-0001  -0.8169374E+0001
    18.03600   0.1788347E+0001  -0.1222980E-0015   0.3618461E+0001  -0.5935280E-0003   0.7537916E-0015  -0.1178615E-0001  -0.8169313E+0001
    18.04000   0.1788347E+0001  -0.6722053E-0016   0.3618157E+0001  -0.5935280E-0003   0.7540626E-0015  -0.1180639E-0001  -0.8169257E+0001
    18.04400   0.1788347E+0001  -0.1220812E-0015   0.3617853E+0001  -0.5935280E-0003   0.7546589E-0015  -0.1182589E-0001  -0.8169207E+0001
    18.04800   0.1788347E+0001  -0.6722053E-0016   0.3617547E+0001  -0.5935280E-0003   0.7553637E-0015  -0.1184454E-0001  -0.8169161E+0001
    18.05200   0.1788347E+0001  -0.1222980E-0015   0.3617240E+0001  -0.5935280E-0003   0.7557973E-0015  -0.1186222E-0001  -0.8169122E+0001
    18.05600   0.1788347E+0001  -0.6722053E-0016   0.3616932E+0001  -0.5935280E-0003   0.7560684E-0015  -0.1187880E-0001  -0.8169088E+0001
    18.06000   0.1788347E+0001  -0.6722053E-0016   0.3616624E+0001  -0.5935280E-0003   0.7565563E-0015  -0.1189414E-0001  -0.8169061E+0001
    18.06400   0.1788347E+0001  -0.1235990E-0016   0.3616315E+0001  -0.5935280E-0003   0.7570442E-0015  -0.1190807E-0001  -0.8169040E+0001
    18.06800   0.1788347E+0001  -0.1222980E-0015   0.3616006E+0001  -0.5935280E-0003   0.7579657E-0015  -0.1192043E-0001  -0.8169026E+0001
    18.07200   0.1788347E+0001  -0.1222980E-0015   0.3615697E+0001  -0.5935280E-0003   0.7581284E-0015  -0.1193103E-0001  -0.8169018E+0001
    18.07600   0.1788347E+0001  -0.1773755E-0015   0.3615388E+0001  -0.5935280E-0003   0.7586163E-0015  -0.1193968E-0001  -0.8169016E+0001
    18.08000   0.1788347E+0001  -0.6743738E-0016   0.3615080E+0001  -0.5935280E-0003   0.7591584E-0015  -0.1194618E-0001  -0.8169021E+0001
    18.08400   0.1788347E+0001  -0.1225148E-0015   0.3614773E+0001  -0.5935280E-0003   0.7594836E-0015  -0.1195033E-0001  -0.8169033E+0001
    18.08800   0.1788347E+0001  -0.6765422E-0016   0.3614466E+0001  -0.5935280E-0003   0.7601341E-0015  -0.1195193E-0001  -0.8169050E+0001
    18.09200   0.1788347E+0001  -0.6765422E-0016   0.3614161E+0001  -0.5935280E-0003   0.7608931E-0015  -0.1195076E-0001  -0.8169074E+0001
    18.09600   0.1788347E+0001  -0.1225148E-0015   0.3613856E+0001  -0.5935280E-0003   0.7613268E-0015  -0.1194664E-0001  -0.8169102E+0001
    18.10000   0.1788347E+0001  -0.1225148E-0015   0.3613554E+0001  -0.5935280E-0003   0.7618689E-0015  -0.1193937E-0001  -0.8169137E+0001
    18.10400   0.1788347E+0001  -0.1222980E-0015   0.3613253E+0001  -0.5935280E-0003   0.7623025E-0015  -0.1192877E-0001  -0.8169175E+0001
    18.10800   0.1788347E+0001  -0.1214306E-0016   0.3612953E+0001  -0.5935280E-0003   0.7625194E-0015  -0.1191467E-0001  -0.8169219E+0001
    18.11200   0.1788347E+0001  -0.1214306E-0016   0.3612656E+0001  -0.5935280E-0003   0.7630615E-0015  -0.1189692E-0001  -0.8169266E+0001
    18.11600   0.1788347E+0001  -0.1769418E-0015   0.3612361E+0001  -0.5935280E-0003   0.7638204E-0015  -0.1187538E-0001  -0.8169316E+0001
    18.12000   0.1788347E+0001  -0.1218643E-0015   0.3612069E+0001  -0.5935280E-0003   0.7641457E-0015  -0.1184994E-0001  -0.8169369E+0001
    18.12400   0.1788347E+0001  -0.1218643E-0015   0.3611779E+0001  -0.5935280E-0003   0.7642541E-0015  -0.1182049E-0001  -0.8169425E+0001
    18.12800   0.1788347E+0001  -0.6678685E-0016   0.3611492E+0001  -0.5935280E-0003   0.7650131E-0015  -0.1178697E-0001  -0.8169483E+0001
    18.13200   0.1788347E+0001  -0.1214306E-0015   0.3611207E+0001  -0.5935280E-0003   0.7657720E-0015  -0.1174932E-0001  -0.8169541E+0001
    18.13600   0.1788347E+0001  -0.1127570E-0016   0.3610926E+0001  -0.5935280E-0003   0.7662057E-0015  -0.1170749E-0001  -0.8169600E+0001
    18.14000   0.1788347E+0001  -0.6635317E-0016   0.3610647E+0001  -0.5935280E-0003   0.7668562E-0015  -0.1166150E-0001  -0.8169660E+0001
    18.14400   0.1788347E+0001  -0.6635317E-0016   0.3610372E+0001  -0.5935280E-0003   0.7672899E-0015  -0.1161133E-0001  -0.8169719E+0001
    18.14800   0.1788347E+0001  -0.1214306E-0015   0.3610100E+0001  -0.5935280E-0003   0.7677236E-0015  -0.1155702E-0001  -0.8169777E+0001
    18.15200   0.1788347E+0001  -0.1765081E-0015   0.3609832E+0001  -0.5935280E-0003   0.7681572E-0015  -0.1149863E-0001  -0.8169833E+0001
    18.15600   0.1788347E+0001  -0.1170938E-0016   0.3609567E+0001  -0.5935280E-0003   0.7684825E-0015  -0.1143620E-0001  -0.8169888E+0001
    18.16000   0.1788347E+0001  -0.6678685E-0016   0.3609306E+0001  -0.5935280E-0003   0.7689162E-0015  -0.1136982E-0001  -0.8169940E+0001
    18.16400   0.1788347E+0001  -0.6678685E-0016   0.3609049E+0001  -0.5935280E-0003   0.7694583E-0015  -0.1129958E-0001  -0.8169989E+0001
    18.16800   0.1788347E+0001  -0.6678685E-0016   0.3608796E+0001  -0.5935280E-0003   0.7701088E-0015  -0.1122558E-0001  -0.8170035E+0001
    18.17200   0.1788347E+0001  -0.6678685E-0016   0.3608547E+0001  -0.5935280E-0003   0.7701088E-0015  -0.1114792E-0001  -0.8170078E+0001
    18.17600   0.1788347E+0001  -0.6678685E-0016   0.3608301E+0001  -0.5935280E-0003   0.7704341E-0015  -0.1106671E-0001  -0.8170116E+0001
    18.18000   0.1788347E+0001  -0.1170938E-0016   0.3608060E+0001  -0.5935280E-0003   0.7711930E-0015  -0.1098209E-0001  -0.8170150E+0001
    18.18400   0.1788347E+0001  -0.1170938E-0016   0.3607823E+0001  -0.5935280E-0003   0.7714098E-0015  -0.1089415E-0001  -0.8170180E+0001
    18.18800   0.1788347E+0001  -0.1218643E-0015   0.3607590E+0001  -0.5935280E-0003   0.7716267E-0015  -0.1080302E-0001  -0.8170205E+0001
    18.19200   0.1788347E+0001  -0.6722053E-0016   0.3607362E+0001  -0.5935280E-0003   0.7723856E-0015  -0.1070882E-0001  -0.8170225E+0001
    18.19600   0.1788347E+0001  -0.6722053E-0016   0.3607137E+0001  -0.5935280E-0003   0.7726025E-0015  -0.1061166E-0001  -0.8170239E+0001
    18.20000   0.1788347E+0001  -0.6722053E-0016   0.3606917E+0001  -0.5935280E-0003   0.7730361E-0015  -0.1051165E-0001  -0.8170249E+0001
    18.20400   0.1788347E+0001  -0.1222980E-0015   0.3606700E+0001  -0.5935280E-0003   0.7731446E-0015  -0.1040889E-0001  -0.8170253E+0001
    18.20800   0.1788347E+0001  -0.1222980E-0015   0.3606488E+0001  -0.5935280E-0003   0.7739035E-0015  -0.1030349E-0001  -0.8170252E+0001
    18.21200   0.1788347E+0001  -0.1214306E-0016   0.3606280E+0001  -0.5935280E-0003   0.7741204E-0015  -0.1019553E-0001  -0.8170245E+0001
    18.21600   0.1788347E+0001  -0.6722053E-0016   0.3606076E+0001  -0.5935280E-0003   0.7740119E-0015  -0.1008510E-0001  -0.8170234E+0001
    18.22000   0.1788347E+0001  -0.6722053E-0016   0.3605876E+0001  -0.5935280E-0003   0.7743372E-0015  -0.9972288E-0002  -0.8170217E+0001
    18.22400   0.1788347E+0001  -0.1257675E-0016   0.3605680E+0001  -0.5935280E-0003   0.7752046E-0015  -0.9857174E-0002  -0.8170194E+0001
    18.22800   0.1788347E+0001  -0.6765422E-0016   0.3605487E+0001  -0.5935280E-0003   0.7754214E-0015  -0.9739834E-0002  -0.8170167E+0001
    18.23200   0.1788347E+0001  -0.6765422E-0016   0.3605298E+0001  -0.5935280E-0003   0.7756382E-0015  -0.9620341E-0002  -0.8170135E+0001
    18.23600   0.1788347E+0001  -0.6765422E-0016   0.3605112E+0001  -0.5935280E-0003   0.7760719E-0015  -0.9498769E-0002  -0.8170098E+0001
    18.24000   0.1788347E+0001  -0.1222980E-0015   0.3604930E+0001  -0.5935280E-0003   0.7762888E-0015  -0.9375192E-0002  -0.8170057E+0001
    18.24400   0.1788347E+0001  -0.1222980E-0015   0.3604752E+0001  -0.5935280E-0003   0.7767224E-0015  -0.9249686E-0002  -0.8170011E+0001
    18.24800   0.1788347E+0001  -0.6722053E-0016   0.3604576E+0001  -0.5935280E-0003   0.7769393E-0015  -0.9122329E-0002  -0.8169962E+0001
    18.25200   0.1788347E+0001  -0.1222980E-0015   0.3604403E+0001  -0.5935280E-0003   0.7771561E-0015  -0.8993208E-0002  -0.8169908E+0001
    18.25600   0.1788347E+0001  -0.1257675E-0016   0.3604233E+0001  -0.5935280E-0003   0.7769393E-0015  -0.8862413E-0002  -0.8169851E+0001
    18.26000   0.1788347E+0001  -0.6765422E-0016   0.3604066E+0001  -0.5935280E-0003   0.7778066E-0015  -0.8730044E-0002  -0.8169792E+0001
    18.26400   0.1788347E+0001  -0.1227317E-0015   0.3603902E+0001  -0.5935280E-0003   0.7778066E-0015  -0.8596210E-0002  -0.8169729E+0001
    18.26800   0.1788347E+0001  -0.1257675E-0016   0.3603740E+0001  -0.5935280E-0003   0.7782403E-0015  -0.8461030E-0002  -0.8169664E+0001
    18.27200   0.1788347E+0001  -0.1773755E-0015   0.3603581E+0001  -0.5935280E-0003   0.7784572E-0015  -0.8324637E-0002  -0.8169597E+0001
    18.27600   0.1788347E+0001  -0.6765422E-0016   0.3603424E+0001  -0.5935280E-0003   0.7786740E-0015  -0.8187173E-0002  -0.8169528E+0001
    18.28000   0.1788347E+0001  -0.1227317E-0015   0.3603269E+0001  -0.5935280E-0003   0.7791077E-0015  -0.8048796E-0002  -0.8169458E+0001
    18.28400   0.1788347E+0001  -0.1257675E-0016   0.3603117E+0001  -0.5935280E-0003   0.7793245E-0015  -0.7909676E-0002  -0.8169387E+0001
    18.28800   0.1788347E+0001  -0.6765422E-0016   0.3602967E+0001  -0.5935280E-0003   0.7795414E-0015  -0.7769998E-0002  -0.8169315E+0001
    18.29200   0.1788347E+0001  -0.1227317E-0015   0.3602819E+0001  -0.5935280E-0003   0.7797582E-0015  -0.7629958E-0002  -0.8169243E+0001
    18.29600   0.1788347E+0001  -0.6765422E-0016   0.3602673E+0001  -0.5935280E-0003   0.7806256E-0015  -0.7489764E-0002  -0.8169171E+0001
    18.30000   0.1788347E+0001  -0.6765422E-0016   0.3602529E+0001  -0.5935280E-0003   0.7801919E-0015  -0.7349639E-0002  -0.8169099E+0001
    18.30400   0.1788347E+0001  -0.1257675E-0016   0.3602387E+0001  -0.5935280E-0003   0.7808424E-0015  -0.7209811E-0002  -0.8169027E+0001
    18.30800   0.1788347E+0001  -0.1257675E-0016   0.3602248E+0001  -0.5935280E-0003   0.7808424E-0015  -0.7070520E-0002  -0.8168957E+0001
    18.31200   0.1788347E+0001  -0.1257675E-0016   0.3602110E+0001  -0.5935280E-0003   0.7810592E-0015  -0.6932011E-0002  -0.8168888E+0001
    18.31600   0.1788347E+0001  -0.1227317E-0015   0.3601975E+0001  -0.5935280E-0003   0.7810592E-0015  -0.6794532E-0002  -0.8168820E+0001
    18.32000   0.1788347E+0001  -0.1227317E-0015   0.3601842E+0001  -0.5935280E-0003   0.7814929E-0015  -0.6658333E-0002  -0.8168754E+0001
    18.32400   0.1788347E+0001  -0.6765422E-0016   0.3601711E+0001  -0.5935280E-0003   0.7817098E-0015  -0.6523662E-0002  -0.8168690E+0001
    18.32800   0.1788347E+0001  -0.1227317E-0015   0.3601583E+0001  -0.5935280E-0003   0.7819266E-0015  -0.6390762E-0002  -0.8168628E+0001
    18.33200   0.1788347E+0001  -0.6765422E-0016   0.3601456E+0001  -0.5935280E-0003   0.7823603E-0015  -0.6259866E-0002  -0.8168568E+0001
    18.33600   0.1788347E+0001  -0.1257675E-0016   0.3601333E+0001  -0.5935280E-0003   0.7823603E-0015  -0.6131198E-0002  -0.8168511E+0001
    18.34000   0.1788347E+0001  -0.6765422E-0016   0.3601211E+0001  -0.5935280E-0003   0.7827940E-0015  -0.6004963E-0002  -0.8168455E+0001
    18.34400   0.1788347E+0001  -0.1778092E-0015   0.3601092E+0001  -0.5935280E-0003   0.7825771E-0015  -0.5881350E-0002  -0.8168402E+0001
    18.34800   0.1788347E+0001  -0.6808790E-0016   0.3600975E+0001  -0.5935280E-0003   0.7830108E-0015  -0.5760523E-0002  -0.8168352E+0001
    18.35200   0.1788347E+0001  -0.6808790E-0016   0.3600861E+0001  -0.5935280E-0003   0.7832276E-0015  -0.5642623E-0002  -0.8168303E+0001
    18.35600   0.1788347E+0001  -0.6808790E-0016   0.3600749E+0001  -0.5935280E-0003   0.7834445E-0015  -0.5527758E-0002  -0.8168258E+0001
    18.36000   0.1788347E+0001  -0.1231654E-0015   0.3600640E+0001  -0.5935280E-0003   0.7834445E-0015  -0.5416007E-0002  -0.8168214E+0001
    18.36400   0.1788347E+0001  -0.1231654E-0015   0.3600533E+0001  -0.5935280E-0003   0.7838782E-0015  -0.5307413E-0002  -0.8168172E+0001
    18.36800   0.1788347E+0001  -0.6808790E-0016   0.3600428E+0001  -0.5935280E-0003   0.7838782E-0015  -0.5201985E-0002  -0.8168133E+0001
    18.37200   0.1788347E+0001  -0.6808790E-0016   0.3600325E+0001  -0.5935280E-0003   0.7840950E-0015  -0.5099692E-0002  -0.8168095E+0001
    18.37600   0.1788347E+0001  -0.6808790E-0016   0.3600225E+0001  -0.5935280E-0003   0.7843119E-0015  -0.5000462E-0002  -0.8168060E+0001
    18.38000   0.1788347E+0001  -0.6808790E-0016   0.3600126E+0001  -0.5935280E-0003   0.7843119E-0015  -0.4904188E-0002  -0.8168025E+0001
    18.38400   0.1788347E+0001  -0.1231654E-0015   0.3600030E+0001  -0.5935280E-0003   0.7847455E-0015  -0.4810718E-0002  -0.8167992E+0001
    18.38800   0.1788347E+0001  -0.6852158E-0016   0.3599935E+0001  -0.5935280E-0003   0.7847455E-0015  -0.4719866E-0002  -0.8167961E+0001
    18.39200   0.1788347E+0001  -0.1235990E-0015   0.3599842E+0001  -0.5935280E-0003   0.7849624E-0015  -0.4631406E-0002  -0.8167930E+0001
    18.39600   0.1788347E+0001  -0.1387779E-0016   0.3599750E+0001  -0.5935280E-0003   0.7849624E-0015  -0.4545077E-0002  -0.8167900E+0001
    18.40000   0.1788347E+0001  -0.6895526E-0016   0.3599660E+0001  -0.5935280E-0003   0.7851792E-0015  -0.4460585E-0002  -0.8167870E+0001
    18.40400   0.1788347E+0001  -0.6895526E-0016   0.3599571E+0001  -0.5935280E-0003   0.7853961E-0015  -0.4377606E-0002  -0.8167841E+0001
    18.40800   0.1788347E+0001  -0.1235990E-0015   0.3599482E+0001  -0.5935280E-0003   0.7853961E-0015  -0.4295793E-0002  -0.8167812E+0001
    18.41200   0.1788347E+0001  -0.1786765E-0015   0.3599395E+0001  -0.5935280E-0003   0.7853961E-0015  -0.4214773E-0002  -0.8167782E+0001
    18.41600   0.1788347E+0001  -0.1235990E-0015   0.3599308E+0001  -0.5935280E-0003   0.7856129E-0015  -0.4134160E-0002  -0.8167753E+0001
    18.42000   0.1788347E+0001  -0.1235990E-0015   0.3599221E+0001  -0.5935280E-0003   0.7860466E-0015  -0.4053555E-0002  -0.8167723E+0001
    18.42400   0.1788347E+0001  -0.1235990E-0015   0.3599134E+0001  -0.5935280E-0003   0.7860466E-0015  -0.3972553E-0002  -0.8167692E+0001
    18.42800   0.1788347E+0001  -0.6852158E-0016   0.3599047E+0001  -0.5935280E-0003   0.7864803E-0015  -0.3890748E-0002  -0.8167661E+0001
    18.43200   0.1788347E+0001  -0.6852158E-0016   0.3598960E+0001  -0.5935280E-0003   0.7862634E-0015  -0.3807740E-0002  -0.8167628E+0001
    18.43600   0.1788347E+0001  -0.6852158E-0016   0.3598872E+0001  -0.5935280E-0003   0.7864803E-0015  -0.3723141E-0002  -0.8167595E+0001
    18.44000   0.1788347E+0001  -0.6852158E-0016   0.3598783E+0001  -0.5935280E-0003   0.7866971E-0015  -0.3636578E-0002  -0.8167561E+0001
    18.44400   0.1788347E+0001  -0.6852158E-0016   0.3598694E+0001  -0.5935280E-0003   0.7866971E-0015  -0.3547703E-0002  -0.8167525E+0001
    18.44800   0.1788347E+0001  -0.6852158E-0016   0.3598603E+0001  -0.5935280E-0003   0.7866971E-0015  -0.3456193E-0002  -0.8167488E+0001
    18.45200   0.1788347E+0001   0.4119968E-0016   0.3598512E+0001  -0.5935280E-0003   0.7871308E-0015  -0.3361762E-0002  -0.8167450E+0001
    18.45600   0.1788347E+0001  -0.1240327E-0015   0.3598418E+0001  -0.5935280E-0003   0.7873476E-0015  -0.3264159E-0002  -0.8167411E+0001
    18.46000   0.1788347E+0001  -0.6938894E-0016   0.3598324E+0001  -0.5935280E-0003   0.7873476E-0015  -0.3163176E-0002  -0.8167371E+0001
    18.46400   0.1788347E+0001  -0.6938894E-0016   0.3598228E+0001  -0.5935280E-0003   0.7875645E-0015  -0.3058650E-0002  -0.8167329E+0001
    18.46800   0.1788347E+0001  -0.1795439E-0015   0.3598130E+0001  -0.5935280E-0003   0.7875645E-0015  -0.2950467E-0002  -0.8167287E+0001
    18.47200   0.1788347E+0001  -0.6938894E-0016   0.3598030E+0001  -0.5935280E-0003   0.7879981E-0015  -0.2838564E-0002  -0.8167244E+0001
    18.47600   0.1788347E+0001  -0.6938894E-0016   0.3597928E+0001  -0.5935280E-0003   0.7882150E-0015  -0.2722929E-0002  -0.8167200E+0001
    18.48000   0.1788347E+0001  -0.6938894E-0016   0.3597825E+0001  -0.5935280E-0003   0.7882150E-0015  -0.2603605E-0002  -0.8167155E+0001
    18.48400   0.1788347E+0001  -0.1244664E-0015   0.3597720E+0001  -0.5935280E-0003   0.7884318E-0015  -0.2480685E-0002  -0.8167110E+0001
    18.48800   0.1788347E+0001  -0.1431147E-0016   0.3597613E+0001  -0.5935280E-0003   0.7886487E-0015  -0.2354317E-0002  -0.8167064E+0001
    18.49200   0.1788347E+0001  -0.6938894E-0016   0.3597504E+0001  -0.5935280E-0003   0.7886487E-0015  -0.2224696E-0002  -0.8167018E+0001
    18.49600   0.1788347E+0001  -0.6938894E-0016   0.3597393E+0001  -0.5935280E-0003   0.7888655E-0015  -0.2092065E-0002  -0.8166973E+0001
    18.50000   0.1788347E+0001  -0.1431147E-0016   0.3597281E+0001  -0.5935280E-0003   0.7890823E-0015  -0.1956714E-0002  -0.8166927E+0001
    18.50400   0.1788347E+0001  -0.1431147E-0016   0.3597166E+0001  -0.5935280E-0003   0.7892992E-0015  -0.1818968E-0002  -0.8166883E+0001
    18.50800   0.1788347E+0001  -0.6938894E-0016   0.3597051E+0001  -0.5935280E-0003   0.7895160E-0015  -0.1679192E-0002  -0.8166839E+0001
    18.51200   0.1788347E+0001  -0.1431147E-0016   0.3596933E+0001  -0.5935280E-0003   0.7897329E-0015  -0.1537776E-0002  -0.8166796E+0001
    18.51600   0.1788347E+0001  -0.6938894E-0016   0.3596814E+0001  -0.5935280E-0003   0.7899497E-0015  -0.1395138E-0002  -0.8166754E+0001
    18.52000   0.1788347E+0001  -0.1242496E-0015   0.3596694E+0001  -0.5935280E-0003   0.7901665E-0015  -0.1251708E-0002  -0.8166713E+0001
    18.52400   0.1788347E+0001  -0.1431147E-0016   0.3596572E+0001  -0.5935280E-0003   0.7903834E-0015  -0.1107932E-0002  -0.8166674E+0001
    18.52800   0.1788347E+0001  -0.1242496E-0015   0.3596450E+0001  -0.5935280E-0003   0.7906002E-0015  -0.9642537E-0003  -0.8166637E+0001
    18.53200   0.1788347E+0001  -0.1409463E-0016   0.3596326E+0001  -0.5935280E-0003   0.7908171E-0015  -0.8211166E-0003  -0.8166603E+0001
    18.53600   0.1788347E+0001  -0.1240327E-0015   0.3596201E+0001  -0.5935280E-0003   0.7908171E-0015  -0.6789512E-0003  -0.8166570E+0001
    18.54000   0.1788347E+0001  -0.1409463E-0016   0.3596076E+0001  -0.5935280E-0003   0.7912507E-0015  -0.5381698E-0003  -0.8166539E+0001
    18.54400   0.1788347E+0001  -0.1409463E-0016   0.3595949E+0001  -0.5935280E-0003   0.7912507E-0015  -0.3991599E-0003  -0.8166512E+0001
    18.54800   0.1788347E+0001  -0.1409463E-0016   0.3595822E+0001  -0.5935280E-0003   0.7914676E-0015  -0.2622771E-0003  -0.8166486E+0001
    18.55200   0.1788347E+0001  -0.6917210E-0016   0.3595694E+0001  -0.5935280E-0003   0.7919013E-0015  -0.1278395E-0003  -0.8166464E+0001
    18.55600   0.1788347E+0001  -0.6917210E-0016   0.3595566E+0001  -0.5935280E-0003   0.7919013E-0015   0.3877427E-0005  -0.8166444E+0001
    18.56000   0.1788347E+0001  -0.1793270E-0015   0.3595438E+0001  -0.5935280E-0003   0.7921181E-0015   0.1326455E-0003  -0.8166427E+0001
    18.56400   0.1788347E+0001  -0.6938894E-0016   0.3595309E+0001  -0.5935280E-0003   0.7923349E-0015   0.2582875E-0003  -0.8166414E+0001
    18.56800   0.1788347E+0001  -0.1244664E-0015   0.3595180E+0001  -0.5935280E-0003   0.7925518E-0015   0.3806796E-0003  -0.8166403E+0001
    18.57200   0.1788347E+0001  -0.6938894E-0016   0.3595052E+0001  -0.5935280E-0003   0.7928770E-0015   0.4997529E-0003  -0.8166395E+0001
    18.57600   0.1788347E+0001   0.4076600E-0016   0.3594923E+0001  -0.5935280E-0003   0.7929855E-0015   0.6154942E-0003  -0.8166389E+0001
    18.58000   0.1788347E+0001  -0.6938894E-0016   0.3594794E+0001  -0.5935280E-0003   0.7932023E-0015   0.7279453E-0003  -0.8166387E+0001
    18.58400   0.1788347E+0001  -0.1244664E-0015   0.3594665E+0001  -0.5935280E-0003   0.7934191E-0015   0.8372006E-0003  -0.8166387E+0001
    18.58800   0.1788347E+0001  -0.6938894E-0016   0.3594537E+0001  -0.5935280E-0003   0.7936360E-0015   0.9434049E-0003  -0.8166390E+0001
    18.59200   0.1788347E+0001  -0.6938894E-0016   0.3594409E+0001  -0.5935280E-0003   0.7938528E-0015   0.1046749E-0002  -0.8166395E+0001
    18.59600   0.1788347E+0001  -0.1431147E-0016   0.3594281E+0001  -0.5935280E-0003   0.7940697E-0015   0.1147463E-0002  -0.8166403E+0001
    18.60000   0.1788347E+0001  -0.1244664E-0015   0.3594155E+0001  -0.5935280E-0003   0.7942865E-0015   0.1245812E-0002  -0.8166412E+0001
    18.60400   0.1788347E+0001  -0.6938894E-0016   0.3594029E+0001  -0.5935280E-0003   0.7945034E-0015   0.1342089E-0002  -0.8166424E+0001
    18.60800   0.1788347E+0001  -0.1474515E-0016   0.3593903E+0001  -0.5935280E-0003   0.7947202E-0015   0.1436606E-0002  -0.8166437E+0001
    18.61200   0.1788347E+0001  -0.1244664E-0015   0.3593779E+0001  -0.5935280E-0003   0.7949370E-0015   0.1529683E-0002  -0.8166451E+0001
    18.61600   0.1788347E+0001  -0.6938894E-0016   0.3593656E+0001  -0.5935280E-0003   0.7951539E-0015   0.1621643E-0002  -0.8166467E+0001
    18.62000   0.1788347E+0001  -0.6938894E-0016   0.3593534E+0001  -0.5935280E-0003   0.7952623E-0015   0.1712802E-0002  -0.8166484E+0001
    18.62400   0.1788347E+0001  -0.6938894E-0016   0.3593414E+0001  -0.5935280E-0003   0.7954791E-0015   0.1803454E-0002  -0.8166501E+0001
    18.62800   0.1788347E+0001   0.4033232E-0016   0.3593296E+0001  -0.5935280E-0003   0.7958044E-0015   0.1893871E-0002  -0.8166519E+0001
    18.63200   0.1788347E+0001  -0.1474515E-0016   0.3593179E+0001  -0.5935280E-0003   0.7959128E-0015   0.1984283E-0002  -0.8166538E+0001
    18.63600   0.1788347E+0001  -0.1249001E-0015   0.3593064E+0001  -0.5935280E-0003   0.7961297E-0015   0.2074878E-0002  -0.8166556E+0001
    18.64000   0.1788347E+0001  -0.7025630E-0016   0.3592952E+0001  -0.5935280E-0003   0.7963465E-0015   0.2165787E-0002  -0.8166574E+0001
    18.64400   0.1788347E+0001  -0.7025630E-0016   0.3592843E+0001  -0.5935280E-0003   0.7963465E-0015   0.2257083E-0002  -0.8166592E+0001
    18.64800   0.1788347E+0001  -0.1517883E-0016   0.3592736E+0001  -0.5935280E-0003   0.7967802E-0015   0.2348770E-0002  -0.8166609E+0001
    18.65200   0.1788347E+0001  -0.1517883E-0016   0.3592632E+0001  -0.5935280E-0003   0.7967802E-0015   0.2440780E-0002  -0.8166626E+0001
    18.65600   0.1788347E+0001  -0.7025630E-0016   0.3592532E+0001  -0.5935280E-0003   0.7969970E-0015   0.2532969E-0002  -0.8166641E+0001
    18.66000   0.1788347E+0001  -0.1561251E-0016   0.3592435E+0001  -0.5935280E-0003   0.7971054E-0015   0.2625115E-0002  -0.8166656E+0001
    18.66400   0.1788347E+0001  -0.1561251E-0016   0.3592343E+0001  -0.5935280E-0003   0.7974307E-0015   0.2716917E-0002  -0.8166669E+0001
    18.66800   0.1788347E+0001  -0.1253338E-0015   0.3592254E+0001  -0.5935280E-0003   0.7974307E-0015   0.2807996E-0002  -0.8166681E+0001
    18.67200   0.1788347E+0001  -0.7025630E-0016   0.3592170E+0001  -0.5935280E-0003   0.7976475E-0015   0.2897901E-0002  -0.8166692E+0001
    18.67600   0.1788347E+0001  -0.7025630E-0016   0.3592090E+0001  -0.5935280E-0003   0.7978644E-0015   0.2986107E-0002  -0.8166701E+0001
    18.68000   0.1788347E+0001  -0.1253338E-0015   0.3592016E+0001  -0.5935280E-0003   0.7979728E-0015   0.3072028E-0002  -0.8166709E+0001
    18.68400   0.1788347E+0001  -0.1561251E-0016   0.3591947E+0001  -0.5935280E-0003   0.7980812E-0015   0.3155021E-0002  -0.8166715E+0001
    18.68800   0.1788347E+0001  -0.1257675E-0015   0.3591883E+0001  -0.5935280E-0003   0.7981896E-0015   0.3234394E-0002  -0.8166719E+0001
    18.69200   0.1788347E+0001  -0.1257675E-0015   0.3591824E+0001  -0.5935280E-0003   0.7982981E-0015   0.3309421E-0002  -0.8166722E+0001
    18.69600   0.1788347E+0001  -0.1604619E-0016   0.3591772E+0001  -0.5935280E-0003   0.7984065E-0015   0.3379353E-0002  -0.8166723E+0001
    18.70000   0.1788347E+0001  -0.7112366E-0016   0.3591725E+0001  -0.5935280E-0003   0.7985149E-0015   0.3443425E-0002  -0.8166723E+0001
    18.70400   0.1788347E+0001  -0.1604619E-0016   0.3591684E+0001  -0.5935280E-0003   0.7987317E-0015   0.3500879E-0002  -0.8166721E+0001
    18.70800   0.1788347E+0001  -0.1262011E-0015   0.3591649E+0001  -0.5935280E-0003   0.7987317E-0015   0.3550971E-0002  -0.8166717E+0001
    18.71200   0.1788347E+0001  -0.1604619E-0016   0.3591621E+0001  -0.5935280E-0003   0.7986233E-0015   0.3592989E-0002  -0.8166713E+0001
    18.71600   0.1788347E+0001  -0.1257675E-0015   0.3591598E+0001  -0.5935280E-0003   0.7987317E-0015   0.3626265E-0002  -0.8166707E+0001
    18.72000   0.1788347E+0001  -0.1604619E-0016   0.3591582E+0001  -0.5935280E-0003   0.7988402E-0015   0.3650192E-0002  -0.8166699E+0001
    18.72400   0.1788347E+0001  -0.1604619E-0016   0.3591571E+0001  -0.5935280E-0003   0.7988402E-0015   0.3664237E-0002  -0.8166691E+0001
    18.72800   0.1788347E+0001  -0.7112366E-0016   0.3591566E+0001  -0.5935280E-0003   0.7989486E-0015   0.3667953E-0002  -0.8166681E+0001
    18.73200   0.1788347E+0001  -0.1262011E-0015   0.3591567E+0001  -0.5935280E-0003   0.7987317E-0015   0.3660992E-0002  -0.8166670E+0001
    18.73600   0.1788347E+0001  -0.7112366E-0016   0.3591574E+0001  -0.5935280E-0003   0.7988402E-0015   0.3643114E-0002  -0.8166658E+0001
    18.74000   0.1788347E+0001  -0.7112366E-0016   0.3591585E+0001  -0.5935280E-0003   0.7987317E-0015   0.3614198E-0002  -0.8166646E+0001
    18.74400   0.1788347E+0001  -0.1604619E-0016   0.3591602E+0001  -0.5935280E-0003   0.7988402E-0015   0.3574247E-0002  -0.8166632E+0001
    18.74800   0.1788347E+0001  -0.1604619E-0016   0.3591624E+0001  -0.5935280E-0003   0.7986233E-0015   0.3523397E-0002  -0.8166618E+0001
    18.75200   0.1788347E+0001  -0.7068998E-0016   0.3591649E+0001  -0.5935280E-0003   0.7988402E-0015   0.3461914E-0002  -0.8166603E+0001
    18.75600   0.1788347E+0001  -0.1253338E-0015   0.3591679E+0001  -0.5935280E-0003   0.7987317E-0015   0.3390201E-0002  -0.8166587E+0001
    18.76000   0.1788347E+0001  -0.1561251E-0016   0.3591713E+0001  -0.5935280E-0003   0.7986233E-0015   0.3308794E-0002  -0.8166571E+0001
    18.76400   0.1788347E+0001  -0.7068998E-0016   0.3591750E+0001  -0.5935280E-0003   0.7987317E-0015   0.3218358E-0002  -0.8166554E+0001
    18.76800   0.1788347E+0001  -0.7068998E-0016   0.3591789E+0001  -0.5935280E-0003   0.7985149E-0015   0.3119681E-0002  -0.8166536E+0001
    18.77200   0.1788347E+0001  -0.1257675E-0015   0.3591831E+0001  -0.5935280E-0003   0.7984065E-0015   0.3013668E-0002  -0.8166519E+0001
    18.77600   0.1788347E+0001  -0.7112366E-0016   0.3591876E+0001  -0.5935280E-0003   0.7984065E-0015   0.2901328E-0002  -0.8166500E+0001
    18.78000   0.1788347E+0001  -0.1604619E-0016   0.3591922E+0001  -0.5935280E-0003   0.7981896E-0015   0.2783765E-0002  -0.8166481E+0001
    18.78400   0.1788347E+0001  -0.1257675E-0015   0.3591969E+0001  -0.5935280E-0003   0.7982981E-0015   0.2662161E-0002  -0.8166462E+0001
    18.78800   0.1788347E+0001  -0.1561251E-0016   0.3592018E+0001  -0.5935280E-0003   0.7982981E-0015   0.2537760E-0002  -0.8166442E+0001
    18.79200   0.1788347E+0001  -0.1804112E-0015   0.3592067E+0001  -0.5935280E-0003   0.7980812E-0015   0.2411855E-0002  -0.8166421E+0001
    18.79600   0.1788347E+0001  -0.7025630E-0016   0.3592116E+0001  -0.5935280E-0003   0.7979728E-0015   0.2285767E-0002  -0.8166400E+0001
    18.80000   0.1788347E+0001  -0.1253338E-0015   0.3592166E+0001  -0.5935280E-0003   0.7979728E-0015   0.2160827E-0002  -0.8166379E+0001
    18.80400   0.1788347E+0001  -0.1517883E-0016   0.3592216E+0001  -0.5935280E-0003   0.7977560E-0015   0.2038357E-0002  -0.8166357E+0001
    18.80800   0.1788347E+0001  -0.7025630E-0016   0.3592265E+0001  -0.5935280E-0003   0.7977560E-0015   0.1919651E-0002  -0.8166335E+0001
    18.81200   0.1788347E+0001  -0.1253338E-0015   0.3592314E+0001  -0.5935280E-0003   0.7975391E-0015   0.1805955E-0002  -0.8166312E+0001
    18.81600   0.1788347E+0001  -0.1253338E-0015   0.3592363E+0001  -0.5935280E-0003   0.7975391E-0015   0.1698453E-0002  -0.8166289E+0001
    18.82000   0.1788347E+0001  -0.7068998E-0016   0.3592411E+0001  -0.5935280E-0003   0.7974307E-0015   0.1598243E-0002  -0.8166265E+0001
    18.82400   0.1788347E+0001  -0.1253338E-0015   0.3592460E+0001  -0.5935280E-0003   0.7973223E-0015   0.1506325E-0002  -0.8166241E+0001
    18.82800   0.1788347E+0001  -0.7025630E-0016   0.3592507E+0001  -0.5935280E-0003   0.7973223E-0015   0.1423589E-0002  -0.8166217E+0001
    18.83200   0.1788347E+0001  -0.1253338E-0015   0.3592555E+0001  -0.5935280E-0003   0.7972139E-0015   0.1350794E-0002  -0.8166192E+0001
    18.83600   0.1788347E+0001  -0.1253338E-0015   0.3592604E+0001  -0.5935280E-0003   0.7972139E-0015   0.1288567E-0002  -0.8166167E+0001
    18.84000   0.1788347E+0001  -0.7025630E-0016   0.3592652E+0001  -0.5935280E-0003   0.7971054E-0015   0.1237386E-0002  -0.8166142E+0001
    18.84400   0.1788347E+0001  -0.7025630E-0016   0.3592702E+0001  -0.5935280E-0003   0.7968886E-0015   0.1197579E-0002  -0.8166116E+0001
    18.84800   0.1788347E+0001  -0.7025630E-0016   0.3592753E+0001  -0.5935280E-0003   0.7968886E-0015   0.1169321E-0002  -0.8166091E+0001
    18.85200   0.1788347E+0001  -0.1249001E-0015   0.3592805E+0001  -0.5935280E-0003   0.7968886E-0015   0.1152627E-0002  -0.8166065E+0001
    18.85600   0.1788347E+0001  -0.6982262E-0016   0.3592860E+0001  -0.5935280E-0003   0.7967802E-0015   0.1147359E-0002  -0.8166039E+0001
    18.86000   0.1788347E+0001  -0.6982262E-0016   0.3592917E+0001  -0.5935280E-0003   0.7966718E-0015   0.1153228E-0002  -0.8166013E+0001
    18.86400   0.1788347E+0001  -0.1244664E-0015   0.3592977E+0001  -0.5935280E-0003   0.7965633E-0015   0.1169799E-0002  -0.8165987E+0001
    18.86800   0.1788347E+0001  -0.6938894E-0016   0.3593041E+0001  -0.5935280E-0003   0.7964549E-0015   0.1196505E-0002  -0.8165961E+0001
    18.87200   0.1788347E+0001  -0.1244664E-0015   0.3593110E+0001  -0.5935280E-0003   0.7962381E-0015   0.1232648E-0002  -0.8165935E+0001
    18.87600   0.1788347E+0001  -0.1474515E-0016   0.3593183E+0001  -0.5935280E-0003   0.7962381E-0015   0.1277422E-0002  -0.8165909E+0001
    18.88000   0.1788347E+0001  -0.1244664E-0015   0.3593262E+0001  -0.5935280E-0003   0.7960212E-0015   0.1329923E-0002  -0.8165884E+0001
    18.88400   0.1788347E+0001  -0.1795439E-0015   0.3593346E+0001  -0.5935280E-0003   0.7960212E-0015   0.1389162E-0002  -0.8165858E+0001
    18.88800   0.1788347E+0001  -0.1244664E-0015   0.3593437E+0001  -0.5935280E-0003   0.7958044E-0015   0.1454087E-0002  -0.8165833E+0001
    18.89200   0.1788347E+0001  -0.6982262E-0016   0.3593536E+0001  -0.5935280E-0003   0.7958044E-0015   0.1523600E-0002  -0.8165808E+0001
    18.89600   0.1788347E+0001  -0.6982262E-0016   0.3593641E+0001  -0.5935280E-0003   0.7955876E-0015   0.1596573E-0002  -0.8165783E+0001
    18.90000   0.1788347E+0001  -0.1244664E-0015   0.3593755E+0001  -0.5935280E-0003   0.7953707E-0015   0.1671867E-0002  -0.8165758E+0001
    18.90400   0.1788347E+0001  -0.6938894E-0016   0.3593877E+0001  -0.5935280E-0003   0.7951539E-0015   0.1748352E-0002  -0.8165733E+0001
    18.90800   0.1788347E+0001  -0.6938894E-0016   0.3594008E+0001  -0.5935280E-0003   0.7949370E-0015   0.1824924E-0002  -0.8165708E+0001
    18.91200   0.1788347E+0001  -0.6938894E-0016   0.3594148E+0001  -0.5935280E-0003   0.7947202E-0015   0.1900521E-0002  -0.8165683E+0001
    18.91600   0.1788347E+0001  -0.1244664E-0015   0.3594298E+0001  -0.5935280E-0003   0.7945034E-0015   0.1974143E-0002  -0.8165658E+0001
    18.92000   0.1788347E+0001  -0.1244664E-0015   0.3594457E+0001  -0.5935280E-0003   0.7942865E-0015   0.2044859E-0002  -0.8165633E+0001
    18.92400   0.1788347E+0001  -0.6938894E-0016   0.3594625E+0001  -0.5935280E-0003   0.7940697E-0015   0.2111828E-0002  -0.8165607E+0001
    18.92800   0.1788347E+0001  -0.1431147E-0016   0.3594803E+0001  -0.5935280E-0003   0.7936360E-0015   0.2174307E-0002  -0.8165581E+0001
    18.93200   0.1788347E+0001  -0.1240327E-0015   0.3594991E+0001  -0.5935280E-0003   0.7934191E-0015   0.2231657E-0002  -0.8165555E+0001
    18.93600   0.1788347E+0001  -0.6895526E-0016   0.3595188E+0001  -0.5935280E-0003   0.7932023E-0015   0.2283358E-0002  -0.8165528E+0001
    18.94000   0.1788347E+0001  -0.6895526E-0016   0.3595395E+0001  -0.5935280E-0003   0.7929855E-0015   0.2329007E-0002  -0.8165500E+0001
    18.94400   0.1788347E+0001  -0.1240327E-0015   0.3595611E+0001  -0.5935280E-0003   0.7923349E-0015   0.2368325E-0002  -0.8165472E+0001
    18.94800   0.1788347E+0001  -0.1431147E-0016   0.3595836E+0001  -0.5935280E-0003   0.7921181E-0015   0.2401157E-0002  -0.8165442E+0001
    18.95200   0.1788347E+0001  -0.6938894E-0016   0.3596070E+0001  -0.5935280E-0003   0.7919013E-0015   0.2427471E-0002  -0.8165412E+0001
    18.95600   0.1788347E+0001  -0.1431147E-0016   0.3596312E+0001  -0.5935280E-0003   0.7914676E-0015   0.2447354E-0002  -0.8165380E+0001
    18.96000   0.1788347E+0001  -0.1244664E-0015   0.3596562E+0001  -0.5935280E-0003   0.7908171E-0015   0.2461008E-0002  -0.8165347E+0001
    18.96400   0.1788347E+0001  -0.1244664E-0015   0.3596820E+0001  -0.5935280E-0003   0.7906002E-0015   0.2468743E-0002  -0.8165313E+0001
    18.96800   0.1788347E+0001  -0.6938894E-0016   0.3597084E+0001  -0.5935280E-0003   0.7901665E-0015   0.2470969E-0002  -0.8165278E+0001
    18.97200   0.1788347E+0001  -0.6938894E-0016   0.3597355E+0001  -0.5935280E-0003   0.7897329E-0015   0.2468184E-0002  -0.8165241E+0001
    18.97600   0.1788347E+0001  -0.1244664E-0015   0.3597632E+0001  -0.5935280E-0003   0.7890823E-0015   0.2460966E-0002  -0.8165203E+0001
    18.98000   0.1788347E+0001  -0.6938894E-0016   0.3597914E+0001  -0.5935280E-0003   0.7888655E-0015   0.2449962E-0002  -0.8165163E+0001
    18.98400   0.1788347E+0001  -0.6938894E-0016   0.3598201E+0001  -0.5935280E-0003   0.7884318E-0015   0.2435871E-0002  -0.8165123E+0001
    18.98800   0.1788347E+0001  -0.6938894E-0016   0.3598492E+0001  -0.5935280E-0003   0.7877813E-0015   0.2419435E-0002  -0.8165080E+0001
    18.99200   0.1788347E+0001  -0.1244664E-0015   0.3598787E+0001  -0.5935280E-0003   0.7873476E-0015   0.2401426E-0002  -0.8165037E+0001
    18.99600   0.1788347E+0001  -0.6938894E-0016   0.3599085E+0001  -0.5935280E-0003   0.7866971E-0015   0.2382630E-0002  -0.8164992E+0001
    19.00000   0.1788347E+0001  -0.1240327E-0015   0.3599387E+0001  -0.5935280E-0003   0.7864803E-0015   0.2363837E-0002  -0.8164946E+0001
    19.00400   0.1788347E+0001  -0.1240327E-0015   0.3599690E+0001  -0.5935280E-0003   0.7858297E-0015   0.2345828E-0002  -0.8164899E+0001
    19.00800   0.1788347E+0001  -0.1240327E-0015   0.3599996E+0001  -0.5935280E-0003   0.7853961E-0015   0.2329362E-0002  -0.8164851E+0001
    19.01200   0.1788347E+0001  -0.6895526E-0016   0.3600303E+0001  -0.5935280E-0003   0.7849624E-0015   0.2315166E-0002  -0.8164802E+0001
    19.01600   0.1788347E+0001  -0.1387779E-0016   0.3600611E+0001  -0.5935280E-0003   0.7840950E-0015   0.2303924E-0002  -0.8164752E+0001
    19.02000   0.1788347E+0001  -0.6895526E-0016   0.3600921E+0001  -0.5935280E-0003   0.7836613E-0015   0.2296271E-0002  -0.8164702E+0001
    19.02400   0.1788347E+0001  -0.6895526E-0016   0.3601231E+0001  -0.5935280E-0003   0.7832276E-0015   0.2292778E-0002  -0.8164652E+0001
    19.02800   0.1788347E+0001  -0.1240327E-0015   0.3601542E+0001  -0.5935280E-0003   0.7827940E-0015   0.2293952E-0002  -0.8164602E+0001
    19.03200   0.1788347E+0001  -0.6895526E-0016   0.3601854E+0001  -0.5935280E-0003   0.7823603E-0015   0.2300227E-0002  -0.8164551E+0001
    19.03600   0.1788347E+0001  -0.1387779E-0016   0.3602166E+0001  -0.5935280E-0003   0.7819266E-0015   0.2311957E-0002  -0.8164501E+0001
    19.04000   0.1788347E+0001  -0.1387779E-0016   0.3602479E+0001  -0.5935280E-0003   0.7814929E-0015   0.2329419E-0002  -0.8164451E+0001
    19.04400   0.1788347E+0001  -0.1786765E-0015   0.3602792E+0001  -0.5935280E-0003   0.7810592E-0015   0.2352801E-0002  -0.8164402E+0001
    19.04800   0.1788347E+0001  -0.1240327E-0015   0.3603106E+0001  -0.5935280E-0003   0.7806256E-0015   0.2382210E-0002  -0.8164353E+0001
    19.05200   0.1788347E+0001  -0.6895526E-0016   0.3603421E+0001  -0.5935280E-0003   0.7797582E-0015   0.2417664E-0002  -0.8164305E+0001
    19.05600   0.1788347E+0001  -0.6895526E-0016   0.3603737E+0001  -0.5935280E-0003   0.7793245E-0015   0.2459096E-0002  -0.8164259E+0001
    19.06000   0.1788347E+0001  -0.1240327E-0015   0.3604055E+0001  -0.5935280E-0003   0.7788908E-0015   0.2506353E-0002  -0.8164213E+0001
    19.06400   0.1788347E+0001  -0.6938894E-0016   0.3604374E+0001  -0.5935280E-0003   0.7780235E-0015   0.2559202E-0002  -0.8164169E+0001
    19.06800   0.1788347E+0001  -0.6938894E-0016   0.3604695E+0001  -0.5935280E-0003   0.7775898E-0015   0.2617326E-0002  -0.8164126E+0001
    19.07200   0.1788347E+0001  -0.1431147E-0016   0.3605018E+0001  -0.5935280E-0003   0.7771561E-0015   0.2680332E-0002  -0.8164085E+0001
    19.07600   0.1788347E+0001  -0.1240327E-0015   0.3605344E+0001  -0.5935280E-0003   0.7767224E-0015   0.2747753E-0002  -0.8164046E+0001
    19.08000   0.1788347E+0001  -0.1431147E-0016   0.3605672E+0001  -0.5935280E-0003   0.7762888E-0015   0.2819050E-0002  -0.8164008E+0001
    19.08400   0.1788347E+0001  -0.1244664E-0015   0.3606004E+0001  -0.5935280E-0003   0.7754214E-0015   0.2893619E-0002  -0.8163972E+0001
    19.08800   0.1788347E+0001  -0.1474515E-0016   0.3606340E+0001  -0.5935280E-0003   0.7749877E-0015   0.2970797E-0002  -0.8163937E+0001
    19.09200   0.1788347E+0001  -0.1799776E-0015   0.3606679E+0001  -0.5935280E-0003   0.7745540E-0015   0.3049862E-0002  -0.8163904E+0001
    19.09600   0.1788347E+0001  -0.1474515E-0016   0.3607022E+0001  -0.5935280E-0003   0.7736867E-0015   0.3130041E-0002  -0.8163873E+0001
    19.10000   0.1788347E+0001  -0.1244664E-0015   0.3607370E+0001  -0.5935280E-0003   0.7736867E-0015   0.3210518E-0002  -0.8163844E+0001
    19.10400   0.1788347E+0001  -0.6938894E-0016   0.3607723E+0001  -0.5935280E-0003   0.7728193E-0015   0.3290437E-0002  -0.8163816E+0001
    19.10800   0.1788347E+0001  -0.1244664E-0015   0.3608080E+0001  -0.5935280E-0003   0.7723856E-0015   0.3368909E-0002  -0.8163790E+0001
    19.11200   0.1788347E+0001  -0.6938894E-0016   0.3608442E+0001  -0.5935280E-0003   0.7715183E-0015   0.3445017E-0002  -0.8163765E+0001
    19.11600   0.1788347E+0001  -0.1240327E-0015   0.3608809E+0001  -0.5935280E-0003   0.7710846E-0015   0.3517828E-0002  -0.8163742E+0001
    19.12000   0.1788347E+0001  -0.6895526E-0016   0.3609181E+0001  -0.5935280E-0003   0.7702172E-0015   0.3586394E-0002  -0.8163720E+0001
    19.12400   0.1788347E+0001  -0.1786765E-0015   0.3609558E+0001  -0.5935280E-0003   0.7697835E-0015   0.3649765E-0002  -0.8163700E+0001
    19.12800   0.1788347E+0001  -0.1235990E-0015   0.3609939E+0001  -0.5935280E-0003   0.7689162E-0015   0.3706995E-0002  -0.8163680E+0001
    19.13200   0.1788347E+0001  -0.1235990E-0015   0.3610326E+0001  -0.5935280E-0003   0.7684825E-0015   0.3757151E-0002  -0.8163662E+0001
    19.13600   0.1788347E+0001  -0.1235990E-0015   0.3610716E+0001  -0.5935280E-0003   0.7676151E-0015   0.3799321E-0002  -0.8163645E+0001
    19.14000   0.1788347E+0001  -0.6852158E-0016   0.3611111E+0001  -0.5935280E-0003   0.7671815E-0015   0.3832627E-0002  -0.8163628E+0001
    19.14400   0.1788347E+0001  -0.1231654E-0015   0.3611510E+0001  -0.5935280E-0003   0.7663141E-0015   0.3856230E-0002  -0.8163613E+0001
    19.14800   0.1788347E+0001  -0.6808790E-0016   0.3611912E+0001  -0.5935280E-0003   0.7658804E-0015   0.3869346E-0002  -0.8163598E+0001
    19.15200   0.1788347E+0001  -0.6808790E-0016   0.3612317E+0001  -0.5935280E-0003   0.7654467E-0015   0.3871251E-0002  -0.8163584E+0001
    19.15600   0.1788347E+0001  -0.1231654E-0015   0.3612724E+0001  -0.5935280E-0003   0.7645794E-0015   0.3861298E-0002  -0.8163570E+0001
    19.16000   0.1788347E+0001  -0.6808790E-0016   0.3613133E+0001  -0.5935280E-0003   0.7637120E-0015   0.3838920E-0002  -0.8163557E+0001
    19.16400   0.1788347E+0001  -0.1344411E-0016   0.3613543E+0001  -0.5935280E-0003   0.7632783E-0015   0.3803649E-0002  -0.8163545E+0001
    19.16800   0.1788347E+0001  -0.1782428E-0015   0.3613954E+0001  -0.5935280E-0003   0.7628446E-0015   0.3755121E-0002  -0.8163533E+0001
    19.17200   0.1788347E+0001  -0.1344411E-0016   0.3614365E+0001  -0.5935280E-0003   0.7615436E-0015   0.3693090E-0002  -0.8163521E+0001
    19.17600   0.1788347E+0001  -0.6852158E-0016   0.3614774E+0001  -0.5935280E-0003   0.7611099E-0015   0.3617432E-0002  -0.8163509E+0001
    19.18000   0.1788347E+0001  -0.6852158E-0016   0.3615182E+0001  -0.5935280E-0003   0.7602426E-0015   0.3528164E-0002  -0.8163498E+0001
    19.18400   0.1788347E+0001  -0.1231654E-0015   0.3615587E+0001  -0.5935280E-0003   0.7598089E-0015   0.3425439E-0002  -0.8163487E+0001
    19.18800   0.1788347E+0001  -0.1231654E-0015   0.3615989E+0001  -0.5935280E-0003   0.7589415E-0015   0.3309567E-0002  -0.8163477E+0001
    19.19200   0.1788347E+0001  -0.1782428E-0015   0.3616387E+0001  -0.5935280E-0003   0.7585078E-0015   0.3181007E-0002  -0.8163466E+0001
    19.19600   0.1788347E+0001  -0.1231654E-0015   0.3616780E+0001  -0.5935280E-0003   0.7580742E-0015   0.3040383E-0002  -0.8163456E+0001
    19.20000   0.1788347E+0001  -0.1231654E-0015   0.3617167E+0001  -0.5935280E-0003   0.7572068E-0015   0.2888479E-0002  -0.8163446E+0001
    19.20400   0.1788347E+0001  -0.1231654E-0015   0.3617548E+0001  -0.5935280E-0003   0.7567731E-0015   0.2726239E-0002  -0.8163436E+0001
    19.20800   0.1788347E+0001  -0.6808790E-0016   0.3617921E+0001  -0.5935280E-0003   0.7559058E-0015   0.2554773E-0002  -0.8163427E+0001
    19.21200   0.1788347E+0001  -0.6808790E-0016   0.3618287E+0001  -0.5935280E-0003   0.7550384E-0015   0.2375345E-0002  -0.8163417E+0001
    19.21600   0.1788347E+0001  -0.6808790E-0016   0.3618644E+0001  -0.5935280E-0003   0.7546047E-0015   0.2189371E-0002  -0.8163408E+0001
    19.22000   0.1788347E+0001  -0.6808790E-0016   0.3618991E+0001  -0.5935280E-0003   0.7537374E-0015   0.1998410E-0002  -0.8163398E+0001
    19.22400   0.1788347E+0001  -0.6808790E-0016   0.3619329E+0001  -0.5935280E-0003   0.7537374E-0015   0.1804155E-0002  -0.8163389E+0001
    19.22800   0.1788347E+0001  -0.6808790E-0016   0.3619656E+0001  -0.5935280E-0003   0.7528700E-0015   0.1608417E-0002  -0.8163379E+0001
    19.23200   0.1788347E+0001  -0.6808790E-0016   0.3619972E+0001  -0.5935280E-0003   0.7524363E-0015   0.1413113E-0002  -0.8163370E+0001
    19.23600   0.1788347E+0001  -0.1231654E-0015   0.3620277E+0001  -0.5935280E-0003   0.7520026E-0015   0.1220246E-0002  -0.8163360E+0001
    19.24000   0.1788347E+0001  -0.6852158E-0016   0.3620569E+0001  -0.5935280E-0003   0.7511353E-0015   0.1031888E-0002  -0.8163350E+0001
    19.24400   0.1788347E+0001  -0.1231654E-0015   0.3620850E+0001  -0.5935280E-0003   0.7507016E-0015   0.8501572E-0003  -0.8163340E+0001
    19.24800   0.1788347E+0001  -0.1782428E-0015   0.3621117E+0001  -0.5935280E-0003   0.7502679E-0015   0.6771962E-0003  -0.8163329E+0001
    19.25200   0.1788347E+0001  -0.1782428E-0015   0.3621372E+0001  -0.5935280E-0003   0.7502679E-0015   0.5151476E-0003  -0.8163318E+0001
    19.25600   0.1788347E+0001  -0.1782428E-0015   0.3621613E+0001  -0.5935280E-0003   0.7494005E-0015   0.3661287E-0003  -0.8163307E+0001
    19.26000   0.1788347E+0001  -0.1235990E-0015   0.3621841E+0001  -0.5935280E-0003   0.7494005E-0015   0.2322055E-0003  -0.8163295E+0001
    19.26400   0.1788347E+0001  -0.6852158E-0016   0.3622056E+0001  -0.5935280E-0003   0.7489669E-0015   0.1153670E-0003  -0.8163283E+0001
    19.26800   0.1788347E+0001  -0.6852158E-0016   0.3622257E+0001  -0.5935280E-0003   0.7485332E-0015   0.1749866E-0004  -0.8163270E+0001
    19.27200   0.1788347E+0001  -0.1235990E-0015   0.3622445E+0001  -0.5935280E-0003   0.7480995E-0015  -0.5964365E-0004  -0.8163256E+0001
    19.27600   0.1788347E+0001  -0.1344411E-0016   0.3622619E+0001  -0.5935280E-0003   0.7476658E-0015  -0.1144583E-0003  -0.8163242E+0001
    19.28000   0.1788347E+0001  -0.1344411E-0016   0.3622779E+0001  -0.5935280E-0003   0.7476658E-0015  -0.1455220E-0003  -0.8163227E+0001
    19.28400   0.1788347E+0001  -0.1344411E-0016   0.3622927E+0001  -0.5935280E-0003   0.7472321E-0015  -0.1516119E-0003  -0.8163211E+0001
    19.28800   0.1788347E+0001  -0.6852158E-0016   0.3623061E+0001  -0.5935280E-0003   0.7472321E-0015  -0.1317260E-0003  -0.8163195E+0001
    19.29200   0.1788347E+0001  -0.1387779E-0016   0.3623182E+0001  -0.5935280E-0003   0.7467985E-0015  -0.8510118E-0004  -0.8163178E+0001
    19.29600   0.1788347E+0001   0.4119968E-0016   0.3623290E+0001  -0.5935280E-0003   0.7467985E-0015  -0.1122830E-0004  -0.8163160E+0001
    19.30000   0.1788347E+0001  -0.1387779E-0016   0.3623387E+0001  -0.5935280E-0003   0.7463648E-0015   0.9013512E-0004  -0.8163142E+0001
    19.30400   0.1788347E+0001  -0.6895526E-0016   0.3623470E+0001  -0.5935280E-0003   0.7463648E-0015   0.2189559E-0003  -0.8163124E+0001
    19.30800   0.1788347E+0001  -0.1387779E-0016   0.3623542E+0001  -0.5935280E-0003   0.7459311E-0015   0.3749193E-0003  -0.8163105E+0001
    19.31200   0.1788347E+0001   0.4119968E-0016   0.3623602E+0001  -0.5935280E-0003   0.7459311E-0015   0.5574271E-0003  -0.8163086E+0001
    19.31600   0.1788347E+0001  -0.1387779E-0016   0.3623651E+0001  -0.5935280E-0003   0.7459311E-0015   0.7655986E-0003  -0.8163068E+0001
    19.32000   0.1788347E+0001  -0.6852158E-0016   0.3623689E+0001  -0.5935280E-0003   0.7454974E-0015   0.9982766E-0003  -0.8163049E+0001
    19.32400   0.1788347E+0001  -0.1235990E-0015   0.3623717E+0001  -0.5935280E-0003   0.7454974E-0015   0.1254036E-0002  -0.8163031E+0001
    19.32800   0.1788347E+0001  -0.1344411E-0016   0.3623734E+0001  -0.5935280E-0003   0.7454974E-0015   0.1531196E-0002  -0.8163014E+0001
    19.33200   0.1788347E+0001   0.4163336E-0016   0.3623741E+0001  -0.5935280E-0003   0.7454974E-0015   0.1827839E-0002  -0.8162997E+0001
    19.33600   0.1788347E+0001  -0.1231654E-0015   0.3623738E+0001  -0.5935280E-0003   0.7459311E-0015   0.2141825E-0002  -0.8162981E+0001
    19.34000   0.1788347E+0001  -0.1301043E-0016   0.3623726E+0001  -0.5935280E-0003   0.7454974E-0015   0.2470822E-0002  -0.8162967E+0001
    19.34400   0.1788347E+0001  -0.6808790E-0016   0.3623705E+0001  -0.5935280E-0003   0.7459311E-0015   0.2812326E-0002  -0.8162954E+0001
    19.34800   0.1788347E+0001  -0.6808790E-0016   0.3623676E+0001  -0.5935280E-0003   0.7454974E-0015   0.3163691E-0002  -0.8162943E+0001
    19.35200   0.1788347E+0001   0.4206704E-0016   0.3623637E+0001  -0.5935280E-0003   0.7459311E-0015   0.3522162E-0002  -0.8162934E+0001
    19.35600   0.1788347E+0001  -0.1227317E-0015   0.3623591E+0001  -0.5935280E-0003   0.7459311E-0015   0.3884904E-0002  -0.8162928E+0001
    19.36000   0.1788347E+0001  -0.6765422E-0016   0.3623537E+0001  -0.5935280E-0003   0.7459311E-0015   0.4249040E-0002  -0.8162923E+0001
    19.36400   0.1788347E+0001  -0.6765422E-0016   0.3623475E+0001  -0.5935280E-0003   0.7459311E-0015   0.4611684E-0002  -0.8162922E+0001
    19.36800   0.1788347E+0001  -0.6765422E-0016   0.3623406E+0001  -0.5935280E-0003   0.7463648E-0015   0.4969974E-0002  -0.8162923E+0001
    19.37200   0.1788347E+0001  -0.1257675E-0016   0.3623330E+0001  -0.5935280E-0003   0.7463648E-0015   0.5321114E-0002  -0.8162928E+0001
    19.37600   0.1788347E+0001  -0.1257675E-0016   0.3623246E+0001  -0.5935280E-0003   0.7463648E-0015   0.5662402E-0002  -0.8162936E+0001
    19.38000   0.1788347E+0001   0.4250073E-0016   0.3623156E+0001  -0.5935280E-0003   0.7463648E-0015   0.5991269E-0002  -0.8162947E+0001
    19.38400   0.1788347E+0001  -0.6765422E-0016   0.3623060E+0001  -0.5935280E-0003   0.7467985E-0015   0.6305309E-0002  -0.8162961E+0001
    19.38800   0.1788347E+0001  -0.6765422E-0016   0.3622957E+0001  -0.5935280E-0003   0.7467985E-0015   0.6602310E-0002  -0.8162980E+0001
    19.39200   0.1788347E+0001  -0.1257675E-0016   0.3622848E+0001  -0.5935280E-0003   0.7467985E-0015   0.6880285E-0002  -0.8163002E+0001
    19.39600   0.1788347E+0001  -0.6765422E-0016   0.3622733E+0001  -0.5935280E-0003   0.7472321E-0015   0.7137491E-0002  -0.8163027E+0001
    19.40000   0.1788347E+0001  -0.6765422E-0016   0.3622612E+0001  -0.5935280E-0003   0.7472321E-0015   0.7372459E-0002  -0.8163057E+0001
    19.40400   0.1788347E+0001  -0.1227317E-0015   0.3622486E+0001  -0.5935280E-0003   0.7472321E-0015   0.7584007E-0002  -0.8163090E+0001
    19.40800   0.1788347E+0001  -0.1227317E-0015   0.3622354E+0001  -0.5935280E-0003   0.7476658E-0015   0.7771258E-0002  -0.8163127E+0001
    19.41200   0.1788347E+0001  -0.1227317E-0015   0.3622217E+0001  -0.5935280E-0003   0.7480995E-0015   0.7933651E-0002  -0.8163167E+0001
    19.41600   0.1788347E+0001  -0.1778092E-0015   0.3622075E+0001  -0.5935280E-0003   0.7485332E-0015   0.8070947E-0002  -0.8163210E+0001
    19.42000   0.1788347E+0001  -0.1227317E-0015   0.3621929E+0001  -0.5935280E-0003   0.7485332E-0015   0.8183232E-0002  -0.8163257E+0001
    19.42400   0.1788347E+0001  -0.1227317E-0015   0.3621777E+0001  -0.5935280E-0003   0.7485332E-0015   0.8270913E-0002  -0.8163307E+0001
    19.42800   0.1788347E+0001  -0.1773755E-0015   0.3621622E+0001  -0.5935280E-0003   0.7489669E-0015   0.8334716E-0002  -0.8163360E+0001
    19.43200   0.1788347E+0001  -0.1222980E-0015   0.3621463E+0001  -0.5935280E-0003   0.7494005E-0015   0.8375675E-0002  -0.8163415E+0001
    19.43600   0.1788347E+0001  -0.1773755E-0015   0.3621299E+0001  -0.5935280E-0003   0.7498342E-0015   0.8395112E-0002  -0.8163472E+0001
    19.44000   0.1788347E+0001  -0.6722053E-0016   0.3621133E+0001  -0.5935280E-0003   0.7494005E-0015   0.8394625E-0002  -0.8163532E+0001
    19.44400   0.1788347E+0001  -0.1257675E-0016   0.3620963E+0001  -0.5935280E-0003   0.7502679E-0015   0.8376064E-0002  -0.8163593E+0001
    19.44800   0.1788347E+0001  -0.1778092E-0015   0.3620791E+0001  -0.5935280E-0003   0.7507016E-0015   0.8341501E-0002  -0.8163656E+0001
    19.45200   0.1788347E+0001  -0.6808790E-0016   0.3620616E+0001  -0.5935280E-0003   0.7507016E-0015   0.8293206E-0002  -0.8163719E+0001
    19.45600   0.1788347E+0001  -0.6808790E-0016   0.3620439E+0001  -0.5935280E-0003   0.7511353E-0015   0.8233615E-0002  -0.8163784E+0001
    19.46000   0.1788347E+0001  -0.1227317E-0015   0.3620261E+0001  -0.5935280E-0003   0.7515689E-0015   0.8165292E-0002  -0.8163849E+0001
    19.46400   0.1788347E+0001  -0.2328866E-0015   0.3620081E+0001  -0.5935280E-0003   0.7511353E-0015   0.8090895E-0002  -0.8163915E+0001
    19.46800   0.1788347E+0001  -0.1778092E-0015   0.3619900E+0001  -0.5935280E-0003   0.7520026E-0015   0.8013142E-0002  -0.8163980E+0001
    19.47200   0.1788347E+0001  -0.1227317E-0015   0.3619720E+0001  -0.5935280E-0003   0.7515689E-0015   0.7934766E-0002  -0.8164045E+0001
    19.47600   0.1788347E+0001  -0.1778092E-0015   0.3619539E+0001  -0.5935280E-0003   0.7524363E-0015   0.7858483E-0002  -0.8164109E+0001
    19.48000   0.1788347E+0001  -0.1227317E-0015   0.3619359E+0001  -0.5935280E-0003   0.7524363E-0015   0.7786949E-0002  -0.8164172E+0001
    19.48400   0.1788347E+0001  -0.6765422E-0016   0.3619181E+0001  -0.5935280E-0003   0.7528700E-0015   0.7722722E-0002  -0.8164234E+0001
    19.48800   0.1788347E+0001  -0.1778092E-0015   0.3619004E+0001  -0.5935280E-0003   0.7533037E-0015   0.7668229E-0002  -0.8164295E+0001
    19.49200   0.1788347E+0001  -0.1227317E-0015   0.3618829E+0001  -0.5935280E-0003   0.7537374E-0015   0.7625726E-0002  -0.8164354E+0001
    19.49600   0.1788347E+0001  -0.1773755E-0015   0.3618657E+0001  -0.5935280E-0003   0.7537374E-0015   0.7597268E-0002  -0.8164411E+0001
    19.50000   0.1788347E+0001  -0.1222980E-0015   0.3618488E+0001  -0.5935280E-0003   0.7541710E-0015   0.7584677E-0002  -0.8164467E+0001
    19.50400   0.1788347E+0001  -0.1773755E-0015   0.3618323E+0001  -0.5935280E-0003   0.7541710E-0015   0.7589514E-0002  -0.8164520E+0001
    19.50800   0.1788347E+0001  -0.1227317E-0015   0.3618163E+0001  -0.5935280E-0003   0.7546047E-0015   0.7613057E-0002  -0.8164572E+0001
    19.51200   0.1788347E+0001  -0.6808790E-0016   0.3618007E+0001  -0.5935280E-0003   0.7550384E-0015   0.7656275E-0002  -0.8164622E+0001
    19.51600   0.1788347E+0001  -0.1344411E-0016   0.3617857E+0001  -0.5935280E-0003   0.7550384E-0015   0.7719816E-0002  -0.8164669E+0001
    19.52000   0.1788347E+0001  -0.6852158E-0016   0.3617713E+0001  -0.5935280E-0003   0.7550384E-0015   0.7803994E-0002  -0.8164715E+0001
    19.52400   0.1788347E+0001  -0.6852158E-0016   0.3617576E+0001  -0.5935280E-0003   0.7561226E-0015   0.7908776E-0002  -0.8164759E+0001
    19.52800   0.1788347E+0001  -0.6852158E-0016   0.3617445E+0001  -0.5935280E-0003   0.7556889E-0015   0.8033780E-0002  -0.8164800E+0001
    19.53200   0.1788347E+0001  -0.1231654E-0015   0.3617323E+0001  -0.5935280E-0003   0.7559058E-0015   0.8178277E-0002  -0.8164840E+0001
    19.53600   0.1788347E+0001  -0.1782428E-0015   0.3617208E+0001  -0.5935280E-0003   0.7565563E-0015   0.8341192E-0002  -0.8164879E+0001
    19.54000   0.1788347E+0001  -0.1231654E-0015   0.3617102E+0001  -0.5935280E-0003   0.7565563E-0015   0.8521115E-0002  -0.8164915E+0001
    19.54400   0.1788347E+0001  -0.6852158E-0016   0.3617006E+0001  -0.5935280E-0003   0.7563394E-0015   0.8716311E-0002  -0.8164951E+0001
    19.54800   0.1788347E+0001  -0.6852158E-0016   0.3616919E+0001  -0.5935280E-0003   0.7569900E-0015   0.8924741E-0002  -0.8164985E+0001
    19.55200   0.1788347E+0001  -0.1782428E-0015   0.3616842E+0001  -0.5935280E-0003   0.7569900E-0015   0.9144077E-0002  -0.8165018E+0001
    19.55600   0.1788347E+0001  -0.1782428E-0015   0.3616776E+0001  -0.5935280E-0003   0.7574236E-0015   0.9371731E-0002  -0.8165050E+0001
    19.56000   0.1788347E+0001  -0.1782428E-0015   0.3616721E+0001  -0.5935280E-0003   0.7569900E-0015   0.9604877E-0002  -0.8165081E+0001
    19.56400   0.1788347E+0001  -0.1231654E-0015   0.3616679E+0001  -0.5935280E-0003   0.7569900E-0015   0.9840485E-0002  -0.8165112E+0001
    19.56800   0.1788347E+0001  -0.6808790E-0016   0.3616648E+0001  -0.5935280E-0003   0.7574236E-0015   0.1007535E-0001  -0.8165142E+0001
    19.57200   0.1788347E+0001  -0.6808790E-0016   0.3616630E+0001  -0.5935280E-0003   0.7574236E-0015   0.1030613E-0001  -0.8165172E+0001
    19.57600   0.1788347E+0001  -0.6808790E-0016   0.3616625E+0001  -0.5935280E-0003   0.7574236E-0015   0.1052937E-0001  -0.8165202E+0001
    19.58000   0.1788347E+0001  -0.1231654E-0015   0.3616634E+0001  -0.5935280E-0003   0.7578573E-0015   0.1074156E-0001  -0.8165232E+0001
    19.58400   0.1788347E+0001  -0.6852158E-0016   0.3616656E+0001  -0.5935280E-0003   0.7574236E-0015   0.1093915E-0001  -0.8165262E+0001
    19.58800   0.1788347E+0001  -0.1235990E-0015   0.3616694E+0001  -0.5935280E-0003   0.7572068E-0015   0.1111861E-0001  -0.8165293E+0001
    19.59200   0.1788347E+0001  -0.6852158E-0016   0.3616746E+0001  -0.5935280E-0003   0.7576405E-0015   0.1127644E-0001  -0.8165323E+0001
    19.59600   0.1788347E+0001  -0.6852158E-0016   0.3616814E+0001  -0.5935280E-0003   0.7574236E-0015   0.1140922E-0001  -0.8165354E+0001
    19.60000   0.1788347E+0001  -0.1231654E-0015   0.3616897E+0001  -0.5935280E-0003   0.7572068E-0015   0.1151367E-0001  -0.8165385E+0001
    19.60400   0.1788347E+0001  -0.6808790E-0016   0.3616997E+0001  -0.5935280E-0003   0.7572068E-0015   0.1158663E-0001  -0.8165417E+0001
    19.60800   0.1788347E+0001  -0.1231654E-0015   0.3617113E+0001  -0.5935280E-0003   0.7569900E-0015   0.1162516E-0001  -0.8165449E+0001
    19.61200   0.1788347E+0001  -0.1782428E-0015   0.3617247E+0001  -0.5935280E-0003   0.7567731E-0015   0.1162652E-0001  -0.8165482E+0001
    19.61600   0.1788347E+0001  -0.6852158E-0016   0.3617397E+0001  -0.5935280E-0003   0.7565563E-0015   0.1158819E-0001  -0.8165515E+0001
    19.62000   0.1788347E+0001  -0.1231654E-0015   0.3617566E+0001  -0.5935280E-0003   0.7561226E-0015   0.1150796E-0001  -0.8165549E+0001
    19.62400   0.1788347E+0001  -0.1231654E-0015   0.3617752E+0001  -0.5935280E-0003   0.7561226E-0015   0.1138388E-0001  -0.8165583E+0001
    19.62800   0.1788347E+0001  -0.1782428E-0015   0.3617956E+0001  -0.5935280E-0003   0.7554721E-0015   0.1121434E-0001  -0.8165617E+0001
    19.63200   0.1788347E+0001  -0.1231654E-0015   0.3618179E+0001  -0.5935280E-0003   0.7556889E-0015   0.1099803E-0001  -0.8165651E+0001
    19.63600   0.1788347E+0001  -0.1231654E-0015   0.3618420E+0001  -0.5935280E-0003   0.7550384E-0015   0.1073402E-0001  -0.8165685E+0001
    19.64000   0.1788347E+0001  -0.1231654E-0015   0.3618680E+0001  -0.5935280E-0003   0.7550384E-0015   0.1042169E-0001  -0.8165719E+0001
    19.64400   0.1788347E+0001  -0.6808790E-0016   0.3618959E+0001  -0.5935280E-0003   0.7543879E-0015   0.1006081E-0001  -0.8165754E+0001
    19.64800   0.1788347E+0001  -0.1227317E-0015   0.3619257E+0001  -0.5935280E-0003   0.7539542E-0015   0.9651499E-0002  -0.8165787E+0001
    19.65200   0.1788347E+0001  -0.1778092E-0015   0.3619573E+0001  -0.5935280E-0003   0.7530868E-0015   0.9194256E-0002  -0.8165821E+0001
    19.65600   0.1788347E+0001  -0.1301043E-0016   0.3619908E+0001  -0.5935280E-0003   0.7526531E-0015   0.8689928E-0002  -0.8165854E+0001
    19.66000   0.1788347E+0001  -0.1231654E-0015   0.3620261E+0001  -0.5935280E-0003   0.7522195E-0015   0.8139721E-0002  -0.8165886E+0001
    19.66400   0.1788347E+0001  -0.1231654E-0015   0.3620633E+0001  -0.5935280E-0003   0.7515689E-0015   0.7545186E-0002  -0.8165918E+0001
    19.66800   0.1788347E+0001  -0.1782428E-0015   0.3621023E+0001  -0.5935280E-0003   0.7504847E-0015   0.6908211E-0002  -0.8165949E+0001
    19.67200   0.1788347E+0001  -0.6852158E-0016   0.3621430E+0001  -0.5935280E-0003   0.7502679E-0015   0.6231002E-0002  -0.8165979E+0001
    19.67600   0.1788347E+0001  -0.6852158E-0016   0.3621855E+0001  -0.5935280E-0003   0.7491837E-0015   0.5516068E-0002  -0.8166007E+0001
    19.68000   0.1788347E+0001  -0.6852158E-0016   0.3622296E+0001  -0.5935280E-0003   0.7487500E-0015   0.4766201E-0002  -0.8166035E+0001
    19.68400   0.1788347E+0001  -0.1782428E-0015   0.3622753E+0001  -0.5935280E-0003   0.7480995E-0015   0.3984453E-0002  -0.8166061E+0001
    19.68800   0.1788347E+0001  -0.6808790E-0016   0.3623227E+0001  -0.5935280E-0003   0.7476658E-0015   0.3174116E-0002  -0.8166087E+0001
    19.69200   0.1788347E+0001  -0.6808790E-0016   0.3623715E+0001  -0.5935280E-0003   0.7465816E-0015   0.2338693E-0002  -0.8166110E+0001
    19.69600   0.1788347E+0001  -0.6808790E-0016   0.3624217E+0001  -0.5935280E-0003   0.7457143E-0015   0.1481872E-0002  -0.8166132E+0001
    19.70000   0.1788347E+0001  -0.1301043E-0016   0.3624732E+0001  -0.5935280E-0003   0.7448469E-0015   0.6074993E-0003  -0.8166153E+0001
    19.70400   0.1788347E+0001  -0.6808790E-0016   0.3625260E+0001  -0.5935280E-0003   0.7439795E-0015  -0.2804502E-0003  -0.8166172E+0001
    19.70800   0.1788347E+0001  -0.6808790E-0016   0.3625799E+0001  -0.5935280E-0003   0.7428953E-0015  -0.1177904E-0002  -0.8166189E+0001
    19.71200   0.1788347E+0001  -0.1231654E-0015   0.3626349E+0001  -0.5935280E-0003   0.7422448E-0015  -0.2080722E-0002  -0.8166205E+0001
    19.71600   0.1788347E+0001  -0.1301043E-0016   0.3626908E+0001  -0.5935280E-0003   0.7413774E-0015  -0.2984727E-0002  -0.8166219E+0001
    19.72000   0.1788347E+0001   0.4206704E-0016   0.3627475E+0001  -0.5935280E-0003   0.7402932E-0015  -0.3885734E-0002  -0.8166231E+0001
    19.72400   0.1788347E+0001  -0.1301043E-0016   0.3628050E+0001  -0.5935280E-0003   0.7394259E-0015  -0.4779585E-0002  -0.8166242E+0001
    19.72800   0.1788347E+0001  -0.6765422E-0016   0.3628631E+0001  -0.5935280E-0003   0.7385585E-0015  -0.5662176E-0002  -0.8166251E+0001
    19.73200   0.1788347E+0001  -0.6765422E-0016   0.3629217E+0001  -0.5935280E-0003   0.7376912E-0015  -0.6529487E-0002  -0.8166258E+0001
    19.73600   0.1788347E+0001  -0.6765422E-0016   0.3629807E+0001  -0.5935280E-0003   0.7366070E-0015  -0.7377612E-0002  -0.8166263E+0001
    19.74000   0.1788347E+0001  -0.6765422E-0016   0.3630399E+0001  -0.5935280E-0003   0.7355228E-0015  -0.8202788E-0002  -0.8166267E+0001
    19.74400   0.1788347E+0001  -0.1257675E-0016   0.3630993E+0001  -0.5935280E-0003   0.7342217E-0015  -0.9001420E-0002  -0.8166269E+0001
    19.74800   0.1788347E+0001   0.4250073E-0016   0.3631587E+0001  -0.5935280E-0003   0.7337880E-0015  -0.9770105E-0002  -0.8166269E+0001
    19.75200   0.1788347E+0001  -0.1235990E-0016   0.3632180E+0001  -0.5935280E-0003   0.7324870E-0015  -0.1050566E-0001  -0.8166268E+0001
    19.75600   0.1788347E+0001  -0.1235990E-0016   0.3632771E+0001  -0.5935280E-0003   0.7316196E-0015  -0.1120514E-0001  -0.8166265E+0001
    19.76000   0.1788347E+0001   0.4271757E-0016   0.3633359E+0001  -0.5935280E-0003   0.7305354E-0015  -0.1186587E-0001  -0.8166260E+0001
    19.76400   0.1788347E+0001  -0.6743738E-0016   0.3633943E+0001  -0.5935280E-0003   0.7290175E-0015  -0.1248542E-0001  -0.8166254E+0001
    19.76800   0.1788347E+0001  -0.1235990E-0016   0.3634521E+0001  -0.5935280E-0003   0.7283670E-0015  -0.1306170E-0001  -0.8166247E+0001
    19.77200   0.1788347E+0001  -0.1235990E-0016   0.3635093E+0001  -0.5935280E-0003   0.7274997E-0015  -0.1359290E-0001  -0.8166237E+0001
    19.77600   0.1788347E+0001   0.4271757E-0016   0.3635658E+0001  -0.5935280E-0003   0.7266323E-0015  -0.1407752E-0001  -0.8166227E+0001
    19.78000   0.1788347E+0001  -0.6722053E-0016   0.3636216E+0001  -0.5935280E-0003   0.7255481E-0015  -0.1451439E-0001  -0.8166215E+0001
    19.78400   0.1788347E+0001  -0.1222980E-0015   0.3636764E+0001  -0.5935280E-0003   0.7246807E-0015  -0.1490270E-0001  -0.8166201E+0001
    19.78800   0.1788347E+0001  -0.1235990E-0016   0.3637303E+0001  -0.5935280E-0003   0.7240302E-0015  -0.1524194E-0001  -0.8166187E+0001
    19.79200   0.1788347E+0001  -0.1222980E-0015   0.3637832E+0001  -0.5935280E-0003   0.7233797E-0015  -0.1553195E-0001  -0.8166171E+0001
    19.79600   0.1788347E+0001  -0.1235990E-0016   0.3638351E+0001  -0.5935280E-0003   0.7220786E-0015  -0.1577290E-0001  -0.8166153E+0001
    19.80000   0.1788347E+0001  -0.1235990E-0016   0.3638859E+0001  -0.5935280E-0003   0.7216450E-0015  -0.1596529E-0001  -0.8166135E+0001
    19.80400   0.1788347E+0001  -0.6743738E-0016   0.3639355E+0001  -0.5935280E-0003   0.7209944E-0015  -0.1610994E-0001  -0.8166116E+0001
    19.80800   0.1788347E+0001  -0.6743738E-0016   0.3639840E+0001  -0.5935280E-0003   0.7203439E-0015  -0.1620798E-0001  -0.8166096E+0001
    19.81200   0.1788347E+0001   0.4250073E-0016   0.3640313E+0001  -0.5935280E-0003   0.7190429E-0015  -0.1626082E-0001  -0.8166075E+0001
    19.81600   0.1788347E+0001  -0.6743738E-0016   0.3640774E+0001  -0.5935280E-0003   0.7179587E-0015  -0.1627019E-0001  -0.8166053E+0001
    19.82000   0.1788347E+0001  -0.1257675E-0016   0.3641224E+0001  -0.5935280E-0003   0.7166576E-0015  -0.1623806E-0001  -0.8166030E+0001
    19.82400   0.1788347E+0001  -0.6765422E-0016   0.3641662E+0001  -0.5935280E-0003   0.7164408E-0015  -0.1616664E-0001  -0.8166007E+0001
    19.82800   0.1788347E+0001  -0.1225148E-0015   0.3642089E+0001  -0.5935280E-0003   0.7162240E-0015  -0.1605839E-0001  -0.8165984E+0001
    19.83200   0.1788347E+0001  -0.6743738E-0016   0.3642504E+0001  -0.5935280E-0003   0.7151398E-0015  -0.1591596E-0001  -0.8165961E+0001
    19.83600   0.1788347E+0001  -0.1224064E-0015   0.3642909E+0001  -0.5935280E-0003   0.7138387E-0015  -0.1574217E-0001  -0.8165937E+0001
    19.84000   0.1788347E+0001  -0.1224064E-0015   0.3643304E+0001  -0.5935280E-0003   0.7134050E-0015  -0.1554002E-0001  -0.8165913E+0001
    19.84400   0.1788347E+0001  -0.1224064E-0015   0.3643689E+0001  -0.5935280E-0003   0.7127545E-0015  -0.1531263E-0001  -0.8165890E+0001
    19.84800   0.1788347E+0001  -0.6743738E-0016   0.3644065E+0001  -0.5935280E-0003   0.7123208E-0015  -0.1506320E-0001  -0.8165867E+0001
    19.85200   0.1788347E+0001  -0.6743738E-0016   0.3644433E+0001  -0.5935280E-0003   0.7123208E-0015  -0.1479503E-0001  -0.8165845E+0001
    19.85600   0.1788347E+0001   0.4250073E-0016   0.3644793E+0001  -0.5935280E-0003   0.7114535E-0015  -0.1451148E-0001  -0.8165824E+0001
    19.86000   0.1788347E+0001   0.4250073E-0016   0.3645147E+0001  -0.5935280E-0003   0.7108029E-0015  -0.1421590E-0001  -0.8165803E+0001
    19.86400   0.1788347E+0001  -0.1246832E-0016   0.3645494E+0001  -0.5935280E-0003   0.7099356E-0015  -0.1391166E-0001  -0.8165784E+0001
    19.86800   0.1788347E+0001  -0.6743738E-0016   0.3645837E+0001  -0.5935280E-0003   0.7092851E-0015  -0.1360211E-0001  -0.8165767E+0001
    19.87200   0.1788347E+0001   0.4250073E-0016   0.3646175E+0001  -0.5935280E-0003   0.7090682E-0015  -0.1329051E-0001  -0.8165751E+0001
    19.87600   0.1788347E+0001  -0.1246832E-0016   0.3646510E+0001  -0.5935280E-0003   0.7080924E-0015  -0.1298009E-0001  -0.8165737E+0001
    19.88000   0.1788347E+0001  -0.6743738E-0016   0.3646842E+0001  -0.5935280E-0003   0.7076588E-0015  -0.1267395E-0001  -0.8165724E+0001
    19.88400   0.1788347E+0001  -0.1224606E-0015   0.3647173E+0001  -0.5935280E-0003   0.7074419E-0015  -0.1237507E-0001  -0.8165714E+0001
    19.88800   0.1788347E+0001  -0.1249543E-0016   0.3647504E+0001  -0.5935280E-0003   0.7066830E-0015  -0.1208632E-0001  -0.8165707E+0001
    19.89200   0.1788347E+0001  -0.1224335E-0015   0.3647835E+0001  -0.5935280E-0003   0.7060325E-0015  -0.1181037E-0001  -0.8165702E+0001
    19.89600   0.1788347E+0001  -0.6746448E-0016   0.3648167E+0001  -0.5935280E-0003   0.7055988E-0015  -0.1154976E-0001  -0.8165700E+0001
    19.90000   0.1788347E+0001  -0.6746448E-0016   0.3648501E+0001  -0.5935280E-0003   0.7049483E-0015  -0.1130682E-0001  -0.8165700E+0001
    19.90400   0.1788347E+0001  -0.6746448E-0016   0.3648838E+0001  -0.5935280E-0003   0.7045146E-0015  -0.1108369E-0001  -0.8165703E+0001
    19.90800   0.1788347E+0001  -0.1774297E-0015   0.3649178E+0001  -0.5935280E-0003   0.7042977E-0015  -0.1088230E-0001  -0.8165710E+0001
    19.91200   0.1788347E+0001  -0.1224606E-0015   0.3649523E+0001  -0.5935280E-0003   0.7032135E-0015  -0.1070436E-0001  -0.8165720E+0001
    19.91600   0.1788347E+0001  -0.1252254E-0016   0.3649873E+0001  -0.5935280E-0003   0.7027798E-0015  -0.1055137E-0001  -0.8165732E+0001
    19.92000   0.1788347E+0001  -0.6749159E-0016   0.3650228E+0001  -0.5935280E-0003   0.7023462E-0015  -0.1042458E-0001  -0.8165748E+0001
    19.92400   0.1788347E+0001  -0.6749159E-0016   0.3650589E+0001  -0.5935280E-0003   0.7015872E-0015  -0.1032503E-0001  -0.8165767E+0001
    19.92800   0.1788347E+0001  -0.1252254E-0016   0.3650956E+0001  -0.5935280E-0003   0.7010451E-0015  -0.1025352E-0001  -0.8165789E+0001
    19.93200   0.1788347E+0001  -0.1224606E-0015   0.3651330E+0001  -0.5935280E-0003   0.7005030E-0015  -0.1021061E-0001  -0.8165814E+0001
    19.93600   0.1788347E+0001  -0.1224606E-0015   0.3651711E+0001  -0.5935280E-0003   0.6997441E-0015  -0.1019664E-0001  -0.8165843E+0001
    19.94000   0.1788347E+0001  -0.1246832E-0016   0.3652099E+0001  -0.5935280E-0003   0.6993104E-0015  -0.1021173E-0001  -0.8165873E+0001
    19.94400   0.1788347E+0001  -0.1224606E-0015   0.3652495E+0001  -0.5935280E-0003   0.6986599E-0015  -0.1025574E-0001  -0.8165907E+0001
    19.94800   0.1788347E+0001  -0.1246832E-0016   0.3652897E+0001  -0.5935280E-0003   0.6980094E-0015  -0.1032834E-0001  -0.8165943E+0001
    19.95200   0.1788347E+0001  -0.6743738E-0016   0.3653307E+0001  -0.5935280E-0003   0.6971962E-0015  -0.1042898E-0001  -0.8165981E+0001
    19.95600   0.1788347E+0001   0.4250073E-0016   0.3653724E+0001  -0.5935280E-0003   0.6963831E-0015  -0.1055690E-0001  -0.8166021E+0001
    19.96000   0.1788347E+0001  -0.6743738E-0016   0.3654147E+0001  -0.5935280E-0003   0.6959494E-0015  -0.1071113E-0001  -0.8166063E+0001
    19.96400   0.1788347E+0001  -0.1235990E-0016   0.3654577E+0001  -0.5935280E-0003   0.6954073E-0015  -0.1089052E-0001  -0.8166107E+0001
    19.96800   0.1788347E+0001  -0.6732895E-0016   0.3655013E+0001  -0.5935280E-0003   0.6947025E-0015  -0.1109373E-0001  -0.8166151E+0001
    19.97200   0.1788347E+0001  -0.6732895E-0016   0.3655455E+0001  -0.5935280E-0003   0.6938352E-0015  -0.1131923E-0001  -0.8166197E+0001
    19.97600   0.1788347E+0001  -0.6722053E-0016   0.3655902E+0001  -0.5935280E-0003   0.6930220E-0015  -0.1156535E-0001  -0.8166243E+0001
    19.98000   0.1788347E+0001  -0.1221896E-0015   0.3656353E+0001  -0.5935280E-0003   0.6924799E-0015  -0.1183023E-0001  -0.8166288E+0001
    19.98400   0.1788347E+0001  -0.6722053E-0016   0.3656808E+0001  -0.5935280E-0003   0.6916668E-0015  -0.1211189E-0001  -0.8166334E+0001
    19.98800   0.1788347E+0001   0.4271757E-0016   0.3657267E+0001  -0.5935280E-0003   0.6906368E-0015  -0.1240818E-0001  -0.8166379E+0001
    19.99200   0.1788347E+0001  -0.1221896E-0015   0.3657728E+0001  -0.5935280E-0003   0.6899592E-0015  -0.1271684E-0001  -0.8166423E+0001
    19.99600   0.1788347E+0001  -0.1225148E-0016   0.3658191E+0001  -0.5935280E-0003   0.6892544E-0015  -0.1303551E-0001  -0.8166465E+0001
    20.00000   0.1788347E+0001  -0.1225148E-0016   0.3658654E+0001  -0.5935280E-0003   0.6887936E-0015  -0.1336169E-0001  -0.8166506E+0001
