#This is the file header
#Problem=TPV34
#Author=D.Liu
#Date=2016/01/30
#code = EQdyna3d
#code_version=3.2.3
#element_size = 50m x 50m on fault
# time_step =  0.0040  s
# num_time_steps =  5000
# Time series in 8 columns in format e15.7
# Column #1 = Time (s)
# Column #2 = horizontal slip (m)
# Column #3 = horizontal slip rate (m/s)
# Column #4 = horizontal shear stress (MPa)
# Column #5 = down-dip slip (m)
# Column #6 = down-dip slip rate (m/s)
# Column #7 = down-dip shear stress (MPa)
# Column #8 = normal stress (MPa)
# The line below lists the names of the data fields:
 t h-slip h-slip-rate h-shear-stress v-slip v-slip-rate v-shear-stress n-stress
#
     0.00400   0.0000000E+0000   0.0000000E+0000   0.4595609E+0002   0.0000000E+0000   0.0000000E+0000   0.0000000E+0000  -0.9191219E+0002
     0.00800   0.0000000E+0000   0.0000000E+0000   0.4595609E+0002   0.0000000E+0000   0.0000000E+0000   0.0000000E+0000  -0.9191219E+0002
     0.01200   0.0000000E+0000   0.0000000E+0000   0.4595609E+0002   0.0000000E+0000   0.0000000E+0000   0.0000000E+0000  -0.9191219E+0002
     0.01600   0.0000000E+0000   0.0000000E+0000   0.4595609E+0002   0.0000000E+0000   0.0000000E+0000   0.0000000E+0000  -0.9191219E+0002
     0.02000   0.0000000E+0000   0.0000000E+0000   0.4595609E+0002   0.0000000E+0000   0.0000000E+0000   0.0000000E+0000  -0.9191219E+0002
     0.02400   0.0000000E+0000   0.0000000E+0000   0.4595609E+0002   0.0000000E+0000   0.0000000E+0000   0.0000000E+0000  -0.9191219E+0002
     0.02800   0.0000000E+0000   0.0000000E+0000   0.4595609E+0002   0.0000000E+0000   0.0000000E+0000   0.0000000E+0000  -0.9191219E+0002
     0.03200   0.0000000E+0000   0.0000000E+0000   0.4595609E+0002   0.0000000E+0000   0.0000000E+0000   0.0000000E+0000  -0.9191219E+0002
     0.03600   0.0000000E+0000   0.0000000E+0000   0.4595609E+0002   0.0000000E+0000   0.0000000E+0000   0.0000000E+0000  -0.9191219E+0002
     0.04000   0.0000000E+0000   0.0000000E+0000   0.4595609E+0002   0.0000000E+0000   0.0000000E+0000   0.0000000E+0000  -0.9191219E+0002
     0.04400   0.0000000E+0000   0.0000000E+0000   0.4595609E+0002   0.0000000E+0000   0.0000000E+0000   0.0000000E+0000  -0.9191219E+0002
     0.04800   0.0000000E+0000   0.0000000E+0000   0.4595609E+0002   0.0000000E+0000   0.0000000E+0000   0.0000000E+0000  -0.9191219E+0002
     0.05200   0.0000000E+0000   0.0000000E+0000   0.4595609E+0002   0.0000000E+0000   0.0000000E+0000   0.0000000E+0000  -0.9191219E+0002
     0.05600   0.0000000E+0000   0.0000000E+0000   0.4595609E+0002   0.0000000E+0000   0.0000000E+0000   0.0000000E+0000  -0.9191219E+0002
     0.06000   0.0000000E+0000   0.0000000E+0000   0.4595609E+0002   0.0000000E+0000   0.0000000E+0000   0.0000000E+0000  -0.9191219E+0002
     0.06400   0.0000000E+0000   0.0000000E+0000   0.4595609E+0002   0.0000000E+0000   0.0000000E+0000   0.0000000E+0000  -0.9191219E+0002
     0.06800   0.0000000E+0000   0.0000000E+0000   0.4595609E+0002   0.0000000E+0000   0.0000000E+0000   0.0000000E+0000  -0.9191219E+0002
     0.07200   0.0000000E+0000   0.0000000E+0000   0.4595609E+0002   0.0000000E+0000   0.0000000E+0000   0.0000000E+0000  -0.9191219E+0002
     0.07600   0.0000000E+0000   0.0000000E+0000   0.4595609E+0002   0.0000000E+0000   0.0000000E+0000   0.0000000E+0000  -0.9191219E+0002
     0.08000   0.0000000E+0000   0.0000000E+0000   0.4595609E+0002   0.0000000E+0000   0.0000000E+0000   0.0000000E+0000  -0.9191219E+0002
     0.08400   0.0000000E+0000   0.0000000E+0000   0.4595609E+0002   0.0000000E+0000   0.0000000E+0000   0.0000000E+0000  -0.9191219E+0002
     0.08800   0.0000000E+0000   0.0000000E+0000   0.4595609E+0002   0.0000000E+0000   0.0000000E+0000   0.0000000E+0000  -0.9191219E+0002
     0.09200   0.0000000E+0000   0.0000000E+0000   0.4595609E+0002   0.0000000E+0000   0.0000000E+0000   0.0000000E+0000  -0.9191219E+0002
     0.09600   0.0000000E+0000   0.0000000E+0000   0.4595609E+0002   0.0000000E+0000   0.0000000E+0000   0.0000000E+0000  -0.9191219E+0002
     0.10000   0.0000000E+0000   0.0000000E+0000   0.4595609E+0002   0.0000000E+0000   0.0000000E+0000   0.0000000E+0000  -0.9191219E+0002
     0.10400   0.0000000E+0000   0.0000000E+0000   0.4595609E+0002   0.0000000E+0000   0.0000000E+0000   0.0000000E+0000  -0.9191219E+0002
     0.10800   0.0000000E+0000   0.0000000E+0000   0.4595609E+0002   0.0000000E+0000   0.0000000E+0000   0.0000000E+0000  -0.9191219E+0002
     0.11200   0.0000000E+0000   0.0000000E+0000   0.4595609E+0002   0.0000000E+0000   0.0000000E+0000   0.0000000E+0000  -0.9191219E+0002
     0.11600   0.0000000E+0000   0.0000000E+0000   0.4595609E+0002   0.0000000E+0000   0.0000000E+0000   0.0000000E+0000  -0.9191219E+0002
     0.12000   0.0000000E+0000   0.0000000E+0000   0.4595609E+0002   0.0000000E+0000   0.0000000E+0000   0.0000000E+0000  -0.9191219E+0002
     0.12400   0.0000000E+0000   0.0000000E+0000   0.4595609E+0002   0.0000000E+0000   0.0000000E+0000   0.0000000E+0000  -0.9191219E+0002
     0.12800   0.0000000E+0000   0.0000000E+0000   0.4595609E+0002   0.0000000E+0000   0.0000000E+0000   0.0000000E+0000  -0.9191219E+0002
     0.13200   0.0000000E+0000   0.0000000E+0000   0.4595609E+0002   0.0000000E+0000   0.0000000E+0000   0.0000000E+0000  -0.9191219E+0002
     0.13600   0.0000000E+0000   0.0000000E+0000   0.4595609E+0002   0.0000000E+0000   0.0000000E+0000   0.0000000E+0000  -0.9191219E+0002
     0.14000   0.0000000E+0000   0.0000000E+0000   0.4595609E+0002   0.0000000E+0000   0.0000000E+0000   0.0000000E+0000  -0.9191219E+0002
     0.14400   0.0000000E+0000   0.0000000E+0000   0.4595609E+0002   0.0000000E+0000   0.0000000E+0000   0.0000000E+0000  -0.9191219E+0002
     0.14800   0.0000000E+0000   0.0000000E+0000   0.4595609E+0002   0.0000000E+0000   0.0000000E+0000   0.0000000E+0000  -0.9191219E+0002
     0.15200   0.0000000E+0000   0.0000000E+0000   0.4595609E+0002   0.0000000E+0000   0.0000000E+0000   0.0000000E+0000  -0.9191219E+0002
     0.15600   0.0000000E+0000   0.0000000E+0000   0.4595609E+0002   0.0000000E+0000   0.0000000E+0000   0.0000000E+0000  -0.9191219E+0002
     0.16000   0.0000000E+0000   0.0000000E+0000   0.4595609E+0002   0.0000000E+0000   0.0000000E+0000   0.0000000E+0000  -0.9191219E+0002
     0.16400   0.0000000E+0000   0.0000000E+0000   0.4595609E+0002   0.0000000E+0000   0.0000000E+0000   0.0000000E+0000  -0.9191219E+0002
     0.16800   0.0000000E+0000   0.0000000E+0000   0.4595609E+0002   0.0000000E+0000   0.0000000E+0000   0.0000000E+0000  -0.9191219E+0002
     0.17200   0.0000000E+0000   0.0000000E+0000   0.4595609E+0002   0.0000000E+0000   0.0000000E+0000   0.0000000E+0000  -0.9191219E+0002
     0.17600   0.0000000E+0000   0.0000000E+0000   0.4595609E+0002   0.0000000E+0000   0.0000000E+0000   0.0000000E+0000  -0.9191219E+0002
     0.18000   0.0000000E+0000   0.0000000E+0000   0.4595609E+0002   0.0000000E+0000   0.0000000E+0000   0.0000000E+0000  -0.9191219E+0002
     0.18400   0.0000000E+0000   0.0000000E+0000   0.4595609E+0002   0.0000000E+0000   0.0000000E+0000   0.0000000E+0000  -0.9191219E+0002
     0.18800   0.0000000E+0000   0.0000000E+0000   0.4595609E+0002   0.0000000E+0000   0.0000000E+0000   0.0000000E+0000  -0.9191219E+0002
     0.19200   0.0000000E+0000   0.0000000E+0000   0.4595609E+0002   0.0000000E+0000   0.0000000E+0000   0.0000000E+0000  -0.9191219E+0002
     0.19600   0.0000000E+0000   0.0000000E+0000   0.4595609E+0002   0.0000000E+0000   0.0000000E+0000   0.0000000E+0000  -0.9191219E+0002
     0.20000   0.0000000E+0000   0.0000000E+0000   0.4595609E+0002   0.0000000E+0000   0.0000000E+0000   0.0000000E+0000  -0.9191219E+0002
     0.20400   0.0000000E+0000   0.0000000E+0000   0.4595609E+0002   0.0000000E+0000   0.0000000E+0000   0.0000000E+0000  -0.9191219E+0002
     0.20800   0.0000000E+0000   0.0000000E+0000   0.4595609E+0002   0.0000000E+0000   0.0000000E+0000   0.0000000E+0000  -0.9191219E+0002
     0.21200   0.0000000E+0000   0.0000000E+0000   0.4595609E+0002   0.0000000E+0000   0.0000000E+0000   0.0000000E+0000  -0.9191219E+0002
     0.21600   0.0000000E+0000   0.0000000E+0000   0.4595609E+0002   0.0000000E+0000   0.0000000E+0000   0.0000000E+0000  -0.9191219E+0002
     0.22000   0.0000000E+0000   0.0000000E+0000   0.4595609E+0002   0.0000000E+0000   0.0000000E+0000   0.0000000E+0000  -0.9191219E+0002
     0.22400   0.0000000E+0000   0.0000000E+0000   0.4595609E+0002   0.0000000E+0000   0.0000000E+0000   0.0000000E+0000  -0.9191219E+0002
     0.22800   0.0000000E+0000   0.0000000E+0000   0.4595609E+0002   0.0000000E+0000   0.0000000E+0000   0.0000000E+0000  -0.9191219E+0002
     0.23200   0.0000000E+0000   0.0000000E+0000   0.4595609E+0002   0.0000000E+0000   0.0000000E+0000   0.0000000E+0000  -0.9191219E+0002
     0.23600   0.0000000E+0000   0.0000000E+0000   0.4595609E+0002   0.0000000E+0000   0.0000000E+0000   0.0000000E+0000  -0.9191219E+0002
     0.24000   0.0000000E+0000   0.0000000E+0000   0.4595609E+0002   0.0000000E+0000   0.0000000E+0000   0.0000000E+0000  -0.9191219E+0002
     0.24400   0.0000000E+0000   0.0000000E+0000   0.4595609E+0002   0.0000000E+0000   0.0000000E+0000   0.0000000E+0000  -0.9191219E+0002
     0.24800   0.0000000E+0000   0.0000000E+0000   0.4595609E+0002   0.0000000E+0000   0.0000000E+0000   0.0000000E+0000  -0.9191219E+0002
     0.25200   0.0000000E+0000   0.0000000E+0000   0.4595609E+0002   0.0000000E+0000   0.0000000E+0000   0.0000000E+0000  -0.9191219E+0002
     0.25600   0.0000000E+0000   0.0000000E+0000   0.4595609E+0002   0.0000000E+0000   0.0000000E+0000   0.0000000E+0000  -0.9191219E+0002
     0.26000   0.0000000E+0000   0.0000000E+0000   0.4595609E+0002   0.0000000E+0000   0.0000000E+0000   0.0000000E+0000  -0.9191219E+0002
     0.26400   0.0000000E+0000   0.0000000E+0000   0.4595609E+0002   0.0000000E+0000   0.0000000E+0000   0.0000000E+0000  -0.9191219E+0002
     0.26800   0.0000000E+0000   0.0000000E+0000   0.4595609E+0002   0.0000000E+0000   0.0000000E+0000   0.0000000E+0000  -0.9191219E+0002
     0.27200   0.0000000E+0000   0.0000000E+0000   0.4595609E+0002   0.0000000E+0000   0.0000000E+0000   0.0000000E+0000  -0.9191219E+0002
     0.27600   0.0000000E+0000   0.0000000E+0000   0.4595609E+0002   0.0000000E+0000   0.0000000E+0000   0.0000000E+0000  -0.9191219E+0002
     0.28000   0.0000000E+0000   0.0000000E+0000   0.4595609E+0002   0.0000000E+0000   0.0000000E+0000   0.0000000E+0000  -0.9191219E+0002
     0.28400   0.0000000E+0000   0.0000000E+0000   0.4595609E+0002   0.0000000E+0000   0.0000000E+0000   0.0000000E+0000  -0.9191219E+0002
     0.28800   0.0000000E+0000   0.0000000E+0000   0.4595609E+0002   0.0000000E+0000   0.0000000E+0000   0.0000000E+0000  -0.9191219E+0002
     0.29200   0.0000000E+0000   0.0000000E+0000   0.4595609E+0002   0.0000000E+0000   0.0000000E+0000   0.0000000E+0000  -0.9191219E+0002
     0.29600   0.0000000E+0000   0.0000000E+0000   0.4595609E+0002   0.0000000E+0000   0.0000000E+0000   0.0000000E+0000  -0.9191219E+0002
     0.30000   0.0000000E+0000   0.0000000E+0000   0.4595609E+0002   0.0000000E+0000   0.0000000E+0000   0.0000000E+0000  -0.9191219E+0002
     0.30400   0.0000000E+0000   0.0000000E+0000   0.4595609E+0002   0.0000000E+0000   0.0000000E+0000   0.0000000E+0000  -0.9191219E+0002
     0.30800   0.0000000E+0000   0.0000000E+0000   0.4595609E+0002   0.0000000E+0000   0.0000000E+0000   0.0000000E+0000  -0.9191219E+0002
     0.31200   0.0000000E+0000   0.0000000E+0000   0.4595609E+0002   0.0000000E+0000   0.0000000E+0000   0.0000000E+0000  -0.9191219E+0002
     0.31600   0.0000000E+0000   0.0000000E+0000   0.4595609E+0002   0.0000000E+0000   0.0000000E+0000   0.0000000E+0000  -0.9191219E+0002
     0.32000   0.0000000E+0000   0.0000000E+0000   0.4595609E+0002   0.0000000E+0000   0.0000000E+0000   0.0000000E+0000  -0.9191219E+0002
     0.32400   0.0000000E+0000   0.0000000E+0000   0.4595609E+0002   0.0000000E+0000   0.0000000E+0000   0.0000000E+0000  -0.9191219E+0002
     0.32800   0.0000000E+0000   0.0000000E+0000   0.4595609E+0002   0.0000000E+0000   0.0000000E+0000   0.0000000E+0000  -0.9191219E+0002
     0.33200   0.0000000E+0000   0.0000000E+0000   0.4595609E+0002   0.0000000E+0000   0.0000000E+0000   0.0000000E+0000  -0.9191219E+0002
     0.33600   0.0000000E+0000   0.0000000E+0000   0.4595609E+0002   0.0000000E+0000   0.0000000E+0000   0.0000000E+0000  -0.9191219E+0002
     0.34000   0.0000000E+0000   0.0000000E+0000   0.4595609E+0002   0.0000000E+0000   0.0000000E+0000   0.0000000E+0000  -0.9191219E+0002
     0.34400   0.0000000E+0000   0.0000000E+0000   0.4595609E+0002   0.0000000E+0000   0.0000000E+0000   0.0000000E+0000  -0.9191219E+0002
     0.34800   0.0000000E+0000   0.0000000E+0000   0.4595609E+0002   0.0000000E+0000   0.0000000E+0000   0.0000000E+0000  -0.9191219E+0002
     0.35200   0.0000000E+0000   0.0000000E+0000   0.4595609E+0002   0.0000000E+0000   0.0000000E+0000   0.0000000E+0000  -0.9191219E+0002
     0.35600   0.0000000E+0000   0.0000000E+0000   0.4595609E+0002   0.0000000E+0000   0.0000000E+0000   0.0000000E+0000  -0.9191219E+0002
     0.36000   0.0000000E+0000   0.0000000E+0000   0.4595609E+0002   0.0000000E+0000   0.0000000E+0000   0.0000000E+0000  -0.9191219E+0002
     0.36400   0.0000000E+0000   0.0000000E+0000   0.4595609E+0002   0.0000000E+0000   0.0000000E+0000   0.0000000E+0000  -0.9191219E+0002
     0.36800   0.0000000E+0000   0.0000000E+0000   0.4595609E+0002   0.0000000E+0000   0.0000000E+0000   0.0000000E+0000  -0.9191219E+0002
     0.37200   0.0000000E+0000   0.0000000E+0000   0.4595609E+0002   0.0000000E+0000   0.0000000E+0000   0.0000000E+0000  -0.9191219E+0002
     0.37600   0.0000000E+0000   0.0000000E+0000   0.4595609E+0002   0.0000000E+0000   0.0000000E+0000   0.0000000E+0000  -0.9191219E+0002
     0.38000   0.0000000E+0000   0.0000000E+0000   0.4595609E+0002   0.0000000E+0000   0.0000000E+0000   0.0000000E+0000  -0.9191219E+0002
     0.38400   0.0000000E+0000   0.0000000E+0000   0.4595609E+0002   0.0000000E+0000   0.0000000E+0000   0.0000000E+0000  -0.9191219E+0002
     0.38800   0.0000000E+0000   0.0000000E+0000   0.4595609E+0002   0.0000000E+0000   0.0000000E+0000   0.0000000E+0000  -0.9191219E+0002
     0.39200   0.0000000E+0000   0.0000000E+0000   0.4595609E+0002   0.0000000E+0000   0.0000000E+0000   0.0000000E+0000  -0.9191219E+0002
     0.39600   0.0000000E+0000   0.0000000E+0000   0.4595609E+0002   0.0000000E+0000   0.0000000E+0000   0.0000000E+0000  -0.9191219E+0002
     0.40000   0.0000000E+0000   0.0000000E+0000   0.4595609E+0002   0.0000000E+0000   0.0000000E+0000   0.0000000E+0000  -0.9191219E+0002
     0.40400   0.0000000E+0000   0.0000000E+0000   0.4595609E+0002   0.0000000E+0000   0.0000000E+0000   0.0000000E+0000  -0.9191219E+0002
     0.40800   0.0000000E+0000   0.0000000E+0000   0.4595609E+0002   0.0000000E+0000   0.0000000E+0000   0.0000000E+0000  -0.9191219E+0002
     0.41200   0.0000000E+0000   0.0000000E+0000   0.4595609E+0002   0.0000000E+0000   0.0000000E+0000   0.0000000E+0000  -0.9191219E+0002
     0.41600   0.0000000E+0000   0.0000000E+0000   0.4595609E+0002   0.0000000E+0000   0.0000000E+0000   0.0000000E+0000  -0.9191219E+0002
     0.42000   0.0000000E+0000   0.0000000E+0000   0.4595609E+0002   0.0000000E+0000   0.0000000E+0000   0.0000000E+0000  -0.9191219E+0002
     0.42400   0.0000000E+0000   0.0000000E+0000   0.4595609E+0002   0.0000000E+0000   0.0000000E+0000   0.0000000E+0000  -0.9191219E+0002
     0.42800   0.0000000E+0000   0.0000000E+0000   0.4595609E+0002   0.0000000E+0000   0.0000000E+0000   0.0000000E+0000  -0.9191219E+0002
     0.43200   0.0000000E+0000   0.0000000E+0000   0.4595609E+0002   0.0000000E+0000   0.0000000E+0000   0.0000000E+0000  -0.9191219E+0002
     0.43600   0.0000000E+0000   0.0000000E+0000   0.4595609E+0002   0.0000000E+0000   0.0000000E+0000   0.0000000E+0000  -0.9191219E+0002
     0.44000   0.0000000E+0000   0.0000000E+0000   0.4595609E+0002   0.0000000E+0000   0.0000000E+0000   0.0000000E+0000  -0.9191219E+0002
     0.44400   0.0000000E+0000   0.0000000E+0000   0.4595609E+0002   0.0000000E+0000   0.0000000E+0000   0.0000000E+0000  -0.9191219E+0002
     0.44800   0.0000000E+0000   0.0000000E+0000   0.4595609E+0002   0.0000000E+0000   0.0000000E+0000   0.0000000E+0000  -0.9191219E+0002
     0.45200   0.0000000E+0000   0.0000000E+0000   0.4595609E+0002   0.0000000E+0000   0.0000000E+0000   0.0000000E+0000  -0.9191219E+0002
     0.45600   0.0000000E+0000   0.0000000E+0000   0.4595609E+0002   0.0000000E+0000   0.0000000E+0000   0.0000000E+0000  -0.9191219E+0002
     0.46000   0.0000000E+0000   0.0000000E+0000   0.4595609E+0002   0.0000000E+0000   0.0000000E+0000   0.0000000E+0000  -0.9191219E+0002
     0.46400   0.0000000E+0000   0.0000000E+0000   0.4595609E+0002   0.0000000E+0000   0.0000000E+0000   0.0000000E+0000  -0.9191219E+0002
     0.46800   0.0000000E+0000   0.0000000E+0000   0.4595609E+0002   0.0000000E+0000   0.0000000E+0000   0.0000000E+0000  -0.9191219E+0002
     0.47200   0.0000000E+0000   0.0000000E+0000   0.4595609E+0002   0.0000000E+0000   0.0000000E+0000   0.0000000E+0000  -0.9191219E+0002
     0.47600   0.0000000E+0000   0.0000000E+0000   0.4595609E+0002   0.0000000E+0000   0.0000000E+0000   0.0000000E+0000  -0.9191219E+0002
     0.48000   0.0000000E+0000   0.0000000E+0000   0.4595609E+0002   0.0000000E+0000   0.0000000E+0000   0.0000000E+0000  -0.9191219E+0002
     0.48400   0.0000000E+0000   0.0000000E+0000   0.4595609E+0002   0.0000000E+0000   0.0000000E+0000   0.0000000E+0000  -0.9191219E+0002
     0.48800   0.0000000E+0000   0.0000000E+0000   0.4595609E+0002   0.0000000E+0000   0.0000000E+0000   0.0000000E+0000  -0.9191219E+0002
     0.49200   0.0000000E+0000   0.0000000E+0000   0.4595609E+0002   0.0000000E+0000   0.0000000E+0000   0.0000000E+0000  -0.9191219E+0002
     0.49600   0.0000000E+0000   0.0000000E+0000   0.4595609E+0002   0.0000000E+0000   0.0000000E+0000   0.0000000E+0000  -0.9191219E+0002
     0.50000   0.0000000E+0000   0.0000000E+0000   0.4595609E+0002   0.0000000E+0000   0.0000000E+0000   0.0000000E+0000  -0.9191219E+0002
     0.50400   0.0000000E+0000   0.0000000E+0000   0.4595609E+0002   0.0000000E+0000   0.0000000E+0000   0.0000000E+0000  -0.9191219E+0002
     0.50800   0.0000000E+0000   0.0000000E+0000   0.4595609E+0002   0.0000000E+0000   0.0000000E+0000   0.0000000E+0000  -0.9191219E+0002
     0.51200   0.0000000E+0000   0.0000000E+0000   0.4595609E+0002   0.0000000E+0000   0.0000000E+0000   0.0000000E+0000  -0.9191219E+0002
     0.51600   0.0000000E+0000   0.0000000E+0000   0.4595609E+0002   0.0000000E+0000   0.0000000E+0000   0.0000000E+0000  -0.9191219E+0002
     0.52000   0.0000000E+0000   0.0000000E+0000   0.4595609E+0002   0.0000000E+0000   0.0000000E+0000   0.0000000E+0000  -0.9191219E+0002
     0.52400   0.0000000E+0000   0.0000000E+0000   0.4595609E+0002   0.0000000E+0000   0.0000000E+0000   0.0000000E+0000  -0.9191219E+0002
     0.52800   0.0000000E+0000   0.0000000E+0000   0.4595609E+0002   0.0000000E+0000   0.0000000E+0000   0.0000000E+0000  -0.9191219E+0002
     0.53200   0.0000000E+0000   0.0000000E+0000   0.4595609E+0002   0.0000000E+0000   0.0000000E+0000   0.0000000E+0000  -0.9191219E+0002
     0.53600   0.0000000E+0000   0.0000000E+0000   0.4595609E+0002   0.0000000E+0000   0.0000000E+0000   0.0000000E+0000  -0.9191219E+0002
     0.54000   0.0000000E+0000   0.0000000E+0000   0.4595609E+0002   0.0000000E+0000   0.0000000E+0000   0.0000000E+0000  -0.9191219E+0002
     0.54400   0.0000000E+0000   0.0000000E+0000   0.4595609E+0002   0.0000000E+0000   0.0000000E+0000   0.0000000E+0000  -0.9191219E+0002
     0.54800   0.0000000E+0000   0.0000000E+0000   0.4595609E+0002   0.0000000E+0000   0.0000000E+0000   0.0000000E+0000  -0.9191219E+0002
     0.55200   0.0000000E+0000   0.0000000E+0000   0.4595609E+0002   0.0000000E+0000   0.0000000E+0000   0.0000000E+0000  -0.9191219E+0002
     0.55600   0.0000000E+0000   0.0000000E+0000   0.4595609E+0002   0.0000000E+0000   0.0000000E+0000   0.0000000E+0000  -0.9191219E+0002
     0.56000   0.0000000E+0000   0.0000000E+0000   0.4595609E+0002   0.0000000E+0000   0.0000000E+0000   0.0000000E+0000  -0.9191219E+0002
     0.56400   0.0000000E+0000   0.0000000E+0000   0.4595609E+0002   0.0000000E+0000   0.0000000E+0000   0.0000000E+0000  -0.9191219E+0002
     0.56800   0.0000000E+0000   0.0000000E+0000   0.4595609E+0002   0.0000000E+0000   0.0000000E+0000   0.0000000E+0000  -0.9191219E+0002
     0.57200   0.0000000E+0000   0.0000000E+0000   0.4595609E+0002   0.0000000E+0000   0.0000000E+0000   0.0000000E+0000  -0.9191219E+0002
     0.57600   0.0000000E+0000   0.0000000E+0000   0.4595609E+0002   0.0000000E+0000   0.0000000E+0000   0.0000000E+0000  -0.9191219E+0002
     0.58000   0.0000000E+0000   0.0000000E+0000   0.4595609E+0002   0.0000000E+0000   0.0000000E+0000   0.0000000E+0000  -0.9191219E+0002
     0.58400   0.0000000E+0000   0.0000000E+0000   0.4595609E+0002   0.0000000E+0000   0.0000000E+0000   0.0000000E+0000  -0.9191219E+0002
     0.58800   0.0000000E+0000   0.0000000E+0000   0.4595609E+0002   0.0000000E+0000   0.0000000E+0000   0.0000000E+0000  -0.9191219E+0002
     0.59200   0.0000000E+0000   0.0000000E+0000   0.4595609E+0002   0.0000000E+0000   0.0000000E+0000   0.0000000E+0000  -0.9191219E+0002
     0.59600   0.0000000E+0000   0.0000000E+0000   0.4595609E+0002   0.0000000E+0000   0.0000000E+0000   0.0000000E+0000  -0.9191219E+0002
     0.60000   0.0000000E+0000   0.0000000E+0000   0.4595609E+0002   0.0000000E+0000   0.0000000E+0000   0.0000000E+0000  -0.9191219E+0002
     0.60400   0.0000000E+0000   0.0000000E+0000   0.4595609E+0002   0.0000000E+0000   0.0000000E+0000   0.0000000E+0000  -0.9191219E+0002
     0.60800   0.0000000E+0000   0.0000000E+0000   0.4595609E+0002   0.0000000E+0000   0.0000000E+0000   0.0000000E+0000  -0.9191219E+0002
     0.61200   0.0000000E+0000   0.0000000E+0000   0.4595609E+0002   0.0000000E+0000   0.0000000E+0000   0.0000000E+0000  -0.9191219E+0002
     0.61600   0.0000000E+0000   0.0000000E+0000   0.4595609E+0002   0.0000000E+0000   0.0000000E+0000   0.0000000E+0000  -0.9191219E+0002
     0.62000   0.0000000E+0000   0.0000000E+0000   0.4595609E+0002   0.0000000E+0000   0.0000000E+0000   0.0000000E+0000  -0.9191219E+0002
     0.62400   0.0000000E+0000   0.0000000E+0000   0.4595609E+0002   0.0000000E+0000   0.0000000E+0000   0.0000000E+0000  -0.9191219E+0002
     0.62800   0.0000000E+0000   0.0000000E+0000   0.4595609E+0002   0.0000000E+0000   0.0000000E+0000   0.0000000E+0000  -0.9191219E+0002
     0.63200   0.0000000E+0000   0.0000000E+0000   0.4595609E+0002   0.0000000E+0000   0.0000000E+0000   0.0000000E+0000  -0.9191219E+0002
     0.63600   0.0000000E+0000   0.0000000E+0000   0.4595609E+0002   0.0000000E+0000   0.0000000E+0000   0.0000000E+0000  -0.9191219E+0002
     0.64000   0.0000000E+0000   0.0000000E+0000   0.4595609E+0002   0.0000000E+0000   0.0000000E+0000   0.0000000E+0000  -0.9191219E+0002
     0.64400   0.0000000E+0000   0.0000000E+0000   0.4595609E+0002   0.0000000E+0000   0.0000000E+0000   0.0000000E+0000  -0.9191219E+0002
     0.64800   0.0000000E+0000   0.0000000E+0000   0.4595609E+0002   0.0000000E+0000   0.0000000E+0000   0.0000000E+0000  -0.9191219E+0002
     0.65200   0.0000000E+0000   0.0000000E+0000   0.4595609E+0002   0.0000000E+0000   0.0000000E+0000   0.0000000E+0000  -0.9191219E+0002
     0.65600   0.0000000E+0000   0.0000000E+0000   0.4595609E+0002   0.0000000E+0000   0.0000000E+0000   0.0000000E+0000  -0.9191219E+0002
     0.66000   0.0000000E+0000   0.0000000E+0000   0.4595609E+0002   0.0000000E+0000   0.0000000E+0000   0.0000000E+0000  -0.9191219E+0002
     0.66400   0.0000000E+0000   0.0000000E+0000   0.4595609E+0002   0.0000000E+0000   0.0000000E+0000   0.0000000E+0000  -0.9191219E+0002
     0.66800   0.0000000E+0000   0.0000000E+0000   0.4595609E+0002   0.0000000E+0000   0.0000000E+0000   0.0000000E+0000  -0.9191219E+0002
     0.67200   0.0000000E+0000   0.0000000E+0000   0.4595609E+0002   0.0000000E+0000   0.0000000E+0000   0.0000000E+0000  -0.9191219E+0002
     0.67600   0.0000000E+0000   0.0000000E+0000   0.4595609E+0002   0.0000000E+0000   0.0000000E+0000   0.0000000E+0000  -0.9191219E+0002
     0.68000   0.0000000E+0000   0.0000000E+0000   0.4595609E+0002   0.0000000E+0000   0.0000000E+0000   0.0000000E+0000  -0.9191219E+0002
     0.68400   0.0000000E+0000   0.0000000E+0000   0.4595609E+0002   0.0000000E+0000   0.0000000E+0000   0.0000000E+0000  -0.9191219E+0002
     0.68800   0.0000000E+0000   0.0000000E+0000   0.4595609E+0002   0.0000000E+0000   0.0000000E+0000   0.0000000E+0000  -0.9191219E+0002
     0.69200   0.0000000E+0000   0.0000000E+0000   0.4595609E+0002   0.0000000E+0000   0.0000000E+0000   0.0000000E+0000  -0.9191219E+0002
     0.69600   0.0000000E+0000   0.0000000E+0000   0.4595609E+0002   0.0000000E+0000   0.0000000E+0000   0.0000000E+0000  -0.9191219E+0002
     0.70000   0.0000000E+0000   0.0000000E+0000   0.4595609E+0002   0.0000000E+0000   0.0000000E+0000   0.0000000E+0000  -0.9191219E+0002
     0.70400   0.0000000E+0000   0.0000000E+0000   0.4595609E+0002   0.0000000E+0000   0.0000000E+0000   0.0000000E+0000  -0.9191219E+0002
     0.70800   0.0000000E+0000   0.0000000E+0000   0.4595609E+0002   0.0000000E+0000   0.0000000E+0000   0.0000000E+0000  -0.9191219E+0002
     0.71200   0.0000000E+0000   0.0000000E+0000   0.4595609E+0002   0.0000000E+0000   0.0000000E+0000   0.0000000E+0000  -0.9191219E+0002
     0.71600   0.0000000E+0000   0.0000000E+0000   0.4595609E+0002   0.0000000E+0000   0.0000000E+0000   0.0000000E+0000  -0.9191219E+0002
     0.72000   0.0000000E+0000   0.0000000E+0000   0.4595609E+0002   0.0000000E+0000   0.0000000E+0000   0.0000000E+0000  -0.9191219E+0002
     0.72400   0.0000000E+0000   0.0000000E+0000   0.4595609E+0002   0.0000000E+0000   0.0000000E+0000   0.0000000E+0000  -0.9191219E+0002
     0.72800   0.0000000E+0000   0.0000000E+0000   0.4595609E+0002   0.0000000E+0000   0.0000000E+0000   0.0000000E+0000  -0.9191219E+0002
     0.73200   0.0000000E+0000   0.0000000E+0000   0.4595609E+0002   0.0000000E+0000   0.0000000E+0000   0.0000000E+0000  -0.9191219E+0002
     0.73600   0.0000000E+0000   0.0000000E+0000   0.4595609E+0002   0.0000000E+0000   0.0000000E+0000   0.0000000E+0000  -0.9191219E+0002
     0.74000   0.0000000E+0000   0.0000000E+0000   0.4595609E+0002   0.0000000E+0000   0.0000000E+0000   0.0000000E+0000  -0.9191219E+0002
     0.74400   0.0000000E+0000   0.0000000E+0000   0.4595609E+0002   0.0000000E+0000   0.0000000E+0000   0.0000000E+0000  -0.9191219E+0002
     0.74800   0.0000000E+0000   0.0000000E+0000   0.4595609E+0002   0.0000000E+0000   0.0000000E+0000   0.0000000E+0000  -0.9191219E+0002
     0.75200   0.0000000E+0000   0.0000000E+0000   0.4595609E+0002   0.0000000E+0000   0.0000000E+0000   0.0000000E+0000  -0.9191219E+0002
     0.75600   0.0000000E+0000   0.0000000E+0000   0.4595609E+0002   0.0000000E+0000   0.0000000E+0000   0.0000000E+0000  -0.9191219E+0002
     0.76000   0.0000000E+0000   0.0000000E+0000   0.4595609E+0002   0.0000000E+0000   0.0000000E+0000   0.0000000E+0000  -0.9191219E+0002
     0.76400   0.0000000E+0000   0.0000000E+0000   0.4595609E+0002   0.0000000E+0000   0.0000000E+0000   0.0000000E+0000  -0.9191219E+0002
     0.76800   0.0000000E+0000   0.0000000E+0000   0.4595609E+0002   0.0000000E+0000   0.0000000E+0000   0.0000000E+0000  -0.9191219E+0002
     0.77200   0.0000000E+0000   0.0000000E+0000   0.4595609E+0002   0.0000000E+0000   0.0000000E+0000   0.0000000E+0000  -0.9191219E+0002
     0.77600   0.0000000E+0000   0.0000000E+0000   0.4595609E+0002   0.0000000E+0000   0.0000000E+0000   0.0000000E+0000  -0.9191219E+0002
     0.78000   0.0000000E+0000   0.0000000E+0000   0.4595609E+0002   0.0000000E+0000   0.0000000E+0000   0.0000000E+0000  -0.9191219E+0002
     0.78400   0.0000000E+0000   0.0000000E+0000   0.4595609E+0002   0.0000000E+0000   0.0000000E+0000   0.0000000E+0000  -0.9191219E+0002
     0.78800   0.0000000E+0000   0.0000000E+0000   0.4595609E+0002   0.0000000E+0000   0.0000000E+0000   0.0000000E+0000  -0.9191219E+0002
     0.79200   0.0000000E+0000   0.0000000E+0000   0.4595609E+0002   0.0000000E+0000   0.0000000E+0000   0.0000000E+0000  -0.9191219E+0002
     0.79600   0.0000000E+0000   0.0000000E+0000   0.4595609E+0002   0.0000000E+0000   0.0000000E+0000   0.0000000E+0000  -0.9191219E+0002
     0.80000   0.0000000E+0000   0.0000000E+0000   0.4595609E+0002   0.0000000E+0000   0.0000000E+0000   0.0000000E+0000  -0.9191219E+0002
     0.80400   0.0000000E+0000   0.0000000E+0000   0.4595609E+0002   0.0000000E+0000   0.0000000E+0000   0.0000000E+0000  -0.9191219E+0002
     0.80800   0.0000000E+0000   0.0000000E+0000   0.4595609E+0002   0.0000000E+0000   0.0000000E+0000   0.0000000E+0000  -0.9191219E+0002
     0.81200   0.0000000E+0000   0.0000000E+0000   0.4595609E+0002   0.0000000E+0000   0.0000000E+0000   0.0000000E+0000  -0.9191219E+0002
     0.81600   0.0000000E+0000   0.0000000E+0000   0.4595609E+0002   0.0000000E+0000   0.0000000E+0000   0.0000000E+0000  -0.9191219E+0002
     0.82000   0.0000000E+0000   0.0000000E+0000   0.4595609E+0002   0.0000000E+0000   0.0000000E+0000   0.0000000E+0000  -0.9191219E+0002
     0.82400   0.0000000E+0000   0.0000000E+0000   0.4595609E+0002   0.0000000E+0000   0.0000000E+0000   0.0000000E+0000  -0.9191219E+0002
     0.82800   0.0000000E+0000   0.0000000E+0000   0.4595609E+0002   0.0000000E+0000   0.0000000E+0000   0.0000000E+0000  -0.9191219E+0002
     0.83200   0.0000000E+0000   0.0000000E+0000   0.4595609E+0002   0.0000000E+0000   0.0000000E+0000   0.0000000E+0000  -0.9191219E+0002
     0.83600   0.0000000E+0000   0.0000000E+0000   0.4595609E+0002   0.0000000E+0000   0.0000000E+0000   0.0000000E+0000  -0.9191219E+0002
     0.84000   0.0000000E+0000   0.0000000E+0000   0.4595609E+0002   0.0000000E+0000   0.0000000E+0000   0.0000000E+0000  -0.9191219E+0002
     0.84400   0.0000000E+0000   0.0000000E+0000   0.4595609E+0002   0.0000000E+0000   0.0000000E+0000   0.0000000E+0000  -0.9191219E+0002
     0.84800   0.0000000E+0000   0.0000000E+0000   0.4595609E+0002   0.0000000E+0000   0.0000000E+0000  -0.9995341E-0133  -0.9191219E+0002
     0.85200   0.0000000E+0000   0.0000000E+0000   0.4595609E+0002   0.0000000E+0000   0.0000000E+0000  -0.3600429E-0130  -0.9191219E+0002
     0.85600   0.0000000E+0000   0.0000000E+0000   0.4595609E+0002   0.0000000E+0000   0.0000000E+0000  -0.6354425E-0128  -0.9191219E+0002
     0.86000   0.0000000E+0000   0.0000000E+0000   0.4595609E+0002   0.0000000E+0000   0.0000000E+0000  -0.7362359E-0126  -0.9191219E+0002
     0.86400   0.0000000E+0000   0.0000000E+0000   0.4595609E+0002   0.0000000E+0000   0.0000000E+0000  -0.6320860E-0124  -0.9191219E+0002
     0.86800   0.0000000E+0000   0.0000000E+0000   0.4595609E+0002   0.0000000E+0000   0.0000000E+0000  -0.4299487E-0122  -0.9191219E+0002
     0.87200   0.0000000E+0000   0.0000000E+0000   0.4595609E+0002   0.0000000E+0000   0.0000000E+0000  -0.2417866E-0120  -0.9191219E+0002
     0.87600   0.0000000E+0000   0.0000000E+0000   0.4595609E+0002   0.0000000E+0000   0.0000000E+0000  -0.1157815E-0118  -0.9191219E+0002
     0.88000   0.0000000E+0000   0.0000000E+0000   0.4595609E+0002   0.0000000E+0000   0.0000000E+0000  -0.4824425E-0117  -0.9191219E+0002
     0.88400   0.0000000E+0000   0.0000000E+0000   0.4595609E+0002   0.0000000E+0000   0.0000000E+0000  -0.1778484E-0115  -0.9191219E+0002
     0.88800   0.0000000E+0000   0.0000000E+0000   0.4595609E+0002   0.0000000E+0000   0.0000000E+0000  -0.5876760E-0114  -0.9191219E+0002
     0.89200   0.0000000E+0000   0.0000000E+0000   0.4595609E+0002   0.0000000E+0000   0.0000000E+0000  -0.1759185E-0112  -0.9191219E+0002
     0.89600   0.0000000E+0000   0.0000000E+0000   0.4595609E+0002   0.0000000E+0000   0.0000000E+0000  -0.4812513E-0111  -0.9191219E+0002
     0.90000   0.0000000E+0000   0.0000000E+0000   0.4595609E+0002   0.0000000E+0000   0.0000000E+0000  -0.1212021E-0109  -0.9191219E+0002
     0.90400   0.0000000E+0000   0.0000000E+0000   0.4595609E+0002   0.0000000E+0000   0.0000000E+0000  -0.2827765E-0108  -0.9191219E+0002
     0.90800   0.0000000E+0000   0.0000000E+0000   0.4595609E+0002   0.0000000E+0000   0.0000000E+0000  -0.6144854E-0107  -0.9191219E+0002
     0.91200   0.0000000E+0000   0.0000000E+0000   0.4595609E+0002   0.0000000E+0000   0.0000000E+0000  -0.1249544E-0105  -0.9191219E+0002
     0.91600   0.0000000E+0000   0.0000000E+0000   0.4595609E+0002   0.0000000E+0000   0.0000000E+0000  -0.2387542E-0104  -0.9191219E+0002
     0.92000   0.0000000E+0000   0.0000000E+0000   0.4595609E+0002   0.0000000E+0000   0.0000000E+0000  -0.4302216E-0103  -0.9191219E+0002
     0.92400   0.0000000E+0000   0.0000000E+0000   0.4595609E+0002   0.0000000E+0000   0.0000000E+0000  -0.7334738E-0102  -0.9191219E+0002
     0.92800   0.0000000E+0000   0.0000000E+0000   0.4595609E+0002   0.0000000E+0000   0.0000000E+0000  -0.1186565E-0100  -0.9191219E+0002
     0.93200   0.0000000E+0000   0.0000000E+0000   0.4595609E+0002   0.0000000E+0000   0.0000000E+0000  -0.1826217E-0099  -0.9191219E+0002
     0.93600   0.0000000E+0000   0.0000000E+0000   0.4595609E+0002   0.0000000E+0000   0.0000000E+0000  -0.2680393E-0098  -0.9191219E+0002
     0.94000   0.0000000E+0000   0.0000000E+0000   0.4595609E+0002   0.0000000E+0000   0.0000000E+0000  -0.3759836E-0097  -0.9191219E+0002
     0.94400   0.0000000E+0000   0.0000000E+0000   0.4595609E+0002   0.0000000E+0000   0.0000000E+0000  -0.5050350E-0096  -0.9191219E+0002
     0.94800   0.0000000E+0000   0.0000000E+0000   0.4595609E+0002   0.0000000E+0000   0.0000000E+0000  -0.6507936E-0095  -0.9191219E+0002
     0.95200   0.0000000E+0000   0.0000000E+0000   0.4595609E+0002   0.0000000E+0000   0.0000000E+0000  -0.8058580E-0094  -0.9191219E+0002
     0.95600   0.0000000E+0000   0.0000000E+0000   0.4595609E+0002   0.0000000E+0000   0.0000000E+0000  -0.9603642E-0093  -0.9191219E+0002
     0.96000   0.0000000E+0000   0.0000000E+0000   0.4595609E+0002   0.0000000E+0000   0.0000000E+0000  -0.1103049E-0091  -0.9191219E+0002
     0.96400   0.0000000E+0000   0.0000000E+0000   0.4595609E+0002   0.0000000E+0000   0.0000000E+0000  -0.1222673E-0090  -0.9191219E+0002
     0.96800   0.0000000E+0000   0.0000000E+0000   0.4595609E+0002   0.0000000E+0000   0.0000000E+0000  -0.1309538E-0089  -0.9191219E+0002
     0.97200   0.0000000E+0000   0.0000000E+0000   0.4595609E+0002   0.0000000E+0000   0.0000000E+0000  -0.1356804E-0088  -0.9191219E+0002
     0.97600   0.0000000E+0000   0.0000000E+0000   0.4595609E+0002   0.0000000E+0000   0.0000000E+0000  -0.1361366E-0087  -0.9191219E+0002
     0.98000   0.0000000E+0000   0.0000000E+0000   0.4595609E+0002   0.0000000E+0000   0.0000000E+0000  -0.1324126E-0086  -0.9191219E+0002
     0.98400   0.0000000E+0000   0.0000000E+0000   0.4595609E+0002   0.0000000E+0000   0.0000000E+0000  -0.1249659E-0085  -0.9191219E+0002
     0.98800   0.0000000E+0000   0.0000000E+0000   0.4595609E+0002   0.0000000E+0000   0.0000000E+0000  -0.1145377E-0084  -0.9191219E+0002
     0.99200   0.0000000E+0000   0.0000000E+0000   0.4595609E+0002   0.0000000E+0000   0.0000000E+0000  -0.1020385E-0083  -0.9191219E+0002
     0.99600   0.0000000E+0000   0.0000000E+0000   0.4595609E+0002   0.0000000E+0000   0.0000000E+0000  -0.8842659E-0083  -0.9191219E+0002
     1.00000   0.0000000E+0000   0.0000000E+0000   0.4595609E+0002   0.0000000E+0000   0.0000000E+0000  -0.7459840E-0082  -0.9191219E+0002
     1.00400   0.0000000E+0000   0.0000000E+0000   0.4595609E+0002   0.0000000E+0000   0.0000000E+0000  -0.6130727E-0081  -0.9191219E+0002
     1.00800   0.0000000E+0000   0.0000000E+0000   0.4595609E+0002   0.0000000E+0000   0.0000000E+0000  -0.4911588E-0080  -0.9191219E+0002
     1.01200   0.0000000E+0000   0.0000000E+0000   0.4595609E+0002   0.0000000E+0000   0.0000000E+0000  -0.3838276E-0079  -0.9191219E+0002
     1.01600   0.0000000E+0000   0.0000000E+0000   0.4595609E+0002   0.0000000E+0000   0.0000000E+0000  -0.2927641E-0078  -0.9191219E+0002
     1.02000   0.0000000E+0000   0.0000000E+0000   0.4595609E+0002   0.0000000E+0000   0.0000000E+0000  -0.2180808E-0077  -0.9191219E+0002
     1.02400   0.0000000E+0000   0.0000000E+0000   0.4595609E+0002   0.0000000E+0000   0.0000000E+0000  -0.1587351E-0076  -0.9191219E+0002
     1.02800   0.0000000E+0000   0.0000000E+0000   0.4595609E+0002   0.0000000E+0000   0.0000000E+0000  -0.1129568E-0075  -0.9191219E+0002
     1.03200   0.0000000E+0000   0.0000000E+0000   0.4595609E+0002   0.0000000E+0000   0.0000000E+0000  -0.7862342E-0075  -0.9191219E+0002
     1.03600   0.0000000E+0000   0.0000000E+0000   0.4595609E+0002   0.0000000E+0000   0.0000000E+0000  -0.5355491E-0074  -0.9191219E+0002
     1.04000   0.0000000E+0000   0.0000000E+0000   0.4595609E+0002   0.0000000E+0000   0.0000000E+0000  -0.3571516E-0073  -0.9191219E+0002
     1.04400   0.0000000E+0000   0.0000000E+0000   0.4595609E+0002   0.0000000E+0000   0.0000000E+0000  -0.2332928E-0072  -0.9191219E+0002
     1.04800   0.0000000E+0000   0.0000000E+0000   0.4595609E+0002   0.0000000E+0000   0.0000000E+0000  -0.1493232E-0071  -0.9191219E+0002
     1.05200   0.0000000E+0000   0.0000000E+0000   0.4595609E+0002   0.0000000E+0000   0.0000000E+0000  -0.9369248E-0071  -0.9191219E+0002
     1.05600   0.0000000E+0000   0.0000000E+0000   0.4595609E+0002   0.0000000E+0000   0.0000000E+0000  -0.5765016E-0070  -0.9191219E+0002
     1.06000   0.0000000E+0000   0.0000000E+0000   0.4595609E+0002   0.0000000E+0000   0.0000000E+0000  -0.3479967E-0069  -0.9191219E+0002
     1.06400   0.0000000E+0000   0.0000000E+0000   0.4595609E+0002   0.0000000E+0000   0.0000000E+0000  -0.2061496E-0068  -0.9191219E+0002
     1.06800   0.0000000E+0000   0.0000000E+0000   0.4595609E+0002   0.0000000E+0000   0.0000000E+0000  -0.1198867E-0067  -0.9191219E+0002
     1.07200   0.0000000E+0000   0.0000000E+0000   0.4595609E+0002   0.0000000E+0000   0.0000000E+0000  -0.6846729E-0067  -0.9191219E+0002
     1.07600   0.0000000E+0000   0.0000000E+0000   0.4595609E+0002   0.0000000E+0000   0.0000000E+0000  -0.3841102E-0066  -0.9191219E+0002
     1.08000   0.0000000E+0000   0.0000000E+0000   0.4595609E+0002   0.0000000E+0000   0.0000000E+0000  -0.2117490E-0065  -0.9191219E+0002
     1.08400   0.0000000E+0000   0.0000000E+0000   0.4595609E+0002   0.0000000E+0000   0.0000000E+0000  -0.1147380E-0064  -0.9191219E+0002
     1.08800   0.0000000E+0000   0.0000000E+0000   0.4595609E+0002   0.0000000E+0000   0.0000000E+0000  -0.6112739E-0064  -0.9191219E+0002
     1.09200   0.0000000E+0000   0.0000000E+0000   0.4595609E+0002   0.0000000E+0000   0.0000000E+0000  -0.3202771E-0063  -0.9191219E+0002
     1.09600   0.0000000E+0000   0.0000000E+0000   0.4595609E+0002   0.0000000E+0000   0.0000000E+0000  -0.1650789E-0062  -0.9191219E+0002
     1.10000   0.0000000E+0000   0.0000000E+0000   0.4595609E+0002   0.0000000E+0000   0.0000000E+0000  -0.8372277E-0062  -0.9191219E+0002
     1.10400   0.0000000E+0000   0.0000000E+0000   0.4595609E+0002   0.0000000E+0000   0.0000000E+0000  -0.4179154E-0061  -0.9191219E+0002
     1.10800   0.0000000E+0000   0.0000000E+0000   0.4595609E+0002   0.0000000E+0000   0.0000000E+0000  -0.2053663E-0060  -0.9191219E+0002
     1.11200   0.0000000E+0000   0.0000000E+0000   0.4595609E+0002   0.0000000E+0000   0.0000000E+0000  -0.9937234E-0060  -0.9191219E+0002
     1.11600   0.0000000E+0000   0.0000000E+0000   0.4595609E+0002   0.0000000E+0000   0.0000000E+0000  -0.4735809E-0059  -0.9191219E+0002
     1.12000   0.0000000E+0000   0.0000000E+0000   0.4595609E+0002   0.0000000E+0000   0.0000000E+0000  -0.2223353E-0058  -0.9191219E+0002
     1.12400   0.0000000E+0000   0.0000000E+0000   0.4595609E+0002   0.0000000E+0000   0.0000000E+0000  -0.1028487E-0057  -0.9191219E+0002
     1.12800   0.0000000E+0000   0.0000000E+0000   0.4595609E+0002   0.0000000E+0000   0.0000000E+0000  -0.4688700E-0057  -0.9191219E+0002
     1.13200   0.0000000E+0000   0.0000000E+0000   0.4595609E+0002   0.0000000E+0000   0.0000000E+0000  -0.2106952E-0056  -0.9191219E+0002
     1.13600   0.0000000E+0000   0.0000000E+0000   0.4595609E+0002   0.0000000E+0000   0.0000000E+0000  -0.9334426E-0056  -0.9191219E+0002
     1.14000   0.0000000E+0000   0.0000000E+0000   0.4595609E+0002   0.0000000E+0000   0.0000000E+0000  -0.4077848E-0055  -0.9191219E+0002
     1.14400   0.0000000E+0000   0.0000000E+0000   0.4595609E+0002   0.0000000E+0000   0.0000000E+0000  -0.1756961E-0054  -0.9191219E+0002
     1.14800   0.0000000E+0000   0.0000000E+0000   0.4595609E+0002   0.0000000E+0000   0.0000000E+0000  -0.7467173E-0054  -0.9191219E+0002
     1.15200   0.0000000E+0000   0.0000000E+0000   0.4595609E+0002   0.0000000E+0000   0.0000000E+0000  -0.3131020E-0053  -0.9191219E+0002
     1.15600   0.0000000E+0000   0.0000000E+0000   0.4595609E+0002   0.0000000E+0000   0.0000000E+0000  -0.1295453E-0052  -0.9191219E+0002
     1.16000   0.0000000E+0000   0.0000000E+0000   0.4595609E+0002   0.0000000E+0000   0.0000000E+0000  -0.5289721E-0052  -0.9191219E+0002
     1.16400   0.0000000E+0000   0.0000000E+0000   0.4595609E+0002   0.0000000E+0000   0.0000000E+0000  -0.2131990E-0051  -0.9191219E+0002
     1.16800   0.0000000E+0000   0.0000000E+0000   0.4595609E+0002   0.0000000E+0000   0.0000000E+0000  -0.8482893E-0051  -0.9191219E+0002
     1.17200   0.0000000E+0000   0.0000000E+0000   0.4595609E+0002   0.0000000E+0000   0.0000000E+0000  -0.3332514E-0050  -0.9191219E+0002
     1.17600   0.0000000E+0000   0.0000000E+0000   0.4595609E+0002   0.0000000E+0000   0.0000000E+0000  -0.1292797E-0049  -0.9191219E+0002
     1.18000   0.0000000E+0000   0.0000000E+0000   0.4595609E+0002   0.0000000E+0000   0.0000000E+0000  -0.4953111E-0049  -0.9191219E+0002
     1.18400   0.0000000E+0000   0.0000000E+0000   0.4595609E+0002   0.0000000E+0000   0.0000000E+0000  -0.1874448E-0048  -0.9191219E+0002
     1.18800   0.0000000E+0000   0.0000000E+0000   0.4595609E+0002   0.0000000E+0000   0.0000000E+0000  -0.7007646E-0048  -0.9191219E+0002
     1.19200   0.0000000E+0000   0.0000000E+0000   0.4595609E+0002   0.0000000E+0000   0.0000000E+0000  -0.2588385E-0047  -0.9191219E+0002
     1.19600   0.0000000E+0000   0.0000000E+0000   0.4595609E+0002   0.0000000E+0000   0.0000000E+0000  -0.9447062E-0047  -0.9191219E+0002
     1.20000   0.0000000E+0000   0.0000000E+0000   0.4595609E+0002   0.0000000E+0000   0.0000000E+0000  -0.3407433E-0046  -0.9191219E+0002
     1.20400   0.0000000E+0000   0.0000000E+0000   0.4595609E+0002   0.0000000E+0000   0.0000000E+0000  -0.1214704E-0045  -0.9191219E+0002
     1.20800   0.0000000E+0000   0.0000000E+0000   0.4595609E+0002   0.0000000E+0000   0.0000000E+0000  -0.4280313E-0045  -0.9191219E+0002
     1.21200   0.0000000E+0000   0.0000000E+0000   0.4595609E+0002   0.0000000E+0000   0.0000000E+0000  -0.1491040E-0044  -0.9191219E+0002
     1.21600   0.0000000E+0000   0.0000000E+0000   0.4595609E+0002   0.0000000E+0000   0.0000000E+0000  -0.5135214E-0044  -0.9191219E+0002
     1.22000   0.0000000E+0000   0.0000000E+0000   0.4595609E+0002   0.0000000E+0000   0.0000000E+0000  -0.1748750E-0043  -0.9191219E+0002
     1.22400   0.0000000E+0000   0.0000000E+0000   0.4595609E+0002   0.0000000E+0000   0.0000000E+0000  -0.5888987E-0043  -0.9191219E+0002
     1.22800   0.0000000E+0000   0.0000000E+0000   0.4595609E+0002   0.0000000E+0000   0.0000000E+0000  -0.1961280E-0042  -0.9191219E+0002
     1.23200   0.0000000E+0000   0.0000000E+0000   0.4595609E+0002   0.0000000E+0000   0.0000000E+0000  -0.6460502E-0042  -0.9191219E+0002
     1.23600   0.0000000E+0000   0.0000000E+0000   0.4595609E+0002   0.0000000E+0000   0.0000000E+0000  -0.2105040E-0041  -0.9191219E+0002
     1.24000   0.0000000E+0000   0.0000000E+0000   0.4595609E+0002   0.0000000E+0000   0.0000000E+0000  -0.6785178E-0041  -0.9191219E+0002
     1.24400   0.0000000E+0000   0.0000000E+0000   0.4595609E+0002   0.0000000E+0000   0.0000000E+0000  -0.2163749E-0040  -0.9191219E+0002
     1.24800   0.0000000E+0000   0.0000000E+0000   0.4595609E+0002   0.0000000E+0000   0.0000000E+0000  -0.6827062E-0040  -0.9191219E+0002
     1.25200   0.0000000E+0000   0.0000000E+0000   0.4595609E+0002   0.0000000E+0000   0.0000000E+0000  -0.2131466E-0039  -0.9191219E+0002
     1.25600   0.0000000E+0000   0.0000000E+0000   0.4595609E+0002   0.0000000E+0000   0.0000000E+0000  -0.6585295E-0039  -0.9191219E+0002
     1.26000   0.0000000E+0000   0.0000000E+0000   0.4595609E+0002   0.0000000E+0000   0.0000000E+0000  -0.2013531E-0038  -0.9191219E+0002
     1.26400   0.0000000E+0000   0.0000000E+0000   0.4595609E+0002   0.0000000E+0000   0.0000000E+0000  -0.6093411E-0038  -0.9191219E+0002
     1.26800   0.0000000E+0000   0.0000000E+0000   0.4595609E+0002   0.0000000E+0000   0.0000000E+0000  -0.1825214E-0037  -0.9191219E+0002
     1.27200   0.0000000E+0000   0.0000000E+0000   0.4595609E+0002   0.0000000E+0000   0.0000000E+0000  -0.5411892E-0037  -0.9191219E+0002
     1.27600   0.0000000E+0000   0.0000000E+0000   0.4595609E+0002   0.0000000E+0000   0.0000000E+0000  -0.1588535E-0036  -0.9191219E+0002
     1.28000   0.0000000E+0000   0.0000000E+0000   0.4595609E+0002   0.0000000E+0000   0.0000000E+0000  -0.4616211E-0036  -0.9191219E+0002
     1.28400   0.0000000E+0000   0.0000000E+0000   0.4595609E+0002   0.0000000E+0000   0.0000000E+0000  -0.1328142E-0035  -0.9191219E+0002
     1.28800   0.0000000E+0000   0.0000000E+0000   0.4595609E+0002   0.0000000E+0000   0.0000000E+0000  -0.3783558E-0035  -0.9191219E+0002
     1.29200   0.0000000E+0000   0.0000000E+0000   0.4595609E+0002   0.0000000E+0000   0.0000000E+0000  -0.1067284E-0034  -0.9191219E+0002
     1.29600   0.0000000E+0000   0.0000000E+0000   0.4595609E+0002   0.0000000E+0000   0.0000000E+0000  -0.2981326E-0034  -0.9191219E+0002
     1.30000   0.0000000E+0000   0.0000000E+0000   0.4595609E+0002   0.0000000E+0000   0.0000000E+0000  -0.8247327E-0034  -0.9191219E+0002
     1.30400   0.0000000E+0000   0.0000000E+0000   0.4595609E+0002   0.0000000E+0000   0.0000000E+0000  -0.2259516E-0033  -0.9191219E+0002
     1.30800   0.0000000E+0000   0.0000000E+0000   0.4595609E+0002   0.0000000E+0000   0.0000000E+0000  -0.6131116E-0033  -0.9191219E+0002
     1.31200   0.0000000E+0000   0.0000000E+0000   0.4595609E+0002   0.0000000E+0000   0.0000000E+0000  -0.1647813E-0032  -0.9191219E+0002
     1.31600   0.0000000E+0000   0.0000000E+0000   0.4595609E+0002   0.0000000E+0000   0.0000000E+0000  -0.4386743E-0032  -0.9191219E+0002
     1.32000   0.0000000E+0000   0.0000000E+0000   0.4595609E+0002   0.0000000E+0000   0.0000000E+0000  -0.1156813E-0031  -0.9191219E+0002
     1.32400   0.0000000E+0000   0.0000000E+0000   0.4595609E+0002   0.0000000E+0000   0.0000000E+0000  -0.3021977E-0031  -0.9191219E+0002
     1.32800   0.0000000E+0000   0.0000000E+0000   0.4595609E+0002   0.0000000E+0000   0.0000000E+0000  -0.7820690E-0031  -0.9191219E+0002
     1.33200   0.0000000E+0000   0.0000000E+0000   0.4595609E+0002   0.0000000E+0000   0.0000000E+0000  -0.2005135E-0030  -0.9191219E+0002
     1.33600   0.0000000E+0000   0.0000000E+0000   0.4595609E+0002   0.0000000E+0000   0.0000000E+0000  -0.5093357E-0030  -0.9191219E+0002
     1.34000   0.0000000E+0000   0.0000000E+0000   0.4595609E+0002   0.0000000E+0000   0.0000000E+0000  -0.1281869E-0029  -0.9191219E+0002
     1.34400   0.0000000E+0000   0.0000000E+0000   0.4595609E+0002   0.0000000E+0000   0.0000000E+0000  -0.3196521E-0029  -0.9191219E+0002
     1.34800   0.0000000E+0000   0.0000000E+0000   0.4595609E+0002   0.0000000E+0000   0.0000000E+0000  -0.7898077E-0029  -0.9191219E+0002
     1.35200   0.0000000E+0000   0.0000000E+0000   0.4595609E+0002   0.0000000E+0000   0.0000000E+0000  -0.1933699E-0028  -0.9191219E+0002
     1.35600   0.0000000E+0000   0.0000000E+0000   0.4595609E+0002   0.0000000E+0000   0.0000000E+0000  -0.4691300E-0028  -0.9191219E+0002
     1.36000   0.0000000E+0000   0.0000000E+0000   0.4595609E+0002   0.0000000E+0000   0.0000000E+0000  -0.1127837E-0027  -0.9191219E+0002
     1.36400   0.0000000E+0000   0.0000000E+0000   0.4595609E+0002   0.0000000E+0000   0.0000000E+0000  -0.2686951E-0027  -0.9191219E+0002
     1.36800   0.0000000E+0000   0.0000000E+0000   0.4595609E+0002   0.0000000E+0000   0.0000000E+0000  -0.6343707E-0027  -0.9191219E+0002
     1.37200   0.0000000E+0000   0.0000000E+0000   0.4595609E+0002   0.0000000E+0000   0.0000000E+0000  -0.1484245E-0026  -0.9191219E+0002
     1.37600   0.0000000E+0000   0.0000000E+0000   0.4595609E+0002   0.0000000E+0000   0.0000000E+0000  -0.3441557E-0026  -0.9191219E+0002
     1.38000   0.0000000E+0000   0.0000000E+0000   0.4595609E+0002   0.0000000E+0000   0.0000000E+0000  -0.7908566E-0026  -0.9191219E+0002
     1.38400   0.0000000E+0000   0.0000000E+0000   0.4595609E+0002   0.0000000E+0000   0.0000000E+0000  -0.1801103E-0025  -0.9191219E+0002
     1.38800   0.0000000E+0000   0.0000000E+0000   0.4595609E+0002   0.0000000E+0000   0.0000000E+0000  -0.4065201E-0025  -0.9191219E+0002
     1.39200   0.0000000E+0000   0.0000000E+0000   0.4595609E+0002   0.0000000E+0000   0.0000000E+0000  -0.9093575E-0025  -0.9191219E+0002
     1.39600   0.0000000E+0000   0.0000000E+0000   0.4595609E+0002   0.0000000E+0000   0.0000000E+0000  -0.2016035E-0024  -0.9191219E+0002
     1.40000   0.0000000E+0000   0.0000000E+0000   0.4595609E+0002   0.0000000E+0000   0.0000000E+0000  -0.4429802E-0024  -0.9191219E+0002
     1.40400   0.0000000E+0000   0.0000000E+0000   0.4595609E+0002   0.0000000E+0000   0.0000000E+0000  -0.9647583E-0024  -0.9191219E+0002
     1.40800   0.0000000E+0000   0.0000000E+0000   0.4595609E+0002   0.0000000E+0000   0.0000000E+0000  -0.2082614E-0023  -0.9191219E+0002
     1.41200   0.0000000E+0000   0.0000000E+0000   0.4595609E+0002   0.0000000E+0000   0.0000000E+0000  -0.4459078E-0023  -0.9191219E+0002
     1.41600   0.0000000E+0000   0.0000000E+0000   0.4595609E+0002   0.0000000E+0000   0.0000000E+0000  -0.9450463E-0023  -0.9191219E+0002
     1.42000   0.0000000E+0000   0.0000000E+0000   0.4595609E+0002   0.0000000E+0000   0.0000000E+0000  -0.2013022E-0022  -0.9191219E+0002
     1.42400   0.0000000E+0000   0.0000000E+0000   0.4595609E+0002   0.0000000E+0000   0.0000000E+0000  -0.4145381E-0022  -0.9191219E+0002
     1.42800   0.0000000E+0000   0.0000000E+0000   0.4595609E+0002   0.0000000E+0000   0.0000000E+0000  -0.9742339E-0022  -0.9191219E+0002
     1.43200   0.0000000E+0000   0.0000000E+0000   0.4595609E+0002   0.0000000E+0000   0.0000000E+0000  -0.1348564E-0021  -0.9191219E+0002
     1.43600   0.0000000E+0000   0.0000000E+0000   0.4595609E+0002   0.0000000E+0000   0.0000000E+0000  -0.2776490E-0021  -0.9191219E+0002
     1.44000   0.0000000E+0000   0.0000000E+0000   0.4595609E+0002  -0.1632954E-0024  -0.4082385E-0022  -0.7276262E-0021  -0.9191219E+0002
     1.44400   0.0000000E+0000   0.0000000E+0000   0.4595609E+0002  -0.1632954E-0024   0.0000000E+0000  -0.1194009E-0020  -0.9191219E+0002
     1.44800   0.0000000E+0000   0.0000000E+0000   0.4595609E+0002  -0.3265908E-0024  -0.4082385E-0022  -0.2626694E-0020  -0.9191219E+0002
     1.45200   0.0000000E+0000   0.0000000E+0000   0.4595609E+0002  -0.1632954E-0024   0.4082385E-0022  -0.4911825E-0020  -0.9191219E+0002
     1.45600   0.0000000E+0000   0.0000000E+0000   0.4595609E+0002   0.3265908E-0024   0.1224715E-0021  -0.1034602E-0019  -0.9191219E+0002
     1.46000   0.0000000E+0000   0.0000000E+0000   0.4595609E+0002   0.4898862E-0024   0.4082385E-0022  -0.2036803E-0019  -0.9191219E+0002
     1.46400   0.0000000E+0000   0.0000000E+0000   0.4595609E+0002   0.4898862E-0024   0.0000000E+0000  -0.3769278E-0019  -0.9191219E+0002
     1.46800   0.0000000E+0000   0.0000000E+0000   0.4595609E+0002   0.1632954E-0024  -0.8164770E-0022  -0.6883702E-0019  -0.9191219E+0002
     1.47200   0.0000000E+0000   0.0000000E+0000   0.4595609E+0002   0.3265908E-0024   0.4082385E-0022  -0.1242516E-0018  -0.9191219E+0002
     1.47600   0.0000000E+0000   0.0000000E+0000   0.4595609E+0002   0.4898862E-0024   0.4082385E-0022  -0.2241830E-0018  -0.9191219E+0002
     1.48000   0.0000000E+0000   0.0000000E+0000   0.4595609E+0002   0.4898862E-0024   0.0000000E+0000  -0.3952349E-0018  -0.9191219E+0002
     1.48400   0.0000000E+0000   0.0000000E+0000   0.4595609E+0002   0.4898862E-0024   0.0000000E+0000  -0.6794637E-0018  -0.9191219E+0002
     1.48800   0.0000000E+0000   0.0000000E+0000   0.4595609E+0002   0.6531816E-0024   0.4082385E-0022  -0.1151881E-0017  -0.9191219E+0002
     1.49200   0.0000000E+0000   0.0000000E+0000   0.4595609E+0002   0.6531816E-0024   0.0000000E+0000  -0.2259051E-0017  -0.9191219E+0002
     1.49600   0.0000000E+0000   0.0000000E+0000   0.4595609E+0002   0.3265908E-0024  -0.8164770E-0022  -0.2761887E-0017  -0.9191219E+0002
     1.50000   0.1369821E-0017   0.3424553E-0015   0.4595609E+0002   0.8164770E-0024   0.1224715E-0021  -0.6821235E-0016  -0.9191219E+0002
     1.50400   0.2739642E-0017   0.3424553E-0015   0.4595609E+0002   0.8164770E-0024   0.1962523E-0029   0.7164920E-0016  -0.9191219E+0002
     1.50800   0.4109463E-0017   0.3424552E-0015   0.4595609E+0002   0.6967235E-0024  -0.2993839E-0022  -0.9796489E-0016  -0.9191219E+0002
     1.51200   0.5479285E-0017   0.3424554E-0015   0.4595609E+0002   0.1426117E-0023   0.1823483E-0021  -0.1317088E-0015  -0.9191219E+0002
     1.51600   0.5479284E-0017  -0.8981517E-0022   0.4595609E+0002   0.1796249E-0023   0.9253315E-0022   0.3043035E-0016  -0.9191219E+0002
     1.52000   0.2739642E-0017  -0.6849105E-0015   0.4595609E+0002   0.1632954E-0023  -0.4082385E-0022   0.3096450E-0015  -0.9191219E+0002
     1.52400   0.2739642E-0017  -0.8981517E-0022   0.4595609E+0002   0.2003087E-0023   0.9253315E-0022   0.2658491E-0015  -0.9191219E+0002
     1.52800   0.7185214E-0024  -0.6849103E-0015   0.4595609E+0002   0.2525643E-0023   0.1306390E-0021   0.3118415E-0015  -0.9191219E+0002
     1.53200  -0.3592607E-0024  -0.2694455E-0021   0.4595609E+0002   0.2982859E-0023   0.1143041E-0021   0.1044554E-0016  -0.9191219E+0002
     1.53600   0.0000000E+0000   0.8981517E-0022   0.4595609E+0002   0.3102613E-0023   0.2993839E-0022  -0.2352661E-0015  -0.9191219E+0002
     1.54000   0.1369820E-0017   0.3424551E-0015   0.4595609E+0002   0.3026401E-0023  -0.1905293E-0022  -0.8036836E-0015  -0.9191219E+0002
     1.54400  -0.1369821E-0017  -0.6849103E-0015   0.4595609E+0002   0.3222366E-0023   0.4899132E-0022  -0.1493899E-0014  -0.9191219E+0002
     1.54800  -0.1369821E-0017  -0.8981517E-0022   0.4595609E+0002   0.3429203E-0023   0.5170931E-0022  -0.1858727E-0014  -0.9191219E+0002
     1.55200  -0.2739642E-0017  -0.3424553E-0015   0.4595609E+0002   0.3429203E-0023  -0.1774937E-0029  -0.2636912E-0014  -0.9191219E+0002
     1.55600  -0.4109463E-0017  -0.3424553E-0015   0.4595609E+0002   0.3755794E-0023   0.8164769E-0022  -0.3224876E-0014  -0.9191219E+0002
     1.56000  -0.2739642E-0017   0.3424554E-0015   0.4595609E+0002   0.3875548E-0023   0.2993839E-0022  -0.3453051E-0014  -0.9191219E+0002
     1.56400  -0.2739642E-0017   0.8981513E-0022   0.4595609E+0002   0.4321892E-0023   0.1115861E-0021  -0.3206862E-0014  -0.9191219E+0002
     1.56800  -0.5479285E-0017  -0.6849108E-0015   0.4595609E+0002   0.4452518E-0023   0.3265637E-0022  -0.1160818E-0014  -0.9191219E+0002
     1.57200  -0.6849105E-0017  -0.3424551E-0015   0.4595609E+0002   0.4528729E-0023   0.1905293E-0022   0.4793637E-0014  -0.9191219E+0002
     1.57600  -0.6849105E-0017   0.4038968E-0027   0.4595609E+0002   0.4692025E-0023   0.4082385E-0022   0.1702920E-0013  -0.9191219E+0002
     1.58000  -0.6849106E-0017  -0.8981453E-0022   0.4595609E+0002   0.4898862E-0023   0.5170931E-0022   0.4154505E-0013  -0.9191219E+0002
     1.58400  -0.5479285E-0017   0.3424552E-0015   0.4595609E+0002   0.4942404E-0023   0.1088546E-0022   0.8780999E-0013  -0.9191219E+0002
     1.58800  -0.5479284E-0017   0.8981372E-0022   0.4595609E+0002   0.4735567E-0023  -0.5170931E-0022   0.1709358E-0012  -0.9191219E+0002
     1.59200  -0.4109464E-0017   0.3424552E-0015   0.4595609E+0002   0.4615813E-0023  -0.2993842E-0022   0.3160122E-0012  -0.9191219E+0002
     1.59600  -0.5479285E-0017  -0.3424553E-0015   0.4595609E+0002   0.4942403E-0023   0.8164768E-0022   0.5613145E-0012  -0.9191219E+0002
     1.60000  -0.5479284E-0017   0.8982018E-0022   0.4595609E+0002   0.5062157E-0023   0.2993839E-0022   0.9659040E-0012  -0.9191219E+0002
     1.60400  -0.2739642E-0017   0.6849105E-0015   0.4595609E+0002   0.5388747E-0023   0.8164763E-0022   0.1618555E-0011  -0.9191219E+0002
     1.60800  -0.2739642E-0017   0.1292470E-0025   0.4595609E+0002   0.5552042E-0023   0.4082367E-0022   0.2651203E-0011  -0.9191219E+0002
     1.61200  -0.5479284E-0017  -0.6849104E-0015   0.4595609E+0002   0.5835094E-0023   0.7076231E-0022   0.4256400E-0011  -0.9191219E+0002
     1.61600  -0.4109464E-0017   0.3424551E-0015   0.4595609E+0002   0.5922178E-0023   0.2177084E-0022   0.6707854E-0011  -0.9191219E+0002
     1.62000  -0.6849106E-0017  -0.6849104E-0015   0.4595609E+0002   0.5715341E-0023  -0.5170889E-0022   0.1038838E-0010  -0.9191219E+0002
     1.62400  -0.9588748E-0017  -0.6849106E-0015   0.4595609E+0002   0.5595586E-0023  -0.2993845E-0022   0.1582417E-0010  -0.9191219E+0002
     1.62800  -0.8218927E-0017   0.3424552E-0015   0.4595609E+0002   0.5475831E-0023  -0.2993845E-0022   0.2372093E-0010  -0.9191219E+0002
     1.63200  -0.8218927E-0017   0.0000000E+0000   0.4595609E+0002   0.5149230E-0023  -0.8164693E-0022   0.3500633E-0010  -0.9191219E+0002
     1.63600  -0.9588749E-0017  -0.3424554E-0015   0.4595609E+0002   0.5029474E-0023  -0.2993845E-0022   0.5086521E-0010  -0.9191219E+0002
     1.64000  -0.6849106E-0017   0.6849108E-0015   0.4595609E+0002   0.4898864E-0023  -0.3265748E-0022   0.7276556E-0010  -0.9191219E+0002
     1.64400  -0.5479285E-0017   0.3424552E-0015   0.4595609E+0002   0.4942384E-0023   0.1088259E-0022   0.1024578E-0009  -0.9191219E+0002
     1.64800  -0.4109463E-0017   0.3424554E-0015   0.4595609E+0002   0.4855344E-0023  -0.2176519E-0022   0.1419296E-0009  -0.9191219E+0002
     1.65200  -0.8218927E-0017  -0.1027366E-0014   0.4595609E+0002   0.4735690E-0023  -0.2994006E-0022   0.1932821E-0009  -0.9191219E+0002
     1.65600  -0.1095857E-0016  -0.6849108E-0015   0.4595610E+0002   0.3723121E-0023  -0.2531043E-0021   0.2584881E-0009  -0.9191219E+0002
     1.66000  -0.1232839E-0016  -0.3424550E-0015   0.4595610E+0002   0.2939157E-0023  -0.1959513E-0021   0.3389798E-0009  -0.9191219E+0002
     1.66400  -0.1369821E-0016  -0.3424555E-0015   0.4595610E+0002   0.1437065E-0023  -0.3755658E-0021   0.4349840E-0009  -0.9191219E+0002
     1.66800  -0.1369821E-0016   0.3573420E-0021   0.4595610E+0002  -0.4402475E-0025  -0.3701116E-0021   0.5445277E-0009  -0.9191219E+0002
     1.67200  -0.1643785E-0016  -0.6849105E-0015   0.4595610E+0002  -0.2003328E-0023  -0.4898460E-0021   0.6619940E-0009  -0.9191219E+0002
     1.67600  -0.1780768E-0016  -0.3424555E-0015   0.4595610E+0002  -0.5464723E-0023  -0.8654377E-0021   0.7761108E-0009  -0.9191219E+0002
     1.68000  -0.1780767E-0016   0.1786710E-0021   0.4595610E+0002  -0.9634554E-0023  -0.1042403E-0020   0.8672209E-0009  -0.9191219E+0002
     1.68400  -0.1780767E-0016  -0.9264423E-0022   0.4595610E+0002  -0.1563242E-0022  -0.1499678E-0020   0.9036912E-0009  -0.9191219E+0002
     1.68800  -0.1917750E-0016  -0.3424553E-0015   0.4595610E+0002  -0.2298011E-0022  -0.1837065E-0020   0.8373049E-0009  -0.9191219E+0002
     1.69200  -0.2054732E-0016  -0.3424552E-0015   0.4595610E+0002  -0.3216957E-0022  -0.2296874E-0020   0.5975000E-0009  -0.9191219E+0002
     1.69600  -0.2054732E-0016  -0.1588187E-0021   0.4595610E+0002  -0.4384057E-0022  -0.2917466E-0020   0.8434707E-0010  -0.9191219E+0002
     1.70000  -0.2191714E-0016  -0.3424552E-0015   0.4595610E+0002  -0.5923712E-0022  -0.3848458E-0020  -0.8397961E-0009  -0.9191219E+0002
     1.70400  -0.2191714E-0016   0.1588187E-0021   0.4595610E+0002  -0.7825904E-0022  -0.4756702E-0020  -0.2359934E-0008  -0.9191219E+0002
     1.70800  -0.2054732E-0016   0.3424549E-0015   0.4595610E+0002  -0.1025769E-0021  -0.6079778E-0020  -0.4719284E-0008  -0.9191219E+0002
     1.71200  -0.2191714E-0016  -0.3424552E-0015   0.4595610E+0002  -0.1326720E-0021  -0.7521967E-0020  -0.8231096E-0008  -0.9191219E+0002
     1.71600  -0.2328696E-0016  -0.3424551E-0015   0.4595610E+0002  -0.1702700E-0021  -0.9400080E-0020  -0.1329109E-0007  -0.9191219E+0002
     1.72000  -0.2328696E-0016   0.5293956E-0022   0.4595611E+0002  -0.2163207E-0021  -0.1151187E-0019  -0.2038998E-0007  -0.9191219E+0002
     1.72400  -0.2602660E-0016  -0.6849104E-0015   0.4595611E+0002  -0.2730213E-0021  -0.1417622E-0019  -0.3012554E-0007  -0.9191219E+0002
     1.72800  -0.2739642E-0016  -0.3424554E-0015   0.4595611E+0002  -0.3416514E-0021  -0.1716234E-0019  -0.4321324E-0007  -0.9191219E+0002
     1.73200  -0.2739642E-0016   0.1058791E-0021   0.4595611E+0002  -0.4241627E-0021  -0.2062492E-0019  -0.6049491E-0007  -0.9191219E+0002
     1.73600  -0.2876624E-0016  -0.3424554E-0015   0.4595612E+0002  -0.5225197E-0021  -0.2459373E-0019  -0.8294425E-0007  -0.9191219E+0002
     1.74000  -0.2876624E-0016   0.0000000E+0000   0.4595612E+0002  -0.6393072E-0021  -0.2919948E-0019  -0.1116685E-0006  -0.9191219E+0002
     1.74400  -0.2739642E-0016   0.3424549E-0015   0.4595613E+0002  -0.7771362E-0021  -0.3443387E-0019  -0.1479058E-0006  -0.9191219E+0002
     1.74800  -0.3150589E-0016  -0.1027366E-0014   0.4595613E+0002  -0.9381262E-0021  -0.4026384E-0019  -0.1930167E-0006  -0.9191219E+0002
     1.75200  -0.3287571E-0016  -0.3424552E-0015   0.4595614E+0002  -0.1124862E-0020  -0.4669269E-0019  -0.2484716E-0006  -0.9191219E+0002
     1.75600  -0.3287570E-0016  -0.2117582E-0021   0.4595614E+0002  -0.1340860E-0020  -0.5397850E-0019  -0.3158321E-0006  -0.9191218E+0002
     1.76000  -0.3561535E-0016  -0.6849106E-0015   0.4595615E+0002  -0.1589014E-0020  -0.6203855E-0019  -0.3967280E-0006  -0.9191218E+0002
     1.76400  -0.3561535E-0016   0.0000000E+0000   0.4595616E+0002  -0.1871703E-0020  -0.7069416E-0019  -0.4928314E-0006  -0.9191218E+0002
     1.76800  -0.3561535E-0016   0.0000000E+0000   0.4595617E+0002  -0.2192442E-0020  -0.8021005E-0019  -0.6058281E-0006  -0.9191218E+0002
     1.77200  -0.3561535E-0016   0.0000000E+0000   0.4595617E+0002  -0.2554747E-0020  -0.9053326E-0019  -0.7373893E-0006  -0.9191218E+0002
     1.77600  -0.3561534E-0016   0.0000000E+0000   0.4595618E+0002  -0.2961307E-0020  -0.1015976E-0018  -0.8891446E-0006  -0.9191218E+0002
     1.78000  -0.3698516E-0016  -0.3424550E-0015   0.4595619E+0002  -0.3414395E-0020  -0.1133304E-0018  -0.1062659E-0005  -0.9191218E+0002
     1.78400  -0.3698516E-0016   0.0000000E+0000   0.4595620E+0002  -0.3918768E-0020  -0.1260226E-0018  -0.1259415E-0005  -0.9191218E+0002
     1.78800  -0.3835498E-0016  -0.3424546E-0015   0.4595621E+0002  -0.4476288E-0020  -0.1394560E-0018  -0.1480803E-0005  -0.9191218E+0002
     1.79200  -0.4246445E-0016  -0.1027366E-0014   0.4595623E+0002  -0.5091710E-0020  -0.1538027E-0018  -0.1728117E-0005  -0.9191218E+0002
     1.79600  -0.4520408E-0016  -0.6849104E-0015   0.4595624E+0002  -0.5765862E-0020  -0.1685993E-0018  -0.2002561E-0005  -0.9191218E+0002
     1.80000  -0.4246444E-0016   0.6849108E-0015   0.4595625E+0002  -0.6503294E-0020  -0.1844414E-0018  -0.2305261E-0005  -0.9191218E+0002
     1.80400  -0.4383427E-0016  -0.3424550E-0015   0.4595626E+0002  -0.7307314E-0020  -0.2009321E-0018  -0.2637286E-0005  -0.9191218E+0002
     1.80800  -0.4520408E-0016  -0.3424550E-0015   0.4595628E+0002  -0.8180816E-0020  -0.2182963E-0018  -0.2999671E-0005  -0.9191218E+0002
     1.81200  -0.4657389E-0016  -0.3424550E-0015   0.4595629E+0002  -0.9126284E-0020  -0.2362693E-0018  -0.3393443E-0005  -0.9191218E+0002
     1.81600  -0.4657389E-0016   0.0000000E+0000   0.4595631E+0002  -0.1014868E-0019  -0.2556187E-0018  -0.3819648E-0005  -0.9191218E+0002
     1.82000  -0.4794373E-0016  -0.3424558E-0015   0.4595633E+0002  -0.1125131E-0019  -0.2756563E-0018  -0.4279371E-0005  -0.9191218E+0002
     1.82400  -0.4794373E-0016   0.0000000E+0000   0.4595634E+0002  -0.1243666E-0019  -0.2962498E-0018  -0.4773764E-0005  -0.9191217E+0002
     1.82800  -0.4794373E-0016  -0.4235165E-0021   0.4595636E+0002  -0.1370804E-0019  -0.3180079E-0018  -0.5304050E-0005  -0.9191217E+0002
     1.83200  -0.4794373E-0016   0.0000000E+0000   0.4595638E+0002  -0.1506958E-0019  -0.3403220E-0018  -0.5871535E-0005  -0.9191217E+0002
     1.83600  -0.4794373E-0016  -0.1270549E-0020   0.4595640E+0002  -0.1652707E-0019  -0.3642506E-0018  -0.6477611E-0005  -0.9191217E+0002
     1.84000  -0.4794376E-0016  -0.8470329E-0021   0.4595642E+0002  -0.1808382E-0019  -0.3888146E-0018  -0.7123748E-0005  -0.9191217E+0002
     1.84400  -0.4931357E-0016  -0.3424554E-0015   0.4595644E+0002  -0.1973984E-0019  -0.4141726E-0018  -0.7811488E-0005  -0.9191217E+0002
     1.84800  -0.5205319E-0016  -0.6849108E-0015   0.4595646E+0002  -0.2150173E-0019  -0.4407748E-0018  -0.8542435E-0005  -0.9191217E+0002
     1.85200  -0.5342300E-0016  -0.3424554E-0015   0.4595648E+0002  -0.2337612E-0019  -0.4684622E-0018  -0.9318243E-0005  -0.9191217E+0002
     1.85600  -0.5342300E-0016   0.0000000E+0000   0.4595650E+0002  -0.2536467E-0019  -0.4973672E-0018  -0.1014061E-0004  -0.9191217E+0002
     1.86000  -0.5479281E-0016  -0.3424554E-0015   0.4595653E+0002  -0.2747563E-0019  -0.5276486E-0018  -0.1101127E-0004  -0.9191217E+0002
     1.86400  -0.5342295E-0016   0.3424546E-0015   0.4595655E+0002  -0.2971233E-0019  -0.5586712E-0018  -0.1193198E-0004  -0.9191217E+0002
     1.86800  -0.5616263E-0016  -0.6849108E-0015   0.4595658E+0002  -0.3207476E-0019  -0.5906467E-0018  -0.1290455E-0004  -0.9191217E+0002
     1.87200  -0.5753244E-0016  -0.3424563E-0015   0.4595661E+0002  -0.3457284E-0019  -0.6246339E-0018  -0.1393080E-0004  -0.9191216E+0002
     1.87600  -0.6164192E-0016  -0.1027366E-0014   0.4595664E+0002  -0.3720989E-0019  -0.6591505E-0018  -0.1501263E-0004  -0.9191216E+0002
     1.88000  -0.6301173E-0016  -0.3424554E-0015   0.4595666E+0002  -0.3999253E-0019  -0.6956258E-0018  -0.1615194E-0004  -0.9191216E+0002
     1.88400  -0.6027206E-0016   0.6849100E-0015   0.4595670E+0002  -0.4292737E-0019  -0.7334776E-0018  -0.1735072E-0004  -0.9191216E+0002
     1.88800  -0.6027201E-0016   0.0000000E+0000   0.4595673E+0002  -0.4601771E-0019  -0.7722823E-0018  -0.1861101E-0004  -0.9191216E+0002
     1.89200  -0.6164187E-0016  -0.3424546E-0015   0.4595676E+0002  -0.4927019E-0019  -0.8129399E-0018  -0.1993494E-0004  -0.9191216E+0002
     1.89600  -0.6438149E-0016  -0.6849108E-0015   0.4595679E+0002  -0.5269471E-0019  -0.8558739E-0018  -0.2132469E-0004  -0.9191216E+0002
     1.90000  -0.6575125E-0016  -0.3424537E-0015   0.4595683E+0002  -0.5628799E-0019  -0.8987020E-0018  -0.2278254E-0004  -0.9191216E+0002
     1.90400  -0.6712111E-0016  -0.3424546E-0015   0.4595687E+0002  -0.6006655E-0019  -0.9444417E-0018  -0.2431085E-0004  -0.9191215E+0002
     1.90800  -0.6712111E-0016   0.8470329E-0021   0.4595690E+0002  -0.6403040E-0019  -0.9911344E-0018  -0.2591208E-0004  -0.9191215E+0002
     1.91200  -0.7123060E-0016  -0.1027366E-0014   0.4595694E+0002  -0.6818615E-0019  -0.1039839E-0017  -0.2758878E-0004  -0.9191215E+0002
     1.91600  -0.6986074E-0016   0.3424554E-0015   0.4595698E+0002  -0.7254705E-0019  -0.1090555E-0017  -0.2934361E-0004  -0.9191215E+0002
     1.92000  -0.6849087E-0016   0.3424554E-0015   0.4595702E+0002  -0.7711309E-0019  -0.1141377E-0017  -0.3117934E-0004  -0.9191215E+0002
     1.92400  -0.6712111E-0016   0.3424571E-0015   0.4595707E+0002  -0.8189750E-0019  -0.1196116E-0017  -0.3309883E-0004  -0.9191215E+0002
     1.92800  -0.6849087E-0016  -0.3424554E-0015   0.4595711E+0002  -0.8690690E-0019  -0.1252126E-0017  -0.3510510E-0004  -0.9191215E+0002
     1.93200  -0.6849087E-0016   0.0000000E+0000   0.4595716E+0002  -0.9214792E-0019  -0.1309619E-0017  -0.3720126E-0004  -0.9191215E+0002
     1.93600  -0.6986074E-0016  -0.3424554E-0015   0.4595721E+0002  -0.9762716E-0019  -0.1369758E-0017  -0.3939057E-0004  -0.9191214E+0002
     1.94000  -0.6849087E-0016   0.3424554E-0015   0.4595726E+0002  -0.1033579E-0018  -0.1433180E-0017  -0.4167640E-0004  -0.9191214E+0002
     1.94400  -0.7123049E-0016  -0.6849091E-0015   0.4595731E+0002  -0.1093467E-0018  -0.1496284E-0017  -0.4406228E-0004  -0.9191214E+0002
     1.94800  -0.7123060E-0016   0.0000000E+0000   0.4595736E+0002  -0.1155935E-0018  -0.1562458E-0017  -0.4655184E-0004  -0.9191214E+0002
     1.95200  -0.7260025E-0016  -0.3424537E-0015   0.4595742E+0002  -0.1221316E-0018  -0.1633715E-0017  -0.4914886E-0004  -0.9191214E+0002
     1.95600  -0.7670984E-0016  -0.1027366E-0014   0.4595748E+0002  -0.1289475E-0018  -0.1703383E-0017  -0.5185723E-0004  -0.9191214E+0002
     1.96000  -0.8081944E-0016  -0.1027365E-0014   0.4595754E+0002  -0.1360679E-0018  -0.1777499E-0017  -0.5468098E-0004  -0.9191213E+0002
     1.96400  -0.8081944E-0016  -0.1694066E-0020   0.4595760E+0002  -0.1434794E-0018  -0.1854155E-0017  -0.5762423E-0004  -0.9191213E+0002
     1.96800  -0.8355916E-0016  -0.6849125E-0015   0.4595766E+0002  -0.1512219E-0018  -0.1933564E-0017  -0.6069124E-0004  -0.9191213E+0002
     1.97200  -0.8492903E-0016  -0.3424571E-0015   0.4595773E+0002  -0.1592687E-0018  -0.2012974E-0017  -0.6388633E-0004  -0.9191213E+0002
     1.97600  -0.8766876E-0016  -0.6849125E-0015   0.4595780E+0002  -0.1676596E-0018  -0.2099371E-0017  -0.6721396E-0004  -0.9191213E+0002
     1.98000  -0.8629889E-0016   0.3424520E-0015   0.4595787E+0002  -0.1764211E-0018  -0.2189792E-0017  -0.7067867E-0004  -0.9191212E+0002
     1.98400  -0.9040849E-0016  -0.1027370E-0014   0.4595794E+0002  -0.1855267E-0018  -0.2276825E-0017  -0.7428509E-0004  -0.9191212E+0002
     1.98800  -0.9040849E-0016  -0.3388132E-0020   0.4595801E+0002  -0.1950161E-0018  -0.2372539E-0017  -0.7803796E-0004  -0.9191212E+0002
     1.99200  -0.9177835E-0016  -0.3424588E-0015   0.4595809E+0002  -0.2048893E-0018  -0.2468889E-0017  -0.8194213E-0004  -0.9191212E+0002
     1.99600  -0.9177835E-0016  -0.3388132E-0020   0.4595817E+0002  -0.2151464E-0018  -0.2569898E-0017  -0.8600256E-0004  -0.9191211E+0002
     2.00000  -0.9451808E-0016  -0.6849142E-0015   0.4595826E+0002  -0.2258402E-0018  -0.2674083E-0017  -0.9022438E-0004  -0.9191211E+0002
     2.00400  -0.9451808E-0016  -0.3388132E-0020   0.4595834E+0002  -0.2369575E-0018  -0.2783350E-0017  -0.9461285E-0004  -0.9191211E+0002
     2.00800  -0.9451808E-0016  -0.3388132E-0020   0.4595843E+0002  -0.2485248E-0018  -0.2892829E-0017  -0.9917343E-0004  -0.9191211E+0002
     2.01200  -0.9451808E-0016  -0.3388132E-0020   0.4595853E+0002  -0.2605685E-0018  -0.3009508E-0017  -0.1039118E-0003  -0.9191210E+0002
     2.01600  -0.9314864E-0016   0.3424520E-0015   0.4595862E+0002  -0.2730887E-0018  -0.3129363E-0017  -0.1088339E-0003  -0.9191210E+0002
     2.02000  -0.9451829E-0016  -0.3424588E-0015   0.4595872E+0002  -0.2861118E-0018  -0.3256418E-0017  -0.1139458E-0003  -0.9191210E+0002
     2.02400  -0.9588836E-0016  -0.3424588E-0015   0.4595882E+0002  -0.2996379E-0018  -0.3378391E-0017  -0.1192541E-0003  -0.9191210E+0002
     2.02800  -0.9725844E-0016  -0.3424588E-0015   0.4595893E+0002  -0.3136934E-0018  -0.3510528E-0017  -0.1247656E-0003  -0.9191209E+0002
     2.03200  -0.9725844E-0016  -0.3388132E-0020   0.4595904E+0002  -0.3282782E-0018  -0.3648171E-0017  -0.1304874E-0003  -0.9191209E+0002
     2.03600  -0.9999817E-0016  -0.6849142E-0015   0.4595915E+0002  -0.3434454E-0018  -0.3791743E-0017  -0.1364270E-0003  -0.9191209E+0002
     2.04000  -0.9999817E-0016  -0.3388132E-0020   0.4595927E+0002  -0.3591949E-0018  -0.3939974E-0017  -0.1425923E-0003  -0.9191208E+0002
     2.04400  -0.1013678E-0015  -0.3424622E-0015   0.4595939E+0002  -0.3755797E-0018  -0.4093287E-0017  -0.1489915E-0003  -0.9191208E+0002
     2.04800  -0.1027379E-0015  -0.3424588E-0015   0.4595952E+0002  -0.3925468E-0018  -0.4245329E-0017  -0.1556333E-0003  -0.9191208E+0002
     2.05200  -0.1041075E-0015  -0.3424588E-0015   0.4595965E+0002  -0.4101757E-0018  -0.4409230E-0017  -0.1625266E-0003  -0.9191207E+0002
     2.05600  -0.1054776E-0015  -0.3424588E-0015   0.4595979E+0002  -0.4284928E-0018  -0.4579484E-0017  -0.1696807E-0003  -0.9191207E+0002
     2.06000  -0.1054776E-0015  -0.3388132E-0020   0.4595993E+0002  -0.4474981E-0018  -0.4752278E-0017  -0.1771054E-0003  -0.9191206E+0002
     2.06400  -0.1068473E-0015  -0.3424588E-0015   0.4596007E+0002  -0.4671916E-0018  -0.4924650E-0017  -0.1848107E-0003  -0.9191206E+0002
     2.06800  -0.1123267E-0015  -0.1369825E-0014   0.4596022E+0002  -0.4876263E-0018  -0.5114385E-0017  -0.1928070E-0003  -0.9191206E+0002
     2.07200  -0.1136968E-0015  -0.3424588E-0015   0.4596037E+0002  -0.5088550E-0018  -0.5305391E-0017  -0.2011049E-0003  -0.9191205E+0002
     2.07600  -0.1136968E-0015  -0.3388132E-0020   0.4596053E+0002  -0.5308779E-0018  -0.5505714E-0017  -0.2097157E-0003  -0.9191205E+0002
     2.08000  -0.1123272E-0015   0.3424520E-0015   0.4596070E+0002  -0.5537478E-0018  -0.5719590E-0017  -0.2186507E-0003  -0.9191204E+0002
     2.08400  -0.1164365E-0015  -0.1027370E-0014   0.4596087E+0002  -0.5774647E-0018  -0.5930501E-0017  -0.2279218E-0003  -0.9191204E+0002
     2.08800  -0.1205463E-0015  -0.1027370E-0014   0.4596105E+0002  -0.6020816E-0018  -0.6149036E-0017  -0.2375411E-0003  -0.9191203E+0002
     2.09200  -0.1205463E-0015  -0.1355253E-0019   0.4596123E+0002  -0.6275985E-0018  -0.6375617E-0017  -0.2475211E-0003  -0.9191203E+0002
     2.09600  -0.1219160E-0015  -0.3424588E-0015   0.4596142E+0002  -0.6540683E-0018  -0.6619986E-0017  -0.2578749E-0003  -0.9191202E+0002
     2.10000  -0.1232856E-0015  -0.3424588E-0015   0.4596162E+0002  -0.6814909E-0018  -0.6859273E-0017  -0.2686158E-0003  -0.9191201E+0002
     2.10400  -0.1246553E-0015  -0.3424588E-0015   0.4596182E+0002  -0.7099724E-0018  -0.7114230E-0017  -0.2797576E-0003  -0.9191201E+0002
     2.10800  -0.1246553E-0015  -0.6776264E-0020   0.4596204E+0002  -0.7395127E-0018  -0.7380198E-0017  -0.2913146E-0003  -0.9191200E+0002
     2.11200  -0.1260250E-0015  -0.3424656E-0015   0.4596225E+0002  -0.7701118E-0018  -0.7642778E-0017  -0.3033015E-0003  -0.9191200E+0002
     2.11600  -0.1273954E-0015  -0.3424656E-0015   0.4596248E+0002  -0.8018226E-0018  -0.7923993E-0017  -0.3157336E-0003  -0.9191199E+0002
     2.12000  -0.1315053E-0015  -0.1027376E-0014   0.4596271E+0002  -0.8346980E-0018  -0.8221302E-0017  -0.3286266E-0003  -0.9191198E+0002
     2.12400  -0.1328749E-0015  -0.3424656E-0015   0.4596296E+0002  -0.8687382E-0018  -0.8517763E-0017  -0.3419968E-0003  -0.9191198E+0002
     2.12800  -0.1342446E-0015  -0.3424656E-0015   0.4596321E+0002  -0.9041018E-0018  -0.8822695E-0017  -0.3558611E-0003  -0.9191197E+0002
     2.13200  -0.1369847E-0015  -0.6849176E-0015   0.4596347E+0002  -0.9407360E-0018  -0.9161508E-0017  -0.3702372E-0003  -0.9191196E+0002
     2.13600  -0.1383552E-0015  -0.3424656E-0015   0.4596374E+0002  -0.9787466E-0018  -0.9502863E-0017  -0.3851431E-0003  -0.9191195E+0002
     2.14000  -0.1397249E-0015  -0.3424656E-0015   0.4596401E+0002  -0.1018028E-0017  -0.9831511E-0017  -0.4005980E-0003  -0.9191194E+0002
     2.14400  -0.1424642E-0015  -0.6849176E-0015   0.4596430E+0002  -0.1058791E-0017  -0.1019150E-0016  -0.4166215E-0003  -0.9191194E+0002
     2.14800  -0.1452043E-0015  -0.6849176E-0015   0.4596460E+0002  -0.1101037E-0017  -0.1056165E-0016  -0.4332343E-0003  -0.9191193E+0002
     2.15200  -0.1452043E-0015  -0.6776264E-0020   0.4596491E+0002  -0.1144871E-0017  -0.1095298E-0016  -0.4504578E-0003  -0.9191192E+0002
     2.15600  -0.1479436E-0015  -0.6849176E-0015   0.4596523E+0002  -0.1190187E-0017  -0.1134939E-0016  -0.4683144E-0003  -0.9191191E+0002
     2.16000  -0.1520534E-0015  -0.1027370E-0014   0.4596557E+0002  -0.1237197E-0017  -0.1175089E-0016  -0.4868275E-0003  -0.9191190E+0002
     2.16400  -0.1520543E-0015   0.0000000E+0000   0.4596591E+0002  -0.1286008E-0017  -0.1219473E-0016  -0.5060214E-0003  -0.9191189E+0002
     2.16800  -0.1547936E-0015  -0.6849041E-0015   0.4596627E+0002  -0.1336512E-0017  -0.1262757E-0016  -0.5259214E-0003  -0.9191188E+0002
     2.17200  -0.1589017E-0015  -0.1027363E-0014   0.4596664E+0002  -0.1388922E-0017  -0.1310783E-0016  -0.5465538E-0003  -0.9191187E+0002
     2.17600  -0.1602722E-0015  -0.3424588E-0015   0.4596702E+0002  -0.1443238E-0017  -0.1357709E-0016  -0.5679460E-0003  -0.9191186E+0002
     2.18000  -0.1616427E-0015  -0.3424588E-0015   0.4596742E+0002  -0.1499460E-0017  -0.1406244E-0016  -0.5901265E-0003  -0.9191184E+0002
     2.18400  -0.1657525E-0015  -0.1027376E-0014   0.4596783E+0002  -0.1557694E-0017  -0.1455880E-0016  -0.6131247E-0003  -0.9191183E+0002
     2.18800  -0.1643820E-0015   0.3424453E-0015   0.4596825E+0002  -0.1618045E-0017  -0.1509582E-0016  -0.6369713E-0003  -0.9191182E+0002
     2.19200  -0.1616427E-0015   0.6848905E-0015   0.4596870E+0002  -0.1680619E-0017  -0.1565825E-0016  -0.6616978E-0003  -0.9191181E+0002
     2.19600  -0.1643820E-0015  -0.6849176E-0015   0.4596915E+0002  -0.1745311E-0017  -0.1619527E-0016  -0.6873373E-0003  -0.9191179E+0002
     2.20000  -0.1630132E-0015   0.3424453E-0015   0.4596963E+0002  -0.1812439E-0017  -0.1679497E-0016  -0.7139237E-0003  -0.9191178E+0002
     2.20400  -0.1657525E-0015  -0.6849176E-0015   0.4597012E+0002  -0.1882107E-0017  -0.1741161E-0016  -0.7414923E-0003  -0.9191176E+0002
     2.20800  -0.1671230E-0015  -0.3424588E-0015   0.4597063E+0002  -0.1954317E-0017  -0.1806382E-0016  -0.7700800E-0003  -0.9191175E+0002
     2.21200  -0.1712311E-0015  -0.1027363E-0014   0.4597116E+0002  -0.2029067E-0017  -0.1872112E-0016  -0.7997247E-0003  -0.9191173E+0002
     2.21600  -0.1739704E-0015  -0.6849041E-0015   0.4597171E+0002  -0.2106571E-0017  -0.1939875E-0016  -0.8304663E-0003  -0.9191172E+0002
     2.22000  -0.1712294E-0015   0.6849176E-0015   0.4597228E+0002  -0.2186827E-0017  -0.2009332E-0016  -0.8623461E-0003  -0.9191170E+0002
     2.22400  -0.1712294E-0015   0.0000000E+0000   0.4597287E+0002  -0.2270260E-0017  -0.2083362E-0016  -0.8954074E-0003  -0.9191168E+0002
     2.22800  -0.1712294E-0015   0.0000000E+0000   0.4597348E+0002  -0.2356446E-0017  -0.2157393E-0016  -0.9296954E-0003  -0.9191166E+0002
     2.23200  -0.1739687E-0015  -0.6849176E-0015   0.4597411E+0002  -0.2446019E-0017  -0.2238708E-0016  -0.9652574E-0003  -0.9191165E+0002
     2.23600  -0.1794473E-0015  -0.1369835E-0014   0.4597477E+0002  -0.2538770E-0017  -0.2318160E-0016  -0.1002143E-0002  -0.9191163E+0002
     2.24000  -0.1808161E-0015  -0.3424724E-0015   0.4597545E+0002  -0.2634908E-0017  -0.2403880E-0016  -0.1040404E-0002  -0.9191161E+0002
     2.24400  -0.1835554E-0015  -0.6849176E-0015   0.4597616E+0002  -0.2734646E-0017  -0.2490446E-0016  -0.1080095E-0002  -0.9191159E+0002
     2.24800  -0.1849242E-0015  -0.3424453E-0015   0.4597688E+0002  -0.2837984E-0017  -0.2582265E-0016  -0.1121272E-0002  -0.9191157E+0002
     2.25200  -0.1862930E-0015  -0.3424453E-0015   0.4597764E+0002  -0.2945134E-0017  -0.2675269E-0016  -0.1163995E-0002  -0.9191154E+0002
     2.25600  -0.1890340E-0015  -0.6848905E-0015   0.4597842E+0002  -0.3056095E-0017  -0.2773186E-0016  -0.1208325E-0002  -0.9191152E+0002
     2.26000  -0.1904028E-0015  -0.3424182E-0015   0.4597922E+0002  -0.3171080E-0017  -0.2872458E-0016  -0.1254324E-0002  -0.9191150E+0002
     2.26400  -0.1931405E-0015  -0.6848905E-0015   0.4598005E+0002  -0.3290088E-0017  -0.2975796E-0016  -0.1302057E-0002  -0.9191148E+0002
     2.26800  -0.1945093E-0015  -0.3424182E-0015   0.4598090E+0002  -0.3413543E-0017  -0.3081167E-0016  -0.1351590E-0002  -0.9191146E+0002
     2.27200  -0.1972469E-0015  -0.6848905E-0015   0.4598178E+0002  -0.3541445E-0017  -0.3192975E-0016  -0.1402987E-0002  -0.9191144E+0002
     2.27600  -0.1999845E-0015  -0.6848905E-0015   0.4598268E+0002  -0.3674005E-0017  -0.3305800E-0016  -0.1456315E-0002  -0.9191142E+0002
     2.28000  -0.2013533E-0015  -0.3424453E-0015   0.4598360E+0002  -0.3810801E-0017  -0.3421674E-0016  -0.1511636E-0002  -0.9191140E+0002
     2.28400  -0.2013499E-0015   0.2710505E-0019   0.4598454E+0002  -0.3952256E-0017  -0.3538565E-0016  -0.1569010E-0002  -0.9191138E+0002
     2.28800  -0.2013499E-0015   0.2710505E-0019   0.4598550E+0002  -0.4098792E-0017  -0.3661893E-0016  -0.1628493E-0002  -0.9191136E+0002
     2.29200  -0.2027187E-0015  -0.3424182E-0015   0.4598648E+0002  -0.4250411E-0017  -0.3786237E-0016  -0.1690136E-0002  -0.9191135E+0002
     2.29600  -0.2013499E-0015   0.3424995E-0015   0.4598748E+0002  -0.4407112E-0017  -0.3911598E-0016  -0.1753983E-0002  -0.9191134E+0002
     2.30000  -0.2027187E-0015  -0.3424182E-0015   0.4598849E+0002  -0.4568896E-0017  -0.4040008E-0016  -0.1820068E-0002  -0.9191132E+0002
     2.30400  -0.2054597E-0015  -0.6848905E-0015   0.4598951E+0002  -0.4735338E-0017  -0.4168419E-0016  -0.1888416E-0002  -0.9191131E+0002
     2.30800  -0.2068285E-0015  -0.3424453E-0015   0.4599053E+0002  -0.4907709E-0017  -0.4300894E-0016  -0.1959044E-0002  -0.9191131E+0002
     2.31200  -0.2082007E-0015  -0.3424453E-0015   0.4599157E+0002  -0.5084739E-0017  -0.4429305E-0016  -0.2031953E-0002  -0.9191130E+0002
     2.31600  -0.2109383E-0015  -0.6848905E-0015   0.4599261E+0002  -0.5266851E-0017  -0.4559748E-0016  -0.2107135E-0002  -0.9191130E+0002
     2.32000  -0.2150481E-0015  -0.1027336E-0014   0.4599365E+0002  -0.5454892E-0017  -0.4702727E-0016  -0.2184570E-0002  -0.9191130E+0002
     2.32400  -0.2191579E-0015  -0.1027336E-0014   0.4599469E+0002  -0.5648439E-0017  -0.4833170E-0016  -0.2264224E-0002  -0.9191130E+0002
     2.32800  -0.2232677E-0015  -0.1027336E-0014   0.4599574E+0002  -0.5847068E-0017  -0.4968018E-0016  -0.2346056E-0002  -0.9191130E+0002
     2.33200  -0.2246365E-0015  -0.3424182E-0015   0.4599678E+0002  -0.6050780E-0017  -0.5096428E-0016  -0.2430014E-0002  -0.9191130E+0002
     2.33600  -0.2273775E-0015  -0.6848905E-0015   0.4599782E+0002  -0.6260421E-0017  -0.5235341E-0016  -0.2516038E-0002  -0.9191131E+0002
     2.34000  -0.2287463E-0015  -0.3424182E-0015   0.4599885E+0002  -0.6475567E-0017  -0.5372222E-0016  -0.2604063E-0002  -0.9191132E+0002
     2.34400  -0.2287463E-0015   0.2710505E-0019   0.4599989E+0002  -0.6695795E-0017  -0.5505037E-0016  -0.2694025E-0002  -0.9191133E+0002
     2.34800  -0.2314839E-0015  -0.6848634E-0015   0.4600092E+0002  -0.6921106E-0017  -0.5627009E-0016  -0.2785856E-0002  -0.9191133E+0002
     2.35200  -0.2328527E-0015  -0.3424182E-0015   0.4600195E+0002  -0.7152346E-0017  -0.5774054E-0016  -0.2879492E-0002  -0.9191134E+0002
     2.35600  -0.2342216E-0015  -0.3424182E-0015   0.4600298E+0002  -0.7388668E-0017  -0.5898737E-0016  -0.2974875E-0002  -0.9191135E+0002
     2.36000  -0.2342216E-0015   0.2710505E-0019   0.4600401E+0002  -0.7630073E-0017  -0.6037651E-0016  -0.3071955E-0002  -0.9191136E+0002
     2.36400  -0.2355904E-0015  -0.3424182E-0015   0.4600503E+0002  -0.7876559E-0017  -0.6163689E-0016  -0.3170687E-0002  -0.9191137E+0002
     2.36800  -0.2342216E-0015   0.3424995E-0015   0.4600606E+0002  -0.8128128E-0017  -0.6298537E-0016  -0.3271041E-0002  -0.9191138E+0002
     2.37200  -0.2355904E-0015  -0.3423910E-0015   0.4600709E+0002  -0.8385626E-0017  -0.6428641E-0016  -0.3372991E-0002  -0.9191139E+0002
     2.37600  -0.2383347E-0015  -0.6848363E-0015   0.4600813E+0002  -0.8649053E-0017  -0.6576364E-0016  -0.3476526E-0002  -0.9191140E+0002
     2.38000  -0.2410724E-0015  -0.6848363E-0015   0.4600917E+0002  -0.8916716E-0017  -0.6703080E-0016  -0.3581639E-0002  -0.9191141E+0002
     2.38400  -0.2410724E-0015   0.8131516E-0019   0.4601021E+0002  -0.9190307E-0017  -0.6833862E-0016  -0.3688333E-0002  -0.9191142E+0002
     2.38800  -0.2410724E-0015   0.8131516E-0019   0.4601125E+0002  -0.9468981E-0017  -0.6956512E-0016  -0.3796615E-0002  -0.9191142E+0002
     2.39200  -0.2424412E-0015  -0.3423639E-0015   0.4601230E+0002  -0.9753584E-0017  -0.7104235E-0016  -0.3906496E-0002  -0.9191143E+0002
     2.39600  -0.2451855E-0015  -0.6848363E-0015   0.4601336E+0002  -0.1004242E-0016  -0.7235017E-0016  -0.4017990E-0002  -0.9191144E+0002
     2.40000  -0.2465544E-0015  -0.3423910E-0015   0.4601441E+0002  -0.1033719E-0016  -0.7369187E-0016  -0.4131110E-0002  -0.9191145E+0002
     2.40400  -0.2479232E-0015  -0.3423910E-0015   0.4601548E+0002  -0.1063789E-0016  -0.7512166E-0016  -0.4245868E-0002  -0.9191145E+0002
     2.40800  -0.2492920E-0015  -0.3423910E-0015   0.4601654E+0002  -0.1094367E-0016  -0.7651079E-0016  -0.4362275E-0002  -0.9191146E+0002
     2.41200  -0.2533984E-0015  -0.1027309E-0014   0.4601761E+0002  -0.1125537E-0016  -0.7777118E-0016  -0.4480339E-0002  -0.9191147E+0002
     2.41600  -0.2547672E-0015  -0.3423910E-0015   0.4601869E+0002  -0.1157301E-0016  -0.7924163E-0016  -0.4600068E-0002  -0.9191148E+0002
     2.42000  -0.2547672E-0015   0.8131516E-0019   0.4601977E+0002  -0.1189488E-0016  -0.8046135E-0016  -0.4721467E-0002  -0.9191148E+0002
     2.42400  -0.2588736E-0015  -0.1027282E-0014   0.4602085E+0002  -0.1222184E-0016  -0.8185049E-0016  -0.4844540E-0002  -0.9191149E+0002
     2.42800  -0.2629800E-0015  -0.1027282E-0014   0.4602194E+0002  -0.1255557E-0016  -0.8332771E-0016  -0.4969291E-0002  -0.9191150E+0002
     2.43200  -0.2657244E-0015  -0.6848363E-0015   0.4602303E+0002  -0.1289438E-0016  -0.8479816E-0016  -0.5095726E-0002  -0.9191151E+0002
     2.43600  -0.2698308E-0015  -0.1027282E-0014   0.4602413E+0002  -0.1323912E-0016  -0.8626861E-0016  -0.5223848E-0002  -0.9191152E+0002
     2.44000  -0.2725684E-0015  -0.6848092E-0015   0.4602523E+0002  -0.1358980E-0016  -0.8748834E-0016  -0.5353666E-0002  -0.9191153E+0002
     2.44400  -0.2753060E-0015  -0.6848092E-0015   0.4602633E+0002  -0.1394555E-0016  -0.8895879E-0016  -0.5485188E-0002  -0.9191154E+0002
     2.44800  -0.2753060E-0015   0.1084202E-0018   0.4602744E+0002  -0.1430639E-0016  -0.9046990E-0016  -0.5618424E-0002  -0.9191155E+0002
     2.45200  -0.2780436E-0015  -0.6847821E-0015   0.4602855E+0002  -0.1467400E-0016  -0.9189969E-0016  -0.5753383E-0002  -0.9191156E+0002
     2.45600  -0.2794125E-0015  -0.3423368E-0015   0.4602966E+0002  -0.1504669E-0016  -0.9324139E-0016  -0.5890078E-0002  -0.9191157E+0002
     2.46000  -0.2848877E-0015  -0.1369713E-0014   0.4603078E+0002  -0.1542616E-0016  -0.9467118E-0016  -0.6028520E-0002  -0.9191159E+0002
     2.46400  -0.2821433E-0015   0.6850125E-0015   0.4603190E+0002  -0.1581072E-0016  -0.9627038E-0016  -0.6168719E-0002  -0.9191160E+0002
     2.46800  -0.2848877E-0015  -0.6848092E-0015   0.4603303E+0002  -0.1620205E-0016  -0.9757820E-0016  -0.6310686E-0002  -0.9191161E+0002
     2.47200  -0.2862565E-0015  -0.3423504E-0015   0.4603416E+0002  -0.1659846E-0016  -0.9888601E-0016  -0.6454430E-0002  -0.9191163E+0002
     2.47600  -0.2890009E-0015  -0.6848092E-0015   0.4603529E+0002  -0.1699995E-0016  -0.1005259E-0015  -0.6599958E-0002  -0.9191164E+0002
     2.48000  -0.2917385E-0015  -0.6848092E-0015   0.4603643E+0002  -0.1740653E-0016  -0.1018269E-0015  -0.6747275E-0002  -0.9191166E+0002
     2.48400  -0.2931073E-0015  -0.3423639E-0015   0.4603757E+0002  -0.1781988E-0016  -0.1034261E-0015  -0.6896387E-0002  -0.9191167E+0002
     2.48800  -0.2944761E-0015  -0.3423639E-0015   0.4603871E+0002  -0.1823831E-0016  -0.1048559E-0015  -0.7047296E-0002  -0.9191169E+0002
     2.49200  -0.2958449E-0015  -0.3423639E-0015   0.4603986E+0002  -0.1866352E-0016  -0.1064551E-0015  -0.7200003E-0002  -0.9191171E+0002
     2.49600  -0.2972137E-0015  -0.3423639E-0015   0.4604101E+0002  -0.1909382E-0016  -0.1077155E-0015  -0.7354511E-0002  -0.9191172E+0002
     2.50000  -0.2944761E-0015   0.6850125E-0015   0.4604216E+0002  -0.1952919E-0016  -0.1091453E-0015  -0.7510819E-0002  -0.9191174E+0002
     2.50400  -0.2958449E-0015  -0.3423504E-0015   0.4604332E+0002  -0.1997134E-0016  -0.1108258E-0015  -0.7668927E-0002  -0.9191175E+0002
     2.50800  -0.2958449E-0015   0.1084202E-0018   0.4604448E+0002  -0.2042027E-0016  -0.1121743E-0015  -0.7828836E-0002  -0.9191177E+0002
     2.51200  -0.2972137E-0015  -0.3423504E-0015   0.4604565E+0002  -0.2087597E-0016  -0.1136922E-0015  -0.7990547E-0002  -0.9191179E+0002
     2.51600  -0.2999513E-0015  -0.6848092E-0015   0.4604682E+0002  -0.2133507E-0016  -0.1151219E-0015  -0.8154061E-0002  -0.9191180E+0002
     2.52000  -0.3026889E-0015  -0.6848092E-0015   0.4604799E+0002  -0.2180263E-0016  -0.1168905E-0015  -0.8319380E-0002  -0.9191182E+0002
     2.52400  -0.3013201E-0015   0.3425537E-0015   0.4604916E+0002  -0.2227527E-0016  -0.1184830E-0015  -0.8486510E-0002  -0.9191183E+0002
     2.52800  -0.3026889E-0015  -0.3423504E-0015   0.4605034E+0002  -0.2275639E-0016  -0.1199941E-0015  -0.8655454E-0002  -0.9191185E+0002
     2.53200  -0.3026889E-0015   0.1084202E-0018   0.4605153E+0002  -0.2324258E-0016  -0.1214239E-0015  -0.8826219E-0002  -0.9191187E+0002
     2.53600  -0.3040577E-0015  -0.3423504E-0015   0.4605271E+0002  -0.2373386E-0016  -0.1229350E-0015  -0.8998813E-0002  -0.9191188E+0002
     2.54000  -0.3068021E-0015  -0.6848092E-0015   0.4605390E+0002  -0.2423022E-0016  -0.1243648E-0015  -0.9173246E-0002  -0.9191190E+0002
     2.54400  -0.3095397E-0015  -0.6848092E-0015   0.4605509E+0002  -0.2473506E-0016  -0.1259640E-0015  -0.9349529E-0002  -0.9191191E+0002
     2.54800  -0.3109153E-0015  -0.3423572E-0015   0.4605629E+0002  -0.2524328E-0016  -0.1273124E-0015  -0.9527675E-0002  -0.9191193E+0002
     2.55200  -0.3122841E-0015  -0.3423572E-0015   0.4605749E+0002  -0.2575827E-0016  -0.1287422E-0015  -0.9707699E-0002  -0.9191194E+0002
     2.55600  -0.3136529E-0015  -0.3423572E-0015   0.4605870E+0002  -0.2628174E-0016  -0.1307548E-0015  -0.9889615E-0002  -0.9191196E+0002
     2.56000  -0.3163905E-0015  -0.6848160E-0015   0.4605990E+0002  -0.2681029E-0016  -0.1320152E-0015  -0.1007344E-0001  -0.9191197E+0002
     2.56400  -0.3177593E-0015  -0.3423572E-0015   0.4606111E+0002  -0.2734561E-0016  -0.1336957E-0015  -0.1025920E-0001  -0.9191199E+0002
     2.56800  -0.3218657E-0015  -0.1027268E-0014   0.4606233E+0002  -0.2788602E-0016  -0.1350442E-0015  -0.1044690E-0001  -0.9191201E+0002
     2.57200  -0.3259722E-0015  -0.1027268E-0014   0.4606354E+0002  -0.2843320E-0016  -0.1367247E-0015  -0.1063658E-0001  -0.9191202E+0002
     2.57600  -0.3246034E-0015   0.3425537E-0015   0.4606477E+0002  -0.2898547E-0016  -0.1383239E-0015  -0.1082825E-0001  -0.9191204E+0002
     2.58000  -0.3287165E-0015  -0.1027268E-0014   0.4606599E+0002  -0.2954451E-0016  -0.1400044E-0015  -0.1102195E-0001  -0.9191206E+0002
     2.58400  -0.3314542E-0015  -0.6848092E-0015   0.4606722E+0002  -0.3011033E-0016  -0.1413529E-0015  -0.1121769E-0001  -0.9191207E+0002
     2.58800  -0.3341985E-0015  -0.6848092E-0015   0.4606845E+0002  -0.3068292E-0016  -0.1430334E-0015  -0.1141549E-0001  -0.9191209E+0002
     2.59200  -0.3355673E-0015  -0.3423572E-0015   0.4606968E+0002  -0.3126229E-0016  -0.1446326E-0015  -0.1161540E-0001  -0.9191211E+0002
     2.59600  -0.3355673E-0015   0.9825582E-0019   0.4607092E+0002  -0.3184505E-0016  -0.1461505E-0015  -0.1181744E-0001  -0.9191212E+0002
     2.60000  -0.3369362E-0015  -0.3423572E-0015   0.4607216E+0002  -0.3243797E-0016  -0.1477497E-0015  -0.1202163E-0001  -0.9191214E+0002
     2.60400  -0.3383050E-0015  -0.3423572E-0015   0.4607341E+0002  -0.3303767E-0016  -0.1495996E-0015  -0.1222799E-0001  -0.9191216E+0002
     2.60800  -0.3410493E-0015  -0.6848126E-0015   0.4607466E+0002  -0.3364415E-0016  -0.1511175E-0015  -0.1243657E-0001  -0.9191218E+0002
     2.61200  -0.3424182E-0015  -0.3423572E-0015   0.4607591E+0002  -0.3425401E-0016  -0.1527234E-0015  -0.1264737E-0001  -0.9191219E+0002
     2.61600  -0.3451625E-0015  -0.6848126E-0015   0.4607716E+0002  -0.3487065E-0016  -0.1539025E-0015  -0.1286043E-0001  -0.9191221E+0002
     2.62000  -0.3479001E-0015  -0.6848126E-0015   0.4607842E+0002  -0.3549407E-0016  -0.1560031E-0015  -0.1307577E-0001  -0.9191223E+0002
     2.62400  -0.3520066E-0015  -0.1027268E-0014   0.4607968E+0002  -0.3612426E-0016  -0.1577650E-0015  -0.1329341E-0001  -0.9191225E+0002
     2.62800  -0.3533754E-0015  -0.3423589E-0015   0.4608094E+0002  -0.3676123E-0016  -0.1592015E-0015  -0.1351337E-0001  -0.9191226E+0002
     2.63200  -0.3533754E-0015   0.9825582E-0019   0.4608221E+0002  -0.3740497E-0016  -0.1610582E-0015  -0.1373567E-0001  -0.9191228E+0002
     2.63600  -0.3574818E-0015  -0.1027268E-0014   0.4608348E+0002  -0.3805211E-0016  -0.1625761E-0015  -0.1396032E-0001  -0.9191230E+0002
     2.64000  -0.3602194E-0015  -0.6848134E-0015   0.4608476E+0002  -0.3870941E-0016  -0.1644193E-0015  -0.1418733E-0001  -0.9191232E+0002
     2.64400  -0.3602194E-0015   0.9698527E-0019   0.4608603E+0002  -0.3937348E-0016  -0.1656119E-0015  -0.1441673E-0001  -0.9191234E+0002
     2.64800  -0.3602194E-0015   0.9719703E-0019   0.4608731E+0002  -0.4004094E-0016  -0.1674686E-0015  -0.1464852E-0001  -0.9191235E+0002
     2.65200  -0.3643258E-0015  -0.1027269E-0014   0.4608859E+0002  -0.4071857E-0016  -0.1689865E-0015  -0.1488271E-0001  -0.9191237E+0002
     2.65600  -0.3670634E-0015  -0.6848134E-0015   0.4608988E+0002  -0.4140297E-0016  -0.1708432E-0015  -0.1511930E-0001  -0.9191239E+0002
     2.66000  -0.3711766E-0015  -0.1027270E-0014   0.4609117E+0002  -0.4209076E-0016  -0.1720222E-0015  -0.1535832E-0001  -0.9191241E+0002
     2.66400  -0.3711766E-0015   0.9740879E-0019   0.4609246E+0002  -0.4278872E-0016  -0.1740416E-0015  -0.1559977E-0001  -0.9191243E+0002
     2.66800  -0.3766586E-0015  -0.1369723E-0014   0.4609375E+0002  -0.4349006E-0016  -0.1752206E-0015  -0.1584365E-0001  -0.9191245E+0002
     2.67200  -0.3821406E-0015  -0.1369723E-0014   0.4609505E+0002  -0.4420157E-0016  -0.1774026E-0015  -0.1608998E-0001  -0.9191247E+0002
     2.67600  -0.3848782E-0015  -0.6848126E-0015   0.4609634E+0002  -0.4491646E-0016  -0.1789205E-0015  -0.1633877E-0001  -0.9191249E+0002
     2.68000  -0.3862470E-0015  -0.3423572E-0015   0.4609764E+0002  -0.4563814E-0016  -0.1802622E-0015  -0.1659004E-0001  -0.9191251E+0002
     2.68400  -0.3903534E-0015  -0.1027268E-0014   0.4609894E+0002  -0.4636997E-0016  -0.1827829E-0015  -0.1684381E-0001  -0.9191253E+0002
     2.68800  -0.3917222E-0015  -0.3423572E-0015   0.4610024E+0002  -0.4710520E-0016  -0.1843008E-0015  -0.1710009E-0001  -0.9191255E+0002
     2.69200  -0.3917222E-0015   0.9825582E-0019   0.4610154E+0002  -0.4784720E-0016  -0.1858187E-0015  -0.1735891E-0001  -0.9191257E+0002
     2.69600  -0.3958354E-0015  -0.1027268E-0014   0.4610284E+0002  -0.4859597E-0016  -0.1873366E-0015  -0.1762031E-0001  -0.9191259E+0002
     2.70000  -0.3972042E-0015  -0.3423572E-0015   0.4610415E+0002  -0.4935153E-0016  -0.1890171E-0015  -0.1788430E-0001  -0.9191261E+0002
     2.70400  -0.3999419E-0015  -0.6848160E-0015   0.4610545E+0002  -0.5011725E-0016  -0.1908738E-0015  -0.1815093E-0001  -0.9191263E+0002
     2.70800  -0.4026795E-0015  -0.6848160E-0015   0.4610675E+0002  -0.5088635E-0016  -0.1923917E-0015  -0.1842023E-0001  -0.9191266E+0002
     2.71200  -0.4040483E-0015  -0.3423572E-0015   0.4610805E+0002  -0.5166223E-0016  -0.1937469E-0015  -0.1869222E-0001  -0.9191268E+0002
     2.71600  -0.4054171E-0015  -0.3423572E-0015   0.4610935E+0002  -0.5244828E-0016  -0.1957527E-0015  -0.1896696E-0001  -0.9191270E+0002
     2.72000  -0.4054171E-0015   0.1016440E-0018   0.4611065E+0002  -0.5323771E-0016  -0.1971080E-0015  -0.1924447E-0001  -0.9191273E+0002
     2.72400  -0.4081547E-0015  -0.6848092E-0015   0.4611194E+0002  -0.5403393E-0016  -0.1984497E-0015  -0.1952478E-0001  -0.9191275E+0002
     2.72800  -0.4122611E-0015  -0.1027268E-0014   0.4611324E+0002  -0.5483691E-0016  -0.2009704E-0015  -0.1980791E-0001  -0.9191278E+0002
     2.73200  -0.4149987E-0015  -0.6848160E-0015   0.4611453E+0002  -0.5564329E-0016  -0.2018242E-0015  -0.2009391E-0001  -0.9191280E+0002
     2.73600  -0.4163675E-0015  -0.3423572E-0015   0.4611583E+0002  -0.5646322E-0016  -0.2045076E-0015  -0.2038277E-0001  -0.9191282E+0002
     2.74000  -0.4136299E-0015   0.6850125E-0015   0.4611712E+0002  -0.5728653E-0016  -0.2058493E-0015  -0.2067452E-0001  -0.9191285E+0002
     2.74400  -0.4108923E-0015   0.6850125E-0015   0.4611840E+0002  -0.5812001E-0016  -0.2078687E-0015  -0.2096916E-0001  -0.9191287E+0002
     2.74800  -0.4136367E-0015  -0.6848092E-0015   0.4611969E+0002  -0.5895688E-0016  -0.2092239E-0015  -0.2126669E-0001  -0.9191290E+0002
     2.75200  -0.4150055E-0015  -0.3423504E-0015   0.4612098E+0002  -0.5980391E-0016  -0.2112432E-0015  -0.2156711E-0001  -0.9191292E+0002
     2.75600  -0.4163743E-0015  -0.3423504E-0015   0.4612226E+0002  -0.6065095E-0016  -0.2117447E-0015  -0.2187042E-0001  -0.9191294E+0002
     2.76000  -0.4177431E-0015  -0.3423504E-0015   0.4612354E+0002  -0.6150476E-0016  -0.2139266E-0015  -0.2217659E-0001  -0.9191297E+0002
     2.76400  -0.4163743E-0015   0.3425672E-0015   0.4612483E+0002  -0.6236534E-0016  -0.2154445E-0015  -0.2248561E-0001  -0.9191299E+0002
     2.76800  -0.4177431E-0015  -0.3423504E-0015   0.4612611E+0002  -0.6323609E-0016  -0.2176265E-0015  -0.2279747E-0001  -0.9191302E+0002
     2.77200  -0.4163743E-0015   0.3425537E-0015   0.4612739E+0002  -0.6411362E-0016  -0.2191444E-0015  -0.2311213E-0001  -0.9191304E+0002
     2.77600  -0.4191119E-0015  -0.6848092E-0015   0.4612867E+0002  -0.6499792E-0016  -0.2209875E-0015  -0.2342960E-0001  -0.9191306E+0002
     2.78000  -0.4191119E-0015   0.1084202E-0018   0.4612995E+0002  -0.6588900E-0016  -0.2223292E-0015  -0.2374983E-0001  -0.9191309E+0002
     2.78400  -0.4232183E-0015  -0.1027254E-0014   0.4613124E+0002  -0.6678685E-0016  -0.2238471E-0015  -0.2407283E-0001  -0.9191311E+0002
     2.78800  -0.4259559E-0015  -0.6847956E-0015   0.4613252E+0002  -0.6768810E-0016  -0.2250262E-0015  -0.2439857E-0001  -0.9191313E+0002
     2.79200  -0.4286935E-0015  -0.6847956E-0015   0.4613381E+0002  -0.6859950E-0016  -0.2270455E-0015  -0.2472705E-0001  -0.9191315E+0002
     2.79600  -0.4314311E-0015  -0.6847956E-0015   0.4613510E+0002  -0.6951769E-0016  -0.2290648E-0015  -0.2505827E-0001  -0.9191318E+0002
     2.80000  -0.4328000E-0015  -0.3423504E-0015   0.4613639E+0002  -0.7043926E-0016  -0.2305691E-0015  -0.2539223E-0001  -0.9191320E+0002
     2.80400  -0.4341688E-0015  -0.3423504E-0015   0.4613768E+0002  -0.7136761E-0016  -0.2320870E-0015  -0.2572894E-0001  -0.9191322E+0002
     2.80800  -0.4369131E-0015  -0.6847956E-0015   0.4613898E+0002  -0.7230273E-0016  -0.2336049E-0015  -0.2606842E-0001  -0.9191325E+0002
     2.81200  -0.4410263E-0015  -0.1027241E-0014   0.4614028E+0002  -0.7323786E-0016  -0.2351092E-0015  -0.2641068E-0001  -0.9191327E+0002
     2.81600  -0.4410263E-0015   0.1219727E-0018   0.4614158E+0002  -0.7418653E-0016  -0.2368033E-0015  -0.2675577E-0001  -0.9191330E+0002
     2.82000  -0.4423951E-0015  -0.3423368E-0015   0.4614289E+0002  -0.7514199E-0016  -0.2391614E-0015  -0.2710370E-0001  -0.9191332E+0002
     2.82400  -0.4451395E-0015  -0.6847956E-0015   0.4614420E+0002  -0.7610422E-0016  -0.2413434E-0015  -0.2745453E-0001  -0.9191335E+0002
     2.82800  -0.4478839E-0015  -0.6847956E-0015   0.4614551E+0002  -0.7707322E-0016  -0.2428613E-0015  -0.2780829E-0001  -0.9191337E+0002
     2.83200  -0.4506215E-0015  -0.6847956E-0015   0.4614682E+0002  -0.7804900E-0016  -0.2440404E-0015  -0.2816503E-0001  -0.9191340E+0002
     2.83600  -0.4506215E-0015   0.1219727E-0018   0.4614814E+0002  -0.7903156E-0016  -0.2462223E-0015  -0.2852480E-0001  -0.9191342E+0002
     2.84000  -0.4506215E-0015   0.1219727E-0018   0.4614946E+0002  -0.8002090E-0016  -0.2474149E-0015  -0.2888765E-0001  -0.9191345E+0002
     2.84400  -0.4533659E-0015  -0.6847821E-0015   0.4615078E+0002  -0.8102378E-0016  -0.2492581E-0015  -0.2925363E-0001  -0.9191348E+0002
     2.84800  -0.4561035E-0015  -0.6847821E-0015   0.4615210E+0002  -0.8202667E-0016  -0.2511012E-0015  -0.2962280E-0001  -0.9191350E+0002
     2.85200  -0.4574723E-0015  -0.3423368E-0015   0.4615342E+0002  -0.8303633E-0016  -0.2526191E-0015  -0.2999520E-0001  -0.9191353E+0002
     2.85600  -0.4574723E-0015   0.1084202E-0018   0.4615474E+0002  -0.8405277E-0016  -0.2534594E-0015  -0.3037089E-0001  -0.9191356E+0002
     2.86000  -0.4588411E-0015  -0.3423639E-0015   0.4615606E+0002  -0.8506921E-0016  -0.2556413E-0015  -0.3074990E-0001  -0.9191359E+0002
     2.86400  -0.4615855E-0015  -0.6848363E-0015   0.4615738E+0002  -0.8609921E-0016  -0.2571592E-0015  -0.3113228E-0001  -0.9191362E+0002
     2.86800  -0.4629543E-0015  -0.3423639E-0015   0.4615870E+0002  -0.8713597E-0016  -0.2596800E-0015  -0.3151807E-0001  -0.9191365E+0002
     2.87200  -0.4643231E-0015  -0.3423639E-0015   0.4616002E+0002  -0.8817952E-0016  -0.2605338E-0015  -0.3190729E-0001  -0.9191368E+0002
     2.87600  -0.4684363E-0015  -0.1027282E-0014   0.4616134E+0002  -0.8922984E-0016  -0.2623769E-0015  -0.3229998E-0001  -0.9191370E+0002
     2.88000  -0.4711807E-0015  -0.6848092E-0015   0.4616265E+0002  -0.9028694E-0016  -0.2638948E-0015  -0.3269616E-0001  -0.9191373E+0002
     2.88400  -0.4711807E-0015   0.1084202E-0018   0.4616397E+0002  -0.9135081E-0016  -0.2657380E-0015  -0.3309585E-0001  -0.9191376E+0002
     2.88800  -0.4739183E-0015  -0.6848092E-0015   0.4616528E+0002  -0.9242146E-0016  -0.2675946E-0015  -0.3349906E-0001  -0.9191379E+0002
     2.89200  -0.4739183E-0015   0.1084202E-0018   0.4616658E+0002  -0.9349888E-0016  -0.2704542E-0015  -0.3390581E-0001  -0.9191382E+0002
     2.89600  -0.4752871E-0015  -0.3423639E-0015   0.4616789E+0002  -0.9458309E-0016  -0.2716333E-0015  -0.3431610E-0001  -0.9191385E+0002
     2.90000  -0.4752871E-0015   0.8131516E-0019   0.4616919E+0002  -0.9568084E-0016  -0.2734900E-0015  -0.3472995E-0001  -0.9191388E+0002
     2.90400  -0.4780247E-0015  -0.6848363E-0015   0.4617048E+0002  -0.9677860E-0016  -0.2750079E-0015  -0.3514734E-0001  -0.9191391E+0002
     2.90800  -0.4766559E-0015   0.3425266E-0015   0.4617177E+0002  -0.9788313E-0016  -0.2761870E-0015  -0.3556829E-0001  -0.9191394E+0002
     2.91200  -0.4780247E-0015  -0.3423910E-0015   0.4617306E+0002  -0.9899443E-0016  -0.2777048E-0015  -0.3599279E-0001  -0.9191397E+0002
     2.91600  -0.4807691E-0015  -0.6848363E-0015   0.4617434E+0002  -0.1001125E-0015  -0.2795480E-0015  -0.3642083E-0001  -0.9191400E+0002
     2.92000  -0.4848823E-0015  -0.1027282E-0014   0.4617562E+0002  -0.1012374E-0015  -0.2803882E-0015  -0.3685240E-0001  -0.9191403E+0002
     2.92400  -0.4889887E-0015  -0.1027282E-0014   0.4617689E+0002  -0.1023690E-0015  -0.2819061E-0015  -0.3728751E-0001  -0.9191406E+0002
     2.92800  -0.4917263E-0015  -0.6848092E-0015   0.4617815E+0002  -0.1035074E-0015  -0.2844269E-0015  -0.3772612E-0001  -0.9191409E+0002
     2.93200  -0.4944707E-0015  -0.6848363E-0015   0.4617940E+0002  -0.1046526E-0015  -0.2859448E-0015  -0.3816822E-0001  -0.9191412E+0002
     2.93600  -0.4985839E-0015  -0.1027282E-0014   0.4618065E+0002  -0.1058046E-0015  -0.2874627E-0015  -0.3861378E-0001  -0.9191414E+0002
     2.94000  -0.5040591E-0015  -0.1369727E-0014   0.4618189E+0002  -0.1069633E-0015  -0.2889670E-0015  -0.3906278E-0001  -0.9191417E+0002
     2.94400  -0.5040591E-0015   0.1084202E-0018   0.4618312E+0002  -0.1081288E-0015  -0.2911489E-0015  -0.3951518E-0001  -0.9191420E+0002
     2.94800  -0.5067968E-0015  -0.6848092E-0015   0.4618434E+0002  -0.1093011E-0015  -0.2923280E-0015  -0.3997094E-0001  -0.9191423E+0002
     2.95200  -0.5095378E-0015  -0.6848092E-0015   0.4618555E+0002  -0.1104734E-0015  -0.2938459E-0015  -0.4043002E-0001  -0.9191426E+0002
     2.95600  -0.5136442E-0015  -0.1027254E-0014   0.4618674E+0002  -0.1116593E-0015  -0.2966919E-0015  -0.4089238E-0001  -0.9191429E+0002
     2.96000  -0.5177540E-0015  -0.1027254E-0014   0.4618793E+0002  -0.1128451E-0015  -0.2968681E-0015  -0.4135796E-0001  -0.9191432E+0002
     2.96400  -0.5163818E-0015   0.3425537E-0015   0.4618910E+0002  -0.1140377E-0015  -0.2983860E-0015  -0.4182671E-0001  -0.9191435E+0002
     2.96800  -0.5163818E-0015   0.1084202E-0018   0.4619025E+0002  -0.1152439E-0015  -0.3005679E-0015  -0.4229857E-0001  -0.9191438E+0002
     2.97200  -0.5163818E-0015   0.1084202E-0018   0.4619139E+0002  -0.1164501E-0015  -0.3017470E-0015  -0.4277351E-0001  -0.9191441E+0002
     2.97600  -0.5191228E-0015  -0.6848092E-0015   0.4619252E+0002  -0.1176630E-0015  -0.3036037E-0015  -0.4325146E-0001  -0.9191444E+0002
     2.98000  -0.5204916E-0015  -0.3423639E-0015   0.4619362E+0002  -0.1188828E-0015  -0.3044440E-0015  -0.4373238E-0001  -0.9191447E+0002
     2.98400  -0.5232292E-0015  -0.6848363E-0015   0.4619471E+0002  -0.1201025E-0015  -0.3052842E-0015  -0.4421623E-0001  -0.9191450E+0002
     2.98800  -0.5287078E-0015  -0.1369727E-0014   0.4619578E+0002  -0.1213290E-0015  -0.3061380E-0015  -0.4470298E-0001  -0.9191454E+0002
     2.99200  -0.5300800E-0015  -0.3423639E-0015   0.4619683E+0002  -0.1225623E-0015  -0.3079812E-0015  -0.4519259E-0001  -0.9191457E+0002
     2.99600  -0.5328176E-0015  -0.6848363E-0015   0.4619785E+0002  -0.1238023E-0015  -0.3105019E-0015  -0.4568507E-0001  -0.9191460E+0002
     3.00000  -0.5369274E-0015  -0.1027309E-0014   0.4619886E+0002  -0.1250492E-0015  -0.3120063E-0015  -0.4618039E-0001  -0.9191463E+0002
     3.00400  -0.5369274E-0015   0.5421011E-0019   0.4619983E+0002  -0.1263028E-0015  -0.3125077E-0015  -0.4667856E-0001  -0.9191467E+0002
     3.00800  -0.5382962E-0015  -0.3424182E-0015   0.4620079E+0002  -0.1275632E-0015  -0.3140256E-0015  -0.4717959E-0001  -0.9191470E+0002
     3.01200  -0.5410372E-0015  -0.6848905E-0015   0.4620171E+0002  -0.1288235E-0015  -0.3152047E-0015  -0.4768351E-0001  -0.9191473E+0002
     3.01600  -0.5451470E-0015  -0.1027336E-0014   0.4620261E+0002  -0.1300907E-0015  -0.3170478E-0015  -0.4819034E-0001  -0.9191477E+0002
     3.02000  -0.5492568E-0015  -0.1027336E-0014   0.4620348E+0002  -0.1313646E-0015  -0.3185657E-0015  -0.4870013E-0001  -0.9191480E+0002
     3.02400  -0.5519961E-0015  -0.6848634E-0015   0.4620432E+0002  -0.1326454E-0015  -0.3194060E-0015  -0.4921291E-0001  -0.9191484E+0002
     3.02800  -0.5533649E-0015  -0.3424182E-0015   0.4620512E+0002  -0.1339261E-0015  -0.3205850E-0015  -0.4972874E-0001  -0.9191487E+0002
     3.03200  -0.5547354E-0015  -0.3424182E-0015   0.4620590E+0002  -0.1352136E-0015  -0.3214253E-0015  -0.5024767E-0001  -0.9191490E+0002
     3.03600  -0.5533649E-0015   0.3424995E-0015   0.4620663E+0002  -0.1365078E-0015  -0.3219403E-0015  -0.5076972E-0001  -0.9191494E+0002
     3.04000  -0.5574747E-0015  -0.1027336E-0014   0.4620732E+0002  -0.1378021E-0015  -0.3234582E-0015  -0.5129496E-0001  -0.9191497E+0002
     3.04400  -0.5602157E-0015  -0.6848905E-0015   0.4620798E+0002  -0.1390964E-0015  -0.3239732E-0015  -0.5182341E-0001  -0.9191500E+0002
     3.04800  -0.5643255E-0015  -0.1027363E-0014   0.4620859E+0002  -0.1404042E-0015  -0.3254775E-0015  -0.5235511E-0001  -0.9191504E+0002
     3.05200  -0.5656943E-0015  -0.3424453E-0015   0.4620916E+0002  -0.1417052E-0015  -0.3256537E-0015  -0.5289006E-0001  -0.9191507E+0002
     3.05600  -0.5670631E-0015  -0.3424453E-0015   0.4620967E+0002  -0.1430063E-0015  -0.3248270E-0015  -0.5342828E-0001  -0.9191510E+0002
     3.06000  -0.5684328E-0015  -0.3424453E-0015   0.4621014E+0002  -0.1443141E-0015  -0.3266701E-0015  -0.5396974E-0001  -0.9191513E+0002
     3.06400  -0.5698025E-0015  -0.3424453E-0015   0.4621055E+0002  -0.1456219E-0015  -0.3265075E-0015  -0.5451444E-0001  -0.9191517E+0002
     3.06800  -0.5711721E-0015  -0.3424453E-0015   0.4621091E+0002  -0.1469433E-0015  -0.3290147E-0015  -0.5506233E-0001  -0.9191520E+0002
     3.07200  -0.5739114E-0015  -0.6849176E-0015   0.4621120E+0002  -0.1482646E-0015  -0.3301938E-0015  -0.5561335E-0001  -0.9191523E+0002
     3.07600  -0.5766516E-0015  -0.6849176E-0015   0.4621143E+0002  -0.1495792E-0015  -0.3293671E-0015  -0.5616746E-0001  -0.9191527E+0002
     3.08000  -0.5807609E-0015  -0.1027363E-0014   0.4621159E+0002  -0.1508938E-0015  -0.3292180E-0015  -0.5672457E-0001  -0.9191530E+0002
     3.08400  -0.5835007E-0015  -0.6849176E-0015   0.4621168E+0002  -0.1522152E-0015  -0.3297330E-0015  -0.5728460E-0001  -0.9191534E+0002
     3.08800  -0.5848703E-0015  -0.3424453E-0015   0.4621169E+0002  -0.1535298E-0015  -0.3289063E-0015  -0.5784745E-0001  -0.9191538E+0002
     3.09200  -0.5889797E-0015  -0.1027363E-0014   0.4621162E+0002  -0.1548444E-0015  -0.3287437E-0015  -0.5841304E-0001  -0.9191541E+0002
     3.09600  -0.5917194E-0015  -0.6849176E-0015   0.4621146E+0002  -0.1561590E-0015  -0.3285946E-0015  -0.5898125E-0001  -0.9191545E+0002
     3.10000  -0.5930892E-0015  -0.3424453E-0015   0.4621121E+0002  -0.1574804E-0015  -0.3297736E-0015  -0.5955199E-0001  -0.9191549E+0002
     3.10400  -0.5958286E-0015  -0.6848905E-0015   0.4621087E+0002  -0.1587950E-0015  -0.3289469E-0015  -0.6012514E-0001  -0.9191554E+0002
     3.10800  -0.5999382E-0015  -0.1027363E-0014   0.4621042E+0002  -0.1601163E-0015  -0.3294619E-0015  -0.6070060E-0001  -0.9191558E+0002
     3.11200  -0.6013083E-0015  -0.3424724E-0015   0.4620986E+0002  -0.1614242E-0015  -0.3272935E-0015  -0.6127825E-0001  -0.9191563E+0002
     3.11600  -0.6040480E-0015  -0.6849447E-0015   0.4620919E+0002  -0.1627320E-0015  -0.3258028E-0015  -0.6185800E-0001  -0.9191568E+0002
     3.12000  -0.6081570E-0015  -0.1027390E-0014   0.4620840E+0002  -0.1640330E-0015  -0.3249760E-0015  -0.6243972E-0001  -0.9191573E+0002
     3.12400  -0.6095266E-0015  -0.3424995E-0015   0.4620748E+0002  -0.1653341E-0015  -0.3254910E-0015  -0.6302330E-0001  -0.9191579E+0002
     3.12800  -0.6122659E-0015  -0.6849718E-0015   0.4620642E+0002  -0.1666283E-0015  -0.3233226E-0015  -0.6360860E-0001  -0.9191585E+0002
     3.13200  -0.6150061E-0015  -0.6849447E-0015   0.4620521E+0002  -0.1679158E-0015  -0.3218319E-0015  -0.6419549E-0001  -0.9191591E+0002
     3.13600  -0.6163757E-0015  -0.3424724E-0015   0.4620386E+0002  -0.1691965E-0015  -0.3189994E-0015  -0.6478381E-0001  -0.9191598E+0002
     3.14000  -0.6191159E-0015  -0.6849447E-0015   0.4620234E+0002  -0.1704705E-0015  -0.3188368E-0015  -0.6537339E-0001  -0.9191605E+0002
     3.14400  -0.6218560E-0015  -0.6849447E-0015   0.4620065E+0002  -0.1717376E-0015  -0.3166819E-0015  -0.6596405E-0001  -0.9191612E+0002
     3.14800  -0.6259658E-0015  -0.1027417E-0014   0.4619878E+0002  -0.1730048E-0015  -0.3178610E-0015  -0.6655555E-0001  -0.9191620E+0002
     3.15200  -0.6273363E-0015  -0.3425266E-0015   0.4619672E+0002  -0.1742652E-0015  -0.3150285E-0015  -0.6714765E-0001  -0.9191629E+0002
     3.15600  -0.6287068E-0015  -0.3425266E-0015   0.4619446E+0002  -0.1755120E-0015  -0.3121825E-0015  -0.6774005E-0001  -0.9191638E+0002
     3.16000  -0.6287068E-0015  -0.8131516E-0019   0.4619200E+0002  -0.1767385E-0015  -0.3080218E-0015  -0.6833244E-0001  -0.9191648E+0002
     3.16400  -0.6300773E-0015  -0.3425537E-0015   0.4618931E+0002  -0.1779582E-0015  -0.3051894E-0015  -0.6892445E-0001  -0.9191658E+0002
     3.16800  -0.6341871E-0015  -0.1027444E-0014   0.4618640E+0002  -0.1791644E-0015  -0.3010152E-0015  -0.6951566E-0001  -0.9191668E+0002
     3.17200  -0.6355576E-0015  -0.3425537E-0015   0.4618325E+0002  -0.1803503E-0015  -0.2975186E-0015  -0.7010560E-0001  -0.9191680E+0002
     3.17600  -0.6355576E-0015  -0.1084202E-0018   0.4617986E+0002  -0.1815225E-0015  -0.2926804E-0015  -0.7069376E-0001  -0.9191691E+0002
     3.18000  -0.6396674E-0015  -0.1027471E-0014   0.4617621E+0002  -0.1826881E-0015  -0.2891703E-0015  -0.7127955E-0001  -0.9191704E+0002
     3.18400  -0.6424067E-0015  -0.6850125E-0015   0.4617230E+0002  -0.1838265E-0015  -0.2843320E-0015  -0.7186234E-0001  -0.9191717E+0002
     3.18800  -0.6410362E-0015   0.3423504E-0015   0.4616812E+0002  -0.1849513E-0015  -0.2781521E-0015  -0.7244141E-0001  -0.9191730E+0002
     3.19200  -0.6451460E-0015  -0.1027471E-0014   0.4616366E+0002  -0.1860355E-0015  -0.2726430E-0015  -0.7301600E-0001  -0.9191744E+0002
     3.19600  -0.6478853E-0015  -0.6850125E-0015   0.4615893E+0002  -0.1871062E-0015  -0.2684756E-0015  -0.7358527E-0001  -0.9191759E+0002
     3.20000  -0.6492558E-0015  -0.3425537E-0015   0.4615392E+0002  -0.1881497E-0015  -0.2609607E-0015  -0.7414828E-0001  -0.9191773E+0002
     3.20400  -0.6519951E-0015  -0.6850125E-0015   0.4614863E+0002  -0.1891662E-0015  -0.2541167E-0015  -0.7470405E-0001  -0.9191789E+0002
     3.20800  -0.6561049E-0015  -0.1027471E-0014   0.4614306E+0002  -0.1901555E-0015  -0.2492784E-0015  -0.7525150E-0001  -0.9191804E+0002
     3.21200  -0.6574737E-0015  -0.3425537E-0015   0.4613722E+0002  -0.1911313E-0015  -0.2410927E-0015  -0.7578949E-0001  -0.9191820E+0002
     3.21600  -0.6602147E-0015  -0.6850125E-0015   0.4613111E+0002  -0.1920529E-0015  -0.2309012E-0015  -0.7631679E-0001  -0.9191836E+0002
     3.22000  -0.6643246E-0015  -0.1027471E-0014   0.4612474E+0002  -0.1929609E-0015  -0.2267270E-0015  -0.7683209E-0001  -0.9191853E+0002
     3.22400  -0.6670656E-0015  -0.6850125E-0015   0.4611812E+0002  -0.1938147E-0015  -0.2165355E-0015  -0.7733405E-0001  -0.9191869E+0002
     3.22800  -0.6698065E-0015  -0.6850125E-0015   0.4611128E+0002  -0.1946414E-0015  -0.2083532E-0015  -0.7782120E-0001  -0.9191886E+0002
     3.23200  -0.6752885E-0015  -0.1369923E-0014   0.4610421E+0002  -0.1954410E-0015  -0.2001674E-0015  -0.7829208E-0001  -0.9191903E+0002
     3.23600  -0.6739197E-0015   0.3423572E-0015   0.4609696E+0002  -0.1961999E-0015  -0.1913109E-0015  -0.7874513E-0001  -0.9191920E+0002
     3.24000  -0.6766607E-0015  -0.6850057E-0015   0.4608953E+0002  -0.1969182E-0015  -0.1817902E-0015  -0.7917878E-0001  -0.9191936E+0002
     3.24400  -0.6766607E-0015  -0.9486769E-0019   0.4608196E+0002  -0.1975958E-0015  -0.1709312E-0015  -0.7959142E-0001  -0.9191953E+0002
     3.24800  -0.6807705E-0015  -0.1027465E-0014   0.4607427E+0002  -0.1982464E-0015  -0.1627489E-0015  -0.7998146E-0001  -0.9191969E+0002
     3.25200  -0.6835115E-0015  -0.6850057E-0015   0.4606650E+0002  -0.1988562E-0015  -0.1532257E-0015  -0.8034728E-0001  -0.9191985E+0002
     3.25600  -0.6862525E-0015  -0.6850057E-0015   0.4605869E+0002  -0.1994254E-0015  -0.1437034E-0015  -0.8068732E-0001  -0.9192000E+0002
     3.26000  -0.6876247E-0015  -0.3425498E-0015   0.4605086E+0002  -0.1999540E-0015  -0.1335119E-0015  -0.8100007E-0001  -0.9192015E+0002
     3.26400  -0.6917345E-0015  -0.1027462E-0014   0.4604305E+0002  -0.2004554E-0015  -0.1246595E-0015  -0.8128409E-0001  -0.9192030E+0002
     3.26800  -0.6917345E-0015  -0.9486769E-0019   0.4603530E+0002  -0.2009162E-0015  -0.1124623E-0015  -0.8153803E-0001  -0.9192044E+0002
     3.27200  -0.6917345E-0015  -0.9825582E-0019   0.4602766E+0002  -0.2013363E-0015  -0.1042765E-0015  -0.8176068E-0001  -0.9192057E+0002
     3.27600  -0.6958443E-0015  -0.1027465E-0014   0.4602016E+0002  -0.2017023E-0015  -0.9274672E-0016  -0.8195096E-0001  -0.9192069E+0002
     3.28000  -0.6958443E-0015  -0.1016440E-0018   0.4601284E+0002  -0.2020411E-0015  -0.8456438E-0016  -0.8210800E-0001  -0.9192081E+0002
     3.28400  -0.6944721E-0015   0.3423504E-0015   0.4600573E+0002  -0.2023392E-0015  -0.7704951E-0016  -0.8223108E-0001  -0.9192092E+0002
     3.28800  -0.6972131E-0015  -0.6850193E-0015   0.4599888E+0002  -0.2026103E-0015  -0.6752547E-0016  -0.8231974E-0001  -0.9192102E+0002
     3.29200  -0.6985820E-0015  -0.3425672E-0015   0.4599232E+0002  -0.2028271E-0015  -0.5532819E-0016  -0.8237371E-0001  -0.9192111E+0002
     3.29600  -0.6999541E-0015  -0.3425672E-0015   0.4598608E+0002  -0.2030169E-0015  -0.4781332E-0016  -0.8239302E-0001  -0.9192119E+0002
     3.30000  -0.7026951E-0015  -0.6850260E-0015   0.4598019E+0002  -0.2031795E-0015  -0.4163336E-0016  -0.8237791E-0001  -0.9192126E+0002
     3.30400  -0.7013263E-0015   0.3423504E-0015   0.4597468E+0002  -0.2033015E-0015  -0.3211271E-0016  -0.8232892E-0001  -0.9192132E+0002
     3.30800  -0.7026951E-0015  -0.3425537E-0015   0.4596957E+0002  -0.2034099E-0015  -0.2726768E-0016  -0.8224683E-0001  -0.9192137E+0002
     3.31200  -0.7054361E-0015  -0.6850125E-0015   0.4596488E+0002  -0.2034912E-0015  -0.1841111E-0016  -0.8213271E-0001  -0.9192141E+0002
     3.31600  -0.7068066E-0015  -0.3425537E-0015   0.4596062E+0002  -0.2035319E-0015  -0.1156708E-0016  -0.8198786E-0001  -0.9192143E+0002
     3.32000  -0.7081771E-0015  -0.3425537E-0015   0.4595681E+0002  -0.2035590E-0015  -0.6728830E-0017  -0.8181382E-0001  -0.9192145E+0002
     3.32400  -0.7095476E-0015  -0.3425537E-0015   0.4595345E+0002  -0.2035590E-0015  -0.2561428E-0017  -0.8161235E-0001  -0.9192145E+0002
     3.32800  -0.7081788E-0015   0.3423368E-0015   0.4595055E+0002  -0.2035725E-0015  -0.1070650E-0017  -0.8138542E-0001  -0.9192145E+0002
     3.33200  -0.7095493E-0015  -0.3425537E-0015   0.4594809E+0002  -0.2035522E-0015   0.5109303E-0017  -0.8113517E-0001  -0.9192143E+0002
     3.33600  -0.7081805E-0015   0.3423639E-0015   0.4594609E+0002  -0.2035183E-0015   0.8605855E-0017  -0.8086386E-0001  -0.9192140E+0002
     3.34000  -0.7068100E-0015   0.3423639E-0015   0.4594453E+0002  -0.2034709E-0015   0.1077426E-0016  -0.8057390E-0001  -0.9192137E+0002
     3.34400  -0.7068117E-0015  -0.8131516E-0019   0.4594339E+0002  -0.2034099E-0015   0.1427081E-0016  -0.8026776E-0001  -0.9192133E+0002
     3.34800  -0.7068117E-0015  -0.8131516E-0019   0.4594265E+0002  -0.2033489E-0015   0.1443344E-0016  -0.7994799E-0001  -0.9192127E+0002
     3.35200  -0.7068134E-0015  -0.8131516E-0019   0.4594231E+0002  -0.2032744E-0015   0.1860762E-0016  -0.7961714E-0001  -0.9192122E+0002
     3.35600  -0.7068134E-0015  -0.8131516E-0019   0.4594234E+0002  -0.2031998E-0015   0.1875670E-0016  -0.7927777E-0001  -0.9192115E+0002
     3.36000  -0.7068134E-0015  -0.8131516E-0019   0.4594271E+0002  -0.2031321E-0015   0.1825525E-0016  -0.7893240E-0001  -0.9192108E+0002
     3.36400  -0.7068134E-0015  -0.8131516E-0019   0.4594340E+0002  -0.2030643E-0015   0.1707618E-0016  -0.7858351E-0001  -0.9192100E+0002
     3.36800  -0.7081839E-0015  -0.3425537E-0015   0.4594439E+0002  -0.2030033E-0015   0.1521949E-0016  -0.7823347E-0001  -0.9192092E+0002
     3.37200  -0.7095536E-0015  -0.3425537E-0015   0.4594563E+0002  -0.2029559E-0015   0.1271227E-0016  -0.7788458E-0001  -0.9192084E+0002
     3.37600  -0.7109241E-0015  -0.3425537E-0015   0.4594712E+0002  -0.2029017E-0015   0.1420305E-0016  -0.7753900E-0001  -0.9192075E+0002
     3.38000  -0.7136642E-0015  -0.6849989E-0015   0.4594881E+0002  -0.2028542E-0015   0.1302398E-0016  -0.7719874E-0001  -0.9192066E+0002
     3.38400  -0.7164039E-0015  -0.6849989E-0015   0.4595068E+0002  -0.2028203E-0015   0.8497435E-0017  -0.7686568E-0001  -0.9192057E+0002
     3.38800  -0.7150343E-0015   0.3423639E-0015   0.4595269E+0002  -0.2027932E-0015   0.6654291E-0017  -0.7654151E-0001  -0.9192048E+0002
     3.39200  -0.7150347E-0015  -0.1084202E-0018   0.4595483E+0002  -0.2027729E-0015   0.4811147E-0017  -0.7622774E-0001  -0.9192039E+0002
     3.39600  -0.7164050E-0015  -0.3425537E-0015   0.4595707E+0002  -0.2027661E-0015   0.2290377E-0017  -0.7592569E-0001  -0.9192030E+0002
     3.40000  -0.7164053E-0015  -0.8131516E-0019   0.4595937E+0002  -0.2027661E-0015  -0.2303930E-0018  -0.7563649E-0001  -0.9192020E+0002
     3.40400  -0.7191453E-0015  -0.6849989E-0015   0.4596173E+0002  -0.2027865E-0015  -0.4079311E-0017  -0.7536104E-0001  -0.9192011E+0002
     3.40800  -0.7191458E-0015  -0.8131516E-0019   0.4596411E+0002  -0.2028136E-0015  -0.6600081E-0017  -0.7510004E-0001  -0.9192002E+0002
     3.41200  -0.7191462E-0015  -0.8131516E-0019   0.4596650E+0002  -0.2028610E-0015  -0.1112662E-0016  -0.7485397E-0001  -0.9191994E+0002
     3.41600  -0.7164069E-0015   0.6848092E-0015   0.4596888E+0002  -0.2029152E-0015  -0.1230569E-0016  -0.7462310E-0001  -0.9191985E+0002
     3.42000  -0.7150373E-0015   0.3423368E-0015   0.4597124E+0002  -0.2029898E-0015  -0.1817394E-0016  -0.7440749E-0001  -0.9191977E+0002
     3.42400  -0.7177774E-0015  -0.6850260E-0015   0.4597357E+0002  -0.2030643E-0015  -0.1936656E-0016  -0.7420697E-0001  -0.9191968E+0002
     3.42800  -0.7177783E-0015  -0.1355253E-0018   0.4597587E+0002  -0.2031524E-0015  -0.2188733E-0016  -0.7402122E-0001  -0.9191960E+0002
     3.43200  -0.7205184E-0015  -0.6850531E-0015   0.4597811E+0002  -0.2032608E-0015  -0.2641388E-0016  -0.7384970E-0001  -0.9191952E+0002
     3.43600  -0.7191496E-0015   0.3423097E-0015   0.4598032E+0002  -0.2033760E-0015  -0.2825702E-0016  -0.7369176E-0001  -0.9191945E+0002
     3.44000  -0.7191505E-0015  -0.1355253E-0018   0.4598247E+0002  -0.2035047E-0015  -0.3144186E-0016  -0.7354656E-0001  -0.9191937E+0002
     3.44400  -0.7218906E-0015  -0.6850531E-0015   0.4598458E+0002  -0.2036403E-0015  -0.3396263E-0016  -0.7341319E-0001  -0.9191930E+0002
     3.44800  -0.7246316E-0015  -0.6850531E-0015   0.4598665E+0002  -0.2037894E-0015  -0.3648340E-0016  -0.7329064E-0001  -0.9191923E+0002
     3.45200  -0.7232611E-0015   0.3423368E-0015   0.4598869E+0002  -0.2039520E-0015  -0.3966825E-0016  -0.7317787E-0001  -0.9191916E+0002
     3.45600  -0.7246316E-0015  -0.3425808E-0015   0.4599069E+0002  -0.2041282E-0015  -0.4351716E-0016  -0.7307379E-0001  -0.9191909E+0002
     3.46000  -0.7246316E-0015  -0.1084202E-0018   0.4599267E+0002  -0.2043043E-0015  -0.4469623E-0016  -0.7297737E-0001  -0.9191902E+0002
     3.46400  -0.7273709E-0015  -0.6850260E-0015   0.4599463E+0002  -0.2044941E-0015  -0.4854515E-0016  -0.7288759E-0001  -0.9191895E+0002
     3.46800  -0.7287397E-0015  -0.3425537E-0015   0.4599659E+0002  -0.2046906E-0015  -0.4906015E-0016  -0.7280350E-0001  -0.9191889E+0002
     3.47200  -0.7301102E-0015  -0.3425537E-0015   0.4599854E+0002  -0.2048939E-0015  -0.5158092E-0016  -0.7272426E-0001  -0.9191882E+0002
     3.47600  -0.7314807E-0015  -0.3425537E-0015   0.4600050E+0002  -0.2051107E-0015  -0.5408814E-0016  -0.7264915E-0001  -0.9191875E+0002
     3.48000  -0.7314807E-0015  -0.8131516E-0019   0.4600247E+0002  -0.2053343E-0015  -0.5727298E-0016  -0.7257755E-0001  -0.9191869E+0002
     3.48400  -0.7328529E-0015  -0.3425266E-0015   0.4600446E+0002  -0.2055715E-0015  -0.6045782E-0016  -0.7250899E-0001  -0.9191862E+0002
     3.48800  -0.7342217E-0015  -0.3425266E-0015   0.4600646E+0002  -0.2058222E-0015  -0.6230097E-0016  -0.7244314E-0001  -0.9191856E+0002
     3.49200  -0.7342217E-0015  -0.5421011E-0019   0.4600848E+0002  -0.2060797E-0015  -0.6482174E-0016  -0.7237979E-0001  -0.9191850E+0002
     3.49600  -0.7342217E-0015  -0.5421011E-0019   0.4601053E+0002  -0.2063508E-0015  -0.6800658E-0016  -0.7231885E-0001  -0.9191844E+0002
     3.50000  -0.7342217E-0015  -0.5421011E-0019   0.4601260E+0002  -0.2066286E-0015  -0.7052735E-0016  -0.7226034E-0001  -0.9191837E+0002
     3.50400  -0.7369593E-0015  -0.6849718E-0015   0.4601470E+0002  -0.2069200E-0015  -0.7372575E-0016  -0.7220438E-0001  -0.9191831E+0002
     3.50800  -0.7383281E-0015  -0.3424995E-0015   0.4601683E+0002  -0.2072249E-0015  -0.7556889E-0016  -0.7215114E-0001  -0.9191825E+0002
     3.51200  -0.7396969E-0015  -0.3424995E-0015   0.4601898E+0002  -0.2075434E-0015  -0.7943136E-0016  -0.7210085E-0001  -0.9191819E+0002
     3.51600  -0.7396969E-0015  -0.2710505E-0019   0.4602116E+0002  -0.2078687E-0015  -0.8061043E-0016  -0.7205377E-0001  -0.9191813E+0002
     3.52000  -0.7410657E-0015  -0.3424995E-0015   0.4602336E+0002  -0.2082007E-0015  -0.8246713E-0016  -0.7201017E-0001  -0.9191808E+0002
     3.52400  -0.7410657E-0015  -0.2710505E-0019   0.4602559E+0002  -0.2085531E-0015  -0.8765775E-0016  -0.7197033E-0001  -0.9191802E+0002
     3.52800  -0.7424345E-0015  -0.3424995E-0015   0.4602785E+0002  -0.2089190E-0015  -0.9084259E-0016  -0.7193452E-0001  -0.9191796E+0002
     3.53200  -0.7438067E-0015  -0.3424995E-0015   0.4603014E+0002  -0.2092917E-0015  -0.9336336E-0016  -0.7190296E-0001  -0.9191791E+0002
     3.53600  -0.7479165E-0015  -0.1027390E-0014   0.4603245E+0002  -0.2096779E-0015  -0.9719872E-0016  -0.7187587E-0001  -0.9191786E+0002
     3.54000  -0.7492853E-0015  -0.3424724E-0015   0.4603480E+0002  -0.2100777E-0015  -0.9973305E-0016  -0.7185344E-0001  -0.9191780E+0002
     3.54400  -0.7520263E-0015  -0.6849447E-0015   0.4603717E+0002  -0.2104843E-0015  -0.1002480E-0015  -0.7183584E-0001  -0.9191775E+0002
     3.54800  -0.7547673E-0015  -0.6849447E-0015   0.4603958E+0002  -0.2109044E-0015  -0.1054522E-0015  -0.7182321E-0001  -0.9191770E+0002
     3.55200  -0.7575050E-0015  -0.6849447E-0015   0.4604202E+0002  -0.2113313E-0015  -0.1066313E-0015  -0.7181567E-0001  -0.9191765E+0002
     3.55600  -0.7602493E-0015  -0.6849447E-0015   0.4604450E+0002  -0.2117718E-0015  -0.1098161E-0015  -0.7181334E-0001  -0.9191760E+0002
     3.56000  -0.7602493E-0015  -0.2710505E-0019   0.4604700E+0002  -0.2122258E-0015  -0.1143427E-0015  -0.7181634E-0001  -0.9191755E+0002
     3.56400  -0.7629937E-0015  -0.6849447E-0015   0.4604955E+0002  -0.2127001E-0015  -0.1175275E-0015  -0.7182476E-0001  -0.9191750E+0002
     3.56800  -0.7643693E-0015  -0.3424995E-0015   0.4605213E+0002  -0.2131813E-0015  -0.1200483E-0015  -0.7183873E-0001  -0.9191745E+0002
     3.57200  -0.7657381E-0015  -0.3424995E-0015   0.4605474E+0002  -0.2136759E-0015  -0.1245613E-0015  -0.7185835E-0001  -0.9191740E+0002
     3.57600  -0.7657381E-0015  -0.5421011E-0019   0.4605739E+0002  -0.2141909E-0015  -0.1290743E-0015  -0.7188375E-0001  -0.9191736E+0002
     3.58000  -0.7684757E-0015  -0.6849718E-0015   0.4606008E+0002  -0.2147195E-0015  -0.1322591E-0015  -0.7191502E-0001  -0.9191731E+0002
     3.58400  -0.7698445E-0015  -0.3425266E-0015   0.4606279E+0002  -0.2152548E-0015  -0.1347663E-0015  -0.7195228E-0001  -0.9191726E+0002
     3.58800  -0.7712201E-0015  -0.3425266E-0015   0.4606554E+0002  -0.2158104E-0015  -0.1386152E-0015  -0.7199563E-0001  -0.9191721E+0002
     3.59200  -0.7739577E-0015  -0.6849989E-0015   0.4606832E+0002  -0.2163729E-0015  -0.1404584E-0015  -0.7204514E-0001  -0.9191717E+0002
     3.59600  -0.7753265E-0015  -0.3425537E-0015   0.4607113E+0002  -0.2169489E-0015  -0.1449849E-0015  -0.7210089E-0001  -0.9191712E+0002
     3.60000  -0.7753265E-0015  -0.1355253E-0018   0.4607396E+0002  -0.2175384E-0015  -0.1475057E-0015  -0.7216292E-0001  -0.9191707E+0002
     3.60400  -0.7766953E-0015  -0.3425672E-0015   0.4607682E+0002  -0.2181550E-0015  -0.1533604E-0015  -0.7223125E-0001  -0.9191703E+0002
     3.60800  -0.7794397E-0015  -0.6850260E-0015   0.4607971E+0002  -0.2187852E-0015  -0.1565588E-0015  -0.7230588E-0001  -0.9191698E+0002
     3.61200  -0.7808085E-0015  -0.3425672E-0015   0.4608263E+0002  -0.2194154E-0015  -0.1584019E-0015  -0.7238677E-0001  -0.9191694E+0002
     3.61600  -0.7794397E-0015   0.3423504E-0015   0.4608556E+0002  -0.2200727E-0015  -0.1635926E-0015  -0.7247388E-0001  -0.9191689E+0002
     3.62000  -0.7780709E-0015   0.3423504E-0015   0.4608852E+0002  -0.2207436E-0015  -0.1687832E-0015  -0.7256715E-0001  -0.9191685E+0002
     3.62400  -0.7808153E-0015  -0.6850125E-0015   0.4609150E+0002  -0.2214280E-0015  -0.1699622E-0015  -0.7266649E-0001  -0.9191680E+0002
     3.62800  -0.7821841E-0015  -0.3425537E-0015   0.4609450E+0002  -0.2221259E-0015  -0.1744820E-0015  -0.7277182E-0001  -0.9191676E+0002
     3.63200  -0.7821841E-0015  -0.9486769E-0019   0.4609752E+0002  -0.2228374E-0015  -0.1776669E-0015  -0.7288306E-0001  -0.9191672E+0002
     3.63600  -0.7821841E-0015  -0.9486769E-0019   0.4610056E+0002  -0.2235693E-0015  -0.1821934E-0015  -0.7300010E-0001  -0.9191668E+0002
     3.64000  -0.7821841E-0015  -0.9486769E-0019   0.4610362E+0002  -0.2243147E-0015  -0.1860491E-0015  -0.7312289E-0001  -0.9191665E+0002
     3.64400  -0.7835529E-0015  -0.3425537E-0015   0.4610669E+0002  -0.2250736E-0015  -0.1899048E-0015  -0.7325133E-0001  -0.9191661E+0002
     3.64800  -0.7849217E-0015  -0.3425537E-0015   0.4610977E+0002  -0.2258529E-0015  -0.1937605E-0015  -0.7338538E-0001  -0.9191657E+0002
     3.65200  -0.7876593E-0015  -0.6849989E-0015   0.4611287E+0002  -0.2266457E-0015  -0.1989511E-0015  -0.7352500E-0001  -0.9191654E+0002
     3.65600  -0.7904037E-0015  -0.6849989E-0015   0.4611599E+0002  -0.2274453E-0015  -0.2014651E-0015  -0.7367014E-0001  -0.9191651E+0002
     3.66000  -0.7931481E-0015  -0.6849989E-0015   0.4611912E+0002  -0.2282720E-0015  -0.2066557E-0015  -0.7382080E-0001  -0.9191648E+0002
     3.66400  -0.7958925E-0015  -0.6849989E-0015   0.4612225E+0002  -0.2291122E-0015  -0.2098406E-0015  -0.7397697E-0001  -0.9191645E+0002
     3.66800  -0.8000057E-0015  -0.1027451E-0014   0.4612540E+0002  -0.2299728E-0015  -0.2150312E-0015  -0.7413866E-0001  -0.9191643E+0002
     3.67200  -0.8013745E-0015  -0.3425401E-0015   0.4612856E+0002  -0.2308470E-0015  -0.2175519E-0015  -0.7430588E-0001  -0.9191640E+0002
     3.67600  -0.8027433E-0015  -0.3425401E-0015   0.4613173E+0002  -0.2317347E-0015  -0.2227426E-0015  -0.7447867E-0001  -0.9191638E+0002
     3.68000  -0.8041121E-0015  -0.3425401E-0015   0.4613491E+0002  -0.2326359E-0015  -0.2252566E-0015  -0.7465706E-0001  -0.9191635E+0002
     3.68400  -0.8068497E-0015  -0.6849989E-0015   0.4613810E+0002  -0.2335643E-0015  -0.2311180E-0015  -0.7484109E-0001  -0.9191633E+0002
     3.68800  -0.8068497E-0015  -0.8809143E-0019   0.4614130E+0002  -0.2345062E-0015  -0.2349737E-0015  -0.7503079E-0001  -0.9191631E+0002
     3.69200  -0.8082185E-0015  -0.3425469E-0015   0.4614450E+0002  -0.2354616E-0015  -0.2381586E-0015  -0.7522622E-0001  -0.9191629E+0002
     3.69600  -0.8109561E-0015  -0.6849989E-0015   0.4614772E+0002  -0.2364374E-0015  -0.2433492E-0015  -0.7542743E-0001  -0.9191627E+0002
     3.70000  -0.8136937E-0015  -0.6849989E-0015   0.4615094E+0002  -0.2374267E-0015  -0.2472049E-0015  -0.7563447E-0001  -0.9191625E+0002
     3.70400  -0.8164381E-0015  -0.6849989E-0015   0.4615416E+0002  -0.2384296E-0015  -0.2497189E-0015  -0.7584740E-0001  -0.9191622E+0002
     3.70800  -0.8178069E-0015  -0.3425435E-0015   0.4615740E+0002  -0.2394460E-0015  -0.2549095E-0015  -0.7606627E-0001  -0.9191620E+0002
     3.71200  -0.8205445E-0015  -0.6849989E-0015   0.4616064E+0002  -0.2404828E-0015  -0.2580943E-0015  -0.7629114E-0001  -0.9191618E+0002
     3.71600  -0.8232889E-0015  -0.6849989E-0015   0.4616389E+0002  -0.2415331E-0015  -0.2626175E-0015  -0.7652207E-0001  -0.9191616E+0002
     3.72000  -0.8246577E-0015  -0.3425435E-0015   0.4616714E+0002  -0.2426038E-0015  -0.2678115E-0015  -0.7675911E-0001  -0.9191614E+0002
     3.72400  -0.8260265E-0015  -0.3425435E-0015   0.4617039E+0002  -0.2436880E-0015  -0.2696614E-0015  -0.7700231E-0001  -0.9191612E+0002
     3.72800  -0.8301397E-0015  -0.1027454E-0014   0.4617365E+0002  -0.2447993E-0015  -0.2768612E-0015  -0.7725173E-0001  -0.9191610E+0002
     3.73200  -0.8342461E-0015  -0.1027454E-0014   0.4617691E+0002  -0.2459174E-0015  -0.2787077E-0015  -0.7750741E-0001  -0.9191608E+0002
     3.73600  -0.8369837E-0015  -0.6849989E-0015   0.4618017E+0002  -0.2470558E-0015  -0.2845692E-0015  -0.7776938E-0001  -0.9191606E+0002
     3.74000  -0.8369837E-0015  -0.8809143E-0019   0.4618343E+0002  -0.2482145E-0015  -0.2890923E-0015  -0.7803769E-0001  -0.9191604E+0002
     3.74400  -0.8424657E-0015  -0.1369908E-0014   0.4618669E+0002  -0.2493868E-0015  -0.2929480E-0015  -0.7831236E-0001  -0.9191602E+0002
     3.74800  -0.8438346E-0015  -0.3425418E-0015   0.4618996E+0002  -0.2505795E-0015  -0.2988129E-0015  -0.7859340E-0001  -0.9191600E+0002
     3.75200  -0.8424657E-0015   0.3423673E-0015   0.4619322E+0002  -0.2517856E-0015  -0.3013303E-0015  -0.7888084E-0001  -0.9191599E+0002
     3.75600  -0.8438346E-0015  -0.3425418E-0015   0.4619648E+0002  -0.2530121E-0015  -0.3058551E-0015  -0.7917468E-0001  -0.9191597E+0002
     3.76000  -0.8479410E-0015  -0.1027453E-0014   0.4619973E+0002  -0.2542590E-0015  -0.3110474E-0015  -0.7947491E-0001  -0.9191595E+0002
     3.76400  -0.8493098E-0015  -0.3425418E-0015   0.4620299E+0002  -0.2555126E-0015  -0.3135648E-0015  -0.7978154E-0001  -0.9191594E+0002
     3.76800  -0.8493165E-0015  -0.8555033E-0019   0.4620624E+0002  -0.2567797E-0015  -0.3174205E-0015  -0.8009455E-0001  -0.9191592E+0002
     3.77200  -0.8520542E-0015  -0.6849964E-0015   0.4620949E+0002  -0.2580604E-0015  -0.3212762E-0015  -0.8041391E-0001  -0.9191591E+0002
     3.77600  -0.8534230E-0015  -0.3425410E-0015   0.4621273E+0002  -0.2593683E-0015  -0.3264694E-0015  -0.8073961E-0001  -0.9191590E+0002
     3.78000  -0.8547918E-0015  -0.3425401E-0015   0.4621597E+0002  -0.2606964E-0015  -0.3309934E-0015  -0.8107161E-0001  -0.9191589E+0002
     3.78400  -0.8561606E-0015  -0.3425401E-0015   0.4621921E+0002  -0.2620381E-0015  -0.3341799E-0015  -0.8140987E-0001  -0.9191588E+0002
     3.78800  -0.8588982E-0015  -0.6849947E-0015   0.4622244E+0002  -0.2634001E-0015  -0.3400414E-0015  -0.8175434E-0001  -0.9191587E+0002
     3.79200  -0.8643802E-0015  -0.1369906E-0014   0.4622567E+0002  -0.2647689E-0015  -0.3425588E-0015  -0.8210497E-0001  -0.9191587E+0002
     3.79600  -0.8657558E-0015  -0.3425393E-0015   0.4622889E+0002  -0.2661649E-0015  -0.3490894E-0015  -0.8246169E-0001  -0.9191586E+0002
     3.80000  -0.8671246E-0015  -0.3425384E-0015   0.4623211E+0002  -0.2675743E-0015  -0.3509385E-0015  -0.8282444E-0001  -0.9191586E+0002
     3.80400  -0.8671246E-0015  -0.8300923E-0019   0.4623532E+0002  -0.2689906E-0015  -0.3554633E-0015  -0.8319312E-0001  -0.9191586E+0002
     3.80800  -0.8698690E-0015  -0.6849939E-0015   0.4623853E+0002  -0.2704339E-0015  -0.3599873E-0015  -0.8356765E-0001  -0.9191586E+0002
     3.81200  -0.8739821E-0015  -0.1027449E-0014   0.4624174E+0002  -0.2718840E-0015  -0.3631736E-0015  -0.8394794E-0001  -0.9191587E+0002
     3.81600  -0.8753510E-0015  -0.3425384E-0015   0.4624494E+0002  -0.2733612E-0015  -0.3697047E-0015  -0.8433388E-0001  -0.9191587E+0002
     3.82000  -0.8767198E-0015  -0.3425384E-0015   0.4624814E+0002  -0.2748588E-0015  -0.3735602E-0015  -0.8472536E-0001  -0.9191588E+0002
     3.82400  -0.8794574E-0015  -0.6849922E-0015   0.4625134E+0002  -0.2763699E-0015  -0.3774151E-0015  -0.8512226E-0001  -0.9191590E+0002
     3.82800  -0.8808262E-0015  -0.3425401E-0015   0.4625453E+0002  -0.2778946E-0015  -0.3812707E-0015  -0.8552446E-0001  -0.9191591E+0002
     3.83200  -0.8794574E-0015   0.3423707E-0015   0.4625773E+0002  -0.2794260E-0015  -0.3831195E-0015  -0.8593181E-0001  -0.9191592E+0002
     3.83600  -0.8808262E-0015  -0.3425401E-0015   0.4626092E+0002  -0.2809778E-0015  -0.3876435E-0015  -0.8634420E-0001  -0.9191594E+0002
     3.84000  -0.8808262E-0015  -0.8470329E-0019   0.4626410E+0002  -0.2825499E-0015  -0.3935055E-0015  -0.8676147E-0001  -0.9191596E+0002
     3.84400  -0.8808262E-0015  -0.8470329E-0019   0.4626729E+0002  -0.2841220E-0015  -0.3933477E-0015  -0.8718349E-0001  -0.9191598E+0002
     3.84800  -0.8821950E-0015  -0.3425401E-0015   0.4627048E+0002  -0.2857279E-0015  -0.4018849E-0015  -0.8761012E-0001  -0.9191601E+0002
     3.85200  -0.8835638E-0015  -0.3425401E-0015   0.4627367E+0002  -0.2873475E-0015  -0.4044023E-0015  -0.8804121E-0001  -0.9191603E+0002
     3.85600  -0.8863082E-0015  -0.6849955E-0015   0.4627685E+0002  -0.2889805E-0015  -0.4089263E-0015  -0.8847664E-0001  -0.9191606E+0002
     3.86000  -0.8904146E-0015  -0.1027451E-0014   0.4628004E+0002  -0.2906339E-0015  -0.4121137E-0015  -0.8891627E-0001  -0.9191608E+0002
     3.86400  -0.8958966E-0015  -0.1369906E-0014   0.4628324E+0002  -0.2923009E-0015  -0.4159694E-0015  -0.8935998E-0001  -0.9191611E+0002
     3.86800  -0.8986342E-0015  -0.6849955E-0015   0.4628643E+0002  -0.2939882E-0015  -0.4211634E-0015  -0.8980767E-0001  -0.9191614E+0002
     3.87200  -0.9000030E-0015  -0.3425401E-0015   0.4628963E+0002  -0.2956958E-0015  -0.4270249E-0015  -0.9025923E-0001  -0.9191616E+0002
     3.87600  -0.9013718E-0015  -0.3425401E-0015   0.4629283E+0002  -0.2974170E-0015  -0.4302114E-0015  -0.9071458E-0001  -0.9191619E+0002
     3.88000  -0.9027406E-0015  -0.3425401E-0015   0.4629604E+0002  -0.2991449E-0015  -0.4333963E-0015  -0.9117367E-0001  -0.9191622E+0002
     3.88400  -0.9041094E-0015  -0.3425401E-0015   0.4629926E+0002  -0.3008932E-0015  -0.4379194E-0015  -0.9163642E-0001  -0.9191625E+0002
     3.88800  -0.9054782E-0015  -0.3425401E-0015   0.4630248E+0002  -0.3026550E-0015  -0.4404368E-0015  -0.9210283E-0001  -0.9191628E+0002
     3.89200  -0.9068470E-0015  -0.3425401E-0015   0.4630571E+0002  -0.3044440E-0015  -0.4469691E-0015  -0.9257287E-0001  -0.9191631E+0002
     3.89600  -0.9068470E-0015  -0.8470329E-0019   0.4630895E+0002  -0.3062397E-0015  -0.4488190E-0015  -0.9304653E-0001  -0.9191634E+0002
     3.90000  -0.9068470E-0015  -0.8470329E-0019   0.4631220E+0002  -0.3080625E-0015  -0.4553514E-0015  -0.9352385E-0001  -0.9191637E+0002
     3.90400  -0.9095846E-0015  -0.6849922E-0015   0.4631546E+0002  -0.3098989E-0015  -0.4585430E-0015  -0.9400485E-0001  -0.9191640E+0002
     3.90800  -0.9109534E-0015  -0.3425367E-0015   0.4631873E+0002  -0.3117556E-0015  -0.4630627E-0015  -0.9448957E-0001  -0.9191643E+0002
     3.91200  -0.9109534E-0015  -0.8131516E-0019   0.4632201E+0002  -0.3136190E-0015  -0.4669184E-0015  -0.9497806E-0001  -0.9191646E+0002
     3.91600  -0.9150599E-0015  -0.1027448E-0014   0.4632531E+0002  -0.3155028E-0015  -0.4721158E-0015  -0.9547039E-0001  -0.9191649E+0002
     3.92000  -0.9164287E-0015  -0.3425367E-0015   0.4632862E+0002  -0.3174070E-0015  -0.4759715E-0015  -0.9596661E-0001  -0.9191651E+0002
     3.92400  -0.9177975E-0015  -0.3425367E-0015   0.4633194E+0002  -0.3193246E-0015  -0.4804981E-0015  -0.9646678E-0001  -0.9191654E+0002
     3.92800  -0.9205351E-0015  -0.6849922E-0015   0.4633528E+0002  -0.3212559E-0015  -0.4830188E-0015  -0.9697097E-0001  -0.9191657E+0002
     3.93200  -0.9232727E-0015  -0.6849922E-0015   0.4633863E+0002  -0.3232142E-0015  -0.4888803E-0015  -0.9747924E-0001  -0.9191660E+0002
     3.93600  -0.9246415E-0015  -0.3425367E-0015   0.4634200E+0002  -0.3251929E-0015  -0.4940709E-0015  -0.9799166E-0001  -0.9191663E+0002
     3.94000  -0.9287547E-0015  -0.1027448E-0014   0.4634538E+0002  -0.3271851E-0015  -0.4972558E-0015  -0.9850828E-0001  -0.9191666E+0002
     3.94400  -0.9314923E-0015  -0.6849922E-0015   0.4634878E+0002  -0.3291909E-0015  -0.5017823E-0015  -0.9902915E-0001  -0.9191669E+0002
     3.94800  -0.9356055E-0015  -0.1027448E-0014   0.4635220E+0002  -0.3312170E-0015  -0.5056380E-0015  -0.9955434E-0001  -0.9191673E+0002
     3.95200  -0.9383499E-0015  -0.6849922E-0015   0.4635564E+0002  -0.3332566E-0015  -0.5101578E-0015  -0.1000839E+0000  -0.9191676E+0002
     3.95600  -0.9424631E-0015  -0.1027448E-0014   0.4635910E+0002  -0.3353099E-0015  -0.5126785E-0015  -0.1006179E+0000  -0.9191679E+0002
     3.96000  -0.9465695E-0015  -0.1027448E-0014   0.4636258E+0002  -0.3373834E-0015  -0.5171915E-0015  -0.1011563E+0000  -0.9191682E+0002
     3.96400  -0.9506759E-0015  -0.1027448E-0014   0.4636609E+0002  -0.3394840E-0015  -0.5257296E-0015  -0.1016992E+0000  -0.9191686E+0002
     3.96800  -0.9520447E-0015  -0.3425367E-0015   0.4636962E+0002  -0.3415982E-0015  -0.5289145E-0015  -0.1022468E+0000  -0.9191689E+0002
     3.97200  -0.9547891E-0015  -0.6849922E-0015   0.4637317E+0002  -0.3437395E-0015  -0.5347692E-0015  -0.1027989E+0000  -0.9191693E+0002
     3.97600  -0.9561579E-0015  -0.3425367E-0015   0.4637675E+0002  -0.3458876E-0015  -0.5379540E-0015  -0.1033558E+0000  -0.9191697E+0002
     3.98000  -0.9575267E-0015  -0.3425367E-0015   0.4638036E+0002  -0.3480560E-0015  -0.5411389E-0015  -0.1039174E+0000  -0.9191700E+0002
     3.98400  -0.9616399E-0015  -0.1027448E-0014   0.4638399E+0002  -0.3502515E-0015  -0.5490129E-0015  -0.1044839E+0000  -0.9191704E+0002
     3.98800  -0.9657531E-0015  -0.1027448E-0014   0.4638766E+0002  -0.3524606E-0015  -0.5521977E-0015  -0.1050553E+0000  -0.9191708E+0002
     3.99200  -0.9712283E-0015  -0.1369903E-0014   0.4639136E+0002  -0.3546900E-0015  -0.5567243E-0015  -0.1056317E+0000  -0.9191712E+0002
     3.99600  -0.9753415E-0015  -0.1027448E-0014   0.4639509E+0002  -0.3569261E-0015  -0.5592450E-0015  -0.1062132E+0000  -0.9191716E+0002
     4.00000  -0.9767103E-0015  -0.3425367E-0015   0.4639886E+0002  -0.3592030E-0015  -0.5684472E-0015  -0.1067999E+0000  -0.9191720E+0002
     4.00400  -0.9794547E-0015  -0.6849922E-0015   0.4640266E+0002  -0.3614866E-0015  -0.5709544E-0015  -0.1073920E+0000  -0.9191725E+0002
     4.00800  -0.9821923E-0015  -0.6849922E-0015   0.4640649E+0002  -0.3637837E-0015  -0.5748169E-0015  -0.1079895E+0000  -0.9191729E+0002
     4.01200  -0.9862987E-0015  -0.1027444E-0014   0.4641036E+0002  -0.3660944E-0015  -0.5786658E-0015  -0.1085926E+0000  -0.9191733E+0002
     4.01600  -0.9890363E-0015  -0.6849888E-0015   0.4641427E+0002  -0.3684458E-0015  -0.5878680E-0015  -0.1092015E+0000  -0.9191738E+0002
     4.02000  -0.9931427E-0015  -0.1027444E-0014   0.4641822E+0002  -0.3708107E-0015  -0.5903887E-0015  -0.1098162E+0000  -0.9191742E+0002
     4.02400  -0.9986247E-0015  -0.1369900E-0014   0.4642220E+0002  -0.3731892E-0015  -0.5955794E-0015  -0.1104370E+0000  -0.9191747E+0002
     4.02800  -0.1002731E-0014  -0.1027444E-0014   0.4642623E+0002  -0.3756015E-0015  -0.6034398E-0015  -0.1110639E+0000  -0.9191751E+0002
     4.03200  -0.1004100E-0014  -0.3425350E-0015   0.4643030E+0002  -0.3780342E-0015  -0.6086304E-0015  -0.1116972E+0000  -0.9191756E+0002
     4.03600  -0.1009575E-0014  -0.1369901E-0014   0.4643441E+0002  -0.3804940E-0015  -0.6151492E-0015  -0.1123370E+0000  -0.9191761E+0002
     4.04000  -0.1013682E-0014  -0.1027446E-0014   0.4643856E+0002  -0.3829673E-0015  -0.6189981E-0015  -0.1129835E+0000  -0.9191766E+0002
     4.04400  -0.1016426E-0014  -0.6849905E-0015   0.4644275E+0002  -0.3854610E-0015  -0.6241887E-0015  -0.1136369E+0000  -0.9191770E+0002
     4.04800  -0.1021908E-0014  -0.1369900E-0014   0.4644699E+0002  -0.3879750E-0015  -0.6293861E-0015  -0.1142973E+0000  -0.9191775E+0002
     4.05200  -0.1023277E-0014  -0.3425350E-0015   0.4645127E+0002  -0.3905025E-0015  -0.6319069E-0015  -0.1149650E+0000  -0.9191780E+0002
     4.05600  -0.1026021E-0014  -0.6849905E-0015   0.4645560E+0002  -0.3930572E-0015  -0.6384392E-0015  -0.1156402E+0000  -0.9191786E+0002
     4.06000  -0.1028759E-0014  -0.6849905E-0015   0.4645998E+0002  -0.3956321E-0015  -0.6436366E-0015  -0.1163231E+0000  -0.9191791E+0002
     4.06400  -0.1030128E-0014  -0.3425350E-0015   0.4646440E+0002  -0.3982207E-0015  -0.6474855E-0015  -0.1170139E+0000  -0.9191796E+0002
     4.06800  -0.1032872E-0014  -0.6849905E-0015   0.4646887E+0002  -0.4008363E-0015  -0.6540179E-0015  -0.1177128E+0000  -0.9191801E+0002
     4.07200  -0.1036985E-0014  -0.1027446E-0014   0.4647339E+0002  -0.4034858E-0015  -0.6618851E-0015  -0.1184202E+0000  -0.9191807E+0002
     4.07600  -0.1038354E-0014  -0.3425355E-0015   0.4647796E+0002  -0.4061557E-0015  -0.6684174E-0015  -0.1191361E+0000  -0.9191812E+0002
     4.08000  -0.1042460E-0014  -0.1027446E-0014   0.4648257E+0002  -0.4088391E-0015  -0.6709382E-0015  -0.1198609E+0000  -0.9191818E+0002
     4.08400  -0.1049311E-0014  -0.1712356E-0014   0.4648724E+0002  -0.4115428E-0015  -0.6761288E-0015  -0.1205948E+0000  -0.9191824E+0002
     4.08800  -0.1050680E-0014  -0.3425353E-0015   0.4649196E+0002  -0.4142737E-0015  -0.6826611E-0015  -0.1213380E+0000  -0.9191830E+0002
     4.09200  -0.1054786E-0014  -0.1027445E-0014   0.4649673E+0002  -0.4170384E-0015  -0.6918667E-0015  -0.1220907E+0000  -0.9191836E+0002
     4.09600  -0.1056155E-0014  -0.3425346E-0015   0.4650156E+0002  -0.4198302E-0015  -0.6983956E-0015  -0.1228532E+0000  -0.9191842E+0002
     4.10000  -0.1057531E-0014  -0.3425350E-0015   0.4650643E+0002  -0.4226356E-0015  -0.7009130E-0015  -0.1236258E+0000  -0.9191848E+0002
     4.10400  -0.1061637E-0014  -0.1027446E-0014   0.4651136E+0002  -0.4254748E-0015  -0.7101185E-0015  -0.1244085E+0000  -0.9191854E+0002
     4.10800  -0.1063006E-0014  -0.3425350E-0015   0.4651635E+0002  -0.4283412E-0015  -0.7166509E-0015  -0.1252017E+0000  -0.9191861E+0002
     4.11200  -0.1067119E-0014  -0.1027446E-0014   0.4652139E+0002  -0.4312143E-0015  -0.7191682E-0015  -0.1260055E+0000  -0.9191867E+0002
     4.11600  -0.1068488E-0014  -0.3425350E-0015   0.4652649E+0002  -0.4341213E-0015  -0.7270389E-0015  -0.1268201E+0000  -0.9191874E+0002
     4.12000  -0.1069857E-0014  -0.3425350E-0015   0.4653165E+0002  -0.4370622E-0015  -0.7349078E-0015  -0.1276458E+0000  -0.9191881E+0002
     4.12400  -0.1072601E-0014  -0.6849888E-0015   0.4653688E+0002  -0.4400235E-0015  -0.7401001E-0015  -0.1284826E+0000  -0.9191887E+0002
     4.12800  -0.1076708E-0014  -0.1027444E-0014   0.4654216E+0002  -0.4430118E-0015  -0.7466307E-0015  -0.1293308E+0000  -0.9191895E+0002
     4.13200  -0.1078076E-0014  -0.3425333E-0015   0.4654750E+0002  -0.4460272E-0015  -0.7544997E-0015  -0.1301906E+0000  -0.9191902E+0002
     4.13600  -0.1080821E-0014  -0.6849888E-0015   0.4655291E+0002  -0.4490765E-0015  -0.7623678E-0015  -0.1310621E+0000  -0.9191909E+0002
     4.14000  -0.1086296E-0014  -0.1369896E-0014   0.4655839E+0002  -0.4521530E-0015  -0.7688984E-0015  -0.1319455E+0000  -0.9191917E+0002
     4.14400  -0.1089034E-0014  -0.6849854E-0015   0.4656394E+0002  -0.4552633E-0015  -0.7767665E-0015  -0.1328411E+0000  -0.9191924E+0002
     4.14800  -0.1094516E-0014  -0.1369896E-0014   0.4656956E+0002  -0.4584210E-0015  -0.7886478E-0015  -0.1337489E+0000  -0.9191932E+0002
     4.15200  -0.1098622E-0014  -0.1027444E-0014   0.4657524E+0002  -0.4615923E-0015  -0.7925029E-0015  -0.1346691E+0000  -0.9191940E+0002
     4.15600  -0.1099991E-0014  -0.3425333E-0015   0.4658100E+0002  -0.4647975E-0015  -0.8017086E-0015  -0.1356020E+0000  -0.9191948E+0002
     4.16000  -0.1102728E-0014  -0.6849854E-0015   0.4658684E+0002  -0.4680365E-0015  -0.8095763E-0015  -0.1365476E+0000  -0.9191956E+0002
     4.16400  -0.1106842E-0014  -0.1027444E-0014   0.4659275E+0002  -0.4712891E-0015  -0.8120937E-0015  -0.1375063E+0000  -0.9191965E+0002
     4.16800  -0.1112324E-0014  -0.1369903E-0014   0.4659875E+0002  -0.4745688E-0015  -0.8199618E-0015  -0.1384782E+0000  -0.9191973E+0002
     4.17200  -0.1113699E-0014  -0.3425401E-0015   0.4660482E+0002  -0.4778824E-0015  -0.8291690E-0015  -0.1394635E+0000  -0.9191982E+0002
     4.17600  -0.1116444E-0014  -0.6849922E-0015   0.4661097E+0002  -0.4812367E-0015  -0.8383746E-0015  -0.1404623E+0000  -0.9191991E+0002
     4.18000  -0.1119181E-0014  -0.6849989E-0015   0.4661721E+0002  -0.4846180E-0015  -0.8462435E-0015  -0.1414749E+0000  -0.9192000E+0002
     4.18400  -0.1121919E-0014  -0.6849989E-0015   0.4662353E+0002  -0.4880130E-0015  -0.8487609E-0015  -0.1425015E+0000  -0.9192009E+0002
     4.18800  -0.1126025E-0014  -0.1027444E-0014   0.4662994E+0002  -0.4914485E-0015  -0.8593048E-0015  -0.1435422E+0000  -0.9192018E+0002
     4.19200  -0.1126025E-0014  -0.8131516E-0019   0.4663643E+0002  -0.4949180E-0015  -0.8671720E-0015  -0.1445973E+0000  -0.9192027E+0002
     4.19600  -0.1127401E-0014  -0.3425401E-0015   0.4664302E+0002  -0.4984213E-0015  -0.8750392E-0015  -0.1456668E+0000  -0.9192036E+0002
     4.20000  -0.1127401E-0014  -0.9486769E-0019   0.4664970E+0002  -0.5019585E-0015  -0.8829099E-0015  -0.1467511E+0000  -0.9192046E+0002
     4.20400  -0.1128770E-0014  -0.3425537E-0015   0.4665647E+0002  -0.5055296E-0015  -0.8934537E-0015  -0.1478503E+0000  -0.9192056E+0002
     4.20800  -0.1131514E-0014  -0.6849989E-0015   0.4666334E+0002  -0.5091278E-0015  -0.8999861E-0015  -0.1489646E+0000  -0.9192065E+0002
     4.21200  -0.1134252E-0014  -0.6849989E-0015   0.4667030E+0002  -0.5127666E-0015  -0.9105299E-0015  -0.1500940E+0000  -0.9192075E+0002
     4.21600  -0.1131514E-0014   0.6848227E-0015   0.4667736E+0002  -0.5164326E-0015  -0.9170622E-0015  -0.1512388E+0000  -0.9192085E+0002
     4.22000  -0.1130145E-0014   0.3423639E-0015   0.4668452E+0002  -0.5201460E-0015  -0.9276061E-0015  -0.1523992E+0000  -0.9192095E+0002
     4.22400  -0.1132883E-0014  -0.6850125E-0015   0.4669178E+0002  -0.5238933E-0015  -0.9381500E-0015  -0.1535753E+0000  -0.9192106E+0002
     4.22800  -0.1132883E-0014  -0.1084202E-0018   0.4669914E+0002  -0.5276812E-0015  -0.9473555E-0015  -0.1547672E+0000  -0.9192116E+0002
     4.23200  -0.1134252E-0014  -0.3425672E-0015   0.4670660E+0002  -0.5315166E-0015  -0.9578994E-0015  -0.1559752E+0000  -0.9192127E+0002
     4.23600  -0.1135620E-0014  -0.3425672E-0015   0.4671417E+0002  -0.5353926E-0015  -0.9684433E-0015  -0.1571993E+0000  -0.9192137E+0002
     4.24000  -0.1136989E-0014  -0.3425537E-0015   0.4672184E+0002  -0.5393025E-0015  -0.9776454E-0015  -0.1584398E+0000  -0.9192148E+0002
     4.24400  -0.1136989E-0014  -0.1084202E-0018   0.4672961E+0002  -0.5432395E-0015  -0.9828428E-0015  -0.1596968E+0000  -0.9192159E+0002
     4.24800  -0.1135620E-0014   0.3423368E-0015   0.4673749E+0002  -0.5472172E-0015  -0.9933867E-0015  -0.1609705E+0000  -0.9192170E+0002
     4.25200  -0.1135620E-0014  -0.1084202E-0018   0.4674547E+0002  -0.5512626E-0015  -0.1010626E-0014  -0.1622611E+0000  -0.9192181E+0002
     4.25600  -0.1138358E-0014  -0.6850260E-0015   0.4675356E+0002  -0.5553351E-0015  -0.1017158E-0014  -0.1635686E+0000  -0.9192192E+0002
     4.26000  -0.1141102E-0014  -0.6850260E-0015   0.4676175E+0002  -0.5594415E-0015  -0.1027702E-0014  -0.1648933E+0000  -0.9192203E+0002
     4.26400  -0.1143847E-0014  -0.6850260E-0015   0.4677005E+0002  -0.5635954E-0015  -0.1038246E-0014  -0.1662352E+0000  -0.9192214E+0002
     4.26800  -0.1142478E-0014   0.3423368E-0015   0.4677845E+0002  -0.5677899E-0015  -0.1048789E-0014  -0.1675946E+0000  -0.9192225E+0002
     4.27200  -0.1145216E-0014  -0.6850531E-0015   0.4678695E+0002  -0.5720183E-0015  -0.1057998E-0014  -0.1689713E+0000  -0.9192236E+0002
     4.27600  -0.1146584E-0014  -0.3426079E-0015   0.4679556E+0002  -0.5762941E-0015  -0.1068542E-0014  -0.1703657E+0000  -0.9192247E+0002
     4.28000  -0.1146591E-0014  -0.1626303E-0018   0.4680428E+0002  -0.5806309E-0015  -0.1084433E-0014  -0.1717776E+0000  -0.9192259E+0002
     4.28400  -0.1146591E-0014  -0.1626303E-0018   0.4681309E+0002  -0.5850084E-0015  -0.1094976E-0014  -0.1732071E+0000  -0.9192270E+0002
     4.28800  -0.1147967E-0014  -0.3426350E-0015   0.4682200E+0002  -0.5894401E-0015  -0.1108197E-0014  -0.1746542E+0000  -0.9192282E+0002
     4.29200  -0.1149336E-0014  -0.3426350E-0015   0.4683101E+0002  -0.5938853E-0015  -0.1112053E-0014  -0.1761189E+0000  -0.9192294E+0002
     4.29600  -0.1147967E-0014   0.3422555E-0015   0.4684011E+0002  -0.5983847E-0015  -0.1123931E-0014  -0.1776010E+0000  -0.9192306E+0002
     4.30000  -0.1150704E-0014  -0.6851345E-0015   0.4684931E+0002  -0.6029316E-0015  -0.1137152E-0014  -0.1791006E+0000  -0.9192318E+0002
     4.30400  -0.1152073E-0014  -0.3426892E-0015   0.4685861E+0002  -0.6075395E-0015  -0.1151707E-0014  -0.1806173E+0000  -0.9192330E+0002
     4.30800  -0.1152073E-0014  -0.2168404E-0018   0.4686799E+0002  -0.6121880E-0015  -0.1162251E-0014  -0.1821510E+0000  -0.9192343E+0002
     4.31200  -0.1154811E-0014  -0.6851345E-0015   0.4687746E+0002  -0.6168907E-0015  -0.1176807E-0014  -0.1837015E+0000  -0.9192355E+0002
     4.31600  -0.1154811E-0014  -0.2168404E-0018   0.4688701E+0002  -0.6216341E-0015  -0.1186009E-0014  -0.1852684E+0000  -0.9192368E+0002
     4.32000  -0.1153442E-0014   0.3422284E-0015   0.4689665E+0002  -0.6264317E-0015  -0.1199222E-0014  -0.1868514E+0000  -0.9192382E+0002
     4.32400  -0.1156183E-0014  -0.6851345E-0015   0.4690637E+0002  -0.6312767E-0015  -0.1211108E-0014  -0.1884501E+0000  -0.9192395E+0002
     4.32800  -0.1156183E-0014  -0.2168404E-0018   0.4691616E+0002  -0.6361963E-0015  -0.1229675E-0014  -0.1900641E+0000  -0.9192409E+0002
     4.33200  -0.1154814E-0014   0.3422555E-0015   0.4692603E+0002  -0.6411565E-0015  -0.1240219E-0014  -0.1916928E+0000  -0.9192423E+0002
     4.33600  -0.1157555E-0014  -0.6851074E-0015   0.4693598E+0002  -0.6461506E-0015  -0.1248079E-0014  -0.1933359E+0000  -0.9192438E+0002
     4.34000  -0.1161665E-0014  -0.1027580E-0014   0.4694600E+0002  -0.6511922E-0015  -0.1259965E-0014  -0.1949927E+0000  -0.9192452E+0002
     4.34400  -0.1160296E-0014   0.3422284E-0015   0.4695608E+0002  -0.6562947E-0015  -0.1275848E-0014  -0.1966627E+0000  -0.9192467E+0002
     4.34800  -0.1160296E-0014  -0.2439455E-0018   0.4696624E+0002  -0.6614446E-0015  -0.1287734E-0014  -0.1983454E+0000  -0.9192482E+0002
     4.35200  -0.1163037E-0014  -0.6851616E-0015   0.4697647E+0002  -0.6666420E-0015  -0.1299620E-0014  -0.2000400E+0000  -0.9192498E+0002
     4.35600  -0.1165778E-0014  -0.6851616E-0015   0.4698676E+0002  -0.6719072E-0015  -0.1316845E-0014  -0.2017462E+0000  -0.9192514E+0002
     4.36000  -0.1168519E-0014  -0.6851616E-0015   0.4699712E+0002  -0.6771995E-0015  -0.1323377E-0014  -0.2034631E+0000  -0.9192530E+0002
     4.36400  -0.1169891E-0014  -0.3427163E-0015   0.4700754E+0002  -0.6825595E-0015  -0.1340616E-0014  -0.2051902E+0000  -0.9192546E+0002
     4.36800  -0.1171260E-0014  -0.3427163E-0015   0.4701803E+0002  -0.6879805E-0015  -0.1355171E-0014  -0.2069268E+0000  -0.9192563E+0002
     4.37200  -0.1172629E-0014  -0.3427163E-0015   0.4702857E+0002  -0.6934489E-0015  -0.1367057E-0014  -0.2086721E+0000  -0.9192580E+0002
     4.37600  -0.1175370E-0014  -0.6852158E-0015   0.4703919E+0002  -0.6989648E-0015  -0.1378943E-0014  -0.2104256E+0000  -0.9192598E+0002
     4.38000  -0.1176742E-0014  -0.3427163E-0015   0.4704986E+0002  -0.7045417E-0015  -0.1394840E-0014  -0.2121863E+0000  -0.9192615E+0002
     4.38400  -0.1178113E-0014  -0.3427163E-0015   0.4706059E+0002  -0.7101863E-0015  -0.1410723E-0014  -0.2139536E+0000  -0.9192633E+0002
     4.38800  -0.1180854E-0014  -0.6851616E-0015   0.4707139E+0002  -0.7158648E-0015  -0.1419925E-0014  -0.2157267E+0000  -0.9192652E+0002
     4.39200  -0.1180855E-0014  -0.2710505E-0018   0.4708224E+0002  -0.7216043E-0015  -0.1434481E-0014  -0.2175047E+0000  -0.9192670E+0002
     4.39600  -0.1183596E-0014  -0.6851616E-0015   0.4709315E+0002  -0.7274116E-0015  -0.1451706E-0014  -0.2192867E+0000  -0.9192689E+0002
     4.40000  -0.1184967E-0014  -0.3427163E-0015   0.4710411E+0002  -0.7332730E-0015  -0.1466261E-0014  -0.2210719E+0000  -0.9192709E+0002
     4.40400  -0.1187708E-0014  -0.6852158E-0015   0.4711513E+0002  -0.7392090E-0015  -0.1483487E-0014  -0.2228593E+0000  -0.9192728E+0002
     4.40800  -0.1189078E-0014  -0.3427705E-0015   0.4712621E+0002  -0.7451789E-0015  -0.1492702E-0014  -0.2246481E+0000  -0.9192748E+0002
     4.41200  -0.1189080E-0014  -0.2710505E-0018   0.4713733E+0002  -0.7512301E-0015  -0.1512611E-0014  -0.2264372E+0000  -0.9192769E+0002
     4.41600  -0.1189081E-0014  -0.2710505E-0018   0.4714851E+0002  -0.7573389E-0015  -0.1527180E-0014  -0.2282259E+0000  -0.9192789E+0002
     4.42000  -0.1190451E-0014  -0.3427163E-0015   0.4715974E+0002  -0.7634952E-0015  -0.1539052E-0014  -0.2300130E+0000  -0.9192811E+0002
     4.42400  -0.1193192E-0014  -0.6851616E-0015   0.4717101E+0002  -0.7696988E-0015  -0.1550951E-0014  -0.2317978E+0000  -0.9192832E+0002
     4.42800  -0.1195933E-0014  -0.6851616E-0015   0.4718234E+0002  -0.7759703E-0015  -0.1568190E-0014  -0.2335793E+0000  -0.9192854E+0002
     4.43200  -0.1194564E-0014   0.3421742E-0015   0.4719370E+0002  -0.7822925E-0015  -0.1580062E-0014  -0.2353567E+0000  -0.9192876E+0002
     4.43600  -0.1194565E-0014  -0.2710505E-0018   0.4720512E+0002  -0.7886622E-0015  -0.1591961E-0014  -0.2371291E+0000  -0.9192899E+0002
     4.44000  -0.1198676E-0014  -0.1027661E-0014   0.4721658E+0002  -0.7951064E-0015  -0.1611856E-0014  -0.2388959E+0000  -0.9192922E+0002
     4.44400  -0.1201417E-0014  -0.6852158E-0015   0.4722808E+0002  -0.8015778E-0015  -0.1618389E-0014  -0.2406563E+0000  -0.9192945E+0002
     4.44800  -0.1204157E-0014  -0.6852158E-0015   0.4723962E+0002  -0.8081406E-0015  -0.1640994E-0014  -0.2424098E+0000  -0.9192969E+0002
     4.45200  -0.1208267E-0014  -0.1027661E-0014   0.4725120E+0002  -0.8147712E-0015  -0.1658233E-0014  -0.2441556E+0000  -0.9192993E+0002
     4.45600  -0.1211007E-0014  -0.6851616E-0015   0.4726282E+0002  -0.8214221E-0015  -0.1662109E-0014  -0.2458934E+0000  -0.9193018E+0002
     4.46000  -0.1213749E-0014  -0.6851616E-0015   0.4727448E+0002  -0.8281373E-0015  -0.1679348E-0014  -0.2476227E+0000  -0.9193043E+0002
     4.46400  -0.1219229E-0014  -0.1370052E-0014   0.4728619E+0002  -0.8349441E-0015  -0.1701926E-0014  -0.2493431E+0000  -0.9193068E+0002
     4.46800  -0.1223339E-0014  -0.1027607E-0014   0.4729793E+0002  -0.8417983E-0015  -0.1713825E-0014  -0.2510542E+0000  -0.9193094E+0002
     4.47200  -0.1226080E-0014  -0.6851074E-0015   0.4730971E+0002  -0.8486999E-0015  -0.1725725E-0014  -0.2527557E+0000  -0.9193120E+0002
     4.47600  -0.1226080E-0014  -0.1626303E-0018   0.4732153E+0002  -0.8556524E-0015  -0.1737597E-0014  -0.2544475E+0000  -0.9193147E+0002
     4.48000  -0.1230190E-0014  -0.1027553E-0014   0.4733339E+0002  -0.8627132E-0015  -0.1765542E-0014  -0.2561292E+0000  -0.9193174E+0002
     4.48400  -0.1234300E-0014  -0.1027553E-0014   0.4734529E+0002  -0.8698249E-0015  -0.1777441E-0014  -0.2578005E+0000  -0.9193201E+0002
     4.48800  -0.1234300E-0014  -0.2168404E-0018   0.4735723E+0002  -0.8769942E-0015  -0.1791996E-0014  -0.2594612E+0000  -0.9193229E+0002
     4.49200  -0.1237041E-0014  -0.6851616E-0015   0.4736921E+0002  -0.8841974E-0015  -0.1801212E-0014  -0.2611110E+0000  -0.9193257E+0002
     4.49600  -0.1241151E-0014  -0.1027607E-0014   0.4738122E+0002  -0.8914717E-0015  -0.1818424E-0014  -0.2627493E+0000  -0.9193286E+0002
     4.50000  -0.1245260E-0014  -0.1027607E-0014   0.4739327E+0002  -0.8988273E-0015  -0.1838346E-0014  -0.2643757E+0000  -0.9193314E+0002
     4.50400  -0.1249370E-0014  -0.1027607E-0014   0.4740536E+0002  -0.9062490E-0015  -0.1855585E-0014  -0.2659895E+0000  -0.9193344E+0002
     4.50800  -0.1252111E-0014  -0.6851616E-0015   0.4741747E+0002  -0.9137503E-0015  -0.1875480E-0014  -0.2675900E+0000  -0.9193373E+0002
     4.51200  -0.1256221E-0014  -0.1027607E-0014   0.4742962E+0002  -0.9212889E-0015  -0.1884669E-0014  -0.2691763E+0000  -0.9193403E+0002
     4.51600  -0.1258962E-0014  -0.6851616E-0015   0.4744179E+0002  -0.9289292E-0015  -0.1909931E-0014  -0.2707477E+0000  -0.9193433E+0002
     4.52000  -0.1263072E-0014  -0.1027661E-0014   0.4745398E+0002  -0.9365948E-0015  -0.1916463E-0014  -0.2723031E+0000  -0.9193463E+0002
     4.52400  -0.1267182E-0014  -0.1027661E-0014   0.4746619E+0002  -0.9443181E-0015  -0.1931018E-0014  -0.2738415E+0000  -0.9193494E+0002
     4.52800  -0.1268550E-0014  -0.3427705E-0015   0.4747842E+0002  -0.9520989E-0015  -0.1945574E-0014  -0.2753621E+0000  -0.9193525E+0002
     4.53200  -0.1271295E-0014  -0.6852158E-0015   0.4749067E+0002  -0.9599712E-0015  -0.1968152E-0014  -0.2768636E+0000  -0.9193557E+0002
     4.53600  -0.1274039E-0014  -0.6852158E-0015   0.4750292E+0002  -0.9679020E-0015  -0.1982708E-0014  -0.2783452E+0000  -0.9193588E+0002
     4.54000  -0.1276784E-0014  -0.6852158E-0015   0.4751519E+0002  -0.9758904E-0015  -0.1997263E-0014  -0.2798058E+0000  -0.9193620E+0002
     4.54400  -0.1276784E-0014  -0.3252607E-0018   0.4752747E+0002  -0.9839270E-0015  -0.2009162E-0014  -0.2812444E+0000  -0.9193652E+0002
     4.54800  -0.1276784E-0014  -0.3252607E-0018   0.4753975E+0002  -0.9920323E-0015  -0.2026401E-0014  -0.2826601E+0000  -0.9193685E+0002
     4.55200  -0.1279521E-0014  -0.6852158E-0015   0.4755205E+0002  -0.1000218E-0014  -0.2046323E-0014  -0.2840517E+0000  -0.9193717E+0002
     4.55600  -0.1280890E-0014  -0.3427163E-0015   0.4756435E+0002  -0.1008461E-0014  -0.2060879E-0014  -0.2854184E+0000  -0.9193750E+0002
     4.56000  -0.1278152E-0014   0.6846195E-0015   0.4757667E+0002  -0.1016742E-0014  -0.2070094E-0014  -0.2867591E+0000  -0.9193782E+0002
     4.56400  -0.1278152E-0014  -0.2710505E-0018   0.4758899E+0002  -0.1025102E-0014  -0.2090017E-0014  -0.2880728E+0000  -0.9193815E+0002
     4.56800  -0.1276784E-0014   0.3421742E-0015   0.4760133E+0002  -0.1033531E-0014  -0.2107255E-0014  -0.2893582E+0000  -0.9193848E+0002
     4.57200  -0.1278152E-0014  -0.3427163E-0015   0.4761367E+0002  -0.1041986E-0014  -0.2113788E-0014  -0.2906142E+0000  -0.9193881E+0002
     4.57600  -0.1278159E-0014  -0.2710505E-0018   0.4762603E+0002  -0.1050521E-0014  -0.2133683E-0014  -0.2918391E+0000  -0.9193914E+0002
     4.58000  -0.1278159E-0014  -0.2710505E-0018   0.4763840E+0002  -0.1059124E-0014  -0.2150922E-0014  -0.2930314E+0000  -0.9193946E+0002
     4.58400  -0.1279528E-0014  -0.3427163E-0015   0.4765078E+0002  -0.1067754E-0014  -0.2157454E-0014  -0.2941891E+0000  -0.9193979E+0002
     4.58800  -0.1279528E-0014  -0.2710505E-0018   0.4766317E+0002  -0.1076506E-0014  -0.2188056E-0014  -0.2953103E+0000  -0.9194012E+0002
     4.59200  -0.1283641E-0014  -0.1027607E-0014   0.4767557E+0002  -0.1085306E-0014  -0.2199928E-0014  -0.2963927E+0000  -0.9194044E+0002
     4.59600  -0.1280904E-0014   0.6846737E-0015   0.4768799E+0002  -0.1094143E-0014  -0.2209143E-0014  -0.2974338E+0000  -0.9194076E+0002
     4.60000  -0.1280904E-0014  -0.2168404E-0018   0.4770041E+0002  -0.1103037E-0014  -0.2223699E-0014  -0.2984311E+0000  -0.9194108E+0002
     4.60400  -0.1279535E-0014   0.3421742E-0015   0.4771284E+0002  -0.1112000E-0014  -0.2240937E-0014  -0.2993820E+0000  -0.9194140E+0002
     4.60800  -0.1279548E-0014  -0.3252607E-0018   0.4772527E+0002  -0.1121065E-0014  -0.2266199E-0014  -0.3002836E+0000  -0.9194172E+0002
     4.61200  -0.1280917E-0014  -0.3428247E-0015   0.4773771E+0002  -0.1130167E-0014  -0.2275415E-0014  -0.3011332E+0000  -0.9194203E+0002
     4.61600  -0.1280917E-0014  -0.3252607E-0018   0.4775016E+0002  -0.1139337E-0014  -0.2292654E-0014  -0.3019280E+0000  -0.9194234E+0002
     4.62000  -0.1282299E-0014  -0.3428247E-0015   0.4776262E+0002  -0.1148544E-0014  -0.2301870E-0014  -0.3026652E+0000  -0.9194265E+0002
     4.62400  -0.1285037E-0014  -0.6852158E-0015   0.4777510E+0002  -0.1157842E-0014  -0.2324448E-0014  -0.3033422E+0000  -0.9194296E+0002
     4.62800  -0.1285037E-0014  -0.3252607E-0018   0.4778761E+0002  -0.1167186E-0014  -0.2336320E-0014  -0.3039566E+0000  -0.9194326E+0002
     4.63200  -0.1285037E-0014  -0.3252607E-0018   0.4780017E+0002  -0.1176624E-0014  -0.2358926E-0014  -0.3045063E+0000  -0.9194357E+0002
     4.63600  -0.1287788E-0014  -0.6852158E-0015   0.4781278E+0002  -0.1186087E-0014  -0.2365458E-0014  -0.3049892E+0000  -0.9194387E+0002
     4.64000  -0.1287788E-0014  -0.2168404E-0018   0.4782546E+0002  -0.1195648E-0014  -0.2390693E-0014  -0.3054040E+0000  -0.9194416E+0002
     4.64400  -0.1290526E-0014  -0.6851074E-0015   0.4783824E+0002  -0.1205270E-0014  -0.2405248E-0014  -0.3057493E+0000  -0.9194446E+0002
     4.64800  -0.1291895E-0014  -0.3426079E-0015   0.4785113E+0002  -0.1214950E-0014  -0.2419804E-0014  -0.3060243E+0000  -0.9194474E+0002
     4.65200  -0.1291895E-0014  -0.2168404E-0018   0.4786416E+0002  -0.1224718E-0014  -0.2442382E-0014  -0.3062284E+0000  -0.9194503E+0002
     4.65600  -0.1293263E-0014  -0.3426079E-0015   0.4787734E+0002  -0.1234547E-0014  -0.2456938E-0014  -0.3063610E+0000  -0.9194531E+0002
     4.66000  -0.1294646E-0014  -0.3426079E-0015   0.4789072E+0002  -0.1244434E-0014  -0.2471520E-0014  -0.3064220E+0000  -0.9194558E+0002
     4.66400  -0.1298766E-0014  -0.1027498E-0014   0.4790430E+0002  -0.1254388E-0014  -0.2488759E-0014  -0.3064108E+0000  -0.9194586E+0002
     4.66800  -0.1300135E-0014  -0.3426079E-0015   0.4791813E+0002  -0.1264424E-0014  -0.2508681E-0014  -0.3063272E+0000  -0.9194614E+0002
     4.67200  -0.1298766E-0014   0.3423910E-0015   0.4793224E+0002  -0.1274486E-0014  -0.2515214E-0014  -0.3061706E+0000  -0.9194642E+0002
     4.67600  -0.1301503E-0014  -0.6849989E-0015   0.4794664E+0002  -0.1284647E-0014  -0.2540475E-0014  -0.3059402E+0000  -0.9194670E+0002
     4.68000  -0.1301503E-0014   0.0000000E+0000   0.4796136E+0002  -0.1294890E-0014  -0.2560371E-0014  -0.3056353E+0000  -0.9194699E+0002
     4.68400  -0.1304241E-0014  -0.6848905E-0015   0.4797644E+0002  -0.1305180E-0014  -0.2572270E-0014  -0.3052546E+0000  -0.9194728E+0002
     4.68800  -0.1304227E-0014   0.1084202E-0018   0.4799188E+0002  -0.1315581E-0014  -0.2600188E-0014  -0.3047968E+0000  -0.9194757E+0002
     4.69200  -0.1306965E-0014  -0.6848905E-0015   0.4800773E+0002  -0.1326061E-0014  -0.2620083E-0014  -0.3042599E+0000  -0.9194786E+0002
     4.69600  -0.1309703E-0014  -0.6848905E-0015   0.4802399E+0002  -0.1336618E-0014  -0.2639978E-0014  -0.3036414E+0000  -0.9194815E+0002
     4.70000  -0.1311071E-0014  -0.3423910E-0015   0.4804069E+0002  -0.1347247E-0014  -0.2657217E-0014  -0.3029381E+0000  -0.9194842E+0002
     4.70400  -0.1315178E-0014  -0.1027282E-0014   0.4805785E+0002  -0.1357977E-0014  -0.2682479E-0014  -0.3021461E+0000  -0.9194869E+0002
     4.70800  -0.1316547E-0014  -0.3422826E-0015   0.4807550E+0002  -0.1368795E-0014  -0.2705057E-0014  -0.3012607E+0000  -0.9194896E+0002
     4.71200  -0.1319284E-0014  -0.6847821E-0015   0.4809364E+0002  -0.1379681E-0014  -0.2722296E-0014  -0.3002761E+0000  -0.9194922E+0002
     4.71600  -0.1319284E-0014   0.2168404E-0018   0.4811228E+0002  -0.1390665E-0014  -0.2747558E-0014  -0.2991862E+0000  -0.9194948E+0002
     4.72000  -0.1324760E-0014  -0.1369564E-0014   0.4813145E+0002  -0.1401758E-0014  -0.2772820E-0014  -0.2979836E+0000  -0.9194973E+0002
     4.72400  -0.1324760E-0014   0.3252607E-0018   0.4815115E+0002  -0.1412939E-0014  -0.2795398E-0014  -0.2966601E+0000  -0.9194998E+0002
     4.72800  -0.1327497E-0014  -0.6845653E-0015   0.4817140E+0002  -0.1424222E-0014  -0.2820660E-0014  -0.2952068E+0000  -0.9195021E+0002
     4.73200  -0.1328852E-0014  -0.3421742E-0015   0.4819221E+0002  -0.1435585E-0014  -0.2840583E-0014  -0.2936141E+0000  -0.9195044E+0002
     4.73600  -0.1328852E-0014   0.3252607E-0018   0.4821361E+0002  -0.1447098E-0014  -0.2879234E-0014  -0.2918723E+0000  -0.9195065E+0002
     4.74000  -0.1332972E-0014  -0.1027065E-0014   0.4823562E+0002  -0.1458713E-0014  -0.2904496E-0014  -0.2899715E+0000  -0.9195084E+0002
     4.74400  -0.1334328E-0014  -0.3421742E-0015   0.4825827E+0002  -0.1470442E-0014  -0.2932442E-0014  -0.2879026E+0000  -0.9195101E+0002
     4.74800  -0.1338420E-0014  -0.1027065E-0014   0.4828161E+0002  -0.1482342E-0014  -0.2973750E-0014  -0.2856566E+0000  -0.9195117E+0002
     4.75200  -0.1341158E-0014  -0.6846737E-0015   0.4830568E+0002  -0.1494329E-0014  -0.2996328E-0014  -0.2832251E+0000  -0.9195130E+0002
     4.75600  -0.1343896E-0014  -0.6846737E-0015   0.4833054E+0002  -0.1506451E-0014  -0.3029613E-0014  -0.2806000E+0000  -0.9195140E+0002
     4.76000  -0.1342513E-0014   0.3427163E-0015   0.4835625E+0002  -0.1518669E-0014  -0.3054875E-0014  -0.2777739E+0000  -0.9195146E+0002
     4.76400  -0.1343896E-0014  -0.3422826E-0015   0.4838291E+0002  -0.1531070E-0014  -0.3098867E-0014  -0.2747405E+0000  -0.9195150E+0002
     4.76800  -0.1346633E-0014  -0.6847821E-0015   0.4841062E+0002  -0.1543599E-0014  -0.3132152E-0014  -0.2714947E+0000  -0.9195149E+0002
     4.77200  -0.1345251E-0014   0.3426079E-0015   0.4843950E+0002  -0.1556257E-0014  -0.3165437E-0014  -0.2680336E+0000  -0.9195144E+0002
     4.77600  -0.1346633E-0014  -0.3422826E-0015   0.4846968E+0002  -0.1569051E-0014  -0.3198722E-0014  -0.2643553E+0000  -0.9195135E+0002
     4.78000  -0.1349371E-0014  -0.6846737E-0015   0.4850131E+0002  -0.1582007E-0014  -0.3240030E-0014  -0.2604589E+0000  -0.9195121E+0002
     4.78400  -0.1349371E-0014   0.2168404E-0018   0.4853457E+0002  -0.1595092E-0014  -0.3270631E-0014  -0.2563429E+0000  -0.9195102E+0002
     4.78800  -0.1352109E-0014  -0.6846737E-0015   0.4856963E+0002  -0.1608339E-0014  -0.3311939E-0014  -0.2520034E+0000  -0.9195077E+0002
     4.79200  -0.1352109E-0014   0.3252607E-0018   0.4860671E+0002  -0.1621811E-0014  -0.3369307E-0014  -0.2474337E+0000  -0.9195047E+0002
     4.79600  -0.1354846E-0014  -0.6845653E-0015   0.4864604E+0002  -0.1635458E-0014  -0.3410615E-0014  -0.2426235E+0000  -0.9195010E+0002
     4.80000  -0.1354846E-0014   0.4336809E-0018   0.4868785E+0002  -0.1649288E-0014  -0.3457277E-0014  -0.2375585E+0000  -0.9194968E+0002
     4.80400  -0.1357584E-0014  -0.6845653E-0015   0.4873239E+0002  -0.1663349E-0014  -0.3514645E-0014  -0.2322192E+0000  -0.9194918E+0002
     4.80800  -0.1363059E-0014  -0.1369564E-0014   0.4877991E+0002  -0.1677667E-0014  -0.3580036E-0014  -0.2265783E+0000  -0.9194862E+0002
     4.81200  -0.1363059E-0014   0.4336809E-0018   0.4883063E+0002  -0.1692216E-0014  -0.3637403E-0014  -0.2205962E+0000  -0.9194798E+0002
     4.81600  -0.1363059E-0014   0.4336809E-0018   0.4888477E+0002  -0.1707036E-0014  -0.3705464E-0014  -0.2142163E+0000  -0.9194726E+0002
     4.82000  -0.1363059E-0014   0.4336809E-0018   0.4894248E+0002  -0.1722106E-0014  -0.3768185E-0014  -0.2073616E+0000  -0.9194646E+0002
     4.82400  -0.1364414E-0014  -0.3419574E-0015   0.4900385E+0002  -0.1737481E-0014  -0.3844283E-0014  -0.1999122E+0000  -0.9194555E+0002
     4.82800  -0.1369889E-0014  -0.1369347E-0014   0.4906879E+0002  -0.1753175E-0014  -0.3923053E-0014  -0.1917321E+0000  -0.9194453E+0002
     4.83200  -0.1372627E-0014  -0.6845653E-0015   0.4913711E+0002  -0.1769201E-0014  -0.4005834E-0014  -0.1826293E+0000  -0.9194338E+0002
     4.83600  -0.1374009E-0014  -0.3421742E-0015   0.4920817E+0002  -0.1785573E-0014  -0.4092629E-0014  -0.1722177E+0000  -0.9194208E+0002
     4.84000  -0.1378129E-0014  -0.1027173E-0014   0.4928063E+0002  -0.1802323E-0014  -0.4188788E-0014  -0.1603819E+0000  -0.9194061E+0002
     4.84400  -0.1376774E-0014   0.3426079E-0015   0.4935274E+0002  -0.1819454E-0014  -0.4282273E-0014  -0.1462524E+0000  -0.9193894E+0002
     4.84800  -0.1378129E-0014  -0.3423910E-0015   0.4941970E+0002  -0.1836937E-0014  -0.4371747E-0014  -0.1284952E+0000  -0.9193704E+0002
     4.85200  -0.1378129E-0014   0.0000000E+0000   0.4947901E+0002  -0.1854765E-0014  -0.4455868E-0014  -0.1096264E+0000  -0.9193490E+0002
     4.85600  -0.1379485E-0014  -0.3426079E-0015   0.4960285E+0002  -0.1872905E-0014  -0.4534635E-0014  -0.1174226E+0000  -0.9193247E+0002
     4.86000  -0.1379485E-0014  -0.2168404E-0018   0.5037377E+0002  -0.1891669E-0014  -0.4690990E-0014  -0.1578944E+0000  -0.9192974E+0002
     4.86400  -0.1378075E-0014   0.3423910E-0015   0.5190046E+0002  -0.1914396E-0014  -0.5680745E-0014  -0.1981809E+0000  -0.9192669E+0002
     4.86800  -0.1378075E-0014   0.0000000E+0000   0.5331509E+0002  -0.1944971E-0014  -0.7644357E-0014  -0.2117511E+0000  -0.9192330E+0002
     4.87200   0.2628408E-0003   0.6571021E-0001   0.5329556E+0002  -0.1043922E-0005  -0.2609806E-0003  -0.1934525E+0000  -0.9191958E+0002
     4.87600   0.1572680E-0002   0.3274597E+0000   0.5320631E+0002  -0.5798382E-0005  -0.1188615E-0002  -0.1730930E+0000  -0.9191550E+0002
     4.88000   0.3947574E-0002   0.5937236E+0000   0.5304610E+0002  -0.1352449E-0004  -0.1931527E-0002  -0.1692868E+0000  -0.9191106E+0002
     4.88400   0.6849114E-0002   0.7253850E+0000   0.5285069E+0002  -0.2278422E-0004  -0.2314932E-0002  -0.1818212E+0000  -0.9190625E+0002
     4.88800   0.9772080E-0002   0.7307415E+0000   0.5265381E+0002  -0.3284004E-0004  -0.2513956E-0002  -0.1556728E+0000  -0.9190111E+0002
     4.89200   0.1273684E-0001   0.7411904E+0000   0.5245405E+0002  -0.4160546E-0004  -0.2191355E-0002  -0.1044883E+0000  -0.9189569E+0002
     4.89600   0.1624058E-0001   0.8759339E+0000   0.5221840E+0002  -0.4858489E-0004  -0.1744858E-0002  -0.5767376E-0001  -0.9189008E+0002
     4.90000   0.2067121E-0001   0.1107658E+0001   0.5192122E+0002  -0.5347840E-0004  -0.1223377E-0002  -0.3449450E-0001  -0.9188448E+0002
     4.90400   0.2589887E-0001   0.1306916E+0001   0.5157128E+0002  -0.5695146E-0004  -0.8682654E-0003  -0.3483535E-0001  -0.9187909E+0002
     4.90800   0.3143674E-0001   0.1384468E+0001   0.5120099E+0002  -0.6069218E-0004  -0.9351800E-0003  -0.3987261E-0001  -0.9187405E+0002
     4.91200   0.3696026E-0001   0.1380878E+0001   0.5083193E+0002  -0.6499360E-0004  -0.1075354E-0002  -0.3028782E-0001  -0.9186942E+0002
     4.91600   0.4261223E-0001   0.1412993E+0001   0.5045463E+0002  -0.6836129E-0004  -0.8419209E-0003  -0.2735919E-0002  -0.9186523E+0002
     4.92000   0.4878875E-0001   0.1544131E+0001   0.5004274E+0002  -0.6869621E-0004  -0.8373100E-0004   0.2946709E-0001  -0.9186141E+0002
     4.92400   0.5568195E-0001   0.1723299E+0001   0.4958349E+0002  -0.6463723E-0004   0.1014745E-0002   0.5150508E-0001  -0.9185786E+0002
     4.92800   0.6308028E-0001   0.1849582E+0001   0.4909082E+0002  -0.5695218E-0004   0.1921262E-0002   0.5859806E-0001  -0.9185441E+0002
     4.93200   0.7060787E-0001   0.1881898E+0001   0.4858962E+0002  -0.4796675E-0004   0.2246359E-0002   0.5742046E-0001  -0.9185096E+0002
     4.93600   0.7810406E-0001   0.1874048E+0001   0.4809059E+0002  -0.3910817E-0004   0.2214644E-0002   0.6014684E-0001  -0.9184763E+0002
     4.94000   0.8573042E-0001   0.1906589E+0001   0.4758316E+0002  -0.2956990E-0004   0.2384569E-0002   0.7364082E-0001  -0.9184469E+0002
     4.94400   0.9372891E-0001   0.1999623E+0001   0.4705135E+0002  -0.1719124E-0004   0.3094664E-0002   0.9373647E-0001  -0.9184232E+0002
     4.94800   0.1021295E+0000   0.2100152E+0001   0.4649313E+0002  -0.4554129E-0006   0.4183957E-0002   0.1103685E+0000  -0.9184041E+0002
     4.95200   0.1107165E+0000   0.2146742E+0001   0.4592269E+0002   0.1992892E-0004   0.5096082E-0002   0.1166581E+0000  -0.9183871E+0002
     4.95600   0.1192486E+0000   0.2133033E+0001   0.4535602E+0002   0.4160322E-0004   0.5418575E-0002   0.1148792E+0000  -0.9183717E+0002
     4.96000   0.1276663E+0000   0.2104415E+0001   0.4479714E+0002   0.6292374E-0004   0.5330130E-0002   0.1144780E+0000  -0.9183604E+0002
     4.96400   0.1360779E+0000   0.2102895E+0001   0.4423895E+0002   0.8441931E-0004   0.5373894E-0002   0.1233584E+0000  -0.9183551E+0002
     4.96800   0.1445822E+0000   0.2126078E+0001   0.4367480E+0002   0.1081332E-0003   0.5928478E-0002   0.1397895E+0000  -0.9183540E+0002
     4.97200   0.1531274E+0000   0.2136316E+0001   0.4310791E+0002   0.1354840E-0003   0.6837686E-0002   0.1534380E+0000  -0.9183526E+0002
     4.97600   0.1615485E+0000   0.2105258E+0001   0.4254917E+0002   0.1654577E-0003   0.7493440E-0002   0.1607759E+0000  -0.9183488E+0002
     4.98000   0.1696984E+0000   0.2037470E+0001   0.4200852E+0002   0.1962528E-0003   0.7698769E-0002   0.1577043E+0000  -0.9183464E+0002
     4.98400   0.1775246E+0000   0.1956562E+0001   0.4148969E+0002   0.2256333E-0003   0.7345135E-0002   0.1482841E+0000  -0.9183512E+0002
     4.98800   0.1850867E+0000   0.1890512E+0001   0.4132616E+0002   0.2526601E-0003   0.6756691E-0002   0.1414722E+0000  -0.9183646E+0002
     4.99200   0.1923425E+0000   0.1813973E+0001   0.4132692E+0002   0.2774993E-0003   0.6209786E-0002   0.1392645E+0000  -0.9183812E+0002
     4.99600   0.1992737E+0000   0.1732787E+0001   0.4132752E+0002   0.3008560E-0003   0.5839187E-0002   0.1369076E+0000  -0.9183945E+0002
     5.00000   0.2059491E+0000   0.1668854E+0001   0.4132795E+0002   0.3229700E-0003   0.5528488E-0002   0.1294613E+0000  -0.9184034E+0002
     5.00400   0.2124405E+0000   0.1622841E+0001   0.4132843E+0002   0.3433044E-0003   0.5083606E-0002   0.1146722E+0000  -0.9184130E+0002
     5.00800   0.2187721E+0000   0.1582913E+0001   0.4132913E+0002   0.3608726E-0003   0.4392041E-0002   0.9773680E-0001  -0.9184277E+0002
     5.01200   0.2248907E+0000   0.1529652E+0001   0.4132994E+0002   0.3753421E-0003   0.3617384E-0002   0.8862839E-0001  -0.9184451E+0002
     5.01600   0.2307595E+0000   0.1467203E+0001   0.4133053E+0002   0.3879272E-0003   0.3146288E-0002   0.8991337E-0001  -0.9184584E+0002
     5.02000   0.2364328E+0000   0.1418306E+0001   0.4133076E+0002   0.4002692E-0003   0.3085484E-0002   0.9546341E-0001  -0.9184639E+0002
     5.02400   0.2420102E+0000   0.1394350E+0001   0.4133081E+0002   0.4131515E-0003   0.3220590E-0002   0.9636448E-0001  -0.9184650E+0002
     5.02800   0.2475318E+0000   0.1380411E+0001   0.4133097E+0002   0.4260255E-0003   0.3218485E-0002   0.9026222E-0001  -0.9184681E+0002
     5.03200   0.2529402E+0000   0.1352095E+0001   0.4133131E+0002   0.4378368E-0003   0.2952824E-0002   0.8221848E-0001  -0.9184755E+0002
     5.03600   0.2581585E+0000   0.1304565E+0001   0.4133165E+0002   0.4482172E-0003   0.2595112E-0002   0.7844627E-0001  -0.9184828E+0002
     5.04000   0.2631907E+0000   0.1258054E+0001   0.4133174E+0002   0.4577682E-0003   0.2387751E-0002   0.8023186E-0001  -0.9184849E+0002
     5.04400   0.2681261E+0000   0.1233857E+0001   0.4133160E+0002   0.4673487E-0003   0.2395123E-0002   0.8341030E-0001  -0.9184820E+0002
     5.04800   0.2730449E+0000   0.1229689E+0001   0.4133148E+0002   0.4772751E-0003   0.2481605E-0002   0.8339833E-0001  -0.9184792E+0002
     5.05200   0.2779355E+0000   0.1222656E+0001   0.4133156E+0002   0.4871434E-0003   0.2467066E-0002   0.7963345E-0001  -0.9184809E+0002
     5.05600   0.2827169E+0000   0.1195360E+0001   0.4133179E+0002   0.4963558E-0003   0.2303097E-0002   0.7536136E-0001  -0.9184858E+0002
     5.06000   0.2873364E+0000   0.1154858E+0001   0.4133194E+0002   0.5047785E-0003   0.2105684E-0002   0.7400313E-0001  -0.9184891E+0002
     5.06400   0.2918317E+0000   0.1123846E+0001   0.4133190E+0002   0.5128273E-0003   0.2012199E-0002   0.7581947E-0001  -0.9184882E+0002
     5.06800   0.2962920E+0000   0.1115069E+0001   0.4133177E+0002   0.5210093E-0003   0.2045489E-0002   0.7806388E-0001  -0.9184854E+0002
     5.07200   0.3007629E+0000   0.1117721E+0001   0.4133172E+0002   0.5294535E-0003   0.2111055E-0002   0.7804233E-0001  -0.9184842E+0002
     5.07600   0.3052031E+0000   0.1110040E+0001   0.4133179E+0002   0.5378374E-0003   0.2095971E-0002   0.7557523E-0001  -0.9184858E+0002
     5.08000   0.3095360E+0000   0.1083247E+0001   0.4133188E+0002   0.5457603E-0003   0.1980718E-0002   0.7280171E-0001  -0.9184876E+0002
     5.08400   0.3137375E+0000   0.1050354E+0001   0.4133187E+0002   0.5531606E-0003   0.1850088E-0002   0.7193776E-0001  -0.9184875E+0002
     5.08800   0.3178615E+0000   0.1031010E+0001   0.4133179E+0002   0.5603385E-0003   0.1794465E-0002   0.7318306E-0001  -0.9184857E+0002
     5.09200   0.3219813E+0000   0.1029947E+0001   0.4133173E+0002   0.5676331E-0003   0.1823648E-0002   0.7480112E-0001  -0.9184844E+0002
     5.09600   0.3261122E+0000   0.1032727E+0001   0.4133175E+0002   0.5751091E-0003   0.1869003E-0002   0.7500250E-0001  -0.9184848E+0002
     5.10000   0.3302020E+0000   0.1022442E+0001   0.4133178E+0002   0.5825306E-0003   0.1855370E-0002   0.7353117E-0001  -0.9184855E+0002
     5.10400   0.3341938E+0000   0.9979696E+0000   0.4133176E+0002   0.5896323E-0003   0.1775435E-0002   0.7166647E-0001  -0.9184850E+0002
     5.10800   0.3380894E+0000   0.9738881E+0000   0.4133169E+0002   0.5963869E-0003   0.1688656E-0002   0.7088819E-0001  -0.9184833E+0002
     5.11200   0.3419435E+0000   0.9635189E+0000   0.4133162E+0002   0.6029971E-0003   0.1652536E-0002   0.7151662E-0001  -0.9184819E+0002
     5.11600   0.3458028E+0000   0.9648291E+0000   0.4133160E+0002   0.6096749E-0003   0.1669456E-0002   0.7258757E-0001  -0.9184815E+0002
     5.12000   0.3496593E+0000   0.9641251E+0000   0.4133159E+0002   0.6164478E-0003   0.1693220E-0002   0.7286800E-0001  -0.9184812E+0002
     5.12400   0.3534663E+0000   0.9517605E+0000   0.4133152E+0002   0.6231596E-0003   0.1677963E-0002   0.7194095E-0001  -0.9184797E+0002
     5.12800   0.3571933E+0000   0.9317316E+0000   0.4133143E+0002   0.6296466E-0003   0.1621756E-0002   0.7051472E-0001  -0.9184775E+0002
     5.13200   0.3608561E+0000   0.9157203E+0000   0.4133137E+0002   0.6358958E-0003   0.1562292E-0002   0.6976472E-0001  -0.9184762E+0002
     5.13600   0.3644959E+0000   0.9099475E+0000   0.4133139E+0002   0.6420395E-0003   0.1535933E-0002   0.7026331E-0001  -0.9184766E+0002
     5.14000   0.3681345E+0000   0.9096366E+0000   0.4133143E+0002   0.6482251E-0003   0.1546381E-0002   0.7145164E-0001  -0.9184775E+0002
     5.14400   0.3717570E+0000   0.9056189E+0000   0.4133141E+0002   0.6544874E-0003   0.1565587E-0002   0.7211952E-0001  -0.9184771E+0002
     5.14800   0.3753339E+0000   0.8942305E+0000   0.4133132E+0002   0.6607288E-0003   0.1560350E-0002   0.7149578E-0001  -0.9184751E+0002
     5.15200   0.3788533E+0000   0.8798558E+0000   0.4133123E+0002   0.6668168E-0003   0.1521993E-0002   0.7001371E-0001  -0.9184731E+0002
     5.15600   0.3823294E+0000   0.8690346E+0000   0.4133121E+0002   0.6727053E-0003   0.1472115E-0002   0.6896483E-0001  -0.9184727E+0002
     5.16000   0.3857845E+0000   0.8637561E+0000   0.4133126E+0002   0.6784703E-0003   0.1441254E-0002   0.6925967E-0001  -0.9184737E+0002
     5.16400   0.3892270E+0000   0.8606435E+0000   0.4133128E+0002   0.6842391E-0003   0.1442199E-0002   0.7050687E-0001  -0.9184742E+0002
     5.16800   0.3926484E+0000   0.8553502E+0000   0.4133122E+0002   0.6900756E-0003   0.1459139E-0002   0.7137437E-0001  -0.9184729E+0002
     5.17200   0.3960351E+0000   0.8466760E+0000   0.4133113E+0002   0.6959241E-0003   0.1462114E-0002   0.7091912E-0001  -0.9184708E+0002
     5.17600   0.3993821E+0000   0.8367344E+0000   0.4133109E+0002   0.7016670E-0003   0.1435733E-0002   0.6955872E-0001  -0.9184700E+0002
     5.18000   0.4026951E+0000   0.8282559E+0000   0.4133114E+0002   0.7072427E-0003   0.1393924E-0002   0.6864920E-0001  -0.9184712E+0002
     5.18400   0.4059842E+0000   0.8222727E+0000   0.4133123E+0002   0.7127057E-0003   0.1365759E-0002   0.6907444E-0001  -0.9184731E+0002
     5.18800   0.4092557E+0000   0.8178782E+0000   0.4133126E+0002   0.7181732E-0003   0.1366871E-0002   0.7033248E-0001  -0.9184738E+0002
     5.19200   0.4125092E+0000   0.8133731E+0000   0.4133122E+0002   0.7237096E-0003   0.1384099E-0002   0.7107315E-0001  -0.9184729E+0002
     5.19600   0.4157391E+0000   0.8074696E+0000   0.4133118E+0002   0.7292637E-0003   0.1388524E-0002   0.7049470E-0001  -0.9184720E+0002
     5.20000   0.4189390E+0000   0.7999773E+0000   0.4133121E+0002   0.7347215E-0003   0.1364446E-0002   0.6913178E-0001  -0.9184726E+0002
     5.20400   0.4221067E+0000   0.7919271E+0000   0.4133130E+0002   0.7400199E-0003   0.1324600E-0002   0.6825047E-0001  -0.9184747E+0002
     5.20800   0.4252466E+0000   0.7849803E+0000   0.4133139E+0002   0.7452049E-0003   0.1296240E-0002   0.6853962E-0001  -0.9184767E+0002
     5.21200   0.4283672E+0000   0.7801532E+0000   0.4133143E+0002   0.7503798E-0003   0.1293724E-0002   0.6948147E-0001  -0.9184775E+0002
     5.21600   0.4314741E+0000   0.7767253E+0000   0.4133143E+0002   0.7556027E-0003   0.1305738E-0002   0.6998885E-0001  -0.9184775E+0002
     5.22000   0.4345645E+0000   0.7725839E+0000   0.4133145E+0002   0.7608358E-0003   0.1308260E-0002   0.6954204E-0001  -0.9184781E+0002
     5.22400   0.4376290E+0000   0.7661353E+0000   0.4133154E+0002   0.7659920E-0003   0.1289057E-0002   0.6863190E-0001  -0.9184800E+0002
     5.22800   0.4406613E+0000   0.7580801E+0000   0.4133167E+0002   0.7710272E-0003   0.1258808E-0002   0.6814842E-0001  -0.9184828E+0002
     5.23200   0.4436654E+0000   0.7510208E+0000   0.4133177E+0002   0.7759804E-0003   0.1238297E-0002   0.6844487E-0001  -0.9184851E+0002
     5.23600   0.4466531E+0000   0.7469187E+0000   0.4133183E+0002   0.7809280E-0003   0.1236888E-0002   0.6905269E-0001  -0.9184864E+0002
     5.24000   0.4496327E+0000   0.7449075E+0000   0.4133188E+0002   0.7859060E-0003   0.1244510E-0002   0.6924877E-0001  -0.9184876E+0002
     5.24400   0.4526005E+0000   0.7419522E+0000   0.4133197E+0002   0.7908784E-0003   0.1243091E-0002   0.6878627E-0001  -0.9184895E+0002
     5.24800   0.4555442E+0000   0.7359286E+0000   0.4133210E+0002   0.7957774E-0003   0.1224761E-0002   0.6804595E-0001  -0.9184924E+0002
     5.25200   0.4584560E+0000   0.7279278E+0000   0.4133224E+0002   0.8005710E-0003   0.1198404E-0002   0.6755413E-0001  -0.9184955E+0002
     5.25600   0.4613408E+0000   0.7211994E+0000   0.4133237E+0002   0.8052860E-0003   0.1178741E-0002   0.6743607E-0001  -0.9184983E+0002
     5.26000   0.4642117E+0000   0.7177294E+0000   0.4133248E+0002   0.8099700E-0003   0.1171016E-0002   0.6735487E-0001  -0.9185008E+0002
     5.26400   0.4670761E+0000   0.7161138E+0000   0.4133260E+0002   0.8146379E-0003   0.1166970E-0002   0.6691999E-0001  -0.9185035E+0002
     5.26800   0.4699284E+0000   0.7130631E+0000   0.4133274E+0002   0.8192559E-0003   0.1154492E-0002   0.6608419E-0001  -0.9185066E+0002
     5.27200   0.4727561E+0000   0.7069259E+0000   0.4133291E+0002   0.8237769E-0003   0.1130257E-0002   0.6514549E-0001  -0.9185102E+0002
     5.27600   0.4755537E+0000   0.6994119E+0000   0.4133306E+0002   0.8281863E-0003   0.1102355E-0002   0.6441489E-0001  -0.9185136E+0002
     5.28000   0.4783285E+0000   0.6936875E+0000   0.4133321E+0002   0.8325106E-0003   0.1081067E-0002   0.6391399E-0001  -0.9185168E+0002
     5.28400   0.4810924E+0000   0.6909742E+0000   0.4133336E+0002   0.8367845E-0003   0.1068461E-0002   0.6338515E-0001  -0.9185201E+0002
     5.28800   0.4838497E+0000   0.6893319E+0000   0.4133352E+0002   0.8410128E-0003   0.1057098E-0002   0.6255907E-0001  -0.9185237E+0002
     5.29200   0.4865930E+0000   0.6858313E+0000   0.4133369E+0002   0.8451649E-0003   0.1038019E-0002   0.6139416E-0001  -0.9185275E+0002
     5.29600   0.4893117E+0000   0.6796561E+0000   0.4133386E+0002   0.8492030E-0003   0.1009514E-0002   0.6007876E-0001  -0.9185313E+0002
     5.30000   0.4920029E+0000   0.6728214E+0000   0.4133404E+0002   0.8531148E-0003   0.9779456E-0003   0.5882560E-0001  -0.9185351E+0002
     5.30400   0.4946745E+0000   0.6679022E+0000   0.4133421E+0002   0.8569169E-0003   0.9505423E-0003   0.5766078E-0001  -0.9185390E+0002
     5.30800   0.4973359E+0000   0.6653394E+0000   0.4133440E+0002   0.8606295E-0003   0.9281412E-0003   0.5639437E-0001  -0.9185430E+0002
     5.31200   0.4999885E+0000   0.6631428E+0000   0.4133458E+0002   0.8642485E-0003   0.9047555E-0003   0.5478847E-0001  -0.9185471E+0002
     5.31600   0.5026249E+0000   0.6591116E+0000   0.4133476E+0002   0.8677431E-0003   0.8736442E-0003   0.5276975E-0001  -0.9185510E+0002
     5.32000   0.5052373E+0000   0.6530881E+0000   0.4133493E+0002   0.8710781E-0003   0.8337607E-0003   0.5050535E-0001  -0.9185547E+0002
     5.32400   0.5078251E+0000   0.6469465E+0000   0.4133510E+0002   0.8742400E-0003   0.7904757E-0003   0.4827526E-0001  -0.9185584E+0002
     5.32800   0.5103952E+0000   0.6425336E+0000   0.4133528E+0002   0.8772417E-0003   0.7504150E-0003   0.4624460E-0001  -0.9185625E+0002
     5.33200   0.5129545E+0000   0.6398341E+0000   0.4133547E+0002   0.8801050E-0003   0.7158260E-0003   0.4433291E-0001  -0.9185666E+0002
     5.33600   0.5155032E+0000   0.6371719E+0000   0.4133565E+0002   0.8828385E-0003   0.6833764E-0003   0.4229756E-0001  -0.9185705E+0002
     5.34000   0.5180354E+0000   0.6330352E+0000   0.4133581E+0002   0.8854296E-0003   0.6477664E-0003   0.3995696E-0001  -0.9185740E+0002
     5.34400   0.5205455E+0000   0.6275424E+0000   0.4133596E+0002   0.8878560E-0003   0.6066093E-0003   0.3735261E-0001  -0.9185773E+0002
     5.34800   0.5230341E+0000   0.6221530E+0000   0.4133612E+0002   0.8901048E-0003   0.5621990E-0003   0.3470197E-0001  -0.9185807E+0002
     5.35200   0.5255066E+0000   0.6181131E+0000   0.4133628E+0002   0.8921805E-0003   0.5189104E-0003   0.3218764E-0001  -0.9185844E+0002
     5.35600   0.5279678E+0000   0.6152946E+0000   0.4133645E+0002   0.8940969E-0003   0.4791162E-0003   0.2978685E-0001  -0.9185880E+0002
     5.36000   0.5304177E+0000   0.6124873E+0000   0.4133659E+0002   0.8958623E-0003   0.4413555E-0003   0.2730461E-0001  -0.9185912E+0002
     5.36400   0.5328524E+0000   0.6086692E+0000   0.4133672E+0002   0.8974705E-0003   0.4020524E-0003   0.2457304E-0001  -0.9185940E+0002
     5.36800   0.5352681E+0000   0.6039273E+0000   0.4133685E+0002   0.8989066E-0003   0.3590108E-0003   0.2162013E-0001  -0.9185968E+0002
     5.37200   0.5376650E+0000   0.5992279E+0000   0.4133698E+0002   0.9001602E-0003   0.3134101E-0003   0.1864676E-0001  -0.9185998E+0002
     5.37600   0.5400467E+0000   0.5954231E+0000   0.4133712E+0002   0.9012346E-0003   0.2685902E-0003   0.1584146E-0001  -0.9186028E+0002
     5.38000   0.5424167E+0000   0.5925087E+0000   0.4133725E+0002   0.9021429E-0003   0.2270648E-0003   0.1321906E-0001  -0.9186056E+0002
     5.38400   0.5447758E+0000   0.5897524E+0000   0.4133736E+0002   0.9028972E-0003   0.1885944E-0003   0.1063392E-0001  -0.9186080E+0002
     5.38800   0.5471215E+0000   0.5864387E+0000   0.4133745E+0002   0.9035007E-0003   0.1508598E-0003   0.7938196E-0002  -0.9186101E+0002
     5.39200   0.5494515E+0000   0.5824916E+0000   0.4133755E+0002   0.9039481E-0003   0.1118582E-0003   0.5118986E-0002  -0.9186124E+0002
     5.39600   0.5517653E+0000   0.5784654E+0000   0.4133766E+0002   0.9042346E-0003   0.7163356E-0004   0.2285582E-0002  -0.9186148E+0002
     5.40000   0.5540653E+0000   0.5750004E+0000   0.4133777E+0002   0.9043618E-0003   0.3179209E-0004  -0.4626849E-0003  -0.9186172E+0002
     5.40400   0.5563544E+0000   0.5722627E+0000   0.4133788E+0002   0.9043362E-0003  -0.6405215E-0005  -0.3142334E-0002  -0.9186195E+0002
     5.40800   0.5586337E+0000   0.5698321E+0000   0.4133796E+0002   0.9041629E-0003  -0.4331628E-0004  -0.5861256E-0002  -0.9186215E+0002
     5.41200   0.5609021E+0000   0.5670977E+0000   0.4133805E+0002   0.9038413E-0003  -0.8040805E-0004  -0.8702104E-0002  -0.9186234E+0002
     5.41600   0.5631573E+0000   0.5637985E+0000   0.4133815E+0002   0.9033665E-0003  -0.1186856E-0003  -0.1164096E-0001  -0.9186256E+0002
     5.42000   0.5653983E+0000   0.5602420E+0000   0.4133825E+0002   0.9027355E-0003  -0.1577661E-0003  -0.1458056E-0001  -0.9186278E+0002
     5.42400   0.5676263E+0000   0.5570115E+0000   0.4133834E+0002   0.9019496E-0003  -0.1964655E-0003  -0.1745335E-0001  -0.9186300E+0002
     5.42800   0.5698440E+0000   0.5544213E+0000   0.4133843E+0002   0.9010133E-0003  -0.2340807E-0003  -0.2028196E-0001  -0.9186318E+0002
     5.43200   0.5720529E+0000   0.5522233E+0000   0.4133850E+0002   0.8999295E-0003  -0.2709385E-0003  -0.2313768E-0001  -0.9186335E+0002
     5.43600   0.5742523E+0000   0.5498472E+0000   0.4133857E+0002   0.8986985E-0003  -0.3077563E-0003  -0.2604868E-0001  -0.9186351E+0002
     5.44000   0.5764401E+0000   0.5469578E+0000   0.4133864E+0002   0.8973199E-0003  -0.3446546E-0003  -0.2895895E-0001  -0.9186368E+0002
     5.44400   0.5786153E+0000   0.5437896E+0000   0.4133872E+0002   0.8957961E-0003  -0.3809409E-0003  -0.3178064E-0001  -0.9186385E+0002
     5.44800   0.5807789E+0000   0.5409172E+0000   0.4133879E+0002   0.8941327E-0003  -0.4158497E-0003  -0.3448434E-0001  -0.9186401E+0002
     5.45200   0.5829337E+0000   0.5386786E+0000   0.4133885E+0002   0.8923353E-0003  -0.4493595E-0003  -0.3713422E-0001  -0.9186415E+0002
     5.45600   0.5850810E+0000   0.5368284E+0000   0.4133891E+0002   0.8904064E-0003  -0.4822268E-0003  -0.3983299E-0001  -0.9186429E+0002
     5.46000   0.5872201E+0000   0.5347798E+0000   0.4133896E+0002   0.8883452E-0003  -0.5152985E-0003  -0.4263218E-0001  -0.9186441E+0002
     5.46400   0.5893489E+0000   0.5321962E+0000   0.4133902E+0002   0.8861498E-0003  -0.5488450E-0003  -0.4549315E-0001  -0.9186454E+0002
     5.46800   0.5914662E+0000   0.5293305E+0000   0.4133907E+0002   0.8838197E-0003  -0.5825227E-0003  -0.4833082E-0001  -0.9186466E+0002
     5.47200   0.5935732E+0000   0.5267615E+0000   0.4133911E+0002   0.8813563E-0003  -0.6158536E-0003  -0.5109279E-0001  -0.9186476E+0002
     5.47600   0.5956724E+0000   0.5247988E+0000   0.4133915E+0002   0.8787618E-0003  -0.6486215E-0003  -0.5379861E-0001  -0.9186486E+0002
     5.48000   0.5977651E+0000   0.5231689E+0000   0.4133919E+0002   0.8760384E-0003  -0.6808500E-0003  -0.5650799E-0001  -0.9186495E+0002
     5.48400   0.5998503E+0000   0.5213013E+0000   0.4133922E+0002   0.8731881E-0003  -0.7125851E-0003  -0.5925574E-0001  -0.9186504E+0002
     5.48800   0.6019260E+0000   0.5189120E+0000   0.4133926E+0002   0.8702128E-0003  -0.7438097E-0003  -0.6201698E-0001  -0.9186512E+0002
     5.49200   0.6039911E+0000   0.5162823E+0000   0.4133928E+0002   0.8671147E-0003  -0.7745245E-0003  -0.6473136E-0001  -0.9186519E+0002
     5.49600   0.6060469E+0000   0.5139566E+0000   0.4133931E+0002   0.8638956E-0003  -0.8047820E-0003  -0.6735916E-0001  -0.9186525E+0002
     5.50000   0.6080957E+0000   0.5121858E+0000   0.4133933E+0002   0.8605573E-0003  -0.8345666E-0003  -0.6991584E-0001  -0.9186530E+0002
     5.50400   0.6101384E+0000   0.5106897E+0000   0.4133934E+0002   0.8571025E-0003  -0.8637126E-0003  -0.7245682E-0001  -0.9186535E+0002
     5.50800   0.6121743E+0000   0.5089649E+0000   0.4133935E+0002   0.8535342E-0003  -0.8920794E-0003  -0.7503026E-0001  -0.9186538E+0002
     5.51200   0.6142015E+0000   0.5068018E+0000   0.4133936E+0002   0.8498548E-0003  -0.9198371E-0003  -0.7764137E-0001  -0.9186541E+0002
     5.51600   0.6162194E+0000   0.5044776E+0000   0.4133937E+0002   0.8460649E-0003  -0.9474828E-0003  -0.8025630E-0001  -0.9186543E+0002
     5.52000   0.6182292E+0000   0.5024512E+0000   0.4133937E+0002   0.8421631E-0003  -0.9754595E-0003  -0.8283702E-0001  -0.9186545E+0002
     5.52400   0.6202328E+0000   0.5008954E+0000   0.4133937E+0002   0.8381482E-0003  -0.1003709E-0002  -0.8537382E-0001  -0.9186547E+0002
     5.52800   0.6222310E+0000   0.4995432E+0000   0.4133937E+0002   0.8340216E-0003  -0.1031654E-0002  -0.8788846E-0001  -0.9186548E+0002
     5.53200   0.6242229E+0000   0.4979792E+0000   0.4133937E+0002   0.8297868E-0003  -0.1058715E-0002  -0.9041000E-0001  -0.9186548E+0002
     5.53600   0.6262071E+0000   0.4960544E+0000   0.4133936E+0002   0.8254472E-0003  -0.1084881E-0002  -0.9294789E-0001  -0.9186548E+0002
     5.54000   0.6281831E+0000   0.4940067E+0000   0.4133935E+0002   0.8210043E-0003  -0.1110730E-0002  -0.9548578E-0001  -0.9186547E+0002
     5.54400   0.6301519E+0000   0.4921940E+0000   0.4133934E+0002   0.8164568E-0003  -0.1136871E-0002  -0.9799769E-0001  -0.9186547E+0002
     5.54800   0.6321148E+0000   0.4907356E+0000   0.4133933E+0002   0.8118035E-0003  -0.1163322E-0002  -0.1004687E+0000  -0.9186545E+0002
     5.55200   0.6340725E+0000   0.4894191E+0000   0.4133932E+0002   0.8070457E-0003  -0.1189455E-0002  -0.1029004E+0000  -0.9186543E+0002
     5.55600   0.6360243E+0000   0.4879377E+0000   0.4133930E+0002   0.8021875E-0003  -0.1214558E-0002  -0.1053001E+0000  -0.9186540E+0002
     5.56000   0.6379691E+0000   0.4861964E+0000   0.4133927E+0002   0.7972337E-0003  -0.1238447E-0002  -0.1076669E+0000  -0.9186537E+0002
     5.56400   0.6399066E+0000   0.4843847E+0000   0.4133925E+0002   0.7921874E-0003  -0.1261566E-0002  -0.1099915E+0000  -0.9186533E+0002
     5.56800   0.6418377E+0000   0.4827696E+0000   0.4133923E+0002   0.7870494E-0003  -0.1284506E-0002  -0.1122678E+0000  -0.9186529E+0002
     5.57200   0.6437634E+0000   0.4814359E+0000   0.4133920E+0002   0.7818195E-0003  -0.1307469E-0002  -0.1145047E+0000  -0.9186525E+0002
     5.57600   0.6456843E+0000   0.4802249E+0000   0.4133918E+0002   0.7764989E-0003  -0.1330166E-0002  -0.1167224E+0000  -0.9186521E+0002
     5.58000   0.6476000E+0000   0.4789087E+0000   0.4133915E+0002   0.7710900E-0003  -0.1352213E-0002  -0.1189374E+0000  -0.9186515E+0002
     5.58400   0.6495096E+0000   0.4774108E+0000   0.4133912E+0002   0.7655958E-0003  -0.1373565E-0002  -0.1211494E+0000  -0.9186510E+0002
     5.58800   0.6514130E+0000   0.4758601E+0000   0.4133908E+0002   0.7600175E-0003  -0.1394567E-0002  -0.1233432E+0000  -0.9186504E+0002
     5.59200   0.6533108E+0000   0.4744456E+0000   0.4133905E+0002   0.7543551E-0003  -0.1415601E-0002  -0.1255031E+0000  -0.9186499E+0002
     5.59600   0.6552037E+0000   0.4732284E+0000   0.4133902E+0002   0.7486083E-0003  -0.1436695E-0002  -0.1276243E+0000  -0.9186493E+0002
     5.60000   0.6570921E+0000   0.4720911E+0000   0.4133898E+0002   0.7427784E-0003  -0.1457468E-0002  -0.1297116E+0000  -0.9186486E+0002
     5.60400   0.6589755E+0000   0.4708603E+0000   0.4133894E+0002   0.7368686E-0003  -0.1477444E-0002  -0.1317663E+0000  -0.9186478E+0002
     5.60800   0.6608534E+0000   0.4694724E+0000   0.4133890E+0002   0.7308829E-0003  -0.1496425E-0002  -0.1337770E+0000  -0.9186471E+0002
     5.61200   0.6627255E+0000   0.4680255E+0000   0.4133886E+0002   0.7248246E-0003  -0.1514579E-0002  -0.1357239E+0000  -0.9186464E+0002
     5.61600   0.6645922E+0000   0.4666779E+0000   0.4133883E+0002   0.7186958E-0003  -0.1532198E-0002  -0.1375932E+0000  -0.9186457E+0002
     5.62000   0.6664542E+0000   0.4654977E+0000   0.4133879E+0002   0.7124983E-0003  -0.1549374E-0002  -0.1393879E+0000  -0.9186450E+0002
     5.62400   0.6683119E+0000   0.4644069E+0000   0.4133875E+0002   0.7062347E-0003  -0.1565907E-0002  -0.1411253E+0000  -0.9186443E+0002
     5.62800   0.6701649E+0000   0.4632649E+0000   0.4133871E+0002   0.6999086E-0003  -0.1581528E-0002  -0.1428235E+0000  -0.9186435E+0002
     5.63200   0.6720129E+0000   0.4620051E+0000   0.4133868E+0002   0.6935238E-0003  -0.1596208E-0002  -0.1444915E+0000  -0.9186429E+0002
     5.63600   0.6738557E+0000   0.4606942E+0000   0.4133864E+0002   0.6870827E-0003  -0.1610269E-0002  -0.1461291E+0000  -0.9186422E+0002
     5.64000   0.6756936E+0000   0.4594611E+0000   0.4133861E+0002   0.6805860E-0003  -0.1624162E-0002  -0.1477368E+0000  -0.9186416E+0002
     5.64400   0.6775270E+0000   0.4583683E+0000   0.4133858E+0002   0.6740335E-0003  -0.1638126E-0002  -0.1493223E+0000  -0.9186410E+0002
     5.64800   0.6793564E+0000   0.4573512E+0000   0.4133854E+0002   0.6674254E-0003  -0.1652034E-0002  -0.1508976E+0000  -0.9186404E+0002
     5.65200   0.6811816E+0000   0.4562813E+0000   0.4133851E+0002   0.6607632E-0003  -0.1665558E-0002  -0.1524684E+0000  -0.9186398E+0002
     5.65600   0.6830019E+0000   0.4550902E+0000   0.4133848E+0002   0.6540492E-0003  -0.1678504E-0002  -0.1540265E+0000  -0.9186392E+0002
     5.66000   0.6848173E+0000   0.4538336E+0000   0.4133844E+0002   0.6472852E-0003  -0.1690977E-0002  -0.1555535E+0000  -0.9186386E+0002
     5.66400   0.6866278E+0000   0.4526353E+0000   0.4133841E+0002   0.6404723E-0003  -0.1703233E-0002  -0.1570328E+0000  -0.9186380E+0002
     5.66800   0.6884341E+0000   0.4515669E+0000   0.4133838E+0002   0.6336108E-0003  -0.1715373E-0002  -0.1584615E+0000  -0.9186373E+0002
     5.67200   0.6902364E+0000   0.4505816E+0000   0.4133834E+0002   0.6267020E-0003  -0.1727204E-0002  -0.1598529E+0000  -0.9186367E+0002
     5.67600   0.6920347E+0000   0.4495648E+0000   0.4133830E+0002   0.6197482E-0003  -0.1738440E-0002  -0.1612291E+0000  -0.9186360E+0002
     5.68000   0.6938285E+0000   0.4484490E+0000   0.4133827E+0002   0.6127520E-0003  -0.1749056E-0002  -0.1626100E+0000  -0.9186353E+0002
     5.68400   0.6956176E+0000   0.4472783E+0000   0.4133823E+0002   0.6057143E-0003  -0.1759433E-0002  -0.1640068E+0000  -0.9186346E+0002
     5.68800   0.6974022E+0000   0.4461623E+0000   0.4133819E+0002   0.5986338E-0003  -0.1770120E-0002  -0.1654227E+0000  -0.9186339E+0002
     5.69200   0.6991829E+0000   0.4451660E+0000   0.4133816E+0002   0.5915081E-0003  -0.1781417E-0002  -0.1668576E+0000  -0.9186332E+0002
     5.69600   0.7009599E+0000   0.4442472E+0000   0.4133812E+0002   0.5843355E-0003  -0.1793162E-0002  -0.1683117E+0000  -0.9186325E+0002
     5.70000   0.7027331E+0000   0.4432998E+0000   0.4133808E+0002   0.5771157E-0003  -0.1804934E-0002  -0.1697861E+0000  -0.9186318E+0002
     5.70400   0.7045021E+0000   0.4422582E+0000   0.4133804E+0002   0.5698499E-0003  -0.1816468E-0002  -0.1712806E+0000  -0.9186311E+0002
     5.70800   0.7062667E+0000   0.4411560E+0000   0.4133800E+0002   0.5625383E-0003  -0.1827892E-0002  -0.1727929E+0000  -0.9186303E+0002
     5.71200   0.7080271E+0000   0.4400867E+0000   0.4133797E+0002   0.5551801E-0003  -0.1839562E-0002  -0.1743186E+0000  -0.9186296E+0002
     5.71600   0.7097835E+0000   0.4391077E+0000   0.4133793E+0002   0.5477733E-0003  -0.1851679E-0002  -0.1758532E+0000  -0.9186290E+0002
     5.72000   0.7115363E+0000   0.4381876E+0000   0.4133789E+0002   0.5403171E-0003  -0.1864068E-0002  -0.1773926E+0000  -0.9186283E+0002
     5.72400   0.7132852E+0000   0.4372436E+0000   0.4133786E+0002   0.5328117E-0003  -0.1876336E-0002  -0.1789337E+0000  -0.9186277E+0002
     5.72800   0.7150301E+0000   0.4362275E+0000   0.4133783E+0002   0.5252588E-0003  -0.1888240E-0002  -0.1804745E+0000  -0.9186272E+0002
     5.73200   0.7167708E+0000   0.4351708E+0000   0.4133780E+0002   0.5176592E-0003  -0.1899888E-0002  -0.1820146E+0000  -0.9186267E+0002
     5.73600   0.7185074E+0000   0.4341460E+0000   0.4133778E+0002   0.5100129E-0003  -0.1911589E-0002  -0.1835550E+0000  -0.9186263E+0002
     5.74000   0.7202402E+0000   0.4331893E+0000   0.4133775E+0002   0.5023188E-0003  -0.1923521E-0002  -0.1850975E+0000  -0.9186260E+0002
     5.74400   0.7219692E+0000   0.4322638E+0000   0.4133773E+0002   0.4945766E-0003  -0.1935541E-0002  -0.1866418E+0000  -0.9186257E+0002
     5.74800   0.7236944E+0000   0.4312988E+0000   0.4133771E+0002   0.4867873E-0003  -0.1947334E-0002  -0.1881845E+0000  -0.9186253E+0002
     5.75200   0.7254155E+0000   0.4302619E+0000   0.4133769E+0002   0.4789524E-0003  -0.1958711E-0002  -0.1897191E+0000  -0.9186250E+0002
     5.75600   0.7271322E+0000   0.4291901E+0000   0.4133766E+0002   0.4710734E-0003  -0.1969765E-0002  -0.1912391E+0000  -0.9186246E+0002
     5.76000   0.7288448E+0000   0.4281506E+0000   0.4133764E+0002   0.4631504E-0003  -0.1980739E-0002  -0.1927408E+0000  -0.9186243E+0002
     5.76400   0.7305535E+0000   0.4271747E+0000   0.4133762E+0002   0.4551834E-0003  -0.1991744E-0002  -0.1942238E+0000  -0.9186239E+0002
     5.76800   0.7322584E+0000   0.4262303E+0000   0.4133760E+0002   0.4471729E-0003  -0.2002632E-0002  -0.1956884E+0000  -0.9186236E+0002
     5.77200   0.7339595E+0000   0.4252582E+0000   0.4133758E+0002   0.4391204E-0003  -0.2013133E-0002  -0.1971320E+0000  -0.9186233E+0002
     5.77600   0.7356564E+0000   0.4242331E+0000   0.4133756E+0002   0.4310280E-0003  -0.2023097E-0002  -0.1985473E+0000  -0.9186231E+0002
     5.78000   0.7373492E+0000   0.4231865E+0000   0.4133754E+0002   0.4228976E-0003  -0.2032595E-0002  -0.1999249E+0000  -0.9186228E+0002
     5.78400   0.7390378E+0000   0.4221726E+0000   0.4133753E+0002   0.4147304E-0003  -0.2041796E-0002  -0.2012588E+0000  -0.9186226E+0002
     5.78800   0.7407227E+0000   0.4212140E+0000   0.4133751E+0002   0.4065274E-0003  -0.2050753E-0002  -0.2025503E+0000  -0.9186224E+0002
     5.79200   0.7424038E+0000   0.4202814E+0000   0.4133749E+0002   0.3982900E-0003  -0.2059343E-0002  -0.2038079E+0000  -0.9186221E+0002
     5.79600   0.7440811E+0000   0.4193252E+0000   0.4133747E+0002   0.3900204E-0003  -0.2067416E-0002  -0.2050433E+0000  -0.9186219E+0002
     5.80000   0.7457544E+0000   0.4183252E+0000   0.4133746E+0002   0.3817204E-0003  -0.2074988E-0002  -0.2062639E+0000  -0.9186216E+0002
     5.80400   0.7474237E+0000   0.4173090E+0000   0.4133744E+0002   0.3733913E-0003  -0.2082271E-0002  -0.2074700E+0000  -0.9186213E+0002
     5.80800   0.7490890E+0000   0.4163238E+0000   0.4133742E+0002   0.3650333E-0003  -0.2089503E-0002  -0.2086551E+0000  -0.9186211E+0002
     5.81200   0.7507505E+0000   0.4153913E+0000   0.4133741E+0002   0.3566464E-0003  -0.2096732E-0002  -0.2098112E+0000  -0.9186209E+0002
     5.81600   0.7524085E+0000   0.4144898E+0000   0.4133739E+0002   0.3482313E-0003  -0.2103775E-0002  -0.2109338E+0000  -0.9186206E+0002
     5.82000   0.7540628E+0000   0.4135787E+0000   0.4133737E+0002   0.3397898E-0003  -0.2110383E-0002  -0.2120232E+0000  -0.9186203E+0002
     5.82400   0.7557134E+0000   0.4126393E+0000   0.4133735E+0002   0.3313239E-0003  -0.2116466E-0002  -0.2130819E+0000  -0.9186200E+0002
     5.82800   0.7573601E+0000   0.4116926E+0000   0.4133733E+0002   0.3228353E-0003  -0.2122154E-0002  -0.2141094E+0000  -0.9186197E+0002
     5.83200   0.7590032E+0000   0.4107782E+0000   0.4133731E+0002   0.3143247E-0003  -0.2127653E-0002  -0.2151002E+0000  -0.9186194E+0002
     5.83600   0.7606429E+0000   0.4099176E+0000   0.4133729E+0002   0.3057926E-0003  -0.2133021E-0002  -0.2160445E+0000  -0.9186191E+0002
     5.84000   0.7622793E+0000   0.4090965E+0000   0.4133727E+0002   0.2972402E-0003  -0.2138095E-0002  -0.2169335E+0000  -0.9186187E+0002
     5.84400   0.7639124E+0000   0.4082798E+0000   0.4133725E+0002   0.2886698E-0003  -0.2142608E-0002  -0.2177648E+0000  -0.9186184E+0002
     5.84800   0.7655422E+0000   0.4074446E+0000   0.4133723E+0002   0.2800841E-0003  -0.2146420E-0002  -0.2185434E+0000  -0.9186180E+0002
     5.85200   0.7671686E+0000   0.4065974E+0000   0.4133721E+0002   0.2714856E-0003  -0.2149617E-0002  -0.2192796E+0000  -0.9186176E+0002
     5.85600   0.7687916E+0000   0.4057636E+0000   0.4133719E+0002   0.2628759E-0003  -0.2152436E-0002  -0.2199832E+0000  -0.9186172E+0002
     5.86000   0.7704115E+0000   0.4049613E+0000   0.4133717E+0002   0.2542556E-0003  -0.2155074E-0002  -0.2206595E+0000  -0.9186169E+0002
     5.86400   0.7720282E+0000   0.4041858E+0000   0.4133715E+0002   0.2456253E-0003  -0.2157561E-0002  -0.2213091E+0000  -0.9186165E+0002
     5.86800   0.7736419E+0000   0.4034182E+0000   0.4133713E+0002   0.2369861E-0003  -0.2159803E-0002  -0.2219304E+0000  -0.9186162E+0002
     5.87200   0.7752525E+0000   0.4026472E+0000   0.4133711E+0002   0.2283392E-0003  -0.2161729E-0002  -0.2225240E+0000  -0.9186158E+0002
     5.87600   0.7768600E+0000   0.4018813E+0000   0.4133709E+0002   0.2196856E-0003  -0.2163389E-0002  -0.2230943E+0000  -0.9186155E+0002
     5.88000   0.7784646E+0000   0.4011407E+0000   0.4133708E+0002   0.2110259E-0003  -0.2164937E-0002  -0.2236473E+0000  -0.9186151E+0002
     5.88400   0.7800663E+0000   0.4004378E+0000   0.4133706E+0002   0.2023599E-0003  -0.2166502E-0002  -0.2241872E+0000  -0.9186148E+0002
     5.88800   0.7816654E+0000   0.3997675E+0000   0.4133704E+0002   0.1936875E-0003  -0.2168098E-0002  -0.2247126E+0000  -0.9186145E+0002
     5.89200   0.7832619E+0000   0.3991155E+0000   0.4133702E+0002   0.1850090E-0003  -0.2169635E-0002  -0.2252163E+0000  -0.9186141E+0002
     5.89600   0.7848558E+0000   0.3984756E+0000   0.4133700E+0002   0.1763249E-0003  -0.2171013E-0002  -0.2256881E+0000  -0.9186138E+0002
     5.90000   0.7864472E+0000   0.3978581E+0000   0.4133699E+0002   0.1676361E-0003  -0.2172191E-0002  -0.2261197E+0000  -0.9186135E+0002
     5.90400   0.7880363E+0000   0.3972793E+0000   0.4133697E+0002   0.1589434E-0003  -0.2173179E-0002  -0.2265072E+0000  -0.9186132E+0002
     5.90800   0.7896233E+0000   0.3967429E+0000   0.4133696E+0002   0.1502476E-0003  -0.2173965E-0002  -0.2268526E+0000  -0.9186129E+0002
     5.91200   0.7912082E+0000   0.3962323E+0000   0.4133695E+0002   0.1415497E-0003  -0.2174478E-0002  -0.2271612E+0000  -0.9186127E+0002
     5.91600   0.7927911E+0000   0.3957215E+0000   0.4133693E+0002   0.1328511E-0003  -0.2174630E-0002  -0.2274396E+0000  -0.9186125E+0002
     5.92000   0.7943719E+0000   0.3951949E+0000   0.4133693E+0002   0.1241535E-0003  -0.2174398E-0002  -0.2276948E+0000  -0.9186123E+0002
     5.92400   0.7959505E+0000   0.3946565E+0000   0.4133692E+0002   0.1154581E-0003  -0.2173873E-0002  -0.2279354E+0000  -0.9186122E+0002
     5.92800   0.7975270E+0000   0.3941206E+0000   0.4133692E+0002   0.1067652E-0003  -0.2173216E-0002  -0.2281735E+0000  -0.9186122E+0002
     5.93200   0.7991014E+0000   0.3935933E+0000   0.4133692E+0002   0.9807489E-0004  -0.2172575E-0002  -0.2284257E+0000  -0.9186122E+0002
     5.93600   0.8006736E+0000   0.3930631E+0000   0.4133692E+0002   0.8938670E-0004  -0.2172047E-0002  -0.2287115E+0000  -0.9186123E+0002
     5.94000   0.8022437E+0000   0.3925109E+0000   0.4133692E+0002   0.8069986E-0004  -0.2171710E-0002  -0.2290494E+0000  -0.9186125E+0002
     5.94400   0.8038114E+0000   0.3919294E+0000   0.4133693E+0002   0.7201308E-0004  -0.2171695E-0002  -0.2294521E+0000  -0.9186127E+0002
     5.94800   0.8053767E+0000   0.3913333E+0000   0.4133694E+0002   0.6332427E-0004  -0.2172204E-0002  -0.2299246E+0000  -0.9186130E+0002
     5.95200   0.8069397E+0000   0.3907521E+0000   0.4133696E+0002   0.5463049E-0004  -0.2173444E-0002  -0.2304637E+0000  -0.9186133E+0002
     5.95600   0.8085006E+0000   0.3902102E+0000   0.4133697E+0002   0.4592842E-0004  -0.2175518E-0002  -0.2310610E+0000  -0.9186137E+0002
     5.96000   0.8100594E+0000   0.3897152E+0000   0.4133698E+0002   0.3721486E-0004  -0.2178389E-0002  -0.2317049E+0000  -0.9186141E+0002
     5.96400   0.8116165E+0000   0.3892613E+0000   0.4133700E+0002   0.2848720E-0004  -0.2181914E-0002  -0.2323824E+0000  -0.9186145E+0002
     5.96800   0.8131718E+0000   0.3888442E+0000   0.4133702E+0002   0.1974341E-0004  -0.2185949E-0002  -0.2330772E+0000  -0.9186150E+0002
     5.97200   0.8147257E+0000   0.3884719E+0000   0.4133703E+0002   0.1098187E-0004  -0.2190384E-0002  -0.2337680E+0000  -0.9186154E+0002
     5.97600   0.8162784E+0000   0.3881602E+0000   0.4133705E+0002   0.2201421E-0005  -0.2195112E-0002  -0.2344278E+0000  -0.9186158E+0002
     5.98000   0.8178301E+0000   0.3879200E+0000   0.4133706E+0002  -0.6598360E-0005  -0.2199945E-0002  -0.2350257E+0000  -0.9186162E+0002
     5.98400   0.8193810E+0000   0.3877474E+0000   0.4133707E+0002  -0.1541666E-0004  -0.2204574E-0002  -0.2355313E+0000  -0.9186166E+0002
     5.98800   0.8209315E+0000   0.3876258E+0000   0.4133709E+0002  -0.2425115E-0004  -0.2208623E-0002  -0.2359194E+0000  -0.9186170E+0002
     5.99200   0.8224817E+0000   0.3875354E+0000   0.4133710E+0002  -0.3309813E-0004  -0.2211745E-0002  -0.2361739E+0000  -0.9186173E+0002
     5.99600   0.8240315E+0000   0.3874597E+0000   0.4133712E+0002  -0.4195292E-0004  -0.2213698E-0002  -0.2362881E+0000  -0.9186176E+0002
     6.00000   0.8255811E+0000   0.3873849E+0000   0.4133713E+0002  -0.5081028E-0004  -0.2214340E-0002  -0.2362634E+0000  -0.9186179E+0002
     6.00400   0.8271302E+0000   0.3872934E+0000   0.4133714E+0002  -0.5966462E-0004  -0.2213585E-0002  -0.2361068E+0000  -0.9186182E+0002
     6.00800   0.8286789E+0000   0.3871613E+0000   0.4133716E+0002  -0.6851007E-0004  -0.2211363E-0002  -0.2358305E+0000  -0.9186185E+0002
     6.01200   0.8302267E+0000   0.3869635E+0000   0.4133717E+0002  -0.7734065E-0004  -0.2207646E-0002  -0.2354526E+0000  -0.9186187E+0002
     6.01600   0.8317735E+0000   0.3866810E+0000   0.4133718E+0002  -0.8615065E-0004  -0.2202498E-0002  -0.2349983E+0000  -0.9186189E+0002
     6.02000   0.8333187E+0000   0.3863039E+0000   0.4133719E+0002  -0.9493506E-0004  -0.2196104E-0002  -0.2345005E+0000  -0.9186190E+0002
     6.02400   0.8348620E+0000   0.3858273E+0000   0.4133720E+0002  -0.1036901E-0003  -0.2188748E-0002  -0.2339983E+0000  -0.9186192E+0002
     6.02800   0.8364030E+0000   0.3852463E+0000   0.4133720E+0002  -0.1124131E-0003  -0.2180771E-0002  -0.2335331E+0000  -0.9186192E+0002
     6.03200   0.8379412E+0000   0.3845554E+0000   0.4133721E+0002  -0.1211033E-0003  -0.2172532E-0002  -0.2331452E+0000  -0.9186192E+0002
     6.03600   0.8394762E+0000   0.3837555E+0000   0.4133720E+0002  -0.1297609E-0003  -0.2164412E-0002  -0.2328710E+0000  -0.9186191E+0002
     6.04000   0.8410077E+0000   0.3828597E+0000   0.4133720E+0002  -0.1383882E-0003  -0.2156820E-0002  -0.2327415E+0000  -0.9186190E+0002
     6.04400   0.8425352E+0000   0.3818938E+0000   0.4133719E+0002  -0.1469889E-0003  -0.2150183E-0002  -0.2327833E+0000  -0.9186188E+0002
     6.04800   0.8440588E+0000   0.3808885E+0000   0.4133717E+0002  -0.1555686E-0003  -0.2144908E-0002  -0.2330188E+0000  -0.9186184E+0002
     6.05200   0.8455783E+0000   0.3798712E+0000   0.4133715E+0002  -0.1641339E-0003  -0.2141345E-0002  -0.2334664E+0000  -0.9186179E+0002
     6.05600   0.8470937E+0000   0.3788632E+0000   0.4133712E+0002  -0.1726930E-0003  -0.2139766E-0002  -0.2341391E+0000  -0.9186173E+0002
     6.06000   0.8486053E+0000   0.3778849E+0000   0.4133708E+0002  -0.1812546E-0003  -0.2140392E-0002  -0.2350428E+0000  -0.9186166E+0002
     6.06400   0.8501131E+0000   0.3769630E+0000   0.4133703E+0002  -0.1898282E-0003  -0.2143413E-0002  -0.2361744E+0000  -0.9186157E+0002
     6.06800   0.8516176E+0000   0.3761321E+0000   0.4133697E+0002  -0.1984242E-0003  -0.2148988E-0002  -0.2375207E+0000  -0.9186146E+0002
     6.07200   0.8531194E+0000   0.3754300E+0000   0.4133691E+0002  -0.2070530E-0003  -0.2157207E-0002  -0.2390592E+0000  -0.9186133E+0002
     6.07600   0.8546189E+0000   0.3748887E+0000   0.4133683E+0002  -0.2157252E-0003  -0.2168052E-0002  -0.2407592E+0000  -0.9186119E+0002
     6.08000   0.8561170E+0000   0.3745297E+0000   0.4133675E+0002  -0.2244508E-0003  -0.2181384E-0002  -0.2425838E+0000  -0.9186102E+0002
     6.08400   0.8576145E+0000   0.3743664E+0000   0.4133665E+0002  -0.2332386E-0003  -0.2196961E-0002  -0.2444901E+0000  -0.9186083E+0002
     6.08800   0.8591121E+0000   0.3744092E+0000   0.4133654E+0002  -0.2420965E-0003  -0.2214484E-0002  -0.2464297E+0000  -0.9186061E+0002
     6.09200   0.8606108E+0000   0.3746700E+0000   0.4133642E+0002  -0.2510310E-0003  -0.2233613E-0002  -0.2483482E+0000  -0.9186037E+0002
     6.09600   0.8621115E+0000   0.3751607E+0000   0.4133629E+0002  -0.2600468E-0003  -0.2253956E-0002  -0.2501854E+0000  -0.9186011E+0002
     6.10000   0.8636150E+0000   0.3758890E+0000   0.4133615E+0002  -0.2691470E-0003  -0.2275046E-0002  -0.2518774E+0000  -0.9185982E+0002
     6.10400   0.8651224E+0000   0.3768551E+0000   0.4133600E+0002  -0.2783323E-0003  -0.2296327E-0002  -0.2533595E+0000  -0.9185951E+0002
     6.10800   0.8666346E+0000   0.3780517E+0000   0.4133585E+0002  -0.2876010E-0003  -0.2317180E-0002  -0.2545691E+0000  -0.9185918E+0002
     6.11200   0.8681525E+0000   0.3794669E+0000   0.4133568E+0002  -0.2969489E-0003  -0.2336968E-0002  -0.2554483E+0000  -0.9185883E+0002
     6.11600   0.8696769E+0000   0.3810872E+0000   0.4133552E+0002  -0.3063691E-0003  -0.2355062E-0002  -0.2559450E+0000  -0.9185846E+0002
     6.12000   0.8712084E+0000   0.3828962E+0000   0.4133534E+0002  -0.3158525E-0003  -0.2370852E-0002  -0.2560125E+0000  -0.9185808E+0002
     6.12400   0.8727479E+0000   0.3848736E+0000   0.4133517E+0002  -0.3253875E-0003  -0.2383734E-0002  -0.2556098E+0000  -0.9185768E+0002
     6.12800   0.8742959E+0000   0.3869934E+0000   0.4133499E+0002  -0.3349599E-0003  -0.2393103E-0002  -0.2547020E+0000  -0.9185728E+0002
     6.13200   0.8758528E+0000   0.3892257E+0000   0.4133481E+0002  -0.3445534E-0003  -0.2398369E-0002  -0.2532611E+0000  -0.9185686E+0002
     6.13600   0.8774190E+0000   0.3915390E+0000   0.4133463E+0002  -0.3541493E-0003  -0.2398985E-0002  -0.2512672E+0000  -0.9185644E+0002
     6.14000   0.8789946E+0000   0.3939019E+0000   0.4133446E+0002  -0.3637272E-0003  -0.2394472E-0002  -0.2487086E+0000  -0.9185602E+0002
     6.14400   0.8805797E+0000   0.3962817E+0000   0.4133429E+0002  -0.3732649E-0003  -0.2384419E-0002  -0.2455816E+0000  -0.9185560E+0002
     6.14800   0.8821743E+0000   0.3986434E+0000   0.4133413E+0002  -0.3827388E-0003  -0.2368481E-0002  -0.2418895E+0000  -0.9185519E+0002
     6.15200   0.8837781E+0000   0.4009494E+0000   0.4133397E+0002  -0.3921243E-0003  -0.2346377E-0002  -0.2376419E+0000  -0.9185479E+0002
     6.15600   0.8853907E+0000   0.4031624E+0000   0.4133382E+0002  -0.4013959E-0003  -0.2317906E-0002  -0.2328535E+0000  -0.9185439E+0002
     6.16000   0.8870117E+0000   0.4052491E+0000   0.4133368E+0002  -0.4105278E-0003  -0.2282966E-0002  -0.2275451E+0000  -0.9185401E+0002
     6.16400   0.8886405E+0000   0.4071810E+0000   0.4133355E+0002  -0.4194941E-0003  -0.2241563E-0002  -0.2217429E+0000  -0.9185365E+0002
     6.16800   0.8902762E+0000   0.4089322E+0000   0.4133342E+0002  -0.4282693E-0003  -0.2193807E-0002  -0.2154793E+0000  -0.9185330E+0002
     6.17200   0.8919181E+0000   0.4104764E+0000   0.4133331E+0002  -0.4368289E-0003  -0.2139895E-0002  -0.2087929E+0000  -0.9185298E+0002
     6.17600   0.8935652E+0000   0.4117849E+0000   0.4133321E+0002  -0.4451493E-0003  -0.2080108E-0002  -0.2017276E+0000  -0.9185267E+0002
     6.18000   0.8952165E+0000   0.4128282E+0000   0.4133312E+0002  -0.4532086E-0003  -0.2014817E-0002  -0.1943318E+0000  -0.9185239E+0002
     6.18400   0.8968709E+0000   0.4135785E+0000   0.4133304E+0002  -0.4609865E-0003  -0.1944481E-0002  -0.1866565E+0000  -0.9185213E+0002
     6.18800   0.8985269E+0000   0.4140094E+0000   0.4133297E+0002  -0.4684650E-0003  -0.1869631E-0002  -0.1787534E+0000  -0.9185190E+0002
     6.19200   0.9001833E+0000   0.4140916E+0000   0.4133291E+0002  -0.4756283E-0003  -0.1790829E-0002  -0.1706739E+0000  -0.9185169E+0002
     6.19600   0.9018384E+0000   0.4137861E+0000   0.4133286E+0002  -0.4824628E-0003  -0.1708626E-0002  -0.1624680E+0000  -0.9185151E+0002
     6.20000   0.9034906E+0000   0.4130385E+0000   0.4133282E+0002  -0.4889570E-0003  -0.1623540E-0002  -0.1541838E+0000  -0.9185134E+0002
     6.20400   0.9051377E+0000   0.4117767E+0000   0.4133278E+0002  -0.4951012E-0003  -0.1536051E-0002  -0.1458669E+0000  -0.9185120E+0002
     6.20800   0.9067773E+0000   0.4099124E+0000   0.4133275E+0002  -0.5008877E-0003  -0.1446616E-0002  -0.1375594E+0000  -0.9185107E+0002
     6.21200   0.9084067E+0000   0.4073427E+0000   0.4133273E+0002  -0.5063104E-0003  -0.1355676E-0002  -0.1292996E+0000  -0.9185095E+0002
     6.21600   0.9100225E+0000   0.4039536E+0000   0.4133270E+0002  -0.5113651E-0003  -0.1263673E-0002  -0.1211213E+0000  -0.9185085E+0002
     6.22000   0.9116210E+0000   0.3996242E+0000   0.4133268E+0002  -0.5160493E-0003  -0.1171058E-0002  -0.1130550E+0000  -0.9185075E+0002
     6.22400   0.9131979E+0000   0.3942368E+0000   0.4133267E+0002  -0.5203626E-0003  -0.1078334E-0002  -0.1051290E+0000  -0.9185067E+0002
     6.22800   0.9147487E+0000   0.3876914E+0000   0.4133265E+0002  -0.5243070E-0003  -0.9860875E-0003  -0.9737181E-0001  -0.9185059E+0002
     6.23200   0.9162684E+0000   0.3799228E+0000   0.4133264E+0002  -0.5278871E-0003  -0.8950253E-0003  -0.8981307E-0001  -0.9185052E+0002
     6.23600   0.9177521E+0000   0.3709173E+0000   0.4133263E+0002  -0.5311110E-0003  -0.8059787E-0003  -0.8248470E-0001  -0.9185047E+0002
     6.24000   0.9191950E+0000   0.3607232E+0000   0.4133263E+0002  -0.5339905E-0003  -0.7198707E-0003  -0.7542041E-0001  -0.9185044E+0002
     6.24400   0.9205928E+0000   0.3494531E+0000   0.4133264E+0002  -0.5365411E-0003  -0.6376536E-0003  -0.6865471E-0001  -0.9185043E+0002
     6.24800   0.9219419E+0000   0.3372780E+0000   0.4133266E+0002  -0.5387820E-0003  -0.5602286E-0003  -0.6222151E-0001  -0.9185045E+0002
     6.25200   0.9232395E+0000   0.3244126E+0000   0.4133269E+0002  -0.5407355E-0003  -0.4883655E-0003  -0.5615239E-0001  -0.9185051E+0002
     6.25600   0.9244839E+0000   0.3110940E+0000   0.4133274E+0002  -0.5424260E-0003  -0.4226356E-0003  -0.5047461E-0001  -0.9185060E+0002
     6.26000   0.9256741E+0000   0.2975555E+0000   0.4133281E+0002  -0.5438795E-0003  -0.3633681E-0003  -0.4520922E-0001  -0.9185074E+0002
     6.26400   0.9268101E+0000   0.2840027E+0000   0.4133289E+0002  -0.5451220E-0003  -0.3106380E-0003  -0.4036951E-0001  -0.9185090E+0002
     6.26800   0.9278925E+0000   0.2705951E+0000   0.4133298E+0002  -0.5461792E-0003  -0.2642881E-0003  -0.3596048E-0001  -0.9185110E+0002
     6.27200   0.9289223E+0000   0.2574420E+0000   0.4133309E+0002  -0.5470751E-0003  -0.2239794E-0003  -0.3197969E-0001  -0.9185133E+0002
     6.27600   0.9299007E+0000   0.2446098E+0000   0.4133321E+0002  -0.5478321E-0003  -0.1892563E-0003  -0.2841941E-0001  -0.9185159E+0002
     6.28000   0.9308293E+0000   0.2321397E+0000   0.4133334E+0002  -0.5484706E-0003  -0.1596120E-0003  -0.2526935E-0001  -0.9185188E+0002
     6.28400   0.9317096E+0000   0.2200676E+0000   0.4133348E+0002  -0.5490087E-0003  -0.1345395E-0003  -0.2251913E-0001  -0.9185218E+0002
     6.28800   0.9325433E+0000   0.2084391E+0000   0.4133363E+0002  -0.5494630E-0003  -0.1135609E-0003  -0.2015958E-0001  -0.9185252E+0002
     6.29200   0.9333326E+0000   0.1973171E+0000   0.4133379E+0002  -0.5498479E-0003  -0.9623714E-0004  -0.1818273E-0001  -0.9185287E+0002
     6.29600   0.9340797E+0000   0.1867780E+0000   0.4133396E+0002  -0.5501766E-0003  -0.8216363E-0004  -0.1658039E-0001  -0.9185325E+0002
     6.30000   0.9347873E+0000   0.1769022E+0000   0.4133414E+0002  -0.5504604E-0003  -0.7096120E-0004  -0.1534236E-0001  -0.9185365E+0002
     6.30400   0.9354583E+0000   0.1677593E+0000   0.4133432E+0002  -0.5507095E-0003  -0.6226872E-0004  -0.1445468E-0001  -0.9185406E+0002
     6.30800   0.9360959E+0000   0.1593963E+0000   0.4133452E+0002  -0.5509325E-0003  -0.5574114E-0004  -0.1389879E-0001  -0.9185449E+0002
     6.31200   0.9367032E+0000   0.1518294E+0000   0.4133471E+0002  -0.5511367E-0003  -0.5105287E-0004  -0.1365179E-0001  -0.9185492E+0002
     6.31600   0.9372834E+0000   0.1450441E+0000   0.4133491E+0002  -0.5513283E-0003  -0.4790435E-0004  -0.1368762E-0001  -0.9185535E+0002
     6.32000   0.9378394E+0000   0.1390012E+0000   0.4133510E+0002  -0.5515124E-0003  -0.4602878E-0004  -0.1397874E-0001  -0.9185579E+0002
     6.32400   0.9383740E+0000   0.1336463E+0000   0.4133529E+0002  -0.5516932E-0003  -0.4519661E-0004  -0.1449761E-0001  -0.9185622E+0002
     6.32800   0.9388897E+0000   0.1289194E+0000   0.4133549E+0002  -0.5518741E-0003  -0.4521615E-0004  -0.1521759E-0001  -0.9185665E+0002
     6.33200   0.9393887E+0000   0.1247596E+0000   0.4133568E+0002  -0.5520578E-0003  -0.4593004E-0004  -0.1611307E-0001  -0.9185707E+0002
     6.33600   0.9398732E+0000   0.1211073E+0000   0.4133587E+0002  -0.5522466E-0003  -0.4720887E-0004  -0.1715931E-0001  -0.9185750E+0002
     6.34000   0.9403448E+0000   0.1179033E+0000   0.4133606E+0002  -0.5524424E-0003  -0.4894393E-0004  -0.1833236E-0001  -0.9185792E+0002
     6.34400   0.9408051E+0000   0.1150894E+0000   0.4133625E+0002  -0.5526466E-0003  -0.5104165E-0004  -0.1960936E-0001  -0.9185835E+0002
     6.34800   0.9412556E+0000   0.1126108E+0000   0.4133644E+0002  -0.5528602E-0003  -0.5342101E-0004  -0.2096914E-0001  -0.9185877E+0002
     6.35200   0.9416973E+0000   0.1104196E+0000   0.4133664E+0002  -0.5530843E-0003  -0.5601364E-0004  -0.2239280E-0001  -0.9185921E+0002
     6.35600   0.9421312E+0000   0.1084781E+0000   0.4133684E+0002  -0.5533194E-0003  -0.5876454E-0004  -0.2386375E-0001  -0.9185966E+0002
     6.36000   0.9425582E+0000   0.1067581E+0000   0.4133704E+0002  -0.5535659E-0003  -0.6163146E-0004  -0.2536733E-0001  -0.9186012E+0002
     6.36400   0.9429792E+0000   0.1052389E+0000   0.4133726E+0002  -0.5538242E-0003  -0.6458205E-0004  -0.2689013E-0001  -0.9186060E+0002
     6.36800   0.9433948E+0000   0.1039038E+0000   0.4133748E+0002  -0.5540946E-0003  -0.6759002E-0004  -0.2841949E-0001  -0.9186109E+0002
     6.37200   0.9438057E+0000   0.1027382E+0000   0.4133771E+0002  -0.5543771E-0003  -0.7063240E-0004  -0.2994353E-0001  -0.9186160E+0002
     6.37600   0.9442126E+0000   0.1017298E+0000   0.4133794E+0002  -0.5546719E-0003  -0.7368935E-0004  -0.3145157E-0001  -0.9186213E+0002
     6.38000   0.9446161E+0000   0.1008703E+0000   0.4133819E+0002  -0.5549788E-0003  -0.7674617E-0004  -0.3293467E-0001  -0.9186267E+0002
     6.38400   0.9450167E+0000   0.1001560E+0000   0.4133844E+0002  -0.5552980E-0003  -0.7979557E-0004  -0.3438602E-0001  -0.9186323E+0002
     6.38800   0.9454151E+0000   0.9958659E-0001   0.4133869E+0002  -0.5556294E-0003  -0.8283784E-0004  -0.3580103E-0001  -0.9186379E+0002
     6.39200   0.9458117E+0000   0.9916154E-0001   0.4133894E+0002  -0.5559729E-0003  -0.8587803E-0004  -0.3717691E-0001  -0.9186436E+0002
     6.39600   0.9462072E+0000   0.9887596E-0001   0.4133920E+0002  -0.5563286E-0003  -0.8892106E-0004  -0.3851225E-0001  -0.9186493E+0002
     6.40000   0.9466021E+0000   0.9871777E-0001   0.4133945E+0002  -0.5566964E-0003  -0.9196702E-0004  -0.3980653E-0001  -0.9186550E+0002
     6.40400   0.9469968E+0000   0.9866761E-0001   0.4133970E+0002  -0.5570765E-0003  -0.9500889E-0004  -0.4105988E-0001  -0.9186605E+0002
     6.40800   0.9473916E+0000   0.9870160E-0001   0.4133995E+0002  -0.5574686E-0003  -0.9803352E-0004  -0.4227285E-0001  -0.9186660E+0002
     6.41200   0.9477868E+0000   0.9879580E-0001   0.4134019E+0002  -0.5578727E-0003  -0.1010253E-0003  -0.4344629E-0001  -0.9186714E+0002
     6.41600   0.9481825E+0000   0.9893032E-0001   0.4134042E+0002  -0.5582886E-0003  -0.1039704E-0003  -0.4458111E-0001  -0.9186766E+0002
     6.42000   0.9485789E+0000   0.9909164E-0001   0.4134065E+0002  -0.5587160E-0003  -0.1068595E-0003  -0.4567794E-0001  -0.9186818E+0002
     6.42400   0.9489759E+0000   0.9927242E-0001   0.4134088E+0002  -0.5591548E-0003  -0.1096877E-0003  -0.4673681E-0001  -0.9186869E+0002
     6.42800   0.9493738E+0000   0.9946941E-0001   0.4134111E+0002  -0.5596046E-0003  -0.1124524E-0003  -0.4775701E-0001  -0.9186920E+0002
     6.43200   0.9497726E+0000   0.9968115E-0001   0.4134134E+0002  -0.5600652E-0003  -0.1151511E-0003  -0.4873721E-0001  -0.9186970E+0002
     6.43600   0.9501722E+0000   0.9990654E-0001   0.4134156E+0002  -0.5605363E-0003  -0.1177796E-0003  -0.4967590E-0001  -0.9187020E+0002
     6.44000   0.9505728E+0000   0.1001449E+0000   0.4134178E+0002  -0.5610176E-0003  -0.1203339E-0003  -0.5057187E-0001  -0.9187070E+0002
     6.44400   0.9509743E+0000   0.1003969E+0000   0.4134200E+0002  -0.5615089E-0003  -0.1228118E-0003  -0.5142457E-0001  -0.9187119E+0002
     6.44800   0.9513770E+0000   0.1006649E+0000   0.4134222E+0002  -0.5620098E-0003  -0.1252152E-0003  -0.5223425E-0001  -0.9187168E+0002
     6.45200   0.9517808E+0000   0.1009526E+0000   0.4134244E+0002  -0.5625200E-0003  -0.1275496E-0003  -0.5300177E-0001  -0.9187217E+0002
     6.45600   0.9521859E+0000   0.1012647E+0000   0.4134266E+0002  -0.5630392E-0003  -0.1298233E-0003  -0.5372836E-0001  -0.9187266E+0002
     6.46000   0.9525923E+0000   0.1016069E+0000   0.4134288E+0002  -0.5635674E-0003  -0.1320470E-0003  -0.5441547E-0001  -0.9187314E+0002
     6.46400   0.9530003E+0000   0.1019873E+0000   0.4134309E+0002  -0.5641044E-0003  -0.1342357E-0003  -0.5506476E-0001  -0.9187363E+0002
     6.46800   0.9534099E+0000   0.1024191E+0000   0.4134331E+0002  -0.5646500E-0003  -0.1364117E-0003  -0.5567821E-0001  -0.9187411E+0002
     6.47200   0.9538216E+0000   0.1029222E+0000   0.4134353E+0002  -0.5652045E-0003  -0.1386083E-0003  -0.5625833E-0001  -0.9187461E+0002
     6.47600   0.9542357E+0000   0.1035242E+0000   0.4134376E+0002  -0.5657679E-0003  -0.1408709E-0003  -0.5680826E-0001  -0.9187510E+0002
     6.48000   0.9546527E+0000   0.1042588E+0000   0.4134398E+0002  -0.5663410E-0003  -0.1432565E-0003  -0.5733187E-0001  -0.9187561E+0002
     6.48400   0.9550734E+0000   0.1051639E+0000   0.4134422E+0002  -0.5669243E-0003  -0.1458312E-0003  -0.5783377E-0001  -0.9187613E+0002
     6.48800   0.9554985E+0000   0.1062802E+0000   0.4134445E+0002  -0.5675190E-0003  -0.1486685E-0003  -0.5831934E-0001  -0.9187666E+0002
     6.49200   0.9559291E+0000   0.1076503E+0000   0.4134470E+0002  -0.5681264E-0003  -0.1518485E-0003  -0.5879465E-0001  -0.9187720E+0002
     6.49600   0.9563664E+0000   0.1093181E+0000   0.4134495E+0002  -0.5687482E-0003  -0.1554570E-0003  -0.5926619E-0001  -0.9187777E+0002
     6.50000   0.9568117E+0000   0.1113274E+0000   0.4134521E+0002  -0.5693865E-0003  -0.1595830E-0003  -0.5974056E-0001  -0.9187834E+0002
     6.50400   0.9572666E+0000   0.1137186E+0000   0.4134548E+0002  -0.5700438E-0003  -0.1643143E-0003  -0.6022412E-0001  -0.9187894E+0002
     6.50800   0.9577327E+0000   0.1165243E+0000   0.4134575E+0002  -0.5707227E-0003  -0.1697301E-0003  -0.6072287E-0001  -0.9187955E+0002
     6.51200   0.9582117E+0000   0.1197653E+0000   0.4134603E+0002  -0.5714263E-0003  -0.1758946E-0003  -0.6124237E-0001  -0.9188018E+0002
     6.51600   0.9587055E+0000   0.1234466E+0000   0.4134633E+0002  -0.5721577E-0003  -0.1828509E-0003  -0.6178797E-0001  -0.9188083E+0002
     6.52000   0.9592157E+0000   0.1275541E+0000   0.4134662E+0002  -0.5729201E-0003  -0.1906169E-0003  -0.6236478E-0001  -0.9188149E+0002
     6.52400   0.9597440E+0000   0.1320526E+0000   0.4134693E+0002  -0.5737169E-0003  -0.1991803E-0003  -0.6297749E-0001  -0.9188217E+0002
     6.52800   0.9602915E+0000   0.1368835E+0000   0.4134724E+0002  -0.5745508E-0003  -0.2084938E-0003  -0.6362986E-0001  -0.9188286E+0002
     6.53200   0.9608593E+0000   0.1419630E+0000   0.4134755E+0002  -0.5754247E-0003  -0.2184688E-0003  -0.6432395E-0001  -0.9188356E+0002
     6.53600   0.9614481E+0000   0.1471821E+0000   0.4134786E+0002  -0.5763406E-0003  -0.2289696E-0003  -0.6505937E-0001  -0.9188426E+0002
     6.54000   0.9620577E+0000   0.1524088E+0000   0.4134817E+0002  -0.5772998E-0003  -0.2398098E-0003  -0.6583268E-0001  -0.9188495E+0002
     6.54400   0.9626877E+0000   0.1574923E+0000   0.4134847E+0002  -0.5783028E-0003  -0.2507521E-0003  -0.6663704E-0001  -0.9188562E+0002
     6.54800   0.9633368E+0000   0.1622697E+0000   0.4134876E+0002  -0.5793489E-0003  -0.2615132E-0003  -0.6746224E-0001  -0.9188626E+0002
     6.55200   0.9640030E+0000   0.1665731E+0000   0.4134903E+0002  -0.5804360E-0003  -0.2717710E-0003  -0.6829500E-0001  -0.9188687E+0002
     6.55600   0.9646840E+0000   0.1702379E+0000   0.4134928E+0002  -0.5815607E-0003  -0.2811770E-0003  -0.6911962E-0001  -0.9188742E+0002
     6.56000   0.9653764E+0000   0.1731104E+0000   0.4134950E+0002  -0.5827182E-0003  -0.2893720E-0003  -0.6991888E-0001  -0.9188790E+0002
     6.56400   0.9660767E+0000   0.1750547E+0000   0.4134968E+0002  -0.5839022E-0003  -0.2960044E-0003  -0.7067506E-0001  -0.9188831E+0002
     6.56800   0.9667805E+0000   0.1759602E+0000   0.4134982E+0002  -0.5851052E-0003  -0.3007519E-0003  -0.7137086E-0001  -0.9188862E+0002
     6.57200   0.9674835E+0000   0.1757461E+0000   0.4134992E+0002  -0.5863186E-0003  -0.3033423E-0003  -0.7199016E-0001  -0.9188884E+0002
     6.57600   0.9681809E+0000   0.1743659E+0000   0.4134997E+0002  -0.5875329E-0003  -0.3035709E-0003  -0.7251853E-0001  -0.9188896E+0002
     6.58000   0.9688682E+0000   0.1718085E+0000   0.4134997E+0002  -0.5887381E-0003  -0.3013134E-0003  -0.7294337E-0001  -0.9188896E+0002
     6.58400   0.9695406E+0000   0.1680975E+0000   0.4134992E+0002  -0.5899242E-0003  -0.2965323E-0003  -0.7325419E-0001  -0.9188886E+0002
     6.58800   0.9701937E+0000   0.1632888E+0000   0.4134982E+0002  -0.5910813E-0003  -0.2892772E-0003  -0.7344288E-0001  -0.9188865E+0002
     6.59200   0.9708236E+0000   0.1574665E+0000   0.4134968E+0002  -0.5922001E-0003  -0.2796818E-0003  -0.7350456E-0001  -0.9188833E+0002
     6.59600   0.9714265E+0000   0.1507382E+0000   0.4134950E+0002  -0.5932719E-0003  -0.2679571E-0003  -0.7343907E-0001  -0.9188793E+0002
     6.60000   0.9719995E+0000   0.1432292E+0000   0.4134928E+0002  -0.5942894E-0003  -0.2543832E-0003  -0.7325352E-0001  -0.9188744E+0002
     6.60400   0.9725398E+0000   0.1350776E+0000   0.4134903E+0002  -0.5952466E-0003  -0.2393006E-0003  -0.7296578E-0001  -0.9188688E+0002
     6.60800   0.9730455E+0000   0.1264290E+0000   0.4134875E+0002  -0.5961390E-0003  -0.2231006E-0003  -0.7260816E-0001  -0.9188626E+0002
     6.61200   0.9735152E+0000   0.1174331E+0000   0.4134846E+0002  -0.5969639E-0003  -0.2062117E-0003  -0.7222971E-0001  -0.9188560E+0002
     6.61600   0.9739482E+0000   0.1082397E+0000   0.4134814E+0002  -0.5977202E-0003  -0.1890790E-0003  -0.7189446E-0001  -0.9188491E+0002
     6.62000   0.9743442E+0000   0.9899614E-0001   0.4134782E+0002  -0.5984087E-0003  -0.1721304E-0003  -0.7167324E-0001  -0.9188419E+0002
     6.62400   0.9747035E+0000   0.8984085E-0001   0.4134750E+0002  -0.5990317E-0003  -0.1557321E-0003  -0.7162904E-0001  -0.9188347E+0002
     6.62800   0.9750271E+0000   0.8089613E-0001   0.4134717E+0002  -0.5995922E-0003  -0.1401418E-0003  -0.7179906E-0001  -0.9188274E+0002
     6.63200   0.9753161E+0000   0.7225915E-0001   0.4134684E+0002  -0.6000941E-0003  -0.1254775E-0003  -0.7218056E-0001  -0.9188202E+0002
     6.63600   0.9755721E+0000   0.6399567E-0001   0.4134652E+0002  -0.6005410E-0003  -0.1117194E-0003  -0.7272779E-0001  -0.9188131E+0002
     6.64000   0.9757967E+0000   0.5614059E-0001   0.4134621E+0002  -0.6009360E-0003  -0.9875029E-0004  -0.7336429E-0001  -0.9188061E+0002
     6.64400   0.9759915E+0000   0.4870720E-0001   0.4134590E+0002  -0.6012817E-0003  -0.8642557E-0004  -0.7400672E-0001  -0.9187993E+0002
     6.64800   0.9761583E+0000   0.4170268E-0001   0.4134561E+0002  -0.6015803E-0003  -0.7464533E-0004  -0.7459083E-0001  -0.9187927E+0002
     6.65200   0.9762989E+0000   0.3514247E-0001   0.4134532E+0002  -0.6018339E-0003  -0.6339987E-0004  -0.7508697E-0001  -0.9187865E+0002
     6.65600   0.9764151E+0000   0.2905781E-0001   0.4134505E+0002  -0.6020450E-0003  -0.5277169E-0004  -0.7549765E-0001  -0.9187805E+0002
     6.66000   0.9765091E+0000   0.2348978E-0001   0.4134480E+0002  -0.6022166E-0003  -0.4289323E-0004  -0.7584788E-0001  -0.9187748E+0002
     6.66400   0.9765830E+0000   0.1848068E-0001   0.4134456E+0002  -0.6023522E-0003  -0.3390319E-0004  -0.7616258E-0001  -0.9187695E+0002
     6.66800   0.9766393E+0000   0.1405915E-0001   0.4134434E+0002  -0.6024558E-0003  -0.2589896E-0004  -0.7646704E-0001  -0.9187646E+0002
     6.67200   0.9766802E+0000   0.1022867E-0001   0.4134413E+0002  -0.6025314E-0003  -0.1891809E-0004  -0.7676095E-0001  -0.9187601E+0002
     6.67600   0.9767082E+0000   0.6999800E-0002   0.4134395E+0002  -0.6025834E-0003  -0.1299607E-0004  -0.7701260E-0001  -0.9187560E+0002
     6.68000   0.9767255E+0000   0.4345675E-0002   0.4134378E+0002  -0.6026158E-0003  -0.8094817E-0005  -0.7732627E-0001  -0.9187523E+0002
     6.68400   0.9767349E+0000   0.2335224E-0002   0.4134363E+0002  -0.6026333E-0003  -0.4367626E-0005  -0.7752710E-0001  -0.9187489E+0002
     6.68800   0.9767386E+0000   0.9252843E-0003   0.4134267E+0002  -0.6026402E-0003  -0.1735083E-0005  -0.7759917E-0001  -0.9187458E+0002
     6.69200   0.9767386E+0000  -0.9690599E-0015   0.4133570E+0002  -0.6026402E-0003   0.5934199E-0014  -0.7750768E-0001  -0.9187431E+0002
     6.69600   0.9767386E+0000  -0.1311668E-0014   0.4133014E+0002  -0.6026402E-0003   0.5942383E-0014  -0.7724811E-0001  -0.9187406E+0002
     6.70000   0.9767386E+0000  -0.2842778E-0015   0.4132126E+0002  -0.6026402E-0003   0.5951237E-0014  -0.7683383E-0001  -0.9187383E+0002
     6.70400   0.9767386E+0000  -0.6268857E-0015   0.4131086E+0002  -0.6026402E-0003   0.5962765E-0014  -0.7633856E-0001  -0.9187363E+0002
     6.70800   0.9767386E+0000  -0.9692767E-0015   0.4130070E+0002  -0.6026402E-0003   0.5974293E-0014  -0.7570131E-0001  -0.9187345E+0002
     6.71200   0.9767386E+0000  -0.9692767E-0015   0.4129196E+0002  -0.6026402E-0003   0.5988496E-0014  -0.7510490E-0001  -0.9187329E+0002
     6.71600   0.9767386E+0000  -0.6266689E-0015   0.4128438E+0002  -0.6026402E-0003   0.6000022E-0014  -0.7456402E-0001  -0.9187313E+0002
     6.72000   0.9767386E+0000  -0.9690599E-0015   0.4127775E+0002  -0.6026402E-0003   0.6010881E-0014  -0.7409445E-0001  -0.9187299E+0002
     6.72400   0.9767386E+0000  -0.2840610E-0015   0.4127186E+0002  -0.6026402E-0003   0.6018393E-0014  -0.7370045E-0001  -0.9187285E+0002
     6.72800   0.9767386E+0000  -0.2840610E-0015   0.4126644E+0002  -0.6026402E-0003   0.6024566E-0014  -0.7337083E-0001  -0.9187271E+0002
     6.73200   0.9767386E+0000  -0.6264520E-0015   0.4126126E+0002  -0.6026402E-0003   0.6033416E-0014  -0.7307244E-0001  -0.9187257E+0002
     6.73600   0.9767386E+0000  -0.9688431E-0015   0.4125620E+0002  -0.6026402E-0003   0.6038925E-0014  -0.7276970E-0001  -0.9187243E+0002
     6.74000   0.9767386E+0000  -0.9688431E-0015   0.4125128E+0002  -0.6026402E-0003   0.6046433E-0014  -0.7244512E-0001  -0.9187229E+0002
     6.74400   0.9767386E+0000  -0.9688431E-0015   0.4124658E+0002  -0.6026402E-0003   0.6052613E-0014  -0.7210602E-0001  -0.9187215E+0002
     6.74800   0.9767386E+0000  -0.9688431E-0015   0.4124216E+0002  -0.6026402E-0003   0.6057451E-0014  -0.7177372E-0001  -0.9187200E+0002
     6.75200   0.9767386E+0000  -0.2840610E-0015   0.4123803E+0002  -0.6026402E-0003   0.6064309E-0014  -0.7146573E-0001  -0.9187186E+0002
     6.75600   0.9767386E+0000  -0.9688431E-0015   0.4123415E+0002  -0.6026402E-0003   0.6068469E-0014  -0.7118661E-0001  -0.9187171E+0002
     6.76000   0.9767386E+0000  -0.6264520E-0015   0.4123048E+0002  -0.6026402E-0003   0.6075327E-0014  -0.7093151E-0001  -0.9187157E+0002
     6.76400   0.9767386E+0000  -0.9688431E-0015   0.4122700E+0002  -0.6026402E-0003   0.6078146E-0014  -0.7069489E-0001  -0.9187142E+0002
     6.76800   0.9767386E+0000  -0.6264520E-0015   0.4122367E+0002  -0.6026402E-0003   0.6082320E-0014  -0.7047431E-0001  -0.9187127E+0002
     6.77200   0.9767386E+0000  -0.1653625E-0014   0.4122046E+0002  -0.6026402E-0003   0.6085152E-0014  -0.7026750E-0001  -0.9187112E+0002
     6.77600   0.9767386E+0000  -0.1311234E-0014   0.4121732E+0002  -0.6026402E-0003   0.6091332E-0014  -0.7006853E-0001  -0.9187097E+0002
     6.78000   0.9767386E+0000  -0.2838441E-0015   0.4121422E+0002  -0.6026402E-0003   0.6094165E-0014  -0.6986854E-0001  -0.9187081E+0002
     6.78400   0.9767386E+0000  -0.9686262E-0015   0.4121118E+0002  -0.6026402E-0003   0.6099003E-0014  -0.6966017E-0001  -0.9187065E+0002
     6.78800   0.9767386E+0000  -0.6262352E-0015   0.4120823E+0002  -0.6026402E-0003   0.6101849E-0014  -0.6944096E-0001  -0.9187050E+0002
     6.79200   0.9767386E+0000  -0.6262352E-0015   0.4120537E+0002  -0.6026402E-0003   0.6106010E-0014  -0.6921268E-0001  -0.9187034E+0002
     6.79600   0.9767386E+0000  -0.9686262E-0015   0.4120260E+0002  -0.6026402E-0003   0.6109506E-0014  -0.6897819E-0001  -0.9187018E+0002
     6.80000   0.9767386E+0000  -0.2836273E-0015   0.4119988E+0002  -0.6026402E-0003   0.6113003E-0014  -0.6873930E-0001  -0.9187002E+0002
     6.80400   0.9767386E+0000  -0.9686262E-0015   0.4119720E+0002  -0.6026402E-0003   0.6117177E-0014  -0.6849697E-0001  -0.9186986E+0002
     6.80800   0.9767386E+0000  -0.9686262E-0015   0.4119454E+0002  -0.6026402E-0003   0.6120674E-0014  -0.6825245E-0001  -0.9186969E+0002
     6.81200   0.9767386E+0000  -0.2838441E-0015   0.4119191E+0002  -0.6026402E-0003   0.6123520E-0014  -0.6800767E-0001  -0.9186953E+0002
     6.81600   0.9767386E+0000   0.5865534E-0016   0.4118931E+0002  -0.6026402E-0003   0.6129049E-0014  -0.6776461E-0001  -0.9186936E+0002
     6.82000   0.9767386E+0000  -0.6263436E-0015   0.4118673E+0002  -0.6026402E-0003   0.6130540E-0014  -0.6752483E-0001  -0.9186919E+0002
     6.82400   0.9767386E+0000  -0.6263436E-0015   0.4118417E+0002  -0.6026402E-0003   0.6133372E-0014  -0.6728966E-0001  -0.9186902E+0002
     6.82800   0.9767386E+0000  -0.6263436E-0015   0.4118164E+0002  -0.6026402E-0003   0.6136205E-0014  -0.6706075E-0001  -0.9186886E+0002
     6.83200   0.9767386E+0000  -0.6263436E-0015   0.4117916E+0002  -0.6026402E-0003   0.6142385E-0014  -0.6684018E-0001  -0.9186869E+0002
     6.83600   0.9767386E+0000  -0.6263436E-0015   0.4117673E+0002  -0.6026402E-0003   0.6143211E-0014  -0.6663006E-0001  -0.9186853E+0002
     6.84000   0.9767386E+0000  -0.6263436E-0015   0.4117436E+0002  -0.6026402E-0003   0.6146708E-0014  -0.6643185E-0001  -0.9186837E+0002
     6.84400   0.9767386E+0000  -0.9688431E-0015   0.4117203E+0002  -0.6026402E-0003   0.6150205E-0014  -0.6624600E-0001  -0.9186822E+0002
     6.84800   0.9767386E+0000  -0.9688431E-0015   0.4116974E+0002  -0.6026402E-0003   0.6153701E-0014  -0.6607199E-0001  -0.9186807E+0002
     6.85200   0.9767386E+0000   0.5854692E-0016   0.4116751E+0002  -0.6026402E-0003   0.6155856E-0014  -0.6590866E-0001  -0.9186792E+0002
     6.85600   0.9767386E+0000  -0.6263436E-0015   0.4116532E+0002  -0.6026402E-0003   0.6158024E-0014  -0.6575485E-0001  -0.9186778E+0002
     6.86000   0.9767386E+0000  -0.1311234E-0014   0.4116320E+0002  -0.6026402E-0003   0.6161521E-0014  -0.6561010E-0001  -0.9186764E+0002
     6.86400   0.9767386E+0000  -0.1311234E-0014   0.4116113E+0002  -0.6026402E-0003   0.6164353E-0014  -0.6547528E-0001  -0.9186751E+0002
     6.86800   0.9767386E+0000  -0.1311234E-0014   0.4115910E+0002  -0.6026402E-0003   0.6169192E-0014  -0.6535269E-0001  -0.9186738E+0002
     6.87200   0.9767386E+0000  -0.6263436E-0015   0.4115713E+0002  -0.6026402E-0003   0.6170018E-0014  -0.6524589E-0001  -0.9186725E+0002
     6.87600   0.9767386E+0000  -0.6263436E-0015   0.4115519E+0002  -0.6026402E-0003   0.6172180E-0014  -0.6515909E-0001  -0.9186713E+0002
     6.88000   0.9767386E+0000  -0.6263436E-0015   0.4115330E+0002  -0.6026402E-0003   0.6175677E-0014  -0.6509656E-0001  -0.9186701E+0002
     6.88400   0.9767386E+0000   0.5854692E-0016   0.4115142E+0002  -0.6026402E-0003   0.6178509E-0014  -0.6506197E-0001  -0.9186690E+0002
     6.88800   0.9767386E+0000  -0.6263436E-0015   0.4114956E+0002  -0.6026402E-0003   0.6182009E-0014  -0.6505785E-0001  -0.9186679E+0002
     6.89200   0.9767386E+0000  -0.2838441E-0015   0.4114770E+0002  -0.6026402E-0003   0.6184845E-0014  -0.6508505E-0001  -0.9186668E+0002
     6.89600   0.9767386E+0000  -0.6262352E-0015   0.4114584E+0002  -0.6026402E-0003   0.6185670E-0014  -0.6514264E-0001  -0.9186658E+0002
     6.90000   0.9767386E+0000   0.5865534E-0016   0.4114397E+0002  -0.6026402E-0003   0.6187166E-0014  -0.6522809E-0001  -0.9186648E+0002
     6.90400   0.9767386E+0000  -0.9687346E-0015   0.4114210E+0002  -0.6026402E-0003   0.6191337E-0014  -0.6533793E-0001  -0.9186638E+0002
     6.90800   0.9767386E+0000  -0.1311126E-0014   0.4114023E+0002  -0.6026402E-0003   0.6192160E-0014  -0.6546857E-0001  -0.9186629E+0002
     6.91200   0.9767386E+0000  -0.9686262E-0015   0.4113836E+0002  -0.6026402E-0003   0.6195660E-0014  -0.6561703E-0001  -0.9186619E+0002
     6.91600   0.9767386E+0000  -0.6261268E-0015   0.4113650E+0002  -0.6026402E-0003   0.6196486E-0014  -0.6578134E-0001  -0.9186610E+0002
     6.92000   0.9767386E+0000  -0.1311017E-0014   0.4113466E+0002  -0.6026402E-0003   0.6196642E-0014  -0.6596057E-0001  -0.9186601E+0002
     6.92400   0.9767386E+0000  -0.9685178E-0015   0.4113282E+0002  -0.6026402E-0003   0.6200810E-0014  -0.6615466E-0001  -0.9186593E+0002
     6.92800   0.9767386E+0000  -0.2836273E-0015   0.4113099E+0002  -0.6026402E-0003   0.6204313E-0014  -0.6636402E-0001  -0.9186584E+0002
     6.93200   0.9767386E+0000  -0.9686262E-0015   0.4112917E+0002  -0.6026402E-0003   0.6205133E-0014  -0.6658912E-0001  -0.9186575E+0002
     6.93600   0.9767386E+0000  -0.6262352E-0015   0.4112736E+0002  -0.6026402E-0003   0.6208643E-0014  -0.6683004E-0001  -0.9186567E+0002
     6.94000   0.9767386E+0000  -0.6262352E-0015   0.4112555E+0002  -0.6026402E-0003   0.6210147E-0014  -0.6708602E-0001  -0.9186558E+0002
     6.94400   0.9767386E+0000  -0.2837357E-0015   0.4112375E+0002  -0.6026402E-0003   0.6214308E-0014  -0.6735524E-0001  -0.9186549E+0002
     6.94800   0.9767386E+0000  -0.2837357E-0015   0.4112195E+0002  -0.6026402E-0003   0.6215799E-0014  -0.6763489E-0001  -0.9186541E+0002
     6.95200   0.9767386E+0000  -0.9686262E-0015   0.4112018E+0002  -0.6026402E-0003   0.6217967E-0014  -0.6792159E-0001  -0.9186532E+0002
     6.95600   0.9767386E+0000  -0.2836273E-0015   0.4111842E+0002  -0.6026402E-0003   0.6220109E-0014  -0.6821202E-0001  -0.9186523E+0002
     6.96000   0.9767386E+0000  -0.6261268E-0015   0.4111669E+0002  -0.6026402E-0003   0.6222290E-0014  -0.6850340E-0001  -0.9186515E+0002
     6.96400   0.9767386E+0000  -0.6261268E-0015   0.4111497E+0002  -0.6026402E-0003   0.6225801E-0014  -0.6879393E-0001  -0.9186506E+0002
     6.96800   0.9767386E+0000  -0.2836273E-0015   0.4111328E+0002  -0.6026402E-0003   0.6226627E-0014  -0.6908306E-0001  -0.9186498E+0002
     6.97200   0.9767386E+0000   0.5887218E-0016   0.4111161E+0002  -0.6026402E-0003   0.6230151E-0014  -0.6937167E-0001  -0.9186489E+0002
     6.97600   0.9767386E+0000  -0.6261268E-0015   0.4110994E+0002  -0.6026402E-0003   0.6229636E-0014  -0.6966209E-0001  -0.9186481E+0002
     6.98000   0.9767386E+0000  -0.2837357E-0015   0.4110828E+0002  -0.6026402E-0003   0.6233810E-0014  -0.6995773E-0001  -0.9186472E+0002
     6.98400   0.9767386E+0000  -0.2837357E-0015   0.4110662E+0002  -0.6026402E-0003   0.6234623E-0014  -0.7026237E-0001  -0.9186464E+0002
     6.98800   0.9767386E+0000  -0.2837357E-0015   0.4110496E+0002  -0.6026402E-0003   0.6236141E-0014  -0.7057933E-0001  -0.9186456E+0002
     6.99200   0.9767386E+0000  -0.9686262E-0015   0.4110329E+0002  -0.6026402E-0003   0.6238987E-0014  -0.7091078E-0001  -0.9186447E+0002
     6.99600   0.9767386E+0000   0.5876376E-0016   0.4110164E+0002  -0.6026402E-0003   0.6241156E-0014  -0.7125724E-0001  -0.9186439E+0002
     7.00000   0.9767386E+0000  -0.6261268E-0015   0.4110000E+0002  -0.6026402E-0003   0.6243297E-0014  -0.7161735E-0001  -0.9186431E+0002
     7.00400   0.9767386E+0000   0.5876376E-0016   0.4109839E+0002  -0.6026402E-0003   0.6246143E-0014  -0.7198785E-0001  -0.9186423E+0002
     7.00800   0.9767386E+0000  -0.6261268E-0015   0.4109683E+0002  -0.6026402E-0003   0.6248311E-0014  -0.7236386E-0001  -0.9186415E+0002
     7.01200   0.9767386E+0000  -0.6261268E-0015   0.4109533E+0002  -0.6026402E-0003   0.6249802E-0014  -0.7273959E-0001  -0.9186408E+0002
     7.01600   0.9767386E+0000  -0.9685178E-0015   0.4109390E+0002  -0.6026402E-0003   0.6251971E-0014  -0.7310916E-0001  -0.9186401E+0002
     7.02000   0.9767386E+0000  -0.1311017E-0014   0.4109253E+0002  -0.6026402E-0003   0.6254139E-0014  -0.7346751E-0001  -0.9186394E+0002
     7.02400   0.9767386E+0000  -0.2836273E-0015   0.4109124E+0002  -0.6026402E-0003   0.6253624E-0014  -0.7381101E-0001  -0.9186388E+0002
     7.02800   0.9767386E+0000   0.5887218E-0016   0.4108999E+0002  -0.6026402E-0003   0.6257120E-0014  -0.7413778E-0001  -0.9186383E+0002
     7.03200   0.9767386E+0000  -0.6260183E-0015   0.4108878E+0002  -0.6026402E-0003   0.6259967E-0014  -0.7444770E-0001  -0.9186377E+0002
     7.03600   0.9767386E+0000  -0.6260183E-0015   0.4108759E+0002  -0.6026402E-0003   0.6261457E-0014  -0.7474213E-0001  -0.9186372E+0002
     7.04000   0.9767386E+0000  -0.6260183E-0015   0.4108639E+0002  -0.6026402E-0003   0.6264954E-0014  -0.7502343E-0001  -0.9186368E+0002
     7.04400   0.9767386E+0000  -0.1310909E-0014   0.4108517E+0002  -0.6026402E-0003   0.6263761E-0014  -0.7529431E-0001  -0.9186363E+0002
     7.04800   0.9767386E+0000  -0.9685178E-0015   0.4108392E+0002  -0.6026402E-0003   0.6266607E-0014  -0.7555724E-0001  -0.9186359E+0002
     7.05200   0.9767386E+0000  -0.9685178E-0015   0.4108264E+0002  -0.6026402E-0003   0.6268098E-0014  -0.7581387E-0001  -0.9186355E+0002
     7.05600   0.9767386E+0000  -0.6260183E-0015   0.4108134E+0002  -0.6026402E-0003   0.6269589E-0014  -0.7606473E-0001  -0.9186351E+0002
     7.06000   0.9767386E+0000  -0.2836273E-0015   0.4108002E+0002  -0.6026402E-0003   0.6269751E-0014  -0.7630915E-0001  -0.9186347E+0002
     7.06400   0.9767386E+0000   0.5876376E-0016   0.4107870E+0002  -0.6026402E-0003   0.6272570E-0014  -0.7654534E-0001  -0.9186344E+0002
     7.06800   0.9767386E+0000  -0.2837357E-0015   0.4107740E+0002  -0.6026402E-0003   0.6276067E-0014  -0.7677070E-0001  -0.9186341E+0002
     7.07200   0.9767386E+0000  -0.1311126E-0014   0.4107613E+0002  -0.6026402E-0003   0.6275552E-0014  -0.7698218E-0001  -0.9186338E+0002
     7.07600   0.9767386E+0000   0.5865534E-0016   0.4107489E+0002  -0.6026402E-0003   0.6277720E-0014  -0.7717681E-0001  -0.9186336E+0002
     7.08000   0.9767386E+0000  -0.2838441E-0015   0.4107371E+0002  -0.6026402E-0003   0.6279211E-0014  -0.7735206E-0001  -0.9186334E+0002
     7.08400   0.9767386E+0000   0.5865534E-0016   0.4107256E+0002  -0.6026402E-0003   0.6280702E-0014  -0.7750601E-0001  -0.9186332E+0002
     7.08800   0.9767386E+0000  -0.9686262E-0015   0.4107145E+0002  -0.6026402E-0003   0.6283521E-0014  -0.7763735E-0001  -0.9186331E+0002
     7.09200   0.9767386E+0000   0.5876376E-0016   0.4107036E+0002  -0.6026402E-0003   0.6283006E-0014  -0.7774518E-0001  -0.9186330E+0002
     7.09600   0.9767386E+0000  -0.1311126E-0014   0.4106927E+0002  -0.6026402E-0003   0.6284497E-0014  -0.7782874E-0001  -0.9186328E+0002
     7.10000   0.9767386E+0000  -0.6261268E-0015   0.4106816E+0002  -0.6026402E-0003   0.6285987E-0014  -0.7788717E-0001  -0.9186327E+0002
     7.10400   0.9767386E+0000  -0.1311017E-0014   0.4106701E+0002  -0.6026402E-0003   0.6288156E-0014  -0.7791933E-0001  -0.9186326E+0002
     7.10800   0.9767386E+0000  -0.2836815E-0015   0.4106581E+0002  -0.6026402E-0003   0.6288291E-0014  -0.7792386E-0001  -0.9186325E+0002
     7.11200   0.9767386E+0000   0.4012090E-0015   0.4106455E+0002  -0.6026402E-0003   0.6290460E-0014  -0.7789935E-0001  -0.9186324E+0002
     7.11600   0.9767386E+0000   0.5876376E-0016   0.4106323E+0002  -0.6026402E-0003   0.6290622E-0014  -0.7784477E-0001  -0.9186322E+0002
     7.12000   0.9767386E+0000  -0.9686262E-0015   0.4106185E+0002  -0.6026402E-0003   0.6293468E-0014  -0.7775982E-0001  -0.9186320E+0002
     7.12400   0.9767386E+0000   0.5876376E-0016   0.4106043E+0002  -0.6026402E-0003   0.6295610E-0014  -0.7764537E-0001  -0.9186319E+0002
     7.12800   0.9767386E+0000  -0.1311017E-0014   0.4105898E+0002  -0.6026402E-0003   0.6297778E-0014  -0.7750363E-0001  -0.9186317E+0002
     7.13200   0.9767386E+0000  -0.6261268E-0015   0.4105752E+0002  -0.6026402E-0003   0.6299946E-0014  -0.7733828E-0001  -0.9186314E+0002
     7.13600   0.9767386E+0000   0.5881797E-0016   0.4105607E+0002  -0.6026402E-0003   0.6302765E-0014  -0.7715419E-0001  -0.9186312E+0002
     7.14000   0.9767386E+0000  -0.9685178E-0015   0.4105465E+0002  -0.6026402E-0003   0.6305584E-0014  -0.7695707E-0001  -0.9186310E+0002
     7.14400   0.9767386E+0000  -0.9685178E-0015   0.4105327E+0002  -0.6026402E-0003   0.6304392E-0014  -0.7675281E-0001  -0.9186307E+0002
     7.14800   0.9767386E+0000   0.5881797E-0016   0.4105194E+0002  -0.6026402E-0003   0.6307888E-0014  -0.7654685E-0001  -0.9186304E+0002
     7.15200   0.9767386E+0000  -0.2836273E-0015   0.4105068E+0002  -0.6026402E-0003   0.6309379E-0014  -0.7634358E-0001  -0.9186302E+0002
     7.15600   0.9767386E+0000  -0.2836273E-0015   0.4104947E+0002  -0.6026402E-0003   0.6311547E-0014  -0.7614603E-0001  -0.9186298E+0002
     7.16000   0.9767386E+0000   0.5881797E-0016   0.4104832E+0002  -0.6026402E-0003   0.6313038E-0014  -0.7595578E-0001  -0.9186295E+0002
     7.16400   0.9767386E+0000  -0.2836273E-0015   0.4104721E+0002  -0.6026402E-0003   0.6313851E-0014  -0.7577315E-0001  -0.9186291E+0002
     7.16800   0.9767386E+0000  -0.6260725E-0015   0.4104614E+0002  -0.6026402E-0003   0.6315993E-0014  -0.7559753E-0001  -0.9186287E+0002
     7.17200   0.9767386E+0000  -0.6260725E-0015   0.4104508E+0002  -0.6026402E-0003   0.6316128E-0014  -0.7542772E-0001  -0.9186283E+0002
     7.17600   0.9767386E+0000  -0.2835731E-0015   0.4104403E+0002  -0.6026402E-0003   0.6318947E-0014  -0.7526223E-0001  -0.9186279E+0002
     7.18000   0.9767386E+0000  -0.6260183E-0015   0.4104298E+0002  -0.6026402E-0003   0.6318432E-0014  -0.7509946E-0001  -0.9186274E+0002
     7.18400   0.9767386E+0000  -0.9685178E-0015   0.4104191E+0002  -0.6026402E-0003   0.6320601E-0014  -0.7493770E-0001  -0.9186269E+0002
     7.18800   0.9767386E+0000  -0.9685178E-0015   0.4104083E+0002  -0.6026402E-0003   0.6322091E-0014  -0.7477514E-0001  -0.9186263E+0002
     7.19200   0.9767386E+0000  -0.6260725E-0015   0.4103973E+0002  -0.6026402E-0003   0.6322904E-0014  -0.7460984E-0001  -0.9186258E+0002
     7.19600   0.9767386E+0000  -0.9685178E-0015   0.4103862E+0002  -0.6026402E-0003   0.6324395E-0014  -0.7443990E-0001  -0.9186252E+0002
     7.20000   0.9767386E+0000  -0.9685178E-0015   0.4103751E+0002  -0.6026402E-0003   0.6325886E-0014  -0.7426370E-0001  -0.9186246E+0002
     7.20400   0.9767386E+0000  -0.6260725E-0015   0.4103641E+0002  -0.6026402E-0003   0.6327377E-0014  -0.7408030E-0001  -0.9186240E+0002
     7.20800   0.9767386E+0000  -0.9685449E-0015   0.4103532E+0002  -0.6026402E-0003   0.6329545E-0014  -0.7388982E-0001  -0.9186234E+0002
     7.21200   0.9767386E+0000  -0.9685449E-0015   0.4103424E+0002  -0.6026402E-0003   0.6329708E-0014  -0.7369371E-0001  -0.9186229E+0002
     7.21600   0.9767386E+0000  -0.9685449E-0015   0.4103319E+0002  -0.6026402E-0003   0.6331199E-0014  -0.7349483E-0001  -0.9186223E+0002
     7.22000   0.9767386E+0000  -0.6260996E-0015   0.4103216E+0002  -0.6026402E-0003   0.6331361E-0014  -0.7329730E-0001  -0.9186217E+0002
     7.22400   0.9767386E+0000  -0.6260996E-0015   0.4103114E+0002  -0.6026402E-0003   0.6333530E-0014  -0.7310608E-0001  -0.9186212E+0002
     7.22800   0.9767386E+0000  -0.2836273E-0015   0.4103013E+0002  -0.6026402E-0003   0.6335698E-0014  -0.7292643E-0001  -0.9186206E+0002
     7.23200   0.9767386E+0000  -0.2836273E-0015   0.4102911E+0002  -0.6026402E-0003   0.6335861E-0014  -0.7276332E-0001  -0.9186201E+0002
     7.23600   0.9767386E+0000  -0.6260996E-0015   0.4102808E+0002  -0.6026402E-0003   0.6336674E-0014  -0.7262088E-0001  -0.9186197E+0002
     7.24000   0.9767386E+0000  -0.2836273E-0015   0.4102701E+0002  -0.6026402E-0003   0.6338842E-0014  -0.7250207E-0001  -0.9186192E+0002
     7.24400   0.9767386E+0000  -0.6260725E-0015   0.4102591E+0002  -0.6026402E-0003   0.6339655E-0014  -0.7240849E-0001  -0.9186188E+0002
     7.24800   0.9767386E+0000  -0.6260725E-0015   0.4102476E+0002  -0.6026402E-0003   0.6343179E-0014  -0.7234035E-0001  -0.9186185E+0002
     7.25200   0.9767386E+0000  -0.2836273E-0015   0.4102356E+0002  -0.6026402E-0003   0.6343992E-0014  -0.7229662E-0001  -0.9186181E+0002
     7.25600   0.9767386E+0000  -0.6260725E-0015   0.4102232E+0002  -0.6026402E-0003   0.6344155E-0014  -0.7227523E-0001  -0.9186178E+0002
     7.26000   0.9767386E+0000  -0.2836273E-0015   0.4102104E+0002  -0.6026402E-0003   0.6346974E-0014  -0.7227347E-0001  -0.9186176E+0002
     7.26400   0.9767386E+0000   0.5881797E-0016   0.4101972E+0002  -0.6026402E-0003   0.6347136E-0014  -0.7228833E-0001  -0.9186174E+0002
     7.26800   0.9767386E+0000  -0.6260725E-0015   0.4101838E+0002  -0.6026402E-0003   0.6349982E-0014  -0.7231695E-0001  -0.9186173E+0002
     7.27200   0.9767386E+0000  -0.6260725E-0015   0.4101702E+0002  -0.6026402E-0003   0.6350796E-0014  -0.7235708E-0001  -0.9186172E+0002
     7.27600   0.9767386E+0000  -0.2836273E-0015   0.4101566E+0002  -0.6026402E-0003   0.6351636E-0014  -0.7240742E-0001  -0.9186172E+0002
     7.28000   0.9767386E+0000  -0.2836273E-0015   0.4101430E+0002  -0.6026402E-0003   0.6356460E-0014  -0.7246783E-0001  -0.9186173E+0002
     7.28400   0.9767386E+0000  -0.2836273E-0015   0.4101296E+0002  -0.6026402E-0003   0.6357274E-0014  -0.7253935E-0001  -0.9186173E+0002
     7.28800   0.9767386E+0000   0.5881797E-0016   0.4101163E+0002  -0.6026402E-0003   0.6358087E-0014  -0.7262400E-0001  -0.9186174E+0002
     7.29200   0.9767386E+0000   0.5881797E-0016   0.4101035E+0002  -0.6026402E-0003   0.6358900E-0014  -0.7272448E-0001  -0.9186176E+0002
     7.29600   0.9767386E+0000   0.5881797E-0016   0.4100911E+0002  -0.6026402E-0003   0.6361719E-0014  -0.7284380E-0001  -0.9186178E+0002
     7.30000   0.9767386E+0000   0.4012632E-0015   0.4100793E+0002  -0.6026402E-0003   0.6363210E-0014  -0.7298486E-0001  -0.9186180E+0002
     7.30400   0.9767386E+0000   0.4012632E-0015   0.4100682E+0002  -0.6026402E-0003   0.6366056E-0014  -0.7315018E-0001  -0.9186183E+0002
     7.30800   0.9767386E+0000  -0.6261268E-0015   0.4100579E+0002  -0.6026402E-0003   0.6366896E-0014  -0.7334167E-0001  -0.9186186E+0002
     7.31200   0.9767386E+0000  -0.2836815E-0015   0.4100484E+0002  -0.6026402E-0003   0.6367059E-0014  -0.7356048E-0001  -0.9186189E+0002
     7.31600   0.9767386E+0000  -0.2836815E-0015   0.4100398E+0002  -0.6026402E-0003   0.6368549E-0014  -0.7380699E-0001  -0.9186193E+0002
     7.32000   0.9767386E+0000   0.5879086E-0016   0.4100322E+0002  -0.6026402E-0003   0.6369376E-0014  -0.7408074E-0001  -0.9186197E+0002
     7.32400   0.9767386E+0000  -0.6261268E-0015   0.4100256E+0002  -0.6026402E-0003   0.6373537E-0014  -0.7438051E-0001  -0.9186201E+0002
     7.32800   0.9767386E+0000  -0.9685720E-0015   0.4100199E+0002  -0.6026402E-0003   0.6372344E-0014  -0.7470436E-0001  -0.9186205E+0002
     7.33200   0.9767386E+0000   0.4012632E-0015   0.4100152E+0002  -0.6026402E-0003   0.6372520E-0014  -0.7504983E-0001  -0.9186210E+0002
     7.33600   0.9767386E+0000  -0.9685720E-0015   0.4100114E+0002  -0.6026402E-0003   0.6374011E-0014  -0.7541410E-0001  -0.9186215E+0002
     7.34000   0.9767386E+0000  -0.2836544E-0015   0.4100086E+0002  -0.6026402E-0003   0.6373496E-0014  -0.7579425E-0001  -0.9186220E+0002
     7.34400   0.9767386E+0000  -0.6260996E-0015   0.4100066E+0002  -0.6026402E-0003   0.6375664E-0014  -0.7618764E-0001  -0.9186225E+0002
     7.34800   0.9767386E+0000  -0.6260996E-0015   0.4100056E+0002  -0.6026402E-0003   0.6375149E-0014  -0.7659217E-0001  -0.9186230E+0002
     7.35200   0.9767386E+0000  -0.2836273E-0015   0.4100054E+0002  -0.6026402E-0003   0.6374648E-0014  -0.7700661E-0001  -0.9186235E+0002
     7.35600   0.9767386E+0000  -0.6260996E-0015   0.4100061E+0002  -0.6026402E-0003   0.6375475E-0014  -0.7743094E-0001  -0.9186240E+0002
     7.36000   0.9767386E+0000  -0.6260996E-0015   0.4100077E+0002  -0.6026402E-0003   0.6376301E-0014  -0.7786651E-0001  -0.9186245E+0002
     7.36400   0.9767386E+0000  -0.9685720E-0015   0.4100102E+0002  -0.6026402E-0003   0.6374465E-0014  -0.7831624E-0001  -0.9186250E+0002
     7.36800   0.9767386E+0000  -0.2836544E-0015   0.4100137E+0002  -0.6026402E-0003   0.6373950E-0014  -0.7878466E-0001  -0.9186255E+0002
     7.37200   0.9767386E+0000  -0.6260996E-0015   0.4100182E+0002  -0.6026402E-0003   0.6374777E-0014  -0.7927784E-0001  -0.9186260E+0002
     7.37600   0.9767386E+0000  -0.9685449E-0015   0.4100238E+0002  -0.6026402E-0003   0.6373598E-0014  -0.7980320E-0001  -0.9186264E+0002
     7.38000   0.9767386E+0000   0.4012632E-0015   0.4100307E+0002  -0.6026402E-0003   0.6373089E-0014  -0.8036920E-0001  -0.9186268E+0002
     7.38400   0.9767386E+0000  -0.6260996E-0015   0.4100388E+0002  -0.6026402E-0003   0.6369905E-0014  -0.8098488E-0001  -0.9186273E+0002
     7.38800   0.9767386E+0000  -0.9685720E-0015   0.4100484E+0002  -0.6026402E-0003   0.6367391E-0014  -0.8165932E-0001  -0.9186276E+0002
     7.39200   0.9767386E+0000  -0.6260996E-0015   0.4100594E+0002  -0.6026402E-0003   0.6366876E-0014  -0.8240097E-0001  -0.9186280E+0002
     7.39600   0.9767386E+0000  -0.2836273E-0015   0.4100719E+0002  -0.6026402E-0003   0.6365026E-0014  -0.8321703E-0001  -0.9186283E+0002
     7.40000   0.9767386E+0000  -0.6260996E-0015   0.4100860E+0002  -0.6026402E-0003   0.6366516E-0014  -0.8411273E-0001  -0.9186286E+0002
     7.40400   0.9767386E+0000  -0.2836544E-0015   0.4101016E+0002  -0.6026402E-0003   0.6362668E-0014  -0.8509074E-0001  -0.9186288E+0002
     7.40800   0.9767386E+0000  -0.6261268E-0015   0.4101185E+0002  -0.6026402E-0003   0.6363494E-0014  -0.8615060E-0001  -0.9186290E+0002
     7.41200   0.9767386E+0000  -0.6261268E-0015   0.4101368E+0002  -0.6026402E-0003   0.6360309E-0014  -0.8728833E-0001  -0.9186292E+0002
     7.41600   0.9767386E+0000  -0.6261268E-0015   0.4101560E+0002  -0.6026402E-0003   0.6357125E-0014  -0.8849619E-0001  -0.9186293E+0002
     7.42000   0.9767386E+0000  -0.6261268E-0015   0.4101759E+0002  -0.6026402E-0003   0.6357287E-0014  -0.8976267E-0001  -0.9186294E+0002
     7.42400   0.9767386E+0000  -0.2836815E-0015   0.4101961E+0002  -0.6026402E-0003   0.6351422E-0014  -0.9107274E-0001  -0.9186295E+0002
     7.42800   0.9767386E+0000   0.5876376E-0016   0.4102162E+0002  -0.6026402E-0003   0.6347567E-0014  -0.9240836E-0001  -0.9186295E+0002
     7.43200   0.9767386E+0000  -0.9685991E-0015   0.4102358E+0002  -0.6026402E-0003   0.6347055E-0014  -0.9374926E-0001  -0.9186294E+0002
     7.43600   0.9767386E+0000   0.5876376E-0016   0.4102542E+0002  -0.6026402E-0003   0.6345209E-0014  -0.9507403E-0001  -0.9186293E+0002
     7.44000   0.9767386E+0000  -0.2837086E-0015   0.4102711E+0002  -0.6026402E-0003   0.6342024E-0014  -0.9636138E-0001  -0.9186291E+0002
     7.44400   0.9767386E+0000  -0.9685991E-0015   0.4102862E+0002  -0.6026402E-0003   0.6339506E-0014  -0.9759144E-0001  -0.9186288E+0002
     7.44800   0.9767386E+0000  -0.6261539E-0015   0.4102990E+0002  -0.6026402E-0003   0.6338327E-0014  -0.9874710E-0001  -0.9186285E+0002
     7.45200   0.9767386E+0000  -0.1311071E-0014   0.4103094E+0002  -0.6026402E-0003   0.6333807E-0014  -0.9981512E-0001  -0.9186281E+0002
     7.45600   0.9767386E+0000  -0.2837086E-0015   0.4103173E+0002  -0.6026402E-0003   0.6333963E-0014  -0.1007869E+0000  -0.9186276E+0002
     7.46000   0.9767386E+0000  -0.2837086E-0015   0.4103228E+0002  -0.6026402E-0003   0.6333452E-0014  -0.1016588E+0000  -0.9186271E+0002
     7.46400   0.9767386E+0000  -0.9686262E-0015   0.4103261E+0002  -0.6026402E-0003   0.6332940E-0014  -0.1024323E+0000  -0.9186265E+0002
     7.46800   0.9767386E+0000  -0.6261539E-0015   0.4103273E+0002  -0.6026402E-0003   0.6332432E-0014  -0.1031131E+0000  -0.9186258E+0002
     7.47200   0.9767386E+0000  -0.6261539E-0015   0.4103269E+0002  -0.6026402E-0003   0.6330589E-0014  -0.1037107E+0000  -0.9186251E+0002
     7.47600   0.9767386E+0000  -0.2837086E-0015   0.4103250E+0002  -0.6026402E-0003   0.6334085E-0014  -0.1042369E+0000  -0.9186244E+0002
     7.48000   0.9767386E+0000  -0.2837086E-0015   0.4103221E+0002  -0.6026402E-0003   0.6331571E-0014  -0.1047048E+0000  -0.9186236E+0002
     7.48400   0.9767386E+0000  -0.6261674E-0015   0.4103183E+0002  -0.6026402E-0003   0.6334404E-0014  -0.1051282E+0000  -0.9186227E+0002
     7.48800   0.9767386E+0000  -0.1311085E-0014   0.4103140E+0002  -0.6026402E-0003   0.6331890E-0014  -0.1055198E+0000  -0.9186219E+0002
     7.49200   0.9767386E+0000  -0.1311085E-0014   0.4103093E+0002  -0.6026402E-0003   0.6335400E-0014  -0.1058913E+0000  -0.9186211E+0002
     7.49600   0.9767386E+0000   0.5873665E-0016   0.4103044E+0002  -0.6026402E-0003   0.6334214E-0014  -0.1062525E+0000  -0.9186202E+0002
     7.50000   0.9767386E+0000  -0.1311085E-0014   0.4102993E+0002  -0.6026402E-0003   0.6337047E-0014  -0.1066117E+0000  -0.9186193E+0002
     7.50400   0.9767386E+0000  -0.2837222E-0015   0.4102942E+0002  -0.6026402E-0003   0.6336538E-0014  -0.1069748E+0000  -0.9186184E+0002
     7.50800   0.9767386E+0000  -0.6261674E-0015   0.4102889E+0002  -0.6026402E-0003   0.6336037E-0014  -0.1073465E+0000  -0.9186176E+0002
     7.51200   0.9767386E+0000   0.5873665E-0016   0.4102837E+0002  -0.6026402E-0003   0.6336864E-0014  -0.1077294E+0000  -0.9186167E+0002
     7.51600   0.9767386E+0000  -0.2837222E-0015   0.4102785E+0002  -0.6026402E-0003   0.6335684E-0014  -0.1081247E+0000  -0.9186158E+0002
     7.52000   0.9767386E+0000  -0.2837222E-0015   0.4102734E+0002  -0.6026402E-0003   0.6337175E-0014  -0.1085325E+0000  -0.9186150E+0002
     7.52400   0.9767386E+0000  -0.6261810E-0015   0.4102685E+0002  -0.6026402E-0003   0.6341349E-0014  -0.1089513E+0000  -0.9186141E+0002
     7.52800   0.9767386E+0000  -0.1311085E-0014   0.4102637E+0002  -0.6026402E-0003   0.6338842E-0014  -0.1093787E+0000  -0.9186133E+0002
     7.53200   0.9767386E+0000  -0.1311085E-0014   0.4102592E+0002  -0.6026402E-0003   0.6339005E-0014  -0.1098111E+0000  -0.9186125E+0002
     7.53600   0.9767386E+0000  -0.6261674E-0015   0.4102549E+0002  -0.6026402E-0003   0.6337826E-0014  -0.1102444E+0000  -0.9186117E+0002
     7.54000   0.9767386E+0000  -0.2837086E-0015   0.4102508E+0002  -0.6026402E-0003   0.6342000E-0014  -0.1106740E+0000  -0.9186110E+0002
     7.54400   0.9767386E+0000  -0.2837086E-0015   0.4102470E+0002  -0.6026402E-0003   0.6340821E-0014  -0.1110949E+0000  -0.9186103E+0002
     7.54800   0.9767386E+0000  -0.2837086E-0015   0.4102434E+0002  -0.6026402E-0003   0.6340984E-0014  -0.1115025E+0000  -0.9186096E+0002
     7.55200   0.9767386E+0000  -0.9686127E-0015   0.4102399E+0002  -0.6026402E-0003   0.6341146E-0014  -0.1118926E+0000  -0.9186089E+0002
     7.55600   0.9767386E+0000  -0.6261674E-0015   0.4102366E+0002  -0.6026402E-0003   0.6342637E-0014  -0.1122618E+0000  -0.9186082E+0002
     7.56000   0.9767386E+0000  -0.9686262E-0015   0.4102335E+0002  -0.6026402E-0003   0.6342786E-0014  -0.1126076E+0000  -0.9186076E+0002
     7.56400   0.9767386E+0000  -0.2837086E-0015   0.4102304E+0002  -0.6026402E-0003   0.6340265E-0014  -0.1129285E+0000  -0.9186070E+0002
     7.56800   0.9767386E+0000  -0.9686127E-0015   0.4102275E+0002  -0.6026402E-0003   0.6344426E-0014  -0.1132239E+0000  -0.9186064E+0002
     7.57200   0.9767386E+0000  -0.6261539E-0015   0.4102246E+0002  -0.6026402E-0003   0.6344588E-0014  -0.1134937E+0000  -0.9186058E+0002
     7.57600   0.9767386E+0000  -0.2837086E-0015   0.4102219E+0002  -0.6026402E-0003   0.6344751E-0014  -0.1137385E+0000  -0.9186053E+0002
     7.58000   0.9767386E+0000  -0.6261674E-0015   0.4102193E+0002  -0.6026402E-0003   0.6346242E-0014  -0.1139589E+0000  -0.9186047E+0002
     7.58400   0.9767386E+0000  -0.2837086E-0015   0.4102169E+0002  -0.6026402E-0003   0.6346405E-0014  -0.1141553E+0000  -0.9186042E+0002
     7.58800   0.9767386E+0000  -0.2837086E-0015   0.4102145E+0002  -0.6026402E-0003   0.6345225E-0014  -0.1143276E+0000  -0.9186037E+0002
     7.59200   0.9767386E+0000   0.5873665E-0016   0.4102122E+0002  -0.6026402E-0003   0.6344046E-0014  -0.1144749E+0000  -0.9186032E+0002
     7.59600   0.9767386E+0000  -0.9686262E-0015   0.4102100E+0002  -0.6026402E-0003   0.6346879E-0014  -0.1145957E+0000  -0.9186028E+0002
     7.60000   0.9767386E+0000  -0.2837086E-0015   0.4102077E+0002  -0.6026402E-0003   0.6345700E-0014  -0.1146877E+0000  -0.9186023E+0002
     7.60400   0.9767386E+0000  -0.2837086E-0015   0.4102054E+0002  -0.6026402E-0003   0.6347197E-0014  -0.1147479E+0000  -0.9186019E+0002
     7.60800   0.9767386E+0000   0.5876376E-0016   0.4102030E+0002  -0.6026402E-0003   0.6348695E-0014  -0.1147729E+0000  -0.9186015E+0002
     7.61200   0.9767386E+0000   0.5876376E-0016   0.4102004E+0002  -0.6026402E-0003   0.6348851E-0014  -0.1147590E+0000  -0.9186011E+0002
     7.61600   0.9767386E+0000  -0.1311058E-0014   0.4101976E+0002  -0.6026402E-0003   0.6349010E-0014  -0.1147027E+0000  -0.9186007E+0002
     7.62000   0.9767386E+0000  -0.2836815E-0015   0.4101945E+0002  -0.6026402E-0003   0.6346493E-0014  -0.1146006E+0000  -0.9186003E+0002
     7.62400   0.9767386E+0000   0.5877731E-0016   0.4101912E+0002  -0.6026402E-0003   0.6347988E-0014  -0.1144499E+0000  -0.9186000E+0002
     7.62800   0.9767386E+0000  -0.9685991E-0015   0.4101875E+0002  -0.6026402E-0003   0.6350823E-0014  -0.1142487E+0000  -0.9185996E+0002
     7.63200   0.9767386E+0000  -0.6261403E-0015   0.4101835E+0002  -0.6026402E-0003   0.6350980E-0014  -0.1139955E+0000  -0.9185993E+0002
     7.63600   0.9767386E+0000   0.7436814E-0015   0.4101791E+0002  -0.6026402E-0003   0.6352476E-0014  -0.1136897E+0000  -0.9185989E+0002
     7.64000   0.9767386E+0000   0.4012226E-0015   0.4101744E+0002  -0.6026402E-0003   0.6351297E-0014  -0.1133317E+0000  -0.9185985E+0002
     7.64400   0.9767386E+0000  -0.2836815E-0015   0.4101693E+0002  -0.6026402E-0003   0.6348779E-0014  -0.1129223E+0000  -0.9185981E+0002
     7.64800   0.9767386E+0000  -0.2836815E-0015   0.4101638E+0002  -0.6026402E-0003   0.6351613E-0014  -0.1124629E+0000  -0.9185977E+0002
     7.65200   0.9767386E+0000  -0.1311058E-0014   0.4101580E+0002  -0.6026402E-0003   0.6351771E-0014  -0.1119553E+0000  -0.9185972E+0002
     7.65600   0.9767386E+0000   0.4012226E-0015   0.4101517E+0002  -0.6026402E-0003   0.6351929E-0014  -0.1114016E+0000  -0.9185968E+0002
     7.66000   0.9767386E+0000   0.4012226E-0015   0.4101452E+0002  -0.6026402E-0003   0.6356100E-0014  -0.1108042E+0000  -0.9185963E+0002
     7.66400   0.9767386E+0000  -0.6261539E-0015   0.4101383E+0002  -0.6026402E-0003   0.6356257E-0014  -0.1101653E+0000  -0.9185957E+0002
     7.66800   0.9767386E+0000  -0.9686127E-0015   0.4101312E+0002  -0.6026402E-0003   0.6352402E-0014  -0.1094874E+0000  -0.9185952E+0002
     7.67200   0.9767386E+0000  -0.6261539E-0015   0.4101239E+0002  -0.6026402E-0003   0.6359247E-0014  -0.1087728E+0000  -0.9185946E+0002
     7.67600   0.9767386E+0000  -0.6261539E-0015   0.4101164E+0002  -0.6026402E-0003   0.6356730E-0014  -0.1080239E+0000  -0.9185940E+0002
     7.68000   0.9767386E+0000  -0.6261539E-0015   0.4101087E+0002  -0.6026402E-0003   0.6358224E-0014  -0.1072433E+0000  -0.9185934E+0002
     7.68400   0.9767386E+0000  -0.6261539E-0015   0.4101010E+0002  -0.6026402E-0003   0.6360389E-0014  -0.1064335E+0000  -0.9185928E+0002
     7.68800   0.9767386E+0000  -0.6261539E-0015   0.4100934E+0002  -0.6026402E-0003   0.6363222E-0014  -0.1055976E+0000  -0.9185921E+0002
     7.69200   0.9767386E+0000   0.5875021E-0016   0.4100857E+0002  -0.6026402E-0003   0.6363381E-0014  -0.1047390E+0000  -0.9185915E+0002
     7.69600   0.9767386E+0000  -0.9686127E-0015   0.4100782E+0002  -0.6026402E-0003   0.6364207E-0014  -0.1038617E+0000  -0.9185908E+0002
     7.70000   0.9767386E+0000  -0.2836951E-0015   0.4100709E+0002  -0.6026402E-0003   0.6365034E-0014  -0.1029701E+0000  -0.9185901E+0002
     7.70400   0.9767386E+0000  -0.9686127E-0015   0.4100638E+0002  -0.6026402E-0003   0.6365862E-0014  -0.1020696E+0000  -0.9185895E+0002
     7.70800   0.9767386E+0000  -0.2837018E-0015   0.4100569E+0002  -0.6026402E-0003   0.6365351E-0014  -0.1011657E+0000  -0.9185888E+0002
     7.71200   0.9767386E+0000  -0.6261606E-0015   0.4100503E+0002  -0.6026402E-0003   0.6368853E-0014  -0.1002651E+0000  -0.9185882E+0002
     7.71600   0.9767386E+0000  -0.6261606E-0015   0.4100441E+0002  -0.6026402E-0003   0.6370349E-0014  -0.9937420E-0001  -0.9185876E+0002
     7.72000   0.9767386E+0000  -0.6261606E-0015   0.4100382E+0002  -0.6026402E-0003   0.6367832E-0014  -0.9850008E-0001  -0.9185870E+0002
     7.72400   0.9767386E+0000  -0.6261606E-0015   0.4100327E+0002  -0.6026402E-0003   0.6368659E-0014  -0.9764955E-0001  -0.9185864E+0002
     7.72800   0.9767386E+0000  -0.6261606E-0015   0.4100277E+0002  -0.6026402E-0003   0.6368817E-0014  -0.9682913E-0001  -0.9185859E+0002
     7.73200   0.9767386E+0000  -0.6261606E-0015   0.4100232E+0002  -0.6026402E-0003   0.6369644E-0014  -0.9604483E-0001  -0.9185854E+0002
     7.73600   0.9767386E+0000  -0.1311071E-0014   0.4100192E+0002  -0.6026402E-0003   0.6371138E-0014  -0.9530180E-0001  -0.9185849E+0002
     7.74000   0.9767386E+0000  -0.6261606E-0015   0.4100158E+0002  -0.6026402E-0003   0.6372632E-0014  -0.9460425E-0001  -0.9185844E+0002
     7.74400   0.9767386E+0000  -0.2837018E-0015   0.4100129E+0002  -0.6026402E-0003   0.6373459E-0014  -0.9395523E-0001  -0.9185840E+0002
     7.74800   0.9767386E+0000  -0.9686127E-0015   0.4100106E+0002  -0.6026402E-0003   0.6374282E-0014  -0.9335664E-0001  -0.9185837E+0002
     7.75200   0.9767386E+0000  -0.2836984E-0015   0.4100089E+0002  -0.6026402E-0003   0.6372432E-0014  -0.9280916E-0001  -0.9185833E+0002
     7.75600   0.9767386E+0000  -0.2837018E-0015   0.4100078E+0002  -0.6026402E-0003   0.6375271E-0014  -0.9231235E-0001  -0.9185830E+0002
     7.76000   0.9767386E+0000  -0.6261572E-0015   0.4100073E+0002  -0.6026402E-0003   0.6373421E-0014  -0.9186477E-0001  -0.9185828E+0002
     7.76400   0.9767386E+0000  -0.9686110E-0015   0.4100074E+0002  -0.6026402E-0003   0.6372913E-0014  -0.9146414E-0001  -0.9185825E+0002
     7.76800   0.9767386E+0000  -0.2837018E-0015   0.4100080E+0002  -0.6026402E-0003   0.6373076E-0014  -0.9110752E-0001  -0.9185824E+0002
     7.77200   0.9767386E+0000  -0.6261572E-0015   0.4100091E+0002  -0.6026402E-0003   0.6374573E-0014  -0.9079151E-0001  -0.9185822E+0002
     7.77600   0.9767386E+0000  -0.9686127E-0015   0.4100106E+0002  -0.6026402E-0003   0.6372724E-0014  -0.9051245E-0001  -0.9185821E+0002
     7.78000   0.9767386E+0000  -0.2837052E-0015   0.4100126E+0002  -0.6026402E-0003   0.6371544E-0014  -0.9026657E-0001  -0.9185820E+0002
     7.78400   0.9767386E+0000  -0.9686161E-0015   0.4100149E+0002  -0.6026402E-0003   0.6373713E-0014  -0.9005017E-0001  -0.9185819E+0002
     7.78800   0.9767386E+0000  -0.2837018E-0015   0.4100175E+0002  -0.6026402E-0003   0.6371192E-0014  -0.8985968E-0001  -0.9185819E+0002
     7.79200   0.9767386E+0000  -0.6261606E-0015   0.4100204E+0002  -0.6026402E-0003   0.6374038E-0014  -0.8969177E-0001  -0.9185819E+0002
     7.79600   0.9767386E+0000  -0.9686127E-0015   0.4100234E+0002  -0.6026402E-0003   0.6373537E-0014  -0.8954336E-0001  -0.9185819E+0002
     7.80000   0.9767386E+0000  -0.9686127E-0015   0.4100265E+0002  -0.6026402E-0003   0.6371694E-0014  -0.8941168E-0001  -0.9185820E+0002
     7.80400   0.9767386E+0000  -0.2837086E-0015   0.4100297E+0002  -0.6026402E-0003   0.6372520E-0014  -0.8929422E-0001  -0.9185821E+0002
     7.80800   0.9767386E+0000  -0.9686262E-0015   0.4100329E+0002  -0.6026402E-0003   0.6369999E-0014  -0.8918882E-0001  -0.9185822E+0002
     7.81200   0.9767386E+0000  -0.2837222E-0015   0.4100361E+0002  -0.6026402E-0003   0.6372168E-0014  -0.8909362E-0001  -0.9185823E+0002
     7.81600   0.9767386E+0000  -0.2837222E-0015   0.4100393E+0002  -0.6026402E-0003   0.6370989E-0014  -0.8900716E-0001  -0.9185825E+0002
     7.82000   0.9767386E+0000  -0.2837357E-0015   0.4100423E+0002  -0.6026402E-0003   0.6370474E-0014  -0.8892838E-0001  -0.9185827E+0002
     7.82400   0.9767386E+0000  -0.6261810E-0015   0.4100453E+0002  -0.6026402E-0003   0.6368617E-0014  -0.8885670E-0001  -0.9185829E+0002
     7.82800   0.9767386E+0000  -0.6261810E-0015   0.4100481E+0002  -0.6026402E-0003   0.6369444E-0014  -0.8879206E-0001  -0.9185831E+0002
     7.83200   0.9767386E+0000   0.5873665E-0016   0.4100508E+0002  -0.6026402E-0003   0.6368265E-0014  -0.8873496E-0001  -0.9185833E+0002
     7.83600   0.9767386E+0000  -0.2837357E-0015   0.4100534E+0002  -0.6026402E-0003   0.6369091E-0014  -0.8868643E-0001  -0.9185836E+0002
     7.84000   0.9767386E+0000  -0.6261810E-0015   0.4100559E+0002  -0.6026402E-0003   0.6366571E-0014  -0.8864804E-0001  -0.9185838E+0002
     7.84400   0.9767386E+0000  -0.2837357E-0015   0.4100583E+0002  -0.6026402E-0003   0.6367384E-0014  -0.8862179E-0001  -0.9185840E+0002
     7.84800   0.9767386E+0000  -0.6261810E-0015   0.4100606E+0002  -0.6026402E-0003   0.6368197E-0014  -0.8861004E-0001  -0.9185843E+0002
     7.85200   0.9767386E+0000  -0.2837357E-0015   0.4100628E+0002  -0.6026402E-0003   0.6371043E-0014  -0.8861532E-0001  -0.9185845E+0002
     7.85600   0.9767386E+0000  -0.9686533E-0015   0.4100649E+0002  -0.6026402E-0003   0.6368522E-0014  -0.8864025E-0001  -0.9185847E+0002
     7.86000   0.9767386E+0000  -0.2837357E-0015   0.4100670E+0002  -0.6026402E-0003   0.6366679E-0014  -0.8868733E-0001  -0.9185849E+0002
     7.86400   0.9767386E+0000  -0.9686533E-0015   0.4100690E+0002  -0.6026402E-0003   0.6368197E-0014  -0.8875881E-0001  -0.9185850E+0002
     7.86800   0.9767386E+0000  -0.1311099E-0014   0.4100709E+0002  -0.6026402E-0003   0.6367031E-0014  -0.8885658E-0001  -0.9185852E+0002
     7.87200   0.9767386E+0000   0.5870955E-0016   0.4100728E+0002  -0.6026402E-0003   0.6367194E-0014  -0.8898207E-0001  -0.9185853E+0002
     7.87600   0.9767386E+0000   0.5870955E-0016   0.4100747E+0002  -0.6026402E-0003   0.6368034E-0014  -0.8913622E-0001  -0.9185853E+0002
     7.88000   0.9767386E+0000  -0.2837357E-0015   0.4100764E+0002  -0.6026402E-0003   0.6366191E-0014  -0.8931944E-0001  -0.9185853E+0002
     7.88400   0.9767386E+0000   0.5870955E-0016   0.4100781E+0002  -0.6026402E-0003   0.6365026E-0014  -0.8953170E-0001  -0.9185853E+0002
     7.88800   0.9767386E+0000  -0.2837357E-0015   0.4100796E+0002  -0.6026402E-0003   0.6367194E-0014  -0.8977252E-0001  -0.9185852E+0002
     7.89200   0.9767386E+0000   0.4011819E-0015   0.4100811E+0002  -0.6026402E-0003   0.6366029E-0014  -0.9004116E-0001  -0.9185851E+0002
     7.89600   0.9767386E+0000  -0.2837357E-0015   0.4100824E+0002  -0.6026402E-0003   0.6364836E-0014  -0.9033664E-0001  -0.9185850E+0002
     7.90000   0.9767386E+0000  -0.2837357E-0015   0.4100835E+0002  -0.6026402E-0003   0.6365676E-0014  -0.9065790E-0001  -0.9185848E+0002
     7.90400   0.9767386E+0000   0.5870955E-0016   0.4100844E+0002  -0.6026402E-0003   0.6363183E-0014  -0.9100387E-0001  -0.9185845E+0002
     7.90800   0.9767386E+0000  -0.2837357E-0015   0.4100852E+0002  -0.6026402E-0003   0.6365351E-0014  -0.9137355E-0001  -0.9185842E+0002
     7.91200   0.9767386E+0000  -0.6262081E-0015   0.4100858E+0002  -0.6026402E-0003   0.6364836E-0014  -0.9176604E-0001  -0.9185838E+0002
     7.91600   0.9767386E+0000  -0.6262081E-0015   0.4100862E+0002  -0.6026402E-0003   0.6364321E-0014  -0.9218060E-0001  -0.9185834E+0002
     7.92000   0.9767386E+0000  -0.6262081E-0015   0.4100863E+0002  -0.6026402E-0003   0.6365812E-0014  -0.9261665E-0001  -0.9185829E+0002
     7.92400   0.9767386E+0000  -0.9686804E-0015   0.4100864E+0002  -0.6026402E-0003   0.6364619E-0014  -0.9307373E-0001  -0.9185824E+0002
     7.92800   0.9767386E+0000  -0.9686804E-0015   0.4100862E+0002  -0.6026402E-0003   0.6366137E-0014  -0.9355148E-0001  -0.9185819E+0002
     7.93200   0.9767386E+0000   0.4011277E-0015   0.4100859E+0002  -0.6026402E-0003   0.6364944E-0014  -0.9404962E-0001  -0.9185813E+0002
     7.93600   0.9767386E+0000  -0.2837899E-0015   0.4100854E+0002  -0.6026402E-0003   0.6363779E-0014  -0.9456784E-0001  -0.9185807E+0002
     7.94000   0.9767386E+0000  -0.2837899E-0015   0.4100849E+0002  -0.6026402E-0003   0.6367275E-0014  -0.9510582E-0001  -0.9185800E+0002
     7.94400   0.9767386E+0000  -0.2837899E-0015   0.4100842E+0002  -0.6026402E-0003   0.6361421E-0014  -0.9566311E-0001  -0.9185793E+0002
     7.94800   0.9767386E+0000   0.5865534E-0016   0.4100835E+0002  -0.6026402E-0003   0.6364240E-0014  -0.9623909E-0001  -0.9185786E+0002
     7.95200   0.9767386E+0000  -0.2837899E-0015   0.4100828E+0002  -0.6026402E-0003   0.6363725E-0014  -0.9683298E-0001  -0.9185779E+0002
     7.95600   0.9767386E+0000  -0.1311153E-0014   0.4100820E+0002  -0.6026402E-0003   0.6363887E-0014  -0.9744378E-0001  -0.9185772E+0002
     7.96000   0.9767386E+0000  -0.2837899E-0015   0.4100812E+0002  -0.6026402E-0003   0.6364700E-0014  -0.9807028E-0001  -0.9185765E+0002
     7.96400   0.9767386E+0000  -0.6262352E-0015   0.4100805E+0002  -0.6026402E-0003   0.6362857E-0014  -0.9871105E-0001  -0.9185758E+0002
     7.96800   0.9767386E+0000  -0.6262352E-0015   0.4100798E+0002  -0.6026402E-0003   0.6365703E-0014  -0.9936450E-0001  -0.9185751E+0002
     7.97200   0.9767386E+0000   0.5868244E-0016   0.4100791E+0002  -0.6026402E-0003   0.6362505E-0014  -0.1000289E+0000  -0.9185744E+0002
     7.97600   0.9767386E+0000   0.5865534E-0016   0.4100784E+0002  -0.6026402E-0003   0.6363969E-0014  -0.1007023E+0000  -0.9185737E+0002
     7.98000   0.9767386E+0000   0.5868244E-0016   0.4100778E+0002  -0.6026402E-0003   0.6364836E-0014  -0.1013828E+0000  -0.9185730E+0002
     7.98400   0.9767386E+0000  -0.6262352E-0015   0.4100772E+0002  -0.6026402E-0003   0.6363643E-0014  -0.1020685E+0000  -0.9185724E+0002
     7.98800   0.9767386E+0000  -0.6262352E-0015   0.4100766E+0002  -0.6026402E-0003   0.6363155E-0014  -0.1027574E+0000  -0.9185718E+0002
     7.99200   0.9767386E+0000  -0.2837899E-0015   0.4100761E+0002  -0.6026402E-0003   0.6363318E-0014  -0.1034477E+0000  -0.9185712E+0002
     7.99600   0.9767386E+0000  -0.2837899E-0015   0.4100755E+0002  -0.6026402E-0003   0.6364809E-0014  -0.1041376E+0000  -0.9185706E+0002
     8.00000   0.9767386E+0000   0.5865534E-0016   0.4100750E+0002  -0.6026402E-0003   0.6364971E-0014  -0.1048256E+0000  -0.9185701E+0002
     8.00400   0.9767386E+0000  -0.6262623E-0015   0.4100744E+0002  -0.6026402E-0003   0.6365812E-0014  -0.1055100E+0000  -0.9185696E+0002
     8.00800   0.9767386E+0000  -0.1311166E-0014   0.4100738E+0002  -0.6026402E-0003   0.6365297E-0014  -0.1061897E+0000  -0.9185691E+0002
     8.01200   0.9767386E+0000   0.5865534E-0016   0.4100732E+0002  -0.6026402E-0003   0.6365459E-0014  -0.1068634E+0000  -0.9185686E+0002
     8.01600   0.9767386E+0000  -0.2837967E-0015   0.4100726E+0002  -0.6026402E-0003   0.6366300E-0014  -0.1075303E+0000  -0.9185682E+0002
     8.02000   0.9767386E+0000  -0.6262487E-0015   0.4100720E+0002  -0.6026402E-0003   0.6361095E-0014  -0.1081894E+0000  -0.9185678E+0002
     8.02400   0.9767386E+0000  -0.6262487E-0015   0.4100713E+0002  -0.6026402E-0003   0.6366598E-0014  -0.1088401E+0000  -0.9185673E+0002
     8.02800   0.9767386E+0000  -0.6262453E-0015   0.4100707E+0002  -0.6026402E-0003   0.6365405E-0014  -0.1094818E+0000  -0.9185669E+0002
     8.03200   0.9767386E+0000  -0.9687041E-0015   0.4100701E+0002  -0.6026402E-0003   0.6361556E-0014  -0.1101140E+0000  -0.9185665E+0002
     8.03600   0.9767386E+0000   0.5866211E-0016   0.4100694E+0002  -0.6026402E-0003   0.6365730E-0014  -0.1107365E+0000  -0.9185660E+0002
     8.04000   0.9767386E+0000  -0.6262479E-0015   0.4100689E+0002  -0.6026402E-0003   0.6364538E-0014  -0.1113491E+0000  -0.9185656E+0002
     8.04400   0.9767386E+0000  -0.2837933E-0015   0.4100683E+0002  -0.6026402E-0003   0.6360689E-0014  -0.1119517E+0000  -0.9185651E+0002
     8.04800   0.9767386E+0000   0.5866211E-0016   0.4100679E+0002  -0.6026402E-0003   0.6364863E-0014  -0.1125444E+0000  -0.9185646E+0002
     8.05200   0.9767386E+0000  -0.6262487E-0015   0.4100674E+0002  -0.6026402E-0003   0.6364999E-0014  -0.1131274E+0000  -0.9185641E+0002
     8.05600   0.9767386E+0000  -0.9687143E-0015   0.4100671E+0002  -0.6026402E-0003   0.6365161E-0014  -0.1137007E+0000  -0.9185636E+0002
     8.06000   0.9767386E+0000   0.5866211E-0016   0.4100667E+0002  -0.6026402E-0003   0.6365324E-0014  -0.1142647E+0000  -0.9185630E+0002
     8.06400   0.9767386E+0000  -0.2837899E-0015   0.4100665E+0002  -0.6026402E-0003   0.6364131E-0014  -0.1148195E+0000  -0.9185624E+0002
     8.06800   0.9767386E+0000  -0.2837899E-0015   0.4100662E+0002  -0.6026402E-0003   0.6366977E-0014  -0.1153653E+0000  -0.9185618E+0002
     8.07200   0.9767386E+0000  -0.6262420E-0015   0.4100660E+0002  -0.6026402E-0003   0.6368468E-0014  -0.1159019E+0000  -0.9185612E+0002
     8.07600   0.9767386E+0000  -0.6262420E-0015   0.4100658E+0002  -0.6026402E-0003   0.6367275E-0014  -0.1164293E+0000  -0.9185605E+0002
     8.08000   0.9767386E+0000   0.5867567E-0016   0.4100656E+0002  -0.6026402E-0003   0.6366110E-0014  -0.1169468E+0000  -0.9185598E+0002
     8.08400   0.9767386E+0000  -0.2837831E-0015   0.4100654E+0002  -0.6026402E-0003   0.6366273E-0014  -0.1174537E+0000  -0.9185591E+0002
     8.08800   0.9767386E+0000  -0.2837831E-0015   0.4100652E+0002  -0.6026402E-0003   0.6363752E-0014  -0.1179488E+0000  -0.9185584E+0002
     8.09200   0.9767386E+0000  -0.2837831E-0015   0.4100649E+0002  -0.6026402E-0003   0.6366598E-0014  -0.1184310E+0000  -0.9185576E+0002
     8.09600   0.9767386E+0000  -0.1311146E-0014   0.4100646E+0002  -0.6026402E-0003   0.6369417E-0014  -0.1188986E+0000  -0.9185569E+0002
     8.10000   0.9767386E+0000  -0.9686872E-0015   0.4100643E+0002  -0.6026402E-0003   0.6365568E-0014  -0.1193501E+0000  -0.9185561E+0002
     8.10400   0.9767386E+0000  -0.2837764E-0015   0.4100639E+0002  -0.6026402E-0003   0.6368387E-0014  -0.1197838E+0000  -0.9185554E+0002
     8.10800   0.9767386E+0000   0.5868244E-0016   0.4100634E+0002  -0.6026402E-0003   0.6365893E-0014  -0.1201983E+0000  -0.9185547E+0002
     8.11200   0.9767386E+0000  -0.9686804E-0015   0.4100630E+0002  -0.6026402E-0003   0.6367411E-0014  -0.1205923E+0000  -0.9185540E+0002
     8.11600   0.9767386E+0000  -0.6262216E-0015   0.4100624E+0002  -0.6026402E-0003   0.6368875E-0014  -0.1209649E+0000  -0.9185532E+0002
     8.12000   0.9767386E+0000   0.5868922E-0016   0.4100619E+0002  -0.6026402E-0003   0.6367682E-0014  -0.1213154E+0000  -0.9185526E+0002
     8.12400   0.9767386E+0000  -0.2837696E-0015   0.4100613E+0002  -0.6026402E-0003   0.6367790E-0014  -0.1216437E+0000  -0.9185519E+0002
     8.12800   0.9767386E+0000  -0.9686737E-0015   0.4100608E+0002  -0.6026402E-0003   0.6366652E-0014  -0.1219504E+0000  -0.9185513E+0002
     8.13200   0.9767386E+0000   0.5868922E-0016   0.4100602E+0002  -0.6026402E-0003   0.6368116E-0014  -0.1222362E+0000  -0.9185507E+0002
     8.13600   0.9767386E+0000   0.5868922E-0016   0.4100597E+0002  -0.6026402E-0003   0.6369634E-0014  -0.1225024E+0000  -0.9185501E+0002
     8.14000   0.9767386E+0000  -0.6262216E-0015   0.4100592E+0002  -0.6026402E-0003   0.6368441E-0014  -0.1227506E+0000  -0.9185496E+0002
     8.14400   0.9767386E+0000  -0.9686669E-0015   0.4100587E+0002  -0.6026402E-0003   0.6369959E-0014  -0.1229827E+0000  -0.9185491E+0002
     8.14800   0.9767386E+0000  -0.9686533E-0015   0.4100583E+0002  -0.6026402E-0003   0.6370121E-0014  -0.1232005E+0000  -0.9185487E+0002
     8.15200   0.9767386E+0000  -0.9686669E-0015   0.4100579E+0002  -0.6026402E-0003   0.6366273E-0014  -0.1234062E+0000  -0.9185483E+0002
     8.15600   0.9767386E+0000  -0.2837628E-0015   0.4100576E+0002  -0.6026402E-0003   0.6365080E-0014  -0.1236013E+0000  -0.9185480E+0002
     8.16000   0.9767386E+0000  -0.1653584E-0014   0.4100573E+0002  -0.6026402E-0003   0.6367899E-0014  -0.1237874E+0000  -0.9185477E+0002
     8.16400   0.9767386E+0000  -0.9686804E-0015   0.4100571E+0002  -0.6026402E-0003   0.6366706E-0014  -0.1239657E+0000  -0.9185474E+0002
     8.16800   0.9767386E+0000  -0.9686804E-0015   0.4100570E+0002  -0.6026402E-0003   0.6366869E-0014  -0.1241372E+0000  -0.9185472E+0002
     8.17200   0.9767386E+0000   0.5868244E-0016   0.4100568E+0002  -0.6026402E-0003   0.6368333E-0014  -0.1243022E+0000  -0.9185470E+0002
     8.17600   0.9767386E+0000  -0.6262081E-0015   0.4100568E+0002  -0.6026402E-0003   0.6367194E-0014  -0.1244610E+0000  -0.9185469E+0002
     8.18000   0.9767386E+0000  -0.1311126E-0014   0.4100568E+0002  -0.6026402E-0003   0.6368658E-0014  -0.1246133E+0000  -0.9185469E+0002
     8.18400   0.9767386E+0000  -0.6262081E-0015   0.4100568E+0002  -0.6026402E-0003   0.6367465E-0014  -0.1247590E+0000  -0.9185469E+0002
     8.18800   0.9767386E+0000   0.5870955E-0016   0.4100569E+0002  -0.6026402E-0003   0.6363616E-0014  -0.1248975E+0000  -0.9185469E+0002
     8.19200   0.9767386E+0000  -0.2837628E-0015   0.4100570E+0002  -0.6026402E-0003   0.6366435E-0014  -0.1250284E+0000  -0.9185470E+0002
     8.19600   0.9767386E+0000  -0.1653571E-0014   0.4100571E+0002  -0.6026402E-0003   0.6366598E-0014  -0.1251514E+0000  -0.9185472E+0002
     8.20000   0.9767386E+0000   0.5870955E-0016   0.4100573E+0002  -0.6026402E-0003   0.6366760E-0014  -0.1252663E+0000  -0.9185474E+0002
     8.20400   0.9767386E+0000  -0.2837357E-0015   0.4100575E+0002  -0.6026402E-0003   0.6369579E-0014  -0.1253730E+0000  -0.9185476E+0002
     8.20800   0.9767386E+0000  -0.9686804E-0015   0.4100577E+0002  -0.6026402E-0003   0.6367086E-0014  -0.1254720E+0000  -0.9185479E+0002
     8.21200   0.9767386E+0000  -0.6262352E-0015   0.4100579E+0002  -0.6026402E-0003   0.6367248E-0014  -0.1255638E+0000  -0.9185482E+0002
     8.21600   0.9767386E+0000   0.5865534E-0016   0.4100581E+0002  -0.6026402E-0003   0.6367357E-0014  -0.1256490E+0000  -0.9185486E+0002
     8.22000   0.9767386E+0000   0.4011548E-0015   0.4100584E+0002  -0.6026402E-0003   0.6364809E-0014  -0.1257287E+0000  -0.9185490E+0002
     8.22400   0.9767386E+0000  -0.1311126E-0014   0.4100586E+0002  -0.6026402E-0003   0.6364917E-0014  -0.1258039E+0000  -0.9185495E+0002
     8.22800   0.9767386E+0000   0.5865534E-0016   0.4100589E+0002  -0.6026402E-0003   0.6367790E-0014  -0.1258758E+0000  -0.9185500E+0002
     8.23200   0.9767386E+0000   0.5865534E-0016   0.4100593E+0002  -0.6026402E-0003   0.6365297E-0014  -0.1259457E+0000  -0.9185504E+0002
     8.23600   0.9767386E+0000   0.5865534E-0016   0.4100596E+0002  -0.6026402E-0003   0.6365405E-0014  -0.1260146E+0000  -0.9185510E+0002
     8.24000   0.9767386E+0000   0.5865534E-0016   0.4100600E+0002  -0.6026402E-0003   0.6366923E-0014  -0.1260836E+0000  -0.9185515E+0002
     8.24400   0.9767386E+0000   0.5865534E-0016   0.4100604E+0002  -0.6026402E-0003   0.6368387E-0014  -0.1261536E+0000  -0.9185521E+0002
     8.24800   0.9767386E+0000   0.5865534E-0016   0.4100608E+0002  -0.6026402E-0003   0.6367194E-0014  -0.1262256E+0000  -0.9185526E+0002
     8.25200   0.9767386E+0000  -0.2838441E-0015   0.4100613E+0002  -0.6026402E-0003   0.6367303E-0014  -0.1263002E+0000  -0.9185532E+0002
     8.25600   0.9767386E+0000   0.5865534E-0016   0.4100619E+0002  -0.6026402E-0003   0.6366218E-0014  -0.1263780E+0000  -0.9185537E+0002
     8.26000   0.9767386E+0000  -0.6262352E-0015   0.4100625E+0002  -0.6026402E-0003   0.6366435E-0014  -0.1264596E+0000  -0.9185542E+0002
     8.26400   0.9767386E+0000  -0.9687346E-0015   0.4100631E+0002  -0.6026402E-0003   0.6366544E-0014  -0.1265455E+0000  -0.9185548E+0002
     8.26800   0.9767386E+0000  -0.9687346E-0015   0.4100638E+0002  -0.6026402E-0003   0.6366652E-0014  -0.1266362E+0000  -0.9185553E+0002
     8.27200   0.9767386E+0000   0.5865534E-0016   0.4100645E+0002  -0.6026402E-0003   0.6366760E-0014  -0.1267320E+0000  -0.9185558E+0002
     8.27600   0.9767386E+0000  -0.9686804E-0015   0.4100653E+0002  -0.6026402E-0003   0.6368278E-0014  -0.1268336E+0000  -0.9185562E+0002
     8.28000   0.9767386E+0000  -0.6261810E-0015   0.4100662E+0002  -0.6026402E-0003   0.6365676E-0014  -0.1269414E+0000  -0.9185566E+0002
     8.28400   0.9767386E+0000  -0.2837899E-0015   0.4100670E+0002  -0.6026402E-0003   0.6363074E-0014  -0.1270559E+0000  -0.9185570E+0002
     8.28800   0.9767386E+0000  -0.9686262E-0015   0.4100679E+0002  -0.6026402E-0003   0.6370013E-0014  -0.1271777E+0000  -0.9185573E+0002
     8.29200   0.9767386E+0000  -0.6262352E-0015   0.4100689E+0002  -0.6026402E-0003   0.6364809E-0014  -0.1273075E+0000  -0.9185576E+0002
     8.29600   0.9767386E+0000  -0.1311126E-0014   0.4100699E+0002  -0.6026402E-0003   0.6366327E-0014  -0.1274457E+0000  -0.9185579E+0002
     8.30000   0.9767386E+0000  -0.6261268E-0015   0.4100709E+0002  -0.6026402E-0003   0.6365134E-0014  -0.1275931E+0000  -0.9185581E+0002
     8.30400   0.9767386E+0000   0.5876376E-0016   0.4100719E+0002  -0.6026402E-0003   0.6366652E-0014  -0.1277502E+0000  -0.9185583E+0002
     8.30800   0.9767386E+0000  -0.9685178E-0015   0.4100730E+0002  -0.6026402E-0003   0.6366760E-0014  -0.1279177E+0000  -0.9185584E+0002
     8.31200   0.9767386E+0000   0.4012632E-0015   0.4100742E+0002  -0.6026402E-0003   0.6365568E-0014  -0.1280962E+0000  -0.9185585E+0002
     8.31600   0.9767386E+0000  -0.2836273E-0015   0.4100754E+0002  -0.6026402E-0003   0.6365676E-0014  -0.1282864E+0000  -0.9185585E+0002
     8.32000   0.9767386E+0000  -0.6260183E-0015   0.4100766E+0002  -0.6026402E-0003   0.6363074E-0014  -0.1284888E+0000  -0.9185585E+0002
     8.32400   0.9767386E+0000  -0.2835189E-0015   0.4100779E+0002  -0.6026402E-0003   0.6365893E-0014  -0.1287040E+0000  -0.9185585E+0002
     8.32800   0.9767386E+0000  -0.2835189E-0015   0.4100793E+0002  -0.6026402E-0003   0.6366110E-0014  -0.1289328E+0000  -0.9185584E+0002
     8.33200   0.9767386E+0000   0.5898060E-0016   0.4100808E+0002  -0.6026402E-0003   0.6366327E-0014  -0.1291757E+0000  -0.9185583E+0002
     8.33600   0.9767386E+0000   0.5898060E-0016   0.4100824E+0002  -0.6026402E-0003   0.6365134E-0014  -0.1294331E+0000  -0.9185582E+0002
     8.34000   0.9767386E+0000  -0.6260183E-0015   0.4100840E+0002  -0.6026402E-0003   0.6364050E-0014  -0.1297057E+0000  -0.9185580E+0002
     8.34400   0.9767386E+0000  -0.2835189E-0015   0.4100857E+0002  -0.6026402E-0003   0.6365568E-0014  -0.1299938E+0000  -0.9185579E+0002
     8.34800   0.9767386E+0000  -0.6259099E-0015   0.4100876E+0002  -0.6026402E-0003   0.6365785E-0014  -0.1302975E+0000  -0.9185577E+0002
     8.35200   0.9767386E+0000  -0.6259099E-0015   0.4100895E+0002  -0.6026402E-0003   0.6366001E-0014  -0.1306172E+0000  -0.9185575E+0002
     8.35600   0.9767386E+0000  -0.2834104E-0015   0.4100915E+0002  -0.6026402E-0003   0.6364917E-0014  -0.1309527E+0000  -0.9185573E+0002
     8.36000   0.9767386E+0000  -0.2834104E-0015   0.4100936E+0002  -0.6026402E-0003   0.6366327E-0014  -0.1313039E+0000  -0.9185571E+0002
     8.36400   0.9767386E+0000  -0.6258015E-0015   0.4100958E+0002  -0.6026402E-0003   0.6359822E-0014  -0.1316704E+0000  -0.9185569E+0002
     8.36800   0.9767386E+0000  -0.6258015E-0015   0.4100981E+0002  -0.6026402E-0003   0.6360038E-0014  -0.1320518E+0000  -0.9185567E+0002
     8.37200   0.9767386E+0000  -0.6258015E-0015   0.4101005E+0002  -0.6026402E-0003   0.6357436E-0014  -0.1324475E+0000  -0.9185565E+0002
     8.37600   0.9767386E+0000  -0.2833020E-0015   0.4101029E+0002  -0.6026402E-0003   0.6360255E-0014  -0.1328570E+0000  -0.9185563E+0002
     8.38000   0.9767386E+0000  -0.6256931E-0015   0.4101055E+0002  -0.6026402E-0003   0.6357762E-0014  -0.1332796E+0000  -0.9185561E+0002
     8.38400   0.9767386E+0000  -0.6256931E-0015   0.4101080E+0002  -0.6026402E-0003   0.6355268E-0014  -0.1337148E+0000  -0.9185558E+0002
     8.38800   0.9767386E+0000  -0.2831936E-0015   0.4101107E+0002  -0.6026402E-0003   0.6359496E-0014  -0.1341621E+0000  -0.9185556E+0002
     8.39200   0.9767386E+0000  -0.6256931E-0015   0.4101134E+0002  -0.6026402E-0003   0.6359605E-0014  -0.1346212E+0000  -0.9185554E+0002
     8.39600   0.9767386E+0000   0.5919744E-0016   0.4101162E+0002  -0.6026402E-0003   0.6357111E-0014  -0.1350920E+0000  -0.9185552E+0002
     8.40000   0.9767386E+0000   0.4015885E-0015   0.4101190E+0002  -0.6026402E-0003   0.6357219E-0014  -0.1355744E+0000  -0.9185549E+0002
     8.40400   0.9767386E+0000  -0.2833020E-0015   0.4101218E+0002  -0.6026402E-0003   0.6356027E-0014  -0.1360687E+0000  -0.9185547E+0002
     8.40800   0.9767386E+0000  -0.6258015E-0015   0.4101248E+0002  -0.6026402E-0003   0.6358846E-0014  -0.1365754E+0000  -0.9185544E+0002
     8.41200   0.9767386E+0000   0.5908902E-0016   0.4101278E+0002  -0.6026402E-0003   0.6357762E-0014  -0.1370948E+0000  -0.9185542E+0002
     8.41600   0.9767386E+0000  -0.2834104E-0015   0.4101308E+0002  -0.6026402E-0003   0.6359279E-0014  -0.1376278E+0000  -0.9185539E+0002
     8.42000   0.9767386E+0000  -0.1310800E-0014   0.4101339E+0002  -0.6026402E-0003   0.6356786E-0014  -0.1381749E+0000  -0.9185536E+0002
     8.42400   0.9767386E+0000  -0.6259099E-0015   0.4101371E+0002  -0.6026402E-0003   0.6355593E-0014  -0.1387370E+0000  -0.9185533E+0002
     8.42800   0.9767386E+0000  -0.2834104E-0015   0.4101403E+0002  -0.6026402E-0003   0.6357003E-0014  -0.1393147E+0000  -0.9185529E+0002
     8.43200   0.9767386E+0000  -0.2834104E-0015   0.4101436E+0002  -0.6026402E-0003   0.6354509E-0014  -0.1399087E+0000  -0.9185526E+0002
     8.43600   0.9767386E+0000  -0.2834104E-0015   0.4101469E+0002  -0.6026402E-0003   0.6357328E-0014  -0.1405196E+0000  -0.9185523E+0002
     8.44000   0.9767386E+0000  -0.9683010E-0015   0.4101503E+0002  -0.6026402E-0003   0.6356135E-0014  -0.1411478E+0000  -0.9185519E+0002
     8.44400   0.9767386E+0000   0.5898060E-0016   0.4101538E+0002  -0.6026402E-0003   0.6353642E-0014  -0.1417935E+0000  -0.9185516E+0002
     8.44800   0.9767386E+0000   0.5898060E-0016   0.4101574E+0002  -0.6026402E-0003   0.6353750E-0014  -0.1424571E+0000  -0.9185512E+0002
     8.45200   0.9767386E+0000  -0.1310909E-0014   0.4101610E+0002  -0.6026402E-0003   0.6353858E-0014  -0.1431384E+0000  -0.9185509E+0002
     8.45600   0.9767386E+0000  -0.2835189E-0015   0.4101647E+0002  -0.6026402E-0003   0.6351365E-0014  -0.1438376E+0000  -0.9185506E+0002
     8.46000   0.9767386E+0000  -0.2835189E-0015   0.4101684E+0002  -0.6026402E-0003   0.6354184E-0014  -0.1445543E+0000  -0.9185503E+0002
     8.46400   0.9767386E+0000  -0.2835189E-0015   0.4101723E+0002  -0.6026402E-0003   0.6352991E-0014  -0.1452884E+0000  -0.9185500E+0002
     8.46800   0.9767386E+0000  -0.9685178E-0015   0.4101761E+0002  -0.6026402E-0003   0.6351798E-0014  -0.1460395E+0000  -0.9185497E+0002
     8.47200   0.9767386E+0000  -0.6260183E-0015   0.4101801E+0002  -0.6026402E-0003   0.6350606E-0014  -0.1468073E+0000  -0.9185495E+0002
     8.47600   0.9767386E+0000   0.4013716E-0015   0.4101841E+0002  -0.6026402E-0003   0.6353425E-0014  -0.1475914E+0000  -0.9185493E+0002
     8.48000   0.9767386E+0000  -0.9685178E-0015   0.4101882E+0002  -0.6026402E-0003   0.6349522E-0014  -0.1483914E+0000  -0.9185491E+0002
     8.48400   0.9767386E+0000  -0.6260183E-0015   0.4101924E+0002  -0.6026402E-0003   0.6353750E-0014  -0.1492069E+0000  -0.9185490E+0002
     8.48800   0.9767386E+0000  -0.9685178E-0015   0.4101966E+0002  -0.6026402E-0003   0.6351256E-0014  -0.1500375E+0000  -0.9185489E+0002
     8.49200   0.9767386E+0000  -0.6261268E-0015   0.4102009E+0002  -0.6026402E-0003   0.6350064E-0014  -0.1508829E+0000  -0.9185488E+0002
     8.49600   0.9767386E+0000  -0.1311017E-0014   0.4102053E+0002  -0.6026402E-0003   0.6350172E-0014  -0.1517428E+0000  -0.9185488E+0002
     8.50000   0.9767386E+0000  -0.6261268E-0015   0.4102098E+0002  -0.6026402E-0003   0.6348980E-0014  -0.1526167E+0000  -0.9185489E+0002
     8.50400   0.9767386E+0000  -0.9686262E-0015   0.4102145E+0002  -0.6026402E-0003   0.6350497E-0014  -0.1535043E+0000  -0.9185490E+0002
     8.50800   0.9767386E+0000  -0.2836273E-0015   0.4102192E+0002  -0.6026402E-0003   0.6345293E-0014  -0.1544053E+0000  -0.9185491E+0002
     8.51200   0.9767386E+0000   0.5887218E-0016   0.4102240E+0002  -0.6026402E-0003   0.6346703E-0014  -0.1553189E+0000  -0.9185493E+0002
     8.51600   0.9767386E+0000  -0.6260183E-0015   0.4102290E+0002  -0.6026402E-0003   0.6344101E-0014  -0.1562446E+0000  -0.9185495E+0002
     8.52000   0.9767386E+0000  -0.6260183E-0015   0.4102341E+0002  -0.6026402E-0003   0.6344209E-0014  -0.1571816E+0000  -0.9185498E+0002
     8.52400   0.9767386E+0000  -0.2835189E-0015   0.4102393E+0002  -0.6026402E-0003   0.6344317E-0014  -0.1581286E+0000  -0.9185501E+0002
     8.52800   0.9767386E+0000  -0.9684094E-0015   0.4102446E+0002  -0.6026402E-0003   0.6347245E-0014  -0.1590845E+0000  -0.9185504E+0002
     8.53200   0.9767386E+0000  -0.2835189E-0015   0.4102501E+0002  -0.6026402E-0003   0.6344751E-0014  -0.1600474E+0000  -0.9185508E+0002
     8.53600   0.9767386E+0000  -0.6260183E-0015   0.4102557E+0002  -0.6026402E-0003   0.6342257E-0014  -0.1610154E+0000  -0.9185512E+0002
     8.54000   0.9767386E+0000  -0.1311017E-0014   0.4102614E+0002  -0.6026402E-0003   0.6338354E-0014  -0.1619861E+0000  -0.9185517E+0002
     8.54400   0.9767386E+0000   0.5876376E-0016   0.4102672E+0002  -0.6026402E-0003   0.6337162E-0014  -0.1629568E+0000  -0.9185521E+0002
     8.54800   0.9767386E+0000  -0.6261268E-0015   0.4102731E+0002  -0.6026402E-0003   0.6334560E-0014  -0.1639244E+0000  -0.9185526E+0002
     8.55200   0.9767386E+0000   0.5876376E-0016   0.4102791E+0002  -0.6026402E-0003   0.6336077E-0014  -0.1648854E+0000  -0.9185531E+0002
     8.55600   0.9767386E+0000  -0.2836273E-0015   0.4102851E+0002  -0.6026402E-0003   0.6336294E-0014  -0.1658364E+0000  -0.9185537E+0002
     8.56000   0.9767386E+0000   0.4013716E-0015   0.4102911E+0002  -0.6026402E-0003   0.6336403E-0014  -0.1667733E+0000  -0.9185542E+0002
     8.56400   0.9767386E+0000  -0.6260183E-0015   0.4102971E+0002  -0.6026402E-0003   0.6336620E-0014  -0.1676924E+0000  -0.9185547E+0002
     8.56800   0.9767386E+0000   0.5887218E-0016   0.4103030E+0002  -0.6026402E-0003   0.6336728E-0014  -0.1685898E+0000  -0.9185553E+0002
     8.57200   0.9767386E+0000   0.4012632E-0015   0.4103090E+0002  -0.6026402E-0003   0.6335535E-0014  -0.1694618E+0000  -0.9185558E+0002
     8.57600   0.9767386E+0000   0.5876376E-0016   0.4103148E+0002  -0.6026402E-0003   0.6335644E-0014  -0.1703049E+0000  -0.9185564E+0002
     8.58000   0.9767386E+0000  -0.2837357E-0015   0.4103205E+0002  -0.6026402E-0003   0.6333150E-0014  -0.1711160E+0000  -0.9185569E+0002
     8.58400   0.9767386E+0000  -0.6262352E-0015   0.4103261E+0002  -0.6026402E-0003   0.6334668E-0014  -0.1718926E+0000  -0.9185575E+0002
     8.58800   0.9767386E+0000  -0.2837357E-0015   0.4103316E+0002  -0.6026402E-0003   0.6334885E-0014  -0.1726325E+0000  -0.9185580E+0002
     8.59200   0.9767386E+0000   0.7435458E-0015   0.4103369E+0002  -0.6026402E-0003   0.6334993E-0014  -0.1733345E+0000  -0.9185585E+0002
     8.59600   0.9767386E+0000  -0.6262352E-0015   0.4103420E+0002  -0.6026402E-0003   0.6329789E-0014  -0.1739980E+0000  -0.9185590E+0002
     8.60000   0.9767386E+0000  -0.2838441E-0015   0.4103469E+0002  -0.6026402E-0003   0.6331307E-0014  -0.1746230E+0000  -0.9185595E+0002
     8.60400   0.9767386E+0000  -0.9687346E-0015   0.4103517E+0002  -0.6026402E-0003   0.6326103E-0014  -0.1752104E+0000  -0.9185599E+0002
     8.60800   0.9767386E+0000  -0.6263436E-0015   0.4103563E+0002  -0.6026402E-0003   0.6324910E-0014  -0.1757618E+0000  -0.9185604E+0002
     8.61200   0.9767386E+0000  -0.6263436E-0015   0.4103607E+0002  -0.6026402E-0003   0.6330440E-0014  -0.1762795E+0000  -0.9185609E+0002
     8.61600   0.9767386E+0000  -0.6263436E-0015   0.4103649E+0002  -0.6026402E-0003   0.6330548E-0014  -0.1767664E+0000  -0.9185613E+0002
     8.62000   0.9767386E+0000   0.5854692E-0016   0.4103690E+0002  -0.6026402E-0003   0.6328054E-0014  -0.1772260E+0000  -0.9185618E+0002
     8.62400   0.9767386E+0000  -0.1311343E-0014   0.4103730E+0002  -0.6026402E-0003   0.6329464E-0014  -0.1776623E+0000  -0.9185622E+0002
     8.62800   0.9767386E+0000   0.5854692E-0016   0.4103768E+0002  -0.6026402E-0003   0.6325669E-0014  -0.1780796E+0000  -0.9185627E+0002
     8.63200   0.9767386E+0000  -0.2839525E-0015   0.4103805E+0002  -0.6026402E-0003   0.6329789E-0014  -0.1784826E+0000  -0.9185631E+0002
     8.63600   0.9767386E+0000  -0.2839525E-0015   0.4103842E+0002  -0.6026402E-0003   0.6329898E-0014  -0.1788760E+0000  -0.9185636E+0002
     8.64000   0.9767386E+0000  -0.2839525E-0015   0.4103878E+0002  -0.6026402E-0003   0.6323284E-0014  -0.1792648E+0000  -0.9185641E+0002
     8.64400   0.9767386E+0000  -0.1311343E-0014   0.4103914E+0002  -0.6026402E-0003   0.6324802E-0014  -0.1796539E+0000  -0.9185647E+0002
     8.64800   0.9767386E+0000  -0.2839525E-0015   0.4103949E+0002  -0.6026402E-0003   0.6323609E-0014  -0.1800482E+0000  -0.9185652E+0002
     8.65200   0.9767386E+0000  -0.2839525E-0015   0.4103985E+0002  -0.6026402E-0003   0.6319706E-0014  -0.1804522E+0000  -0.9185658E+0002
     8.65600   0.9767386E+0000  -0.6263436E-0015   0.4104022E+0002  -0.6026402E-0003   0.6317212E-0014  -0.1808706E+0000  -0.9185665E+0002
     8.66000   0.9767386E+0000  -0.2839525E-0015   0.4104058E+0002  -0.6026402E-0003   0.6320031E-0014  -0.1813074E+0000  -0.9185671E+0002
     8.66400   0.9767386E+0000   0.5854692E-0016   0.4104096E+0002  -0.6026402E-0003   0.6324151E-0014  -0.1817666E+0000  -0.9185679E+0002
     8.66800   0.9767386E+0000  -0.9688431E-0015   0.4104135E+0002  -0.6026402E-0003   0.6317538E-0014  -0.1822515E+0000  -0.9185686E+0002
     8.67200   0.9767386E+0000  -0.6263436E-0015   0.4104174E+0002  -0.6026402E-0003   0.6323067E-0014  -0.1827654E+0000  -0.9185694E+0002
     8.67600   0.9767386E+0000  -0.6263436E-0015   0.4104215E+0002  -0.6026402E-0003   0.6319272E-0014  -0.1833109E+0000  -0.9185702E+0002
     8.68000   0.9767386E+0000   0.5854692E-0016   0.4104257E+0002  -0.6026402E-0003   0.6323501E-0014  -0.1838902E+0000  -0.9185711E+0002
     8.68400   0.9767386E+0000  -0.9688431E-0015   0.4104301E+0002  -0.6026402E-0003   0.6316996E-0014  -0.1845053E+0000  -0.9185720E+0002
     8.68800   0.9767386E+0000  -0.9688431E-0015   0.4104346E+0002  -0.6026402E-0003   0.6322525E-0014  -0.1851575E+0000  -0.9185730E+0002
     8.69200   0.9767386E+0000  -0.6264520E-0015   0.4104392E+0002  -0.6026402E-0003   0.6318622E-0014  -0.1858479E+0000  -0.9185739E+0002
     8.69600   0.9767386E+0000  -0.9689515E-0015   0.4104440E+0002  -0.6026402E-0003   0.6320140E-0014  -0.1865772E+0000  -0.9185749E+0002
     8.70000   0.9767386E+0000  -0.9689515E-0015   0.4104490E+0002  -0.6026402E-0003   0.6313635E-0014  -0.1873455E+0000  -0.9185759E+0002
     8.70400   0.9767386E+0000  -0.6264520E-0015   0.4104540E+0002  -0.6026402E-0003   0.6316453E-0014  -0.1881530E+0000  -0.9185769E+0002
     8.70800   0.9767386E+0000  -0.6264520E-0015   0.4104592E+0002  -0.6026402E-0003   0.6320573E-0014  -0.1889992E+0000  -0.9185779E+0002
     8.71200   0.9767386E+0000  -0.2839525E-0015   0.4104645E+0002  -0.6026402E-0003   0.6312767E-0014  -0.1898837E+0000  -0.9185789E+0002
     8.71600   0.9767386E+0000  -0.2839525E-0015   0.4104700E+0002  -0.6026402E-0003   0.6312984E-0014  -0.1908053E+0000  -0.9185799E+0002
     8.72000   0.9767386E+0000  -0.2839525E-0015   0.4104755E+0002  -0.6026402E-0003   0.6314502E-0014  -0.1917632E+0000  -0.9185809E+0002
     8.72400   0.9767386E+0000  -0.6263436E-0015   0.4104810E+0002  -0.6026402E-0003   0.6312008E-0014  -0.1927557E+0000  -0.9185818E+0002
     8.72800   0.9767386E+0000  -0.6263436E-0015   0.4104867E+0002  -0.6026402E-0003   0.6308105E-0014  -0.1937812E+0000  -0.9185827E+0002
     8.73200   0.9767386E+0000  -0.2838441E-0015   0.4104923E+0002  -0.6026402E-0003   0.6308322E-0014  -0.1948379E+0000  -0.9185836E+0002
     8.73600   0.9767386E+0000  -0.2838441E-0015   0.4104980E+0002  -0.6026402E-0003   0.6308539E-0014  -0.1959236E+0000  -0.9185844E+0002
     8.74000   0.9767386E+0000  -0.9688431E-0015   0.4105037E+0002  -0.6026402E-0003   0.6307346E-0014  -0.1970360E+0000  -0.9185851E+0002
     8.74400   0.9767386E+0000  -0.2838441E-0015   0.4105093E+0002  -0.6026402E-0003   0.6310273E-0014  -0.1981728E+0000  -0.9185859E+0002
     8.74800   0.9767386E+0000   0.5854692E-0016   0.4105148E+0002  -0.6026402E-0003   0.6306479E-0014  -0.1993313E+0000  -0.9185865E+0002
     8.75200   0.9767386E+0000  -0.6262352E-0015   0.4105203E+0002  -0.6026402E-0003   0.6305286E-0014  -0.2005088E+0000  -0.9185871E+0002
     8.75600   0.9767386E+0000  -0.2838441E-0015   0.4105256E+0002  -0.6026402E-0003   0.6305503E-0014  -0.2017027E+0000  -0.9185876E+0002
     8.76000   0.9767386E+0000  -0.2838441E-0015   0.4105308E+0002  -0.6026402E-0003   0.6306912E-0014  -0.2029098E+0000  -0.9185881E+0002
     8.76400   0.9767386E+0000  -0.6262352E-0015   0.4105357E+0002  -0.6026402E-0003   0.6305720E-0014  -0.2041273E+0000  -0.9185885E+0002
     8.76800   0.9767386E+0000  -0.9686262E-0015   0.4105405E+0002  -0.6026402E-0003   0.6301817E-0014  -0.2053520E+0000  -0.9185888E+0002
     8.77200   0.9767386E+0000  -0.1311234E-0014   0.4105450E+0002  -0.6026402E-0003   0.6304636E-0014  -0.2065807E+0000  -0.9185891E+0002
     8.77600   0.9767386E+0000   0.4011548E-0015   0.4105491E+0002  -0.6026402E-0003   0.6304852E-0014  -0.2078101E+0000  -0.9185893E+0002
     8.78000   0.9767386E+0000  -0.9686262E-0015   0.4105530E+0002  -0.6026402E-0003   0.6303660E-0014  -0.2090367E+0000  -0.9185895E+0002
     8.78400   0.9767386E+0000  -0.9686262E-0015   0.4105565E+0002  -0.6026402E-0003   0.6302467E-0014  -0.2102571E+0000  -0.9185896E+0002
     8.78800   0.9767386E+0000  -0.2836273E-0015   0.4105596E+0002  -0.6026402E-0003   0.6298564E-0014  -0.2114678E+0000  -0.9185897E+0002
     8.79200   0.9767386E+0000   0.7437627E-0015   0.4105622E+0002  -0.6026402E-0003   0.6304094E-0014  -0.2126651E+0000  -0.9185897E+0002
     8.79600   0.9767386E+0000  -0.2836273E-0015   0.4105644E+0002  -0.6026402E-0003   0.6304310E-0014  -0.2138454E+0000  -0.9185897E+0002
     8.80000   0.9767386E+0000  -0.2836273E-0015   0.4105660E+0002  -0.6026402E-0003   0.6300407E-0014  -0.2150051E+0000  -0.9185897E+0002
     8.80400   0.9767386E+0000   0.5876376E-0016   0.4105671E+0002  -0.6026402E-0003   0.6299215E-0014  -0.2161406E+0000  -0.9185896E+0002
     8.80800   0.9767386E+0000  -0.6260183E-0015   0.4105676E+0002  -0.6026402E-0003   0.6298076E-0014  -0.2172483E+0000  -0.9185896E+0002
     8.81200   0.9767386E+0000   0.5898060E-0016   0.4105674E+0002  -0.6026402E-0003   0.6299594E-0014  -0.2183244E+0000  -0.9185895E+0002
     8.81600   0.9767386E+0000  -0.6260183E-0015   0.4105666E+0002  -0.6026402E-0003   0.6301058E-0014  -0.2193653E+0000  -0.9185894E+0002
     8.82000   0.9767386E+0000  -0.2834104E-0015   0.4105651E+0002  -0.6026402E-0003   0.6302576E-0014  -0.2203673E+0000  -0.9185893E+0002
     8.82400   0.9767386E+0000  -0.2834104E-0015   0.4105628E+0002  -0.6026402E-0003   0.6296070E-0014  -0.2213266E+0000  -0.9185892E+0002
     8.82800   0.9767386E+0000   0.5898060E-0016   0.4105598E+0002  -0.6026402E-0003   0.6300245E-0014  -0.2222396E+0000  -0.9185892E+0002
     8.83200   0.9767386E+0000  -0.9684094E-0015   0.4105559E+0002  -0.6026402E-0003   0.6304419E-0014  -0.2231023E+0000  -0.9185891E+0002
     8.83600   0.9767386E+0000  -0.2836273E-0015   0.4105511E+0002  -0.6026402E-0003   0.6303226E-0014  -0.2239110E+0000  -0.9185891E+0002
     8.84000   0.9767386E+0000  -0.2836273E-0015   0.4105455E+0002  -0.6026402E-0003   0.6302034E-0014  -0.2246618E+0000  -0.9185890E+0002
     8.84400   0.9767386E+0000  -0.2836273E-0015   0.4105389E+0002  -0.6026402E-0003   0.6300841E-0014  -0.2253507E+0000  -0.9185890E+0002
     8.84800   0.9767386E+0000  -0.6262352E-0015   0.4105313E+0002  -0.6026402E-0003   0.6305015E-0014  -0.2259739E+0000  -0.9185891E+0002
     8.85200   0.9767386E+0000  -0.9686262E-0015   0.4105227E+0002  -0.6026402E-0003   0.6303877E-0014  -0.2265273E+0000  -0.9185891E+0002
     8.85600   0.9767386E+0000  -0.6262352E-0015   0.4105131E+0002  -0.6026402E-0003   0.6305395E-0014  -0.2270071E+0000  -0.9185892E+0002
     8.86000   0.9767386E+0000  -0.9688431E-0015   0.4105024E+0002  -0.6026402E-0003   0.6304202E-0014  -0.2274093E+0000  -0.9185893E+0002
     8.86400   0.9767386E+0000  -0.2838441E-0015   0.4104905E+0002  -0.6026402E-0003   0.6308376E-0014  -0.2277301E+0000  -0.9185894E+0002
     8.86800   0.9767386E+0000  -0.9688431E-0015   0.4104775E+0002  -0.6026402E-0003   0.6309894E-0014  -0.2279655E+0000  -0.9185896E+0002
     8.87200   0.9767386E+0000  -0.2838441E-0015   0.4104633E+0002  -0.6026402E-0003   0.6311412E-0014  -0.2281119E+0000  -0.9185897E+0002
     8.87600   0.9767386E+0000  -0.9688431E-0015   0.4104478E+0002  -0.6026402E-0003   0.6310219E-0014  -0.2281656E+0000  -0.9185899E+0002
     8.88000   0.9767386E+0000  -0.6264520E-0015   0.4104312E+0002  -0.6026402E-0003   0.6314393E-0014  -0.2281232E+0000  -0.9185902E+0002
     8.88400   0.9767386E+0000  -0.9690599E-0015   0.4104132E+0002  -0.6026402E-0003   0.6315911E-0014  -0.2279812E+0000  -0.9185904E+0002
     8.88800   0.9767386E+0000  -0.2840610E-0015   0.4103939E+0002  -0.6026402E-0003   0.6314719E-0014  -0.2277367E+0000  -0.9185907E+0002
     8.89200   0.9767386E+0000   0.5854692E-0016   0.4103734E+0002  -0.6026402E-0003   0.6321549E-0014  -0.2273868E+0000  -0.9185910E+0002
     8.89600   0.9767386E+0000  -0.2840610E-0015   0.4103515E+0002  -0.6026402E-0003   0.6320411E-0014  -0.2269292E+0000  -0.9185913E+0002
     8.90000   0.9767386E+0000  -0.2840610E-0015   0.4103283E+0002  -0.6026402E-0003   0.6329952E-0014  -0.2263618E+0000  -0.9185916E+0002
     8.90400   0.9767386E+0000  -0.2840610E-0015   0.4103038E+0002  -0.6026402E-0003   0.6331415E-0014  -0.2256828E+0000  -0.9185919E+0002
     8.90800   0.9767386E+0000  -0.9688431E-0015   0.4102780E+0002  -0.6026402E-0003   0.6332933E-0014  -0.2248912E+0000  -0.9185923E+0002
     8.91200   0.9767386E+0000   0.5854692E-0016   0.4102509E+0002  -0.6026402E-0003   0.6337107E-0014  -0.2239862E+0000  -0.9185926E+0002
     8.91600   0.9767386E+0000  -0.9688431E-0015   0.4102226E+0002  -0.6026402E-0003   0.6335915E-0014  -0.2229677E+0000  -0.9185930E+0002
     8.92000   0.9767386E+0000   0.5854692E-0016   0.4101930E+0002  -0.6026402E-0003   0.6345402E-0014  -0.2218360E+0000  -0.9185934E+0002
     8.92400   0.9767386E+0000   0.5854692E-0016   0.4101622E+0002  -0.6026402E-0003   0.6344209E-0014  -0.2205921E+0000  -0.9185937E+0002
     8.92800   0.9767386E+0000  -0.9688431E-0015   0.4101302E+0002  -0.6026402E-0003   0.6348383E-0014  -0.2192375E+0000  -0.9185941E+0002
     8.93200   0.9767386E+0000  -0.2840610E-0015   0.4100971E+0002  -0.6026402E-0003   0.6352557E-0014  -0.2177741E+0000  -0.9185945E+0002
     8.93600   0.9767386E+0000   0.5833008E-0016   0.4100630E+0002  -0.6026402E-0003   0.6359388E-0014  -0.2162047E+0000  -0.9185949E+0002
     8.94000   0.9767386E+0000  -0.6266689E-0015   0.4100279E+0002  -0.6026402E-0003   0.6360852E-0014  -0.2145324E+0000  -0.9185953E+0002
     8.94400   0.9767386E+0000   0.5811324E-0016   0.4099919E+0002  -0.6026402E-0003   0.6367682E-0014  -0.2127608E+0000  -0.9185956E+0002
     8.94800   0.9767386E+0000  -0.2844947E-0015   0.4099551E+0002  -0.6026402E-0003   0.6374512E-0014  -0.2108942E+0000  -0.9185960E+0002
     8.95200   0.9767386E+0000  -0.9692767E-0015   0.4099175E+0002  -0.6026402E-0003   0.6377386E-0014  -0.2089370E+0000  -0.9185964E+0002
     8.95600   0.9767386E+0000  -0.2844947E-0015   0.4098792E+0002  -0.6026402E-0003   0.6382861E-0014  -0.2068946E+0000  -0.9185968E+0002
     8.96000   0.9767386E+0000  -0.6268857E-0015   0.4098403E+0002  -0.6026402E-0003   0.6391047E-0014  -0.2047723E+0000  -0.9185971E+0002
     8.96400   0.9767386E+0000  -0.6268857E-0015   0.4098010E+0002  -0.6026402E-0003   0.6392564E-0014  -0.2025761E+0000  -0.9185975E+0002
     8.96800   0.9767386E+0000  -0.2844947E-0015   0.4097613E+0002  -0.6026402E-0003   0.6398040E-0014  -0.2003122E+0000  -0.9185978E+0002
     8.97200   0.9767386E+0000  -0.2844947E-0015   0.4097213E+0002  -0.6026402E-0003   0.6403569E-0014  -0.1979872E+0000  -0.9185982E+0002
     8.97600   0.9767386E+0000   0.5811324E-0016   0.4096811E+0002  -0.6026402E-0003   0.6413056E-0014  -0.1956080E+0000  -0.9185985E+0002
     8.98000   0.9767386E+0000  -0.9692767E-0015   0.4096409E+0002  -0.6026402E-0003   0.6415875E-0014  -0.1931815E+0000  -0.9185988E+0002
     8.98400   0.9767386E+0000  -0.1311668E-0014   0.4096007E+0002  -0.6026402E-0003   0.6417338E-0014  -0.1907151E+0000  -0.9185991E+0002
     8.98800   0.9767386E+0000   0.5811324E-0016   0.4095606E+0002  -0.6026402E-0003   0.6424223E-0014  -0.1882163E+0000  -0.9185994E+0002
     8.99200   0.9767386E+0000  -0.6266689E-0015   0.4095208E+0002  -0.6026402E-0003   0.6432409E-0014  -0.1856924E+0000  -0.9185997E+0002
     8.99600   0.9767386E+0000  -0.9690599E-0015   0.4094814E+0002  -0.6026402E-0003   0.6435228E-0014  -0.1831512E+0000  -0.9186000E+0002
     9.00000   0.9767386E+0000  -0.2840610E-0015   0.4094424E+0002  -0.6026402E-0003   0.6439402E-0014  -0.1806003E+0000  -0.9186002E+0002
     9.00400   0.9767386E+0000  -0.6266689E-0015   0.4094040E+0002  -0.6026402E-0003   0.6447588E-0014  -0.1780473E+0000  -0.9186005E+0002
     9.00800   0.9767386E+0000   0.5811324E-0016   0.4093663E+0002  -0.6026402E-0003   0.6455773E-0014  -0.1754997E+0000  -0.9186007E+0002
     9.01200   0.9767386E+0000  -0.6266689E-0015   0.4093293E+0002  -0.6026402E-0003   0.6455936E-0014  -0.1729650E+0000  -0.9186008E+0002
     9.01600   0.9767386E+0000  -0.6266689E-0015   0.4092932E+0002  -0.6026402E-0003   0.6460110E-0014  -0.1704503E+0000  -0.9186010E+0002
     9.02000   0.9767386E+0000  -0.6266689E-0015   0.4092581E+0002  -0.6026402E-0003   0.6462956E-0014  -0.1679627E+0000  -0.9186011E+0002
     9.02400   0.9767386E+0000  -0.6266689E-0015   0.4092240E+0002  -0.6026402E-0003   0.6464447E-0014  -0.1655090E+0000  -0.9186012E+0002
     9.02800   0.9767386E+0000  -0.6266689E-0015   0.4091909E+0002  -0.6026402E-0003   0.6469949E-0014  -0.1630957E+0000  -0.9186012E+0002
     9.03200   0.9767386E+0000  -0.6266689E-0015   0.4091591E+0002  -0.6026402E-0003   0.6479463E-0014  -0.1607287E+0000  -0.9186013E+0002
     9.03600   0.9767386E+0000  -0.9690599E-0015   0.4091285E+0002  -0.6026402E-0003   0.6480954E-0014  -0.1584138E+0000  -0.9186013E+0002
     9.04000   0.9767386E+0000  -0.2842778E-0015   0.4090992E+0002  -0.6026402E-0003   0.6486456E-0014  -0.1561565E+0000  -0.9186012E+0002
     9.04400   0.9767386E+0000  -0.2842778E-0015   0.4090713E+0002  -0.6026402E-0003   0.6491959E-0014  -0.1539613E+0000  -0.9186011E+0002
     9.04800   0.9767386E+0000  -0.6268857E-0015   0.4090447E+0002  -0.6026402E-0003   0.6498789E-0014  -0.1518329E+0000  -0.9186010E+0002
     9.05200   0.9767386E+0000  -0.9692767E-0015   0.4090196E+0002  -0.6026402E-0003   0.6496268E-0014  -0.1497751E+0000  -0.9186008E+0002
     9.05600   0.9767386E+0000  -0.2844947E-0015   0.4089959E+0002  -0.6026402E-0003   0.6500443E-0014  -0.1477911E+0000  -0.9186006E+0002
     9.06000   0.9767386E+0000  -0.6268857E-0015   0.4089737E+0002  -0.6026402E-0003   0.6503289E-0014  -0.1458840E+0000  -0.9186003E+0002
     9.06400   0.9767386E+0000  -0.2844947E-0015   0.4089529E+0002  -0.6026402E-0003   0.6507463E-0014  -0.1440559E+0000  -0.9186001E+0002
     9.06800   0.9767386E+0000   0.5789640E-0016   0.4089337E+0002  -0.6026402E-0003   0.6507598E-0014  -0.1423087E+0000  -0.9185997E+0002
     9.07200   0.9767386E+0000  -0.2844947E-0015   0.4089159E+0002  -0.6026402E-0003   0.6510444E-0014  -0.1406436E+0000  -0.9185994E+0002
     9.07600   0.9767386E+0000   0.5811324E-0016   0.4088996E+0002  -0.6026402E-0003   0.6510580E-0014  -0.1390614E+0000  -0.9185990E+0002
     9.08000   0.9767386E+0000  -0.9692767E-0015   0.4088847E+0002  -0.6026402E-0003   0.6516082E-0014  -0.1375621E+0000  -0.9185985E+0002
     9.08400   0.9767386E+0000   0.5789640E-0016   0.4088713E+0002  -0.6026402E-0003   0.6518928E-0014  -0.1361456E+0000  -0.9185980E+0002
     9.08800   0.9767386E+0000  -0.9694936E-0015   0.4088593E+0002  -0.6026402E-0003   0.6517736E-0014  -0.1348109E+0000  -0.9185975E+0002
     9.09200   0.9767386E+0000  -0.9694936E-0015   0.4088487E+0002  -0.6026402E-0003   0.6521883E-0014  -0.1335570E+0000  -0.9185970E+0002
     9.09600   0.9767386E+0000  -0.2844947E-0015   0.4088394E+0002  -0.6026402E-0003   0.6523428E-0014  -0.1323820E+0000  -0.9185964E+0002
     9.10000   0.9767386E+0000   0.5789640E-0016   0.4088314E+0002  -0.6026402E-0003   0.6520907E-0014  -0.1312840E+0000  -0.9185958E+0002
     9.10400   0.9767386E+0000   0.4002874E-0015   0.4088247E+0002  -0.6026402E-0003   0.6521042E-0014  -0.1302604E+0000  -0.9185951E+0002
     9.10800   0.9767386E+0000  -0.6268857E-0015   0.4088192E+0002  -0.6026402E-0003   0.6526572E-0014  -0.1293085E+0000  -0.9185945E+0002
     9.11200   0.9767386E+0000   0.4005043E-0015   0.4088148E+0002  -0.6026402E-0003   0.6525406E-0014  -0.1284252E+0000  -0.9185937E+0002
     9.11600   0.9767386E+0000  -0.9692767E-0015   0.4088116E+0002  -0.6026402E-0003   0.6526897E-0014  -0.1276071E+0000  -0.9185930E+0002
     9.12000   0.9767386E+0000   0.5811324E-0016   0.4088093E+0002  -0.6026402E-0003   0.6527033E-0014  -0.1268505E+0000  -0.9185922E+0002
     9.12400   0.9767386E+0000  -0.6266689E-0015   0.4088081E+0002  -0.6026402E-0003   0.6527195E-0014  -0.1261516E+0000  -0.9185915E+0002
     9.12800   0.9767386E+0000  -0.6266689E-0015   0.4088078E+0002  -0.6026402E-0003   0.6530014E-0014  -0.1255061E+0000  -0.9185906E+0002
     9.13200   0.9767386E+0000   0.5811324E-0016   0.4088084E+0002  -0.6026402E-0003   0.6528849E-0014  -0.1249099E+0000  -0.9185898E+0002
     9.13600   0.9767386E+0000  -0.6268857E-0015   0.4088099E+0002  -0.6026402E-0003   0.6527656E-0014  -0.1243583E+0000  -0.9185889E+0002
     9.14000   0.9767386E+0000   0.4005043E-0015   0.4088120E+0002  -0.6026402E-0003   0.6526491E-0014  -0.1238468E+0000  -0.9185880E+0002
     9.14400   0.9767386E+0000   0.5800482E-0016   0.4088149E+0002  -0.6026402E-0003   0.6529282E-0014  -0.1233706E+0000  -0.9185871E+0002
     9.14800   0.9767386E+0000  -0.2843862E-0015   0.4088185E+0002  -0.6026402E-0003   0.6526789E-0014  -0.1229248E+0000  -0.9185862E+0002
     9.15200   0.9767386E+0000  -0.2843862E-0015   0.4088226E+0002  -0.6026402E-0003   0.6525596E-0014  -0.1225048E+0000  -0.9185852E+0002
     9.15600   0.9767386E+0000  -0.6267773E-0015   0.4088273E+0002  -0.6026402E-0003   0.6529770E-0014  -0.1221056E+0000  -0.9185843E+0002
     9.16000   0.9767386E+0000   0.5822166E-0016   0.4088325E+0002  -0.6026402E-0003   0.6527249E-0014  -0.1217226E+0000  -0.9185833E+0002
     9.16400   0.9767386E+0000  -0.1311668E-0014   0.4088381E+0002  -0.6026402E-0003   0.6524729E-0014  -0.1213512E+0000  -0.9185824E+0002
     9.16800   0.9767386E+0000  -0.9692767E-0015   0.4088442E+0002  -0.6026402E-0003   0.6523550E-0014  -0.1209873E+0000  -0.9185814E+0002
     9.17200   0.9767386E+0000  -0.6268857E-0015   0.4088506E+0002  -0.6026402E-0003   0.6522371E-0014  -0.1206268E+0000  -0.9185805E+0002
     9.17600   0.9767386E+0000   0.5800482E-0016   0.4088573E+0002  -0.6026402E-0003   0.6523861E-0014  -0.1202663E+0000  -0.9185796E+0002
     9.18000   0.9767386E+0000   0.5800482E-0016   0.4088643E+0002  -0.6026402E-0003   0.6521341E-0014  -0.1199025E+0000  -0.9185786E+0002
     9.18400   0.9767386E+0000  -0.2843862E-0015   0.4088716E+0002  -0.6026402E-0003   0.6518833E-0014  -0.1195329E+0000  -0.9185777E+0002
     9.18800   0.9767386E+0000   0.4005043E-0015   0.4088792E+0002  -0.6026402E-0003   0.6521666E-0014  -0.1191551E+0000  -0.9185769E+0002
     9.19200   0.9767386E+0000  -0.9692767E-0015   0.4088869E+0002  -0.6026402E-0003   0.6516462E-0014  -0.1187675E+0000  -0.9185761E+0002
     9.19600   0.9767386E+0000  -0.2843862E-0015   0.4088949E+0002  -0.6026402E-0003   0.6517952E-0014  -0.1183685E+0000  -0.9185753E+0002
     9.20000   0.9767386E+0000  -0.9692767E-0015   0.4089031E+0002  -0.6026402E-0003   0.6519450E-0014  -0.1179572E+0000  -0.9185745E+0002
     9.20400   0.9767386E+0000  -0.6268857E-0015   0.4089115E+0002  -0.6026402E-0003   0.6515594E-0014  -0.1175330E+0000  -0.9185738E+0002
     9.20800   0.9767386E+0000  -0.9693852E-0015   0.4089201E+0002  -0.6026402E-0003   0.6513074E-0014  -0.1170955E+0000  -0.9185732E+0002
     9.21200   0.9767386E+0000   0.5800482E-0016   0.4089289E+0002  -0.6026402E-0003   0.6513229E-0014  -0.1166448E+0000  -0.9185726E+0002
     9.21600   0.9767386E+0000  -0.6269941E-0015   0.4089379E+0002  -0.6026402E-0003   0.6513385E-0014  -0.1161814E+0000  -0.9185720E+0002
     9.22000   0.9767386E+0000  -0.2846031E-0015   0.4089471E+0002  -0.6026402E-0003   0.6509530E-0014  -0.1157064E+0000  -0.9185715E+0002
     9.22400   0.9767386E+0000  -0.6271025E-0015   0.4089565E+0002  -0.6026402E-0003   0.6509687E-0014  -0.1152211E+0000  -0.9185711E+0002
     9.22800   0.9767386E+0000  -0.2846031E-0015   0.4089662E+0002  -0.6026402E-0003   0.6507168E-0014  -0.1147277E+0000  -0.9185707E+0002
     9.23200   0.9767386E+0000  -0.6269941E-0015   0.4089762E+0002  -0.6026402E-0003   0.6503313E-0014  -0.1142288E+0000  -0.9185704E+0002
     9.23600   0.9767386E+0000  -0.6269941E-0015   0.4089865E+0002  -0.6026402E-0003   0.6504805E-0014  -0.1137279E+0000  -0.9185701E+0002
     9.24000   0.9767386E+0000  -0.2844947E-0015   0.4089971E+0002  -0.6026402E-0003   0.6504962E-0014  -0.1132289E+0000  -0.9185698E+0002
     9.24400   0.9767386E+0000  -0.2844947E-0015   0.4090081E+0002  -0.6026402E-0003   0.6501107E-0014  -0.1127364E+0000  -0.9185697E+0002
     9.24800   0.9767386E+0000  -0.6269941E-0015   0.4090195E+0002  -0.6026402E-0003   0.6502604E-0014  -0.1122554E+0000  -0.9185695E+0002
     9.25200   0.9767386E+0000  -0.9694936E-0015   0.4090314E+0002  -0.6026402E-0003   0.6498748E-0014  -0.1117914E+0000  -0.9185694E+0002
     9.25600   0.9767386E+0000   0.5789640E-0016   0.4090438E+0002  -0.6026402E-0003   0.6498904E-0014  -0.1113500E+0000  -0.9185694E+0002
     9.26000   0.9767386E+0000  -0.2844947E-0015   0.4090568E+0002  -0.6026402E-0003   0.6497725E-0014  -0.1109368E+0000  -0.9185694E+0002
     9.26400   0.9767386E+0000  -0.6269941E-0015   0.4090704E+0002  -0.6026402E-0003   0.6493870E-0014  -0.1105575E+0000  -0.9185694E+0002
     9.26800   0.9767386E+0000  -0.6269941E-0015   0.4090846E+0002  -0.6026402E-0003   0.6495360E-0014  -0.1102172E+0000  -0.9185694E+0002
     9.27200   0.9767386E+0000  -0.6269941E-0015   0.4090995E+0002  -0.6026402E-0003   0.6487486E-0014  -0.1099209E+0000  -0.9185695E+0002
     9.27600   0.9767386E+0000   0.7427869E-0015   0.4091151E+0002  -0.6026402E-0003   0.6487635E-0014  -0.1096728E+0000  -0.9185696E+0002
     9.28000   0.9767386E+0000  -0.2844947E-0015   0.4091315E+0002  -0.6026402E-0003   0.6485115E-0014  -0.1094768E+0000  -0.9185697E+0002
     9.28400   0.9767386E+0000  -0.9693852E-0015   0.4091486E+0002  -0.6026402E-0003   0.6482594E-0014  -0.1093360E+0000  -0.9185698E+0002
     9.28800   0.9767386E+0000  -0.9693852E-0015   0.4091665E+0002  -0.6026402E-0003   0.6484098E-0014  -0.1092529E+0000  -0.9185699E+0002
     9.29200   0.9767386E+0000  -0.2844947E-0015   0.4091852E+0002  -0.6026402E-0003   0.6478908E-0014  -0.1092295E+0000  -0.9185700E+0002
     9.29600   0.9767386E+0000  -0.6268857E-0015   0.4092047E+0002  -0.6026402E-0003   0.6479057E-0014  -0.1092673E+0000  -0.9185701E+0002
     9.30000   0.9767386E+0000  -0.2844947E-0015   0.4092250E+0002  -0.6026402E-0003   0.6476549E-0014  -0.1093673E+0000  -0.9185703E+0002
     9.30400   0.9767386E+0000   0.5789640E-0016   0.4092461E+0002  -0.6026402E-0003   0.6474042E-0014  -0.1095300E+0000  -0.9185704E+0002
     9.30800   0.9767386E+0000  -0.1311993E-0014   0.4092680E+0002  -0.6026402E-0003   0.6468852E-0014  -0.1097556E+0000  -0.9185706E+0002
     9.31200   0.9767386E+0000   0.4002874E-0015   0.4092907E+0002  -0.6026402E-0003   0.6466331E-0014  -0.1100441E+0000  -0.9185707E+0002
     9.31600   0.9767386E+0000  -0.2846031E-0015   0.4093141E+0002  -0.6026402E-0003   0.6463810E-0014  -0.1103952E+0000  -0.9185708E+0002
     9.32000   0.9767386E+0000   0.4002874E-0015   0.4093382E+0002  -0.6026402E-0003   0.6463973E-0014  -0.1108084E+0000  -0.9185709E+0002
     9.32400   0.9767386E+0000   0.4002874E-0015   0.4093630E+0002  -0.6026402E-0003   0.6457440E-0014  -0.1112829E+0000  -0.9185710E+0002
     9.32800   0.9767386E+0000  -0.2847115E-0015   0.4093885E+0002  -0.6026402E-0003   0.6453578E-0014  -0.1118182E+0000  -0.9185711E+0002
     9.33200   0.9767386E+0000  -0.6272110E-0015   0.4094146E+0002  -0.6026402E-0003   0.6453741E-0014  -0.1124133E+0000  -0.9185712E+0002
     9.33600   0.9767386E+0000   0.5767956E-0016   0.4094414E+0002  -0.6026402E-0003   0.6448550E-0014  -0.1130673E+0000  -0.9185713E+0002
     9.34000   0.9767386E+0000  -0.6273194E-0015   0.4094687E+0002  -0.6026402E-0003   0.6446029E-0014  -0.1137790E+0000  -0.9185714E+0002
     9.34400   0.9767386E+0000   0.5757114E-0016   0.4094965E+0002  -0.6026402E-0003   0.6439497E-0014  -0.1145472E+0000  -0.9185715E+0002
     9.34800   0.9767386E+0000  -0.2849283E-0015   0.4095249E+0002  -0.6026402E-0003   0.6436976E-0014  -0.1153704E+0000  -0.9185715E+0002
     9.35200   0.9767386E+0000  -0.2849283E-0015   0.4095536E+0002  -0.6026402E-0003   0.6434455E-0014  -0.1162470E+0000  -0.9185715E+0002
     9.35600   0.9767386E+0000   0.5757114E-0016   0.4095828E+0002  -0.6026402E-0003   0.6433276E-0014  -0.1171752E+0000  -0.9185716E+0002
     9.36000   0.9767386E+0000  -0.2848199E-0015   0.4096123E+0002  -0.6026402E-0003   0.6430755E-0014  -0.1181531E+0000  -0.9185716E+0002
     9.36400   0.9767386E+0000  -0.9697104E-0015   0.4096421E+0002  -0.6026402E-0003   0.6422881E-0014  -0.1191788E+0000  -0.9185716E+0002
     9.36800   0.9767386E+0000  -0.6272110E-0015   0.4096722E+0002  -0.6026402E-0003   0.6417691E-0014  -0.1202504E+0000  -0.9185716E+0002
     9.37200   0.9767386E+0000   0.4001790E-0015   0.4097024E+0002  -0.6026402E-0003   0.6417853E-0014  -0.1213664E+0000  -0.9185716E+0002
     9.37600   0.9767386E+0000  -0.6271025E-0015   0.4097328E+0002  -0.6026402E-0003   0.6412663E-0014  -0.1225253E+0000  -0.9185715E+0002
     9.38000   0.9767386E+0000  -0.6271025E-0015   0.4097633E+0002  -0.6026402E-0003   0.6410142E-0014  -0.1237261E+0000  -0.9185715E+0002
     9.38400   0.9767386E+0000  -0.6271025E-0015   0.4097938E+0002  -0.6026402E-0003   0.6406280E-0014  -0.1249679E+0000  -0.9185715E+0002
     9.38800   0.9767386E+0000  -0.2847115E-0015   0.4098243E+0002  -0.6026402E-0003   0.6399747E-0014  -0.1262504E+0000  -0.9185714E+0002
     9.39200   0.9767386E+0000  -0.6271025E-0015   0.4098549E+0002  -0.6026402E-0003   0.6395892E-0014  -0.1275732E+0000  -0.9185714E+0002
     9.39600   0.9767386E+0000   0.5778798E-0016   0.4098853E+0002  -0.6026402E-0003   0.6393371E-0014  -0.1289363E+0000  -0.9185713E+0002
     9.40000   0.9767386E+0000  -0.2847115E-0015   0.4099157E+0002  -0.6026402E-0003   0.6390850E-0014  -0.1303395E+0000  -0.9185712E+0002
     9.40400   0.9767386E+0000  -0.6272110E-0015   0.4099459E+0002  -0.6026402E-0003   0.6384318E-0014  -0.1317831E+0000  -0.9185712E+0002
     9.40800   0.9767386E+0000  -0.2847115E-0015   0.4099760E+0002  -0.6026402E-0003   0.6380462E-0014  -0.1332668E+0000  -0.9185711E+0002
     9.41200   0.9767386E+0000  -0.2847115E-0015   0.4100059E+0002  -0.6026402E-0003   0.6375271E-0014  -0.1347908E+0000  -0.9185710E+0002
     9.41600   0.9767386E+0000  -0.6271025E-0015   0.4100356E+0002  -0.6026402E-0003   0.6371416E-0014  -0.1363550E+0000  -0.9185710E+0002
     9.42000   0.9767386E+0000  -0.6271025E-0015   0.4100650E+0002  -0.6026402E-0003   0.6371572E-0014  -0.1379593E+0000  -0.9185709E+0002
     9.42400   0.9767386E+0000  -0.6271025E-0015   0.4100942E+0002  -0.6026402E-0003   0.6362364E-0014  -0.1396036E+0000  -0.9185708E+0002
     9.42800   0.9767386E+0000  -0.2847115E-0015   0.4101231E+0002  -0.6026402E-0003   0.6359847E-0014  -0.1412877E+0000  -0.9185708E+0002
     9.43200   0.9767386E+0000   0.5778798E-0016   0.4101518E+0002  -0.6026402E-0003   0.6357330E-0014  -0.1430116E+0000  -0.9185707E+0002
     9.43600   0.9767386E+0000  -0.9696020E-0015   0.4101800E+0002  -0.6026402E-0003   0.6352137E-0014  -0.1447750E+0000  -0.9185707E+0002
     9.44000   0.9767386E+0000  -0.9696020E-0015   0.4102079E+0002  -0.6026402E-0003   0.6350958E-0014  -0.1465777E+0000  -0.9185706E+0002
     9.44400   0.9767386E+0000  -0.2846031E-0015   0.4102354E+0002  -0.6026402E-0003   0.6348437E-0014  -0.1484196E+0000  -0.9185706E+0002
     9.44800   0.9767386E+0000  -0.6269941E-0015   0.4102625E+0002  -0.6026402E-0003   0.6345920E-0014  -0.1503006E+0000  -0.9185706E+0002
     9.45200   0.9767386E+0000  -0.2844947E-0015   0.4102890E+0002  -0.6026402E-0003   0.6342068E-0014  -0.1522208E+0000  -0.9185705E+0002
     9.45600   0.9767386E+0000  -0.6269941E-0015   0.4103151E+0002  -0.6026402E-0003   0.6340885E-0014  -0.1541805E+0000  -0.9185705E+0002
     9.46000   0.9767386E+0000  -0.6269941E-0015   0.4103407E+0002  -0.6026402E-0003   0.6337030E-0014  -0.1561801E+0000  -0.9185705E+0002
     9.46400   0.9767386E+0000  -0.1311885E-0014   0.4103657E+0002  -0.6026402E-0003   0.6329162E-0014  -0.1582202E+0000  -0.9185705E+0002
     9.46800   0.9767386E+0000   0.5789640E-0016   0.4103902E+0002  -0.6026402E-0003   0.6327980E-0014  -0.1603016E+0000  -0.9185705E+0002
     9.47200   0.9767386E+0000  -0.6271025E-0015   0.4104141E+0002  -0.6026402E-0003   0.6321451E-0014  -0.1624250E+0000  -0.9185706E+0002
     9.47600   0.9767386E+0000  -0.6271025E-0015   0.4104374E+0002  -0.6026402E-0003   0.6314922E-0014  -0.1645912E+0000  -0.9185706E+0002
     9.48000   0.9767386E+0000  -0.6271025E-0015   0.4104602E+0002  -0.6026402E-0003   0.6319093E-0014  -0.1668007E+0000  -0.9185706E+0002
     9.48400   0.9767386E+0000  -0.6271025E-0015   0.4104824E+0002  -0.6026402E-0003   0.6311226E-0014  -0.1690538E+0000  -0.9185707E+0002
     9.48800   0.9767386E+0000  -0.2846031E-0015   0.4105041E+0002  -0.6026402E-0003   0.6311381E-0014  -0.1713508E+0000  -0.9185708E+0002
     9.49200   0.9767386E+0000  -0.9694936E-0015   0.4105251E+0002  -0.6026402E-0003   0.6310202E-0014  -0.1736916E+0000  -0.9185709E+0002
     9.49600   0.9767386E+0000  -0.9694936E-0015   0.4105457E+0002  -0.6026402E-0003   0.6303673E-0014  -0.1760757E+0000  -0.9185709E+0002
     9.50000   0.9767386E+0000  -0.9694936E-0015   0.4105656E+0002  -0.6026402E-0003   0.6301156E-0014  -0.1785026E+0000  -0.9185710E+0002
     9.50400   0.9767386E+0000  -0.1311885E-0014   0.4105851E+0002  -0.6026402E-0003   0.6305327E-0014  -0.1809715E+0000  -0.9185712E+0002
     9.50800   0.9767386E+0000  -0.6269941E-0015   0.4106040E+0002  -0.6026402E-0003   0.6297459E-0014  -0.1834809E+0000  -0.9185713E+0002
     9.51200   0.9767386E+0000  -0.2844947E-0015   0.4106225E+0002  -0.6026402E-0003   0.6294941E-0014  -0.1860286E+0000  -0.9185715E+0002
     9.51600   0.9767386E+0000  -0.2844947E-0015   0.4106404E+0002  -0.6026402E-0003   0.6293762E-0014  -0.1886113E+0000  -0.9185717E+0002
     9.52000   0.9767386E+0000  -0.2844947E-0015   0.4106578E+0002  -0.6026402E-0003   0.6295257E-0014  -0.1912241E+0000  -0.9185719E+0002
     9.52400   0.9767386E+0000  -0.6269941E-0015   0.4106747E+0002  -0.6026402E-0003   0.6288727E-0014  -0.1938601E+0000  -0.9185721E+0002
     9.52800   0.9767386E+0000  -0.2846031E-0015   0.4106910E+0002  -0.6026402E-0003   0.6284873E-0014  -0.1965098E+0000  -0.9185724E+0002
     9.53200   0.9767386E+0000  -0.6269941E-0015   0.4107064E+0002  -0.6026402E-0003   0.6287709E-0014  -0.1991614E+0000  -0.9185727E+0002
     9.53600   0.9767386E+0000  -0.6269941E-0015   0.4107210E+0002  -0.6026402E-0003   0.6285184E-0014  -0.2018002E+0000  -0.9185731E+0002
     9.54000   0.9767386E+0000  -0.2844947E-0015   0.4107345E+0002  -0.6026402E-0003   0.6281325E-0014  -0.2044090E+0000  -0.9185735E+0002
     9.54400   0.9767386E+0000  -0.6269941E-0015   0.4107467E+0002  -0.6026402E-0003   0.6273458E-0014  -0.2069690E+0000  -0.9185739E+0002
     9.54800   0.9767386E+0000  -0.6269941E-0015   0.4107574E+0002  -0.6026402E-0003   0.6280302E-0014  -0.2094595E+0000  -0.9185744E+0002
     9.55200   0.9767386E+0000   0.4003959E-0015   0.4107662E+0002  -0.6026402E-0003   0.6277781E-0014  -0.2118593E+0000  -0.9185749E+0002
     9.55600   0.9767386E+0000  -0.6269941E-0015   0.4107730E+0002  -0.6026402E-0003   0.6271249E-0014  -0.2141476E+0000  -0.9185755E+0002
     9.56000   0.9767386E+0000  -0.6269941E-0015   0.4107775E+0002  -0.6026402E-0003   0.6274075E-0014  -0.2163040E+0000  -0.9185762E+0002
     9.56400   0.9767386E+0000  -0.6269941E-0015   0.4107796E+0002  -0.6026402E-0003   0.6272896E-0014  -0.2183101E+0000  -0.9185769E+0002
     9.56800   0.9767386E+0000  -0.2846031E-0015   0.4107790E+0002  -0.6026402E-0003   0.6277070E-0014  -0.2201495E+0000  -0.9185776E+0002
     9.57200   0.9767386E+0000   0.5789640E-0016   0.4107755E+0002  -0.6026402E-0003   0.6265184E-0014  -0.2218083E+0000  -0.9185785E+0002
     9.57600   0.9767386E+0000  -0.2844947E-0015   0.4107692E+0002  -0.6026402E-0003   0.6272028E-0014  -0.2232754E+0000  -0.9185793E+0002
     9.58000   0.9767386E+0000  -0.9693852E-0015   0.4107600E+0002  -0.6026402E-0003   0.6273519E-0014  -0.2245423E+0000  -0.9185802E+0002
     9.58400   0.9767386E+0000   0.5800482E-0016   0.4107478E+0002  -0.6026402E-0003   0.6275010E-0014  -0.2256035E+0000  -0.9185812E+0002
     9.58800   0.9767386E+0000  -0.2843862E-0015   0.4107326E+0002  -0.6026402E-0003   0.6271147E-0014  -0.2264556E+0000  -0.9185822E+0002
     9.59200   0.9767386E+0000  -0.1311776E-0014   0.4107146E+0002  -0.6026402E-0003   0.6275308E-0014  -0.2270976E+0000  -0.9185832E+0002
     9.59600   0.9767386E+0000  -0.9693852E-0015   0.4106937E+0002  -0.6026402E-0003   0.6279455E-0014  -0.2275302E+0000  -0.9185843E+0002
     9.60000   0.9767386E+0000  -0.1311885E-0014   0.4106700E+0002  -0.6026402E-0003   0.6283629E-0014  -0.2277554E+0000  -0.9185854E+0002
     9.60400   0.9767386E+0000   0.5789640E-0016   0.4106438E+0002  -0.6026402E-0003   0.6285120E-0014  -0.2277765E+0000  -0.9185865E+0002
     9.60800   0.9767386E+0000   0.5789640E-0016   0.4106150E+0002  -0.6026402E-0003   0.6281271E-0014  -0.2275974E+0000  -0.9185876E+0002
     9.61200   0.9767386E+0000  -0.9694936E-0015   0.4105838E+0002  -0.6026402E-0003   0.6288129E-0014  -0.2272221E+0000  -0.9185887E+0002
     9.61600   0.9767386E+0000  -0.9694936E-0015   0.4105503E+0002  -0.6026402E-0003   0.6294959E-0014  -0.2266551E+0000  -0.9185899E+0002
     9.62000   0.9767386E+0000  -0.1311993E-0014   0.4105146E+0002  -0.6026402E-0003   0.6301817E-0014  -0.2259005E+0000  -0.9185910E+0002
     9.62400   0.9767386E+0000   0.5789640E-0016   0.4104769E+0002  -0.6026402E-0003   0.6303307E-0014  -0.2249623E+0000  -0.9185922E+0002
     9.62800   0.9767386E+0000  -0.6269941E-0015   0.4104372E+0002  -0.6026402E-0003   0.6310138E-0014  -0.2238440E+0000  -0.9185933E+0002
     9.63200   0.9767386E+0000  -0.9694936E-0015   0.4103957E+0002  -0.6026402E-0003   0.6314285E-0014  -0.2225489E+0000  -0.9185944E+0002
     9.63600   0.9767386E+0000  -0.6271025E-0015   0.4103524E+0002  -0.6026402E-0003   0.6318459E-0014  -0.2210797E+0000  -0.9185955E+0002
     9.64000   0.9767386E+0000  -0.6271025E-0015   0.4103074E+0002  -0.6026402E-0003   0.6327973E-0014  -0.2194389E+0000  -0.9185966E+0002
     9.64400   0.9767386E+0000  -0.2847115E-0015   0.4102609E+0002  -0.6026402E-0003   0.6329464E-0014  -0.2176287E+0000  -0.9185977E+0002
     9.64800   0.9767386E+0000   0.5767956E-0016   0.4102128E+0002  -0.6026402E-0003   0.6336321E-0014  -0.2156509E+0000  -0.9185988E+0002
     9.65200   0.9767386E+0000   0.4000706E-0015   0.4101634E+0002  -0.6026402E-0003   0.6348519E-0014  -0.2135077E+0000  -0.9185998E+0002
     9.65600   0.9767386E+0000  -0.2848199E-0015   0.4101125E+0002  -0.6026402E-0003   0.6352693E-0014  -0.2112010E+0000  -0.9186008E+0002
     9.66000   0.9767386E+0000   0.4001790E-0015   0.4100604E+0002  -0.6026402E-0003   0.6358195E-0014  -0.2087329E+0000  -0.9186018E+0002
     9.66400   0.9767386E+0000  -0.9697104E-0015   0.4100071E+0002  -0.6026402E-0003   0.6365026E-0014  -0.2061060E+0000  -0.9186027E+0002
     9.66800   0.9767386E+0000  -0.2848199E-0015   0.4099526E+0002  -0.6026402E-0003   0.6369200E-0014  -0.2033230E+0000  -0.9186037E+0002
     9.67200   0.9767386E+0000  -0.2848199E-0015   0.4098971E+0002  -0.6026402E-0003   0.6380096E-0014  -0.2003871E+0000  -0.9186046E+0002
     9.67600   0.9767386E+0000  -0.9697104E-0015   0.4098406E+0002  -0.6026402E-0003   0.6386927E-0014  -0.1973023E+0000  -0.9186054E+0002
     9.68000   0.9767386E+0000  -0.6273194E-0015   0.4097832E+0002  -0.6026402E-0003   0.6391101E-0014  -0.1940728E+0000  -0.9186063E+0002
     9.68400   0.9767386E+0000  -0.2848199E-0015   0.4097250E+0002  -0.6026402E-0003   0.6401943E-0014  -0.1907040E+0000  -0.9186071E+0002
     9.68800   0.9767386E+0000   0.4000706E-0015   0.4096660E+0002  -0.6026402E-0003   0.6404762E-0014  -0.1872017E+0000  -0.9186079E+0002
     9.69200   0.9767386E+0000  -0.2848199E-0015   0.4096065E+0002  -0.6026402E-0003   0.6422326E-0014  -0.1835728E+0000  -0.9186086E+0002
     9.69600   0.9767386E+0000  -0.2848199E-0015   0.4095464E+0002  -0.6026402E-0003   0.6426500E-0014  -0.1798251E+0000  -0.9186094E+0002
     9.70000   0.9767386E+0000  -0.6273194E-0015   0.4094859E+0002  -0.6026402E-0003   0.6429319E-0014  -0.1759673E+0000  -0.9186101E+0002
     9.70400   0.9767386E+0000  -0.1312210E-0014   0.4094252E+0002  -0.6026402E-0003   0.6441516E-0014  -0.1720090E+0000  -0.9186108E+0002
     9.70800   0.9767386E+0000   0.5757114E-0016   0.4093643E+0002  -0.6026402E-0003   0.6449702E-0014  -0.1679606E+0000  -0.9186114E+0002
     9.71200   0.9767386E+0000   0.5757114E-0016   0.4093035E+0002  -0.6026402E-0003   0.6456559E-0014  -0.1638330E+0000  -0.9186121E+0002
     9.71600   0.9767386E+0000  -0.6273194E-0015   0.4092428E+0002  -0.6026402E-0003   0.6460734E-0014  -0.1596374E+0000  -0.9186127E+0002
     9.72000   0.9767386E+0000   0.5757114E-0016   0.4091825E+0002  -0.6026402E-0003   0.6470248E-0014  -0.1553854E+0000  -0.9186133E+0002
     9.72400   0.9767386E+0000  -0.6273194E-0015   0.4091226E+0002  -0.6026402E-0003   0.6481090E-0014  -0.1510884E+0000  -0.9186138E+0002
     9.72800   0.9767386E+0000   0.5757114E-0016   0.4090634E+0002  -0.6026402E-0003   0.6487920E-0014  -0.1467574E+0000  -0.9186144E+0002
     9.73200   0.9767386E+0000  -0.6274278E-0015   0.4090049E+0002  -0.6026402E-0003   0.6496106E-0014  -0.1424036E+0000  -0.9186149E+0002
     9.73600   0.9767386E+0000   0.5746272E-0016   0.4089472E+0002  -0.6026402E-0003   0.6504291E-0014  -0.1380380E+0000  -0.9186153E+0002
     9.74000   0.9767386E+0000  -0.6274278E-0015   0.4088906E+0002  -0.6026402E-0003   0.6509794E-0014  -0.1336717E+0000  -0.9186158E+0002
     9.74400   0.9767386E+0000  -0.6274278E-0015   0.4088352E+0002  -0.6026402E-0003   0.6513968E-0014  -0.1293163E+0000  -0.9186162E+0002
     9.74800   0.9767386E+0000   0.5757114E-0016   0.4087810E+0002  -0.6026402E-0003   0.6524837E-0014  -0.1249843E+0000  -0.9186166E+0002
     9.75200   0.9767386E+0000   0.5757114E-0016   0.4087284E+0002  -0.6026402E-0003   0.6533023E-0014  -0.1206890E+0000  -0.9186170E+0002
     9.75600   0.9767386E+0000  -0.2849283E-0015   0.4086775E+0002  -0.6026402E-0003   0.6538525E-0014  -0.1164449E+0000  -0.9186173E+0002
     9.76000   0.9767386E+0000  -0.2849283E-0015   0.4086284E+0002  -0.6026402E-0003   0.6545383E-0014  -0.1122679E+0000  -0.9186176E+0002
     9.76400   0.9767386E+0000  -0.2849283E-0015   0.4085815E+0002  -0.6026402E-0003   0.6548229E-0014  -0.1081744E+0000  -0.9186178E+0002
     9.76800   0.9767386E+0000  -0.2849283E-0015   0.4085369E+0002  -0.6026402E-0003   0.6556414E-0014  -0.1041818E+0000  -0.9186180E+0002
     9.77200   0.9767386E+0000  -0.2849283E-0015   0.4084949E+0002  -0.6026402E-0003   0.6561266E-0014  -0.1003071E+0000  -0.9186181E+0002
     9.77600   0.9767386E+0000  -0.2849283E-0015   0.4084557E+0002  -0.6026402E-0003   0.6566769E-0014  -0.9656692E-0001  -0.9186182E+0002
     9.78000   0.9767386E+0000   0.5746272E-0016   0.4084195E+0002  -0.6026402E-0003   0.6571620E-0014  -0.9297622E-0001  -0.9186182E+0002
     9.78400   0.9767386E+0000  -0.6274278E-0015   0.4083865E+0002  -0.6026402E-0003   0.6578478E-0014  -0.8954804E-0001  -0.9186182E+0002
     9.78800   0.9767386E+0000   0.5746272E-0016   0.4083568E+0002  -0.6026402E-0003   0.6581297E-0014  -0.8629263E-0001  -0.9186180E+0002
     9.79200   0.9767386E+0000  -0.6274278E-0015   0.4083305E+0002  -0.6026402E-0003   0.6587477E-0014  -0.8321706E-0001  -0.9186178E+0002
     9.79600   0.9767386E+0000   0.5746272E-0016   0.4083076E+0002  -0.6026402E-0003   0.6590973E-0014  -0.8032488E-0001  -0.9186176E+0002
     9.80000   0.9767386E+0000   0.3999622E-0015   0.4082882E+0002  -0.6026402E-0003   0.6591787E-0014  -0.7761601E-0001  -0.9186172E+0002
     9.80400   0.9767386E+0000  -0.9698188E-0015   0.4082721E+0002  -0.6026402E-0003   0.6593277E-0014  -0.7508689E-0001  -0.9186168E+0002
     9.80800   0.9767386E+0000  -0.6274278E-0015   0.4082591E+0002  -0.6026402E-0003   0.6598102E-0014  -0.7273085E-0001  -0.9186164E+0002
     9.81200   0.9767386E+0000  -0.6274278E-0015   0.4082491E+0002  -0.6026402E-0003   0.6599593E-0014  -0.7053881E-0001  -0.9186158E+0002
     9.81600   0.9767386E+0000  -0.6274278E-0015   0.4082419E+0002  -0.6026402E-0003   0.6601761E-0014  -0.6850006E-0001  -0.9186152E+0002
     9.82000   0.9767386E+0000  -0.2849283E-0015   0.4082372E+0002  -0.6026402E-0003   0.6601273E-0014  -0.6660346E-0001  -0.9186146E+0002
     9.82400   0.9767386E+0000  -0.1312210E-0014   0.4082349E+0002  -0.6026402E-0003   0.6600785E-0014  -0.6483854E-0001  -0.9186139E+0002
     9.82800   0.9767386E+0000  -0.9697104E-0015   0.4082347E+0002  -0.6026402E-0003   0.6602954E-0014  -0.6319679E-0001  -0.9186132E+0002
     9.83200   0.9767386E+0000   0.5757114E-0016   0.4082366E+0002  -0.6026402E-0003   0.6601761E-0014  -0.6167271E-0001  -0.9186124E+0002
     9.83600   0.9767386E+0000  -0.2848199E-0015   0.4082404E+0002  -0.6026402E-0003   0.6601924E-0014  -0.6026469E-0001  -0.9186115E+0002
     9.84000   0.9767386E+0000  -0.6273194E-0015   0.4082462E+0002  -0.6026402E-0003   0.6602086E-0014  -0.5897548E-0001  -0.9186107E+0002
     9.84400   0.9767386E+0000  -0.6273194E-0015   0.4082540E+0002  -0.6026402E-0003   0.6600243E-0014  -0.5781219E-0001  -0.9186098E+0002
     9.84800   0.9767386E+0000  -0.9698188E-0015   0.4082640E+0002  -0.6026402E-0003   0.6600406E-0014  -0.5678579E-0001  -0.9186088E+0002
     9.85200   0.9767386E+0000  -0.6273194E-0015   0.4082764E+0002  -0.6026402E-0003   0.6596557E-0014  -0.5591019E-0001  -0.9186078E+0002
     9.85600   0.9767386E+0000  -0.9698188E-0015   0.4082915E+0002  -0.6026402E-0003   0.6596015E-0014  -0.5520083E-0001  -0.9186067E+0002
     9.86000   0.9767386E+0000   0.3999622E-0015   0.4083093E+0002  -0.6026402E-0003   0.6594822E-0014  -0.5467313E-0001  -0.9186056E+0002
     9.86400   0.9767386E+0000  -0.2849283E-0015   0.4083301E+0002  -0.6026402E-0003   0.6592274E-0014  -0.5434087E-0001  -0.9186045E+0002
     9.86800   0.9767386E+0000  -0.9698188E-0015   0.4083541E+0002  -0.6026402E-0003   0.6589727E-0014  -0.5421457E-0001  -0.9186033E+0002
     9.87200   0.9767386E+0000  -0.6273194E-0015   0.4083813E+0002  -0.6026402E-0003   0.6586582E-0014  -0.5430033E-0001  -0.9186021E+0002
     9.87600   0.9767386E+0000   0.3999622E-0015   0.4084117E+0002  -0.6026402E-0003   0.6582733E-0014  -0.5459883E-0001  -0.9186008E+0002
     9.88000   0.9767386E+0000   0.5757114E-0016   0.4084451E+0002  -0.6026402E-0003   0.6578234E-0014  -0.5510490E-0001  -0.9185995E+0002
     9.88400   0.9767386E+0000  -0.2849283E-0015   0.4084814E+0002  -0.6026402E-0003   0.6573680E-0014  -0.5580750E-0001  -0.9185982E+0002
     9.88800   0.9767386E+0000   0.5746272E-0016   0.4085202E+0002  -0.6026402E-0003   0.6569831E-0014  -0.5669004E-0001  -0.9185969E+0002
     9.89200   0.9767386E+0000  -0.6274278E-0015   0.4085611E+0002  -0.6026402E-0003   0.6565983E-0014  -0.5773118E-0001  -0.9185956E+0002
     9.89600   0.9767386E+0000   0.5746272E-0016   0.4086038E+0002  -0.6026402E-0003   0.6560128E-0014  -0.5890571E-0001  -0.9185944E+0002
     9.90000   0.9767386E+0000  -0.2850368E-0015   0.4086477E+0002  -0.6026402E-0003   0.6554978E-0014  -0.6018579E-0001  -0.9185931E+0002
     9.90400   0.9767386E+0000   0.5735429E-0016   0.4086923E+0002  -0.6026402E-0003   0.6549828E-0014  -0.6154219E-0001  -0.9185919E+0002
     9.90800   0.9767386E+0000  -0.2851452E-0015   0.4087371E+0002  -0.6026402E-0003   0.6544624E-0014  -0.6294559E-0001  -0.9185907E+0002
     9.91200   0.9767386E+0000  -0.6276446E-0015   0.4087815E+0002  -0.6026402E-0003   0.6538064E-0014  -0.6436786E-0001  -0.9185896E+0002
     9.91600   0.9767386E+0000  -0.9701441E-0015   0.4088251E+0002  -0.6026402E-0003   0.6532860E-0014  -0.6578324E-0001  -0.9185885E+0002
     9.92000   0.9767386E+0000   0.5724587E-0016   0.4088675E+0002  -0.6026402E-0003   0.6525000E-0014  -0.6716938E-0001  -0.9185875E+0002
     9.92400   0.9767386E+0000   0.5724587E-0016   0.4089083E+0002  -0.6026402E-0003   0.6519796E-0014  -0.6850823E-0001  -0.9185865E+0002
     9.92800   0.9767386E+0000  -0.2852536E-0015   0.4089473E+0002  -0.6026402E-0003   0.6514646E-0014  -0.6978669E-0001  -0.9185857E+0002
     9.93200   0.9767386E+0000   0.5713745E-0016   0.4089842E+0002  -0.6026402E-0003   0.6510797E-0014  -0.7099709E-0001  -0.9185848E+0002
     9.93600   0.9767386E+0000  -0.6277531E-0015   0.4090190E+0002  -0.6026402E-0003   0.6504888E-0014  -0.7213732E-0001  -0.9185840E+0002
     9.94000   0.9767386E+0000  -0.9701441E-0015   0.4090517E+0002  -0.6026402E-0003   0.6500388E-0014  -0.7321087E-0001  -0.9185833E+0002
     9.94400   0.9767386E+0000  -0.2852536E-0015   0.4090825E+0002  -0.6026402E-0003   0.6495889E-0014  -0.7422643E-0001  -0.9185826E+0002
     9.94800   0.9767386E+0000  -0.6277531E-0015   0.4091115E+0002  -0.6026402E-0003   0.6494046E-0014  -0.7519740E-0001  -0.9185820E+0002
     9.95200   0.9767386E+0000  -0.6277531E-0015   0.4091391E+0002  -0.6026402E-0003   0.6490847E-0014  -0.7614104E-0001  -0.9185814E+0002
     9.95600   0.9767386E+0000   0.5713745E-0016   0.4091657E+0002  -0.6026402E-0003   0.6486348E-0014  -0.7707754E-0001  -0.9185808E+0002
     9.96000   0.9767386E+0000   0.5713745E-0016   0.4091914E+0002  -0.6026402E-0003   0.6485155E-0014  -0.7802877E-0001  -0.9185802E+0002
     9.96400   0.9767386E+0000  -0.2852536E-0015   0.4092169E+0002  -0.6026402E-0003   0.6478596E-0014  -0.7901716E-0001  -0.9185796E+0002
     9.96800   0.9767386E+0000  -0.2852536E-0015   0.4092423E+0002  -0.6026402E-0003   0.6476048E-0014  -0.8006438E-0001  -0.9185791E+0002
     9.97200   0.9767386E+0000  -0.6277531E-0015   0.4092681E+0002  -0.6026402E-0003   0.6472850E-0014  -0.8119021E-0001  -0.9185785E+0002
     9.97600   0.9767386E+0000  -0.2852536E-0015   0.4092944E+0002  -0.6026402E-0003   0.6465640E-0014  -0.8241155E-0001  -0.9185780E+0002
     9.98000   0.9767386E+0000  -0.6276446E-0015   0.4093215E+0002  -0.6026402E-0003   0.6464501E-0014  -0.8374165E-0001  -0.9185775E+0002
     9.98400   0.9767386E+0000  -0.9700357E-0015   0.4093495E+0002  -0.6026402E-0003   0.6462658E-0014  -0.8518962E-0001  -0.9185770E+0002
     9.98800   0.9767386E+0000  -0.9700357E-0015   0.4093784E+0002  -0.6026402E-0003   0.6460815E-0014  -0.8676024E-0001  -0.9185764E+0002
     9.99200   0.9767386E+0000  -0.2850368E-0015   0.4094082E+0002  -0.6026402E-0003   0.6454256E-0014  -0.8845399E-0001  -0.9185759E+0002
     9.99600   0.9767386E+0000  -0.2850368E-0015   0.4094387E+0002  -0.6026402E-0003   0.6450407E-0014  -0.9026733E-0001  -0.9185754E+0002
    10.00000   0.9767386E+0000   0.5746272E-0016   0.4094697E+0002  -0.6026402E-0003   0.6447235E-0014  -0.9219313E-0001  -0.9185750E+0002
    10.00400   0.9767386E+0000   0.5746272E-0016   0.4095010E+0002  -0.6026402E-0003   0.6442058E-0014  -0.9422124E-0001  -0.9185745E+0002
    10.00800   0.9767386E+0000   0.5746272E-0016   0.4095323E+0002  -0.6026402E-0003   0.6439537E-0014  -0.9633906E-0001  -0.9185741E+0002
    10.01200   0.9767386E+0000   0.5746272E-0016   0.4095634E+0002  -0.6026402E-0003   0.6434333E-0014  -0.9853219E-0001  -0.9185737E+0002
    10.01600   0.9767386E+0000  -0.2850368E-0015   0.4095940E+0002  -0.6026402E-0003   0.6427801E-0014  -0.1007851E+0000  -0.9185734E+0002
    10.02000   0.9767386E+0000  -0.6275362E-0015   0.4096238E+0002  -0.6026402E-0003   0.6426608E-0014  -0.1030817E+0000  -0.9185731E+0002
    10.02400   0.9767386E+0000  -0.1312427E-0014   0.4096525E+0002  -0.6026402E-0003   0.6423410E-0014  -0.1054061E+0000  -0.9185728E+0002
    10.02800   0.9767386E+0000   0.5735429E-0016   0.4096799E+0002  -0.6026402E-0003   0.6418883E-0014  -0.1077432E+0000  -0.9185726E+0002
    10.03200   0.9767386E+0000   0.5735429E-0016   0.4097058E+0002  -0.6026402E-0003   0.6413706E-0014  -0.1100788E+0000  -0.9185725E+0002
    10.03600   0.9767386E+0000  -0.9700357E-0015   0.4097300E+0002  -0.6026402E-0003   0.6407147E-0014  -0.1124006E+0000  -0.9185723E+0002
    10.04000   0.9767386E+0000  -0.2850368E-0015   0.4097524E+0002  -0.6026402E-0003   0.6407310E-0014  -0.1146982E+0000  -0.9185723E+0002
    10.04400   0.9767386E+0000  -0.2850368E-0015   0.4097729E+0002  -0.6026402E-0003   0.6406117E-0014  -0.1169630E+0000  -0.9185722E+0002
    10.04800   0.9767386E+0000   0.5735429E-0016   0.4097916E+0002  -0.6026402E-0003   0.6402241E-0014  -0.1191885E+0000  -0.9185722E+0002
    10.05200   0.9767386E+0000  -0.2851452E-0015   0.4098084E+0002  -0.6026402E-0003   0.6401075E-0014  -0.1213702E+0000  -0.9185723E+0002
    10.05600   0.9767386E+0000   0.5735429E-0016   0.4098235E+0002  -0.6026402E-0003   0.6399883E-0014  -0.1235052E+0000  -0.9185723E+0002
    10.06000   0.9767386E+0000  -0.2850368E-0015   0.4098369E+0002  -0.6026402E-0003   0.6400045E-0014  -0.1255922E+0000  -0.9185724E+0002
    10.06400   0.9767386E+0000  -0.2850368E-0015   0.4098488E+0002  -0.6026402E-0003   0.6394868E-0014  -0.1276316E+0000  -0.9185726E+0002
    10.06800   0.9767386E+0000  -0.6275362E-0015   0.4098594E+0002  -0.6026402E-0003   0.6393676E-0014  -0.1296248E+0000  -0.9185727E+0002
    10.07200   0.9767386E+0000  -0.9699273E-0015   0.4098689E+0002  -0.6026402E-0003   0.6395167E-0014  -0.1315744E+0000  -0.9185729E+0002
    10.07600   0.9767386E+0000  -0.2850368E-0015   0.4098776E+0002  -0.6026402E-0003   0.6388634E-0014  -0.1334841E+0000  -0.9185731E+0002
    10.08000   0.9767386E+0000  -0.9699273E-0015   0.4098859E+0002  -0.6026402E-0003   0.6386113E-0014  -0.1353583E+0000  -0.9185733E+0002
    10.08400   0.9767386E+0000  -0.6275362E-0015   0.4098941E+0002  -0.6026402E-0003   0.6387604E-0014  -0.1372016E+0000  -0.9185736E+0002
    10.08800   0.9767386E+0000   0.5746272E-0016   0.4099026E+0002  -0.6026402E-0003   0.6386412E-0014  -0.1390188E+0000  -0.9185738E+0002
    10.09200   0.9767386E+0000   0.7424616E-0015   0.4099118E+0002  -0.6026402E-0003   0.6383918E-0014  -0.1408139E+0000  -0.9185740E+0002
    10.09600   0.9767386E+0000  -0.6274278E-0015   0.4099220E+0002  -0.6026402E-0003   0.6385436E-0014  -0.1425900E+0000  -0.9185743E+0002
    10.10000   0.9767386E+0000  -0.9699273E-0015   0.4099334E+0002  -0.6026402E-0003   0.6382915E-0014  -0.1443486E+0000  -0.9185746E+0002
    10.10400   0.9767386E+0000  -0.9699273E-0015   0.4099464E+0002  -0.6026402E-0003   0.6383078E-0014  -0.1460888E+0000  -0.9185748E+0002
    10.10800   0.9767386E+0000  -0.2849283E-0015   0.4099608E+0002  -0.6026402E-0003   0.6381912E-0014  -0.1478076E+0000  -0.9185751E+0002
    10.11200   0.9767386E+0000  -0.2849283E-0015   0.4099768E+0002  -0.6026402E-0003   0.6380747E-0014  -0.1494997E+0000  -0.9185754E+0002
    10.11600   0.9767386E+0000  -0.6274278E-0015   0.4099940E+0002  -0.6026402E-0003   0.6380909E-0014  -0.1511574E+0000  -0.9185757E+0002
    10.12000   0.9767386E+0000   0.5746272E-0016   0.4100122E+0002  -0.6026402E-0003   0.6375705E-0014  -0.1527710E+0000  -0.9185760E+0002
    10.12400   0.9767386E+0000   0.5746272E-0016   0.4100310E+0002  -0.6026402E-0003   0.6373211E-0014  -0.1543298E+0000  -0.9185762E+0002
    10.12800   0.9767386E+0000   0.5746272E-0016   0.4100499E+0002  -0.6026402E-0003   0.6373374E-0014  -0.1558225E+0000  -0.9185765E+0002
    10.13200   0.9767386E+0000  -0.6275362E-0015   0.4100684E+0002  -0.6026402E-0003   0.6364158E-0014  -0.1572386E+0000  -0.9185768E+0002
    10.13600   0.9767386E+0000   0.5735429E-0016   0.4100863E+0002  -0.6026402E-0003   0.6364321E-0014  -0.1585689E+0000  -0.9185771E+0002
    10.14000   0.9767386E+0000  -0.6275362E-0015   0.4101030E+0002  -0.6026402E-0003   0.6361827E-0014  -0.1598072E+0000  -0.9185774E+0002
    10.14400   0.9767386E+0000  -0.6275362E-0015   0.4101185E+0002  -0.6026402E-0003   0.6363345E-0014  -0.1609500E+0000  -0.9185777E+0002
    10.14800   0.9767386E+0000  -0.2850368E-0015   0.4101326E+0002  -0.6026402E-0003   0.6358141E-0014  -0.1619974E+0000  -0.9185780E+0002
    10.15200   0.9767386E+0000  -0.2850368E-0015   0.4101452E+0002  -0.6026402E-0003   0.6354292E-0014  -0.1629523E+0000  -0.9185784E+0002
    10.15600   0.9767386E+0000   0.3998538E-0015   0.4101564E+0002  -0.6026402E-0003   0.6354455E-0014  -0.1638202E+0000  -0.9185787E+0002
    10.16000   0.9767386E+0000   0.5735429E-0016   0.4101662E+0002  -0.6026402E-0003   0.6354617E-0014  -0.1646082E+0000  -0.9185790E+0002
    10.16400   0.9767386E+0000  -0.2851452E-0015   0.4101749E+0002  -0.6026402E-0003   0.6349467E-0014  -0.1653247E+0000  -0.9185793E+0002
    10.16800   0.9767386E+0000  -0.6276446E-0015   0.4101823E+0002  -0.6026402E-0003   0.6353642E-0014  -0.1659786E+0000  -0.9185796E+0002
    10.17200   0.9767386E+0000  -0.9700357E-0015   0.4101886E+0002  -0.6026402E-0003   0.6349793E-0014  -0.1665787E+0000  -0.9185799E+0002
    10.17600   0.9767386E+0000  -0.9700357E-0015   0.4101939E+0002  -0.6026402E-0003   0.6347299E-0014  -0.1671334E+0000  -0.9185802E+0002
    10.18000   0.9767386E+0000  -0.2851452E-0015   0.4101981E+0002  -0.6026402E-0003   0.6350172E-0014  -0.1676507E+0000  -0.9185805E+0002
    10.18400   0.9767386E+0000   0.5724587E-0016   0.4102012E+0002  -0.6026402E-0003   0.6347678E-0014  -0.1681377E+0000  -0.9185808E+0002
    10.18800   0.9767386E+0000  -0.2851452E-0015   0.4102035E+0002  -0.6026402E-0003   0.6347841E-0014  -0.1686010E+0000  -0.9185811E+0002
    10.19200   0.9767386E+0000  -0.2851452E-0015   0.4102050E+0002  -0.6026402E-0003   0.6346703E-0014  -0.1690464E+0000  -0.9185814E+0002
    10.19600   0.9767386E+0000  -0.2851452E-0015   0.4102057E+0002  -0.6026402E-0003   0.6344209E-0014  -0.1694790E+0000  -0.9185817E+0002
    10.20000   0.9767386E+0000  -0.9700357E-0015   0.4102059E+0002  -0.6026402E-0003   0.6344372E-0014  -0.1699027E+0000  -0.9185821E+0002
    10.20400   0.9767386E+0000   0.5735429E-0016   0.4102056E+0002  -0.6026402E-0003   0.6343179E-0014  -0.1703203E+0000  -0.9185824E+0002
    10.20800   0.9767386E+0000  -0.6275362E-0015   0.4102049E+0002  -0.6026402E-0003   0.6348708E-0014  -0.1707331E+0000  -0.9185828E+0002
    10.21200   0.9767386E+0000  -0.6275362E-0015   0.4102040E+0002  -0.6026402E-0003   0.6350172E-0014  -0.1711406E+0000  -0.9185832E+0002
    10.21600   0.9767386E+0000  -0.6275362E-0015   0.4102027E+0002  -0.6026402E-0003   0.6346323E-0014  -0.1715404E+0000  -0.9185836E+0002
    10.22000   0.9767386E+0000  -0.9700357E-0015   0.4102011E+0002  -0.6026402E-0003   0.6351798E-0014  -0.1719284E+0000  -0.9185840E+0002
    10.22400   0.9767386E+0000   0.5735429E-0016   0.4101992E+0002  -0.6026402E-0003   0.6349305E-0014  -0.1722988E+0000  -0.9185844E+0002
    10.22800   0.9767386E+0000  -0.9699273E-0015   0.4101968E+0002  -0.6026402E-0003   0.6349467E-0014  -0.1726447E+0000  -0.9185849E+0002
    10.23200   0.9767386E+0000  -0.6275362E-0015   0.4101939E+0002  -0.6026402E-0003   0.6349630E-0014  -0.1729581E+0000  -0.9185853E+0002
    10.23600   0.9767386E+0000  -0.2850368E-0015   0.4101903E+0002  -0.6026402E-0003   0.6349793E-0014  -0.1732309E+0000  -0.9185858E+0002
    10.24000   0.9767386E+0000  -0.9699273E-0015   0.4101861E+0002  -0.6026402E-0003   0.6351311E-0014  -0.1734554E+0000  -0.9185863E+0002
    10.24400   0.9767386E+0000  -0.6274278E-0015   0.4101813E+0002  -0.6026402E-0003   0.6351473E-0014  -0.1736247E+0000  -0.9185869E+0002
    10.24800   0.9767386E+0000  -0.2850368E-0015   0.4101757E+0002  -0.6026402E-0003   0.6354292E-0014  -0.1737332E+0000  -0.9185874E+0002
    10.25200   0.9767386E+0000   0.5746272E-0016   0.4101693E+0002  -0.6026402E-0003   0.6357111E-0014  -0.1737773E+0000  -0.9185879E+0002
    10.25600   0.9767386E+0000  -0.1312318E-0014   0.4101623E+0002  -0.6026402E-0003   0.6353262E-0014  -0.1737551E+0000  -0.9185885E+0002
    10.26000   0.9767386E+0000  -0.2849283E-0015   0.4101546E+0002  -0.6026402E-0003   0.6353425E-0014  -0.1736666E+0000  -0.9185890E+0002
    10.26400   0.9767386E+0000  -0.6274278E-0015   0.4101463E+0002  -0.6026402E-0003   0.6354888E-0014  -0.1735136E+0000  -0.9185896E+0002
    10.26800   0.9767386E+0000  -0.2849283E-0015   0.4101373E+0002  -0.6026402E-0003   0.6352395E-0014  -0.1732996E+0000  -0.9185901E+0002
    10.27200   0.9767386E+0000  -0.9699273E-0015   0.4101278E+0002  -0.6026402E-0003   0.6357870E-0014  -0.1730293E+0000  -0.9185906E+0002
    10.27600   0.9767386E+0000  -0.2850368E-0015   0.4101178E+0002  -0.6026402E-0003   0.6360743E-0014  -0.1727084E+0000  -0.9185911E+0002
    10.28000   0.9767386E+0000   0.3999622E-0015   0.4101074E+0002  -0.6026402E-0003   0.6362207E-0014  -0.1723435E+0000  -0.9185916E+0002
    10.28400   0.9767386E+0000   0.5746272E-0016   0.4100966E+0002  -0.6026402E-0003   0.6361014E-0014  -0.1719415E+0000  -0.9185921E+0002
    10.28800   0.9767386E+0000   0.5746272E-0016   0.4100856E+0002  -0.6026402E-0003   0.6365188E-0014  -0.1715099E+0000  -0.9185925E+0002
    10.29200   0.9767386E+0000   0.5746272E-0016   0.4100744E+0002  -0.6026402E-0003   0.6361339E-0014  -0.1710562E+0000  -0.9185929E+0002
    10.29600   0.9767386E+0000  -0.2850368E-0015   0.4100632E+0002  -0.6026402E-0003   0.6366760E-0014  -0.1705877E+0000  -0.9185933E+0002
    10.30000   0.9767386E+0000  -0.2850368E-0015   0.4100521E+0002  -0.6026402E-0003   0.6366869E-0014  -0.1701116E+0000  -0.9185936E+0002
    10.30400   0.9767386E+0000  -0.2850368E-0015   0.4100410E+0002  -0.6026402E-0003   0.6365676E-0014  -0.1696348E+0000  -0.9185939E+0002
    10.30800   0.9767386E+0000   0.5746272E-0016   0.4100301E+0002  -0.6026402E-0003   0.6365893E-0014  -0.1691636E+0000  -0.9185942E+0002
    10.31200   0.9767386E+0000  -0.6274278E-0015   0.4100195E+0002  -0.6026402E-0003   0.6374025E-0014  -0.1687041E+0000  -0.9185944E+0002
    10.31600   0.9767386E+0000  -0.6274278E-0015   0.4100091E+0002  -0.6026402E-0003   0.6368820E-0014  -0.1682618E+0000  -0.9185946E+0002
    10.32000   0.9767386E+0000  -0.6274278E-0015   0.4099992E+0002  -0.6026402E-0003   0.6371639E-0014  -0.1678415E+0000  -0.9185947E+0002
    10.32400   0.9767386E+0000  -0.2849283E-0015   0.4099897E+0002  -0.6026402E-0003   0.6371856E-0014  -0.1674476E+0000  -0.9185948E+0002
    10.32800   0.9767386E+0000  -0.9698188E-0015   0.4099806E+0002  -0.6026402E-0003   0.6371965E-0014  -0.1670839E+0000  -0.9185949E+0002
    10.33200   0.9767386E+0000   0.4000706E-0015   0.4099721E+0002  -0.6026402E-0003   0.6374784E-0014  -0.1667535E+0000  -0.9185949E+0002
    10.33600   0.9767386E+0000  -0.6273194E-0015   0.4099641E+0002  -0.6026402E-0003   0.6377602E-0014  -0.1664585E+0000  -0.9185949E+0002
    10.34000   0.9767386E+0000  -0.2849283E-0015   0.4099568E+0002  -0.6026402E-0003   0.6377711E-0014  -0.1662006E+0000  -0.9185949E+0002
    10.34400   0.9767386E+0000  -0.2849283E-0015   0.4099500E+0002  -0.6026402E-0003   0.6380530E-0014  -0.1659805E+0000  -0.9185948E+0002
    10.34800   0.9767386E+0000  -0.9698188E-0015   0.4099438E+0002  -0.6026402E-0003   0.6383457E-0014  -0.1657984E+0000  -0.9185947E+0002
    10.35200   0.9767386E+0000  -0.1312210E-0014   0.4099382E+0002  -0.6026402E-0003   0.6379662E-0014  -0.1656537E+0000  -0.9185946E+0002
    10.35600   0.9767386E+0000  -0.9698188E-0015   0.4099331E+0002  -0.6026402E-0003   0.6386493E-0014  -0.1655453E+0000  -0.9185944E+0002
    10.36000   0.9767386E+0000   0.3999622E-0015   0.4099286E+0002  -0.6026402E-0003   0.6381397E-0014  -0.1654716E+0000  -0.9185943E+0002
    10.36400   0.9767386E+0000  -0.2849283E-0015   0.4099246E+0002  -0.6026402E-0003   0.6378903E-0014  -0.1654305E+0000  -0.9185941E+0002
    10.36800   0.9767386E+0000  -0.2849283E-0015   0.4099210E+0002  -0.6026402E-0003   0.6385842E-0014  -0.1654197E+0000  -0.9185939E+0002
    10.37200   0.9767386E+0000  -0.2849283E-0015   0.4099179E+0002  -0.6026402E-0003   0.6383349E-0014  -0.1654364E+0000  -0.9185937E+0002
    10.37600   0.9767386E+0000  -0.2849283E-0015   0.4099151E+0002  -0.6026402E-0003   0.6383566E-0014  -0.1654778E+0000  -0.9185934E+0002
    10.38000   0.9767386E+0000  -0.9698188E-0015   0.4099127E+0002  -0.6026402E-0003   0.6386384E-0014  -0.1655411E+0000  -0.9185932E+0002
    10.38400   0.9767386E+0000   0.5746272E-0016   0.4099107E+0002  -0.6026402E-0003   0.6385192E-0014  -0.1656236E+0000  -0.9185929E+0002
    10.38800   0.9767386E+0000  -0.2849283E-0015   0.4099089E+0002  -0.6026402E-0003   0.6388011E-0014  -0.1657231E+0000  -0.9185926E+0002
    10.39200   0.9767386E+0000   0.4000706E-0015   0.4099074E+0002  -0.6026402E-0003   0.6385517E-0014  -0.1658377E+0000  -0.9185924E+0002
    10.39600   0.9767386E+0000  -0.2848199E-0015   0.4099062E+0002  -0.6026402E-0003   0.6385626E-0014  -0.1659664E+0000  -0.9185921E+0002
    10.40000   0.9767386E+0000   0.5767956E-0016   0.4099051E+0002  -0.6026402E-0003   0.6381831E-0014  -0.1661083E+0000  -0.9185918E+0002
    10.40400   0.9767386E+0000  -0.6272110E-0015   0.4099043E+0002  -0.6026402E-0003   0.6382048E-0014  -0.1662636E+0000  -0.9185915E+0002
    10.40800   0.9767386E+0000  -0.6272110E-0015   0.4099038E+0002  -0.6026402E-0003   0.6383566E-0014  -0.1664329E+0000  -0.9185912E+0002
    10.41200   0.9767386E+0000   0.5767956E-0016   0.4099035E+0002  -0.6026402E-0003   0.6385083E-0014  -0.1666177E+0000  -0.9185908E+0002
    10.41600   0.9767386E+0000  -0.9696020E-0015   0.4099036E+0002  -0.6026402E-0003   0.6387902E-0014  -0.1668203E+0000  -0.9185905E+0002
    10.42000   0.9767386E+0000  -0.2847115E-0015   0.4099040E+0002  -0.6026402E-0003   0.6385409E-0014  -0.1670434E+0000  -0.9185902E+0002
    10.42400   0.9767386E+0000  -0.2847115E-0015   0.4099047E+0002  -0.6026402E-0003   0.6384216E-0014  -0.1672905E+0000  -0.9185899E+0002
    10.42800   0.9767386E+0000  -0.6272110E-0015   0.4099059E+0002  -0.6026402E-0003   0.6381722E-0014  -0.1675657E+0000  -0.9185895E+0002
    10.43200   0.9767386E+0000  -0.6272110E-0015   0.4099076E+0002  -0.6026402E-0003   0.6381831E-0014  -0.1678732E+0000  -0.9185892E+0002
    10.43600   0.9767386E+0000  -0.6272110E-0015   0.4099097E+0002  -0.6026402E-0003   0.6387360E-0014  -0.1682172E+0000  -0.9185888E+0002
    10.44000   0.9767386E+0000  -0.6272110E-0015   0.4099125E+0002  -0.6026402E-0003   0.6383566E-0014  -0.1686020E+0000  -0.9185885E+0002
    10.44400   0.9767386E+0000  -0.9697104E-0015   0.4099158E+0002  -0.6026402E-0003   0.6383782E-0014  -0.1690314E+0000  -0.9185881E+0002
    10.44800   0.9767386E+0000  -0.6272110E-0015   0.4099199E+0002  -0.6026402E-0003   0.6389203E-0014  -0.1695088E+0000  -0.9185878E+0002
    10.45200   0.9767386E+0000   0.4001790E-0015   0.4099245E+0002  -0.6026402E-0003   0.6383999E-0014  -0.1700372E+0000  -0.9185875E+0002
    10.45600   0.9767386E+0000   0.5767956E-0016   0.4099299E+0002  -0.6026402E-0003   0.6381506E-0014  -0.1706186E+0000  -0.9185871E+0002
    10.46000   0.9767386E+0000  -0.6273194E-0015   0.4099360E+0002  -0.6026402E-0003   0.6381722E-0014  -0.1712543E+0000  -0.9185868E+0002
    10.46400   0.9767386E+0000  -0.2848199E-0015   0.4099429E+0002  -0.6026402E-0003   0.6383132E-0014  -0.1719447E+0000  -0.9185865E+0002
    10.46800   0.9767386E+0000  -0.2848199E-0015   0.4099504E+0002  -0.6026402E-0003   0.6380638E-0014  -0.1726892E+0000  -0.9185862E+0002
    10.47200   0.9767386E+0000  -0.2848199E-0015   0.4099586E+0002  -0.6026402E-0003   0.6380855E-0014  -0.1734865E+0000  -0.9185858E+0002
    10.47600   0.9767386E+0000  -0.2848199E-0015   0.4099674E+0002  -0.6026402E-0003   0.6382373E-0014  -0.1743339E+0000  -0.9185855E+0002
    10.48000   0.9767386E+0000  -0.1312210E-0014   0.4099767E+0002  -0.6026402E-0003   0.6378470E-0014  -0.1752281E+0000  -0.9185852E+0002
    10.48400   0.9767386E+0000  -0.2849283E-0015   0.4099866E+0002  -0.6026402E-0003   0.6374567E-0014  -0.1761650E+0000  -0.9185849E+0002
    10.48800   0.9767386E+0000  -0.6274278E-0015   0.4099970E+0002  -0.6026402E-0003   0.6378687E-0014  -0.1771398E+0000  -0.9185847E+0002
    10.49200   0.9767386E+0000  -0.6274278E-0015   0.4100077E+0002  -0.6026402E-0003   0.6374784E-0014  -0.1781471E+0000  -0.9185844E+0002
    10.49600   0.9767386E+0000  -0.9699273E-0015   0.4100186E+0002  -0.6026402E-0003   0.6377602E-0014  -0.1791810E+0000  -0.9185841E+0002
    10.50000   0.9767386E+0000  -0.2850368E-0015   0.4100298E+0002  -0.6026402E-0003   0.6371097E-0014  -0.1802354E+0000  -0.9185839E+0002
    10.50400   0.9767386E+0000  -0.9699273E-0015   0.4100411E+0002  -0.6026402E-0003   0.6369905E-0014  -0.1813034E+0000  -0.9185837E+0002
    10.50800   0.9767386E+0000   0.5735429E-0016   0.4100523E+0002  -0.6026402E-0003   0.6361990E-0014  -0.1823782E+0000  -0.9185834E+0002
    10.51200   0.9767386E+0000  -0.6275362E-0015   0.4100635E+0002  -0.6026402E-0003   0.6367519E-0014  -0.1834525E+0000  -0.9185832E+0002
    10.51600   0.9767386E+0000  -0.9699273E-0015   0.4100745E+0002  -0.6026402E-0003   0.6367628E-0014  -0.1845192E+0000  -0.9185830E+0002
    10.52000   0.9767386E+0000   0.5746272E-0016   0.4100851E+0002  -0.6026402E-0003   0.6367845E-0014  -0.1855709E+0000  -0.9185828E+0002
    10.52400   0.9767386E+0000  -0.2849283E-0015   0.4100953E+0002  -0.6026402E-0003   0.6360038E-0014  -0.1866006E+0000  -0.9185826E+0002
    10.52800   0.9767386E+0000   0.5757114E-0016   0.4101051E+0002  -0.6026402E-0003   0.6361556E-0014  -0.1876016E+0000  -0.9185825E+0002
    10.53200   0.9767386E+0000  -0.6274278E-0015   0.4101142E+0002  -0.6026402E-0003   0.6361773E-0014  -0.1885678E+0000  -0.9185823E+0002
    10.53600   0.9767386E+0000  -0.6274278E-0015   0.4101227E+0002  -0.6026402E-0003   0.6359171E-0014  -0.1894939E+0000  -0.9185822E+0002
    10.54000   0.9767386E+0000  -0.6274278E-0015   0.4101305E+0002  -0.6026402E-0003   0.6356677E-0014  -0.1903755E+0000  -0.9185820E+0002
    10.54400   0.9767386E+0000   0.3999622E-0015   0.4101376E+0002  -0.6026402E-0003   0.6355485E-0014  -0.1912096E+0000  -0.9185819E+0002
    10.54800   0.9767386E+0000   0.5746272E-0016   0.4101439E+0002  -0.6026402E-0003   0.6354401E-0014  -0.1919944E+0000  -0.9185817E+0002
    10.55200   0.9767386E+0000  -0.9699273E-0015   0.4101494E+0002  -0.6026402E-0003   0.6353208E-0014  -0.1927296E+0000  -0.9185816E+0002
    10.55600   0.9767386E+0000  -0.6275362E-0015   0.4101541E+0002  -0.6026402E-0003   0.6354726E-0014  -0.1934162E+0000  -0.9185815E+0002
    10.56000   0.9767386E+0000  -0.2851452E-0015   0.4101582E+0002  -0.6026402E-0003   0.6353533E-0014  -0.1940567E+0000  -0.9185814E+0002
    10.56400   0.9767386E+0000  -0.1312535E-0014   0.4101616E+0002  -0.6026402E-0003   0.6356352E-0014  -0.1946547E+0000  -0.9185812E+0002
    10.56800   0.9767386E+0000  -0.2852536E-0015   0.4101643E+0002  -0.6026402E-0003   0.6355159E-0014  -0.1952146E+0000  -0.9185811E+0002
    10.57200   0.9767386E+0000   0.3997453E-0015   0.4101665E+0002  -0.6026402E-0003   0.6353967E-0014  -0.1957417E+0000  -0.9185810E+0002
    10.57600   0.9767386E+0000  -0.6276446E-0015   0.4101683E+0002  -0.6026402E-0003   0.6351473E-0014  -0.1962416E+0000  -0.9185809E+0002
    10.58000   0.9767386E+0000   0.5724587E-0016   0.4101695E+0002  -0.6026402E-0003   0.6350281E-0014  -0.1967198E+0000  -0.9185808E+0002
    10.58400   0.9767386E+0000  -0.9701441E-0015   0.4101705E+0002  -0.6026402E-0003   0.6351798E-0014  -0.1971818E+0000  -0.9185807E+0002
    10.58800   0.9767386E+0000  -0.2852536E-0015   0.4101710E+0002  -0.6026402E-0003   0.6352015E-0014  -0.1976326E+0000  -0.9185806E+0002
    10.59200   0.9767386E+0000  -0.1312535E-0014   0.4101713E+0002  -0.6026402E-0003   0.6350823E-0014  -0.1980765E+0000  -0.9185805E+0002
    10.59600   0.9767386E+0000  -0.1312535E-0014   0.4101714E+0002  -0.6026402E-0003   0.6352341E-0014  -0.1985168E+0000  -0.9185804E+0002
    10.60000   0.9767386E+0000  -0.9701441E-0015   0.4101712E+0002  -0.6026402E-0003   0.6352557E-0014  -0.1989562E+0000  -0.9185803E+0002
    10.60400   0.9767386E+0000   0.5724587E-0016   0.4101708E+0002  -0.6026402E-0003   0.6351365E-0014  -0.1993964E+0000  -0.9185803E+0002
    10.60800   0.9767386E+0000  -0.6276446E-0015   0.4101702E+0002  -0.6026402E-0003   0.6355485E-0014  -0.1998379E+0000  -0.9185802E+0002
    10.61200   0.9767386E+0000  -0.2851452E-0015   0.4101693E+0002  -0.6026402E-0003   0.6352991E-0014  -0.2002809E+0000  -0.9185802E+0002
    10.61600   0.9767386E+0000   0.3997996E-0015   0.4101682E+0002  -0.6026402E-0003   0.6353099E-0014  -0.2007245E+0000  -0.9185802E+0002
    10.62000   0.9767386E+0000  -0.2851452E-0015   0.4101669E+0002  -0.6026402E-0003   0.6358520E-0014  -0.2011676E+0000  -0.9185802E+0002
    10.62400   0.9767386E+0000  -0.6275904E-0015   0.4101652E+0002  -0.6026402E-0003   0.6352015E-0014  -0.2016084E+0000  -0.9185803E+0002
    10.62800   0.9767386E+0000  -0.2851452E-0015   0.4101633E+0002  -0.6026402E-0003   0.6354943E-0014  -0.2020452E+0000  -0.9185804E+0002
    10.63200   0.9767386E+0000   0.5730008E-0016   0.4101610E+0002  -0.6026402E-0003   0.6353750E-0014  -0.2024763E+0000  -0.9185806E+0002
    10.63600   0.9767386E+0000  -0.2851452E-0015   0.4101584E+0002  -0.6026402E-0003   0.6352557E-0014  -0.2029002E+0000  -0.9185808E+0002
    10.64000   0.9767386E+0000  -0.2851452E-0015   0.4101554E+0002  -0.6026402E-0003   0.6351365E-0014  -0.2033155E+0000  -0.9185810E+0002
    10.64400   0.9767386E+0000  -0.2851452E-0015   0.4101521E+0002  -0.6026402E-0003   0.6352883E-0014  -0.2037214E+0000  -0.9185813E+0002
    10.64800   0.9767386E+0000  -0.2851452E-0015   0.4101485E+0002  -0.6026402E-0003   0.6354292E-0014  -0.2041174E+0000  -0.9185816E+0002
    10.65200   0.9767386E+0000  -0.9700357E-0015   0.4101445E+0002  -0.6026402E-0003   0.6355702E-0014  -0.2045037E+0000  -0.9185820E+0002
    10.65600   0.9767386E+0000   0.5735429E-0016   0.4101403E+0002  -0.6026402E-0003   0.6353208E-0014  -0.2048806E+0000  -0.9185824E+0002
    10.66000   0.9767386E+0000   0.5735429E-0016   0.4101358E+0002  -0.6026402E-0003   0.6350714E-0014  -0.2052491E+0000  -0.9185828E+0002
    10.66400   0.9767386E+0000   0.5735429E-0016   0.4101310E+0002  -0.6026402E-0003   0.6358954E-0014  -0.2056105E+0000  -0.9185833E+0002
    10.66800   0.9767386E+0000  -0.9700357E-0015   0.4101260E+0002  -0.6026402E-0003   0.6357762E-0014  -0.2059663E+0000  -0.9185839E+0002
    10.67200   0.9767386E+0000  -0.2851452E-0015   0.4101209E+0002  -0.6026402E-0003   0.6355268E-0014  -0.2063182E+0000  -0.9185845E+0002
    10.67600   0.9767386E+0000   0.5730008E-0016   0.4101157E+0002  -0.6026402E-0003   0.6363508E-0014  -0.2066679E+0000  -0.9185851E+0002
    10.68000   0.9767386E+0000  -0.6275904E-0015   0.4101104E+0002  -0.6026402E-0003   0.6359605E-0014  -0.2070173E+0000  -0.9185858E+0002
    10.68400   0.9767386E+0000  -0.9700899E-0015   0.4101050E+0002  -0.6026402E-0003   0.6359713E-0014  -0.2073678E+0000  -0.9185865E+0002
    10.68800   0.9767386E+0000  -0.2851994E-0015   0.4100997E+0002  -0.6026402E-0003   0.6358520E-0014  -0.2077209E+0000  -0.9185872E+0002
    10.69200   0.9767386E+0000  -0.6276446E-0015   0.4100943E+0002  -0.6026402E-0003   0.6362640E-0014  -0.2080777E+0000  -0.9185880E+0002
    10.69600   0.9767386E+0000   0.3996911E-0015   0.4100891E+0002  -0.6026402E-0003   0.6362749E-0014  -0.2084387E+0000  -0.9185888E+0002
    10.70000   0.9767386E+0000  -0.2851994E-0015   0.4100838E+0002  -0.6026402E-0003   0.6364267E-0014  -0.2088043E+0000  -0.9185896E+0002
    10.70400   0.9767386E+0000  -0.6276446E-0015   0.4100787E+0002  -0.6026402E-0003   0.6364484E-0014  -0.2091743E+0000  -0.9185904E+0002
    10.70800   0.9767386E+0000  -0.6276446E-0015   0.4100735E+0002  -0.6026402E-0003   0.6363291E-0014  -0.2095479E+0000  -0.9185912E+0002
    10.71200   0.9767386E+0000  -0.6276446E-0015   0.4100685E+0002  -0.6026402E-0003   0.6364809E-0014  -0.2099242E+0000  -0.9185921E+0002
    10.71600   0.9767386E+0000  -0.2851994E-0015   0.4100635E+0002  -0.6026402E-0003   0.6364917E-0014  -0.2103015E+0000  -0.9185929E+0002
    10.72000   0.9767386E+0000  -0.6276446E-0015   0.4100585E+0002  -0.6026402E-0003   0.6363725E-0014  -0.2106781E+0000  -0.9185938E+0002
    10.72400   0.9767386E+0000  -0.2851994E-0015   0.4100535E+0002  -0.6026402E-0003   0.6363833E-0014  -0.2110517E+0000  -0.9185946E+0002
    10.72800   0.9767386E+0000   0.5724587E-0016   0.4100484E+0002  -0.6026402E-0003   0.6366652E-0014  -0.2114198E+0000  -0.9185954E+0002
    10.73200   0.9767386E+0000  -0.6276446E-0015   0.4100433E+0002  -0.6026402E-0003   0.6372181E-0014  -0.2117797E+0000  -0.9185963E+0002
    10.73600   0.9767386E+0000   0.5730008E-0016   0.4100381E+0002  -0.6026402E-0003   0.6364267E-0014  -0.2121288E+0000  -0.9185971E+0002
    10.74000   0.9767386E+0000  -0.9700899E-0015   0.4100328E+0002  -0.6026402E-0003   0.6373808E-0014  -0.2124643E+0000  -0.9185979E+0002
    10.74400   0.9767386E+0000  -0.6276446E-0015   0.4100273E+0002  -0.6026402E-0003   0.6371314E-0014  -0.2127833E+0000  -0.9185987E+0002
    10.74800   0.9767386E+0000  -0.2851994E-0015   0.4100216E+0002  -0.6026402E-0003   0.6374133E-0014  -0.2130834E+0000  -0.9185995E+0002
    10.75200   0.9767386E+0000  -0.9701441E-0015   0.4100157E+0002  -0.6026402E-0003   0.6368929E-0014  -0.2133621E+0000  -0.9186002E+0002
    10.75600   0.9767386E+0000  -0.9701441E-0015   0.4100095E+0002  -0.6026402E-0003   0.6366327E-0014  -0.2136176E+0000  -0.9186010E+0002
    10.76000   0.9767386E+0000  -0.9701441E-0015   0.4100030E+0002  -0.6026402E-0003   0.6374567E-0014  -0.2138480E+0000  -0.9186017E+0002
    10.76400   0.9767386E+0000   0.5719166E-0016   0.4099963E+0002  -0.6026402E-0003   0.6372073E-0014  -0.2140521E+0000  -0.9186024E+0002
    10.76800   0.9767386E+0000  -0.6276988E-0015   0.4099893E+0002  -0.6026402E-0003   0.6373591E-0014  -0.2142292E+0000  -0.9186030E+0002
    10.77200   0.9767386E+0000   0.5724587E-0016   0.4099820E+0002  -0.6026402E-0003   0.6376410E-0014  -0.2143790E+0000  -0.9186037E+0002
    10.77600   0.9767386E+0000  -0.9700899E-0015   0.4099745E+0002  -0.6026402E-0003   0.6376518E-0014  -0.2145017E+0000  -0.9186043E+0002
    10.78000   0.9767386E+0000  -0.9700899E-0015   0.4099667E+0002  -0.6026402E-0003   0.6376627E-0014  -0.2145979E+0000  -0.9186048E+0002
    10.78400   0.9767386E+0000  -0.6276446E-0015   0.4099587E+0002  -0.6026402E-0003   0.6379446E-0014  -0.2146689E+0000  -0.9186054E+0002
    10.78800   0.9767386E+0000  -0.6276446E-0015   0.4099504E+0002  -0.6026402E-0003   0.6380963E-0014  -0.2147163E+0000  -0.9186059E+0002
    10.79200   0.9767386E+0000   0.5724587E-0016   0.4099420E+0002  -0.6026402E-0003   0.6381072E-0014  -0.2147419E+0000  -0.9186063E+0002
    10.79600   0.9767386E+0000  -0.2852536E-0015   0.4099335E+0002  -0.6026402E-0003   0.6383999E-0014  -0.2147480E+0000  -0.9186068E+0002
    10.80000   0.9767386E+0000   0.5724587E-0016   0.4099248E+0002  -0.6026402E-0003   0.6384108E-0014  -0.2147371E+0000  -0.9186072E+0002
    10.80400   0.9767386E+0000  -0.2851452E-0015   0.4099161E+0002  -0.6026402E-0003   0.6385626E-0014  -0.2147117E+0000  -0.9186075E+0002
    10.80800   0.9767386E+0000   0.5724587E-0016   0.4099073E+0002  -0.6026402E-0003   0.6388444E-0014  -0.2146743E+0000  -0.9186078E+0002
    10.81200   0.9767386E+0000   0.5724587E-0016   0.4098986E+0002  -0.6026402E-0003   0.6387252E-0014  -0.2146273E+0000  -0.9186081E+0002
    10.81600   0.9767386E+0000   0.5724587E-0016   0.4098899E+0002  -0.6026402E-0003   0.6388661E-0014  -0.2145732E+0000  -0.9186083E+0002
    10.82000   0.9767386E+0000  -0.1312644E-0014   0.4098812E+0002  -0.6026402E-0003   0.6387469E-0014  -0.2145139E+0000  -0.9186084E+0002
    10.82400   0.9767386E+0000  -0.6277531E-0015   0.4098726E+0002  -0.6026402E-0003   0.6392998E-0014  -0.2144511E+0000  -0.9186085E+0002
    10.82800   0.9767386E+0000  -0.9701441E-0015   0.4098640E+0002  -0.6026402E-0003   0.6391805E-0014  -0.2143861E+0000  -0.9186086E+0002
    10.83200   0.9767386E+0000  -0.2852536E-0015   0.4098556E+0002  -0.6026402E-0003   0.6392022E-0014  -0.2143199E+0000  -0.9186086E+0002
    10.83600   0.9767386E+0000  -0.2852536E-0015   0.4098473E+0002  -0.6026402E-0003   0.6393432E-0014  -0.2142529E+0000  -0.9186086E+0002
    10.84000   0.9767386E+0000   0.5724587E-0016   0.4098391E+0002  -0.6026402E-0003   0.6398961E-0014  -0.2141852E+0000  -0.9186085E+0002
    10.84400   0.9767386E+0000  -0.6276446E-0015   0.4098309E+0002  -0.6026402E-0003   0.6397769E-0014  -0.2141164E+0000  -0.9186083E+0002
    10.84800   0.9767386E+0000  -0.2852536E-0015   0.4098229E+0002  -0.6026402E-0003   0.6395167E-0014  -0.2140459E+0000  -0.9186081E+0002
    10.85200   0.9767386E+0000  -0.2852536E-0015   0.4098149E+0002  -0.6026402E-0003   0.6396684E-0014  -0.2139726E+0000  -0.9186079E+0002
    10.85600   0.9767386E+0000   0.5713745E-0016   0.4098070E+0002  -0.6026402E-0003   0.6396901E-0014  -0.2138952E+0000  -0.9186076E+0002
    10.86000   0.9767386E+0000   0.5713745E-0016   0.4097992E+0002  -0.6026402E-0003   0.6402431E-0014  -0.2138123E+0000  -0.9186072E+0002
    10.86400   0.9767386E+0000   0.5713745E-0016   0.4097914E+0002  -0.6026402E-0003   0.6402539E-0014  -0.2137224E+0000  -0.9186068E+0002
    10.86800   0.9767386E+0000  -0.9701441E-0015   0.4097836E+0002  -0.6026402E-0003   0.6398636E-0014  -0.2136239E+0000  -0.9186064E+0002
    10.87200   0.9767386E+0000  -0.6276446E-0015   0.4097758E+0002  -0.6026402E-0003   0.6401563E-0014  -0.2135155E+0000  -0.9186059E+0002
    10.87600   0.9767386E+0000  -0.9700357E-0015   0.4097680E+0002  -0.6026402E-0003   0.6405683E-0014  -0.2133959E+0000  -0.9186054E+0002
    10.88000   0.9767386E+0000  -0.2851452E-0015   0.4097602E+0002  -0.6026402E-0003   0.6409912E-0014  -0.2132641E+0000  -0.9186048E+0002
    10.88400   0.9767386E+0000  -0.2851452E-0015   0.4097524E+0002  -0.6026402E-0003   0.6406009E-0014  -0.2131194E+0000  -0.9186043E+0002
    10.88800   0.9767386E+0000  -0.2851452E-0015   0.4097446E+0002  -0.6026402E-0003   0.6404816E-0014  -0.2129616E+0000  -0.9186036E+0002
    10.89200   0.9767386E+0000  -0.2851452E-0015   0.4097367E+0002  -0.6026402E-0003   0.6403623E-0014  -0.2127908E+0000  -0.9186030E+0002
    10.89600   0.9767386E+0000   0.5724587E-0016   0.4097289E+0002  -0.6026402E-0003   0.6409153E-0014  -0.2126073E+0000  -0.9186024E+0002
    10.90000   0.9767386E+0000  -0.2851452E-0015   0.4097211E+0002  -0.6026402E-0003   0.6409261E-0014  -0.2124122E+0000  -0.9186017E+0002
    10.90400   0.9767386E+0000  -0.2851452E-0015   0.4097132E+0002  -0.6026402E-0003   0.6408069E-0014  -0.2122068E+0000  -0.9186010E+0002
    10.90800   0.9767386E+0000  -0.1312535E-0014   0.4097054E+0002  -0.6026402E-0003   0.6409586E-0014  -0.2119927E+0000  -0.9186003E+0002
    10.91200   0.9767386E+0000  -0.2851452E-0015   0.4096977E+0002  -0.6026402E-0003   0.6411104E-0014  -0.2117721E+0000  -0.9185996E+0002
    10.91600   0.9767386E+0000  -0.6276446E-0015   0.4096900E+0002  -0.6026402E-0003   0.6409912E-0014  -0.2115472E+0000  -0.9185989E+0002
    10.92000   0.9767386E+0000   0.5724587E-0016   0.4096823E+0002  -0.6026402E-0003   0.6411430E-0014  -0.2113206E+0000  -0.9185982E+0002
    10.92400   0.9767386E+0000  -0.6276988E-0015   0.4096748E+0002  -0.6026402E-0003   0.6414357E-0014  -0.2110949E+0000  -0.9185975E+0002
    10.92800   0.9767386E+0000  -0.9701983E-0015   0.4096674E+0002  -0.6026402E-0003   0.6419886E-0014  -0.2108729E+0000  -0.9185968E+0002
    10.93200   0.9767386E+0000  -0.2853078E-0015   0.4096601E+0002  -0.6026402E-0003   0.6417393E-0014  -0.2106573E+0000  -0.9185961E+0002
    10.93600   0.9767386E+0000  -0.1312644E-0014   0.4096529E+0002  -0.6026402E-0003   0.6416200E-0014  -0.2104507E+0000  -0.9185954E+0002
    10.94000   0.9767386E+0000  -0.6277531E-0015   0.4096459E+0002  -0.6026402E-0003   0.6420428E-0014  -0.2102557E+0000  -0.9185948E+0002
    10.94400   0.9767386E+0000  -0.6277531E-0015   0.4096390E+0002  -0.6026402E-0003   0.6420645E-0014  -0.2100744E+0000  -0.9185941E+0002
    10.94800   0.9767386E+0000  -0.6277531E-0015   0.4096323E+0002  -0.6026402E-0003   0.6418152E-0014  -0.2099090E+0000  -0.9185935E+0002
    10.95200   0.9767386E+0000  -0.6277531E-0015   0.4096257E+0002  -0.6026402E-0003   0.6423681E-0014  -0.2097611E+0000  -0.9185929E+0002
    10.95600   0.9767386E+0000   0.5713745E-0016   0.4096193E+0002  -0.6026402E-0003   0.6423789E-0014  -0.2096319E+0000  -0.9185923E+0002
    10.96000   0.9767386E+0000  -0.9702525E-0015   0.4096130E+0002  -0.6026402E-0003   0.6422597E-0014  -0.2095226E+0000  -0.9185917E+0002
    10.96400   0.9767386E+0000  -0.2853620E-0015   0.4096069E+0002  -0.6026402E-0003   0.6417393E-0014  -0.2094335E+0000  -0.9185912E+0002
    10.96800   0.9767386E+0000  -0.6278073E-0015   0.4096009E+0002  -0.6026402E-0003   0.6420212E-0014  -0.2093650E+0000  -0.9185907E+0002
    10.97200   0.9767386E+0000  -0.2853620E-0015   0.4095950E+0002  -0.6026402E-0003   0.6421621E-0014  -0.2093170E+0000  -0.9185902E+0002
    10.97600   0.9767386E+0000  -0.2853620E-0015   0.4095892E+0002  -0.6026402E-0003   0.6429861E-0014  -0.2092888E+0000  -0.9185897E+0002
    10.98000   0.9767386E+0000  -0.2853620E-0015   0.4095834E+0002  -0.6026402E-0003   0.6428668E-0014  -0.2092799E+0000  -0.9185892E+0002
    10.98400   0.9767386E+0000   0.3995285E-0015   0.4095778E+0002  -0.6026402E-0003   0.6427476E-0014  -0.2092891E+0000  -0.9185888E+0002
    10.98800   0.9767386E+0000  -0.6278615E-0015   0.4095722E+0002  -0.6026402E-0003   0.6426283E-0014  -0.2093154E+0000  -0.9185884E+0002
    10.99200   0.9767386E+0000   0.3994743E-0015   0.4095666E+0002  -0.6026402E-0003   0.6430403E-0014  -0.2093574E+0000  -0.9185880E+0002
    10.99600   0.9767386E+0000  -0.6279157E-0015   0.4095610E+0002  -0.6026402E-0003   0.6429210E-0014  -0.2094137E+0000  -0.9185877E+0002
    11.00000   0.9767386E+0000   0.5702903E-0016   0.4095554E+0002  -0.6026402E-0003   0.6428018E-0014  -0.2094830E+0000  -0.9185874E+0002
    11.00400   0.9767386E+0000  -0.6278615E-0015   0.4095498E+0002  -0.6026402E-0003   0.6430837E-0014  -0.2095638E+0000  -0.9185871E+0002
    11.00800   0.9767386E+0000  -0.2854162E-0015   0.4095442E+0002  -0.6026402E-0003   0.6430945E-0014  -0.2096549E+0000  -0.9185868E+0002
    11.01200   0.9767386E+0000  -0.6278615E-0015   0.4095386E+0002  -0.6026402E-0003   0.6435065E-0014  -0.2097552E+0000  -0.9185865E+0002
    11.01600   0.9767386E+0000  -0.9703067E-0015   0.4095329E+0002  -0.6026402E-0003   0.6437993E-0014  -0.2098635E+0000  -0.9185863E+0002
    11.02000   0.9767386E+0000  -0.2854162E-0015   0.4095272E+0002  -0.6026402E-0003   0.6432788E-0014  -0.2099790E+0000  -0.9185861E+0002
    11.02400   0.9767386E+0000  -0.9703609E-0015   0.4095215E+0002  -0.6026402E-0003   0.6434306E-0014  -0.2101010E+0000  -0.9185859E+0002
    11.02800   0.9767386E+0000   0.3994201E-0015   0.4095157E+0002  -0.6026402E-0003   0.6434415E-0014  -0.2102291E+0000  -0.9185858E+0002
    11.03200   0.9767386E+0000  -0.6279157E-0015   0.4095099E+0002  -0.6026402E-0003   0.6435933E-0014  -0.2103630E+0000  -0.9185856E+0002
    11.03600   0.9767386E+0000  -0.2854704E-0015   0.4095041E+0002  -0.6026402E-0003   0.6436041E-0014  -0.2105023E+0000  -0.9185856E+0002
    11.04000   0.9767386E+0000  -0.2854704E-0015   0.4094983E+0002  -0.6026402E-0003   0.6440161E-0014  -0.2106470E+0000  -0.9185855E+0002
    11.04400   0.9767386E+0000  -0.6279157E-0015   0.4094925E+0002  -0.6026402E-0003   0.6435065E-0014  -0.2107973E+0000  -0.9185854E+0002
    11.04800   0.9767386E+0000   0.3994743E-0015   0.4094867E+0002  -0.6026402E-0003   0.6437884E-0014  -0.2109531E+0000  -0.9185854E+0002
    11.05200   0.9767386E+0000  -0.6278615E-0015   0.4094810E+0002  -0.6026402E-0003   0.6439294E-0014  -0.2111145E+0000  -0.9185854E+0002
    11.05600   0.9767386E+0000  -0.9703609E-0015   0.4094753E+0002  -0.6026402E-0003   0.6439510E-0014  -0.2112817E+0000  -0.9185855E+0002
    11.06000   0.9767386E+0000  -0.2854704E-0015   0.4094697E+0002  -0.6026402E-0003   0.6442329E-0014  -0.2114546E+0000  -0.9185855E+0002
    11.06400   0.9767386E+0000   0.3994743E-0015   0.4094642E+0002  -0.6026402E-0003   0.6441137E-0014  -0.2116331E+0000  -0.9185856E+0002
    11.06800   0.9767386E+0000  -0.6279157E-0015   0.4094588E+0002  -0.6026402E-0003   0.6445365E-0014  -0.2118170E+0000  -0.9185857E+0002
    11.07200   0.9767386E+0000   0.5697482E-0016   0.4094535E+0002  -0.6026402E-0003   0.6446883E-0014  -0.2120061E+0000  -0.9185858E+0002
    11.07600   0.9767386E+0000  -0.6279699E-0015   0.4094483E+0002  -0.6026402E-0003   0.6446991E-0014  -0.2121997E+0000  -0.9185860E+0002
    11.08000   0.9767386E+0000  -0.2855246E-0015   0.4094432E+0002  -0.6026402E-0003   0.6447100E-0014  -0.2123972E+0000  -0.9185862E+0002
    11.08400   0.9767386E+0000  -0.6279699E-0015   0.4094383E+0002  -0.6026402E-0003   0.6443197E-0014  -0.2125977E+0000  -0.9185863E+0002
    11.08800   0.9767386E+0000  -0.1312860E-0014   0.4094334E+0002  -0.6026402E-0003   0.6446016E-0014  -0.2128003E+0000  -0.9185866E+0002
    11.09200   0.9767386E+0000  -0.6279699E-0015   0.4094287E+0002  -0.6026402E-0003   0.6447533E-0014  -0.2130039E+0000  -0.9185868E+0002
    11.09600   0.9767386E+0000  -0.2855246E-0015   0.4094241E+0002  -0.6026402E-0003   0.6450352E-0014  -0.2132073E+0000  -0.9185870E+0002
    11.10000   0.9767386E+0000  -0.2855246E-0015   0.4094196E+0002  -0.6026402E-0003   0.6447859E-0014  -0.2134092E+0000  -0.9185873E+0002
    11.10400   0.9767386E+0000   0.7418653E-0015   0.4094153E+0002  -0.6026402E-0003   0.6450678E-0014  -0.2136082E+0000  -0.9185875E+0002
    11.10800   0.9767386E+0000  -0.2854704E-0015   0.4094111E+0002  -0.6026402E-0003   0.6452196E-0014  -0.2138032E+0000  -0.9185878E+0002
    11.11200   0.9767386E+0000   0.5697482E-0016   0.4094070E+0002  -0.6026402E-0003   0.6446991E-0014  -0.2139930E+0000  -0.9185881E+0002
    11.11600   0.9767386E+0000  -0.2854704E-0015   0.4094030E+0002  -0.6026402E-0003   0.6448509E-0014  -0.2141763E+0000  -0.9185883E+0002
    11.12000   0.9767386E+0000  -0.6279157E-0015   0.4093991E+0002  -0.6026402E-0003   0.6451328E-0014  -0.2143523E+0000  -0.9185886E+0002
    11.12400   0.9767386E+0000   0.5700193E-0016   0.4093953E+0002  -0.6026402E-0003   0.6455448E-0014  -0.2145201E+0000  -0.9185889E+0002
    11.12800   0.9767386E+0000  -0.2854433E-0015   0.4093916E+0002  -0.6026402E-0003   0.6451653E-0014  -0.2146790E+0000  -0.9185892E+0002
    11.13200   0.9767386E+0000  -0.6278886E-0015   0.4093880E+0002  -0.6026402E-0003   0.6457183E-0014  -0.2148286E+0000  -0.9185894E+0002
    11.13600   0.9767386E+0000   0.5702903E-0016   0.4093845E+0002  -0.6026402E-0003   0.6450569E-0014  -0.2149687E+0000  -0.9185897E+0002
    11.14000   0.9767386E+0000  -0.9703338E-0015   0.4093811E+0002  -0.6026402E-0003   0.6449377E-0014  -0.2150992E+0000  -0.9185900E+0002
    11.14400   0.9767386E+0000  -0.2854162E-0015   0.4093779E+0002  -0.6026402E-0003   0.6456207E-0014  -0.2152202E+0000  -0.9185902E+0002
    11.14800   0.9767386E+0000  -0.6278886E-0015   0.4093747E+0002  -0.6026402E-0003   0.6449702E-0014  -0.2153319E+0000  -0.9185905E+0002
    11.15200   0.9767386E+0000  -0.9703609E-0015   0.4093716E+0002  -0.6026402E-0003   0.6448509E-0014  -0.2154348E+0000  -0.9185907E+0002
    11.15600   0.9767386E+0000   0.3994472E-0015   0.4093687E+0002  -0.6026402E-0003   0.6452629E-0014  -0.2155292E+0000  -0.9185910E+0002
    11.16000   0.9767386E+0000  -0.9703609E-0015   0.4093658E+0002  -0.6026402E-0003   0.6454147E-0014  -0.2156157E+0000  -0.9185912E+0002
    11.16400   0.9767386E+0000  -0.2854433E-0015   0.4093631E+0002  -0.6026402E-0003   0.6453063E-0014  -0.2156948E+0000  -0.9185915E+0002
    11.16800   0.9767386E+0000   0.5700193E-0016   0.4093605E+0002  -0.6026402E-0003   0.6451870E-0014  -0.2157668E+0000  -0.9185918E+0002
    11.17200   0.9767386E+0000  -0.9703609E-0015   0.4093581E+0002  -0.6026402E-0003   0.6455990E-0014  -0.2158322E+0000  -0.9185920E+0002
    11.17600   0.9767386E+0000  -0.6278886E-0015   0.4093558E+0002  -0.6026402E-0003   0.6460219E-0014  -0.2158912E+0000  -0.9185923E+0002
    11.18000   0.9767386E+0000  -0.2854298E-0015   0.4093536E+0002  -0.6026402E-0003   0.6456316E-0014  -0.2159439E+0000  -0.9185926E+0002
    11.18400   0.9767386E+0000   0.7419467E-0015   0.4093515E+0002  -0.6026402E-0003   0.6457833E-0014  -0.2159903E+0000  -0.9185928E+0002
    11.18800   0.9767386E+0000  -0.2854162E-0015   0.4093496E+0002  -0.6026402E-0003   0.6456641E-0014  -0.2160302E+0000  -0.9185931E+0002
    11.19200   0.9767386E+0000  -0.9703203E-0015   0.4093479E+0002  -0.6026402E-0003   0.6458159E-0014  -0.2160630E+0000  -0.9185935E+0002
    11.19600   0.9767386E+0000  -0.6278615E-0015   0.4093463E+0002  -0.6026402E-0003   0.6459568E-0014  -0.2160883E+0000  -0.9185938E+0002
    11.20000   0.9767386E+0000  -0.6278615E-0015   0.4093448E+0002  -0.6026402E-0003   0.6453063E-0014  -0.2161052E+0000  -0.9185941E+0002
    11.20400   0.9767386E+0000  -0.2854027E-0015   0.4093435E+0002  -0.6026402E-0003   0.6457291E-0014  -0.2161128E+0000  -0.9185945E+0002
    11.20800   0.9767386E+0000  -0.2854027E-0015   0.4093423E+0002  -0.6026402E-0003   0.6456099E-0014  -0.2161102E+0000  -0.9185949E+0002
    11.21200   0.9767386E+0000  -0.1312766E-0014   0.4093413E+0002  -0.6026402E-0003   0.6454906E-0014  -0.2160961E+0000  -0.9185953E+0002
    11.21600   0.9767386E+0000  -0.2854027E-0015   0.4093404E+0002  -0.6026402E-0003   0.6456424E-0014  -0.2160695E+0000  -0.9185957E+0002
    11.22000   0.9767386E+0000  -0.2854027E-0015   0.4093396E+0002  -0.6026402E-0003   0.6455231E-0014  -0.2160292E+0000  -0.9185961E+0002
    11.22400   0.9767386E+0000  -0.9703067E-0015   0.4093389E+0002  -0.6026402E-0003   0.6462062E-0014  -0.2159740E+0000  -0.9185966E+0002
    11.22800   0.9767386E+0000   0.5706292E-0016   0.4093384E+0002  -0.6026402E-0003   0.6458159E-0014  -0.2159031E+0000  -0.9185970E+0002
    11.23200   0.9767386E+0000  -0.9703000E-0015   0.4093379E+0002  -0.6026402E-0003   0.6462387E-0014  -0.2158155E+0000  -0.9185975E+0002
    11.23600   0.9767386E+0000  -0.6278479E-0015   0.4093376E+0002  -0.6026402E-0003   0.6458484E-0014  -0.2157104E+0000  -0.9185980E+0002
    11.24000   0.9767386E+0000  -0.2853959E-0015   0.4093373E+0002  -0.6026402E-0003   0.6457291E-0014  -0.2155876E+0000  -0.9185985E+0002
    11.24400   0.9767386E+0000  -0.2853959E-0015   0.4093371E+0002  -0.6026402E-0003   0.6456099E-0014  -0.2154467E+0000  -0.9185990E+0002
    11.24800   0.9767386E+0000  -0.9703033E-0015   0.4093371E+0002  -0.6026402E-0003   0.6454906E-0014  -0.2152879E+0000  -0.9185995E+0002
    11.25200   0.9767386E+0000  -0.2853925E-0015   0.4093371E+0002  -0.6026402E-0003   0.6456316E-0014  -0.2151113E+0000  -0.9186000E+0002
    11.25600   0.9767386E+0000   0.3995149E-0015   0.4093371E+0002  -0.6026402E-0003   0.6457725E-0014  -0.2149178E+0000  -0.9186005E+0002
    11.26000   0.9767386E+0000   0.5705953E-0016   0.4093373E+0002  -0.6026402E-0003   0.6456532E-0014  -0.2147081E+0000  -0.9186010E+0002
    11.26400   0.9767386E+0000  -0.6278547E-0015   0.4093375E+0002  -0.6026402E-0003   0.6458050E-0014  -0.2144835E+0000  -0.9186015E+0002
    11.26800   0.9767386E+0000   0.7419738E-0015   0.4093378E+0002  -0.6026402E-0003   0.6458267E-0014  -0.2142453E+0000  -0.9186020E+0002
    11.27200   0.9767386E+0000  -0.9703067E-0015   0.4093382E+0002  -0.6026402E-0003   0.6461086E-0014  -0.2139952E+0000  -0.9186025E+0002
    11.27600   0.9767386E+0000  -0.2853959E-0015   0.4093387E+0002  -0.6026402E-0003   0.6458592E-0014  -0.2137347E+0000  -0.9186029E+0002
    11.28000   0.9767386E+0000  -0.6278513E-0015   0.4093393E+0002  -0.6026402E-0003   0.6462712E-0014  -0.2134659E+0000  -0.9186034E+0002
    11.28400   0.9767386E+0000   0.3995149E-0015   0.4093400E+0002  -0.6026402E-0003   0.6456207E-0014  -0.2131906E+0000  -0.9186039E+0002
    11.28800   0.9767386E+0000  -0.9703067E-0015   0.4093407E+0002  -0.6026402E-0003   0.6456316E-0014  -0.2129106E+0000  -0.9186043E+0002
    11.29200   0.9767386E+0000  -0.2853959E-0015   0.4093416E+0002  -0.6026402E-0003   0.6461737E-0014  -0.2126279E+0000  -0.9186047E+0002
    11.29600   0.9767386E+0000  -0.2853959E-0015   0.4093426E+0002  -0.6026402E-0003   0.6459243E-0014  -0.2123442E+0000  -0.9186052E+0002
    11.30000   0.9767386E+0000  -0.9703067E-0015   0.4093436E+0002  -0.6026402E-0003   0.6459351E-0014  -0.2120612E+0000  -0.9186056E+0002
    11.30400   0.9767386E+0000  -0.2853925E-0015   0.4093448E+0002  -0.6026402E-0003   0.6455557E-0014  -0.2117802E+0000  -0.9186060E+0002
    11.30800   0.9767386E+0000  -0.9703067E-0015   0.4093460E+0002  -0.6026402E-0003   0.6458376E-0014  -0.2115026E+0000  -0.9186064E+0002
    11.31200   0.9767386E+0000  -0.6278513E-0015   0.4093473E+0002  -0.6026402E-0003   0.6458484E-0014  -0.2112294E+0000  -0.9186067E+0002
    11.31600   0.9767386E+0000   0.5705953E-0016   0.4093487E+0002  -0.6026402E-0003   0.6454581E-0014  -0.2109614E+0000  -0.9186071E+0002
    11.32000   0.9767386E+0000  -0.6278513E-0015   0.4093501E+0002  -0.6026402E-0003   0.6460110E-0014  -0.2106991E+0000  -0.9186075E+0002
    11.32400   0.9767386E+0000  -0.6278513E-0015   0.4093516E+0002  -0.6026402E-0003   0.6461628E-0014  -0.2104428E+0000  -0.9186079E+0002
    11.32800   0.9767386E+0000  -0.2853959E-0015   0.4093532E+0002  -0.6026402E-0003   0.6456424E-0014  -0.2101927E+0000  -0.9186083E+0002
    11.33200   0.9767386E+0000  -0.6278513E-0015   0.4093547E+0002  -0.6026402E-0003   0.6460652E-0014  -0.2099487E+0000  -0.9186086E+0002
    11.33600   0.9767386E+0000   0.5705953E-0016   0.4093563E+0002  -0.6026402E-0003   0.6452738E-0014  -0.2097105E+0000  -0.9186090E+0002
    11.34000   0.9767386E+0000   0.5705953E-0016   0.4093578E+0002  -0.6026402E-0003   0.6455557E-0014  -0.2094778E+0000  -0.9186094E+0002
    11.34400   0.9767386E+0000   0.5706292E-0016   0.4093593E+0002  -0.6026402E-0003   0.6451762E-0014  -0.2092500E+0000  -0.9186098E+0002
    11.34800   0.9767386E+0000  -0.6278513E-0015   0.4093608E+0002  -0.6026402E-0003   0.6454581E-0014  -0.2090267E+0000  -0.9186103E+0002
    11.35200   0.9767386E+0000  -0.1312759E-0014   0.4093622E+0002  -0.6026402E-0003   0.6460110E-0014  -0.2088072E+0000  -0.9186107E+0002
    11.35600   0.9767386E+0000  -0.9703050E-0015   0.4093636E+0002  -0.6026402E-0003   0.6456207E-0014  -0.2085911E+0000  -0.9186112E+0002
    11.36000   0.9767386E+0000  -0.6278479E-0015   0.4093649E+0002  -0.6026402E-0003   0.6456316E-0014  -0.2083779E+0000  -0.9186117E+0002
    11.36400   0.9767386E+0000  -0.2853959E-0015   0.4093661E+0002  -0.6026402E-0003   0.6457725E-0014  -0.2081672E+0000  -0.9186122E+0002
    11.36800   0.9767386E+0000  -0.6278488E-0015   0.4093673E+0002  -0.6026402E-0003   0.6455231E-0014  -0.2079587E+0000  -0.9186127E+0002
    11.37200   0.9767386E+0000  -0.6278479E-0015   0.4093684E+0002  -0.6026402E-0003   0.6455340E-0014  -0.2077524E+0000  -0.9186133E+0002
    11.37600   0.9767386E+0000  -0.6278500E-0015   0.4093693E+0002  -0.6026402E-0003   0.6452738E-0014  -0.2075482E+0000  -0.9186139E+0002
    11.38000   0.9767386E+0000   0.5706195E-0016   0.4093702E+0002  -0.6026402E-0003   0.6451545E-0014  -0.2073464E+0000  -0.9186145E+0002
    11.38400   0.9767386E+0000  -0.6278483E-0015   0.4093710E+0002  -0.6026402E-0003   0.6457074E-0014  -0.2071472E+0000  -0.9186151E+0002
    11.38800   0.9767386E+0000  -0.6278488E-0015   0.4093717E+0002  -0.6026402E-0003   0.6451870E-0014  -0.2069512E+0000  -0.9186158E+0002
    11.39200   0.9767386E+0000  -0.6278479E-0015   0.4093723E+0002  -0.6026402E-0003   0.6450678E-0014  -0.2067589E+0000  -0.9186165E+0002
    11.39600   0.9767386E+0000   0.5705783E-0016   0.4093729E+0002  -0.6026402E-0003   0.6454798E-0014  -0.2065710E+0000  -0.9186172E+0002
    11.40000   0.9767386E+0000  -0.2853959E-0015   0.4093734E+0002  -0.6026402E-0003   0.6458918E-0014  -0.2063881E+0000  -0.9186180E+0002
    11.40400   0.9767386E+0000   0.5705953E-0016   0.4093738E+0002  -0.6026402E-0003   0.6451057E-0014  -0.2062112E+0000  -0.9186187E+0002
    11.40800   0.9767386E+0000  -0.9703067E-0015   0.4093742E+0002  -0.6026402E-0003   0.6451220E-0014  -0.2060409E+0000  -0.9186195E+0002
    11.41200   0.9767386E+0000  -0.6278547E-0015   0.4093745E+0002  -0.6026402E-0003   0.6452738E-0014  -0.2058780E+0000  -0.9186203E+0002
    11.41600   0.9767386E+0000  -0.6278581E-0015   0.4093747E+0002  -0.6026402E-0003   0.6452900E-0014  -0.2057231E+0000  -0.9186210E+0002
    11.42000   0.9767386E+0000  -0.2853993E-0015   0.4093749E+0002  -0.6026402E-0003   0.6455773E-0014  -0.2055768E+0000  -0.9186218E+0002
    11.42400   0.9767386E+0000   0.3995116E-0015   0.4093751E+0002  -0.6026402E-0003   0.6454635E-0014  -0.2054394E+0000  -0.9186226E+0002
    11.42800   0.9767386E+0000   0.5705614E-0016   0.4093753E+0002  -0.6026402E-0003   0.6456153E-0014  -0.2053113E+0000  -0.9186234E+0002
    11.43200   0.9767386E+0000  -0.1312759E-0014   0.4093754E+0002  -0.6026402E-0003   0.6456316E-0014  -0.2051925E+0000  -0.9186242E+0002
    11.43600   0.9767386E+0000   0.5706292E-0016   0.4093755E+0002  -0.6026402E-0003   0.6455123E-0014  -0.2050829E+0000  -0.9186249E+0002
    11.44000   0.9767386E+0000   0.3995149E-0015   0.4093756E+0002  -0.6026402E-0003   0.6453930E-0014  -0.2049824E+0000  -0.9186256E+0002
    11.44400   0.9767386E+0000  -0.6278479E-0015   0.4093756E+0002  -0.6026402E-0003   0.6452738E-0014  -0.2048905E+0000  -0.9186263E+0002
    11.44800   0.9767386E+0000  -0.6278479E-0015   0.4093756E+0002  -0.6026402E-0003   0.6454256E-0014  -0.2048066E+0000  -0.9186270E+0002
    11.45200   0.9767386E+0000  -0.6278479E-0015   0.4093756E+0002  -0.6026402E-0003   0.6455773E-0014  -0.2047301E+0000  -0.9186277E+0002
    11.45600   0.9767386E+0000  -0.2853959E-0015   0.4093756E+0002  -0.6026402E-0003   0.6455936E-0014  -0.2046601E+0000  -0.9186283E+0002
    11.46000   0.9767386E+0000  -0.9703067E-0015   0.4093755E+0002  -0.6026402E-0003   0.6453388E-0014  -0.2045958E+0000  -0.9186289E+0002
    11.46400   0.9767386E+0000  -0.2853891E-0015   0.4093753E+0002  -0.6026402E-0003   0.6446883E-0014  -0.2045363E+0000  -0.9186294E+0002
    11.46800   0.9767386E+0000  -0.2853891E-0015   0.4093752E+0002  -0.6026402E-0003   0.6452412E-0014  -0.2044806E+0000  -0.9186299E+0002
    11.47200   0.9767386E+0000  -0.9702932E-0015   0.4093749E+0002  -0.6026402E-0003   0.6451274E-0014  -0.2044278E+0000  -0.9186304E+0002
    11.47600   0.9767386E+0000  -0.2853891E-0015   0.4093746E+0002  -0.6026402E-0003   0.6454093E-0014  -0.2043771E+0000  -0.9186308E+0002
    11.48000   0.9767386E+0000  -0.9703067E-0015   0.4093743E+0002  -0.6026402E-0003   0.6454256E-0014  -0.2043275E+0000  -0.9186312E+0002
    11.48400   0.9767386E+0000  -0.2853891E-0015   0.4093739E+0002  -0.6026402E-0003   0.6457074E-0014  -0.2042785E+0000  -0.9186315E+0002
    11.48800   0.9767386E+0000  -0.9702932E-0015   0.4093734E+0002  -0.6026402E-0003   0.6451870E-0014  -0.2042295E+0000  -0.9186318E+0002
    11.49200   0.9767386E+0000   0.5706969E-0016   0.4093729E+0002  -0.6026402E-0003   0.6456044E-0014  -0.2041799E+0000  -0.9186321E+0002
    11.49600   0.9767386E+0000  -0.9702932E-0015   0.4093723E+0002  -0.6026402E-0003   0.6452196E-0014  -0.2041295E+0000  -0.9186323E+0002
    11.50000   0.9767386E+0000  -0.6278344E-0015   0.4093717E+0002  -0.6026402E-0003   0.6452358E-0014  -0.2040781E+0000  -0.9186325E+0002
    11.50400   0.9767386E+0000   0.5706969E-0016   0.4093710E+0002  -0.6026402E-0003   0.6452521E-0014  -0.2040256E+0000  -0.9186327E+0002
    11.50800   0.9767386E+0000  -0.6278479E-0015   0.4093703E+0002  -0.6026402E-0003   0.6450027E-0014  -0.2039719E+0000  -0.9186328E+0002
    11.51200   0.9767386E+0000  -0.2853891E-0015   0.4093695E+0002  -0.6026402E-0003   0.6452954E-0014  -0.2039174E+0000  -0.9186329E+0002
    11.51600   0.9767386E+0000  -0.2853891E-0015   0.4093687E+0002  -0.6026402E-0003   0.6451762E-0014  -0.2038621E+0000  -0.9186330E+0002
    11.52000   0.9767386E+0000  -0.2853891E-0015   0.4093679E+0002  -0.6026402E-0003   0.6453280E-0014  -0.2038064E+0000  -0.9186331E+0002
    11.52400   0.9767386E+0000  -0.6278615E-0015   0.4093671E+0002  -0.6026402E-0003   0.6452087E-0014  -0.2037504E+0000  -0.9186331E+0002
    11.52800   0.9767386E+0000  -0.2853891E-0015   0.4093662E+0002  -0.6026402E-0003   0.6452304E-0014  -0.2036945E+0000  -0.9186332E+0002
    11.53200   0.9767386E+0000  -0.6278344E-0015   0.4093654E+0002  -0.6026402E-0003   0.6452521E-0014  -0.2036390E+0000  -0.9186332E+0002
    11.53600   0.9767386E+0000   0.5705614E-0016   0.4093645E+0002  -0.6026402E-0003   0.6456749E-0014  -0.2035839E+0000  -0.9186333E+0002
    11.54000   0.9767386E+0000   0.5708324E-0016   0.4093637E+0002  -0.6026402E-0003   0.6450244E-0014  -0.2035295E+0000  -0.9186333E+0002
    11.54400   0.9767386E+0000  -0.6278615E-0015   0.4093629E+0002  -0.6026402E-0003   0.6455773E-0014  -0.2034758E+0000  -0.9186334E+0002
    11.54800   0.9767386E+0000   0.5702903E-0016   0.4093621E+0002  -0.6026402E-0003   0.6451979E-0014  -0.2034225E+0000  -0.9186334E+0002
    11.55200   0.9767386E+0000  -0.6278615E-0015   0.4093613E+0002  -0.6026402E-0003   0.6456207E-0014  -0.2033696E+0000  -0.9186335E+0002
    11.55600   0.9767386E+0000  -0.2854162E-0015   0.4093606E+0002  -0.6026402E-0003   0.6459026E-0014  -0.2033167E+0000  -0.9186336E+0002
    11.56000   0.9767386E+0000  -0.2854162E-0015   0.4093598E+0002  -0.6026402E-0003   0.6455231E-0014  -0.2032634E+0000  -0.9186337E+0002
    11.56400   0.9767386E+0000  -0.9703338E-0015   0.4093591E+0002  -0.6026402E-0003   0.6454039E-0014  -0.2032091E+0000  -0.9186338E+0002
    11.56800   0.9767386E+0000  -0.2854162E-0015   0.4093584E+0002  -0.6026402E-0003   0.6454256E-0014  -0.2031533E+0000  -0.9186339E+0002
    11.57200   0.9767386E+0000  -0.6278615E-0015   0.4093577E+0002  -0.6026402E-0003   0.6457074E-0014  -0.2030951E+0000  -0.9186340E+0002
    11.57600   0.9767386E+0000  -0.2853891E-0015   0.4093570E+0002  -0.6026402E-0003   0.6453171E-0014  -0.2030339E+0000  -0.9186342E+0002
    11.58000   0.9767386E+0000  -0.6278344E-0015   0.4093563E+0002  -0.6026402E-0003   0.6458701E-0014  -0.2029688E+0000  -0.9186343E+0002
    11.58400   0.9767386E+0000   0.5705614E-0016   0.4093555E+0002  -0.6026402E-0003   0.6449485E-0014  -0.2028993E+0000  -0.9186345E+0002
    11.58800   0.9767386E+0000   0.3995285E-0015   0.4093548E+0002  -0.6026402E-0003   0.6453605E-0014  -0.2028243E+0000  -0.9186347E+0002
    11.59200   0.9767386E+0000  -0.6278344E-0015   0.4093541E+0002  -0.6026402E-0003   0.6460435E-0014  -0.2027435E+0000  -0.9186349E+0002
    11.59600   0.9767386E+0000   0.5705614E-0016   0.4093534E+0002  -0.6026402E-0003   0.6457833E-0014  -0.2026560E+0000  -0.9186351E+0002
    11.60000   0.9767386E+0000   0.5705614E-0016   0.4093526E+0002  -0.6026402E-0003   0.6456641E-0014  -0.2025615E+0000  -0.9186353E+0002
    11.60400   0.9767386E+0000   0.5705614E-0016   0.4093519E+0002  -0.6026402E-0003   0.6458159E-0014  -0.2024595E+0000  -0.9186355E+0002
    11.60800   0.9767386E+0000  -0.6278615E-0015   0.4093511E+0002  -0.6026402E-0003   0.6459677E-0014  -0.2023498E+0000  -0.9186358E+0002
    11.61200   0.9767386E+0000  -0.9703338E-0015   0.4093504E+0002  -0.6026402E-0003   0.6459785E-0014  -0.2022322E+0000  -0.9186360E+0002
    11.61600   0.9767386E+0000  -0.2854162E-0015   0.4093496E+0002  -0.6026402E-0003   0.6458592E-0014  -0.2021069E+0000  -0.9186362E+0002
    11.62000   0.9767386E+0000   0.3994743E-0015   0.4093489E+0002  -0.6026402E-0003   0.6457400E-0014  -0.2019740E+0000  -0.9186364E+0002
    11.62400   0.9767386E+0000  -0.2854433E-0015   0.4093481E+0002  -0.6026402E-0003   0.6453605E-0014  -0.2018337E+0000  -0.9186366E+0002
    11.62800   0.9767386E+0000   0.5702903E-0016   0.4093474E+0002  -0.6026402E-0003   0.6463146E-0014  -0.2016865E+0000  -0.9186368E+0002
    11.63200   0.9767386E+0000  -0.2854162E-0015   0.4093467E+0002  -0.6026402E-0003   0.6457942E-0014  -0.2015328E+0000  -0.9186370E+0002
    11.63600   0.9767386E+0000   0.3995285E-0015   0.4093460E+0002  -0.6026402E-0003   0.6459460E-0014  -0.2013732E+0000  -0.9186372E+0002
    11.64000   0.9767386E+0000   0.5702903E-0016   0.4093454E+0002  -0.6026402E-0003   0.6458267E-0014  -0.2012084E+0000  -0.9186374E+0002
    11.64400   0.9767386E+0000  -0.6279157E-0015   0.4093448E+0002  -0.6026402E-0003   0.6457074E-0014  -0.2010390E+0000  -0.9186375E+0002
    11.64800   0.9767386E+0000  -0.6279157E-0015   0.4093443E+0002  -0.6026402E-0003   0.6459893E-0014  -0.2008656E+0000  -0.9186376E+0002
    11.65200   0.9767386E+0000  -0.9703609E-0015   0.4093438E+0002  -0.6026402E-0003   0.6458701E-0014  -0.2006889E+0000  -0.9186377E+0002
    11.65600   0.9767386E+0000  -0.9703609E-0015   0.4093433E+0002  -0.6026402E-0003   0.6457508E-0014  -0.2005094E+0000  -0.9186378E+0002
    11.66000   0.9767386E+0000  -0.6278615E-0015   0.4093430E+0002  -0.6026402E-0003   0.6460327E-0014  -0.2003278E+0000  -0.9186378E+0002
    11.66400   0.9767386E+0000  -0.2854162E-0015   0.4093427E+0002  -0.6026402E-0003   0.6460544E-0014  -0.2001443E+0000  -0.9186378E+0002
    11.66800   0.9767386E+0000  -0.2854162E-0015   0.4093424E+0002  -0.6026402E-0003   0.6464664E-0014  -0.1999594E+0000  -0.9186378E+0002
    11.67200   0.9767386E+0000  -0.2854704E-0015   0.4093422E+0002  -0.6026402E-0003   0.6459460E-0014  -0.1997733E+0000  -0.9186378E+0002
    11.67600   0.9767386E+0000  -0.9703609E-0015   0.4093421E+0002  -0.6026402E-0003   0.6456966E-0014  -0.1995861E+0000  -0.9186377E+0002
    11.68000   0.9767386E+0000   0.5702903E-0016   0.4093421E+0002  -0.6026402E-0003   0.6455773E-0014  -0.1993979E+0000  -0.9186376E+0002
    11.68400   0.9767386E+0000  -0.6278615E-0015   0.4093420E+0002  -0.6026402E-0003   0.6461303E-0014  -0.1992086E+0000  -0.9186374E+0002
    11.68800   0.9767386E+0000   0.5708324E-0016   0.4093421E+0002  -0.6026402E-0003   0.6457400E-0014  -0.1990181E+0000  -0.9186373E+0002
    11.69200   0.9767386E+0000  -0.6278073E-0015   0.4093422E+0002  -0.6026402E-0003   0.6457508E-0014  -0.1988261E+0000  -0.9186371E+0002
    11.69600   0.9767386E+0000  -0.6278073E-0015   0.4093423E+0002  -0.6026402E-0003   0.6459026E-0014  -0.1986324E+0000  -0.9186368E+0002
    11.70000   0.9767386E+0000   0.7420280E-0015   0.4093425E+0002  -0.6026402E-0003   0.6463254E-0014  -0.1984368E+0000  -0.9186366E+0002
    11.70400   0.9767386E+0000  -0.2853078E-0015   0.4093426E+0002  -0.6026402E-0003   0.6463363E-0014  -0.1982389E+0000  -0.9186363E+0002
    11.70800   0.9767386E+0000   0.7420822E-0015   0.4093428E+0002  -0.6026402E-0003   0.6460869E-0014  -0.1980384E+0000  -0.9186360E+0002
    11.71200   0.9767386E+0000  -0.2852536E-0015   0.4093430E+0002  -0.6026402E-0003   0.6458376E-0014  -0.1978352E+0000  -0.9186356E+0002
    11.71600   0.9767386E+0000  -0.6276988E-0015   0.4093433E+0002  -0.6026402E-0003   0.6461194E-0014  -0.1976290E+0000  -0.9186353E+0002
    11.72000   0.9767386E+0000  -0.6276988E-0015   0.4093435E+0002  -0.6026402E-0003   0.6455990E-0014  -0.1974197E+0000  -0.9186349E+0002
    11.72400   0.9767386E+0000  -0.2852536E-0015   0.4093437E+0002  -0.6026402E-0003   0.6457508E-0014  -0.1972074E+0000  -0.9186345E+0002
    11.72800   0.9767386E+0000  -0.6277531E-0015   0.4093439E+0002  -0.6026402E-0003   0.6460327E-0014  -0.1969922E+0000  -0.9186341E+0002
    11.73200   0.9767386E+0000  -0.2853078E-0015   0.4093441E+0002  -0.6026402E-0003   0.6463254E-0014  -0.1967742E+0000  -0.9186337E+0002
    11.73600   0.9767386E+0000  -0.6277531E-0015   0.4093443E+0002  -0.6026402E-0003   0.6458050E-0014  -0.1965538E+0000  -0.9186333E+0002
    11.74000   0.9767386E+0000  -0.9702525E-0015   0.4093445E+0002  -0.6026402E-0003   0.6462279E-0014  -0.1963313E+0000  -0.9186329E+0002
    11.74400   0.9767386E+0000  -0.2853078E-0015   0.4093447E+0002  -0.6026402E-0003   0.6455773E-0014  -0.1961073E+0000  -0.9186325E+0002
    11.74800   0.9767386E+0000   0.7420280E-0015   0.4093449E+0002  -0.6026402E-0003   0.6461303E-0014  -0.1958825E+0000  -0.9186321E+0002
    11.75200   0.9767386E+0000  -0.6278073E-0015   0.4093450E+0002  -0.6026402E-0003   0.6458809E-0014  -0.1956574E+0000  -0.9186316E+0002
    11.75600   0.9767386E+0000  -0.2853620E-0015   0.4093452E+0002  -0.6026402E-0003   0.6459026E-0014  -0.1954328E+0000  -0.9186312E+0002
    11.76000   0.9767386E+0000   0.5713745E-0016   0.4093453E+0002  -0.6026402E-0003   0.6457833E-0014  -0.1952094E+0000  -0.9186309E+0002
    11.76400   0.9767386E+0000  -0.9702525E-0015   0.4093454E+0002  -0.6026402E-0003   0.6458050E-0014  -0.1949881E+0000  -0.9186305E+0002
    11.76800   0.9767386E+0000   0.3995827E-0015   0.4093455E+0002  -0.6026402E-0003   0.6458159E-0014  -0.1947695E+0000  -0.9186301E+0002
    11.77200   0.9767386E+0000  -0.2853620E-0015   0.4093455E+0002  -0.6026402E-0003   0.6460978E-0014  -0.1945543E+0000  -0.9186298E+0002
    11.77600   0.9767386E+0000   0.7419738E-0015   0.4093456E+0002  -0.6026402E-0003   0.6461086E-0014  -0.1943433E+0000  -0.9186295E+0002
    11.78000   0.9767386E+0000   0.3995285E-0015   0.4093456E+0002  -0.6026402E-0003   0.6460002E-0014  -0.1941371E+0000  -0.9186293E+0002
    11.78400   0.9767386E+0000  -0.2854162E-0015   0.4093456E+0002  -0.6026402E-0003   0.6460219E-0014  -0.1939361E+0000  -0.9186290E+0002
    11.78800   0.9767386E+0000   0.7419195E-0015   0.4093456E+0002  -0.6026402E-0003   0.6456316E-0014  -0.1937409E+0000  -0.9186288E+0002
    11.79200   0.9767386E+0000   0.5702903E-0016   0.4093455E+0002  -0.6026402E-0003   0.6456424E-0014  -0.1935519E+0000  -0.9186286E+0002
    11.79600   0.9767386E+0000   0.5702903E-0016   0.4093454E+0002  -0.6026402E-0003   0.6452629E-0014  -0.1933693E+0000  -0.9186285E+0002
    11.80000   0.9767386E+0000  -0.6278615E-0015   0.4093453E+0002  -0.6026402E-0003   0.6459460E-0014  -0.1931933E+0000  -0.9186284E+0002
    11.80400   0.9767386E+0000   0.5702903E-0016   0.4093451E+0002  -0.6026402E-0003   0.6458267E-0014  -0.1930242E+0000  -0.9186283E+0002
    11.80800   0.9767386E+0000   0.3994201E-0015   0.4093448E+0002  -0.6026402E-0003   0.6457074E-0014  -0.1928620E+0000  -0.9186283E+0002
    11.81200   0.9767386E+0000   0.5692061E-0016   0.4093445E+0002  -0.6026402E-0003   0.6455882E-0014  -0.1927069E+0000  -0.9186283E+0002
    11.81600   0.9767386E+0000  -0.9704694E-0015   0.4093441E+0002  -0.6026402E-0003   0.6457400E-0014  -0.1925588E+0000  -0.9186284E+0002
    11.82000   0.9767386E+0000  -0.2854704E-0015   0.4093437E+0002  -0.6026402E-0003   0.6457617E-0014  -0.1924178E+0000  -0.9186284E+0002
    11.82400   0.9767386E+0000   0.5692061E-0016   0.4093432E+0002  -0.6026402E-0003   0.6453822E-0014  -0.1922839E+0000  -0.9186285E+0002
    11.82800   0.9767386E+0000  -0.6279699E-0015   0.4093426E+0002  -0.6026402E-0003   0.6456641E-0014  -0.1921574E+0000  -0.9186287E+0002
    11.83200   0.9767386E+0000  -0.6279699E-0015   0.4093419E+0002  -0.6026402E-0003   0.6455448E-0014  -0.1920382E+0000  -0.9186289E+0002
    11.83600   0.9767386E+0000   0.5692061E-0016   0.4093411E+0002  -0.6026402E-0003   0.6455557E-0014  -0.1919267E+0000  -0.9186291E+0002
    11.84000   0.9767386E+0000  -0.2854704E-0015   0.4093403E+0002  -0.6026402E-0003   0.6456966E-0014  -0.1918230E+0000  -0.9186293E+0002
    11.84400   0.9767386E+0000  -0.6278615E-0015   0.4093394E+0002  -0.6026402E-0003   0.6457074E-0014  -0.1917276E+0000  -0.9186296E+0002
    11.84800   0.9767386E+0000  -0.2854704E-0015   0.4093384E+0002  -0.6026402E-0003   0.6455882E-0014  -0.1916407E+0000  -0.9186299E+0002
    11.85200   0.9767386E+0000  -0.2854704E-0015   0.4093373E+0002  -0.6026402E-0003   0.6458701E-0014  -0.1915629E+0000  -0.9186302E+0002
    11.85600   0.9767386E+0000  -0.2854704E-0015   0.4093362E+0002  -0.6026402E-0003   0.6460219E-0014  -0.1914947E+0000  -0.9186305E+0002
    11.86000   0.9767386E+0000  -0.2853620E-0015   0.4093350E+0002  -0.6026402E-0003   0.6453713E-0014  -0.1914367E+0000  -0.9186308E+0002
    11.86400   0.9767386E+0000  -0.2853620E-0015   0.4093338E+0002  -0.6026402E-0003   0.6459243E-0014  -0.1913893E+0000  -0.9186312E+0002
    11.86800   0.9767386E+0000   0.3995285E-0015   0.4093326E+0002  -0.6026402E-0003   0.6455340E-0014  -0.1913533E+0000  -0.9186315E+0002
    11.87200   0.9767386E+0000  -0.2853620E-0015   0.4093313E+0002  -0.6026402E-0003   0.6460869E-0014  -0.1913292E+0000  -0.9186319E+0002
    11.87600   0.9767386E+0000   0.3995285E-0015   0.4093300E+0002  -0.6026402E-0003   0.6455665E-0014  -0.1913175E+0000  -0.9186322E+0002
    11.88000   0.9767386E+0000   0.5702903E-0016   0.4093287E+0002  -0.6026402E-0003   0.6458484E-0014  -0.1913186E+0000  -0.9186325E+0002
    11.88400   0.9767386E+0000  -0.6278615E-0015   0.4093274E+0002  -0.6026402E-0003   0.6458592E-0014  -0.1913329E+0000  -0.9186329E+0002
    11.88800   0.9767386E+0000  -0.2854704E-0015   0.4093261E+0002  -0.6026402E-0003   0.6460110E-0014  -0.1913607E+0000  -0.9186332E+0002
    11.89200   0.9767386E+0000   0.7419195E-0015   0.4093249E+0002  -0.6026402E-0003   0.6457617E-0014  -0.1914021E+0000  -0.9186335E+0002
    11.89600   0.9767386E+0000  -0.6278615E-0015   0.4093237E+0002  -0.6026402E-0003   0.6460490E-0014  -0.1914571E+0000  -0.9186338E+0002
    11.90000   0.9767386E+0000   0.3995285E-0015   0.4093226E+0002  -0.6026402E-0003   0.6459297E-0014  -0.1915255E+0000  -0.9186341E+0002
    11.90400   0.9767386E+0000  -0.6278615E-0015   0.4093215E+0002  -0.6026402E-0003   0.6460761E-0014  -0.1916070E+0000  -0.9186344E+0002
    11.90800   0.9767386E+0000  -0.2854704E-0015   0.4093205E+0002  -0.6026402E-0003   0.6455557E-0014  -0.1917012E+0000  -0.9186346E+0002
    11.91200   0.9767386E+0000  -0.2854704E-0015   0.4093195E+0002  -0.6026402E-0003   0.6459731E-0014  -0.1918073E+0000  -0.9186348E+0002
    11.91600   0.9767386E+0000  -0.6279699E-0015   0.4093186E+0002  -0.6026402E-0003   0.6462550E-0014  -0.1919246E+0000  -0.9186350E+0002
    11.92000   0.9767386E+0000  -0.6279699E-0015   0.4093178E+0002  -0.6026402E-0003   0.6456044E-0014  -0.1920523E+0000  -0.9186352E+0002
    11.92400   0.9767386E+0000  -0.9703609E-0015   0.4093171E+0002  -0.6026402E-0003   0.6461574E-0014  -0.1921893E+0000  -0.9186353E+0002
    11.92800   0.9767386E+0000  -0.9703609E-0015   0.4093165E+0002  -0.6026402E-0003   0.6461682E-0014  -0.1923346E+0000  -0.9186354E+0002
    11.93200   0.9767386E+0000  -0.6278615E-0015   0.4093159E+0002  -0.6026402E-0003   0.6460544E-0014  -0.1924869E+0000  -0.9186355E+0002
    11.93600   0.9767386E+0000   0.3995285E-0015   0.4093155E+0002  -0.6026402E-0003   0.6460707E-0014  -0.1926450E+0000  -0.9186355E+0002
    11.94000   0.9767386E+0000  -0.2854704E-0015   0.4093151E+0002  -0.6026402E-0003   0.6458213E-0014  -0.1928078E+0000  -0.9186355E+0002
    11.94400   0.9767386E+0000  -0.6279699E-0015   0.4093148E+0002  -0.6026402E-0003   0.6465043E-0014  -0.1929741E+0000  -0.9186355E+0002
    11.94800   0.9767386E+0000  -0.9703609E-0015   0.4093146E+0002  -0.6026402E-0003   0.6459839E-0014  -0.1931426E+0000  -0.9186354E+0002
    11.95200   0.9767386E+0000   0.3994201E-0015   0.4093145E+0002  -0.6026402E-0003   0.6461357E-0014  -0.1933123E+0000  -0.9186353E+0002
    11.95600   0.9767386E+0000  -0.2854704E-0015   0.4093145E+0002  -0.6026402E-0003   0.6460219E-0014  -0.1934822E+0000  -0.9186352E+0002
    11.96000   0.9767386E+0000   0.5702903E-0016   0.4093145E+0002  -0.6026402E-0003   0.6459080E-0014  -0.1936513E+0000  -0.9186350E+0002
    11.96400   0.9767386E+0000  -0.2853620E-0015   0.4093146E+0002  -0.6026402E-0003   0.6460598E-0014  -0.1938188E+0000  -0.9186349E+0002
    11.96800   0.9767386E+0000   0.5702903E-0016   0.4093149E+0002  -0.6026402E-0003   0.6463471E-0014  -0.1939840E+0000  -0.9186346E+0002
    11.97200   0.9767386E+0000  -0.6278615E-0015   0.4093152E+0002  -0.6026402E-0003   0.6458267E-0014  -0.1941464E+0000  -0.9186344E+0002
    11.97600   0.9767386E+0000  -0.2853620E-0015   0.4093156E+0002  -0.6026402E-0003   0.6462387E-0014  -0.1943055E+0000  -0.9186342E+0002
    11.98000   0.9767386E+0000  -0.6278615E-0015   0.4093161E+0002  -0.6026402E-0003   0.6458484E-0014  -0.1944609E+0000  -0.9186339E+0002
    11.98400   0.9767386E+0000  -0.2853620E-0015   0.4093167E+0002  -0.6026402E-0003   0.6463905E-0014  -0.1946125E+0000  -0.9186336E+0002
    11.98800   0.9767386E+0000   0.5713745E-0016   0.4093174E+0002  -0.6026402E-0003   0.6461411E-0014  -0.1947602E+0000  -0.9186333E+0002
    11.99200   0.9767386E+0000  -0.2852536E-0015   0.4093182E+0002  -0.6026402E-0003   0.6460219E-0014  -0.1949039E+0000  -0.9186330E+0002
    11.99600   0.9767386E+0000  -0.9701441E-0015   0.4093191E+0002  -0.6026402E-0003   0.6460327E-0014  -0.1950436E+0000  -0.9186327E+0002
    12.00000   0.9767386E+0000  -0.9701441E-0015   0.4093201E+0002  -0.6026402E-0003   0.6464555E-0014  -0.1951795E+0000  -0.9186324E+0002
    12.00400   0.9767386E+0000  -0.2852536E-0015   0.4093211E+0002  -0.6026402E-0003   0.6464664E-0014  -0.1953116E+0000  -0.9186321E+0002
    12.00800   0.9767386E+0000  -0.2852536E-0015   0.4093223E+0002  -0.6026402E-0003   0.6462170E-0014  -0.1954403E+0000  -0.9186318E+0002
    12.01200   0.9767386E+0000  -0.9702525E-0015   0.4093236E+0002  -0.6026402E-0003   0.6458267E-0014  -0.1955656E+0000  -0.9186315E+0002
    12.01600   0.9767386E+0000  -0.9702525E-0015   0.4093250E+0002  -0.6026402E-0003   0.6457074E-0014  -0.1956877E+0000  -0.9186312E+0002
    12.02000   0.9767386E+0000  -0.2853620E-0015   0.4093265E+0002  -0.6026402E-0003   0.6465314E-0014  -0.1958069E+0000  -0.9186309E+0002
    12.02400   0.9767386E+0000  -0.2853620E-0015   0.4093280E+0002  -0.6026402E-0003   0.6462821E-0014  -0.1959234E+0000  -0.9186306E+0002
    12.02800   0.9767386E+0000  -0.2853620E-0015   0.4093297E+0002  -0.6026402E-0003   0.6461628E-0014  -0.1960373E+0000  -0.9186304E+0002
    12.03200   0.9767386E+0000  -0.2853620E-0015   0.4093314E+0002  -0.6026402E-0003   0.6463146E-0014  -0.1961488E+0000  -0.9186302E+0002
    12.03600   0.9767386E+0000  -0.6277531E-0015   0.4093332E+0002  -0.6026402E-0003   0.6459243E-0014  -0.1962581E+0000  -0.9186300E+0002
    12.04000   0.9767386E+0000  -0.2853620E-0015   0.4093351E+0002  -0.6026402E-0003   0.6458159E-0014  -0.1963653E+0000  -0.9186298E+0002
    12.04400   0.9767386E+0000  -0.2853620E-0015   0.4093370E+0002  -0.6026402E-0003   0.6458376E-0014  -0.1964708E+0000  -0.9186297E+0002
    12.04800   0.9767386E+0000  -0.9702525E-0015   0.4093390E+0002  -0.6026402E-0003   0.6462495E-0014  -0.1965745E+0000  -0.9186296E+0002
    12.05200   0.9767386E+0000  -0.9702525E-0015   0.4093410E+0002  -0.6026402E-0003   0.6461303E-0014  -0.1966769E+0000  -0.9186295E+0002
    12.05600   0.9767386E+0000  -0.2853620E-0015   0.4093431E+0002  -0.6026402E-0003   0.6462821E-0014  -0.1967781E+0000  -0.9186295E+0002
    12.06000   0.9767386E+0000  -0.2853620E-0015   0.4093452E+0002  -0.6026402E-0003   0.6458918E-0014  -0.1968784E+0000  -0.9186295E+0002
    12.06400   0.9767386E+0000   0.5713745E-0016   0.4093473E+0002  -0.6026402E-0003   0.6457725E-0014  -0.1969781E+0000  -0.9186295E+0002
    12.06800   0.9767386E+0000  -0.6277531E-0015   0.4093495E+0002  -0.6026402E-0003   0.6456532E-0014  -0.1970777E+0000  -0.9186296E+0002
    12.07200   0.9767386E+0000  -0.1312644E-0014   0.4093517E+0002  -0.6026402E-0003   0.6458050E-0014  -0.1971775E+0000  -0.9186297E+0002
    12.07600   0.9767386E+0000  -0.6277531E-0015   0.4093539E+0002  -0.6026402E-0003   0.6460869E-0014  -0.1972780E+0000  -0.9186299E+0002
    12.08000   0.9767386E+0000  -0.6277531E-0015   0.4093561E+0002  -0.6026402E-0003   0.6456966E-0014  -0.1973796E+0000  -0.9186301E+0002
    12.08400   0.9767386E+0000  -0.1312752E-0014   0.4093583E+0002  -0.6026402E-0003   0.6455773E-0014  -0.1974830E+0000  -0.9186303E+0002
    12.08800   0.9767386E+0000  -0.2854704E-0015   0.4093606E+0002  -0.6026402E-0003   0.6457291E-0014  -0.1975886E+0000  -0.9186306E+0002
    12.09200   0.9767386E+0000   0.5692061E-0016   0.4093629E+0002  -0.6026402E-0003   0.6454743E-0014  -0.1976971E+0000  -0.9186309E+0002
    12.09600   0.9767386E+0000  -0.2854704E-0015   0.4093652E+0002  -0.6026402E-0003   0.6454852E-0014  -0.1978089E+0000  -0.9186312E+0002
    12.10000   0.9767386E+0000  -0.2854704E-0015   0.4093675E+0002  -0.6026402E-0003   0.6460381E-0014  -0.1979245E+0000  -0.9186316E+0002
    12.10400   0.9767386E+0000  -0.6278615E-0015   0.4093698E+0002  -0.6026402E-0003   0.6459189E-0014  -0.1980446E+0000  -0.9186321E+0002
    12.10800   0.9767386E+0000  -0.6278615E-0015   0.4093722E+0002  -0.6026402E-0003   0.6449973E-0014  -0.1981695E+0000  -0.9186325E+0002
    12.11200   0.9767386E+0000  -0.2853620E-0015   0.4093746E+0002  -0.6026402E-0003   0.6454147E-0014  -0.1982997E+0000  -0.9186330E+0002
    12.11600   0.9767386E+0000  -0.9702525E-0015   0.4093771E+0002  -0.6026402E-0003   0.6457020E-0014  -0.1984356E+0000  -0.9186336E+0002
    12.12000   0.9767386E+0000  -0.6277531E-0015   0.4093795E+0002  -0.6026402E-0003   0.6453171E-0014  -0.1985773E+0000  -0.9186341E+0002
    12.12400   0.9767386E+0000  -0.2852536E-0015   0.4093821E+0002  -0.6026402E-0003   0.6453334E-0014  -0.1987250E+0000  -0.9186347E+0002
    12.12800   0.9767386E+0000  -0.9701441E-0015   0.4093846E+0002  -0.6026402E-0003   0.6450840E-0014  -0.1988790E+0000  -0.9186353E+0002
    12.13200   0.9767386E+0000  -0.6277531E-0015   0.4093872E+0002  -0.6026402E-0003   0.6452304E-0014  -0.1990391E+0000  -0.9186359E+0002
    12.13600   0.9767386E+0000  -0.6277531E-0015   0.4093898E+0002  -0.6026402E-0003   0.6455123E-0014  -0.1992052E+0000  -0.9186365E+0002
    12.14000   0.9767386E+0000  -0.2852536E-0015   0.4093925E+0002  -0.6026402E-0003   0.6453930E-0014  -0.1993773E+0000  -0.9186372E+0002
    12.14400   0.9767386E+0000  -0.6277531E-0015   0.4093951E+0002  -0.6026402E-0003   0.6450027E-0014  -0.1995550E+0000  -0.9186378E+0002
    12.14800   0.9767386E+0000   0.3995285E-0015   0.4093978E+0002  -0.6026402E-0003   0.6450190E-0014  -0.1997380E+0000  -0.9186385E+0002
    12.15200   0.9767386E+0000  -0.2853620E-0015   0.4094005E+0002  -0.6026402E-0003   0.6454364E-0014  -0.1999259E+0000  -0.9186392E+0002
    12.15600   0.9767386E+0000  -0.6278615E-0015   0.4094033E+0002  -0.6026402E-0003   0.6445148E-0014  -0.2001182E+0000  -0.9186398E+0002
    12.16000   0.9767386E+0000   0.5702903E-0016   0.4094060E+0002  -0.6026402E-0003   0.6454689E-0014  -0.2003146E+0000  -0.9186405E+0002
    12.16400   0.9767386E+0000   0.3994201E-0015   0.4094087E+0002  -0.6026402E-0003   0.6450840E-0014  -0.2005144E+0000  -0.9186412E+0002
    12.16800   0.9767386E+0000  -0.6278615E-0015   0.4094115E+0002  -0.6026402E-0003   0.6456370E-0014  -0.2007172E+0000  -0.9186418E+0002
    12.17200   0.9767386E+0000  -0.6278615E-0015   0.4094142E+0002  -0.6026402E-0003   0.6445799E-0014  -0.2009224E+0000  -0.9186425E+0002
    12.17600   0.9767386E+0000  -0.1312860E-0014   0.4094170E+0002  -0.6026402E-0003   0.6451274E-0014  -0.2011295E+0000  -0.9186431E+0002
    12.18000   0.9767386E+0000  -0.6279699E-0015   0.4094197E+0002  -0.6026402E-0003   0.6452738E-0014  -0.2013381E+0000  -0.9186438E+0002
    12.18400   0.9767386E+0000  -0.2854704E-0015   0.4094224E+0002  -0.6026402E-0003   0.6450244E-0014  -0.2015477E+0000  -0.9186444E+0002
    12.18800   0.9767386E+0000   0.3994201E-0015   0.4094251E+0002  -0.6026402E-0003   0.6453063E-0014  -0.2017578E+0000  -0.9186450E+0002
    12.19200   0.9767386E+0000   0.5702903E-0016   0.4094277E+0002  -0.6026402E-0003   0.6449214E-0014  -0.2019681E+0000  -0.9186456E+0002
    12.19600   0.9767386E+0000  -0.6278615E-0015   0.4094304E+0002  -0.6026402E-0003   0.6450732E-0014  -0.2021783E+0000  -0.9186462E+0002
    12.20000   0.9767386E+0000  -0.2853620E-0015   0.4094330E+0002  -0.6026402E-0003   0.6446883E-0014  -0.2023880E+0000  -0.9186468E+0002
    12.20400   0.9767386E+0000  -0.2853620E-0015   0.4094356E+0002  -0.6026402E-0003   0.6449756E-0014  -0.2025971E+0000  -0.9186474E+0002
    12.20800   0.9767386E+0000   0.5702903E-0016   0.4094382E+0002  -0.6026402E-0003   0.6444552E-0014  -0.2028053E+0000  -0.9186479E+0002
    12.21200   0.9767386E+0000  -0.6278615E-0015   0.4094408E+0002  -0.6026402E-0003   0.6442004E-0014  -0.2030125E+0000  -0.9186485E+0002
    12.21600   0.9767386E+0000   0.5702903E-0016   0.4094434E+0002  -0.6026402E-0003   0.6446178E-0014  -0.2032185E+0000  -0.9186490E+0002
    12.22000   0.9767386E+0000  -0.6278615E-0015   0.4094460E+0002  -0.6026402E-0003   0.6447642E-0014  -0.2034232E+0000  -0.9186495E+0002
    12.22400   0.9767386E+0000  -0.2853620E-0015   0.4094485E+0002  -0.6026402E-0003   0.6441082E-0014  -0.2036265E+0000  -0.9186501E+0002
    12.22800   0.9767386E+0000  -0.2853620E-0015   0.4094511E+0002  -0.6026402E-0003   0.6447859E-0014  -0.2038283E+0000  -0.9186506E+0002
    12.23200   0.9767386E+0000   0.3995285E-0015   0.4094536E+0002  -0.6026402E-0003   0.6445365E-0014  -0.2040286E+0000  -0.9186511E+0002
    12.23600   0.9767386E+0000  -0.9703609E-0015   0.4094562E+0002  -0.6026402E-0003   0.6441570E-0014  -0.2042271E+0000  -0.9186517E+0002
    12.24000   0.9767386E+0000  -0.2854704E-0015   0.4094588E+0002  -0.6026402E-0003   0.6447100E-0014  -0.2044238E+0000  -0.9186522E+0002
    12.24400   0.9767386E+0000   0.3994201E-0015   0.4094614E+0002  -0.6026402E-0003   0.6443197E-0014  -0.2046186E+0000  -0.9186527E+0002
    12.24800   0.9767386E+0000  -0.9703609E-0015   0.4094640E+0002  -0.6026402E-0003   0.6440703E-0014  -0.2048111E+0000  -0.9186533E+0002
    12.25200   0.9767386E+0000  -0.2854704E-0015   0.4094666E+0002  -0.6026402E-0003   0.6440920E-0014  -0.2050013E+0000  -0.9186539E+0002
    12.25600   0.9767386E+0000  -0.9704694E-0015   0.4094693E+0002  -0.6026402E-0003   0.6445040E-0014  -0.2051887E+0000  -0.9186544E+0002
    12.26000   0.9767386E+0000  -0.2855789E-0015   0.4094720E+0002  -0.6026402E-0003   0.6441137E-0014  -0.2053730E+0000  -0.9186550E+0002
    12.26400   0.9767386E+0000  -0.6279699E-0015   0.4094747E+0002  -0.6026402E-0003   0.6441245E-0014  -0.2055537E+0000  -0.9186556E+0002
    12.26800   0.9767386E+0000   0.5692061E-0016   0.4094775E+0002  -0.6026402E-0003   0.6442763E-0014  -0.2057304E+0000  -0.9186562E+0002
    12.27200   0.9767386E+0000  -0.2854704E-0015   0.4094802E+0002  -0.6026402E-0003   0.6436258E-0014  -0.2059025E+0000  -0.9186569E+0002
    12.27600   0.9767386E+0000  -0.2854704E-0015   0.4094831E+0002  -0.6026402E-0003   0.6441787E-0014  -0.2060691E+0000  -0.9186576E+0002
    12.28000   0.9767386E+0000  -0.2854704E-0015   0.4094860E+0002  -0.6026402E-0003   0.6439294E-0014  -0.2062295E+0000  -0.9186583E+0002
    12.28400   0.9767386E+0000  -0.6279699E-0015   0.4094889E+0002  -0.6026402E-0003   0.6440811E-0014  -0.2063829E+0000  -0.9186590E+0002
    12.28800   0.9767386E+0000  -0.2854704E-0015   0.4094919E+0002  -0.6026402E-0003   0.6440920E-0014  -0.2065281E+0000  -0.9186597E+0002
    12.29200   0.9767386E+0000  -0.2854704E-0015   0.4094950E+0002  -0.6026402E-0003   0.6435716E-0014  -0.2066640E+0000  -0.9186605E+0002
    12.29600   0.9767386E+0000  -0.2854704E-0015   0.4094981E+0002  -0.6026402E-0003   0.6433222E-0014  -0.2067895E+0000  -0.9186613E+0002
    12.30000   0.9767386E+0000  -0.2854704E-0015   0.4095014E+0002  -0.6026402E-0003   0.6442763E-0014  -0.2069033E+0000  -0.9186622E+0002
    12.30400   0.9767386E+0000  -0.9703609E-0015   0.4095047E+0002  -0.6026402E-0003   0.6437559E-0014  -0.2070039E+0000  -0.9186630E+0002
    12.30800   0.9767386E+0000  -0.6279699E-0015   0.4095081E+0002  -0.6026402E-0003   0.6439077E-0014  -0.2070900E+0000  -0.9186640E+0002
    12.31200   0.9767386E+0000  -0.6279699E-0015   0.4095116E+0002  -0.6026402E-0003   0.6433873E-0014  -0.2071601E+0000  -0.9186649E+0002
    12.31600   0.9767386E+0000  -0.9703609E-0015   0.4095152E+0002  -0.6026402E-0003   0.6435390E-0014  -0.2072127E+0000  -0.9186659E+0002
    12.32000   0.9767386E+0000  -0.2854704E-0015   0.4095189E+0002  -0.6026402E-0003   0.6432788E-0014  -0.2072466E+0000  -0.9186669E+0002
    12.32400   0.9767386E+0000  -0.9703609E-0015   0.4095228E+0002  -0.6026402E-0003   0.6438318E-0014  -0.2072604E+0000  -0.9186679E+0002
    12.32800   0.9767386E+0000  -0.6278615E-0015   0.4095267E+0002  -0.6026402E-0003   0.6435824E-0014  -0.2072529E+0000  -0.9186690E+0002
    12.33200   0.9767386E+0000  -0.2854704E-0015   0.4095308E+0002  -0.6026402E-0003   0.6434631E-0014  -0.2072231E+0000  -0.9186701E+0002
    12.33600   0.9767386E+0000  -0.6278615E-0015   0.4095350E+0002  -0.6026402E-0003   0.6430837E-0014  -0.2071703E+0000  -0.9186712E+0002
    12.34000   0.9767386E+0000  -0.2853620E-0015   0.4095394E+0002  -0.6026402E-0003   0.6430945E-0014  -0.2070939E+0000  -0.9186724E+0002
    12.34400   0.9767386E+0000   0.5702903E-0016   0.4095438E+0002  -0.6026402E-0003   0.6435174E-0014  -0.2069937E+0000  -0.9186736E+0002
    12.34800   0.9767386E+0000   0.5702903E-0016   0.4095483E+0002  -0.6026402E-0003   0.6429969E-0014  -0.2068698E+0000  -0.9186748E+0002
    12.35200   0.9767386E+0000   0.5702903E-0016   0.4095529E+0002  -0.6026402E-0003   0.6427367E-0014  -0.2067226E+0000  -0.9186761E+0002
    12.35600   0.9767386E+0000  -0.9703609E-0015   0.4095576E+0002  -0.6026402E-0003   0.6434198E-0014  -0.2065529E+0000  -0.9186774E+0002
    12.36000   0.9767386E+0000   0.5702903E-0016   0.4095624E+0002  -0.6026402E-0003   0.6434306E-0014  -0.2063617E+0000  -0.9186786E+0002
    12.36400   0.9767386E+0000   0.3994201E-0015   0.4095672E+0002  -0.6026402E-0003   0.6427747E-0014  -0.2061506E+0000  -0.9186800E+0002
    12.36800   0.9767386E+0000  -0.1312860E-0014   0.4095721E+0002  -0.6026402E-0003   0.6433222E-0014  -0.2059211E+0000  -0.9186813E+0002
    12.37200   0.9767386E+0000  -0.6279699E-0015   0.4095769E+0002  -0.6026402E-0003   0.6428072E-0014  -0.2056751E+0000  -0.9186826E+0002
    12.37600   0.9767386E+0000   0.5702903E-0016   0.4095818E+0002  -0.6026402E-0003   0.6425524E-0014  -0.2054148E+0000  -0.9186839E+0002
    12.38000   0.9767386E+0000  -0.6278615E-0015   0.4095866E+0002  -0.6026402E-0003   0.6427042E-0014  -0.2051422E+0000  -0.9186853E+0002
    12.38400   0.9767386E+0000  -0.9702525E-0015   0.4095914E+0002  -0.6026402E-0003   0.6427205E-0014  -0.2048597E+0000  -0.9186866E+0002
    12.38800   0.9767386E+0000   0.3995285E-0015   0.4095961E+0002  -0.6026402E-0003   0.6422001E-0014  -0.2045693E+0000  -0.9186880E+0002
    12.39200   0.9767386E+0000  -0.9702525E-0015   0.4096007E+0002  -0.6026402E-0003   0.6424819E-0014  -0.2042730E+0000  -0.9186893E+0002
    12.39600   0.9767386E+0000  -0.6278615E-0015   0.4096053E+0002  -0.6026402E-0003   0.6424982E-0014  -0.2039727E+0000  -0.9186906E+0002
    12.40000   0.9767386E+0000   0.5702903E-0016   0.4096097E+0002  -0.6026402E-0003   0.6423844E-0014  -0.2036698E+0000  -0.9186919E+0002
    12.40400   0.9767386E+0000  -0.6278615E-0015   0.4096141E+0002  -0.6026402E-0003   0.6424006E-0014  -0.2033657E+0000  -0.9186932E+0002
    12.40800   0.9767386E+0000  -0.6278615E-0015   0.4096183E+0002  -0.6026402E-0003   0.6418856E-0014  -0.2030613E+0000  -0.9186945E+0002
    12.41200   0.9767386E+0000  -0.9703609E-0015   0.4096224E+0002  -0.6026402E-0003   0.6420374E-0014  -0.2027571E+0000  -0.9186958E+0002
    12.41600   0.9767386E+0000   0.5702903E-0016   0.4096264E+0002  -0.6026402E-0003   0.6419182E-0014  -0.2024534E+0000  -0.9186970E+0002
    12.42000   0.9767386E+0000  -0.9702525E-0015   0.4096302E+0002  -0.6026402E-0003   0.6419344E-0014  -0.2021500E+0000  -0.9186983E+0002
    12.42400   0.9767386E+0000  -0.6277531E-0015   0.4096340E+0002  -0.6026402E-0003   0.6420862E-0014  -0.2018467E+0000  -0.9186994E+0002
    12.42800   0.9767386E+0000   0.5713745E-0016   0.4096376E+0002  -0.6026402E-0003   0.6422380E-0014  -0.2015429E+0000  -0.9187006E+0002
    12.43200   0.9767386E+0000   0.3995285E-0015   0.4096411E+0002  -0.6026402E-0003   0.6418531E-0014  -0.2012379E+0000  -0.9187017E+0002
    12.43600   0.9767386E+0000  -0.2854704E-0015   0.4096445E+0002  -0.6026402E-0003   0.6418694E-0014  -0.2009307E+0000  -0.9187028E+0002
    12.44000   0.9767386E+0000  -0.9703609E-0015   0.4096478E+0002  -0.6026402E-0003   0.6422868E-0014  -0.2006206E+0000  -0.9187039E+0002
    12.44400   0.9767386E+0000  -0.2854704E-0015   0.4096510E+0002  -0.6026402E-0003   0.6417718E-0014  -0.2003066E+0000  -0.9187050E+0002
    12.44800   0.9767386E+0000  -0.6278615E-0015   0.4096541E+0002  -0.6026402E-0003   0.6420537E-0014  -0.1999881E+0000  -0.9187060E+0002
    12.45200   0.9767386E+0000  -0.6278615E-0015   0.4096572E+0002  -0.6026402E-0003   0.6419344E-0014  -0.1996642E+0000  -0.9187069E+0002
    12.45600   0.9767386E+0000   0.3995285E-0015   0.4096601E+0002  -0.6026402E-0003   0.6418206E-0014  -0.1993346E+0000  -0.9187079E+0002
    12.46000   0.9767386E+0000  -0.9703609E-0015   0.4096630E+0002  -0.6026402E-0003   0.6418368E-0014  -0.1989988E+0000  -0.9187087E+0002
    12.46400   0.9767386E+0000  -0.6279699E-0015   0.4096659E+0002  -0.6026402E-0003   0.6417230E-0014  -0.1986566E+0000  -0.9187096E+0002
    12.46800   0.9767386E+0000  -0.6279699E-0015   0.4096687E+0002  -0.6026402E-0003   0.6412026E-0014  -0.1983078E+0000  -0.9187104E+0002
    12.47200   0.9767386E+0000  -0.2855789E-0015   0.4096715E+0002  -0.6026402E-0003   0.6418911E-0014  -0.1979525E+0000  -0.9187111E+0002
    12.47600   0.9767386E+0000  -0.1312860E-0014   0.4096743E+0002  -0.6026402E-0003   0.6413706E-0014  -0.1975908E+0000  -0.9187118E+0002
    12.48000   0.9767386E+0000  -0.2855789E-0015   0.4096771E+0002  -0.6026402E-0003   0.6413869E-0014  -0.1972226E+0000  -0.9187125E+0002
    12.48400   0.9767386E+0000   0.3993117E-0015   0.4096798E+0002  -0.6026402E-0003   0.6416742E-0014  -0.1968481E+0000  -0.9187131E+0002
    12.48800   0.9767386E+0000   0.5681219E-0016   0.4096826E+0002  -0.6026402E-0003   0.6414194E-0014  -0.1964672E+0000  -0.9187137E+0002
    12.49200   0.9767386E+0000  -0.2855789E-0015   0.4096854E+0002  -0.6026402E-0003   0.6413002E-0014  -0.1960800E+0000  -0.9187142E+0002
    12.49600   0.9767386E+0000  -0.2855789E-0015   0.4096882E+0002  -0.6026402E-0003   0.6417176E-0014  -0.1956862E+0000  -0.9187146E+0002
    12.50000   0.9767386E+0000   0.5692061E-0016   0.4096911E+0002  -0.6026402E-0003   0.6417338E-0014  -0.1952856E+0000  -0.9187151E+0002
    12.50400   0.9767386E+0000  -0.2855789E-0015   0.4096940E+0002  -0.6026402E-0003   0.6413435E-0014  -0.1948777E+0000  -0.9187154E+0002
    12.50800   0.9767386E+0000  -0.2855789E-0015   0.4096970E+0002  -0.6026402E-0003   0.6413598E-0014  -0.1944621E+0000  -0.9187157E+0002
    12.51200   0.9767386E+0000  -0.6280783E-0015   0.4097000E+0002  -0.6026402E-0003   0.6415116E-0014  -0.1940380E+0000  -0.9187160E+0002
    12.51600   0.9767386E+0000  -0.2855789E-0015   0.4097032E+0002  -0.6026402E-0003   0.6408556E-0014  -0.1936048E+0000  -0.9187162E+0002
    12.52000   0.9767386E+0000  -0.2855789E-0015   0.4097064E+0002  -0.6026402E-0003   0.6408719E-0014  -0.1931617E+0000  -0.9187164E+0002
    12.52400   0.9767386E+0000  -0.6279699E-0015   0.4097098E+0002  -0.6026402E-0003   0.6411538E-0014  -0.1927079E+0000  -0.9187165E+0002
    12.52800   0.9767386E+0000   0.5692061E-0016   0.4097133E+0002  -0.6026402E-0003   0.6407689E-0014  -0.1922425E+0000  -0.9187165E+0002
    12.53200   0.9767386E+0000   0.5692061E-0016   0.4097169E+0002  -0.6026402E-0003   0.6406496E-0014  -0.1917647E+0000  -0.9187166E+0002
    12.53600   0.9767386E+0000  -0.2855789E-0015   0.4097207E+0002  -0.6026402E-0003   0.6410616E-0014  -0.1912736E+0000  -0.9187166E+0002
    12.54000   0.9767386E+0000   0.3993117E-0015   0.4097245E+0002  -0.6026402E-0003   0.6405466E-0014  -0.1907684E+0000  -0.9187166E+0002
    12.54400   0.9767386E+0000  -0.6280783E-0015   0.4097286E+0002  -0.6026402E-0003   0.6402973E-0014  -0.1902484E+0000  -0.9187165E+0002
    12.54800   0.9767386E+0000   0.3993117E-0015   0.4097327E+0002  -0.6026402E-0003   0.6409803E-0014  -0.1897129E+0000  -0.9187164E+0002
    12.55200   0.9767386E+0000  -0.6280783E-0015   0.4097370E+0002  -0.6026402E-0003   0.6405954E-0014  -0.1891611E+0000  -0.9187163E+0002
    12.55600   0.9767386E+0000  -0.9704694E-0015   0.4097415E+0002  -0.6026402E-0003   0.6407418E-0014  -0.1885926E+0000  -0.9187162E+0002
    12.56000   0.9767386E+0000   0.5692061E-0016   0.4097460E+0002  -0.6026402E-0003   0.6412893E-0014  -0.1880067E+0000  -0.9187160E+0002
    12.56400   0.9767386E+0000  -0.6279699E-0015   0.4097507E+0002  -0.6026402E-0003   0.6406442E-0014  -0.1874031E+0000  -0.9187158E+0002
    12.56800   0.9767386E+0000  -0.6279699E-0015   0.4097556E+0002  -0.6026402E-0003   0.6407960E-0014  -0.1867812E+0000  -0.9187157E+0002
    12.57200   0.9767386E+0000   0.5692061E-0016   0.4097606E+0002  -0.6026402E-0003   0.6409478E-0014  -0.1861408E+0000  -0.9187155E+0002
    12.57600   0.9767386E+0000   0.3993117E-0015   0.4097657E+0002  -0.6026402E-0003   0.6406876E-0014  -0.1854815E+0000  -0.9187153E+0002
    12.58000   0.9767386E+0000  -0.9705778E-0015   0.4097709E+0002  -0.6026402E-0003   0.6401672E-0014  -0.1848033E+0000  -0.9187151E+0002
    12.58400   0.9767386E+0000  -0.6280783E-0015   0.4097763E+0002  -0.6026402E-0003   0.6411213E-0014  -0.1841060E+0000  -0.9187149E+0002
    12.58800   0.9767386E+0000  -0.2855789E-0015   0.4097818E+0002  -0.6026402E-0003   0.6402105E-0014  -0.1833896E+0000  -0.9187148E+0002
    12.59200   0.9767386E+0000  -0.1312969E-0014   0.4097874E+0002  -0.6026402E-0003   0.6399612E-0014  -0.1826542E+0000  -0.9187146E+0002
    12.59600   0.9767386E+0000  -0.2855789E-0015   0.4097932E+0002  -0.6026402E-0003   0.6403840E-0014  -0.1818999E+0000  -0.9187144E+0002
    12.60000   0.9767386E+0000  -0.2855789E-0015   0.4097991E+0002  -0.6026402E-0003   0.6397335E-0014  -0.1811270E+0000  -0.9187143E+0002
    12.60400   0.9767386E+0000  -0.2855789E-0015   0.4098051E+0002  -0.6026402E-0003   0.6394841E-0014  -0.1803358E+0000  -0.9187142E+0002
    12.60800   0.9767386E+0000  -0.9705778E-0015   0.4098113E+0002  -0.6026402E-0003   0.6396359E-0014  -0.1795265E+0000  -0.9187140E+0002
    12.61200   0.9767386E+0000  -0.2857957E-0015   0.4098176E+0002  -0.6026402E-0003   0.6395167E-0014  -0.1786996E+0000  -0.9187139E+0002
    12.61600   0.9767386E+0000  -0.9705778E-0015   0.4098240E+0002  -0.6026402E-0003   0.6399395E-0014  -0.1778556E+0000  -0.9187139E+0002
    12.62000   0.9767386E+0000  -0.2855789E-0015   0.4098306E+0002  -0.6026402E-0003   0.6398202E-0014  -0.1769947E+0000  -0.9187138E+0002
    12.62400   0.9767386E+0000  -0.9705778E-0015   0.4098373E+0002  -0.6026402E-0003   0.6399612E-0014  -0.1761175E+0000  -0.9187137E+0002
    12.62800   0.9767386E+0000  -0.2857957E-0015   0.4098441E+0002  -0.6026402E-0003   0.6394408E-0014  -0.1752244E+0000  -0.9187137E+0002
    12.63200   0.9767386E+0000  -0.9707946E-0015   0.4098510E+0002  -0.6026402E-0003   0.6395817E-0014  -0.1743159E+0000  -0.9187137E+0002
    12.63600   0.9767386E+0000  -0.6281867E-0015   0.4098581E+0002  -0.6026402E-0003   0.6393323E-0014  -0.1733923E+0000  -0.9187137E+0002
    12.64000   0.9767386E+0000   0.5681219E-0016   0.4098652E+0002  -0.6026402E-0003   0.6394841E-0014  -0.1724542E+0000  -0.9187137E+0002
    12.64400   0.9767386E+0000   0.5681219E-0016   0.4098725E+0002  -0.6026402E-0003   0.6393649E-0014  -0.1715020E+0000  -0.9187137E+0002
    12.64800   0.9767386E+0000   0.5681219E-0016   0.4098798E+0002  -0.6026402E-0003   0.6388444E-0014  -0.1705362E+0000  -0.9187138E+0002
    12.65200   0.9767386E+0000  -0.1312969E-0014   0.4098872E+0002  -0.6026402E-0003   0.6389962E-0014  -0.1695572E+0000  -0.9187138E+0002
    12.65600   0.9767386E+0000  -0.6281867E-0015   0.4098947E+0002  -0.6026402E-0003   0.6388770E-0014  -0.1685656E+0000  -0.9187139E+0002
    12.66000   0.9767386E+0000  -0.2855789E-0015   0.4099022E+0002  -0.6026402E-0003   0.6386276E-0014  -0.1675620E+0000  -0.9187140E+0002
    12.66400   0.9767386E+0000  -0.6281867E-0015   0.4099097E+0002  -0.6026402E-0003   0.6386384E-0014  -0.1665470E+0000  -0.9187141E+0002
    12.66800   0.9767386E+0000  -0.6281867E-0015   0.4099172E+0002  -0.6026402E-0003   0.6385192E-0014  -0.1655213E+0000  -0.9187142E+0002
    12.67200   0.9767386E+0000  -0.9705778E-0015   0.4099247E+0002  -0.6026402E-0003   0.6385300E-0014  -0.1644856E+0000  -0.9187143E+0002
    12.67600   0.9767386E+0000  -0.9705778E-0015   0.4099322E+0002  -0.6026402E-0003   0.6385517E-0014  -0.1634408E+0000  -0.9187144E+0002
    12.68000   0.9767386E+0000  -0.6281867E-0015   0.4099396E+0002  -0.6026402E-0003   0.6381722E-0014  -0.1623877E+0000  -0.9187146E+0002
    12.68400   0.9767386E+0000   0.5681219E-0016   0.4099469E+0002  -0.6026402E-0003   0.6377819E-0014  -0.1613274E+0000  -0.9187147E+0002
    12.68800   0.9767386E+0000  -0.9704694E-0015   0.4099541E+0002  -0.6026402E-0003   0.6377928E-0014  -0.1602608E+0000  -0.9187149E+0002
    12.69200   0.9767386E+0000  -0.6280783E-0015   0.4099612E+0002  -0.6026402E-0003   0.6376735E-0014  -0.1591890E+0000  -0.9187151E+0002
    12.69600   0.9767386E+0000  -0.6280783E-0015   0.4099682E+0002  -0.6026402E-0003   0.6384975E-0014  -0.1581132E+0000  -0.9187153E+0002
    12.70000   0.9767386E+0000   0.5692061E-0016   0.4099750E+0002  -0.6026402E-0003   0.6375759E-0014  -0.1570344E+0000  -0.9187155E+0002
    12.70400   0.9767386E+0000  -0.2854704E-0015   0.4099817E+0002  -0.6026402E-0003   0.6377277E-0014  -0.1559540E+0000  -0.9187158E+0002
    12.70800   0.9767386E+0000  -0.9703609E-0015   0.4099882E+0002  -0.6026402E-0003   0.6374784E-0014  -0.1548732E+0000  -0.9187160E+0002
    12.71200   0.9767386E+0000  -0.6279699E-0015   0.4099945E+0002  -0.6026402E-0003   0.6380313E-0014  -0.1537932E+0000  -0.9187163E+0002
    12.71600   0.9767386E+0000  -0.2854704E-0015   0.4100006E+0002  -0.6026402E-0003   0.6377711E-0014  -0.1527152E+0000  -0.9187165E+0002
    12.72000   0.9767386E+0000   0.3994201E-0015   0.4100065E+0002  -0.6026402E-0003   0.6375217E-0014  -0.1516406E+0000  -0.9187168E+0002
    12.72400   0.9767386E+0000  -0.6279699E-0015   0.4100122E+0002  -0.6026402E-0003   0.6379446E-0014  -0.1505706E+0000  -0.9187172E+0002
    12.72800   0.9767386E+0000  -0.9703609E-0015   0.4100176E+0002  -0.6026402E-0003   0.6372940E-0014  -0.1495063E+0000  -0.9187175E+0002
    12.73200   0.9767386E+0000   0.3995285E-0015   0.4100228E+0002  -0.6026402E-0003   0.6374458E-0014  -0.1484488E+0000  -0.9187178E+0002
    12.73600   0.9767386E+0000  -0.9702525E-0015   0.4100277E+0002  -0.6026402E-0003   0.6374567E-0014  -0.1473994E+0000  -0.9187182E+0002
    12.74000   0.9767386E+0000  -0.2853620E-0015   0.4100323E+0002  -0.6026402E-0003   0.6368061E-0014  -0.1463588E+0000  -0.9187185E+0002
    12.74400   0.9767386E+0000  -0.6277531E-0015   0.4100367E+0002  -0.6026402E-0003   0.6369579E-0014  -0.1453281E+0000  -0.9187189E+0002
    12.74800   0.9767386E+0000  -0.2852536E-0015   0.4100409E+0002  -0.6026402E-0003   0.6369796E-0014  -0.1443080E+0000  -0.9187193E+0002
    12.75200   0.9767386E+0000  -0.1312644E-0014   0.4100447E+0002  -0.6026402E-0003   0.6372615E-0014  -0.1432993E+0000  -0.9187197E+0002
    12.75600   0.9767386E+0000  -0.6277531E-0015   0.4100482E+0002  -0.6026402E-0003   0.6368820E-0014  -0.1423026E+0000  -0.9187201E+0002
    12.76000   0.9767386E+0000  -0.2852536E-0015   0.4100515E+0002  -0.6026402E-0003   0.6370338E-0014  -0.1413184E+0000  -0.9187206E+0002
    12.76400   0.9767386E+0000   0.5724587E-0016   0.4100545E+0002  -0.6026402E-0003   0.6363725E-0014  -0.1403470E+0000  -0.9187210E+0002
    12.76800   0.9767386E+0000  -0.9701441E-0015   0.4100571E+0002  -0.6026402E-0003   0.6365243E-0014  -0.1393889E+0000  -0.9187214E+0002
    12.77200   0.9767386E+0000  -0.9701441E-0015   0.4100595E+0002  -0.6026402E-0003   0.6364050E-0014  -0.1384442E+0000  -0.9187218E+0002
    12.77600   0.9767386E+0000  -0.2852536E-0015   0.4100616E+0002  -0.6026402E-0003   0.6361556E-0014  -0.1375132E+0000  -0.9187222E+0002
    12.78000   0.9767386E+0000  -0.9701441E-0015   0.4100635E+0002  -0.6026402E-0003   0.6361719E-0014  -0.1365960E+0000  -0.9187226E+0002
    12.78400   0.9767386E+0000   0.5713745E-0016   0.4100650E+0002  -0.6026402E-0003   0.6363237E-0014  -0.1356926E+0000  -0.9187230E+0002
    12.78800   0.9767386E+0000  -0.1655143E-0014   0.4100663E+0002  -0.6026402E-0003   0.6364755E-0014  -0.1348031E+0000  -0.9187234E+0002
    12.79200   0.9767386E+0000   0.5713745E-0016   0.4100674E+0002  -0.6026402E-0003   0.6363562E-0014  -0.1339276E+0000  -0.9187238E+0002
    12.79600   0.9767386E+0000   0.5713745E-0016   0.4100683E+0002  -0.6026402E-0003   0.6366381E-0014  -0.1330661E+0000  -0.9187241E+0002
    12.80000   0.9767386E+0000  -0.6278615E-0015   0.4100689E+0002  -0.6026402E-0003   0.6362532E-0014  -0.1322188E+0000  -0.9187245E+0002
    12.80400   0.9767386E+0000   0.5702903E-0016   0.4100694E+0002  -0.6026402E-0003   0.6364050E-0014  -0.1313858E+0000  -0.9187248E+0002
    12.80800   0.9767386E+0000  -0.6278615E-0015   0.4100697E+0002  -0.6026402E-0003   0.6365514E-0014  -0.1305674E+0000  -0.9187251E+0002
    12.81200   0.9767386E+0000  -0.6278615E-0015   0.4100699E+0002  -0.6026402E-0003   0.6366977E-0014  -0.1297639E+0000  -0.9187253E+0002
    12.81600   0.9767386E+0000  -0.1312752E-0014   0.4100700E+0002  -0.6026402E-0003   0.6365839E-0014  -0.1289757E+0000  -0.9187255E+0002
    12.82000   0.9767386E+0000  -0.2854704E-0015   0.4100700E+0002  -0.6026402E-0003   0.6364646E-0014  -0.1282035E+0000  -0.9187257E+0002
    12.82400   0.9767386E+0000  -0.9702525E-0015   0.4100699E+0002  -0.6026402E-0003   0.6366164E-0014  -0.1274477E+0000  -0.9187259E+0002
    12.82800   0.9767386E+0000  -0.2853620E-0015   0.4100699E+0002  -0.6026402E-0003   0.6369037E-0014  -0.1267093E+0000  -0.9187260E+0002
    12.83200   0.9767386E+0000  -0.9702525E-0015   0.4100698E+0002  -0.6026402E-0003   0.6363833E-0014  -0.1259890E+0000  -0.9187261E+0002
    12.83600   0.9767386E+0000   0.5713745E-0016   0.4100699E+0002  -0.6026402E-0003   0.6365351E-0014  -0.1252878E+0000  -0.9187261E+0002
    12.84000   0.9767386E+0000   0.5713745E-0016   0.4100699E+0002  -0.6026402E-0003   0.6366869E-0014  -0.1246067E+0000  -0.9187261E+0002
    12.84400   0.9767386E+0000  -0.9702525E-0015   0.4100701E+0002  -0.6026402E-0003   0.6365676E-0014  -0.1239465E+0000  -0.9187261E+0002
    12.84800   0.9767386E+0000  -0.6277531E-0015   0.4100704E+0002  -0.6026402E-0003   0.6364484E-0014  -0.1233084E+0000  -0.9187260E+0002
    12.85200   0.9767386E+0000  -0.9702525E-0015   0.4100708E+0002  -0.6026402E-0003   0.6367303E-0014  -0.1226931E+0000  -0.9187259E+0002
    12.85600   0.9767386E+0000  -0.6277531E-0015   0.4100714E+0002  -0.6026402E-0003   0.6367465E-0014  -0.1221013E+0000  -0.9187258E+0002
    12.86000   0.9767386E+0000  -0.2852536E-0015   0.4100723E+0002  -0.6026402E-0003   0.6368983E-0014  -0.1215335E+0000  -0.9187256E+0002
    12.86400   0.9767386E+0000  -0.1312644E-0014   0.4100733E+0002  -0.6026402E-0003   0.6365134E-0014  -0.1209900E+0000  -0.9187253E+0002
    12.86800   0.9767386E+0000  -0.9702525E-0015   0.4100747E+0002  -0.6026402E-0003   0.6363941E-0014  -0.1204707E+0000  -0.9187250E+0002
    12.87200   0.9767386E+0000  -0.6277531E-0015   0.4100763E+0002  -0.6026402E-0003   0.6364104E-0014  -0.1199753E+0000  -0.9187247E+0002
    12.87600   0.9767386E+0000  -0.2853620E-0015   0.4100783E+0002  -0.6026402E-0003   0.6368278E-0014  -0.1195030E+0000  -0.9187243E+0002
    12.88000   0.9767386E+0000  -0.9701441E-0015   0.4100807E+0002  -0.6026402E-0003   0.6363101E-0014  -0.1190525E+0000  -0.9187239E+0002
    12.88400   0.9767386E+0000  -0.6277531E-0015   0.4100834E+0002  -0.6026402E-0003   0.6364592E-0014  -0.1186223E+0000  -0.9187234E+0002
    12.88800   0.9767386E+0000  -0.6277531E-0015   0.4100866E+0002  -0.6026402E-0003   0.6364728E-0014  -0.1182103E+0000  -0.9187229E+0002
    12.89200   0.9767386E+0000  -0.9701441E-0015   0.4100904E+0002  -0.6026402E-0003   0.6366218E-0014  -0.1178140E+0000  -0.9187223E+0002
    12.89600   0.9767386E+0000   0.5724587E-0016   0.4100946E+0002  -0.6026402E-0003   0.6362369E-0014  -0.1174303E+0000  -0.9187217E+0002
    12.90000   0.9767386E+0000  -0.9701441E-0015   0.4100994E+0002  -0.6026402E-0003   0.6362505E-0014  -0.1170561E+0000  -0.9187210E+0002
    12.90400   0.9767386E+0000  -0.2853620E-0015   0.4101048E+0002  -0.6026402E-0003   0.6362668E-0014  -0.1166875E+0000  -0.9187203E+0002
    12.90800   0.9767386E+0000  -0.6277531E-0015   0.4101108E+0002  -0.6026402E-0003   0.6358819E-0014  -0.1163207E+0000  -0.9187195E+0002
    12.91200   0.9767386E+0000  -0.2851452E-0015   0.4101175E+0002  -0.6026402E-0003   0.6360309E-0014  -0.1159514E+0000  -0.9187187E+0002
    12.91600   0.9767386E+0000  -0.9701441E-0015   0.4101249E+0002  -0.6026402E-0003   0.6359117E-0014  -0.1155752E+0000  -0.9187178E+0002
    12.92000   0.9767386E+0000  -0.2853620E-0015   0.4101331E+0002  -0.6026402E-0003   0.6360608E-0014  -0.1151876E+0000  -0.9187168E+0002
    12.92400   0.9767386E+0000  -0.6277531E-0015   0.4101420E+0002  -0.6026402E-0003   0.6358087E-0014  -0.1147842E+0000  -0.9187158E+0002
    12.92800   0.9767386E+0000  -0.6277531E-0015   0.4101516E+0002  -0.6026402E-0003   0.6355566E-0014  -0.1143606E+0000  -0.9187147E+0002
    12.93200   0.9767386E+0000   0.5702903E-0016   0.4101621E+0002  -0.6026402E-0003   0.6353045E-0014  -0.1139125E+0000  -0.9187136E+0002
    12.93600   0.9767386E+0000   0.3996369E-0015   0.4101733E+0002  -0.6026402E-0003   0.6354536E-0014  -0.1134360E+0000  -0.9187124E+0002
    12.94000   0.9767386E+0000  -0.1312535E-0014   0.4101853E+0002  -0.6026402E-0003   0.6352015E-0014  -0.1129275E+0000  -0.9187112E+0002
    12.94400   0.9767386E+0000   0.5724587E-0016   0.4101982E+0002  -0.6026402E-0003   0.6349494E-0014  -0.1123837E+0000  -0.9187099E+0002
    12.94800   0.9767386E+0000  -0.2851452E-0015   0.4102118E+0002  -0.6026402E-0003   0.6345646E-0014  -0.1118018E+0000  -0.9187085E+0002
    12.95200   0.9767386E+0000   0.5724587E-0016   0.4102262E+0002  -0.6026402E-0003   0.6344467E-0014  -0.1111794E+0000  -0.9187071E+0002
    12.95600   0.9767386E+0000  -0.2851452E-0015   0.4102413E+0002  -0.6026402E-0003   0.6343287E-0014  -0.1105150E+0000  -0.9187057E+0002
    12.96000   0.9767386E+0000  -0.2851452E-0015   0.4102572E+0002  -0.6026402E-0003   0.6342108E-0014  -0.1098073E+0000  -0.9187042E+0002
    12.96400   0.9767386E+0000  -0.2851452E-0015   0.4102739E+0002  -0.6026402E-0003   0.6336904E-0014  -0.1090558E+0000  -0.9187027E+0002
    12.96800   0.9767386E+0000   0.5724587E-0016   0.4102913E+0002  -0.6026402E-0003   0.6337067E-0014  -0.1082605E+0000  -0.9187012E+0002
    12.97200   0.9767386E+0000  -0.2851452E-0015   0.4103094E+0002  -0.6026402E-0003   0.6335888E-0014  -0.1074222E+0000  -0.9186996E+0002
    12.97600   0.9767386E+0000  -0.6275362E-0015   0.4103281E+0002  -0.6026402E-0003   0.6334709E-0014  -0.1065425E+0000  -0.9186981E+0002
    12.98000   0.9767386E+0000  -0.6275362E-0015   0.4103476E+0002  -0.6026402E-0003   0.6332188E-0014  -0.1056233E+0000  -0.9186965E+0002
    12.98400   0.9767386E+0000  -0.9699273E-0015   0.4103676E+0002  -0.6026402E-0003   0.6331673E-0014  -0.1046675E+0000  -0.9186949E+0002
    12.98800   0.9767386E+0000  -0.9699273E-0015   0.4103882E+0002  -0.6026402E-0003   0.6327824E-0014  -0.1036781E+0000  -0.9186933E+0002
    12.99200   0.9767386E+0000  -0.9699273E-0015   0.4104094E+0002  -0.6026402E-0003   0.6325303E-0014  -0.1026587E+0000  -0.9186917E+0002
    12.99600   0.9767386E+0000  -0.6273194E-0015   0.4104310E+0002  -0.6026402E-0003   0.6322118E-0014  -0.1016130E+0000  -0.9186901E+0002
    13.00000   0.9767386E+0000  -0.2847115E-0015   0.4104532E+0002  -0.6026402E-0003   0.6316250E-0014  -0.1005444E+0000  -0.9186885E+0002
    13.00400   0.9767386E+0000  -0.1312101E-0014   0.4104757E+0002  -0.6026402E-0003   0.6315735E-0014  -0.9945619E-0001  -0.9186870E+0002
    13.00800   0.9767386E+0000  -0.9697104E-0015   0.4104986E+0002  -0.6026402E-0003   0.6314543E-0014  -0.9835131E-0001  -0.9186855E+0002
    13.01200   0.9767386E+0000  -0.1312318E-0014   0.4105220E+0002  -0.6026402E-0003   0.6310030E-0014  -0.9723222E-0001  -0.9186840E+0002
    13.01600   0.9767386E+0000  -0.9697104E-0015   0.4105458E+0002  -0.6026402E-0003   0.6305510E-0014  -0.9610104E-0001  -0.9186826E+0002
    13.02000   0.9767386E+0000  -0.2844947E-0015   0.4105700E+0002  -0.6026402E-0003   0.6306336E-0014  -0.9495963E-0001  -0.9186812E+0002
    13.02400   0.9767386E+0000  -0.6271025E-0015   0.4105945E+0002  -0.6026402E-0003   0.6299140E-0014  -0.9380965E-0001  -0.9186798E+0002
    13.02800   0.9767386E+0000  -0.2849283E-0015   0.4106194E+0002  -0.6026402E-0003   0.6296619E-0014  -0.9265271E-0001  -0.9186785E+0002
    13.03200   0.9767386E+0000  -0.9701441E-0015   0.4106446E+0002  -0.6026402E-0003   0.6295440E-0014  -0.9149037E-0001  -0.9186772E+0002
    13.03600   0.9767386E+0000   0.5724587E-0016   0.4106700E+0002  -0.6026402E-0003   0.6292255E-0014  -0.9032416E-0001  -0.9186760E+0002
    13.04000   0.9767386E+0000   0.5724587E-0016   0.4106955E+0002  -0.6026402E-0003   0.6289741E-0014  -0.8915560E-0001  -0.9186749E+0002
    13.04400   0.9767386E+0000  -0.1654926E-0014   0.4107210E+0002  -0.6026402E-0003   0.6287227E-0014  -0.8798614E-0001  -0.9186738E+0002
    13.04800   0.9767386E+0000  -0.6275362E-0015   0.4107464E+0002  -0.6026402E-0003   0.6282037E-0014  -0.8681723E-0001  -0.9186728E+0002
    13.05200   0.9767386E+0000  -0.2849283E-0015   0.4107714E+0002  -0.6026402E-0003   0.6278181E-0014  -0.8565043E-0001  -0.9186718E+0002
    13.05600   0.9767386E+0000   0.5767956E-0016   0.4107960E+0002  -0.6026402E-0003   0.6275660E-0014  -0.8448749E-0001  -0.9186709E+0002
    13.06000   0.9767386E+0000  -0.6271025E-0015   0.4108200E+0002  -0.6026402E-0003   0.6274481E-0014  -0.8333055E-0001  -0.9186701E+0002
    13.06400   0.9767386E+0000  -0.2844947E-0015   0.4108430E+0002  -0.6026402E-0003   0.6268620E-0014  -0.8218225E-0001  -0.9186693E+0002
    13.06800   0.9767386E+0000  -0.2844947E-0015   0.4108651E+0002  -0.6026402E-0003   0.6263422E-0014  -0.8104569E-0001  -0.9186687E+0002
    13.07200   0.9767386E+0000  -0.9692767E-0015   0.4108859E+0002  -0.6026402E-0003   0.6261572E-0014  -0.7992443E-0001  -0.9186681E+0002
    13.07600   0.9767386E+0000  -0.6266689E-0015   0.4109052E+0002  -0.6026402E-0003   0.6260393E-0014  -0.7882234E-0001  -0.9186675E+0002
    13.08000   0.9767386E+0000  -0.9692767E-0015   0.4109229E+0002  -0.6026402E-0003   0.6259214E-0014  -0.7774358E-0001  -0.9186671E+0002
    13.08400   0.9767386E+0000  -0.6266689E-0015   0.4109387E+0002  -0.6026402E-0003   0.6257378E-0014  -0.7669253E-0001  -0.9186667E+0002
    13.08800   0.9767386E+0000  -0.2840610E-0015   0.4109526E+0002  -0.6026402E-0003   0.6255521E-0014  -0.7567381E-0001  -0.9186665E+0002
    13.09200   0.9767386E+0000   0.5854692E-0016   0.4109642E+0002  -0.6026402E-0003   0.6253665E-0014  -0.7469220E-0001  -0.9186663E+0002
    13.09600   0.9767386E+0000  -0.2840610E-0015   0.4109734E+0002  -0.6026402E-0003   0.6250466E-0014  -0.7375260E-0001  -0.9186662E+0002
    13.10000   0.9767386E+0000  -0.6262352E-0015   0.4109802E+0002  -0.6026402E-0003   0.6249951E-0014  -0.7285971E-0001  -0.9186662E+0002
    13.10400   0.9767386E+0000  -0.6262352E-0015   0.4109845E+0002  -0.6026402E-0003   0.6248772E-0014  -0.7201777E-0001  -0.9186662E+0002
    13.10800   0.9767386E+0000  -0.2836273E-0015   0.4109861E+0002  -0.6026402E-0003   0.6248257E-0014  -0.7123014E-0001  -0.9186664E+0002
    13.11200   0.9767386E+0000  -0.6262352E-0015   0.4109851E+0002  -0.6026402E-0003   0.6247742E-0014  -0.7049893E-0001  -0.9186666E+0002
    13.11600   0.9767386E+0000  -0.6262352E-0015   0.4109816E+0002  -0.6026402E-0003   0.6248582E-0014  -0.6982466E-0001  -0.9186669E+0002
    13.12000   0.9767386E+0000  -0.2836273E-0015   0.4109756E+0002  -0.6026402E-0003   0.6249423E-0014  -0.6920598E-0001  -0.9186672E+0002
    13.12400   0.9767386E+0000  -0.9688431E-0015   0.4109674E+0002  -0.6026402E-0003   0.6250236E-0014  -0.6863943E-0001  -0.9186676E+0002
    13.12800   0.9767386E+0000  -0.2836273E-0015   0.4109572E+0002  -0.6026402E-0003   0.6249070E-0014  -0.6811936E-0001  -0.9186681E+0002
    13.13200   0.9767386E+0000  -0.2836273E-0015   0.4109455E+0002  -0.6026402E-0003   0.6251239E-0014  -0.6763802E-0001  -0.9186686E+0002
    13.13600   0.9767386E+0000  -0.9684094E-0015   0.4109328E+0002  -0.6026402E-0003   0.6251374E-0014  -0.6718593E-0001  -0.9186692E+0002
    13.14000   0.9767386E+0000  -0.2831936E-0015   0.4109194E+0002  -0.6026402E-0003   0.6252865E-0014  -0.6675246E-0001  -0.9186698E+0002
    13.14400   0.9767386E+0000   0.5941428E-0016   0.4109060E+0002  -0.6026402E-0003   0.6255684E-0014  -0.6632662E-0001  -0.9186704E+0002
    13.14800   0.9767386E+0000  -0.1652758E-0014   0.4108931E+0002  -0.6026402E-0003   0.6256524E-0014  -0.6589804E-0001  -0.9186711E+0002
    13.15200   0.9767386E+0000  -0.6253678E-0015   0.4108812E+0002  -0.6026402E-0003   0.6259370E-0014  -0.6545775E-0001  -0.9186718E+0002
    13.15600   0.9767386E+0000  -0.6253678E-0015   0.4108706E+0002  -0.6026402E-0003   0.6260888E-0014  -0.6499890E-0001  -0.9186726E+0002
    13.16000   0.9767386E+0000  -0.6253678E-0015   0.4108616E+0002  -0.6026402E-0003   0.6265062E-0014  -0.6451722E-0001  -0.9186734E+0002
    13.16400   0.9767386E+0000  -0.9677589E-0015   0.4108543E+0002  -0.6026402E-0003   0.6263870E-0014  -0.6401112E-0001  -0.9186742E+0002
    13.16800   0.9767386E+0000  -0.1310150E-0014   0.4108488E+0002  -0.6026402E-0003   0.6266038E-0014  -0.6348166E-0001  -0.9186750E+0002
    13.17200   0.9767386E+0000  -0.2827599E-0015   0.4108449E+0002  -0.6026402E-0003   0.6266851E-0014  -0.6293207E-0001  -0.9186759E+0002
    13.17600   0.9767386E+0000  -0.6253678E-0015   0.4108424E+0002  -0.6026402E-0003   0.6266363E-0014  -0.6236733E-0001  -0.9186768E+0002
    13.18000   0.9767386E+0000  -0.2829768E-0015   0.4108411E+0002  -0.6026402E-0003   0.6265171E-0014  -0.6179340E-0001  -0.9186777E+0002
    13.18400   0.9767386E+0000  -0.6253678E-0015   0.4108405E+0002  -0.6026402E-0003   0.6268640E-0014  -0.6121667E-0001  -0.9186787E+0002
    13.18800   0.9767386E+0000  -0.2829768E-0015   0.4108404E+0002  -0.6026402E-0003   0.6267502E-0014  -0.6064334E-0001  -0.9186797E+0002
    13.19200   0.9767386E+0000  -0.6253678E-0015   0.4108404E+0002  -0.6026402E-0003   0.6267014E-0014  -0.6007901E-0001  -0.9186807E+0002
    13.19600   0.9767386E+0000  -0.2829768E-0015   0.4108403E+0002  -0.6026402E-0003   0.6267176E-0014  -0.5952842E-0001  -0.9186818E+0002
    13.20000   0.9767386E+0000  -0.6253678E-0015   0.4108397E+0002  -0.6026402E-0003   0.6267990E-0014  -0.5899536E-0001  -0.9186828E+0002
    13.20400   0.9767386E+0000  -0.6253678E-0015   0.4108385E+0002  -0.6026402E-0003   0.6267502E-0014  -0.5848265E-0001  -0.9186839E+0002
    13.20800   0.9767386E+0000  -0.9677589E-0015   0.4108363E+0002  -0.6026402E-0003   0.6266309E-0014  -0.5799231E-0001  -0.9186850E+0002
    13.21200   0.9767386E+0000  -0.2829768E-0015   0.4108332E+0002  -0.6026402E-0003   0.6268477E-0014  -0.5752558E-0001  -0.9186861E+0002
    13.21600   0.9767386E+0000  -0.2829768E-0015   0.4108288E+0002  -0.6026402E-0003   0.6267990E-0014  -0.5708309E-0001  -0.9186872E+0002
    13.22000   0.9767386E+0000  -0.2829768E-0015   0.4108232E+0002  -0.6026402E-0003   0.6268857E-0014  -0.5666475E-0001  -0.9186882E+0002
    13.22400   0.9767386E+0000   0.4020222E-0015   0.4108164E+0002  -0.6026402E-0003   0.6269670E-0014  -0.5626979E-0001  -0.9186892E+0002
    13.22800   0.9767386E+0000   0.5963112E-0016   0.4108084E+0002  -0.6026402E-0003   0.6269833E-0014  -0.5589653E-0001  -0.9186902E+0002
    13.23200   0.9767386E+0000  -0.9677589E-0015   0.4107995E+0002  -0.6026402E-0003   0.6269995E-0014  -0.5554233E-0001  -0.9186911E+0002
    13.23600   0.9767386E+0000  -0.2827599E-0015   0.4107899E+0002  -0.6026402E-0003   0.6271459E-0014  -0.5520355E-0001  -0.9186920E+0002
    13.24000   0.9767386E+0000  -0.2827599E-0015   0.4107800E+0002  -0.6026402E-0003   0.6272977E-0014  -0.5487566E-0001  -0.9186928E+0002
    13.24400   0.9767386E+0000  -0.6251510E-0015   0.4107701E+0002  -0.6026402E-0003   0.6274495E-0014  -0.5455359E-0001  -0.9186935E+0002
    13.24800   0.9767386E+0000  -0.2827599E-0015   0.4107605E+0002  -0.6026402E-0003   0.6275308E-0014  -0.5423217E-0001  -0.9186942E+0002
    13.25200   0.9767386E+0000  -0.6251510E-0015   0.4107516E+0002  -0.6026402E-0003   0.6276826E-0014  -0.5390667E-0001  -0.9186948E+0002
    13.25600   0.9767386E+0000  -0.2827599E-0015   0.4107434E+0002  -0.6026402E-0003   0.6278344E-0014  -0.5357340E-0001  -0.9186952E+0002
    13.26000   0.9767386E+0000  -0.2827599E-0015   0.4107361E+0002  -0.6026402E-0003   0.6278832E-0014  -0.5323002E-0001  -0.9186957E+0002
    13.26400   0.9767386E+0000  -0.6252594E-0015   0.4107295E+0002  -0.6026402E-0003   0.6279645E-0014  -0.5287579E-0001  -0.9186960E+0002
    13.26800   0.9767386E+0000  -0.6252594E-0015   0.4107234E+0002  -0.6026402E-0003   0.6281434E-0014  -0.5251149E-0001  -0.9186963E+0002
    13.27200   0.9767386E+0000  -0.6252594E-0015   0.4107177E+0002  -0.6026402E-0003   0.6282626E-0014  -0.5213915E-0001  -0.9186965E+0002
    13.27600   0.9767386E+0000  -0.6252594E-0015   0.4107120E+0002  -0.6026402E-0003   0.6282084E-0014  -0.5176162E-0001  -0.9186966E+0002
    13.28000   0.9767386E+0000  -0.9676504E-0015   0.4107062E+0002  -0.6026402E-0003   0.6283223E-0014  -0.5138211E-0001  -0.9186967E+0002
    13.28400   0.9767386E+0000  -0.9676504E-0015   0.4107001E+0002  -0.6026402E-0003   0.6284090E-0014  -0.5100370E-0001  -0.9186968E+0002
    13.28800   0.9767386E+0000  -0.2826515E-0015   0.4106935E+0002  -0.6026402E-0003   0.6285228E-0014  -0.5062910E-0001  -0.9186969E+0002
    13.29200   0.9767386E+0000  -0.9675420E-0015   0.4106866E+0002  -0.6026402E-0003   0.6286421E-0014  -0.5026042E-0001  -0.9186969E+0002
    13.29600   0.9767386E+0000  -0.9675420E-0015   0.4106794E+0002  -0.6026402E-0003   0.6287234E-0014  -0.4989921E-0001  -0.9186968E+0002
    13.30000   0.9767386E+0000  -0.9675420E-0015   0.4106721E+0002  -0.6026402E-0003   0.6288373E-0014  -0.4954665E-0001  -0.9186968E+0002
    13.30400   0.9767386E+0000   0.5984796E-0016   0.4106648E+0002  -0.6026402E-0003   0.6288915E-0014  -0.4920369E-0001  -0.9186968E+0002
    13.30800   0.9767386E+0000  -0.9675420E-0015   0.4106576E+0002  -0.6026402E-0003   0.6288047E-0014  -0.4887132E-0001  -0.9186967E+0002
    13.31200   0.9767386E+0000  -0.6251510E-0015   0.4106506E+0002  -0.6026402E-0003   0.6289511E-0014  -0.4855077E-0001  -0.9186966E+0002
    13.31600   0.9767386E+0000  -0.9675420E-0015   0.4106439E+0002  -0.6026402E-0003   0.6291029E-0014  -0.4824355E-0001  -0.9186965E+0002
    13.32000   0.9767386E+0000   0.5984796E-0016   0.4106374E+0002  -0.6026402E-0003   0.6291517E-0014  -0.4795145E-0001  -0.9186964E+0002
    13.32400   0.9767386E+0000  -0.6250426E-0015   0.4106310E+0002  -0.6026402E-0003   0.6292330E-0014  -0.4767644E-0001  -0.9186963E+0002
    13.32800   0.9767386E+0000  -0.2826515E-0015   0.4106248E+0002  -0.6026402E-0003   0.6294173E-0014  -0.4742052E-0001  -0.9186962E+0002
    13.33200   0.9767386E+0000  -0.6251510E-0015   0.4106185E+0002  -0.6026402E-0003   0.6293631E-0014  -0.4718552E-0001  -0.9186961E+0002
    13.33600   0.9767386E+0000  -0.9675420E-0015   0.4106122E+0002  -0.6026402E-0003   0.6296125E-0014  -0.4697297E-0001  -0.9186961E+0002
    13.34000   0.9767386E+0000   0.5984796E-0016   0.4106059E+0002  -0.6026402E-0003   0.6296938E-0014  -0.4678395E-0001  -0.9186960E+0002
    13.34400   0.9767386E+0000   0.5984796E-0016   0.4105995E+0002  -0.6026402E-0003   0.6297751E-0014  -0.4661912E-0001  -0.9186960E+0002
    13.34800   0.9767386E+0000  -0.6250426E-0015   0.4105930E+0002  -0.6026402E-0003   0.6297914E-0014  -0.4647864E-0001  -0.9186961E+0002
    13.35200   0.9767386E+0000  -0.1309933E-0014   0.4105866E+0002  -0.6026402E-0003   0.6300082E-0014  -0.4636228E-0001  -0.9186961E+0002
    13.35600   0.9767386E+0000  -0.9674336E-0015   0.4105802E+0002  -0.6026402E-0003   0.6299540E-0014  -0.4626942E-0001  -0.9186962E+0002
    13.36000   0.9767386E+0000  -0.9674336E-0015   0.4105739E+0002  -0.6026402E-0003   0.6301031E-0014  -0.4619915E-0001  -0.9186963E+0002
    13.36400   0.9767386E+0000  -0.2824347E-0015   0.4105678E+0002  -0.6026402E-0003   0.6301193E-0014  -0.4615023E-0001  -0.9186965E+0002
    13.36800   0.9767386E+0000  -0.1309825E-0014   0.4105617E+0002  -0.6026402E-0003   0.6302359E-0014  -0.4612114E-0001  -0.9186966E+0002
    13.37200   0.9767386E+0000  -0.6249341E-0015   0.4105558E+0002  -0.6026402E-0003   0.6302196E-0014  -0.4611006E-0001  -0.9186969E+0002
    13.37600   0.9767386E+0000  -0.2824347E-0015   0.4105500E+0002  -0.6026402E-0003   0.6302684E-0014  -0.4611485E-0001  -0.9186971E+0002
    13.38000   0.9767386E+0000  -0.6249341E-0015   0.4105444E+0002  -0.6026402E-0003   0.6304527E-0014  -0.4613306E-0001  -0.9186974E+0002
    13.38400   0.9767386E+0000  -0.2824347E-0015   0.4105389E+0002  -0.6026402E-0003   0.6305693E-0014  -0.4616200E-0001  -0.9186977E+0002
    13.38800   0.9767386E+0000  -0.6248799E-0015   0.4105336E+0002  -0.6026402E-0003   0.6306181E-0014  -0.4619878E-0001  -0.9186980E+0002
    13.39200   0.9767386E+0000  -0.9673252E-0015   0.4105284E+0002  -0.6026402E-0003   0.6306343E-0014  -0.4624036E-0001  -0.9186984E+0002
    13.39600   0.9767386E+0000  -0.2823805E-0015   0.4105233E+0002  -0.6026402E-0003   0.6307482E-0014  -0.4628372E-0001  -0.9186988E+0002
    13.40000   0.9767386E+0000  -0.9672710E-0015   0.4105181E+0002  -0.6026402E-0003   0.6307997E-0014  -0.4632590E-0001  -0.9186992E+0002
    13.40400   0.9767386E+0000  -0.9672710E-0015   0.4105129E+0002  -0.6026402E-0003   0.6308485E-0014  -0.4636405E-0001  -0.9186996E+0002
    13.40800   0.9767386E+0000  -0.9672710E-0015   0.4105076E+0002  -0.6026402E-0003   0.6310301E-0014  -0.4639556E-0001  -0.9187001E+0002
    13.41200   0.9767386E+0000  -0.9672710E-0015   0.4105020E+0002  -0.6026402E-0003   0.6310111E-0014  -0.4641800E-0001  -0.9187005E+0002
    13.41600   0.9767386E+0000  -0.6248257E-0015   0.4104963E+0002  -0.6026402E-0003   0.6309596E-0014  -0.4642923E-0001  -0.9187010E+0002
    13.42000   0.9767386E+0000  -0.9672710E-0015   0.4104903E+0002  -0.6026402E-0003   0.6311412E-0014  -0.4642736E-0001  -0.9187015E+0002
    13.42400   0.9767386E+0000  -0.6248257E-0015   0.4104840E+0002  -0.6026402E-0003   0.6312903E-0014  -0.4641087E-0001  -0.9187019E+0002
    13.42800   0.9767386E+0000  -0.6248257E-0015   0.4104776E+0002  -0.6026402E-0003   0.6313391E-0014  -0.4637858E-0001  -0.9187024E+0002
    13.43200   0.9767386E+0000  -0.2823805E-0015   0.4104709E+0002  -0.6026402E-0003   0.6315234E-0014  -0.4632981E-0001  -0.9187029E+0002
    13.43600   0.9767386E+0000  -0.9672710E-0015   0.4104640E+0002  -0.6026402E-0003   0.6315396E-0014  -0.4626439E-0001  -0.9187033E+0002
    13.44000   0.9767386E+0000  -0.9672710E-0015   0.4104570E+0002  -0.6026402E-0003   0.6314529E-0014  -0.4618277E-0001  -0.9187038E+0002
    13.44400   0.9767386E+0000  -0.6247715E-0015   0.4104498E+0002  -0.6026402E-0003   0.6317023E-0014  -0.4608605E-0001  -0.9187042E+0002
    13.44800   0.9767386E+0000  -0.6247715E-0015   0.4104425E+0002  -0.6026402E-0003   0.6318866E-0014  -0.4597597E-0001  -0.9187047E+0002
    13.45200   0.9767386E+0000  -0.2823262E-0015   0.4104350E+0002  -0.6026402E-0003   0.6318676E-0014  -0.4585494E-0001  -0.9187051E+0002
    13.45600   0.9767386E+0000  -0.6247715E-0015   0.4104273E+0002  -0.6026402E-0003   0.6320167E-0014  -0.4572598E-0001  -0.9187055E+0002
    13.46000   0.9767386E+0000  -0.1309716E-0014   0.4104196E+0002  -0.6026402E-0003   0.6320329E-0014  -0.4559267E-0001  -0.9187059E+0002
    13.46400   0.9767386E+0000  -0.6247715E-0015   0.4104117E+0002  -0.6026402E-0003   0.6321156E-0014  -0.4545903E-0001  -0.9187063E+0002
    13.46800   0.9767386E+0000  -0.6247715E-0015   0.4104037E+0002  -0.6026402E-0003   0.6323325E-0014  -0.4532954E-0001  -0.9187067E+0002
    13.47200   0.9767386E+0000  -0.6247715E-0015   0.4103957E+0002  -0.6026402E-0003   0.6323826E-0014  -0.4520896E-0001  -0.9187071E+0002
    13.47600   0.9767386E+0000  -0.6247715E-0015   0.4103878E+0002  -0.6026402E-0003   0.6323975E-0014  -0.4510233E-0001  -0.9187075E+0002
    13.48000   0.9767386E+0000  -0.9672168E-0015   0.4103801E+0002  -0.6026402E-0003   0.6325141E-0014  -0.4501483E-0001  -0.9187078E+0002
    13.48400   0.9767386E+0000  -0.6247715E-0015   0.4103725E+0002  -0.6026402E-0003   0.6326631E-0014  -0.4495177E-0001  -0.9187082E+0002
    13.48800   0.9767386E+0000   0.6017322E-0016   0.4103651E+0002  -0.6026402E-0003   0.6327119E-0014  -0.4491838E-0001  -0.9187086E+0002
    13.49200   0.9767386E+0000  -0.9671083E-0015   0.4103581E+0002  -0.6026402E-0003   0.6327946E-0014  -0.4491983E-0001  -0.9187090E+0002
    13.49600   0.9767386E+0000  -0.2821094E-0015   0.4103514E+0002  -0.6026402E-0003   0.6329437E-0014  -0.4496101E-0001  -0.9187095E+0002
    13.50000   0.9767386E+0000   0.6028164E-0016   0.4103451E+0002  -0.6026402E-0003   0.6330928E-0014  -0.4504651E-0001  -0.9187099E+0002
    13.50400   0.9767386E+0000  -0.2821094E-0015   0.4103392E+0002  -0.6026402E-0003   0.6331077E-0014  -0.4518046E-0001  -0.9187104E+0002
    13.50800   0.9767386E+0000  -0.6246089E-0015   0.4103337E+0002  -0.6026402E-0003   0.6332235E-0014  -0.4536649E-0001  -0.9187108E+0002
    13.51200   0.9767386E+0000  -0.9669999E-0015   0.4103287E+0002  -0.6026402E-0003   0.6331727E-0014  -0.4560763E-0001  -0.9187113E+0002
    13.51600   0.9767386E+0000  -0.2821094E-0015   0.4103242E+0002  -0.6026402E-0003   0.6333225E-0014  -0.4590634E-0001  -0.9187118E+0002
    13.52000   0.9767386E+0000  -0.6246089E-0015   0.4103202E+0002  -0.6026402E-0003   0.6333719E-0014  -0.4626442E-0001  -0.9187124E+0002
    13.52400   0.9767386E+0000  -0.9669999E-0015   0.4103168E+0002  -0.6026402E-0003   0.6333875E-0014  -0.4668304E-0001  -0.9187129E+0002
    13.52800   0.9767386E+0000  -0.6245005E-0015   0.4103139E+0002  -0.6026402E-0003   0.6335034E-0014  -0.4716279E-0001  -0.9187135E+0002
    13.53200   0.9767386E+0000  -0.6245005E-0015   0.4103116E+0002  -0.6026402E-0003   0.6334858E-0014  -0.4770365E-0001  -0.9187141E+0002
    13.53600   0.9767386E+0000  -0.6245005E-0015   0.4103097E+0002  -0.6026402E-0003   0.6335017E-0014  -0.4830510E-0001  -0.9187147E+0002
    13.54000   0.9767386E+0000   0.6039006E-0016   0.4103084E+0002  -0.6026402E-0003   0.6334505E-0014  -0.4896611E-0001  -0.9187153E+0002
    13.54400   0.9767386E+0000  -0.2821094E-0015   0.4103075E+0002  -0.6026402E-0003   0.6336669E-0014  -0.4968528E-0001  -0.9187160E+0002
    13.54800   0.9767386E+0000  -0.2821094E-0015   0.4103071E+0002  -0.6026402E-0003   0.6336157E-0014  -0.5046089E-0001  -0.9187166E+0002
    13.55200   0.9767386E+0000  -0.9669999E-0015   0.4103070E+0002  -0.6026402E-0003   0.6335979E-0014  -0.5129098E-0001  -0.9187173E+0002
    13.55600   0.9767386E+0000  -0.2820010E-0015   0.4103074E+0002  -0.6026402E-0003   0.6334799E-0014  -0.5217350E-0001  -0.9187180E+0002
    13.56000   0.9767386E+0000  -0.6244462E-0015   0.4103082E+0002  -0.6026402E-0003   0.6335291E-0014  -0.5310640E-0001  -0.9187187E+0002
    13.56400   0.9767386E+0000  -0.2820010E-0015   0.4103092E+0002  -0.6026402E-0003   0.6336122E-0014  -0.5408774E-0001  -0.9187194E+0002
    13.56800   0.9767386E+0000  -0.6244462E-0015   0.4103106E+0002  -0.6026402E-0003   0.6336277E-0014  -0.5511578E-0001  -0.9187201E+0002
    13.57200   0.9767386E+0000  -0.2820010E-0015   0.4103122E+0002  -0.6026402E-0003   0.6333760E-0014  -0.5618911E-0001  -0.9187208E+0002
    13.57600   0.9767386E+0000  -0.9669457E-0015   0.4103140E+0002  -0.6026402E-0003   0.6333916E-0014  -0.5730666E-0001  -0.9187215E+0002
    13.58000   0.9767386E+0000  -0.6245005E-0015   0.4103160E+0002  -0.6026402E-0003   0.6334743E-0014  -0.5846782E-0001  -0.9187222E+0002
    13.58400   0.9767386E+0000   0.6044427E-0016   0.4103181E+0002  -0.6026402E-0003   0.6334234E-0014  -0.5967244E-0001  -0.9187230E+0002
    13.58800   0.9767386E+0000  -0.2820010E-0015   0.4103204E+0002  -0.6026402E-0003   0.6335061E-0014  -0.6092089E-0001  -0.9187237E+0002
    13.59200   0.9767386E+0000   0.6044427E-0016   0.4103229E+0002  -0.6026402E-0003   0.6334546E-0014  -0.6221407E-0001  -0.9187245E+0002
    13.59600   0.9767386E+0000  -0.1309391E-0014   0.4103254E+0002  -0.6026402E-0003   0.6333367E-0014  -0.6355341E-0001  -0.9187252E+0002
    13.60000   0.9767386E+0000  -0.6245005E-0015   0.4103281E+0002  -0.6026402E-0003   0.6333530E-0014  -0.6494089E-0001  -0.9187260E+0002
    13.60400   0.9767386E+0000  -0.2820552E-0015   0.4103309E+0002  -0.6026402E-0003   0.6333665E-0014  -0.6637903E-0001  -0.9187268E+0002
    13.60800   0.9767386E+0000  -0.6245547E-0015   0.4103340E+0002  -0.6026402E-0003   0.6331822E-0014  -0.6787083E-0001  -0.9187275E+0002
    13.61200   0.9767386E+0000  -0.6245547E-0015   0.4103372E+0002  -0.6026402E-0003   0.6329965E-0014  -0.6941981E-0001  -0.9187283E+0002
    13.61600   0.9767386E+0000  -0.9670541E-0015   0.4103406E+0002  -0.6026402E-0003   0.6332798E-0014  -0.7102988E-0001  -0.9187291E+0002
    13.62000   0.9767386E+0000  -0.2821636E-0015   0.4103443E+0002  -0.6026402E-0003   0.6329599E-0014  -0.7270535E-0001  -0.9187299E+0002
    13.62400   0.9767386E+0000  -0.6246089E-0015   0.4103483E+0002  -0.6026402E-0003   0.6329762E-0014  -0.7445082E-0001  -0.9187308E+0002
    13.62800   0.9767386E+0000  -0.6246089E-0015   0.4103527E+0002  -0.6026402E-0003   0.6331253E-0014  -0.7627115E-0001  -0.9187316E+0002
    13.63200   0.9767386E+0000   0.6028164E-0016   0.4103575E+0002  -0.6026402E-0003   0.6331415E-0014  -0.7817132E-0001  -0.9187324E+0002
    13.63600   0.9767386E+0000  -0.6246089E-0015   0.4103628E+0002  -0.6026402E-0003   0.6328895E-0014  -0.8015640E-0001  -0.9187333E+0002
    13.64000   0.9767386E+0000  -0.9670541E-0015   0.4103687E+0002  -0.6026402E-0003   0.6327702E-0014  -0.8223147E-0001  -0.9187341E+0002
    13.64400   0.9767386E+0000  -0.6246089E-0015   0.4103751E+0002  -0.6026402E-0003   0.6327865E-0014  -0.8440148E-0001  -0.9187350E+0002
    13.64800   0.9767386E+0000  -0.9670541E-0015   0.4103821E+0002  -0.6026402E-0003   0.6328705E-0014  -0.8667120E-0001  -0.9187359E+0002
    13.65200   0.9767386E+0000  -0.6246089E-0015   0.4103899E+0002  -0.6026402E-0003   0.6326862E-0014  -0.8904510E-0001  -0.9187368E+0002
    13.65600   0.9767386E+0000  -0.2821636E-0015   0.4103984E+0002  -0.6026402E-0003   0.6325669E-0014  -0.9152726E-0001  -0.9187377E+0002
    13.66000   0.9767386E+0000  -0.2821636E-0015   0.4104077E+0002  -0.6026402E-0003   0.6325832E-0014  -0.9412127E-0001  -0.9187386E+0002
    13.66400   0.9767386E+0000  -0.9670541E-0015   0.4104177E+0002  -0.6026402E-0003   0.6324639E-0014  -0.9683012E-0001  -0.9187396E+0002
    13.66800   0.9767386E+0000   0.6028164E-0016   0.4104286E+0002  -0.6026402E-0003   0.6321468E-0014  -0.9965609E-0001  -0.9187405E+0002
    13.67200   0.9767386E+0000  -0.9670812E-0015   0.4104404E+0002  -0.6026402E-0003   0.6320275E-0014  -0.1026007E+0000  -0.9187415E+0002
    13.67600   0.9767386E+0000  -0.2821907E-0015   0.4104529E+0002  -0.6026402E-0003   0.6316426E-0014  -0.1056647E+0000  -0.9187424E+0002
    13.68000   0.9767386E+0000  -0.9670812E-0015   0.4104663E+0002  -0.6026402E-0003   0.6316589E-0014  -0.1088479E+0000  -0.9187434E+0002
    13.68400   0.9767386E+0000  -0.9670812E-0015   0.4104805E+0002  -0.6026402E-0003   0.6312740E-0014  -0.1121492E+0000  -0.9187444E+0002
    13.68800   0.9767386E+0000  -0.2821636E-0015   0.4104954E+0002  -0.6026402E-0003   0.6310219E-0014  -0.1155666E+0000  -0.9187454E+0002
    13.69200   0.9767386E+0000  -0.6246089E-0015   0.4105111E+0002  -0.6026402E-0003   0.6309027E-0014  -0.1190974E+0000  -0.9187464E+0002
    13.69600   0.9767386E+0000  -0.6246089E-0015   0.4105274E+0002  -0.6026402E-0003   0.6309189E-0014  -0.1227378E+0000  -0.9187474E+0002
    13.70000   0.9767386E+0000   0.4027540E-0015   0.4105444E+0002  -0.6026402E-0003   0.6306669E-0014  -0.1264833E+0000  -0.9187485E+0002
    13.70400   0.9767386E+0000  -0.1309526E-0014   0.4105620E+0002  -0.6026402E-0003   0.6304148E-0014  -0.1303289E+0000  -0.9187495E+0002
    13.70800   0.9767386E+0000  -0.9670541E-0015   0.4105800E+0002  -0.6026402E-0003   0.6302982E-0014  -0.1342685E+0000  -0.9187505E+0002
    13.71200   0.9767386E+0000  -0.6245818E-0015   0.4105984E+0002  -0.6026402E-0003   0.6296477E-0014  -0.1382958E+0000  -0.9187515E+0002
    13.71600   0.9767386E+0000   0.4027811E-0015   0.4106172E+0002  -0.6026402E-0003   0.6293956E-0014  -0.1424037E+0000  -0.9187526E+0002
    13.72000   0.9767386E+0000  -0.2821365E-0015   0.4106362E+0002  -0.6026402E-0003   0.6295447E-0014  -0.1465847E+0000  -0.9187536E+0002
    13.72400   0.9767386E+0000  -0.9670541E-0015   0.4106553E+0002  -0.6026402E-0003   0.6294254E-0014  -0.1508310E+0000  -0.9187546E+0002
    13.72800   0.9767386E+0000  -0.6246089E-0015   0.4106746E+0002  -0.6026402E-0003   0.6293062E-0014  -0.1551343E+0000  -0.9187556E+0002
    13.73200   0.9767386E+0000  -0.1309499E-0014   0.4106938E+0002  -0.6026402E-0003   0.6287871E-0014  -0.1594859E+0000  -0.9187566E+0002
    13.73600   0.9767386E+0000  -0.6245818E-0015   0.4107129E+0002  -0.6026402E-0003   0.6286692E-0014  -0.1638772E+0000  -0.9187576E+0002
    13.74000   0.9767386E+0000  -0.1309499E-0014   0.4107319E+0002  -0.6026402E-0003   0.6280160E-0014  -0.1682990E+0000  -0.9187585E+0002
    13.74400   0.9767386E+0000  -0.6245818E-0015   0.4107506E+0002  -0.6026402E-0003   0.6280309E-0014  -0.1727421E+0000  -0.9187595E+0002
    13.74800   0.9767386E+0000  -0.6245818E-0015   0.4107689E+0002  -0.6026402E-0003   0.6279130E-0014  -0.1771972E+0000  -0.9187604E+0002
    13.75200   0.9767386E+0000  -0.2821094E-0015   0.4107869E+0002  -0.6026402E-0003   0.6272597E-0014  -0.1816547E+0000  -0.9187612E+0002
    13.75600   0.9767386E+0000  -0.1651890E-0014   0.4108044E+0002  -0.6026402E-0003   0.6276772E-0014  -0.1861051E+0000  -0.9187621E+0002
    13.76000   0.9767386E+0000   0.6039006E-0016   0.4108213E+0002  -0.6026402E-0003   0.6272916E-0014  -0.1905389E+0000  -0.9187629E+0002
    13.76400   0.9767386E+0000  -0.9669999E-0015   0.4108377E+0002  -0.6026402E-0003   0.6265042E-0014  -0.1949464E+0000  -0.9187636E+0002
    13.76800   0.9767386E+0000   0.6039006E-0016   0.4108534E+0002  -0.6026402E-0003   0.6262521E-0014  -0.1993179E+0000  -0.9187643E+0002
    13.77200   0.9767386E+0000  -0.6245005E-0015   0.4108685E+0002  -0.6026402E-0003   0.6266689E-0014  -0.2036439E+0000  -0.9187649E+0002
    13.77600   0.9767386E+0000  -0.1309391E-0014   0.4108828E+0002  -0.6026402E-0003   0.6258825E-0014  -0.2079147E+0000  -0.9187655E+0002
    13.78000   0.9767386E+0000  -0.1309445E-0014   0.4108963E+0002  -0.6026402E-0003   0.6262992E-0014  -0.2121210E+0000  -0.9187660E+0002
    13.78400   0.9767386E+0000   0.6039006E-0016   0.4109090E+0002  -0.6026402E-0003   0.6259135E-0014  -0.2162531E+0000  -0.9187664E+0002
    13.78800   0.9767386E+0000  -0.9669999E-0015   0.4109209E+0002  -0.6026402E-0003   0.6255277E-0014  -0.2203018E+0000  -0.9187668E+0002
    13.79200   0.9767386E+0000  -0.2821094E-0015   0.4109319E+0002  -0.6026402E-0003   0.6251422E-0014  -0.2242579E+0000  -0.9187671E+0002
    13.79600   0.9767386E+0000  -0.2821094E-0015   0.4109420E+0002  -0.6026402E-0003   0.6252917E-0014  -0.2281120E+0000  -0.9187672E+0002
    13.80000   0.9767386E+0000  -0.9670541E-0015   0.4109512E+0002  -0.6026402E-0003   0.6254415E-0014  -0.2318553E+0000  -0.9187673E+0002
    13.80400   0.9767386E+0000  -0.9670541E-0015   0.4109594E+0002  -0.6026402E-0003   0.6250561E-0014  -0.2354789E+0000  -0.9187673E+0002
    13.80800   0.9767386E+0000  -0.9670541E-0015   0.4109666E+0002  -0.6026402E-0003   0.6249379E-0014  -0.2389739E+0000  -0.9187672E+0002
    13.81200   0.9767386E+0000  -0.9670541E-0015   0.4109728E+0002  -0.6026402E-0003   0.6253553E-0014  -0.2423320E+0000  -0.9187670E+0002
    13.81600   0.9767386E+0000   0.6033585E-0016   0.4109780E+0002  -0.6026402E-0003   0.6249700E-0014  -0.2455448E+0000  -0.9187666E+0002
    13.82000   0.9767386E+0000  -0.6245547E-0015   0.4109821E+0002  -0.6026402E-0003   0.6253875E-0014  -0.2486044E+0000  -0.9187662E+0002
    13.82400   0.9767386E+0000  -0.6245547E-0015   0.4109851E+0002  -0.6026402E-0003   0.6244666E-0014  -0.2515031E+0000  -0.9187656E+0002
    13.82800   0.9767386E+0000   0.6033585E-0016   0.4109871E+0002  -0.6026402E-0003   0.6248833E-0014  -0.2542336E+0000  -0.9187649E+0002
    13.83200   0.9767386E+0000  -0.2821094E-0015   0.4109879E+0002  -0.6026402E-0003   0.6244977E-0014  -0.2567890E+0000  -0.9187640E+0002
    13.83600   0.9767386E+0000  -0.6245547E-0015   0.4109875E+0002  -0.6026402E-0003   0.6246468E-0014  -0.2591630E+0000  -0.9187631E+0002
    13.84000   0.9767386E+0000   0.6033585E-0016   0.4109860E+0002  -0.6026402E-0003   0.6247966E-0014  -0.2613497E+0000  -0.9187620E+0002
    13.84400   0.9767386E+0000   0.6033585E-0016   0.4109833E+0002  -0.6026402E-0003   0.6246780E-0014  -0.2633437E+0000  -0.9187608E+0002
    13.84800   0.9767386E+0000  -0.2821094E-0015   0.4109793E+0002  -0.6026402E-0003   0.6245601E-0014  -0.2651405E+0000  -0.9187595E+0002
    13.85200   0.9767386E+0000  -0.2821094E-0015   0.4109742E+0002  -0.6026402E-0003   0.6241738E-0014  -0.2667360E+0000  -0.9187580E+0002
    13.85600   0.9767386E+0000  -0.9670270E-0015   0.4109678E+0002  -0.6026402E-0003   0.6245913E-0014  -0.2681268E+0000  -0.9187564E+0002
    13.86000   0.9767386E+0000  -0.9670270E-0015   0.4109601E+0002  -0.6026402E-0003   0.6242050E-0014  -0.2693105E+0000  -0.9187548E+0002
    13.86400   0.9767386E+0000   0.4028082E-0015   0.4109512E+0002  -0.6026402E-0003   0.6251577E-0014  -0.2702852E+0000  -0.9187530E+0002
    13.86800   0.9767386E+0000  -0.2821094E-0015   0.4109411E+0002  -0.6026402E-0003   0.6245045E-0014  -0.2710501E+0000  -0.9187511E+0002
    13.87200   0.9767386E+0000  -0.6245547E-0015   0.4109298E+0002  -0.6026402E-0003   0.6254573E-0014  -0.2716051E+0000  -0.9187491E+0002
    13.87600   0.9767386E+0000  -0.2820823E-0015   0.4109172E+0002  -0.6026402E-0003   0.6248040E-0014  -0.2719511E+0000  -0.9187471E+0002
    13.88000   0.9767386E+0000  -0.2821094E-0015   0.4109035E+0002  -0.6026402E-0003   0.6249531E-0014  -0.2720897E+0000  -0.9187449E+0002
    13.88400   0.9767386E+0000  -0.2821094E-0015   0.4108885E+0002  -0.6026402E-0003   0.6248352E-0014  -0.2720238E+0000  -0.9187427E+0002
    13.88800   0.9767386E+0000   0.4028082E-0015   0.4108725E+0002  -0.6026402E-0003   0.6255196E-0014  -0.2717571E+0000  -0.9187405E+0002
    13.89200   0.9767386E+0000  -0.2820959E-0015   0.4108554E+0002  -0.6026402E-0003   0.6256700E-0014  -0.2712943E+0000  -0.9187382E+0002
    13.89600   0.9767386E+0000  -0.2820959E-0015   0.4108372E+0002  -0.6026402E-0003   0.6258191E-0014  -0.2706411E+0000  -0.9187359E+0002
    13.90000   0.9767386E+0000  -0.2820959E-0015   0.4108181E+0002  -0.6026402E-0003   0.6265035E-0014  -0.2698040E+0000  -0.9187335E+0002
    13.90400   0.9767386E+0000  -0.2820992E-0015   0.4107980E+0002  -0.6026402E-0003   0.6258516E-0014  -0.2687907E+0000  -0.9187312E+0002
    13.90800   0.9767386E+0000  -0.2820950E-0015   0.4107771E+0002  -0.6026402E-0003   0.6270727E-0014  -0.2676095E+0000  -0.9187288E+0002
    13.91200   0.9767386E+0000  -0.6245513E-0015   0.4107554E+0002  -0.6026402E-0003   0.6269562E-0014  -0.2662697E+0000  -0.9187265E+0002
    13.91600   0.9767386E+0000  -0.9669999E-0015   0.4107330E+0002  -0.6026402E-0003   0.6265713E-0014  -0.2647813E+0000  -0.9187242E+0002
    13.92000   0.9767386E+0000  -0.9669999E-0015   0.4107100E+0002  -0.6026402E-0003   0.6275227E-0014  -0.2631550E+0000  -0.9187219E+0002
    13.92400   0.9767386E+0000  -0.6245411E-0015   0.4106865E+0002  -0.6026402E-0003   0.6282084E-0014  -0.2614022E+0000  -0.9187197E+0002
    13.92800   0.9767386E+0000   0.6036296E-0016   0.4106625E+0002  -0.6026402E-0003   0.6291625E-0014  -0.2595346E+0000  -0.9187175E+0002
    13.93200   0.9767386E+0000  -0.6245547E-0015   0.4106381E+0002  -0.6026402E-0003   0.6287749E-0014  -0.2575644E+0000  -0.9187154E+0002
    13.93600   0.9767386E+0000  -0.2821094E-0015   0.4106135E+0002  -0.6026402E-0003   0.6286557E-0014  -0.2555043E+0000  -0.9187134E+0002
    13.94000   0.9767386E+0000   0.4027811E-0015   0.4105887E+0002  -0.6026402E-0003   0.6298754E-0014  -0.2533672E+0000  -0.9187115E+0002
    13.94400   0.9767386E+0000  -0.2821365E-0015   0.4105638E+0002  -0.6026402E-0003   0.6300245E-0014  -0.2511662E+0000  -0.9187098E+0002
    13.94800   0.9767386E+0000  -0.2821365E-0015   0.4105388E+0002  -0.6026402E-0003   0.6301735E-0014  -0.2489144E+0000  -0.9187081E+0002
    13.95200   0.9767386E+0000  -0.9670541E-0015   0.4105139E+0002  -0.6026402E-0003   0.6305910E-0014  -0.2466250E+0000  -0.9187066E+0002
    13.95600   0.9767386E+0000  -0.6246089E-0015   0.4104891E+0002  -0.6026402E-0003   0.6307400E-0014  -0.2443111E+0000  -0.9187051E+0002
    13.96000   0.9767386E+0000  -0.2821636E-0015   0.4104645E+0002  -0.6026402E-0003   0.6314231E-0014  -0.2419857E+0000  -0.9187039E+0002
    13.96400   0.9767386E+0000  -0.6246089E-0015   0.4104401E+0002  -0.6026402E-0003   0.6315722E-0014  -0.2396611E+0000  -0.9187028E+0002
    13.96800   0.9767386E+0000  -0.9670541E-0015   0.4104159E+0002  -0.6026402E-0003   0.6322579E-0014  -0.2373496E+0000  -0.9187018E+0002
    13.97200   0.9767386E+0000  -0.6246089E-0015   0.4103921E+0002  -0.6026402E-0003   0.6321387E-0014  -0.2350625E+0000  -0.9187010E+0002
    13.97600   0.9767386E+0000  -0.9670541E-0015   0.4103687E+0002  -0.6026402E-0003   0.6320194E-0014  -0.2328107E+0000  -0.9187003E+0002
    13.98000   0.9767386E+0000  -0.6246089E-0015   0.4103456E+0002  -0.6026402E-0003   0.6324368E-0014  -0.2306042E+0000  -0.9186998E+0002
    13.98400   0.9767386E+0000  -0.2821094E-0015   0.4103230E+0002  -0.6026402E-0003   0.6325859E-0014  -0.2284526E+0000  -0.9186994E+0002
    13.98800   0.9767386E+0000   0.4027811E-0015   0.4103009E+0002  -0.6026402E-0003   0.6327350E-0014  -0.2263644E+0000  -0.9186992E+0002
    13.99200   0.9767386E+0000  -0.9669999E-0015   0.4102793E+0002  -0.6026402E-0003   0.6339547E-0014  -0.2243476E+0000  -0.9186992E+0002
    13.99600   0.9767386E+0000   0.6039006E-0016   0.4102581E+0002  -0.6026402E-0003   0.6335698E-0014  -0.2224094E+0000  -0.9186993E+0002
    14.00000   0.9767386E+0000  -0.9668915E-0015   0.4102375E+0002  -0.6026402E-0003   0.6334505E-0014  -0.2205562E+0000  -0.9186995E+0002
    14.00400   0.9767386E+0000   0.6039006E-0016   0.4102174E+0002  -0.6026402E-0003   0.6333313E-0014  -0.2187937E+0000  -0.9186999E+0002
    14.00800   0.9767386E+0000  -0.2821094E-0015   0.4101978E+0002  -0.6026402E-0003   0.6342827E-0014  -0.2171266E+0000  -0.9187004E+0002
    14.01200   0.9767386E+0000  -0.9671083E-0015   0.4101788E+0002  -0.6026402E-0003   0.6349684E-0014  -0.2155590E+0000  -0.9187010E+0002
    14.01600   0.9767386E+0000  -0.6246089E-0015   0.4101602E+0002  -0.6026402E-0003   0.6345808E-0014  -0.2140938E+0000  -0.9187017E+0002
    14.02000   0.9767386E+0000  -0.2822178E-0015   0.4101421E+0002  -0.6026402E-0003   0.6351311E-0014  -0.2127335E+0000  -0.9187025E+0002
    14.02400   0.9767386E+0000  -0.6247173E-0015   0.4101245E+0002  -0.6026402E-0003   0.6356813E-0014  -0.2114796E+0000  -0.9187034E+0002
    14.02800   0.9767386E+0000  -0.9671083E-0015   0.4101074E+0002  -0.6026402E-0003   0.6358304E-0014  -0.2103328E+0000  -0.9187043E+0002
    14.03200   0.9767386E+0000  -0.2822178E-0015   0.4100908E+0002  -0.6026402E-0003   0.6355783E-0014  -0.2092932E+0000  -0.9187053E+0002
    14.03600   0.9767386E+0000  -0.9671083E-0015   0.4100747E+0002  -0.6026402E-0003   0.6359957E-0014  -0.2083601E+0000  -0.9187064E+0002
    14.04000   0.9767386E+0000   0.6028164E-0016   0.4100590E+0002  -0.6026402E-0003   0.6362776E-0014  -0.2075323E+0000  -0.9187074E+0002
    14.04400   0.9767386E+0000  -0.9671083E-0015   0.4100437E+0002  -0.6026402E-0003   0.6365595E-0014  -0.2068077E+0000  -0.9187085E+0002
    14.04800   0.9767386E+0000  -0.6247173E-0015   0.4100290E+0002  -0.6026402E-0003   0.6364402E-0014  -0.2061837E+0000  -0.9187096E+0002
    14.05200   0.9767386E+0000  -0.1309608E-0014   0.4100146E+0002  -0.6026402E-0003   0.6369905E-0014  -0.2056575E+0000  -0.9187107E+0002
    14.05600   0.9767386E+0000  -0.2822178E-0015   0.4100008E+0002  -0.6026402E-0003   0.6371395E-0014  -0.2052253E+0000  -0.9187117E+0002
    14.06000   0.9767386E+0000  -0.6246089E-0015   0.4099875E+0002  -0.6026402E-0003   0.6372886E-0014  -0.2048833E+0000  -0.9187127E+0002
    14.06400   0.9767386E+0000  -0.2821094E-0015   0.4099746E+0002  -0.6026402E-0003   0.6375732E-0014  -0.2046272E+0000  -0.9187136E+0002
    14.06800   0.9767386E+0000  -0.6246089E-0015   0.4099623E+0002  -0.6026402E-0003   0.6381235E-0014  -0.2044522E+0000  -0.9187145E+0002
    14.07200   0.9767386E+0000  -0.6246089E-0015   0.4099505E+0002  -0.6026402E-0003   0.6377358E-0014  -0.2043535E+0000  -0.9187153E+0002
    14.07600   0.9767386E+0000  -0.2821094E-0015   0.4099392E+0002  -0.6026402E-0003   0.6378876E-0014  -0.2043260E+0000  -0.9187159E+0002
    14.08000   0.9767386E+0000  -0.9669999E-0015   0.4099284E+0002  -0.6026402E-0003   0.6385707E-0014  -0.2043643E+0000  -0.9187165E+0002
    14.08400   0.9767386E+0000  -0.9669999E-0015   0.4099181E+0002  -0.6026402E-0003   0.6379175E-0014  -0.2044633E+0000  -0.9187169E+0002
    14.08800   0.9767386E+0000  -0.6246089E-0015   0.4099084E+0002  -0.6026402E-0003   0.6383349E-0014  -0.2046174E+0000  -0.9187173E+0002
    14.09200   0.9767386E+0000  -0.2821094E-0015   0.4098992E+0002  -0.6026402E-0003   0.6383511E-0014  -0.2048212E+0000  -0.9187175E+0002
    14.09600   0.9767386E+0000  -0.6245005E-0015   0.4098905E+0002  -0.6026402E-0003   0.6390342E-0014  -0.2050691E+0000  -0.9187175E+0002
    14.10000   0.9767386E+0000  -0.2821094E-0015   0.4098822E+0002  -0.6026402E-0003   0.6386493E-0014  -0.2053555E+0000  -0.9187174E+0002
    14.10400   0.9767386E+0000  -0.2821094E-0015   0.4098744E+0002  -0.6026402E-0003   0.6390640E-0014  -0.2056748E+0000  -0.9187172E+0002
    14.10800   0.9767386E+0000   0.4026727E-0015   0.4098670E+0002  -0.6026402E-0003   0.6389474E-0014  -0.2060214E+0000  -0.9187168E+0002
    14.11200   0.9767386E+0000   0.6028164E-0016   0.4098600E+0002  -0.6026402E-0003   0.6389637E-0014  -0.2063897E+0000  -0.9187162E+0002
    14.11600   0.9767386E+0000   0.6028164E-0016   0.4098534E+0002  -0.6026402E-0003   0.6393811E-0014  -0.2067739E+0000  -0.9187156E+0002
    14.12000   0.9767386E+0000  -0.6245005E-0015   0.4098472E+0002  -0.6026402E-0003   0.6393974E-0014  -0.2071684E+0000  -0.9187147E+0002
    14.12400   0.9767386E+0000   0.6028164E-0016   0.4098413E+0002  -0.6026402E-0003   0.6396820E-0014  -0.2075677E+0000  -0.9187137E+0002
    14.12800   0.9767386E+0000   0.6028164E-0016   0.4098357E+0002  -0.6026402E-0003   0.6391643E-0014  -0.2079663E+0000  -0.9187126E+0002
    14.13200   0.9767386E+0000  -0.6247173E-0015   0.4098303E+0002  -0.6026402E-0003   0.6395817E-0014  -0.2083590E+0000  -0.9187114E+0002
    14.13600   0.9767386E+0000   0.6028164E-0016   0.4098252E+0002  -0.6026402E-0003   0.6397281E-0014  -0.2087405E+0000  -0.9187100E+0002
    14.14000   0.9767386E+0000  -0.6247173E-0015   0.4098202E+0002  -0.6026402E-0003   0.6394787E-0014  -0.2091061E+0000  -0.9187085E+0002
    14.14400   0.9767386E+0000  -0.2823262E-0015   0.4098154E+0002  -0.6026402E-0003   0.6398961E-0014  -0.2094508E+0000  -0.9187068E+0002
    14.14800   0.9767386E+0000  -0.6247173E-0015   0.4098106E+0002  -0.6026402E-0003   0.6403135E-0014  -0.2097704E+0000  -0.9187051E+0002
    14.15200   0.9767386E+0000   0.6028164E-0016   0.4098059E+0002  -0.6026402E-0003   0.6397985E-0014  -0.2100606E+0000  -0.9187033E+0002
    14.15600   0.9767386E+0000  -0.6247173E-0015   0.4098012E+0002  -0.6026402E-0003   0.6399503E-0014  -0.2103175E+0000  -0.9187014E+0002
    14.16000   0.9767386E+0000  -0.9673252E-0015   0.4097963E+0002  -0.6026402E-0003   0.6402376E-0014  -0.2105377E+0000  -0.9186994E+0002
    14.16400   0.9767386E+0000  -0.2825431E-0015   0.4097914E+0002  -0.6026402E-0003   0.6399829E-0014  -0.2107177E+0000  -0.9186974E+0002
    14.16800   0.9767386E+0000  -0.6249341E-0015   0.4097863E+0002  -0.6026402E-0003   0.6398690E-0014  -0.2108546E+0000  -0.9186953E+0002
    14.17200   0.9767386E+0000  -0.9675420E-0015   0.4097810E+0002  -0.6026402E-0003   0.6401509E-0014  -0.2109457E+0000  -0.9186931E+0002
    14.17600   0.9767386E+0000   0.5984796E-0016   0.4097755E+0002  -0.6026402E-0003   0.6403027E-0014  -0.2109888E+0000  -0.9186910E+0002
    14.18000   0.9767386E+0000   0.5984796E-0016   0.4097697E+0002  -0.6026402E-0003   0.6399178E-0014  -0.2109819E+0000  -0.9186888E+0002
    14.18400   0.9767386E+0000  -0.2825431E-0015   0.4097635E+0002  -0.6026402E-0003   0.6406009E-0014  -0.2109236E+0000  -0.9186866E+0002
    14.18800   0.9767386E+0000   0.6006480E-0016   0.4097571E+0002  -0.6026402E-0003   0.6404816E-0014  -0.2108128E+0000  -0.9186844E+0002
    14.19200   0.9767386E+0000  -0.2825431E-0015   0.4097502E+0002  -0.6026402E-0003   0.6406334E-0014  -0.2106491E+0000  -0.9186823E+0002
    14.19600   0.9767386E+0000  -0.6251510E-0015   0.4097430E+0002  -0.6026402E-0003   0.6406496E-0014  -0.2104323E+0000  -0.9186801E+0002
    14.20000   0.9767386E+0000   0.5984796E-0016   0.4097354E+0002  -0.6026402E-0003   0.6405358E-0014  -0.2101627E+0000  -0.9186780E+0002
    14.20400   0.9767386E+0000  -0.6251510E-0015   0.4097272E+0002  -0.6026402E-0003   0.6405521E-0014  -0.2098410E+0000  -0.9186760E+0002
    14.20800   0.9767386E+0000   0.4022390E-0015   0.4097186E+0002  -0.6026402E-0003   0.6408394E-0014  -0.2094685E+0000  -0.9186740E+0002
    14.21200   0.9767386E+0000  -0.2827599E-0015   0.4097094E+0002  -0.6026402E-0003   0.6407201E-0014  -0.2090466E+0000  -0.9186720E+0002
    14.21600   0.9767386E+0000  -0.6251510E-0015   0.4096997E+0002  -0.6026402E-0003   0.6415387E-0014  -0.2085774E+0000  -0.9186702E+0002
    14.22000   0.9767386E+0000  -0.9675420E-0015   0.4096894E+0002  -0.6026402E-0003   0.6411538E-0014  -0.2080631E+0000  -0.9186683E+0002
    14.22400   0.9767386E+0000  -0.6249341E-0015   0.4096785E+0002  -0.6026402E-0003   0.6413056E-0014  -0.2075065E+0000  -0.9186666E+0002
    14.22800   0.9767386E+0000   0.6006480E-0016   0.4096670E+0002  -0.6026402E-0003   0.6413218E-0014  -0.2069103E+0000  -0.9186650E+0002
    14.23200   0.9767386E+0000   0.4024558E-0015   0.4096549E+0002  -0.6026402E-0003   0.6416092E-0014  -0.2062778E+0000  -0.9186634E+0002
    14.23600   0.9767386E+0000   0.5984796E-0016   0.4096422E+0002  -0.6026402E-0003   0.6416254E-0014  -0.2056123E+0000  -0.9186619E+0002
    14.24000   0.9767386E+0000  -0.2827599E-0015   0.4096288E+0002  -0.6026402E-0003   0.6421729E-0014  -0.2049171E+0000  -0.9186605E+0002
    14.24400   0.9767386E+0000   0.5963112E-0016   0.4096149E+0002  -0.6026402E-0003   0.6420537E-0014  -0.2041960E+0000  -0.9186592E+0002
    14.24800   0.9767386E+0000  -0.2827599E-0015   0.4096004E+0002  -0.6026402E-0003   0.6418043E-0014  -0.2034528E+0000  -0.9186579E+0002
    14.25200   0.9767386E+0000  -0.2827599E-0015   0.4095853E+0002  -0.6026402E-0003   0.6423518E-0014  -0.2026912E+0000  -0.9186567E+0002
    14.25600   0.9767386E+0000  -0.2827599E-0015   0.4095698E+0002  -0.6026402E-0003   0.6427693E-0014  -0.2019152E+0000  -0.9186556E+0002
    14.26000   0.9767386E+0000  -0.9675420E-0015   0.4095539E+0002  -0.6026402E-0003   0.6429210E-0014  -0.2011288E+0000  -0.9186546E+0002
    14.26400   0.9767386E+0000  -0.2825431E-0015   0.4095375E+0002  -0.6026402E-0003   0.6430728E-0014  -0.2003360E+0000  -0.9186537E+0002
    14.26800   0.9767386E+0000   0.5984796E-0016   0.4095209E+0002  -0.6026402E-0003   0.6432246E-0014  -0.1995405E+0000  -0.9186528E+0002
    14.27200   0.9767386E+0000  -0.9675420E-0015   0.4095040E+0002  -0.6026402E-0003   0.6436420E-0014  -0.1987464E+0000  -0.9186520E+0002
    14.27600   0.9767386E+0000  -0.2827599E-0015   0.4094870E+0002  -0.6026402E-0003   0.6437884E-0014  -0.1979575E+0000  -0.9186512E+0002
    14.28000   0.9767386E+0000  -0.6253678E-0015   0.4094699E+0002  -0.6026402E-0003   0.6444715E-0014  -0.1971777E+0000  -0.9186505E+0002
    14.28400   0.9767386E+0000   0.5941428E-0016   0.4094528E+0002  -0.6026402E-0003   0.6442221E-0014  -0.1964108E+0000  -0.9186498E+0002
    14.28800   0.9767386E+0000  -0.2829768E-0015   0.4094357E+0002  -0.6026402E-0003   0.6445040E-0014  -0.1956606E+0000  -0.9186492E+0002
    14.29200   0.9767386E+0000  -0.6253678E-0015   0.4094188E+0002  -0.6026402E-0003   0.6445202E-0014  -0.1949306E+0000  -0.9186486E+0002
    14.29600   0.9767386E+0000  -0.9677589E-0015   0.4094021E+0002  -0.6026402E-0003   0.6441354E-0014  -0.1942244E+0000  -0.9186481E+0002
    14.30000   0.9767386E+0000  -0.1310150E-0014   0.4093857E+0002  -0.6026402E-0003   0.6446829E-0014  -0.1935452E+0000  -0.9186475E+0002
    14.30400   0.9767386E+0000  -0.6251510E-0015   0.4093696E+0002  -0.6026402E-0003   0.6455014E-0014  -0.1928962E+0000  -0.9186470E+0002
    14.30800   0.9767386E+0000  -0.2825431E-0015   0.4093540E+0002  -0.6026402E-0003   0.6456505E-0014  -0.1922802E+0000  -0.9186466E+0002
    14.31200   0.9767386E+0000   0.5984796E-0016   0.4093388E+0002  -0.6026402E-0003   0.6454012E-0014  -0.1916998E+0000  -0.9186461E+0002
    14.31600   0.9767386E+0000  -0.2825431E-0015   0.4093242E+0002  -0.6026402E-0003   0.6459514E-0014  -0.1911573E+0000  -0.9186456E+0002
    14.32000   0.9767386E+0000  -0.2825431E-0015   0.4093101E+0002  -0.6026402E-0003   0.6459677E-0014  -0.1906546E+0000  -0.9186452E+0002
    14.32400   0.9767386E+0000  -0.2825431E-0015   0.4092967E+0002  -0.6026402E-0003   0.6459839E-0014  -0.1901934E+0000  -0.9186447E+0002
    14.32800   0.9767386E+0000  -0.2825431E-0015   0.4092840E+0002  -0.6026402E-0003   0.6461330E-0014  -0.1897749E+0000  -0.9186442E+0002
    14.33200   0.9767386E+0000  -0.2825431E-0015   0.4092720E+0002  -0.6026402E-0003   0.6462821E-0014  -0.1893999E+0000  -0.9186438E+0002
    14.33600   0.9767386E+0000   0.4024558E-0015   0.4092608E+0002  -0.6026402E-0003   0.6460300E-0014  -0.1890689E+0000  -0.9186433E+0002
    14.34000   0.9767386E+0000  -0.6249341E-0015   0.4092504E+0002  -0.6026402E-0003   0.6473825E-0014  -0.1887819E+0000  -0.9186428E+0002
    14.34400   0.9767386E+0000  -0.9673252E-0015   0.4092409E+0002  -0.6026402E-0003   0.6472646E-0014  -0.1885389E+0000  -0.9186423E+0002
    14.34800   0.9767386E+0000  -0.6249341E-0015   0.4092322E+0002  -0.6026402E-0003   0.6471467E-0014  -0.1883392E+0000  -0.9186418E+0002
    14.35200   0.9767386E+0000  -0.1309825E-0014   0.4092244E+0002  -0.6026402E-0003   0.6476970E-0014  -0.1881821E+0000  -0.9186413E+0002
    14.35600   0.9767386E+0000  -0.9673252E-0015   0.4092175E+0002  -0.6026402E-0003   0.6475790E-0014  -0.1880663E+0000  -0.9186407E+0002
    14.36000   0.9767386E+0000  -0.6248257E-0015   0.4092114E+0002  -0.6026402E-0003   0.6477281E-0014  -0.1879905E+0000  -0.9186401E+0002
    14.36400   0.9767386E+0000  -0.6248257E-0015   0.4092062E+0002  -0.6026402E-0003   0.6477444E-0014  -0.1879530E+0000  -0.9186395E+0002
    14.36800   0.9767386E+0000  -0.1309716E-0014   0.4092018E+0002  -0.6026402E-0003   0.6474923E-0014  -0.1879518E+0000  -0.9186388E+0002
    14.37200   0.9767386E+0000   0.6017322E-0016   0.4091981E+0002  -0.6026402E-0003   0.6476414E-0014  -0.1879849E+0000  -0.9186382E+0002
    14.37600   0.9767386E+0000  -0.6248257E-0015   0.4091953E+0002  -0.6026402E-0003   0.6481916E-0014  -0.1880498E+0000  -0.9186375E+0002
    14.38000   0.9767386E+0000  -0.2823262E-0015   0.4091931E+0002  -0.6026402E-0003   0.6479395E-0014  -0.1881439E+0000  -0.9186367E+0002
    14.38400   0.9767386E+0000  -0.2823262E-0015   0.4091916E+0002  -0.6026402E-0003   0.6480893E-0014  -0.1882644E+0000  -0.9186359E+0002
    14.38800   0.9767386E+0000  -0.2823262E-0015   0.4091906E+0002  -0.6026402E-0003   0.6478379E-0014  -0.1884083E+0000  -0.9186351E+0002
    14.39200   0.9767386E+0000  -0.2823262E-0015   0.4091902E+0002  -0.6026402E-0003   0.6477200E-0014  -0.1885725E+0000  -0.9186342E+0002
    14.39600   0.9767386E+0000  -0.2823262E-0015   0.4091902E+0002  -0.6026402E-0003   0.6476021E-0014  -0.1887537E+0000  -0.9186333E+0002
    14.40000   0.9767386E+0000  -0.2823262E-0015   0.4091906E+0002  -0.6026402E-0003   0.6482872E-0014  -0.1889482E+0000  -0.9186323E+0002
    14.40400   0.9767386E+0000  -0.6248257E-0015   0.4091913E+0002  -0.6026402E-0003   0.6474998E-0014  -0.1891527E+0000  -0.9186313E+0002
    14.40800   0.9767386E+0000  -0.2824347E-0015   0.4091922E+0002  -0.6026402E-0003   0.6475154E-0014  -0.1893632E+0000  -0.9186302E+0002
    14.41200   0.9767386E+0000  -0.6249341E-0015   0.4091933E+0002  -0.6026402E-0003   0.6471298E-0014  -0.1895762E+0000  -0.9186291E+0002
    14.41600   0.9767386E+0000  -0.2824347E-0015   0.4091943E+0002  -0.6026402E-0003   0.6475469E-0014  -0.1897877E+0000  -0.9186279E+0002
    14.42000   0.9767386E+0000  -0.2824347E-0015   0.4091953E+0002  -0.6026402E-0003   0.6479636E-0014  -0.1899939E+0000  -0.9186266E+0002
    14.42400   0.9767386E+0000  -0.6249341E-0015   0.4091962E+0002  -0.6026402E-0003   0.6475784E-0014  -0.1901910E+0000  -0.9186253E+0002
    14.42800   0.9767386E+0000  -0.9674336E-0015   0.4091969E+0002  -0.6026402E-0003   0.6475940E-0014  -0.1903752E+0000  -0.9186239E+0002
    14.43200   0.9767386E+0000   0.4023474E-0015   0.4091972E+0002  -0.6026402E-0003   0.6477437E-0014  -0.1905428E+0000  -0.9186225E+0002
    14.43600   0.9767386E+0000  -0.6250426E-0015   0.4091971E+0002  -0.6026402E-0003   0.6477593E-0014  -0.1906900E+0000  -0.9186209E+0002
    14.44000   0.9767386E+0000   0.4023474E-0015   0.4091965E+0002  -0.6026402E-0003   0.6477749E-0014  -0.1908135E+0000  -0.9186194E+0002
    14.44400   0.9767386E+0000   0.4023474E-0015   0.4091954E+0002  -0.6026402E-0003   0.6475235E-0014  -0.1909099E+0000  -0.9186177E+0002
    14.44800   0.9767386E+0000   0.5995638E-0016   0.4091936E+0002  -0.6026402E-0003   0.6475384E-0014  -0.1909760E+0000  -0.9186160E+0002
    14.45200   0.9767386E+0000   0.5995638E-0016   0.4091911E+0002  -0.6026402E-0003   0.6479558E-0014  -0.1910090E+0000  -0.9186142E+0002
    14.45600   0.9767386E+0000   0.4023474E-0015   0.4091878E+0002  -0.6026402E-0003   0.6475696E-0014  -0.1910063E+0000  -0.9186124E+0002
    14.46000   0.9767386E+0000  -0.2825431E-0015   0.4091836E+0002  -0.6026402E-0003   0.6475858E-0014  -0.1909656E+0000  -0.9186104E+0002
    14.46400   0.9767386E+0000  -0.6250426E-0015   0.4091786E+0002  -0.6026402E-0003   0.6481361E-0014  -0.1908850E+0000  -0.9186085E+0002
    14.46800   0.9767386E+0000  -0.2825431E-0015   0.4091727E+0002  -0.6026402E-0003   0.6478840E-0014  -0.1907630E+0000  -0.9186064E+0002
    14.47200   0.9767386E+0000  -0.6249341E-0015   0.4091658E+0002  -0.6026402E-0003   0.6480331E-0014  -0.1905985E+0000  -0.9186043E+0002
    14.47600   0.9767386E+0000  -0.6249341E-0015   0.4091580E+0002  -0.6026402E-0003   0.6485846E-0014  -0.1903910E+0000  -0.9186021E+0002
    14.48000   0.9767386E+0000  -0.2825431E-0015   0.4091492E+0002  -0.6026402E-0003   0.6477986E-0014  -0.1901403E+0000  -0.9185999E+0002
    14.48400   0.9767386E+0000  -0.6250426E-0015   0.4091394E+0002  -0.6026402E-0003   0.6482174E-0014  -0.1898469E+0000  -0.9185976E+0002
    14.48800   0.9767386E+0000   0.5984796E-0016   0.4091287E+0002  -0.6026402E-0003   0.6482336E-0014  -0.1895117E+0000  -0.9185953E+0002
    14.49200   0.9767386E+0000  -0.6250426E-0015   0.4091170E+0002  -0.6026402E-0003   0.6479816E-0014  -0.1891362E+0000  -0.9185929E+0002
    14.49600   0.9767386E+0000  -0.1309933E-0014   0.4091045E+0002  -0.6026402E-0003   0.6489357E-0014  -0.1887226E+0000  -0.9185905E+0002
    14.50000   0.9767386E+0000  -0.2825431E-0015   0.4090911E+0002  -0.6026402E-0003   0.6490847E-0014  -0.1882734E+0000  -0.9185880E+0002
    14.50400   0.9767386E+0000  -0.2825431E-0015   0.4090769E+0002  -0.6026402E-0003   0.6488327E-0014  -0.1877918E+0000  -0.9185855E+0002
    14.50800   0.9767386E+0000   0.5984796E-0016   0.4090620E+0002  -0.6026402E-0003   0.6495184E-0014  -0.1872816E+0000  -0.9185830E+0002
    14.51200   0.9767386E+0000  -0.6250426E-0015   0.4090464E+0002  -0.6026402E-0003   0.6496675E-0014  -0.1867469E+0000  -0.9185805E+0002
    14.51600   0.9767386E+0000  -0.2826515E-0015   0.4090303E+0002  -0.6026402E-0003   0.6496838E-0014  -0.1861925E+0000  -0.9185779E+0002
    14.52000   0.9767386E+0000  -0.2826515E-0015   0.4090137E+0002  -0.6026402E-0003   0.6495672E-0014  -0.1856235E+0000  -0.9185753E+0002
    14.52400   0.9767386E+0000   0.5984796E-0016   0.4089967E+0002  -0.6026402E-0003   0.6503831E-0014  -0.1850454E+0000  -0.9185727E+0002
    14.52800   0.9767386E+0000   0.5984796E-0016   0.4089795E+0002  -0.6026402E-0003   0.6505321E-0014  -0.1844641E+0000  -0.9185701E+0002
    14.53200   0.9767386E+0000  -0.2826515E-0015   0.4089621E+0002  -0.6026402E-0003   0.6505484E-0014  -0.1838858E+0000  -0.9185675E+0002
    14.53600   0.9767386E+0000   0.4022390E-0015   0.4089447E+0002  -0.6026402E-0003   0.6508330E-0014  -0.1833169E+0000  -0.9185650E+0002
    14.54000   0.9767386E+0000  -0.2827599E-0015   0.4089274E+0002  -0.6026402E-0003   0.6509821E-0014  -0.1827638E+0000  -0.9185624E+0002
    14.54400   0.9767386E+0000  -0.6251510E-0015   0.4089103E+0002  -0.6026402E-0003   0.6511339E-0014  -0.1822331E+0000  -0.9185599E+0002
    14.54800   0.9767386E+0000  -0.2827599E-0015   0.4088936E+0002  -0.6026402E-0003   0.6511501E-0014  -0.1817314E+0000  -0.9185574E+0002
    14.55200   0.9767386E+0000  -0.2827599E-0015   0.4088772E+0002  -0.6026402E-0003   0.6518386E-0014  -0.1812653E+0000  -0.9185550E+0002
    14.55600   0.9767386E+0000   0.5984796E-0016   0.4088614E+0002  -0.6026402E-0003   0.6514483E-0014  -0.1808410E+0000  -0.9185526E+0002
    14.56000   0.9767386E+0000  -0.6251510E-0015   0.4088462E+0002  -0.6026402E-0003   0.6517302E-0014  -0.1804645E+0000  -0.9185503E+0002
    14.56400   0.9767386E+0000  -0.6251510E-0015   0.4088318E+0002  -0.6026402E-0003   0.6524132E-0014  -0.1801416E+0000  -0.9185481E+0002
    14.56800   0.9767386E+0000  -0.6251510E-0015   0.4088182E+0002  -0.6026402E-0003   0.6528307E-0014  -0.1798775E+0000  -0.9185459E+0002
    14.57200   0.9767386E+0000  -0.2827599E-0015   0.4088055E+0002  -0.6026402E-0003   0.6531180E-0014  -0.1796771E+0000  -0.9185438E+0002
    14.57600   0.9767386E+0000  -0.9675420E-0015   0.4087937E+0002  -0.6026402E-0003   0.6525976E-0014  -0.1795444E+0000  -0.9185418E+0002
    14.58000   0.9767386E+0000   0.5963112E-0016   0.4087829E+0002  -0.6026402E-0003   0.6532860E-0014  -0.1794832E+0000  -0.9185399E+0002
    14.58400   0.9767386E+0000   0.4020222E-0015   0.4087732E+0002  -0.6026402E-0003   0.6532969E-0014  -0.1794962E+0000  -0.9185381E+0002
    14.58800   0.9767386E+0000  -0.2829768E-0015   0.4087646E+0002  -0.6026402E-0003   0.6527764E-0014  -0.1795856E+0000  -0.9185364E+0002
    14.59200   0.9767386E+0000  -0.6253678E-0015   0.4087570E+0002  -0.6026402E-0003   0.6530610E-0014  -0.1797527E+0000  -0.9185348E+0002
    14.59600   0.9767386E+0000  -0.6253678E-0015   0.4087506E+0002  -0.6026402E-0003   0.6533457E-0014  -0.1799981E+0000  -0.9185333E+0002
    14.60000   0.9767386E+0000  -0.2827599E-0015   0.4087452E+0002  -0.6026402E-0003   0.6532264E-0014  -0.1803216E+0000  -0.9185320E+0002
    14.60400   0.9767386E+0000  -0.6253678E-0015   0.4087410E+0002  -0.6026402E-0003   0.6536411E-0014  -0.1807220E+0000  -0.9185307E+0002
    14.60800   0.9767386E+0000   0.5963112E-0016   0.4087377E+0002  -0.6026402E-0003   0.6535245E-0014  -0.1811975E+0000  -0.9185296E+0002
    14.61200   0.9767386E+0000   0.5963112E-0016   0.4087355E+0002  -0.6026402E-0003   0.6534080E-0014  -0.1817454E+0000  -0.9185287E+0002
    14.61600   0.9767386E+0000  -0.2827599E-0015   0.4087343E+0002  -0.6026402E-0003   0.6539582E-0014  -0.1823622E+0000  -0.9185278E+0002
    14.62000   0.9767386E+0000  -0.6253678E-0015   0.4087340E+0002  -0.6026402E-0003   0.6539745E-0014  -0.1830437E+0000  -0.9185271E+0002
    14.62400   0.9767386E+0000  -0.9677589E-0015   0.4087346E+0002  -0.6026402E-0003   0.6535896E-0014  -0.1837849E+0000  -0.9185265E+0002
    14.62800   0.9767386E+0000   0.4021306E-0015   0.4087359E+0002  -0.6026402E-0003   0.6534703E-0014  -0.1845804E+0000  -0.9185260E+0002
    14.63200   0.9767386E+0000   0.5973954E-0016   0.4087380E+0002  -0.6026402E-0003   0.6540233E-0014  -0.1854240E+0000  -0.9185257E+0002
    14.63600   0.9767386E+0000   0.5973954E-0016   0.4087407E+0002  -0.6026402E-0003   0.6539040E-0014  -0.1863090E+0000  -0.9185254E+0002
    14.64000   0.9767386E+0000   0.5973954E-0016   0.4087440E+0002  -0.6026402E-0003   0.6536519E-0014  -0.1872283E+0000  -0.9185253E+0002
    14.64400   0.9767386E+0000  -0.2827599E-0015   0.4087478E+0002  -0.6026402E-0003   0.6539338E-0014  -0.1881742E+0000  -0.9185253E+0002
    14.64800   0.9767386E+0000  -0.6251510E-0015   0.4087519E+0002  -0.6026402E-0003   0.6539501E-0014  -0.1891389E+0000  -0.9185253E+0002
    14.65200   0.9767386E+0000  -0.2826515E-0015   0.4087564E+0002  -0.6026402E-0003   0.6534310E-0014  -0.1901141E+0000  -0.9185255E+0002
    14.65600   0.9767386E+0000  -0.9675420E-0015   0.4087611E+0002  -0.6026402E-0003   0.6531803E-0014  -0.1910916E+0000  -0.9185257E+0002
    14.66000   0.9767386E+0000  -0.2826515E-0015   0.4087659E+0002  -0.6026402E-0003   0.6531966E-0014  -0.1920629E+0000  -0.9185261E+0002
    14.66400   0.9767386E+0000  -0.2826515E-0015   0.4087708E+0002  -0.6026402E-0003   0.6532128E-0014  -0.1930195E+0000  -0.9185265E+0002
    14.66800   0.9767386E+0000   0.5984796E-0016   0.4087757E+0002  -0.6026402E-0003   0.6529608E-0014  -0.1939530E+0000  -0.9185269E+0002
    14.67200   0.9767386E+0000  -0.1309933E-0014   0.4087804E+0002  -0.6026402E-0003   0.6531098E-0014  -0.1948550E+0000  -0.9185274E+0002
    14.67600   0.9767386E+0000   0.4023474E-0015   0.4087849E+0002  -0.6026402E-0003   0.6529919E-0014  -0.1957175E+0000  -0.9185279E+0002
    14.68000   0.9767386E+0000  -0.2825431E-0015   0.4087891E+0002  -0.6026402E-0003   0.6528740E-0014  -0.1965326E+0000  -0.9185285E+0002
    14.68400   0.9767386E+0000  -0.2825431E-0015   0.4087930E+0002  -0.6026402E-0003   0.6530234E-0014  -0.1972929E+0000  -0.9185291E+0002
    14.68800   0.9767386E+0000  -0.6250426E-0015   0.4087963E+0002  -0.6026402E-0003   0.6529055E-0014  -0.1979913E+0000  -0.9185297E+0002
    14.69200   0.9767386E+0000   0.5995638E-0016   0.4087992E+0002  -0.6026402E-0003   0.6530551E-0014  -0.1986212E+0000  -0.9185303E+0002
    14.69600   0.9767386E+0000   0.5995638E-0016   0.4088015E+0002  -0.6026402E-0003   0.6524021E-0014  -0.1991766E+0000  -0.9185309E+0002
    14.70000   0.9767386E+0000  -0.2825431E-0015   0.4088030E+0002  -0.6026402E-0003   0.6530868E-0014  -0.1996520E+0000  -0.9185315E+0002
    14.70400   0.9767386E+0000  -0.6250426E-0015   0.4088039E+0002  -0.6026402E-0003   0.6527012E-0014  -0.2000426E+0000  -0.9185321E+0002
    14.70800   0.9767386E+0000  -0.2825431E-0015   0.4088039E+0002  -0.6026402E-0003   0.6528510E-0014  -0.2003444E+0000  -0.9185326E+0002
    14.71200   0.9767386E+0000   0.4023474E-0015   0.4088032E+0002  -0.6026402E-0003   0.6530007E-0014  -0.2005538E+0000  -0.9185331E+0002
    14.71600   0.9767386E+0000  -0.2825431E-0015   0.4088015E+0002  -0.6026402E-0003   0.6528822E-0014  -0.2006684E+0000  -0.9185335E+0002
    14.72000   0.9767386E+0000   0.5984796E-0016   0.4087988E+0002  -0.6026402E-0003   0.6527642E-0014  -0.2006862E+0000  -0.9185339E+0002
    14.72400   0.9767386E+0000  -0.9675420E-0015   0.4087952E+0002  -0.6026402E-0003   0.6526450E-0014  -0.2006062E+0000  -0.9185342E+0002
    14.72800   0.9767386E+0000   0.5984796E-0016   0.4087906E+0002  -0.6026402E-0003   0.6529269E-0014  -0.2004282E+0000  -0.9185345E+0002
    14.73200   0.9767386E+0000   0.4022390E-0015   0.4087850E+0002  -0.6026402E-0003   0.6530760E-0014  -0.2001527E+0000  -0.9185346E+0002
    14.73600   0.9767386E+0000  -0.6251510E-0015   0.4087783E+0002  -0.6026402E-0003   0.6529580E-0014  -0.1997811E+0000  -0.9185347E+0002
    14.74000   0.9767386E+0000  -0.6251510E-0015   0.4087706E+0002  -0.6026402E-0003   0.6531071E-0014  -0.1993157E+0000  -0.9185347E+0002
    14.74400   0.9767386E+0000  -0.2826515E-0015   0.4087618E+0002  -0.6026402E-0003   0.6532562E-0014  -0.1987594E+0000  -0.9185346E+0002
    14.74800   0.9767386E+0000  -0.9675420E-0015   0.4087519E+0002  -0.6026402E-0003   0.6534053E-0014  -0.1981160E+0000  -0.9185344E+0002
    14.75200   0.9767386E+0000   0.4023474E-0015   0.4087411E+0002  -0.6026402E-0003   0.6530204E-0014  -0.1973899E+0000  -0.9185342E+0002
    14.75600   0.9767386E+0000  -0.2825431E-0015   0.4087293E+0002  -0.6026402E-0003   0.6537034E-0014  -0.1965863E+0000  -0.9185338E+0002
    14.76000   0.9767386E+0000  -0.9674336E-0015   0.4087165E+0002  -0.6026402E-0003   0.6531830E-0014  -0.1957110E+0000  -0.9185333E+0002
    14.76400   0.9767386E+0000  -0.2824347E-0015   0.4087028E+0002  -0.6026402E-0003   0.6538688E-0014  -0.1947704E+0000  -0.9185327E+0002
    14.76800   0.9767386E+0000  -0.2824347E-0015   0.4086882E+0002  -0.6026402E-0003   0.6541507E-0014  -0.1937713E+0000  -0.9185320E+0002
    14.77200   0.9767386E+0000  -0.9674336E-0015   0.4086729E+0002  -0.6026402E-0003   0.6538986E-0014  -0.1927212E+0000  -0.9185313E+0002
    14.77600   0.9767386E+0000   0.5984796E-0016   0.4086569E+0002  -0.6026402E-0003   0.6543160E-0014  -0.1916279E+0000  -0.9185304E+0002
    14.78000   0.9767386E+0000  -0.1309933E-0014   0.4086402E+0002  -0.6026402E-0003   0.6548690E-0014  -0.1904994E+0000  -0.9185294E+0002
    14.78400   0.9767386E+0000   0.5984796E-0016   0.4086229E+0002  -0.6026402E-0003   0.6547497E-0014  -0.1893441E+0000  -0.9185284E+0002
    14.78800   0.9767386E+0000   0.5984796E-0016   0.4086052E+0002  -0.6026402E-0003   0.6550316E-0014  -0.1881706E+0000  -0.9185272E+0002
    14.79200   0.9767386E+0000  -0.2826515E-0015   0.4085872E+0002  -0.6026402E-0003   0.6550478E-0014  -0.1869874E+0000  -0.9185260E+0002
    14.79600   0.9767386E+0000  -0.6251510E-0015   0.4085688E+0002  -0.6026402E-0003   0.6553297E-0014  -0.1858033E+0000  -0.9185247E+0002
    14.80000   0.9767386E+0000  -0.6251510E-0015   0.4085503E+0002  -0.6026402E-0003   0.6557472E-0014  -0.1846269E+0000  -0.9185233E+0002
    14.80400   0.9767386E+0000   0.5984796E-0016   0.4085318E+0002  -0.6026402E-0003   0.6556279E-0014  -0.1834667E+0000  -0.9185218E+0002
    14.80800   0.9767386E+0000  -0.9675420E-0015   0.4085133E+0002  -0.6026402E-0003   0.6560453E-0014  -0.1823308E+0000  -0.9185203E+0002
    14.81200   0.9767386E+0000  -0.6250426E-0015   0.4084949E+0002  -0.6026402E-0003   0.6564627E-0014  -0.1812275E+0000  -0.9185187E+0002
    14.81600   0.9767386E+0000  -0.2825431E-0015   0.4084768E+0002  -0.6026402E-0003   0.6571512E-0014  -0.1801642E+0000  -0.9185171E+0002
    14.82000   0.9767386E+0000  -0.1309933E-0014   0.4084590E+0002  -0.6026402E-0003   0.6571675E-0014  -0.1791484E+0000  -0.9185155E+0002
    14.82400   0.9767386E+0000  -0.2825431E-0015   0.4084417E+0002  -0.6026402E-0003   0.6573193E-0014  -0.1781868E+0000  -0.9185138E+0002
    14.82800   0.9767386E+0000  -0.6250426E-0015   0.4084249E+0002  -0.6026402E-0003   0.6578722E-0014  -0.1772858E+0000  -0.9185121E+0002
    14.83200   0.9767386E+0000  -0.2826515E-0015   0.4084087E+0002  -0.6026402E-0003   0.6574873E-0014  -0.1764511E+0000  -0.9185103E+0002
    14.83600   0.9767386E+0000   0.4022390E-0015   0.4083932E+0002  -0.6026402E-0003   0.6584414E-0014  -0.1756879E+0000  -0.9185086E+0002
    14.84000   0.9767386E+0000  -0.6250426E-0015   0.4083784E+0002  -0.6026402E-0003   0.6584577E-0014  -0.1750009E+0000  -0.9185069E+0002
    14.84400   0.9767386E+0000  -0.2825431E-0015   0.4083645E+0002  -0.6026402E-0003   0.6580728E-0014  -0.1743940E+0000  -0.9185052E+0002
    14.84800   0.9767386E+0000   0.5995638E-0016   0.4083514E+0002  -0.6026402E-0003   0.6580890E-0014  -0.1738704E+0000  -0.9185035E+0002
    14.85200   0.9767386E+0000  -0.6249341E-0015   0.4083392E+0002  -0.6026402E-0003   0.6586366E-0014  -0.1734328E+0000  -0.9185018E+0002
    14.85600   0.9767386E+0000  -0.2824347E-0015   0.4083279E+0002  -0.6026402E-0003   0.6589184E-0014  -0.1730831E+0000  -0.9185002E+0002
    14.86000   0.9767386E+0000  -0.9673252E-0015   0.4083176E+0002  -0.6026402E-0003   0.6589347E-0014  -0.1728227E+0000  -0.9184986E+0002
    14.86400   0.9767386E+0000  -0.9673252E-0015   0.4083083E+0002  -0.6026402E-0003   0.6589510E-0014  -0.1726522E+0000  -0.9184971E+0002
    14.86800   0.9767386E+0000   0.5995638E-0016   0.4082999E+0002  -0.6026402E-0003   0.6593684E-0014  -0.1725715E+0000  -0.9184956E+0002
    14.87200   0.9767386E+0000  -0.2825431E-0015   0.4082925E+0002  -0.6026402E-0003   0.6595148E-0014  -0.1725801E+0000  -0.9184943E+0002
    14.87600   0.9767386E+0000  -0.9674336E-0015   0.4082860E+0002  -0.6026402E-0003   0.6595310E-0014  -0.1726767E+0000  -0.9184930E+0002
    14.88000   0.9767386E+0000  -0.2825431E-0015   0.4082804E+0002  -0.6026402E-0003   0.6600840E-0014  -0.1728595E+0000  -0.9184918E+0002
    14.88400   0.9767386E+0000  -0.6249341E-0015   0.4082757E+0002  -0.6026402E-0003   0.6598346E-0014  -0.1731261E+0000  -0.9184907E+0002
    14.88800   0.9767386E+0000  -0.2824347E-0015   0.4082718E+0002  -0.6026402E-0003   0.6595852E-0014  -0.1734737E+0000  -0.9184897E+0002
    14.89200   0.9767386E+0000  -0.9673252E-0015   0.4082688E+0002  -0.6026402E-0003   0.6596015E-0014  -0.1738990E+0000  -0.9184888E+0002
    14.89600   0.9767386E+0000  -0.2824347E-0015   0.4082664E+0002  -0.6026402E-0003   0.6598861E-0014  -0.1743980E+0000  -0.9184880E+0002
    14.90000   0.9767386E+0000   0.4025643E-0015   0.4082648E+0002  -0.6026402E-0003   0.6595012E-0014  -0.1749666E+0000  -0.9184873E+0002
    14.90400   0.9767386E+0000   0.6006480E-0016   0.4082638E+0002  -0.6026402E-0003   0.6600542E-0014  -0.1756003E+0000  -0.9184867E+0002
    14.90800   0.9767386E+0000  -0.2824347E-0015   0.4082633E+0002  -0.6026402E-0003   0.6600704E-0014  -0.1762940E+0000  -0.9184863E+0002
    14.91200   0.9767386E+0000  -0.2825431E-0015   0.4082634E+0002  -0.6026402E-0003   0.6598210E-0014  -0.1770426E+0000  -0.9184859E+0002
    14.91600   0.9767386E+0000  -0.2825431E-0015   0.4082638E+0002  -0.6026402E-0003   0.6599701E-0014  -0.1778406E+0000  -0.9184857E+0002
    14.92000   0.9767386E+0000  -0.2825431E-0015   0.4082646E+0002  -0.6026402E-0003   0.6599864E-0014  -0.1786822E+0000  -0.9184856E+0002
    14.92400   0.9767386E+0000   0.4024558E-0015   0.4082657E+0002  -0.6026402E-0003   0.6602710E-0014  -0.1795615E+0000  -0.9184856E+0002
    14.92800   0.9767386E+0000  -0.6249341E-0015   0.4082670E+0002  -0.6026402E-0003   0.6597533E-0014  -0.1804726E+0000  -0.9184856E+0002
    14.93200   0.9767386E+0000  -0.6249341E-0015   0.4082684E+0002  -0.6026402E-0003   0.6597695E-0014  -0.1814092E+0000  -0.9184858E+0002
    14.93600   0.9767386E+0000  -0.6249341E-0015   0.4082698E+0002  -0.6026402E-0003   0.6589835E-0014  -0.1823649E+0000  -0.9184861E+0002
    14.94000   0.9767386E+0000  -0.6249341E-0015   0.4082712E+0002  -0.6026402E-0003   0.6596665E-0014  -0.1833336E+0000  -0.9184865E+0002
    14.94400   0.9767386E+0000  -0.6249341E-0015   0.4082725E+0002  -0.6026402E-0003   0.6596828E-0014  -0.1843089E+0000  -0.9184869E+0002
    14.94800   0.9767386E+0000  -0.2825431E-0015   0.4082737E+0002  -0.6026402E-0003   0.6596977E-0014  -0.1852843E+0000  -0.9184874E+0002
    14.95200   0.9767386E+0000  -0.9673252E-0015   0.4082746E+0002  -0.6026402E-0003   0.6595785E-0014  -0.1862538E+0000  -0.9184880E+0002
    14.95600   0.9767386E+0000   0.4024558E-0015   0.4082751E+0002  -0.6026402E-0003   0.6594606E-0014  -0.1872109E+0000  -0.9184887E+0002
    14.96000   0.9767386E+0000  -0.2823262E-0015   0.4082754E+0002  -0.6026402E-0003   0.6594768E-0014  -0.1881498E+0000  -0.9184894E+0002
    14.96400   0.9767386E+0000  -0.2823262E-0015   0.4082751E+0002  -0.6026402E-0003   0.6601626E-0014  -0.1890644E+0000  -0.9184901E+0002
    14.96800   0.9767386E+0000   0.4026727E-0015   0.4082744E+0002  -0.6026402E-0003   0.6596435E-0014  -0.1899491E+0000  -0.9184909E+0002
    14.97200   0.9767386E+0000  -0.6247173E-0015   0.4082732E+0002  -0.6026402E-0003   0.6597926E-0014  -0.1907982E+0000  -0.9184917E+0002
    14.97600   0.9767386E+0000  -0.6247173E-0015   0.4082713E+0002  -0.6026402E-0003   0.6592735E-0014  -0.1916067E+0000  -0.9184925E+0002
    14.98000   0.9767386E+0000  -0.6247173E-0015   0.4082688E+0002  -0.6026402E-0003   0.6594233E-0014  -0.1923694E+0000  -0.9184933E+0002
    14.98400   0.9767386E+0000  -0.6247173E-0015   0.4082657E+0002  -0.6026402E-0003   0.6597065E-0014  -0.1930819E+0000  -0.9184941E+0002
    14.98800   0.9767386E+0000  -0.6247173E-0015   0.4082618E+0002  -0.6026402E-0003   0.6597221E-0014  -0.1937397E+0000  -0.9184949E+0002
    14.99200   0.9767386E+0000   0.6028164E-0016   0.4082572E+0002  -0.6026402E-0003   0.6600054E-0014  -0.1943391E+0000  -0.9184957E+0002
    14.99600   0.9767386E+0000  -0.6247173E-0015   0.4082518E+0002  -0.6026402E-0003   0.6597536E-0014  -0.1948766E+0000  -0.9184965E+0002
    15.00000   0.9767386E+0000  -0.6247173E-0015   0.4082456E+0002  -0.6026402E-0003   0.6596357E-0014  -0.1953491E+0000  -0.9184973E+0002
    15.00400   0.9767386E+0000  -0.2823262E-0015   0.4082387E+0002  -0.6026402E-0003   0.6596516E-0014  -0.1957541E+0000  -0.9184980E+0002
    15.00800   0.9767386E+0000   0.6006480E-0016   0.4082309E+0002  -0.6026402E-0003   0.6603360E-0014  -0.1960895E+0000  -0.9184987E+0002
    15.01200   0.9767386E+0000  -0.2823262E-0015   0.4082223E+0002  -0.6026402E-0003   0.6600841E-0014  -0.1963537E+0000  -0.9184994E+0002
    15.01600   0.9767386E+0000  -0.2823262E-0015   0.4082130E+0002  -0.6026402E-0003   0.6601001E-0014  -0.1965457E+0000  -0.9185000E+0002
    15.02000   0.9767386E+0000  -0.2823262E-0015   0.4082029E+0002  -0.6026402E-0003   0.6607846E-0014  -0.1966649E+0000  -0.9185006E+0002
    15.02400   0.9767386E+0000  -0.6249341E-0015   0.4081920E+0002  -0.6026402E-0003   0.6601316E-0014  -0.1967112E+0000  -0.9185011E+0002
    15.02800   0.9767386E+0000   0.6006480E-0016   0.4081804E+0002  -0.6026402E-0003   0.6608161E-0014  -0.1966852E+0000  -0.9185017E+0002
    15.03200   0.9767386E+0000  -0.2825431E-0015   0.4081681E+0002  -0.6026402E-0003   0.6602967E-0014  -0.1965877E+0000  -0.9185021E+0002
    15.03600   0.9767386E+0000   0.5984796E-0016   0.4081551E+0002  -0.6026402E-0003   0.6607142E-0014  -0.1964203E+0000  -0.9185025E+0002
    15.04000   0.9767386E+0000   0.4024558E-0015   0.4081415E+0002  -0.6026402E-0003   0.6613989E-0014  -0.1961849E+0000  -0.9185029E+0002
    15.04400   0.9767386E+0000   0.6006480E-0016   0.4081274E+0002  -0.6026402E-0003   0.6611472E-0014  -0.1958838E+0000  -0.9185033E+0002
    15.04800   0.9767386E+0000  -0.1309716E-0014   0.4081128E+0002  -0.6026402E-0003   0.6614307E-0014  -0.1955198E+0000  -0.9185036E+0002
    15.05200   0.9767386E+0000   0.7450637E-0015   0.4080977E+0002  -0.6026402E-0003   0.6618485E-0014  -0.1950960E+0000  -0.9185039E+0002
    15.05600   0.9767386E+0000  -0.2823262E-0015   0.4080823E+0002  -0.6026402E-0003   0.6621318E-0014  -0.1946161E+0000  -0.9185041E+0002
    15.06000   0.9767386E+0000   0.4026727E-0015   0.4080665E+0002  -0.6026402E-0003   0.6620138E-0014  -0.1940837E+0000  -0.9185044E+0002
    15.06400   0.9767386E+0000   0.6028164E-0016   0.4080505E+0002  -0.6026402E-0003   0.6618959E-0014  -0.1935029E+0000  -0.9185046E+0002
    15.06800   0.9767386E+0000  -0.2823262E-0015   0.4080343E+0002  -0.6026402E-0003   0.6624468E-0014  -0.1928782E+0000  -0.9185048E+0002
    15.07200   0.9767386E+0000   0.4026727E-0015   0.4080181E+0002  -0.6026402E-0003   0.6624624E-0014  -0.1922139E+0000  -0.9185049E+0002
    15.07600   0.9767386E+0000  -0.9671083E-0015   0.4080018E+0002  -0.6026402E-0003   0.6626115E-0014  -0.1915146E+0000  -0.9185051E+0002
    15.08000   0.9767386E+0000   0.6028164E-0016   0.4079855E+0002  -0.6026402E-0003   0.6630276E-0014  -0.1907851E+0000  -0.9185052E+0002
    15.08400   0.9767386E+0000  -0.2821094E-0015   0.4079693E+0002  -0.6026402E-0003   0.6633108E-0014  -0.1900302E+0000  -0.9185054E+0002
    15.08800   0.9767386E+0000  -0.2821094E-0015   0.4079534E+0002  -0.6026402E-0003   0.6638624E-0014  -0.1892546E+0000  -0.9185055E+0002
    15.09200   0.9767386E+0000  -0.9668915E-0015   0.4079377E+0002  -0.6026402E-0003   0.6636103E-0014  -0.1884632E+0000  -0.9185057E+0002
    15.09600   0.9767386E+0000  -0.9668915E-0015   0.4079222E+0002  -0.6026402E-0003   0.6640264E-0014  -0.1876605E+0000  -0.9185058E+0002
    15.10000   0.9767386E+0000  -0.2821094E-0015   0.4079072E+0002  -0.6026402E-0003   0.6643096E-0014  -0.1868511E+0000  -0.9185060E+0002
    15.10400   0.9767386E+0000   0.7452806E-0015   0.4078926E+0002  -0.6026402E-0003   0.6640576E-0014  -0.1860397E+0000  -0.9185061E+0002
    15.10800   0.9767386E+0000  -0.2821094E-0015   0.4078784E+0002  -0.6026402E-0003   0.6648761E-0014  -0.1852305E+0000  -0.9185063E+0002
    15.11200   0.9767386E+0000   0.4026727E-0015   0.4078648E+0002  -0.6026402E-0003   0.6650279E-0014  -0.1844277E+0000  -0.9185065E+0002
    15.11600   0.9767386E+0000   0.6028164E-0016   0.4078517E+0002  -0.6026402E-0003   0.6649114E-0014  -0.1836353E+0000  -0.9185067E+0002
    15.12000   0.9767386E+0000  -0.9668915E-0015   0.4078392E+0002  -0.6026402E-0003   0.6646593E-0014  -0.1828572E+0000  -0.9185069E+0002
    15.12400   0.9767386E+0000  -0.2821094E-0015   0.4078273E+0002  -0.6026402E-0003   0.6654779E-0014  -0.1820969E+0000  -0.9185071E+0002
    15.12800   0.9767386E+0000   0.6028164E-0016   0.4078161E+0002  -0.6026402E-0003   0.6652258E-0014  -0.1813579E+0000  -0.9185073E+0002
    15.13200   0.9767386E+0000  -0.6247173E-0015   0.4078056E+0002  -0.6026402E-0003   0.6655077E-0014  -0.1806433E+0000  -0.9185076E+0002
    15.13600   0.9767386E+0000   0.4026727E-0015   0.4077957E+0002  -0.6026402E-0003   0.6652556E-0014  -0.1799561E+0000  -0.9185078E+0002
    15.14000   0.9767386E+0000  -0.6247173E-0015   0.4077866E+0002  -0.6026402E-0003   0.6655402E-0014  -0.1792991E+0000  -0.9185081E+0002
    15.14400   0.9767386E+0000   0.6006480E-0016   0.4077781E+0002  -0.6026402E-0003   0.6659576E-0014  -0.1786748E+0000  -0.9185083E+0002
    15.14800   0.9767386E+0000  -0.9673252E-0015   0.4077703E+0002  -0.6026402E-0003   0.6662422E-0014  -0.1780857E+0000  -0.9185086E+0002
    15.15200   0.9767386E+0000  -0.6248257E-0015   0.4077633E+0002  -0.6026402E-0003   0.6663913E-0014  -0.1775337E+0000  -0.9185089E+0002
    15.15600   0.9767386E+0000   0.6006480E-0016   0.4077569E+0002  -0.6026402E-0003   0.6664076E-0014  -0.1770209E+0000  -0.9185091E+0002
    15.16000   0.9767386E+0000  -0.6248257E-0015   0.4077513E+0002  -0.6026402E-0003   0.6662883E-0014  -0.1765490E+0000  -0.9185094E+0002
    15.16400   0.9767386E+0000  -0.2824347E-0015   0.4077463E+0002  -0.6026402E-0003   0.6661691E-0014  -0.1761195E+0000  -0.9185097E+0002
    15.16800   0.9767386E+0000  -0.9674336E-0015   0.4077420E+0002  -0.6026402E-0003   0.6669876E-0014  -0.1757338E+0000  -0.9185099E+0002
    15.17200   0.9767386E+0000  -0.6250426E-0015   0.4077383E+0002  -0.6026402E-0003   0.6666000E-0014  -0.1753930E+0000  -0.9185101E+0002
    15.17600   0.9767386E+0000   0.4023474E-0015   0.4077352E+0002  -0.6026402E-0003   0.6664808E-0014  -0.1750981E+0000  -0.9185103E+0002
    15.18000   0.9767386E+0000  -0.2825431E-0015   0.4077327E+0002  -0.6026402E-0003   0.6664970E-0014  -0.1748499E+0000  -0.9185105E+0002
    15.18400   0.9767386E+0000  -0.6249341E-0015   0.4077308E+0002  -0.6026402E-0003   0.6665106E-0014  -0.1746489E+0000  -0.9185107E+0002
    15.18800   0.9767386E+0000   0.4024558E-0015   0.4077295E+0002  -0.6026402E-0003   0.6669280E-0014  -0.1744954E+0000  -0.9185108E+0002
    15.19200   0.9767386E+0000  -0.2824347E-0015   0.4077287E+0002  -0.6026402E-0003   0.6665404E-0014  -0.1743898E+0000  -0.9185109E+0002
    15.19600   0.9767386E+0000  -0.2824347E-0015   0.4077284E+0002  -0.6026402E-0003   0.6666895E-0014  -0.1743319E+0000  -0.9185109E+0002
    15.20000   0.9767386E+0000   0.4024558E-0015   0.4077286E+0002  -0.6026402E-0003   0.6664374E-0014  -0.1743214E+0000  -0.9185109E+0002
    15.20400   0.9767386E+0000  -0.2824347E-0015   0.4077292E+0002  -0.6026402E-0003   0.6667193E-0014  -0.1743579E+0000  -0.9185109E+0002
    15.20800   0.9767386E+0000  -0.6248257E-0015   0.4077302E+0002  -0.6026402E-0003   0.6663344E-0014  -0.1744407E+0000  -0.9185108E+0002
    15.21200   0.9767386E+0000   0.6006480E-0016   0.4077316E+0002  -0.6026402E-0003   0.6663507E-0014  -0.1745689E+0000  -0.9185106E+0002
    15.21600   0.9767386E+0000  -0.9673252E-0015   0.4077334E+0002  -0.6026402E-0003   0.6666325E-0014  -0.1747413E+0000  -0.9185104E+0002
    15.22000   0.9767386E+0000  -0.2824347E-0015   0.4077355E+0002  -0.6026402E-0003   0.6665133E-0014  -0.1749566E+0000  -0.9185101E+0002
    15.22400   0.9767386E+0000   0.4025643E-0015   0.4077379E+0002  -0.6026402E-0003   0.6666651E-0014  -0.1752130E+0000  -0.9185098E+0002
    15.22800   0.9767386E+0000   0.6006480E-0016   0.4077405E+0002  -0.6026402E-0003   0.6662802E-0014  -0.1755089E+0000  -0.9185094E+0002
    15.23200   0.9767386E+0000   0.4025643E-0015   0.4077434E+0002  -0.6026402E-0003   0.6665621E-0014  -0.1758421E+0000  -0.9185089E+0002
    15.23600   0.9767386E+0000  -0.6248257E-0015   0.4077464E+0002  -0.6026402E-0003   0.6667139E-0014  -0.1762103E+0000  -0.9185083E+0002
    15.24000   0.9767386E+0000  -0.2824347E-0015   0.4077496E+0002  -0.6026402E-0003   0.6664618E-0014  -0.1766112E+0000  -0.9185077E+0002
    15.24400   0.9767386E+0000  -0.2824347E-0015   0.4077530E+0002  -0.6026402E-0003   0.6660769E-0014  -0.1770420E+0000  -0.9185070E+0002
    15.24800   0.9767386E+0000  -0.2824347E-0015   0.4077564E+0002  -0.6026402E-0003   0.6663615E-0014  -0.1774999E+0000  -0.9185062E+0002
    15.25200   0.9767386E+0000  -0.6249341E-0015   0.4077599E+0002  -0.6026402E-0003   0.6663778E-0014  -0.1779820E+0000  -0.9185054E+0002
    15.25600   0.9767386E+0000   0.5995638E-0016   0.4077634E+0002  -0.6026402E-0003   0.6666624E-0014  -0.1784852E+0000  -0.9185044E+0002
    15.26000   0.9767386E+0000   0.5995638E-0016   0.4077669E+0002  -0.6026402E-0003   0.6665431E-0014  -0.1790062E+0000  -0.9185035E+0002
    15.26400   0.9767386E+0000  -0.2825431E-0015   0.4077704E+0002  -0.6026402E-0003   0.6661555E-0014  -0.1795418E+0000  -0.9185024E+0002
    15.26800   0.9767386E+0000   0.4023474E-0015   0.4077738E+0002  -0.6026402E-0003   0.6659034E-0014  -0.1800887E+0000  -0.9185013E+0002
    15.27200   0.9767386E+0000   0.5995638E-0016   0.4077772E+0002  -0.6026402E-0003   0.6660525E-0014  -0.1806433E+0000  -0.9185001E+0002
    15.27600   0.9767386E+0000  -0.2824347E-0015   0.4077804E+0002  -0.6026402E-0003   0.6660688E-0014  -0.1812024E+0000  -0.9184989E+0002
    15.28000   0.9767386E+0000  -0.2824347E-0015   0.4077834E+0002  -0.6026402E-0003   0.6659522E-0014  -0.1817626E+0000  -0.9184976E+0002
    15.28400   0.9767386E+0000  -0.2824347E-0015   0.4077862E+0002  -0.6026402E-0003   0.6657001E-0014  -0.1823205E+0000  -0.9184963E+0002
    15.28800   0.9767386E+0000   0.4024558E-0015   0.4077888E+0002  -0.6026402E-0003   0.6662504E-0014  -0.1828729E+0000  -0.9184950E+0002
    15.29200   0.9767386E+0000  -0.6248257E-0015   0.4077912E+0002  -0.6026402E-0003   0.6658641E-0014  -0.1834166E+0000  -0.9184936E+0002
    15.29600   0.9767386E+0000   0.7450637E-0015   0.4077933E+0002  -0.6026402E-0003   0.6658817E-0014  -0.1839484E+0000  -0.9184923E+0002
    15.30000   0.9767386E+0000  -0.6247173E-0015   0.4077950E+0002  -0.6026402E-0003   0.6664306E-0014  -0.1844656E+0000  -0.9184909E+0002
    15.30400   0.9767386E+0000   0.6017322E-0016   0.4077965E+0002  -0.6026402E-0003   0.6657774E-0014  -0.1849652E+0000  -0.9184895E+0002
    15.30800   0.9767386E+0000   0.6017322E-0016   0.4077975E+0002  -0.6026402E-0003   0.6660606E-0014  -0.1854445E+0000  -0.9184881E+0002
    15.31200   0.9767386E+0000   0.4026727E-0015   0.4077982E+0002  -0.6026402E-0003   0.6656744E-0014  -0.1859013E+0000  -0.9184867E+0002
    15.31600   0.9767386E+0000  -0.2823262E-0015   0.4077985E+0002  -0.6026402E-0003   0.6662253E-0014  -0.1863330E+0000  -0.9184854E+0002
    15.32000   0.9767386E+0000   0.4026727E-0015   0.4077983E+0002  -0.6026402E-0003   0.6659732E-0014  -0.1867376E+0000  -0.9184840E+0002
    15.32400   0.9767386E+0000  -0.2823262E-0015   0.4077976E+0002  -0.6026402E-0003   0.6655883E-0014  -0.1871132E+0000  -0.9184827E+0002
    15.32800   0.9767386E+0000   0.6028164E-0016   0.4077964E+0002  -0.6026402E-0003   0.6657374E-0014  -0.1874581E+0000  -0.9184815E+0002
    15.33200   0.9767386E+0000  -0.6245005E-0015   0.4077948E+0002  -0.6026402E-0003   0.6657530E-0014  -0.1877707E+0000  -0.9184803E+0002
    15.33600   0.9767386E+0000  -0.6245005E-0015   0.4077925E+0002  -0.6026402E-0003   0.6659024E-0014  -0.1880497E+0000  -0.9184791E+0002
    15.34000   0.9767386E+0000   0.6028164E-0016   0.4077897E+0002  -0.6026402E-0003   0.6659183E-0014  -0.1882939E+0000  -0.9184780E+0002
    15.34400   0.9767386E+0000  -0.6245005E-0015   0.4077863E+0002  -0.6026402E-0003   0.6664692E-0014  -0.1885024E+0000  -0.9184770E+0002
    15.34800   0.9767386E+0000   0.4028895E-0015   0.4077823E+0002  -0.6026402E-0003   0.6659498E-0014  -0.1886744E+0000  -0.9184760E+0002
    15.35200   0.9767386E+0000  -0.2818926E-0015   0.4077777E+0002  -0.6026402E-0003   0.6660996E-0014  -0.1888093E+0000  -0.9184751E+0002
    15.35600   0.9767386E+0000   0.4031064E-0015   0.4077724E+0002  -0.6026402E-0003   0.6662490E-0014  -0.1889067E+0000  -0.9184742E+0002
    15.36000   0.9767386E+0000  -0.9666747E-0015   0.4077665E+0002  -0.6026402E-0003   0.6663986E-0014  -0.1889662E+0000  -0.9184734E+0002
    15.36400   0.9767386E+0000  -0.2816757E-0015   0.4077599E+0002  -0.6026402E-0003   0.6660131E-0014  -0.1889879E+0000  -0.9184727E+0002
    15.36800   0.9767386E+0000  -0.2816757E-0015   0.4077526E+0002  -0.6026402E-0003   0.6665639E-0014  -0.1889716E+0000  -0.9184720E+0002
    15.37200   0.9767386E+0000  -0.6242836E-0015   0.4077446E+0002  -0.6026402E-0003   0.6668474E-0014  -0.1889176E+0000  -0.9184714E+0002
    15.37600   0.9767386E+0000  -0.6242836E-0015   0.4077359E+0002  -0.6026402E-0003   0.6664618E-0014  -0.1888263E+0000  -0.9184708E+0002
    15.38000   0.9767386E+0000  -0.6242836E-0015   0.4077265E+0002  -0.6026402E-0003   0.6664777E-0014  -0.1886980E+0000  -0.9184703E+0002
    15.38400   0.9767386E+0000   0.7454974E-0015   0.4077164E+0002  -0.6026402E-0003   0.6670286E-0014  -0.1885333E+0000  -0.9184698E+0002
    15.38800   0.9767386E+0000   0.4031064E-0015   0.4077056E+0002  -0.6026402E-0003   0.6665096E-0014  -0.1883329E+0000  -0.9184694E+0002
    15.39200   0.9767386E+0000  -0.2816757E-0015   0.4076941E+0002  -0.6026402E-0003   0.6670608E-0014  -0.1880977E+0000  -0.9184690E+0002
    15.39600   0.9767386E+0000   0.6071532E-0016   0.4076819E+0002  -0.6026402E-0003   0.6672099E-0014  -0.1878286E+0000  -0.9184686E+0002
    15.40000   0.9767386E+0000   0.6071532E-0016   0.4076690E+0002  -0.6026402E-0003   0.6670920E-0014  -0.1875267E+0000  -0.9184683E+0002
    15.40400   0.9767386E+0000  -0.6242836E-0015   0.4076555E+0002  -0.6026402E-0003   0.6675087E-0014  -0.1871930E+0000  -0.9184679E+0002
    15.40800   0.9767386E+0000  -0.2818926E-0015   0.4076413E+0002  -0.6026402E-0003   0.6676585E-0014  -0.1868290E+0000  -0.9184676E+0002
    15.41200   0.9767386E+0000   0.6049848E-0016   0.4076266E+0002  -0.6026402E-0003   0.6679417E-0014  -0.1864360E+0000  -0.9184673E+0002
    15.41600   0.9767386E+0000   0.4028895E-0015   0.4076112E+0002  -0.6026402E-0003   0.6680908E-0014  -0.1860154E+0000  -0.9184669E+0002
    15.42000   0.9767386E+0000  -0.2821094E-0015   0.4075953E+0002  -0.6026402E-0003   0.6682399E-0014  -0.1855690E+0000  -0.9184666E+0002
    15.42400   0.9767386E+0000   0.6028164E-0016   0.4075789E+0002  -0.6026402E-0003   0.6682548E-0014  -0.1850984E+0000  -0.9184663E+0002
    15.42800   0.9767386E+0000  -0.6245005E-0015   0.4075621E+0002  -0.6026402E-0003   0.6688064E-0014  -0.1846053E+0000  -0.9184659E+0002
    15.43200   0.9767386E+0000  -0.6245005E-0015   0.4075448E+0002  -0.6026402E-0003   0.6688226E-0014  -0.1840917E+0000  -0.9184656E+0002
    15.43600   0.9767386E+0000  -0.2818926E-0015   0.4075271E+0002  -0.6026402E-0003   0.6685706E-0014  -0.1835596E+0000  -0.9184652E+0002
    15.44000   0.9767386E+0000   0.6071532E-0016   0.4075091E+0002  -0.6026402E-0003   0.6689853E-0014  -0.1830108E+0000  -0.9184648E+0002
    15.44400   0.9767386E+0000  -0.2816757E-0015   0.4074909E+0002  -0.6026402E-0003   0.6698038E-0014  -0.1824475E+0000  -0.9184643E+0002
    15.44800   0.9767386E+0000  -0.6240668E-0015   0.4074724E+0002  -0.6026402E-0003   0.6696846E-0014  -0.1818719E+0000  -0.9184639E+0002
    15.45200   0.9767386E+0000   0.7457143E-0015   0.4074538E+0002  -0.6026402E-0003   0.6701020E-0014  -0.1812859E+0000  -0.9184634E+0002
    15.45600   0.9767386E+0000  -0.6242836E-0015   0.4074350E+0002  -0.6026402E-0003   0.6705194E-0014  -0.1806919E+0000  -0.9184629E+0002
    15.46000   0.9767386E+0000   0.6071532E-0016   0.4074162E+0002  -0.6026402E-0003   0.6705357E-0014  -0.1800919E+0000  -0.9184624E+0002
    15.46400   0.9767386E+0000   0.4033232E-0015   0.4073974E+0002  -0.6026402E-0003   0.6709531E-0014  -0.1794880E+0000  -0.9184618E+0002
    15.46800   0.9767386E+0000  -0.2816757E-0015   0.4073786E+0002  -0.6026402E-0003   0.6706983E-0014  -0.1788824E+0000  -0.9184613E+0002
    15.47200   0.9767386E+0000   0.4031064E-0015   0.4073599E+0002  -0.6026402E-0003   0.6711157E-0014  -0.1782772E+0000  -0.9184607E+0002
    15.47600   0.9767386E+0000   0.6049848E-0016   0.4073414E+0002  -0.6026402E-0003   0.6713976E-0014  -0.1776743E+0000  -0.9184601E+0002
    15.48000   0.9767386E+0000   0.6049848E-0016   0.4073230E+0002  -0.6026402E-0003   0.6718150E-0014  -0.1770756E+0000  -0.9184595E+0002
    15.48400   0.9767386E+0000  -0.6242836E-0015   0.4073049E+0002  -0.6026402E-0003   0.6720969E-0014  -0.1764831E+0000  -0.9184588E+0002
    15.48800   0.9767386E+0000  -0.6242836E-0015   0.4072871E+0002  -0.6026402E-0003   0.6723842E-0014  -0.1758985E+0000  -0.9184582E+0002
    15.49200   0.9767386E+0000  -0.6242836E-0015   0.4072696E+0002  -0.6026402E-0003   0.6724005E-0014  -0.1753235E+0000  -0.9184576E+0002
    15.49600   0.9767386E+0000   0.6049848E-0016   0.4072524E+0002  -0.6026402E-0003   0.6724113E-0014  -0.1747595E+0000  -0.9184569E+0002
    15.50000   0.9767386E+0000   0.6049848E-0016   0.4072355E+0002  -0.6026402E-0003   0.6732299E-0014  -0.1742081E+0000  -0.9184563E+0002
    15.50400   0.9767386E+0000  -0.2818926E-0015   0.4072190E+0002  -0.6026402E-0003   0.6732462E-0014  -0.1736706E+0000  -0.9184556E+0002
    15.50800   0.9767386E+0000   0.6049848E-0016   0.4072030E+0002  -0.6026402E-0003   0.6731269E-0014  -0.1731482E+0000  -0.9184550E+0002
    15.51200   0.9767386E+0000   0.6049848E-0016   0.4071873E+0002  -0.6026402E-0003   0.6736744E-0014  -0.1726420E+0000  -0.9184544E+0002
    15.51600   0.9767386E+0000   0.6049848E-0016   0.4071720E+0002  -0.6026402E-0003   0.6738208E-0014  -0.1721529E+0000  -0.9184538E+0002
    15.52000   0.9767386E+0000  -0.6245005E-0015   0.4071572E+0002  -0.6026402E-0003   0.6742328E-0014  -0.1716819E+0000  -0.9184532E+0002
    15.52400   0.9767386E+0000  -0.9671083E-0015   0.4071428E+0002  -0.6026402E-0003   0.6742491E-0014  -0.1712297E+0000  -0.9184526E+0002
    15.52800   0.9767386E+0000  -0.2823262E-0015   0.4071288E+0002  -0.6026402E-0003   0.6738642E-0014  -0.1707970E+0000  -0.9184521E+0002
    15.53200   0.9767386E+0000  -0.6247173E-0015   0.4071152E+0002  -0.6026402E-0003   0.6741461E-0014  -0.1703843E+0000  -0.9184516E+0002
    15.53600   0.9767386E+0000   0.6028164E-0016   0.4071020E+0002  -0.6026402E-0003   0.6748291E-0014  -0.1699922E+0000  -0.9184511E+0002
    15.54000   0.9767386E+0000   0.4028895E-0015   0.4070891E+0002  -0.6026402E-0003   0.6745743E-0014  -0.1696211E+0000  -0.9184506E+0002
    15.54400   0.9767386E+0000   0.6049848E-0016   0.4070767E+0002  -0.6026402E-0003   0.6749917E-0014  -0.1692713E+0000  -0.9184502E+0002
    15.54800   0.9767386E+0000   0.4028895E-0015   0.4070646E+0002  -0.6026402E-0003   0.6748725E-0014  -0.1689433E+0000  -0.9184498E+0002
    15.55200   0.9767386E+0000   0.4028895E-0015   0.4070528E+0002  -0.6026402E-0003   0.6752899E-0014  -0.1686372E+0000  -0.9184495E+0002
    15.55600   0.9767386E+0000   0.4028895E-0015   0.4070414E+0002  -0.6026402E-0003   0.6755772E-0014  -0.1683535E+0000  -0.9184492E+0002
    15.56000   0.9767386E+0000  -0.2818926E-0015   0.4070303E+0002  -0.6026402E-0003   0.6753224E-0014  -0.1680922E+0000  -0.9184490E+0002
    15.56400   0.9767386E+0000   0.4031064E-0015   0.4070195E+0002  -0.6026402E-0003   0.6754688E-0014  -0.1678538E+0000  -0.9184488E+0002
    15.56800   0.9767386E+0000  -0.2816757E-0015   0.4070090E+0002  -0.6026402E-0003   0.6753495E-0014  -0.1676384E+0000  -0.9184486E+0002
    15.57200   0.9767386E+0000   0.6071532E-0016   0.4069988E+0002  -0.6026402E-0003   0.6756314E-0014  -0.1674464E+0000  -0.9184485E+0002
    15.57600   0.9767386E+0000  -0.6242836E-0015   0.4069889E+0002  -0.6026402E-0003   0.6757724E-0014  -0.1672780E+0000  -0.9184484E+0002
    15.58000   0.9767386E+0000  -0.2818926E-0015   0.4069793E+0002  -0.6026402E-0003   0.6761952E-0014  -0.1671335E+0000  -0.9184483E+0002
    15.58400   0.9767386E+0000  -0.2818926E-0015   0.4069699E+0002  -0.6026402E-0003   0.6760759E-0014  -0.1670132E+0000  -0.9184483E+0002
    15.58800   0.9767386E+0000  -0.2818926E-0015   0.4069609E+0002  -0.6026402E-0003   0.6760868E-0014  -0.1669175E+0000  -0.9184484E+0002
    15.59200   0.9767386E+0000  -0.6242836E-0015   0.4069521E+0002  -0.6026402E-0003   0.6762386E-0014  -0.1668468E+0000  -0.9184484E+0002
    15.59600   0.9767386E+0000   0.4031064E-0015   0.4069437E+0002  -0.6026402E-0003   0.6767915E-0014  -0.1668013E+0000  -0.9184485E+0002
    15.60000   0.9767386E+0000  -0.6242836E-0015   0.4069356E+0002  -0.6026402E-0003   0.6765422E-0014  -0.1667815E+0000  -0.9184486E+0002
    15.60400   0.9767386E+0000  -0.6242836E-0015   0.4069279E+0002  -0.6026402E-0003   0.6769542E-0014  -0.1667876E+0000  -0.9184487E+0002
    15.60800   0.9767386E+0000  -0.2816757E-0015   0.4069205E+0002  -0.6026402E-0003   0.6772360E-0014  -0.1668200E+0000  -0.9184489E+0002
    15.61200   0.9767386E+0000  -0.6242836E-0015   0.4069135E+0002  -0.6026402E-0003   0.6771168E-0014  -0.1668789E+0000  -0.9184490E+0002
    15.61600   0.9767386E+0000  -0.2818926E-0015   0.4069069E+0002  -0.6026402E-0003   0.6768674E-0014  -0.1669647E+0000  -0.9184492E+0002
    15.62000   0.9767386E+0000  -0.6245005E-0015   0.4069007E+0002  -0.6026402E-0003   0.6772903E-0014  -0.1670774E+0000  -0.9184494E+0002
    15.62400   0.9767386E+0000  -0.6245005E-0015   0.4068950E+0002  -0.6026402E-0003   0.6766397E-0014  -0.1672171E+0000  -0.9184495E+0002
    15.62800   0.9767386E+0000   0.7452806E-0015   0.4068897E+0002  -0.6026402E-0003   0.6770626E-0014  -0.1673838E+0000  -0.9184497E+0002
    15.63200   0.9767386E+0000  -0.9671083E-0015   0.4068849E+0002  -0.6026402E-0003   0.6774746E-0014  -0.1675774E+0000  -0.9184498E+0002
    15.63600   0.9767386E+0000  -0.2823262E-0015   0.4068806E+0002  -0.6026402E-0003   0.6772252E-0014  -0.1677977E+0000  -0.9184499E+0002
    15.64000   0.9767386E+0000   0.6006480E-0016   0.4068769E+0002  -0.6026402E-0003   0.6776480E-0014  -0.1680443E+0000  -0.9184500E+0002
    15.64400   0.9767386E+0000  -0.6249341E-0015   0.4068736E+0002  -0.6026402E-0003   0.6773987E-0014  -0.1683168E+0000  -0.9184501E+0002
    15.64800   0.9767386E+0000  -0.6249341E-0015   0.4068709E+0002  -0.6026402E-0003   0.6779516E-0014  -0.1686146E+0000  -0.9184501E+0002
    15.65200   0.9767386E+0000   0.7448469E-0015   0.4068687E+0002  -0.6026402E-0003   0.6778324E-0014  -0.1689368E+0000  -0.9184501E+0002
    15.65600   0.9767386E+0000   0.4022390E-0015   0.4068670E+0002  -0.6026402E-0003   0.6779841E-0014  -0.1692827E+0000  -0.9184500E+0002
    15.66000   0.9767386E+0000  -0.9675420E-0015   0.4068658E+0002  -0.6026402E-0003   0.6775938E-0014  -0.1696511E+0000  -0.9184499E+0002
    15.66400   0.9767386E+0000   0.5984796E-0016   0.4068651E+0002  -0.6026402E-0003   0.6776155E-0014  -0.1700410E+0000  -0.9184497E+0002
    15.66800   0.9767386E+0000  -0.2825431E-0015   0.4068648E+0002  -0.6026402E-0003   0.6773661E-0014  -0.1704510E+0000  -0.9184495E+0002
    15.67200   0.9767386E+0000   0.5984796E-0016   0.4068650E+0002  -0.6026402E-0003   0.6777890E-0014  -0.1708799E+0000  -0.9184493E+0002
    15.67600   0.9767386E+0000  -0.2825431E-0015   0.4068655E+0002  -0.6026402E-0003   0.6776697E-0014  -0.1713261E+0000  -0.9184489E+0002
    15.68000   0.9767386E+0000   0.4024558E-0015   0.4068665E+0002  -0.6026402E-0003   0.6775505E-0014  -0.1717880E+0000  -0.9184485E+0002
    15.68400   0.9767386E+0000  -0.2825431E-0015   0.4068677E+0002  -0.6026402E-0003   0.6775721E-0014  -0.1722641E+0000  -0.9184481E+0002
    15.68800   0.9767386E+0000  -0.9675420E-0015   0.4068693E+0002  -0.6026402E-0003   0.6775938E-0014  -0.1727528E+0000  -0.9184476E+0002
    15.69200   0.9767386E+0000  -0.9675420E-0015   0.4068711E+0002  -0.6026402E-0003   0.6780167E-0014  -0.1732522E+0000  -0.9184470E+0002
    15.69600   0.9767386E+0000  -0.2825431E-0015   0.4068730E+0002  -0.6026402E-0003   0.6781685E-0014  -0.1737607E+0000  -0.9184463E+0002
    15.70000   0.9767386E+0000   0.4022390E-0015   0.4068752E+0002  -0.6026402E-0003   0.6775071E-0014  -0.1742766E+0000  -0.9184456E+0002
    15.70400   0.9767386E+0000   0.5963112E-0016   0.4068774E+0002  -0.6026402E-0003   0.6775288E-0014  -0.1747982E+0000  -0.9184448E+0002
    15.70800   0.9767386E+0000   0.5963112E-0016   0.4068796E+0002  -0.6026402E-0003   0.6778107E-0014  -0.1753240E+0000  -0.9184440E+0002
    15.71200   0.9767386E+0000  -0.6251510E-0015   0.4068818E+0002  -0.6026402E-0003   0.6778215E-0014  -0.1758523E+0000  -0.9184430E+0002
    15.71600   0.9767386E+0000  -0.2827599E-0015   0.4068840E+0002  -0.6026402E-0003   0.6778432E-0014  -0.1763817E+0000  -0.9184421E+0002
    15.72000   0.9767386E+0000   0.7446301E-0015   0.4068861E+0002  -0.6026402E-0003   0.6775938E-0014  -0.1769107E+0000  -0.9184410E+0002
    15.72400   0.9767386E+0000   0.5984796E-0016   0.4068880E+0002  -0.6026402E-0003   0.6777456E-0014  -0.1774381E+0000  -0.9184399E+0002
    15.72800   0.9767386E+0000   0.5984796E-0016   0.4068897E+0002  -0.6026402E-0003   0.6772252E-0014  -0.1779627E+0000  -0.9184388E+0002
    15.73200   0.9767386E+0000   0.5984796E-0016   0.4068912E+0002  -0.6026402E-0003   0.6776372E-0014  -0.1784834E+0000  -0.9184376E+0002
    15.73600   0.9767386E+0000   0.4024558E-0015   0.4068925E+0002  -0.6026402E-0003   0.6779191E-0014  -0.1789992E+0000  -0.9184363E+0002
    15.74000   0.9767386E+0000   0.6006480E-0016   0.4068935E+0002  -0.6026402E-0003   0.6775288E-0014  -0.1795095E+0000  -0.9184350E+0002
    15.74400   0.9767386E+0000   0.6006480E-0016   0.4068941E+0002  -0.6026402E-0003   0.6771493E-0014  -0.1800134E+0000  -0.9184337E+0002
    15.74800   0.9767386E+0000  -0.6249341E-0015   0.4068945E+0002  -0.6026402E-0003   0.6774312E-0014  -0.1805104E+0000  -0.9184324E+0002
    15.75200   0.9767386E+0000   0.7448469E-0015   0.4068945E+0002  -0.6026402E-0003   0.6773119E-0014  -0.1810000E+0000  -0.9184310E+0002
    15.75600   0.9767386E+0000   0.6006480E-0016   0.4068942E+0002  -0.6026402E-0003   0.6769325E-0014  -0.1814820E+0000  -0.9184295E+0002
    15.76000   0.9767386E+0000  -0.2823262E-0015   0.4068936E+0002  -0.6026402E-0003   0.6773553E-0014  -0.1819561E+0000  -0.9184281E+0002
    15.76400   0.9767386E+0000  -0.2823262E-0015   0.4068926E+0002  -0.6026402E-0003   0.6770951E-0014  -0.1824222E+0000  -0.9184267E+0002
    15.76800   0.9767386E+0000   0.7450637E-0015   0.4068913E+0002  -0.6026402E-0003   0.6775071E-0014  -0.1828801E+0000  -0.9184252E+0002
    15.77200   0.9767386E+0000   0.6006480E-0016   0.4068896E+0002  -0.6026402E-0003   0.6777998E-0014  -0.1833300E+0000  -0.9184237E+0002
    15.77600   0.9767386E+0000  -0.2825431E-0015   0.4068877E+0002  -0.6026402E-0003   0.6778215E-0014  -0.1837718E+0000  -0.9184223E+0002
    15.78000   0.9767386E+0000  -0.9675420E-0015   0.4068855E+0002  -0.6026402E-0003   0.6779625E-0014  -0.1842058E+0000  -0.9184208E+0002
    15.78400   0.9767386E+0000   0.5984796E-0016   0.4068831E+0002  -0.6026402E-0003   0.6774420E-0014  -0.1846320E+0000  -0.9184194E+0002
    15.78800   0.9767386E+0000  -0.2825431E-0015   0.4068804E+0002  -0.6026402E-0003   0.6774529E-0014  -0.1850505E+0000  -0.9184180E+0002
    15.79200   0.9767386E+0000  -0.2825431E-0015   0.4068775E+0002  -0.6026402E-0003   0.6773336E-0014  -0.1854615E+0000  -0.9184165E+0002
    15.79600   0.9767386E+0000  -0.2825431E-0015   0.4068744E+0002  -0.6026402E-0003   0.6777456E-0014  -0.1858650E+0000  -0.9184152E+0002
    15.80000   0.9767386E+0000  -0.2825431E-0015   0.4068712E+0002  -0.6026402E-0003   0.6777673E-0014  -0.1862611E+0000  -0.9184138E+0002
    15.80400   0.9767386E+0000   0.7448469E-0015   0.4068679E+0002  -0.6026402E-0003   0.6779191E-0014  -0.1866498E+0000  -0.9184125E+0002
    15.80800   0.9767386E+0000  -0.2825431E-0015   0.4068644E+0002  -0.6026402E-0003   0.6782010E-0014  -0.1870310E+0000  -0.9184112E+0002
    15.81200   0.9767386E+0000   0.6006480E-0016   0.4068609E+0002  -0.6026402E-0003   0.6776806E-0014  -0.1874044E+0000  -0.9184099E+0002
    15.81600   0.9767386E+0000   0.4024558E-0015   0.4068573E+0002  -0.6026402E-0003   0.6779733E-0014  -0.1877700E+0000  -0.9184087E+0002
    15.82000   0.9767386E+0000   0.4024558E-0015   0.4068537E+0002  -0.6026402E-0003   0.6779950E-0014  -0.1881273E+0000  -0.9184076E+0002
    15.82400   0.9767386E+0000  -0.6249341E-0015   0.4068500E+0002  -0.6026402E-0003   0.6777348E-0014  -0.1884758E+0000  -0.9184064E+0002
    15.82800   0.9767386E+0000   0.5984796E-0016   0.4068463E+0002  -0.6026402E-0003   0.6782877E-0014  -0.1888150E+0000  -0.9184053E+0002
    15.83200   0.9767386E+0000   0.5984796E-0016   0.4068426E+0002  -0.6026402E-0003   0.6780384E-0014  -0.1891443E+0000  -0.9184043E+0002
    15.83600   0.9767386E+0000  -0.6249341E-0015   0.4068389E+0002  -0.6026402E-0003   0.6781901E-0014  -0.1894628E+0000  -0.9184033E+0002
    15.84000   0.9767386E+0000  -0.2825431E-0015   0.4068351E+0002  -0.6026402E-0003   0.6778053E-0014  -0.1897698E+0000  -0.9184023E+0002
    15.84400   0.9767386E+0000   0.7448469E-0015   0.4068313E+0002  -0.6026402E-0003   0.6778215E-0014  -0.1900642E+0000  -0.9184013E+0002
    15.84800   0.9767386E+0000   0.4024558E-0015   0.4068275E+0002  -0.6026402E-0003   0.6783745E-0014  -0.1903452E+0000  -0.9184004E+0002
    15.85200   0.9767386E+0000  -0.2825431E-0015   0.4068235E+0002  -0.6026402E-0003   0.6774529E-0014  -0.1906116E+0000  -0.9183996E+0002
    15.85600   0.9767386E+0000  -0.6249341E-0015   0.4068195E+0002  -0.6026402E-0003   0.6782715E-0014  -0.1908622E+0000  -0.9183987E+0002
    15.86000   0.9767386E+0000   0.4024558E-0015   0.4068153E+0002  -0.6026402E-0003   0.6780221E-0014  -0.1910961E+0000  -0.9183979E+0002
    15.86400   0.9767386E+0000   0.7448469E-0015   0.4068110E+0002  -0.6026402E-0003   0.6787051E-0014  -0.1913118E+0000  -0.9183971E+0002
    15.86800   0.9767386E+0000   0.7448469E-0015   0.4068065E+0002  -0.6026402E-0003   0.6784558E-0014  -0.1915085E+0000  -0.9183964E+0002
    15.87200   0.9767386E+0000  -0.6251510E-0015   0.4068018E+0002  -0.6026402E-0003   0.6780655E-0014  -0.1916848E+0000  -0.9183956E+0002
    15.87600   0.9767386E+0000   0.5963112E-0016   0.4067969E+0002  -0.6026402E-0003   0.6784829E-0014  -0.1918397E+0000  -0.9183949E+0002
    15.88000   0.9767386E+0000  -0.2827599E-0015   0.4067916E+0002  -0.6026402E-0003   0.6786347E-0014  -0.1919721E+0000  -0.9183942E+0002
    15.88400   0.9767386E+0000   0.5963112E-0016   0.4067861E+0002  -0.6026402E-0003   0.6786509E-0014  -0.1920812E+0000  -0.9183935E+0002
    15.88800   0.9767386E+0000   0.4020222E-0015   0.4067802E+0002  -0.6026402E-0003   0.6782660E-0014  -0.1921661E+0000  -0.9183928E+0002
    15.89200   0.9767386E+0000   0.5963112E-0016   0.4067739E+0002  -0.6026402E-0003   0.6789545E-0014  -0.1922260E+0000  -0.9183921E+0002
    15.89600   0.9767386E+0000  -0.9675420E-0015   0.4067672E+0002  -0.6026402E-0003   0.6789708E-0014  -0.1922603E+0000  -0.9183915E+0002
    15.90000   0.9767386E+0000   0.7446301E-0015   0.4067600E+0002  -0.6026402E-0003   0.6788515E-0014  -0.1922686E+0000  -0.9183908E+0002
    15.90400   0.9767386E+0000   0.5963112E-0016   0.4067524E+0002  -0.6026402E-0003   0.6791334E-0014  -0.1922507E+0000  -0.9183901E+0002
    15.90800   0.9767386E+0000   0.5963112E-0016   0.4067443E+0002  -0.6026402E-0003   0.6791497E-0014  -0.1922063E+0000  -0.9183895E+0002
    15.91200   0.9767386E+0000  -0.6251510E-0015   0.4067358E+0002  -0.6026402E-0003   0.6791659E-0014  -0.1921356E+0000  -0.9183888E+0002
    15.91600   0.9767386E+0000  -0.2825431E-0015   0.4067267E+0002  -0.6026402E-0003   0.6793177E-0014  -0.1920388E+0000  -0.9183882E+0002
    15.92000   0.9767386E+0000   0.4022390E-0015   0.4067171E+0002  -0.6026402E-0003   0.6791985E-0014  -0.1919162E+0000  -0.9183875E+0002
    15.92400   0.9767386E+0000   0.7448469E-0015   0.4067070E+0002  -0.6026402E-0003   0.6797460E-0014  -0.1917687E+0000  -0.9183869E+0002
    15.92800   0.9767386E+0000   0.4022390E-0015   0.4066964E+0002  -0.6026402E-0003   0.6797622E-0014  -0.1915968E+0000  -0.9183863E+0002
    15.93200   0.9767386E+0000   0.5984796E-0016   0.4066853E+0002  -0.6026402E-0003   0.6800441E-0014  -0.1914017E+0000  -0.9183857E+0002
    15.93600   0.9767386E+0000  -0.2825431E-0015   0.4066737E+0002  -0.6026402E-0003   0.6796592E-0014  -0.1911845E+0000  -0.9183851E+0002
    15.94000   0.9767386E+0000  -0.6249341E-0015   0.4066616E+0002  -0.6026402E-0003   0.6800767E-0014  -0.1909467E+0000  -0.9183845E+0002
    15.94400   0.9767386E+0000  -0.2825431E-0015   0.4066492E+0002  -0.6026402E-0003   0.6802230E-0014  -0.1906896E+0000  -0.9183839E+0002
    15.94800   0.9767386E+0000   0.6006480E-0016   0.4066363E+0002  -0.6026402E-0003   0.6803748E-0014  -0.1904150E+0000  -0.9183834E+0002
    15.95200   0.9767386E+0000  -0.2823262E-0015   0.4066231E+0002  -0.6026402E-0003   0.6806567E-0014  -0.1901247E+0000  -0.9183829E+0002
    15.95600   0.9767386E+0000  -0.2823262E-0015   0.4066096E+0002  -0.6026402E-0003   0.6809413E-0014  -0.1898208E+0000  -0.9183824E+0002
    15.96000   0.9767386E+0000   0.7450637E-0015   0.4065957E+0002  -0.6026402E-0003   0.6808220E-0014  -0.1895052E+0000  -0.9183820E+0002
    15.96400   0.9767386E+0000  -0.2823262E-0015   0.4065817E+0002  -0.6026402E-0003   0.6809711E-0014  -0.1891803E+0000  -0.9183815E+0002
    15.96800   0.9767386E+0000   0.4026727E-0015   0.4065675E+0002  -0.6026402E-0003   0.6812557E-0014  -0.1888482E+0000  -0.9183811E+0002
    15.97200   0.9767386E+0000  -0.2823262E-0015   0.4065531E+0002  -0.6026402E-0003   0.6815403E-0014  -0.1885114E+0000  -0.9183808E+0002
    15.97600   0.9767386E+0000   0.6006480E-0016   0.4065386E+0002  -0.6026402E-0003   0.6816894E-0014  -0.1881722E+0000  -0.9183805E+0002
    15.98000   0.9767386E+0000  -0.2825431E-0015   0.4065242E+0002  -0.6026402E-0003   0.6823725E-0014  -0.1878332E+0000  -0.9183803E+0002
    15.98400   0.9767386E+0000  -0.9673252E-0015   0.4065097E+0002  -0.6026402E-0003   0.6819876E-0014  -0.1874968E+0000  -0.9183801E+0002
    15.98800   0.9767386E+0000  -0.6247173E-0015   0.4064953E+0002  -0.6026402E-0003   0.6828061E-0014  -0.1871654E+0000  -0.9183799E+0002
    15.99200   0.9767386E+0000   0.7450637E-0015   0.4064811E+0002  -0.6026402E-0003   0.6829579E-0014  -0.1868417E+0000  -0.9183798E+0002
    15.99600   0.9767386E+0000   0.7450637E-0015   0.4064670E+0002  -0.6026402E-0003   0.6827058E-0014  -0.1865279E+0000  -0.9183797E+0002
    16.00000   0.9767386E+0000   0.1087455E-0014   0.4064531E+0002  -0.6026402E-0003   0.6829877E-0014  -0.1862265E+0000  -0.9183797E+0002
    16.00400   0.9767386E+0000   0.4026727E-0015   0.4064396E+0002  -0.6026402E-0003   0.6828685E-0014  -0.1859398E+0000  -0.9183798E+0002
    16.00800   0.9767386E+0000  -0.6247173E-0015   0.4064263E+0002  -0.6026402E-0003   0.6835515E-0014  -0.1856700E+0000  -0.9183799E+0002
    16.01200   0.9767386E+0000  -0.2821094E-0015   0.4064134E+0002  -0.6026402E-0003   0.6832994E-0014  -0.1854193E+0000  -0.9183801E+0002
    16.01600   0.9767386E+0000   0.6028164E-0016   0.4064008E+0002  -0.6026402E-0003   0.6838497E-0014  -0.1851897E+0000  -0.9183803E+0002
    16.02000   0.9767386E+0000  -0.2821094E-0015   0.4063887E+0002  -0.6026402E-0003   0.6838659E-0014  -0.1849830E+0000  -0.9183805E+0002
    16.02400   0.9767386E+0000  -0.2821094E-0015   0.4063770E+0002  -0.6026402E-0003   0.6842834E-0014  -0.1848009E+0000  -0.9183809E+0002
    16.02800   0.9767386E+0000  -0.9671083E-0015   0.4063658E+0002  -0.6026402E-0003   0.6841668E-0014  -0.1846451E+0000  -0.9183812E+0002
    16.03200   0.9767386E+0000   0.4026727E-0015   0.4063551E+0002  -0.6026402E-0003   0.6845842E-0014  -0.1845170E+0000  -0.9183816E+0002
    16.03600   0.9767386E+0000   0.6028164E-0016   0.4063449E+0002  -0.6026402E-0003   0.6839310E-0014  -0.1844178E+0000  -0.9183821E+0002
    16.04000   0.9767386E+0000   0.4026727E-0015   0.4063352E+0002  -0.6026402E-0003   0.6840828E-0014  -0.1843485E+0000  -0.9183826E+0002
    16.04400   0.9767386E+0000   0.6006480E-0016   0.4063261E+0002  -0.6026402E-0003   0.6850342E-0014  -0.1843101E+0000  -0.9183831E+0002
    16.04800   0.9767386E+0000   0.4024558E-0015   0.4063174E+0002  -0.6026402E-0003   0.6847821E-0014  -0.1843033E+0000  -0.9183837E+0002
    16.05200   0.9767386E+0000  -0.6249341E-0015   0.4063093E+0002  -0.6026402E-0003   0.6845300E-0014  -0.1843284E+0000  -0.9183843E+0002
    16.05600   0.9767386E+0000  -0.9675420E-0015   0.4063017E+0002  -0.6026402E-0003   0.6852158E-0014  -0.1843860E+0000  -0.9183850E+0002
    16.06000   0.9767386E+0000  -0.2825431E-0015   0.4062947E+0002  -0.6026402E-0003   0.6849637E-0014  -0.1844761E+0000  -0.9183857E+0002
    16.06400   0.9767386E+0000  -0.2825431E-0015   0.4062881E+0002  -0.6026402E-0003   0.6851128E-0014  -0.1845987E+0000  -0.9183864E+0002
    16.06800   0.9767386E+0000   0.6006480E-0016   0.4062821E+0002  -0.6026402E-0003   0.6855302E-0014  -0.1847537E+0000  -0.9183872E+0002
    16.07200   0.9767386E+0000  -0.9673252E-0015   0.4062766E+0002  -0.6026402E-0003   0.6851453E-0014  -0.1849407E+0000  -0.9183880E+0002
    16.07600   0.9767386E+0000  -0.2825431E-0015   0.4062715E+0002  -0.6026402E-0003   0.6852971E-0014  -0.1851594E+0000  -0.9183888E+0002
    16.08000   0.9767386E+0000   0.4022390E-0015   0.4062669E+0002  -0.6026402E-0003   0.6854462E-0014  -0.1854091E+0000  -0.9183896E+0002
    16.08400   0.9767386E+0000  -0.6251510E-0015   0.4062628E+0002  -0.6026402E-0003   0.6857308E-0014  -0.1856893E+0000  -0.9183905E+0002
    16.08800   0.9767386E+0000  -0.6251510E-0015   0.4062591E+0002  -0.6026402E-0003   0.6857470E-0014  -0.1859991E+0000  -0.9183914E+0002
    16.09200   0.9767386E+0000   0.5984796E-0016   0.4062558E+0002  -0.6026402E-0003   0.6856278E-0014  -0.1863377E+0000  -0.9183923E+0002
    16.09600   0.9767386E+0000  -0.2825431E-0015   0.4062530E+0002  -0.6026402E-0003   0.6852429E-0014  -0.1867043E+0000  -0.9183932E+0002
    16.10000   0.9767386E+0000   0.4022390E-0015   0.4062506E+0002  -0.6026402E-0003   0.6855248E-0014  -0.1870979E+0000  -0.9183942E+0002
    16.10400   0.9767386E+0000  -0.2827599E-0015   0.4062486E+0002  -0.6026402E-0003   0.6856711E-0014  -0.1875177E+0000  -0.9183952E+0002
    16.10800   0.9767386E+0000  -0.2827599E-0015   0.4062469E+0002  -0.6026402E-0003   0.6859530E-0014  -0.1879627E+0000  -0.9183962E+0002
    16.11200   0.9767386E+0000   0.5963112E-0016   0.4062457E+0002  -0.6026402E-0003   0.6855627E-0014  -0.1884318E+0000  -0.9183972E+0002
    16.11600   0.9767386E+0000   0.5963112E-0016   0.4062448E+0002  -0.6026402E-0003   0.6858446E-0014  -0.1889243E+0000  -0.9183982E+0002
    16.12000   0.9767386E+0000   0.5963112E-0016   0.4062444E+0002  -0.6026402E-0003   0.6859964E-0014  -0.1894390E+0000  -0.9183992E+0002
    16.12400   0.9767386E+0000   0.5963112E-0016   0.4062443E+0002  -0.6026402E-0003   0.6860127E-0014  -0.1899751E+0000  -0.9184002E+0002
    16.12800   0.9767386E+0000  -0.2827599E-0015   0.4062445E+0002  -0.6026402E-0003   0.6853621E-0014  -0.1905316E+0000  -0.9184013E+0002
    16.13200   0.9767386E+0000  -0.2827599E-0015   0.4062452E+0002  -0.6026402E-0003   0.6859097E-0014  -0.1911077E+0000  -0.9184023E+0002
    16.13600   0.9767386E+0000   0.5963112E-0016   0.4062462E+0002  -0.6026402E-0003   0.6856603E-0014  -0.1917023E+0000  -0.9184034E+0002
    16.14000   0.9767386E+0000   0.7444132E-0015   0.4062475E+0002  -0.6026402E-0003   0.6855410E-0014  -0.1923146E+0000  -0.9184044E+0002
    16.14400   0.9767386E+0000  -0.6253678E-0015   0.4062493E+0002  -0.6026402E-0003   0.6855573E-0014  -0.1929435E+0000  -0.9184055E+0002
    16.14800   0.9767386E+0000   0.4020222E-0015   0.4062514E+0002  -0.6026402E-0003   0.6854380E-0014  -0.1935882E+0000  -0.9184065E+0002
    16.15200   0.9767386E+0000   0.4020222E-0015   0.4062538E+0002  -0.6026402E-0003   0.6854489E-0014  -0.1942475E+0000  -0.9184076E+0002
    16.15600   0.9767386E+0000  -0.2829768E-0015   0.4062566E+0002  -0.6026402E-0003   0.6854651E-0014  -0.1949204E+0000  -0.9184086E+0002
    16.16000   0.9767386E+0000  -0.2829768E-0015   0.4062597E+0002  -0.6026402E-0003   0.6854814E-0014  -0.1956056E+0000  -0.9184096E+0002
    16.16400   0.9767386E+0000   0.4020222E-0015   0.4062631E+0002  -0.6026402E-0003   0.6856332E-0014  -0.1963021E+0000  -0.9184106E+0002
    16.16800   0.9767386E+0000  -0.6253678E-0015   0.4062668E+0002  -0.6026402E-0003   0.6857850E-0014  -0.1970084E+0000  -0.9184115E+0002
    16.17200   0.9767386E+0000   0.5941428E-0016   0.4062708E+0002  -0.6026402E-0003   0.6851345E-0014  -0.1977229E+0000  -0.9184125E+0002
    16.17600   0.9767386E+0000   0.4020222E-0015   0.4062750E+0002  -0.6026402E-0003   0.6854164E-0014  -0.1984443E+0000  -0.9184133E+0002
    16.18000   0.9767386E+0000   0.5963112E-0016   0.4062794E+0002  -0.6026402E-0003   0.6854326E-0014  -0.1991706E+0000  -0.9184142E+0002
    16.18400   0.9767386E+0000  -0.6253678E-0015   0.4062840E+0002  -0.6026402E-0003   0.6850477E-0014  -0.1999001E+0000  -0.9184150E+0002
    16.18800   0.9767386E+0000  -0.6253678E-0015   0.4062887E+0002  -0.6026402E-0003   0.6851995E-0014  -0.2006308E+0000  -0.9184158E+0002
    16.19200   0.9767386E+0000  -0.2827599E-0015   0.4062935E+0002  -0.6026402E-0003   0.6852158E-0014  -0.2013604E+0000  -0.9184165E+0002
    16.19600   0.9767386E+0000   0.4022390E-0015   0.4062984E+0002  -0.6026402E-0003   0.6846954E-0014  -0.2020868E+0000  -0.9184171E+0002
    16.20000   0.9767386E+0000   0.7446301E-0015   0.4063033E+0002  -0.6026402E-0003   0.6848471E-0014  -0.2028074E+0000  -0.9184177E+0002
    16.20400   0.9767386E+0000   0.4022390E-0015   0.4063081E+0002  -0.6026402E-0003   0.6852646E-0014  -0.2035197E+0000  -0.9184183E+0002
    16.20800   0.9767386E+0000  -0.6251510E-0015   0.4063128E+0002  -0.6026402E-0003   0.6846140E-0014  -0.2042212E+0000  -0.9184188E+0002
    16.21200   0.9767386E+0000  -0.2827599E-0015   0.4063174E+0002  -0.6026402E-0003   0.6844948E-0014  -0.2049090E+0000  -0.9184192E+0002
    16.21600   0.9767386E+0000  -0.2827599E-0015   0.4063217E+0002  -0.6026402E-0003   0.6846466E-0014  -0.2055803E+0000  -0.9184195E+0002
    16.22000   0.9767386E+0000  -0.6251510E-0015   0.4063258E+0002  -0.6026402E-0003   0.6846628E-0014  -0.2062323E+0000  -0.9184198E+0002
    16.22400   0.9767386E+0000  -0.9675420E-0015   0.4063296E+0002  -0.6026402E-0003   0.6849447E-0014  -0.2068621E+0000  -0.9184200E+0002
    16.22800   0.9767386E+0000   0.5984796E-0016   0.4063330E+0002  -0.6026402E-0003   0.6841587E-0014  -0.2074669E+0000  -0.9184201E+0002
    16.23200   0.9767386E+0000   0.4024558E-0015   0.4063359E+0002  -0.6026402E-0003   0.6840448E-0014  -0.2080438E+0000  -0.9184202E+0002
    16.23600   0.9767386E+0000  -0.2825431E-0015   0.4063384E+0002  -0.6026402E-0003   0.6843267E-0014  -0.2085900E+0000  -0.9184202E+0002
    16.24000   0.9767386E+0000   0.4024558E-0015   0.4063404E+0002  -0.6026402E-0003   0.6842129E-0014  -0.2091028E+0000  -0.9184201E+0002
    16.24400   0.9767386E+0000  -0.2825431E-0015   0.4063419E+0002  -0.6026402E-0003   0.6846303E-0014  -0.2095796E+0000  -0.9184199E+0002
    16.24800   0.9767386E+0000  -0.6249341E-0015   0.4063427E+0002  -0.6026402E-0003   0.6843809E-0014  -0.2100181E+0000  -0.9184197E+0002
    16.25200   0.9767386E+0000   0.4024558E-0015   0.4063430E+0002  -0.6026402E-0003   0.6843972E-0014  -0.2104159E+0000  -0.9184194E+0002
    16.25600   0.9767386E+0000  -0.2825431E-0015   0.4063426E+0002  -0.6026402E-0003   0.6844135E-0014  -0.2107708E+0000  -0.9184190E+0002
    16.26000   0.9767386E+0000   0.4022390E-0015   0.4063416E+0002  -0.6026402E-0003   0.6845598E-0014  -0.2110811E+0000  -0.9184186E+0002
    16.26400   0.9767386E+0000   0.5984796E-0016   0.4063399E+0002  -0.6026402E-0003   0.6847062E-0014  -0.2113449E+0000  -0.9184181E+0002
    16.26800   0.9767386E+0000  -0.2825431E-0015   0.4063375E+0002  -0.6026402E-0003   0.6844568E-0014  -0.2115609E+0000  -0.9184175E+0002
    16.27200   0.9767386E+0000   0.4022390E-0015   0.4063345E+0002  -0.6026402E-0003   0.6840719E-0014  -0.2117276E+0000  -0.9184169E+0002
    16.27600   0.9767386E+0000   0.5984796E-0016   0.4063308E+0002  -0.6026402E-0003   0.6848905E-0014  -0.2118441E+0000  -0.9184162E+0002
    16.28000   0.9767386E+0000   0.5984796E-0016   0.4063264E+0002  -0.6026402E-0003   0.6849068E-0014  -0.2119096E+0000  -0.9184155E+0002
    16.28400   0.9767386E+0000  -0.2825431E-0015   0.4063214E+0002  -0.6026402E-0003   0.6845219E-0014  -0.2119234E+0000  -0.9184148E+0002
    16.28800   0.9767386E+0000  -0.6249341E-0015   0.4063158E+0002  -0.6026402E-0003   0.6845381E-0014  -0.2118851E+0000  -0.9184140E+0002
    16.29200   0.9767386E+0000   0.4022390E-0015   0.4063095E+0002  -0.6026402E-0003   0.6846899E-0014  -0.2117947E+0000  -0.9184132E+0002
    16.29600   0.9767386E+0000   0.4022390E-0015   0.4063027E+0002  -0.6026402E-0003   0.6851074E-0014  -0.2116521E+0000  -0.9184124E+0002
    16.30000   0.9767386E+0000  -0.2827599E-0015   0.4062953E+0002  -0.6026402E-0003   0.6849881E-0014  -0.2114574E+0000  -0.9184116E+0002
    16.30400   0.9767386E+0000   0.5963112E-0016   0.4062873E+0002  -0.6026402E-0003   0.6852700E-0014  -0.2112111E+0000  -0.9184107E+0002
    16.30800   0.9767386E+0000   0.4022390E-0015   0.4062788E+0002  -0.6026402E-0003   0.6855519E-0014  -0.2109137E+0000  -0.9184099E+0002
    16.31200   0.9767386E+0000   0.4022390E-0015   0.4062699E+0002  -0.6026402E-0003   0.6849014E-0014  -0.2105657E+0000  -0.9184091E+0002
    16.31600   0.9767386E+0000  -0.2825431E-0015   0.4062605E+0002  -0.6026402E-0003   0.6855898E-0014  -0.2101679E+0000  -0.9184082E+0002
    16.32000   0.9767386E+0000   0.5984796E-0016   0.4062507E+0002  -0.6026402E-0003   0.6850694E-0014  -0.2097211E+0000  -0.9184074E+0002
    16.32400   0.9767386E+0000   0.5984796E-0016   0.4062404E+0002  -0.6026402E-0003   0.6854868E-0014  -0.2092263E+0000  -0.9184066E+0002
    16.32800   0.9767386E+0000   0.5984796E-0016   0.4062299E+0002  -0.6026402E-0003   0.6860398E-0014  -0.2086843E+0000  -0.9184058E+0002
    16.33200   0.9767386E+0000  -0.2825431E-0015   0.4062189E+0002  -0.6026402E-0003   0.6857904E-0014  -0.2080961E+0000  -0.9184050E+0002
    16.33600   0.9767386E+0000  -0.2825431E-0015   0.4062077E+0002  -0.6026402E-0003   0.6860723E-0014  -0.2074629E+0000  -0.9184043E+0002
    16.34000   0.9767386E+0000  -0.2825431E-0015   0.4061961E+0002  -0.6026402E-0003   0.6860886E-0014  -0.2067856E+0000  -0.9184036E+0002
    16.34400   0.9767386E+0000  -0.2825431E-0015   0.4061843E+0002  -0.6026402E-0003   0.6866415E-0014  -0.2060653E+0000  -0.9184029E+0002
    16.34800   0.9767386E+0000   0.4022390E-0015   0.4061723E+0002  -0.6026402E-0003   0.6863921E-0014  -0.2053029E+0000  -0.9184023E+0002
    16.35200   0.9767386E+0000  -0.9675420E-0015   0.4061599E+0002  -0.6026402E-0003   0.6862783E-0014  -0.2044997E+0000  -0.9184017E+0002
    16.35600   0.9767386E+0000   0.5984796E-0016   0.4061474E+0002  -0.6026402E-0003   0.6866957E-0014  -0.2036565E+0000  -0.9184012E+0002
    16.36000   0.9767386E+0000   0.7448469E-0015   0.4061346E+0002  -0.6026402E-0003   0.6865764E-0014  -0.2027743E+0000  -0.9184007E+0002
    16.36400   0.9767386E+0000   0.5984796E-0016   0.4061217E+0002  -0.6026402E-0003   0.6873950E-0014  -0.2018543E+0000  -0.9184002E+0002
    16.36800   0.9767386E+0000  -0.2827599E-0015   0.4061085E+0002  -0.6026402E-0003   0.6871457E-0014  -0.2008974E+0000  -0.9183998E+0002
    16.37200   0.9767386E+0000   0.5984796E-0016   0.4060951E+0002  -0.6026402E-0003   0.6872974E-0014  -0.1999045E+0000  -0.9183995E+0002
    16.37600   0.9767386E+0000   0.5984796E-0016   0.4060816E+0002  -0.6026402E-0003   0.6874492E-0014  -0.1988768E+0000  -0.9183992E+0002
    16.38000   0.9767386E+0000   0.4024558E-0015   0.4060678E+0002  -0.6026402E-0003   0.6876010E-0014  -0.1978151E+0000  -0.9183989E+0002
    16.38400   0.9767386E+0000   0.4024558E-0015   0.4060539E+0002  -0.6026402E-0003   0.6880130E-0014  -0.1967207E+0000  -0.9183987E+0002
    16.38800   0.9767386E+0000   0.6006480E-0016   0.4060398E+0002  -0.6026402E-0003   0.6880293E-0014  -0.1955946E+0000  -0.9183985E+0002
    16.39200   0.9767386E+0000  -0.2823262E-0015   0.4060254E+0002  -0.6026402E-0003   0.6883112E-0014  -0.1944379E+0000  -0.9183983E+0002
    16.39600   0.9767386E+0000   0.6006480E-0016   0.4060110E+0002  -0.6026402E-0003   0.6888641E-0014  -0.1932518E+0000  -0.9183982E+0002
    16.40000   0.9767386E+0000   0.6006480E-0016   0.4059963E+0002  -0.6026402E-0003   0.6884792E-0014  -0.1920378E+0000  -0.9183981E+0002
    16.40400   0.9767386E+0000   0.4026727E-0015   0.4059814E+0002  -0.6026402E-0003   0.6886310E-0014  -0.1907970E+0000  -0.9183980E+0002
    16.40800   0.9767386E+0000  -0.6247173E-0015   0.4059664E+0002  -0.6026402E-0003   0.6889129E-0014  -0.1895310E+0000  -0.9183979E+0002
    16.41200   0.9767386E+0000  -0.2823262E-0015   0.4059512E+0002  -0.6026402E-0003   0.6890647E-0014  -0.1882414E+0000  -0.9183979E+0002
    16.41600   0.9767386E+0000  -0.2823262E-0015   0.4059358E+0002  -0.6026402E-0003   0.6896176E-0014  -0.1869298E+0000  -0.9183979E+0002
    16.42000   0.9767386E+0000  -0.2823262E-0015   0.4059203E+0002  -0.6026402E-0003   0.6897694E-0014  -0.1855980E+0000  -0.9183978E+0002
    16.42400   0.9767386E+0000   0.6006480E-0016   0.4059046E+0002  -0.6026402E-0003   0.6900567E-0014  -0.1842479E+0000  -0.9183978E+0002
    16.42800   0.9767386E+0000  -0.6249341E-0015   0.4058888E+0002  -0.6026402E-0003   0.6900730E-0014  -0.1828815E+0000  -0.9183978E+0002
    16.43200   0.9767386E+0000   0.6006480E-0016   0.4058729E+0002  -0.6026402E-0003   0.6903603E-0014  -0.1815008E+0000  -0.9183978E+0002
    16.43600   0.9767386E+0000   0.4024558E-0015   0.4058568E+0002  -0.6026402E-0003   0.6899754E-0014  -0.1801081E+0000  -0.9183977E+0002
    16.44000   0.9767386E+0000  -0.2823262E-0015   0.4058407E+0002  -0.6026402E-0003   0.6903874E-0014  -0.1787058E+0000  -0.9183977E+0002
    16.44400   0.9767386E+0000  -0.2823262E-0015   0.4058244E+0002  -0.6026402E-0003   0.6910705E-0014  -0.1772962E+0000  -0.9183976E+0002
    16.44800   0.9767386E+0000   0.7450637E-0015   0.4058081E+0002  -0.6026402E-0003   0.6914879E-0014  -0.1758818E+0000  -0.9183975E+0002
    16.45200   0.9767386E+0000  -0.2821094E-0015   0.4057918E+0002  -0.6026402E-0003   0.6916397E-0014  -0.1744652E+0000  -0.9183974E+0002
    16.45600   0.9767386E+0000  -0.2821094E-0015   0.4057755E+0002  -0.6026402E-0003   0.6916559E-0014  -0.1730490E+0000  -0.9183972E+0002
    16.46000   0.9767386E+0000   0.7452806E-0015   0.4057592E+0002  -0.6026402E-0003   0.6916722E-0014  -0.1716360E+0000  -0.9183970E+0002
    16.46400   0.9767386E+0000  -0.2821094E-0015   0.4057429E+0002  -0.6026402E-0003   0.6916885E-0014  -0.1702288E+0000  -0.9183967E+0002
    16.46800   0.9767386E+0000   0.6028164E-0016   0.4057268E+0002  -0.6026402E-0003   0.6919704E-0014  -0.1688304E+0000  -0.9183965E+0002
    16.47200   0.9767386E+0000   0.7450637E-0015   0.4057107E+0002  -0.6026402E-0003   0.6925206E-0014  -0.1674433E+0000  -0.9183961E+0002
    16.47600   0.9767386E+0000   0.6028164E-0016   0.4056948E+0002  -0.6026402E-0003   0.6928025E-0014  -0.1660705E+0000  -0.9183958E+0002
    16.48000   0.9767386E+0000  -0.6245005E-0015   0.4056790E+0002  -0.6026402E-0003   0.6929516E-0014  -0.1647148E+0000  -0.9183953E+0002
    16.48400   0.9767386E+0000  -0.2818926E-0015   0.4056634E+0002  -0.6026402E-0003   0.6929651E-0014  -0.1633787E+0000  -0.9183948E+0002
    16.48800   0.9767386E+0000  -0.9668915E-0015   0.4056481E+0002  -0.6026402E-0003   0.6932497E-0014  -0.1620651E+0000  -0.9183943E+0002
    16.49200   0.9767386E+0000   0.6049848E-0016   0.4056331E+0002  -0.6026402E-0003   0.6936671E-0014  -0.1607766E+0000  -0.9183937E+0002
    16.49600   0.9767386E+0000   0.4031064E-0015   0.4056183E+0002  -0.6026402E-0003   0.6934151E-0014  -0.1595156E+0000  -0.9183931E+0002
    16.50000   0.9767386E+0000   0.4031064E-0015   0.4056039E+0002  -0.6026402E-0003   0.6939680E-0014  -0.1582847E+0000  -0.9183924E+0002
    16.50400   0.9767386E+0000  -0.6242836E-0015   0.4055898E+0002  -0.6026402E-0003   0.6942499E-0014  -0.1570862E+0000  -0.9183916E+0002
    16.50800   0.9767386E+0000   0.4031064E-0015   0.4055761E+0002  -0.6026402E-0003   0.6939978E-0014  -0.1559221E+0000  -0.9183908E+0002
    16.51200   0.9767386E+0000   0.6071532E-0016   0.4055628E+0002  -0.6026402E-0003   0.6940141E-0014  -0.1547947E+0000  -0.9183900E+0002
    16.51600   0.9767386E+0000   0.6071532E-0016   0.4055499E+0002  -0.6026402E-0003   0.6948326E-0014  -0.1537058E+0000  -0.9183890E+0002
    16.52000   0.9767386E+0000   0.4031064E-0015   0.4055374E+0002  -0.6026402E-0003   0.6952501E-0014  -0.1526572E+0000  -0.9183881E+0002
    16.52400   0.9767386E+0000   0.4031064E-0015   0.4055255E+0002  -0.6026402E-0003   0.6948652E-0014  -0.1516504E+0000  -0.9183871E+0002
    16.52800   0.9767386E+0000   0.6049848E-0016   0.4055139E+0002  -0.6026402E-0003   0.6950143E-0014  -0.1506869E+0000  -0.9183860E+0002
    16.53200   0.9767386E+0000   0.6049848E-0016   0.4055028E+0002  -0.6026402E-0003   0.6950292E-0014  -0.1497679E+0000  -0.9183849E+0002
    16.53600   0.9767386E+0000   0.6049848E-0016   0.4054922E+0002  -0.6026402E-0003   0.6957149E-0014  -0.1488945E+0000  -0.9183837E+0002
    16.54000   0.9767386E+0000   0.4028895E-0015   0.4054821E+0002  -0.6026402E-0003   0.6954642E-0014  -0.1480677E+0000  -0.9183825E+0002
    16.54400   0.9767386E+0000  -0.2818926E-0015   0.4054724E+0002  -0.6026402E-0003   0.6954805E-0014  -0.1472882E+0000  -0.9183813E+0002
    16.54800   0.9767386E+0000  -0.6245005E-0015   0.4054631E+0002  -0.6026402E-0003   0.6956295E-0014  -0.1465566E+0000  -0.9183800E+0002
    16.55200   0.9767386E+0000   0.4028895E-0015   0.4054543E+0002  -0.6026402E-0003   0.6957786E-0014  -0.1458735E+0000  -0.9183787E+0002
    16.55600   0.9767386E+0000   0.4028895E-0015   0.4054460E+0002  -0.6026402E-0003   0.6956607E-0014  -0.1452392E+0000  -0.9183773E+0002
    16.56000   0.9767386E+0000   0.4028895E-0015   0.4054380E+0002  -0.6026402E-0003   0.6959440E-0014  -0.1446539E+0000  -0.9183759E+0002
    16.56400   0.9767386E+0000   0.4028895E-0015   0.4054304E+0002  -0.6026402E-0003   0.6963607E-0014  -0.1441178E+0000  -0.9183746E+0002
    16.56800   0.9767386E+0000  -0.6245005E-0015   0.4054232E+0002  -0.6026402E-0003   0.6963770E-0014  -0.1436309E+0000  -0.9183731E+0002
    16.57200   0.9767386E+0000  -0.6245005E-0015   0.4054163E+0002  -0.6026402E-0003   0.6961249E-0014  -0.1431933E+0000  -0.9183717E+0002
    16.57600   0.9767386E+0000  -0.2821094E-0015   0.4054098E+0002  -0.6026402E-0003   0.6964081E-0014  -0.1428048E+0000  -0.9183703E+0002
    16.58000   0.9767386E+0000   0.7452806E-0015   0.4054036E+0002  -0.6026402E-0003   0.6968249E-0014  -0.1424653E+0000  -0.9183688E+0002
    16.58400   0.9767386E+0000   0.4026727E-0015   0.4053977E+0002  -0.6026402E-0003   0.6963058E-0014  -0.1421746E+0000  -0.9183674E+0002
    16.58800   0.9767386E+0000   0.6028164E-0016   0.4053921E+0002  -0.6026402E-0003   0.6964549E-0014  -0.1419325E+0000  -0.9183659E+0002
    16.59200   0.9767386E+0000  -0.2823262E-0015   0.4053867E+0002  -0.6026402E-0003   0.6966053E-0014  -0.1417387E+0000  -0.9183645E+0002
    16.59600   0.9767386E+0000   0.4026727E-0015   0.4053816E+0002  -0.6026402E-0003   0.6968899E-0014  -0.1415931E+0000  -0.9183631E+0002
    16.60000   0.9767386E+0000  -0.2823262E-0015   0.4053767E+0002  -0.6026402E-0003   0.6970390E-0014  -0.1414952E+0000  -0.9183617E+0002
    16.60400   0.9767386E+0000   0.7450637E-0015   0.4053720E+0002  -0.6026402E-0003   0.6967869E-0014  -0.1414449E+0000  -0.9183603E+0002
    16.60800   0.9767386E+0000   0.4026727E-0015   0.4053676E+0002  -0.6026402E-0003   0.6966690E-0014  -0.1414418E+0000  -0.9183589E+0002
    16.61200   0.9767386E+0000  -0.2821094E-0015   0.4053633E+0002  -0.6026402E-0003   0.6970864E-0014  -0.1414856E+0000  -0.9183575E+0002
    16.61600   0.9767386E+0000  -0.2821094E-0015   0.4053593E+0002  -0.6026402E-0003   0.6969685E-0014  -0.1415761E+0000  -0.9183562E+0002
    16.62000   0.9767386E+0000  -0.6245005E-0015   0.4053555E+0002  -0.6026402E-0003   0.6968506E-0014  -0.1417129E+0000  -0.9183550E+0002
    16.62400   0.9767386E+0000  -0.6245005E-0015   0.4053519E+0002  -0.6026402E-0003   0.6969997E-0014  -0.1418958E+0000  -0.9183538E+0002
    16.62800   0.9767386E+0000   0.6049848E-0016   0.4053486E+0002  -0.6026402E-0003   0.6971474E-0014  -0.1421244E+0000  -0.9183526E+0002
    16.63200   0.9767386E+0000  -0.2818926E-0015   0.4053455E+0002  -0.6026402E-0003   0.6972965E-0014  -0.1423985E+0000  -0.9183515E+0002
    16.63600   0.9767386E+0000  -0.6242836E-0015   0.4053426E+0002  -0.6026402E-0003   0.6974483E-0014  -0.1427177E+0000  -0.9183504E+0002
    16.64000   0.9767386E+0000  -0.6242836E-0015   0.4053401E+0002  -0.6026402E-0003   0.6971962E-0014  -0.1430816E+0000  -0.9183494E+0002
    16.64400   0.9767386E+0000   0.4031064E-0015   0.4053378E+0002  -0.6026402E-0003   0.6978793E-0014  -0.1434901E+0000  -0.9183485E+0002
    16.64800   0.9767386E+0000   0.6049848E-0016   0.4053359E+0002  -0.6026402E-0003   0.6970932E-0014  -0.1439426E+0000  -0.9183477E+0002
    16.65200   0.9767386E+0000  -0.6242836E-0015   0.4053344E+0002  -0.6026402E-0003   0.6977763E-0014  -0.1444389E+0000  -0.9183470E+0002
    16.65600   0.9767386E+0000   0.6071532E-0016   0.4053333E+0002  -0.6026402E-0003   0.6975242E-0014  -0.1449786E+0000  -0.9183463E+0002
    16.66000   0.9767386E+0000  -0.6242836E-0015   0.4053326E+0002  -0.6026402E-0003   0.6975404E-0014  -0.1455611E+0000  -0.9183457E+0002
    16.66400   0.9767386E+0000   0.4031064E-0015   0.4053324E+0002  -0.6026402E-0003   0.6978250E-0014  -0.1461862E+0000  -0.9183453E+0002
    16.66800   0.9767386E+0000   0.4031064E-0015   0.4053327E+0002  -0.6026402E-0003   0.6975757E-0014  -0.1468532E+0000  -0.9183449E+0002
    16.67200   0.9767386E+0000   0.6049848E-0016   0.4053336E+0002  -0.6026402E-0003   0.6977248E-0014  -0.1475616E+0000  -0.9183447E+0002
    16.67600   0.9767386E+0000   0.6071532E-0016   0.4053350E+0002  -0.6026402E-0003   0.6976082E-0014  -0.1483109E+0000  -0.9183445E+0002
    16.68000   0.9767386E+0000   0.4031064E-0015   0.4053371E+0002  -0.6026402E-0003   0.6973534E-0014  -0.1491004E+0000  -0.9183445E+0002
    16.68400   0.9767386E+0000   0.6071532E-0016   0.4053398E+0002  -0.6026402E-0003   0.6975052E-0014  -0.1499295E+0000  -0.9183446E+0002
    16.68800   0.9767386E+0000  -0.6242836E-0015   0.4053432E+0002  -0.6026402E-0003   0.6972558E-0014  -0.1507973E+0000  -0.9183449E+0002
    16.69200   0.9767386E+0000   0.7454974E-0015   0.4053473E+0002  -0.6026402E-0003   0.6974076E-0014  -0.1517033E+0000  -0.9183453E+0002
    16.69600   0.9767386E+0000   0.6049848E-0016   0.4053522E+0002  -0.6026402E-0003   0.6971528E-0014  -0.1526464E+0000  -0.9183458E+0002
    16.70000   0.9767386E+0000   0.6049848E-0016   0.4053578E+0002  -0.6026402E-0003   0.6972992E-0014  -0.1536258E+0000  -0.9183464E+0002
    16.70400   0.9767386E+0000   0.4028895E-0015   0.4053642E+0002  -0.6026402E-0003   0.6971799E-0014  -0.1546406E+0000  -0.9183472E+0002
    16.70800   0.9767386E+0000  -0.9668915E-0015   0.4053714E+0002  -0.6026402E-0003   0.6974618E-0014  -0.1556897E+0000  -0.9183481E+0002
    16.71200   0.9767386E+0000   0.6049848E-0016   0.4053794E+0002  -0.6026402E-0003   0.6969414E-0014  -0.1567721E+0000  -0.9183492E+0002
    16.71600   0.9767386E+0000   0.4028895E-0015   0.4053883E+0002  -0.6026402E-0003   0.6965565E-0014  -0.1578868E+0000  -0.9183504E+0002
    16.72000   0.9767386E+0000   0.6028164E-0016   0.4053980E+0002  -0.6026402E-0003   0.6968438E-0014  -0.1590324E+0000  -0.9183517E+0002
    16.72400   0.9767386E+0000  -0.2821094E-0015   0.4054084E+0002  -0.6026402E-0003   0.6969956E-0014  -0.1602080E+0000  -0.9183532E+0002
    16.72800   0.9767386E+0000   0.6028164E-0016   0.4054197E+0002  -0.6026402E-0003   0.6962096E-0014  -0.1614121E+0000  -0.9183548E+0002
    16.73200   0.9767386E+0000  -0.2821094E-0015   0.4054317E+0002  -0.6026402E-0003   0.6960903E-0014  -0.1626435E+0000  -0.9183565E+0002
    16.73600   0.9767386E+0000  -0.2821094E-0015   0.4054446E+0002  -0.6026402E-0003   0.6963722E-0014  -0.1639010E+0000  -0.9183584E+0002
    16.74000   0.9767386E+0000  -0.2821094E-0015   0.4054581E+0002  -0.6026402E-0003   0.6958518E-0014  -0.1651830E+0000  -0.9183604E+0002
    16.74400   0.9767386E+0000   0.4028895E-0015   0.4054723E+0002  -0.6026402E-0003   0.6953314E-0014  -0.1664882E+0000  -0.9183625E+0002
    16.74800   0.9767386E+0000   0.6049848E-0016   0.4054872E+0002  -0.6026402E-0003   0.6954832E-0014  -0.1678152E+0000  -0.9183648E+0002
    16.75200   0.9767386E+0000   0.6049848E-0016   0.4055027E+0002  -0.6026402E-0003   0.6953639E-0014  -0.1691624E+0000  -0.9183671E+0002
    16.75600   0.9767386E+0000   0.6049848E-0016   0.4055188E+0002  -0.6026402E-0003   0.6949790E-0014  -0.1705283E+0000  -0.9183695E+0002
    16.76000   0.9767386E+0000  -0.9668915E-0015   0.4055354E+0002  -0.6026402E-0003   0.6951308E-0014  -0.1719112E+0000  -0.9183721E+0002
    16.76400   0.9767386E+0000  -0.9668915E-0015   0.4055525E+0002  -0.6026402E-0003   0.6955482E-0014  -0.1733094E+0000  -0.9183747E+0002
    16.76800   0.9767386E+0000  -0.2818926E-0015   0.4055700E+0002  -0.6026402E-0003   0.6947622E-0014  -0.1747214E+0000  -0.9183774E+0002
    16.77200   0.9767386E+0000   0.6049848E-0016   0.4055879E+0002  -0.6026402E-0003   0.6947784E-0014  -0.1761451E+0000  -0.9183802E+0002
    16.77600   0.9767386E+0000  -0.2818926E-0015   0.4056060E+0002  -0.6026402E-0003   0.6943881E-0014  -0.1775789E+0000  -0.9183830E+0002
    16.78000   0.9767386E+0000   0.4028895E-0015   0.4056244E+0002  -0.6026402E-0003   0.6942689E-0014  -0.1790208E+0000  -0.9183859E+0002
    16.78400   0.9767386E+0000   0.6028164E-0016   0.4056429E+0002  -0.6026402E-0003   0.6934828E-0014  -0.1804687E+0000  -0.9183889E+0002
    16.78800   0.9767386E+0000   0.4026727E-0015   0.4056615E+0002  -0.6026402E-0003   0.6936346E-0014  -0.1819207E+0000  -0.9183918E+0002
    16.79200   0.9767386E+0000   0.6006480E-0016   0.4056802E+0002  -0.6026402E-0003   0.6932497E-0014  -0.1833746E+0000  -0.9183948E+0002
    16.79600   0.9767386E+0000  -0.2823262E-0015   0.4056988E+0002  -0.6026402E-0003   0.6927347E-0014  -0.1848282E+0000  -0.9183978E+0002
    16.80000   0.9767386E+0000  -0.2823262E-0015   0.4057174E+0002  -0.6026402E-0003   0.6932877E-0014  -0.1862792E+0000  -0.9184008E+0002
    16.80400   0.9767386E+0000   0.4028895E-0015   0.4057358E+0002  -0.6026402E-0003   0.6921005E-0014  -0.1877254E+0000  -0.9184038E+0002
    16.80800   0.9767386E+0000   0.4028895E-0015   0.4057540E+0002  -0.6026402E-0003   0.6919812E-0014  -0.1891644E+0000  -0.9184068E+0002
    16.81200   0.9767386E+0000  -0.6245005E-0015   0.4057720E+0002  -0.6026402E-0003   0.6925287E-0014  -0.1905938E+0000  -0.9184097E+0002
    16.81600   0.9767386E+0000  -0.2818926E-0015   0.4057897E+0002  -0.6026402E-0003   0.6916126E-0014  -0.1920111E+0000  -0.9184126E+0002
    16.82000   0.9767386E+0000  -0.6245005E-0015   0.4058070E+0002  -0.6026402E-0003   0.6917644E-0014  -0.1934138E+0000  -0.9184155E+0002
    16.82400   0.9767386E+0000  -0.2818926E-0015   0.4058240E+0002  -0.6026402E-0003   0.6909783E-0014  -0.1947996E+0000  -0.9184183E+0002
    16.82800   0.9767386E+0000  -0.2818926E-0015   0.4058405E+0002  -0.6026402E-0003   0.6908590E-0014  -0.1961659E+0000  -0.9184210E+0002
    16.83200   0.9767386E+0000   0.7454974E-0015   0.4058566E+0002  -0.6026402E-0003   0.6910054E-0014  -0.1975103E+0000  -0.9184237E+0002
    16.83600   0.9767386E+0000   0.6071532E-0016   0.4058721E+0002  -0.6026402E-0003   0.6906205E-0014  -0.1988303E+0000  -0.9184263E+0002
    16.84000   0.9767386E+0000   0.4033232E-0015   0.4058872E+0002  -0.6026402E-0003   0.6906368E-0014  -0.2001235E+0000  -0.9184289E+0002
    16.84400   0.9767386E+0000  -0.6240668E-0015   0.4059018E+0002  -0.6026402E-0003   0.6898453E-0014  -0.2013875E+0000  -0.9184313E+0002
    16.84800   0.9767386E+0000   0.6071532E-0016   0.4059158E+0002  -0.6026402E-0003   0.6901272E-0014  -0.2026201E+0000  -0.9184336E+0002
    16.85200   0.9767386E+0000   0.7459311E-0015   0.4059293E+0002  -0.6026402E-0003   0.6901435E-0014  -0.2038190E+0000  -0.9184359E+0002
    16.85600   0.9767386E+0000  -0.2814589E-0015   0.4059423E+0002  -0.6026402E-0003   0.6892219E-0014  -0.2049821E+0000  -0.9184381E+0002
    16.86000   0.9767386E+0000  -0.2814589E-0015   0.4059547E+0002  -0.6026402E-0003   0.6893737E-0014  -0.2061074E+0000  -0.9184401E+0002
    16.86400   0.9767386E+0000   0.4033232E-0015   0.4059665E+0002  -0.6026402E-0003   0.6888533E-0014  -0.2071928E+0000  -0.9184421E+0002
    16.86800   0.9767386E+0000  -0.2818926E-0015   0.4059779E+0002  -0.6026402E-0003   0.6894062E-0014  -0.2082366E+0000  -0.9184440E+0002
    16.87200   0.9767386E+0000   0.4028895E-0015   0.4059887E+0002  -0.6026402E-0003   0.6887503E-0014  -0.2092370E+0000  -0.9184457E+0002
    16.87600   0.9767386E+0000   0.6071532E-0016   0.4059989E+0002  -0.6026402E-0003   0.6889021E-0014  -0.2101924E+0000  -0.9184474E+0002
    16.88000   0.9767386E+0000  -0.6245005E-0015   0.4060087E+0002  -0.6026402E-0003   0.6889183E-0014  -0.2111015E+0000  -0.9184490E+0002
    16.88400   0.9767386E+0000  -0.2818926E-0015   0.4060179E+0002  -0.6026402E-0003   0.6890701E-0014  -0.2119628E+0000  -0.9184505E+0002
    16.88800   0.9767386E+0000  -0.2818926E-0015   0.4060267E+0002  -0.6026402E-0003   0.6889508E-0014  -0.2127751E+0000  -0.9184518E+0002
    16.89200   0.9767386E+0000   0.4028895E-0015   0.4060349E+0002  -0.6026402E-0003   0.6884304E-0014  -0.2135374E+0000  -0.9184531E+0002
    16.89600   0.9767386E+0000   0.4028895E-0015   0.4060427E+0002  -0.6026402E-0003   0.6884467E-0014  -0.2142488E+0000  -0.9184544E+0002
    16.90000   0.9767386E+0000  -0.2823262E-0015   0.4060501E+0002  -0.6026402E-0003   0.6883329E-0014  -0.2149085E+0000  -0.9184555E+0002
    16.90400   0.9767386E+0000  -0.2823262E-0015   0.4060570E+0002  -0.6026402E-0003   0.6884792E-0014  -0.2155158E+0000  -0.9184566E+0002
    16.90800   0.9767386E+0000   0.7450637E-0015   0.4060634E+0002  -0.6026402E-0003   0.6883600E-0014  -0.2160701E+0000  -0.9184576E+0002
    16.91200   0.9767386E+0000  -0.9671083E-0015   0.4060694E+0002  -0.6026402E-0003   0.6877040E-0014  -0.2165711E+0000  -0.9184585E+0002
    16.91600   0.9767386E+0000   0.6028164E-0016   0.4060749E+0002  -0.6026402E-0003   0.6881214E-0014  -0.2170183E+0000  -0.9184593E+0002
    16.92000   0.9767386E+0000  -0.2818926E-0015   0.4060800E+0002  -0.6026402E-0003   0.6874655E-0014  -0.2174117E+0000  -0.9184602E+0002
    16.92400   0.9767386E+0000  -0.9666747E-0015   0.4060846E+0002  -0.6026402E-0003   0.6878829E-0014  -0.2177510E+0000  -0.9184609E+0002
    16.92800   0.9767386E+0000   0.6071532E-0016   0.4060887E+0002  -0.6026402E-0003   0.6877691E-0014  -0.2180362E+0000  -0.9184616E+0002
    16.93200   0.9767386E+0000   0.6071532E-0016   0.4060924E+0002  -0.6026402E-0003   0.6876498E-0014  -0.2182674E+0000  -0.9184623E+0002
    16.93600   0.9767386E+0000   0.4031064E-0015   0.4060955E+0002  -0.6026402E-0003   0.6878016E-0014  -0.2184446E+0000  -0.9184629E+0002
    16.94000   0.9767386E+0000  -0.2816757E-0015   0.4060981E+0002  -0.6026402E-0003   0.6879480E-0014  -0.2185679E+0000  -0.9184635E+0002
    16.94400   0.9767386E+0000   0.6071532E-0016   0.4061002E+0002  -0.6026402E-0003   0.6872974E-0014  -0.2186376E+0000  -0.9184641E+0002
    16.94800   0.9767386E+0000  -0.6242836E-0015   0.4061017E+0002  -0.6026402E-0003   0.6874438E-0014  -0.2186537E+0000  -0.9184646E+0002
    16.95200   0.9767386E+0000   0.7454974E-0015   0.4061026E+0002  -0.6026402E-0003   0.6873245E-0014  -0.2186166E+0000  -0.9184652E+0002
    16.95600   0.9767386E+0000   0.6049848E-0016   0.4061028E+0002  -0.6026402E-0003   0.6874763E-0014  -0.2185265E+0000  -0.9184656E+0002
    16.96000   0.9767386E+0000  -0.6245005E-0015   0.4061024E+0002  -0.6026402E-0003   0.6876227E-0014  -0.2183837E+0000  -0.9184661E+0002
    16.96400   0.9767386E+0000   0.4028895E-0015   0.4061012E+0002  -0.6026402E-0003   0.6875034E-0014  -0.2181883E+0000  -0.9184665E+0002
    16.96800   0.9767386E+0000   0.4028895E-0015   0.4060994E+0002  -0.6026402E-0003   0.6876552E-0014  -0.2179406E+0000  -0.9184670E+0002
    16.97200   0.9767386E+0000  -0.2818926E-0015   0.4060967E+0002  -0.6026402E-0003   0.6878070E-0014  -0.2176408E+0000  -0.9184674E+0002
    16.97600   0.9767386E+0000  -0.2818926E-0015   0.4060932E+0002  -0.6026402E-0003   0.6874221E-0014  -0.2172893E+0000  -0.9184677E+0002
    16.98000   0.9767386E+0000   0.4028895E-0015   0.4060889E+0002  -0.6026402E-0003   0.6873029E-0014  -0.2168862E+0000  -0.9184681E+0002
    16.98400   0.9767386E+0000   0.4028895E-0015   0.4060837E+0002  -0.6026402E-0003   0.6871836E-0014  -0.2164318E+0000  -0.9184684E+0002
    16.98800   0.9767386E+0000  -0.2818926E-0015   0.4060777E+0002  -0.6026402E-0003   0.6876010E-0014  -0.2159263E+0000  -0.9184687E+0002
    16.99200   0.9767386E+0000   0.4031064E-0015   0.4060707E+0002  -0.6026402E-0003   0.6877528E-0014  -0.2153699E+0000  -0.9184690E+0002
    16.99600   0.9767386E+0000  -0.2816757E-0015   0.4060627E+0002  -0.6026402E-0003   0.6870969E-0014  -0.2147630E+0000  -0.9184692E+0002
    17.00000   0.9767386E+0000  -0.2816757E-0015   0.4060539E+0002  -0.6026402E-0003   0.6880510E-0014  -0.2141057E+0000  -0.9184695E+0002
    17.00400   0.9767386E+0000  -0.2816757E-0015   0.4060440E+0002  -0.6026402E-0003   0.6880618E-0014  -0.2133985E+0000  -0.9184697E+0002
    17.00800   0.9767386E+0000   0.6093216E-0016   0.4060332E+0002  -0.6026402E-0003   0.6886147E-0014  -0.2126418E+0000  -0.9184698E+0002
    17.01200   0.9767386E+0000   0.6093216E-0016   0.4060214E+0002  -0.6026402E-0003   0.6884955E-0014  -0.2118359E+0000  -0.9184700E+0002
    17.01600   0.9767386E+0000  -0.2814589E-0015   0.4060087E+0002  -0.6026402E-0003   0.6887774E-0014  -0.2109813E+0000  -0.9184701E+0002
    17.02000   0.9767386E+0000   0.1088322E-0014   0.4059950E+0002  -0.6026402E-0003   0.6885226E-0014  -0.2100787E+0000  -0.9184702E+0002
    17.02400   0.9767386E+0000  -0.2814589E-0015   0.4059804E+0002  -0.6026402E-0003   0.6886744E-0014  -0.2091287E+0000  -0.9184702E+0002
    17.02800   0.9767386E+0000   0.1088539E-0014   0.4059649E+0002  -0.6026402E-0003   0.6890972E-0014  -0.2081320E+0000  -0.9184702E+0002
    17.03200   0.9767386E+0000  -0.2812420E-0015   0.4059485E+0002  -0.6026402E-0003   0.6895092E-0014  -0.2070895E+0000  -0.9184702E+0002
    17.03600   0.9767386E+0000   0.4037569E-0015   0.4059313E+0002  -0.6026402E-0003   0.6892598E-0014  -0.2060022E+0000  -0.9184702E+0002
    17.04000   0.9767386E+0000   0.4037569E-0015   0.4059134E+0002  -0.6026402E-0003   0.6896827E-0014  -0.2048712E+0000  -0.9184701E+0002
    17.04400   0.9767386E+0000   0.4037569E-0015   0.4058947E+0002  -0.6026402E-0003   0.6899646E-0014  -0.2036977E+0000  -0.9184701E+0002
    17.04800   0.9767386E+0000   0.4037569E-0015   0.4058753E+0002  -0.6026402E-0003   0.6898453E-0014  -0.2024831E+0000  -0.9184700E+0002
    17.05200   0.9767386E+0000  -0.2812420E-0015   0.4058553E+0002  -0.6026402E-0003   0.6903983E-0014  -0.2012289E+0000  -0.9184699E+0002
    17.05600   0.9767386E+0000  -0.6238499E-0015   0.4058347E+0002  -0.6026402E-0003   0.6905500E-0014  -0.1999367E+0000  -0.9184697E+0002
    17.06000   0.9767386E+0000  -0.2812420E-0015   0.4058137E+0002  -0.6026402E-0003   0.6909620E-0014  -0.1986082E+0000  -0.9184696E+0002
    17.06400   0.9767386E+0000   0.6114900E-0016   0.4057922E+0002  -0.6026402E-0003   0.6917752E-0014  -0.1972454E+0000  -0.9184694E+0002
    17.06800   0.9767386E+0000   0.7461479E-0015   0.4057704E+0002  -0.6026402E-0003   0.6915258E-0014  -0.1958503E+0000  -0.9184693E+0002
    17.07200   0.9767386E+0000  -0.6236331E-0015   0.4057483E+0002  -0.6026402E-0003   0.6919378E-0014  -0.1944250E+0000  -0.9184691E+0002
    17.07600   0.9767386E+0000   0.6136584E-0016   0.4057260E+0002  -0.6026402E-0003   0.6919487E-0014  -0.1929718E+0000  -0.9184690E+0002
    17.08000   0.9767386E+0000   0.6136584E-0016   0.4057036E+0002  -0.6026402E-0003   0.6926317E-0014  -0.1914931E+0000  -0.9184688E+0002
    17.08400   0.9767386E+0000   0.6136584E-0016   0.4056810E+0002  -0.6026402E-0003   0.6923823E-0014  -0.1899914E+0000  -0.9184686E+0002
    17.08800   0.9767386E+0000  -0.6236331E-0015   0.4056585E+0002  -0.6026402E-0003   0.6923932E-0014  -0.1884693E+0000  -0.9184685E+0002
    17.09200   0.9767386E+0000   0.7461479E-0015   0.4056361E+0002  -0.6026402E-0003   0.6929461E-0014  -0.1869293E+0000  -0.9184684E+0002
    17.09600   0.9767386E+0000   0.4037569E-0015   0.4056137E+0002  -0.6026402E-0003   0.6937593E-0014  -0.1853743E+0000  -0.9184682E+0002
    17.10000   0.9767386E+0000   0.6136584E-0016   0.4055916E+0002  -0.6026402E-0003   0.6943014E-0014  -0.1838069E+0000  -0.9184681E+0002
    17.10400   0.9767386E+0000  -0.2812420E-0015   0.4055697E+0002  -0.6026402E-0003   0.6937810E-0014  -0.1822301E+0000  -0.9184680E+0002
    17.10800   0.9767386E+0000   0.6114900E-0016   0.4055481E+0002  -0.6026402E-0003   0.6946050E-0014  -0.1806467E+0000  -0.9184679E+0002
    17.11200   0.9767386E+0000   0.6114900E-0016   0.4055268E+0002  -0.6026402E-0003   0.6944857E-0014  -0.1790595E+0000  -0.9184678E+0002
    17.11600   0.9767386E+0000  -0.2814589E-0015   0.4055060E+0002  -0.6026402E-0003   0.6949085E-0014  -0.1774713E+0000  -0.9184678E+0002
    17.12000   0.9767386E+0000   0.4035400E-0015   0.4054855E+0002  -0.6026402E-0003   0.6955916E-0014  -0.1758852E+0000  -0.9184677E+0002
    17.12400   0.9767386E+0000  -0.2814589E-0015   0.4054655E+0002  -0.6026402E-0003   0.6960036E-0014  -0.1743037E+0000  -0.9184677E+0002
    17.12800   0.9767386E+0000  -0.6238499E-0015   0.4054460E+0002  -0.6026402E-0003   0.6958843E-0014  -0.1727298E+0000  -0.9184677E+0002
    17.13200   0.9767386E+0000   0.6093216E-0016   0.4054271E+0002  -0.6026402E-0003   0.6958952E-0014  -0.1711661E+0000  -0.9184677E+0002
    17.13600   0.9767386E+0000  -0.6240668E-0015   0.4054086E+0002  -0.6026402E-0003   0.6959060E-0014  -0.1696153E+0000  -0.9184677E+0002
    17.14000   0.9767386E+0000   0.6071532E-0016   0.4053907E+0002  -0.6026402E-0003   0.6963288E-0014  -0.1680800E+0000  -0.9184677E+0002
    17.14400   0.9767386E+0000   0.4033232E-0015   0.4053734E+0002  -0.6026402E-0003   0.6966107E-0014  -0.1665626E+0000  -0.9184677E+0002
    17.14800   0.9767386E+0000  -0.2814589E-0015   0.4053567E+0002  -0.6026402E-0003   0.6966216E-0014  -0.1650654E+0000  -0.9184677E+0002
    17.15200   0.9767386E+0000  -0.2814589E-0015   0.4053405E+0002  -0.6026402E-0003   0.6970444E-0014  -0.1635909E+0000  -0.9184677E+0002
    17.15600   0.9767386E+0000   0.6114900E-0016   0.4053249E+0002  -0.6026402E-0003   0.6973263E-0014  -0.1621410E+0000  -0.9184677E+0002
    17.16000   0.9767386E+0000   0.6114900E-0016   0.4053099E+0002  -0.6026402E-0003   0.6972070E-0014  -0.1607179E+0000  -0.9184677E+0002
    17.16400   0.9767386E+0000   0.6114900E-0016   0.4052955E+0002  -0.6026402E-0003   0.6974889E-0014  -0.1593235E+0000  -0.9184676E+0002
    17.16800   0.9767386E+0000   0.6114900E-0016   0.4052817E+0002  -0.6026402E-0003   0.6980419E-0014  -0.1579596E+0000  -0.9184676E+0002
    17.17200   0.9767386E+0000  -0.2812420E-0015   0.4052684E+0002  -0.6026402E-0003   0.6979226E-0014  -0.1566278E+0000  -0.9184676E+0002
    17.17600   0.9767386E+0000  -0.2812420E-0015   0.4052558E+0002  -0.6026402E-0003   0.6983346E-0014  -0.1553296E+0000  -0.9184675E+0002
    17.18000   0.9767386E+0000  -0.9660241E-0015   0.4052437E+0002  -0.6026402E-0003   0.6987466E-0014  -0.1540666E+0000  -0.9184674E+0002
    17.18400   0.9767386E+0000  -0.1651023E-0014   0.4052321E+0002  -0.6026402E-0003   0.6986274E-0014  -0.1528400E+0000  -0.9184673E+0002
    17.18800   0.9767386E+0000  -0.9660241E-0015   0.4052211E+0002  -0.6026402E-0003   0.6987791E-0014  -0.1516511E+0000  -0.9184671E+0002
    17.19200   0.9767386E+0000  -0.6236331E-0015   0.4052107E+0002  -0.6026402E-0003   0.6992020E-0014  -0.1505008E+0000  -0.9184670E+0002
    17.19600   0.9767386E+0000  -0.1651023E-0014   0.4052008E+0002  -0.6026402E-0003   0.6990827E-0014  -0.1493903E+0000  -0.9184668E+0002
    17.20000   0.9767386E+0000  -0.6236331E-0015   0.4051915E+0002  -0.6026402E-0003   0.6991044E-0014  -0.1483204E+0000  -0.9184665E+0002
    17.20400   0.9767386E+0000  -0.9662410E-0015   0.4051827E+0002  -0.6026402E-0003   0.6992562E-0014  -0.1472919E+0000  -0.9184663E+0002
    17.20800   0.9767386E+0000  -0.6236331E-0015   0.4051745E+0002  -0.6026402E-0003   0.6996682E-0014  -0.1463057E+0000  -0.9184660E+0002
    17.21200   0.9767386E+0000  -0.1308632E-0014   0.4051668E+0002  -0.6026402E-0003   0.6995598E-0014  -0.1453623E+0000  -0.9184657E+0002
    17.21600   0.9767386E+0000  -0.9662410E-0015   0.4051596E+0002  -0.6026402E-0003   0.6997116E-0014  -0.1444625E+0000  -0.9184653E+0002
    17.22000   0.9767386E+0000  -0.6236331E-0015   0.4051530E+0002  -0.6026402E-0003   0.6998633E-0014  -0.1436067E+0000  -0.9184649E+0002
    17.22400   0.9767386E+0000  -0.2812420E-0015   0.4051470E+0002  -0.6026402E-0003   0.7001452E-0014  -0.1427955E+0000  -0.9184645E+0002
    17.22800   0.9767386E+0000  -0.9662410E-0015   0.4051415E+0002  -0.6026402E-0003   0.7001669E-0014  -0.1420294E+0000  -0.9184640E+0002
    17.23200   0.9767386E+0000  -0.1651240E-0014   0.4051366E+0002  -0.6026402E-0003   0.6999176E-0014  -0.1413089E+0000  -0.9184635E+0002
    17.23600   0.9767386E+0000  -0.1651240E-0014   0.4051322E+0002  -0.6026402E-0003   0.7000693E-0014  -0.1406345E+0000  -0.9184630E+0002
    17.24000   0.9767386E+0000  -0.9664578E-0015   0.4051285E+0002  -0.6026402E-0003   0.6999555E-0014  -0.1400065E+0000  -0.9184624E+0002
    17.24400   0.9767386E+0000  -0.6240668E-0015   0.4051253E+0002  -0.6026402E-0003   0.7001073E-0014  -0.1394254E+0000  -0.9184619E+0002
    17.24800   0.9767386E+0000  -0.6240668E-0015   0.4051227E+0002  -0.6026402E-0003   0.7001236E-0014  -0.1388916E+0000  -0.9184613E+0002
    17.25200   0.9767386E+0000  -0.2816757E-0015   0.4051207E+0002  -0.6026402E-0003   0.7002699E-0014  -0.1384056E+0000  -0.9184607E+0002
    17.25600   0.9767386E+0000  -0.6242836E-0015   0.4051193E+0002  -0.6026402E-0003   0.6998850E-0014  -0.1379677E+0000  -0.9184601E+0002
    17.26000   0.9767386E+0000  -0.1651674E-0014   0.4051185E+0002  -0.6026402E-0003   0.7003024E-0014  -0.1375783E+0000  -0.9184594E+0002
    17.26400   0.9767386E+0000  -0.2818926E-0015   0.4051183E+0002  -0.6026402E-0003   0.6997820E-0014  -0.1372380E+0000  -0.9184588E+0002
    17.26800   0.9767386E+0000  -0.9666747E-0015   0.4051188E+0002  -0.6026402E-0003   0.6996628E-0014  -0.1369471E+0000  -0.9184581E+0002
    17.27200   0.9767386E+0000  -0.9666747E-0015   0.4051199E+0002  -0.6026402E-0003   0.7003512E-0014  -0.1367060E+0000  -0.9184575E+0002
    17.27600   0.9767386E+0000  -0.2816757E-0015   0.4051217E+0002  -0.6026402E-0003   0.6998362E-0014  -0.1365153E+0000  -0.9184569E+0002
    17.28000   0.9767386E+0000  -0.1651457E-0014   0.4051241E+0002  -0.6026402E-0003   0.6995815E-0014  -0.1363752E+0000  -0.9184562E+0002
    17.28400   0.9767386E+0000  -0.1308849E-0014   0.4051271E+0002  -0.6026402E-0003   0.6998633E-0014  -0.1362863E+0000  -0.9184556E+0002
    17.28800   0.9767386E+0000  -0.2814589E-0015   0.4051308E+0002  -0.6026402E-0003   0.7001452E-0014  -0.1362490E+0000  -0.9184550E+0002
    17.29200   0.9767386E+0000  -0.2814589E-0015   0.4051352E+0002  -0.6026402E-0003   0.7001615E-0014  -0.1362637E+0000  -0.9184545E+0002
    17.29600   0.9767386E+0000  -0.9663494E-0015   0.4051402E+0002  -0.6026402E-0003   0.6995110E-0014  -0.1363308E+0000  -0.9184539E+0002
    17.30000   0.9767386E+0000  -0.2814589E-0015   0.4051458E+0002  -0.6026402E-0003   0.6995272E-0014  -0.1364507E+0000  -0.9184534E+0002
    17.30400   0.9767386E+0000  -0.1308849E-0014   0.4051522E+0002  -0.6026402E-0003   0.6996736E-0014  -0.1366237E+0000  -0.9184529E+0002
    17.30800   0.9767386E+0000  -0.6238499E-0015   0.4051592E+0002  -0.6026402E-0003   0.6996899E-0014  -0.1368504E+0000  -0.9184525E+0002
    17.31200   0.9767386E+0000  -0.9662410E-0015   0.4051669E+0002  -0.6026402E-0003   0.6995733E-0014  -0.1371309E+0000  -0.9184521E+0002
    17.31600   0.9767386E+0000  -0.6237415E-0015   0.4051752E+0002  -0.6026402E-0003   0.6993212E-0014  -0.1374656E+0000  -0.9184517E+0002
    17.32000   0.9767386E+0000  -0.2812420E-0015   0.4051842E+0002  -0.6026402E-0003   0.6990692E-0014  -0.1378548E+0000  -0.9184514E+0002
    17.32400   0.9767386E+0000  -0.9661326E-0015   0.4051938E+0002  -0.6026402E-0003   0.6992182E-0014  -0.1382986E+0000  -0.9184511E+0002
    17.32800   0.9767386E+0000  -0.2812420E-0015   0.4052042E+0002  -0.6026402E-0003   0.6989689E-0014  -0.1387974E+0000  -0.9184509E+0002
    17.33200   0.9767386E+0000  -0.9661326E-0015   0.4052151E+0002  -0.6026402E-0003   0.6991207E-0014  -0.1393511E+0000  -0.9184507E+0002
    17.33600   0.9767386E+0000  -0.1308524E-0014   0.4052268E+0002  -0.6026402E-0003   0.6987331E-0014  -0.1399600E+0000  -0.9184506E+0002
    17.34000   0.9767386E+0000  -0.9661326E-0015   0.4052391E+0002  -0.6026402E-0003   0.6986165E-0014  -0.1406241E+0000  -0.9184505E+0002
    17.34400   0.9767386E+0000  -0.9661326E-0015   0.4052520E+0002  -0.6026402E-0003   0.6984972E-0014  -0.1413434E+0000  -0.9184505E+0002
    17.34800   0.9767386E+0000  -0.1308632E-0014   0.4052656E+0002  -0.6026402E-0003   0.6983807E-0014  -0.1421177E+0000  -0.9184505E+0002
    17.35200   0.9767386E+0000  -0.1308632E-0014   0.4052798E+0002  -0.6026402E-0003   0.6982641E-0014  -0.1429470E+0000  -0.9184506E+0002
    17.35600   0.9767386E+0000   0.4036485E-0015   0.4052947E+0002  -0.6026402E-0003   0.6981449E-0014  -0.1438310E+0000  -0.9184507E+0002
    17.36000   0.9767386E+0000  -0.2812420E-0015   0.4053102E+0002  -0.6026402E-0003   0.6977600E-0014  -0.1447694E+0000  -0.9184508E+0002
    17.36400   0.9767386E+0000   0.6114900E-0016   0.4053263E+0002  -0.6026402E-0003   0.6979091E-0014  -0.1457619E+0000  -0.9184510E+0002
    17.36800   0.9767386E+0000   0.6114900E-0016   0.4053431E+0002  -0.6026402E-0003   0.6977925E-0014  -0.1468080E+0000  -0.9184512E+0002
    17.37200   0.9767386E+0000  -0.2813505E-0015   0.4053605E+0002  -0.6026402E-0003   0.6972748E-0014  -0.1479071E+0000  -0.9184515E+0002
    17.37600   0.9767386E+0000   0.4035400E-0015   0.4053785E+0002  -0.6026402E-0003   0.6970227E-0014  -0.1490587E+0000  -0.9184518E+0002
    17.38000   0.9767386E+0000   0.4035400E-0015   0.4053971E+0002  -0.6026402E-0003   0.6971718E-0014  -0.1502618E+0000  -0.9184521E+0002
    17.38400   0.9767386E+0000   0.4035400E-0015   0.4054163E+0002  -0.6026402E-0003   0.6967869E-0014  -0.1515157E+0000  -0.9184524E+0002
    17.38800   0.9767386E+0000   0.4035400E-0015   0.4054360E+0002  -0.6026402E-0003   0.6965348E-0014  -0.1528195E+0000  -0.9184527E+0002
    17.39200   0.9767386E+0000   0.6104058E-0016   0.4054564E+0002  -0.6026402E-0003   0.6962828E-0014  -0.1541719E+0000  -0.9184530E+0002
    17.39600   0.9767386E+0000   0.4035400E-0015   0.4054773E+0002  -0.6026402E-0003   0.6964332E-0014  -0.1555719E+0000  -0.9184534E+0002
    17.40000   0.9767386E+0000   0.6114900E-0016   0.4054987E+0002  -0.6026402E-0003   0.6955130E-0014  -0.1570182E+0000  -0.9184537E+0002
    17.40400   0.9767386E+0000   0.6114900E-0016   0.4055207E+0002  -0.6026402E-0003   0.6951267E-0014  -0.1585092E+0000  -0.9184540E+0002
    17.40800   0.9767386E+0000  -0.9662410E-0015   0.4055432E+0002  -0.6026402E-0003   0.6951430E-0014  -0.1600434E+0000  -0.9184543E+0002
    17.41200   0.9767386E+0000  -0.6237415E-0015   0.4055662E+0002  -0.6026402E-0003   0.6944898E-0014  -0.1616192E+0000  -0.9184546E+0002
    17.41600   0.9767386E+0000  -0.6237415E-0015   0.4055897E+0002  -0.6026402E-0003   0.6943719E-0014  -0.1632348E+0000  -0.9184549E+0002
    17.42000   0.9767386E+0000   0.6114900E-0016   0.4056137E+0002  -0.6026402E-0003   0.6942540E-0014  -0.1648882E+0000  -0.9184551E+0002
    17.42400   0.9767386E+0000   0.6114900E-0016   0.4056381E+0002  -0.6026402E-0003   0.6937335E-0014  -0.1665776E+0000  -0.9184554E+0002
    17.42800   0.9767386E+0000   0.4036485E-0015   0.4056629E+0002  -0.6026402E-0003   0.6930803E-0014  -0.1683007E+0000  -0.9184555E+0002
    17.43200   0.9767386E+0000   0.6114900E-0016   0.4056881E+0002  -0.6026402E-0003   0.6930966E-0014  -0.1700554E+0000  -0.9184557E+0002
    17.43600   0.9767386E+0000   0.4036485E-0015   0.4057136E+0002  -0.6026402E-0003   0.6928458E-0014  -0.1718395E+0000  -0.9184558E+0002
    17.44000   0.9767386E+0000   0.6114900E-0016   0.4057396E+0002  -0.6026402E-0003   0.6921940E-0014  -0.1736505E+0000  -0.9184559E+0002
    17.44400   0.9767386E+0000   0.4036485E-0015   0.4057658E+0002  -0.6026402E-0003   0.6922102E-0014  -0.1754862E+0000  -0.9184559E+0002
    17.44800   0.9767386E+0000   0.6125742E-0016   0.4057923E+0002  -0.6026402E-0003   0.6918247E-0014  -0.1773439E+0000  -0.9184559E+0002
    17.45200   0.9767386E+0000   0.4036485E-0015   0.4058190E+0002  -0.6026402E-0003   0.6914391E-0014  -0.1792213E+0000  -0.9184559E+0002
    17.45600   0.9767386E+0000   0.6114900E-0016   0.4058460E+0002  -0.6026402E-0003   0.6909200E-0014  -0.1811158E+0000  -0.9184558E+0002
    17.46000   0.9767386E+0000   0.6114900E-0016   0.4058732E+0002  -0.6026402E-0003   0.6909356E-0014  -0.1830250E+0000  -0.9184557E+0002
    17.46400   0.9767386E+0000  -0.2813505E-0015   0.4059005E+0002  -0.6026402E-0003   0.6906842E-0014  -0.1849463E+0000  -0.9184556E+0002
    17.46800   0.9767386E+0000   0.4036485E-0015   0.4059280E+0002  -0.6026402E-0003   0.6902986E-0014  -0.1868773E+0000  -0.9184554E+0002
    17.47200   0.9767386E+0000   0.4036485E-0015   0.4059555E+0002  -0.6026402E-0003   0.6897792E-0014  -0.1888156E+0000  -0.9184552E+0002
    17.47600   0.9767386E+0000  -0.2812420E-0015   0.4059831E+0002  -0.6026402E-0003   0.6897952E-0014  -0.1907587E+0000  -0.9184550E+0002
    17.48000   0.9767386E+0000   0.6120321E-0016   0.4060107E+0002  -0.6026402E-0003   0.6891421E-0014  -0.1927045E+0000  -0.9184548E+0002
    17.48400   0.9767386E+0000  -0.2812963E-0015   0.4060383E+0002  -0.6026402E-0003   0.6888905E-0014  -0.1946507E+0000  -0.9184546E+0002
    17.48800   0.9767386E+0000   0.6114900E-0016   0.4060658E+0002  -0.6026402E-0003   0.6881036E-0014  -0.1965951E+0000  -0.9184543E+0002
    17.49200   0.9767386E+0000  -0.6237415E-0015   0.4060933E+0002  -0.6026402E-0003   0.6877181E-0014  -0.1985358E+0000  -0.9184541E+0002
    17.49600   0.9767386E+0000  -0.6237415E-0015   0.4061206E+0002  -0.6026402E-0003   0.6878677E-0014  -0.2004708E+0000  -0.9184538E+0002
    17.50000   0.9767386E+0000  -0.6237415E-0015   0.4061478E+0002  -0.6026402E-0003   0.6878836E-0014  -0.2023984E+0000  -0.9184536E+0002
    17.50400   0.9767386E+0000   0.6114900E-0016   0.4061748E+0002  -0.6026402E-0003   0.6866957E-0014  -0.2043168E+0000  -0.9184534E+0002
    17.50800   0.9767386E+0000  -0.2812963E-0015   0.4062015E+0002  -0.6026402E-0003   0.6868455E-0014  -0.2062246E+0000  -0.9184532E+0002
    17.51200   0.9767386E+0000   0.4035943E-0015   0.4062280E+0002  -0.6026402E-0003   0.6863264E-0014  -0.2081202E+0000  -0.9184531E+0002
    17.51600   0.9767386E+0000  -0.2813505E-0015   0.4062543E+0002  -0.6026402E-0003   0.6856725E-0014  -0.2100023E+0000  -0.9184529E+0002
    17.52000   0.9767386E+0000   0.6114900E-0016   0.4062802E+0002  -0.6026402E-0003   0.6852876E-0014  -0.2118697E+0000  -0.9184529E+0002
    17.52400   0.9767386E+0000  -0.2812963E-0015   0.4063058E+0002  -0.6026402E-0003   0.6850362E-0014  -0.2137213E+0000  -0.9184528E+0002
    17.52800   0.9767386E+0000  -0.2812963E-0015   0.4063311E+0002  -0.6026402E-0003   0.6851860E-0014  -0.2155560E+0000  -0.9184528E+0002
    17.53200   0.9767386E+0000   0.4036485E-0015   0.4063559E+0002  -0.6026402E-0003   0.6839967E-0014  -0.2173728E+0000  -0.9184529E+0002
    17.53600   0.9767386E+0000   0.4036485E-0015   0.4063805E+0002  -0.6026402E-0003   0.6836118E-0014  -0.2191710E+0000  -0.9184530E+0002
    17.54000   0.9767386E+0000   0.6120321E-0016   0.4064046E+0002  -0.6026402E-0003   0.6832263E-0014  -0.2209495E+0000  -0.9184531E+0002
    17.54400   0.9767386E+0000  -0.6236873E-0015   0.4064282E+0002  -0.6026402E-0003   0.6833753E-0014  -0.2227077E+0000  -0.9184534E+0002
    17.54800   0.9767386E+0000  -0.6236873E-0015   0.4064515E+0002  -0.6026402E-0003   0.6829891E-0014  -0.2244446E+0000  -0.9184536E+0002
    17.55200   0.9767386E+0000  -0.2812420E-0015   0.4064743E+0002  -0.6026402E-0003   0.6828712E-0014  -0.2261596E+0000  -0.9184540E+0002
    17.55600   0.9767386E+0000   0.7461479E-0015   0.4064967E+0002  -0.6026402E-0003   0.6830216E-0014  -0.2278517E+0000  -0.9184544E+0002
    17.56000   0.9767386E+0000  -0.2812420E-0015   0.4065187E+0002  -0.6026402E-0003   0.6829037E-0014  -0.2295203E+0000  -0.9184549E+0002
    17.56400   0.9767386E+0000   0.6125742E-0016   0.4065402E+0002  -0.6026402E-0003   0.6822505E-0014  -0.2311642E+0000  -0.9184554E+0002
    17.56800   0.9767386E+0000   0.6120321E-0016   0.4065612E+0002  -0.6026402E-0003   0.6818656E-0014  -0.2327828E+0000  -0.9184561E+0002
    17.57200   0.9767386E+0000  -0.2812420E-0015   0.4065818E+0002  -0.6026402E-0003   0.6814793E-0014  -0.2343748E+0000  -0.9184567E+0002
    17.57600   0.9767386E+0000   0.6120321E-0016   0.4066020E+0002  -0.6026402E-0003   0.6816284E-0014  -0.2359393E+0000  -0.9184575E+0002
    17.58000   0.9767386E+0000  -0.2812963E-0015   0.4066217E+0002  -0.6026402E-0003   0.6807082E-0014  -0.2374750E+0000  -0.9184583E+0002
    17.58400   0.9767386E+0000  -0.2812963E-0015   0.4066410E+0002  -0.6026402E-0003   0.6811229E-0014  -0.2389807E+0000  -0.9184592E+0002
    17.58800   0.9767386E+0000  -0.6237415E-0015   0.4066599E+0002  -0.6026402E-0003   0.6804697E-0014  -0.2404550E+0000  -0.9184601E+0002
    17.59200   0.9767386E+0000  -0.2813505E-0015   0.4066783E+0002  -0.6026402E-0003   0.6806188E-0014  -0.2418963E+0000  -0.9184611E+0002
    17.59600   0.9767386E+0000   0.4035400E-0015   0.4066963E+0002  -0.6026402E-0003   0.6802312E-0014  -0.2433032E+0000  -0.9184622E+0002
    17.60000   0.9767386E+0000   0.4035400E-0015   0.4067139E+0002  -0.6026402E-0003   0.6801119E-0014  -0.2446740E+0000  -0.9184633E+0002
    17.60400   0.9767386E+0000  -0.2814589E-0015   0.4067311E+0002  -0.6026402E-0003   0.6794587E-0014  -0.2460068E+0000  -0.9184644E+0002
    17.60800   0.9767386E+0000  -0.2814589E-0015   0.4067479E+0002  -0.6026402E-0003   0.6798761E-0014  -0.2472997E+0000  -0.9184656E+0002
    17.61200   0.9767386E+0000  -0.9663494E-0015   0.4067643E+0002  -0.6026402E-0003   0.6797568E-0014  -0.2485510E+0000  -0.9184669E+0002
    17.61600   0.9767386E+0000   0.7459311E-0015   0.4067803E+0002  -0.6026402E-0003   0.6791036E-0014  -0.2497585E+0000  -0.9184682E+0002
    17.62000   0.9767386E+0000  -0.6238499E-0015   0.4067959E+0002  -0.6026402E-0003   0.6789843E-0014  -0.2509202E+0000  -0.9184695E+0002
    17.62400   0.9767386E+0000  -0.2813505E-0015   0.4068111E+0002  -0.6026402E-0003   0.6783311E-0014  -0.2520340E+0000  -0.9184708E+0002
    17.62800   0.9767386E+0000  -0.2813505E-0015   0.4068258E+0002  -0.6026402E-0003   0.6784802E-0014  -0.2530978E+0000  -0.9184722E+0002
    17.63200   0.9767386E+0000  -0.9662410E-0015   0.4068402E+0002  -0.6026402E-0003   0.6775613E-0014  -0.2541095E+0000  -0.9184736E+0002
    17.63600   0.9767386E+0000   0.6104058E-0016   0.4068541E+0002  -0.6026402E-0003   0.6777104E-0014  -0.2550670E+0000  -0.9184750E+0002
    17.64000   0.9767386E+0000  -0.6238499E-0015   0.4068675E+0002  -0.6026402E-0003   0.6778595E-0014  -0.2559683E+0000  -0.9184765E+0002
    17.64400   0.9767386E+0000  -0.2813505E-0015   0.4068806E+0002  -0.6026402E-0003   0.6777402E-0014  -0.2568113E+0000  -0.9184779E+0002
    17.64800   0.9767386E+0000  -0.9663494E-0015   0.4068931E+0002  -0.6026402E-0003   0.6770843E-0014  -0.2575941E+0000  -0.9184794E+0002
    17.65200   0.9767386E+0000   0.6093216E-0016   0.4069052E+0002  -0.6026402E-0003   0.6772306E-0014  -0.2583148E+0000  -0.9184808E+0002
    17.65600   0.9767386E+0000   0.4034316E-0015   0.4069167E+0002  -0.6026402E-0003   0.6776480E-0014  -0.2589717E+0000  -0.9184823E+0002
    17.66000   0.9767386E+0000  -0.6239584E-0015   0.4069277E+0002  -0.6026402E-0003   0.6775288E-0014  -0.2595632E+0000  -0.9184837E+0002
    17.66400   0.9767386E+0000  -0.2814589E-0015   0.4069382E+0002  -0.6026402E-0003   0.6771439E-0014  -0.2600879E+0000  -0.9184852E+0002
    17.66800   0.9767386E+0000  -0.6239584E-0015   0.4069480E+0002  -0.6026402E-0003   0.6770246E-0014  -0.2605442E+0000  -0.9184866E+0002
    17.67200   0.9767386E+0000   0.4034316E-0015   0.4069573E+0002  -0.6026402E-0003   0.6769054E-0014  -0.2609312E+0000  -0.9184881E+0002
    17.67600   0.9767386E+0000   0.4034316E-0015   0.4069659E+0002  -0.6026402E-0003   0.6765205E-0014  -0.2612477E+0000  -0.9184895E+0002
    17.68000   0.9767386E+0000  -0.6239584E-0015   0.4069739E+0002  -0.6026402E-0003   0.6766668E-0014  -0.2614931E+0000  -0.9184909E+0002
    17.68400   0.9767386E+0000   0.6093216E-0016   0.4069811E+0002  -0.6026402E-0003   0.6760163E-0014  -0.2616665E+0000  -0.9184923E+0002
    17.68800   0.9767386E+0000   0.4033774E-0015   0.4069876E+0002  -0.6026402E-0003   0.6764283E-0014  -0.2617676E+0000  -0.9184936E+0002
    17.69200   0.9767386E+0000   0.7458769E-0015   0.4069934E+0002  -0.6026402E-0003   0.6760434E-0014  -0.2617961E+0000  -0.9184950E+0002
    17.69600   0.9767386E+0000  -0.2814589E-0015   0.4069984E+0002  -0.6026402E-0003   0.6761898E-0014  -0.2617520E+0000  -0.9184963E+0002
    17.70000   0.9767386E+0000   0.4034858E-0015   0.4070025E+0002  -0.6026402E-0003   0.6760705E-0014  -0.2616355E+0000  -0.9184976E+0002
    17.70400   0.9767386E+0000  -0.6238499E-0015   0.4070058E+0002  -0.6026402E-0003   0.6762169E-0014  -0.2614467E+0000  -0.9184989E+0002
    17.70800   0.9767386E+0000   0.4035400E-0015   0.4070083E+0002  -0.6026402E-0003   0.6763687E-0014  -0.2611863E+0000  -0.9185001E+0002
    17.71200   0.9767386E+0000   0.6109479E-0016   0.4070098E+0002  -0.6026402E-0003   0.6751815E-0014  -0.2608549E+0000  -0.9185014E+0002
    17.71600   0.9767386E+0000   0.6109479E-0016   0.4070104E+0002  -0.6026402E-0003   0.6758700E-0014  -0.2604534E+0000  -0.9185026E+0002
    17.72000   0.9767386E+0000   0.4035400E-0015   0.4070101E+0002  -0.6026402E-0003   0.6762874E-0014  -0.2599827E+0000  -0.9185038E+0002
    17.72400   0.9767386E+0000  -0.6237957E-0015   0.4070088E+0002  -0.6026402E-0003   0.6761681E-0014  -0.2594441E+0000  -0.9185049E+0002
    17.72800   0.9767386E+0000   0.7460395E-0015   0.4070066E+0002  -0.6026402E-0003   0.6760543E-0014  -0.2588389E+0000  -0.9185061E+0002
    17.73200   0.9767386E+0000   0.4035400E-0015   0.4070033E+0002  -0.6026402E-0003   0.6762061E-0014  -0.2581683E+0000  -0.9185072E+0002
    17.73600   0.9767386E+0000   0.6109479E-0016   0.4069991E+0002  -0.6026402E-0003   0.6758212E-0014  -0.2574340E+0000  -0.9185083E+0002
    17.74000   0.9767386E+0000  -0.6237957E-0015   0.4069939E+0002  -0.6026402E-0003   0.6765042E-0014  -0.2566376E+0000  -0.9185093E+0002
    17.74400   0.9767386E+0000   0.6114900E-0016   0.4069876E+0002  -0.6026402E-0003   0.6758483E-0014  -0.2557807E+0000  -0.9185104E+0002
    17.74800   0.9767386E+0000   0.6114900E-0016   0.4069804E+0002  -0.6026402E-0003   0.6762657E-0014  -0.2548651E+0000  -0.9185114E+0002
    17.75200   0.9767386E+0000  -0.6237686E-0015   0.4069721E+0002  -0.6026402E-0003   0.6756097E-0014  -0.2538924E+0000  -0.9185124E+0002
    17.75600   0.9767386E+0000  -0.6237686E-0015   0.4069629E+0002  -0.6026402E-0003   0.6768295E-0014  -0.2528646E+0000  -0.9185133E+0002
    17.76000   0.9767386E+0000  -0.2813234E-0015   0.4069526E+0002  -0.6026402E-0003   0.6761735E-0014  -0.2517835E+0000  -0.9185143E+0002
    17.76400   0.9767386E+0000   0.6112190E-0016   0.4069414E+0002  -0.6026402E-0003   0.6765909E-0014  -0.2506507E+0000  -0.9185152E+0002
    17.76800   0.9767386E+0000  -0.6237957E-0015   0.4069293E+0002  -0.6026402E-0003   0.6770084E-0014  -0.2494682E+0000  -0.9185160E+0002
    17.77200   0.9767386E+0000   0.4035672E-0015   0.4069161E+0002  -0.6026402E-0003   0.6766289E-0014  -0.2482376E+0000  -0.9185168E+0002
    17.77600   0.9767386E+0000   0.4035672E-0015   0.4069021E+0002  -0.6026402E-0003   0.6770409E-0014  -0.2469607E+0000  -0.9185176E+0002
    17.78000   0.9767386E+0000   0.6112190E-0016   0.4068872E+0002  -0.6026402E-0003   0.6774637E-0014  -0.2456390E+0000  -0.9185183E+0002
    17.78400   0.9767386E+0000  -0.2813234E-0015   0.4068713E+0002  -0.6026402E-0003   0.6781468E-0014  -0.2442743E+0000  -0.9185190E+0002
    17.78800   0.9767386E+0000   0.6112190E-0016   0.4068547E+0002  -0.6026402E-0003   0.6777565E-0014  -0.2428678E+0000  -0.9185196E+0002
    17.79200   0.9767386E+0000   0.7460395E-0015   0.4068372E+0002  -0.6026402E-0003   0.6778974E-0014  -0.2414212E+0000  -0.9185202E+0002
    17.79600   0.9767386E+0000  -0.6237686E-0015   0.4068189E+0002  -0.6026402E-0003   0.6775071E-0014  -0.2399357E+0000  -0.9185207E+0002
    17.80000   0.9767386E+0000   0.6112190E-0016   0.4067999E+0002  -0.6026402E-0003   0.6787268E-0014  -0.2384126E+0000  -0.9185212E+0002
    17.80400   0.9767386E+0000  -0.9662410E-0015   0.4067801E+0002  -0.6026402E-0003   0.6783419E-0014  -0.2368530E+0000  -0.9185215E+0002
    17.80800   0.9767386E+0000   0.4035672E-0015   0.4067597E+0002  -0.6026402E-0003   0.6787593E-0014  -0.2352580E+0000  -0.9185219E+0002
    17.81200   0.9767386E+0000   0.6112190E-0016   0.4067386E+0002  -0.6026402E-0003   0.6789111E-0014  -0.2336287E+0000  -0.9185221E+0002
    17.81600   0.9767386E+0000   0.4035672E-0015   0.4067169E+0002  -0.6026402E-0003   0.6787919E-0014  -0.2319659E+0000  -0.9185223E+0002
    17.82000   0.9767386E+0000   0.4035672E-0015   0.4066947E+0002  -0.6026402E-0003   0.6794803E-0014  -0.2302706E+0000  -0.9185223E+0002
    17.82400   0.9767386E+0000   0.4035672E-0015   0.4066719E+0002  -0.6026402E-0003   0.6796267E-0014  -0.2285434E+0000  -0.9185223E+0002
    17.82800   0.9767386E+0000   0.6112190E-0016   0.4066487E+0002  -0.6026402E-0003   0.6800441E-0014  -0.2267853E+0000  -0.9185222E+0002
    17.83200   0.9767386E+0000  -0.2813234E-0015   0.4066250E+0002  -0.6026402E-0003   0.6804615E-0014  -0.2249969E+0000  -0.9185221E+0002
    17.83600   0.9767386E+0000  -0.2813234E-0015   0.4066009E+0002  -0.6026402E-0003   0.6806079E-0014  -0.2231788E+0000  -0.9185218E+0002
    17.84000   0.9767386E+0000  -0.6237686E-0015   0.4065764E+0002  -0.6026402E-0003   0.6802230E-0014  -0.2213318E+0000  -0.9185215E+0002
    17.84400   0.9767386E+0000   0.6114900E-0016   0.4065516E+0002  -0.6026402E-0003   0.6811771E-0014  -0.2194565E+0000  -0.9185210E+0002
    17.84800   0.9767386E+0000   0.6114900E-0016   0.4065265E+0002  -0.6026402E-0003   0.6813289E-0014  -0.2175537E+0000  -0.9185205E+0002
    17.85200   0.9767386E+0000   0.4035943E-0015   0.4065012E+0002  -0.6026402E-0003   0.6817463E-0014  -0.2156241E+0000  -0.9185199E+0002
    17.85600   0.9767386E+0000   0.4035943E-0015   0.4064756E+0002  -0.6026402E-0003   0.6821637E-0014  -0.2136684E+0000  -0.9185192E+0002
    17.86000   0.9767386E+0000  -0.2813234E-0015   0.4064499E+0002  -0.6026402E-0003   0.6825812E-0014  -0.2116875E+0000  -0.9185185E+0002
    17.86400   0.9767386E+0000   0.6112190E-0016   0.4064241E+0002  -0.6026402E-0003   0.6828631E-0014  -0.2096824E+0000  -0.9185176E+0002
    17.86800   0.9767386E+0000  -0.2813234E-0015   0.4063981E+0002  -0.6026402E-0003   0.6832805E-0014  -0.2076539E+0000  -0.9185167E+0002
    17.87200   0.9767386E+0000  -0.2813234E-0015   0.4063720E+0002  -0.6026402E-0003   0.6838334E-0014  -0.2056032E+0000  -0.9185157E+0002
    17.87600   0.9767386E+0000   0.4035943E-0015   0.4063460E+0002  -0.6026402E-0003   0.6837142E-0014  -0.2035315E+0000  -0.9185147E+0002
    17.88000   0.9767386E+0000   0.6113545E-0016   0.4063198E+0002  -0.6026402E-0003   0.6842671E-0014  -0.2014401E+0000  -0.9185136E+0002
    17.88400   0.9767386E+0000  -0.2813098E-0015   0.4062938E+0002  -0.6026402E-0003   0.6844189E-0014  -0.1993304E+0000  -0.9185124E+0002
    17.88800   0.9767386E+0000  -0.2813234E-0015   0.4062677E+0002  -0.6026402E-0003   0.6849664E-0014  -0.1972041E+0000  -0.9185112E+0002
    17.89200   0.9767386E+0000   0.6113545E-0016   0.4062417E+0002  -0.6026402E-0003   0.6855193E-0014  -0.1950628E+0000  -0.9185099E+0002
    17.89600   0.9767386E+0000  -0.2813166E-0015   0.4062158E+0002  -0.6026402E-0003   0.6855356E-0014  -0.1929083E+0000  -0.9185086E+0002
    17.90000   0.9767386E+0000   0.6113545E-0016   0.4061899E+0002  -0.6026402E-0003   0.6862187E-0014  -0.1907427E+0000  -0.9185073E+0002
    17.90400   0.9767386E+0000   0.6113545E-0016   0.4061642E+0002  -0.6026402E-0003   0.6862349E-0014  -0.1885679E+0000  -0.9185059E+0002
    17.90800   0.9767386E+0000  -0.2813218E-0015   0.4061387E+0002  -0.6026402E-0003   0.6871836E-0014  -0.1863863E+0000  -0.9185045E+0002
    17.91200   0.9767386E+0000   0.6113545E-0016   0.4061132E+0002  -0.6026402E-0003   0.6870643E-0014  -0.1842002E+0000  -0.9185030E+0002
    17.91600   0.9767386E+0000   0.7460463E-0015   0.4060880E+0002  -0.6026402E-0003   0.6870806E-0014  -0.1820119E+0000  -0.9185016E+0002
    17.92000   0.9767386E+0000  -0.6237686E-0015   0.4060629E+0002  -0.6026402E-0003   0.6876281E-0014  -0.1798241E+0000  -0.9185001E+0002
    17.92400   0.9767386E+0000   0.6113545E-0016   0.4060379E+0002  -0.6026402E-0003   0.6879100E-0014  -0.1776394E+0000  -0.9184987E+0002
    17.92800   0.9767386E+0000  -0.2813234E-0015   0.4060132E+0002  -0.6026402E-0003   0.6885985E-0014  -0.1754604E+0000  -0.9184972E+0002
    17.93200   0.9767386E+0000   0.4035672E-0015   0.4059887E+0002  -0.6026402E-0003   0.6886147E-0014  -0.1732899E+0000  -0.9184957E+0002
    17.93600   0.9767386E+0000   0.4035672E-0015   0.4059643E+0002  -0.6026402E-0003   0.6891650E-0014  -0.1711307E+0000  -0.9184942E+0002
    17.94000   0.9767386E+0000  -0.2813505E-0015   0.4059402E+0002  -0.6026402E-0003   0.6891812E-0014  -0.1689857E+0000  -0.9184928E+0002
    17.94400   0.9767386E+0000  -0.9662681E-0015   0.4059163E+0002  -0.6026402E-0003   0.6897315E-0014  -0.1668576E+0000  -0.9184913E+0002
    17.94800   0.9767386E+0000   0.6109479E-0016   0.4058926E+0002  -0.6026402E-0003   0.6901489E-0014  -0.1647493E+0000  -0.9184898E+0002
    17.95200   0.9767386E+0000  -0.6238228E-0015   0.4058691E+0002  -0.6026402E-0003   0.6901652E-0014  -0.1626636E+0000  -0.9184884E+0002
    17.95600   0.9767386E+0000   0.4035400E-0015   0.4058458E+0002  -0.6026402E-0003   0.6901814E-0014  -0.1606032E+0000  -0.9184869E+0002
    17.96000   0.9767386E+0000   0.6109479E-0016   0.4058228E+0002  -0.6026402E-0003   0.6903305E-0014  -0.1585708E+0000  -0.9184855E+0002
    17.96400   0.9767386E+0000   0.6109479E-0016   0.4058000E+0002  -0.6026402E-0003   0.6914147E-0014  -0.1565690E+0000  -0.9184841E+0002
    17.96800   0.9767386E+0000  -0.6237957E-0015   0.4057774E+0002  -0.6026402E-0003   0.6916966E-0014  -0.1546004E+0000  -0.9184827E+0002
    17.97200   0.9767386E+0000   0.4035943E-0015   0.4057551E+0002  -0.6026402E-0003   0.6921140E-0014  -0.1526674E+0000  -0.9184813E+0002
    17.97600   0.9767386E+0000   0.6114900E-0016   0.4057330E+0002  -0.6026402E-0003   0.6922658E-0014  -0.1507722E+0000  -0.9184799E+0002
    17.98000   0.9767386E+0000   0.4035943E-0015   0.4057112E+0002  -0.6026402E-0003   0.6924162E-0014  -0.1489172E+0000  -0.9184785E+0002
    17.98400   0.9767386E+0000   0.6114900E-0016   0.4056897E+0002  -0.6026402E-0003   0.6928336E-0014  -0.1471044E+0000  -0.9184771E+0002
    17.98800   0.9767386E+0000  -0.6237415E-0015   0.4056684E+0002  -0.6026402E-0003   0.6931169E-0014  -0.1453356E+0000  -0.9184757E+0002
    17.99200   0.9767386E+0000   0.6114900E-0016   0.4056474E+0002  -0.6026402E-0003   0.6931318E-0014  -0.1436128E+0000  -0.9184744E+0002
    17.99600   0.9767386E+0000   0.6114900E-0016   0.4056268E+0002  -0.6026402E-0003   0.6931481E-0014  -0.1419374E+0000  -0.9184730E+0002
    18.00000   0.9767386E+0000   0.6114900E-0016   0.4056064E+0002  -0.6026402E-0003   0.6936997E-0014  -0.1403110E+0000  -0.9184717E+0002
    18.00400   0.9767386E+0000   0.6114900E-0016   0.4055864E+0002  -0.6026402E-0003   0.6938487E-0014  -0.1387350E+0000  -0.9184704E+0002
    18.00800   0.9767386E+0000   0.7460937E-0015   0.4055667E+0002  -0.6026402E-0003   0.6941320E-0014  -0.1372105E+0000  -0.9184690E+0002
    18.01200   0.9767386E+0000   0.6114900E-0016   0.4055474E+0002  -0.6026402E-0003   0.6942811E-0014  -0.1357385E+0000  -0.9184677E+0002
    18.01600   0.9767386E+0000   0.6114900E-0016   0.4055286E+0002  -0.6026402E-0003   0.6942966E-0014  -0.1343200E+0000  -0.9184664E+0002
    18.02000   0.9767386E+0000   0.6114900E-0016   0.4055101E+0002  -0.6026402E-0003   0.6945799E-0014  -0.1329556E+0000  -0.9184651E+0002
    18.02400   0.9767386E+0000   0.6114900E-0016   0.4054921E+0002  -0.6026402E-0003   0.6949970E-0014  -0.1316461E+0000  -0.9184639E+0002
    18.02800   0.9767386E+0000   0.4035943E-0015   0.4054745E+0002  -0.6026402E-0003   0.6952806E-0014  -0.1303919E+0000  -0.9184626E+0002
    18.03200   0.9767386E+0000  -0.2812963E-0015   0.4054575E+0002  -0.6026402E-0003   0.6958315E-0014  -0.1291934E+0000  -0.9184614E+0002
    18.03600   0.9767386E+0000   0.4035943E-0015   0.4054410E+0002  -0.6026402E-0003   0.6962487E-0014  -0.1280509E+0000  -0.9184601E+0002
    18.04000   0.9767386E+0000  -0.2812963E-0015   0.4054251E+0002  -0.6026402E-0003   0.6961307E-0014  -0.1269645E+0000  -0.9184589E+0002
    18.04400   0.9767386E+0000   0.6114900E-0016   0.4054098E+0002  -0.6026402E-0003   0.6962804E-0014  -0.1259342E+0000  -0.9184578E+0002
    18.04800   0.9767386E+0000   0.6114900E-0016   0.4053952E+0002  -0.6026402E-0003   0.6965639E-0014  -0.1249602E+0000  -0.9184566E+0002
    18.05200   0.9767386E+0000   0.6114900E-0016   0.4053812E+0002  -0.6026402E-0003   0.6968470E-0014  -0.1240421E+0000  -0.9184555E+0002
    18.05600   0.9767386E+0000   0.7460395E-0015   0.4053679E+0002  -0.6026402E-0003   0.6967290E-0014  -0.1231800E+0000  -0.9184544E+0002
    18.06000   0.9767386E+0000  -0.6237415E-0015   0.4053554E+0002  -0.6026402E-0003   0.6972797E-0014  -0.1223735E+0000  -0.9184534E+0002
    18.06400   0.9767386E+0000   0.6114900E-0016   0.4053437E+0002  -0.6026402E-0003   0.6974295E-0014  -0.1216223E+0000  -0.9184524E+0002
    18.06800   0.9767386E+0000  -0.2812963E-0015   0.4053328E+0002  -0.6026402E-0003   0.6975791E-0014  -0.1209261E+0000  -0.9184514E+0002
    18.07200   0.9767386E+0000   0.6114900E-0016   0.4053228E+0002  -0.6026402E-0003   0.6978623E-0014  -0.1202845E+0000  -0.9184505E+0002
    18.07600   0.9767386E+0000   0.4035943E-0015   0.4053136E+0002  -0.6026402E-0003   0.6977444E-0014  -0.1196971E+0000  -0.9184497E+0002
    18.08000   0.9767386E+0000  -0.2812963E-0015   0.4053054E+0002  -0.6026402E-0003   0.6980280E-0014  -0.1191633E+0000  -0.9184489E+0002
    18.08400   0.9767386E+0000   0.7460395E-0015   0.4052982E+0002  -0.6026402E-0003   0.6980436E-0014  -0.1186828E+0000  -0.9184482E+0002
    18.08800   0.9767386E+0000  -0.2813505E-0015   0.4052919E+0002  -0.6026402E-0003   0.6980595E-0014  -0.1182550E+0000  -0.9184475E+0002
    18.09200   0.9767386E+0000  -0.6237957E-0015   0.4052866E+0002  -0.6026402E-0003   0.6982093E-0014  -0.1178794E+0000  -0.9184469E+0002
    18.09600   0.9767386E+0000   0.4035943E-0015   0.4052824E+0002  -0.6026402E-0003   0.6982252E-0014  -0.1175555E+0000  -0.9184465E+0002
    18.10000   0.9767386E+0000  -0.6237957E-0015   0.4052793E+0002  -0.6026402E-0003   0.6981073E-0014  -0.1172827E+0000  -0.9184460E+0002
    18.10400   0.9767386E+0000   0.4035400E-0015   0.4052773E+0002  -0.6026402E-0003   0.6982570E-0014  -0.1170605E+0000  -0.9184457E+0002
    18.10800   0.9767386E+0000   0.4035400E-0015   0.4052763E+0002  -0.6026402E-0003   0.6981388E-0014  -0.1168884E+0000  -0.9184455E+0002
    18.11200   0.9767386E+0000  -0.2813505E-0015   0.4052765E+0002  -0.6026402E-0003   0.6980209E-0014  -0.1167659E+0000  -0.9184453E+0002
    18.11600   0.9767386E+0000  -0.6237957E-0015   0.4052778E+0002  -0.6026402E-0003   0.6981703E-0014  -0.1166924E+0000  -0.9184453E+0002
    18.12000   0.9767386E+0000  -0.2812963E-0015   0.4052803E+0002  -0.6026402E-0003   0.6980524E-0014  -0.1166675E+0000  -0.9184453E+0002
    18.12400   0.9767386E+0000   0.7460937E-0015   0.4052839E+0002  -0.6026402E-0003   0.6984695E-0014  -0.1166906E+0000  -0.9184455E+0002
    18.12800   0.9767386E+0000   0.4036485E-0015   0.4052887E+0002  -0.6026402E-0003   0.6980839E-0014  -0.1167614E+0000  -0.9184457E+0002
    18.13200   0.9767386E+0000  -0.2812420E-0015   0.4052947E+0002  -0.6026402E-0003   0.6979660E-0014  -0.1168794E+0000  -0.9184461E+0002
    18.13600   0.9767386E+0000  -0.2812420E-0015   0.4053018E+0002  -0.6026402E-0003   0.6981151E-0014  -0.1170442E+0000  -0.9184466E+0002
    18.14000   0.9767386E+0000  -0.2812420E-0015   0.4053101E+0002  -0.6026402E-0003   0.6978630E-0014  -0.1172554E+0000  -0.9184471E+0002
    18.14400   0.9767386E+0000   0.6120321E-0016   0.4053196E+0002  -0.6026402E-0003   0.6978793E-0014  -0.1175128E+0000  -0.9184478E+0002
    18.14800   0.9767386E+0000   0.7460937E-0015   0.4053302E+0002  -0.6026402E-0003   0.6976279E-0014  -0.1178159E+0000  -0.9184486E+0002
    18.15200   0.9767386E+0000   0.6114900E-0016   0.4053420E+0002  -0.6026402E-0003   0.6975099E-0014  -0.1181646E+0000  -0.9184495E+0002
    18.15600   0.9767386E+0000   0.6114900E-0016   0.4053548E+0002  -0.6026402E-0003   0.6973920E-0014  -0.1185585E+0000  -0.9184505E+0002
    18.16000   0.9767386E+0000  -0.2813505E-0015   0.4053688E+0002  -0.6026402E-0003   0.6974076E-0014  -0.1189976E+0000  -0.9184515E+0002
    18.16400   0.9767386E+0000  -0.2813505E-0015   0.4053838E+0002  -0.6026402E-0003   0.6970221E-0014  -0.1194816E+0000  -0.9184527E+0002
    18.16800   0.9767386E+0000   0.4035400E-0015   0.4054000E+0002  -0.6026402E-0003   0.6970383E-0014  -0.1200105E+0000  -0.9184540E+0002
    18.17200   0.9767386E+0000   0.6104058E-0016   0.4054171E+0002  -0.6026402E-0003   0.6966521E-0014  -0.1205842E+0000  -0.9184553E+0002
    18.17600   0.9767386E+0000   0.1088376E-0014   0.4054353E+0002  -0.6026402E-0003   0.6965342E-0014  -0.1212026E+0000  -0.9184568E+0002
    18.18000   0.9767386E+0000   0.4034858E-0015   0.4054545E+0002  -0.6026402E-0003   0.6964163E-0014  -0.1218657E+0000  -0.9184583E+0002
    18.18400   0.9767386E+0000   0.6104058E-0016   0.4054746E+0002  -0.6026402E-0003   0.6960307E-0014  -0.1225735E+0000  -0.9184599E+0002
    18.18800   0.9767386E+0000  -0.2814589E-0015   0.4054957E+0002  -0.6026402E-0003   0.6959128E-0014  -0.1233261E+0000  -0.9184616E+0002
    18.19200   0.9767386E+0000  -0.2814589E-0015   0.4055177E+0002  -0.6026402E-0003   0.6955272E-0014  -0.1241236E+0000  -0.9184633E+0002
    18.19600   0.9767386E+0000   0.4034316E-0015   0.4055405E+0002  -0.6026402E-0003   0.6951416E-0014  -0.1249660E+0000  -0.9184651E+0002
    18.20000   0.9767386E+0000   0.4034316E-0015   0.4055642E+0002  -0.6026402E-0003   0.6948902E-0014  -0.1258535E+0000  -0.9184669E+0002
    18.20400   0.9767386E+0000   0.6093216E-0016   0.4055887E+0002  -0.6026402E-0003   0.6946382E-0014  -0.1267861E+0000  -0.9184688E+0002
    18.20800   0.9767386E+0000   0.4034316E-0015   0.4056140E+0002  -0.6026402E-0003   0.6942533E-0014  -0.1277641E+0000  -0.9184707E+0002
    18.21200   0.9767386E+0000   0.7459311E-0015   0.4056400E+0002  -0.6026402E-0003   0.6940005E-0014  -0.1287873E+0000  -0.9184726E+0002
    18.21600   0.9767386E+0000   0.6104058E-0016   0.4056667E+0002  -0.6026402E-0003   0.6936150E-0014  -0.1298561E+0000  -0.9184746E+0002
    18.22000   0.9767386E+0000   0.6104058E-0016   0.4056942E+0002  -0.6026402E-0003   0.6933636E-0014  -0.1309704E+0000  -0.9184766E+0002
    18.22400   0.9767386E+0000   0.6104058E-0016   0.4057222E+0002  -0.6026402E-0003   0.6928438E-0014  -0.1321304E+0000  -0.9184787E+0002
    18.22800   0.9767386E+0000   0.7459311E-0015   0.4057510E+0002  -0.6026402E-0003   0.6920571E-0014  -0.1333360E+0000  -0.9184807E+0002
    18.23200   0.9767386E+0000   0.6093216E-0016   0.4057803E+0002  -0.6026402E-0003   0.6919392E-0014  -0.1345872E+0000  -0.9184827E+0002
    18.23600   0.9767386E+0000   0.4034316E-0015   0.4058102E+0002  -0.6026402E-0003   0.6912859E-0014  -0.1358839E+0000  -0.9184848E+0002
    18.24000   0.9767386E+0000  -0.9663494E-0015   0.4058406E+0002  -0.6026402E-0003   0.6913015E-0014  -0.1372261E+0000  -0.9184868E+0002
    18.24400   0.9767386E+0000  -0.2813505E-0015   0.4058716E+0002  -0.6026402E-0003   0.6907818E-0014  -0.1386135E+0000  -0.9184888E+0002
    18.24800   0.9767386E+0000   0.6114900E-0016   0.4059031E+0002  -0.6026402E-0003   0.6906639E-0014  -0.1400458E+0000  -0.9184909E+0002
    18.25200   0.9767386E+0000   0.6114900E-0016   0.4059351E+0002  -0.6026402E-0003   0.6897430E-0014  -0.1415228E+0000  -0.9184929E+0002
    18.25600   0.9767386E+0000  -0.2813505E-0015   0.4059676E+0002  -0.6026402E-0003   0.6894916E-0014  -0.1430441E+0000  -0.9184949E+0002
    18.26000   0.9767386E+0000   0.6114900E-0016   0.4060005E+0002  -0.6026402E-0003   0.6893737E-0014  -0.1446089E+0000  -0.9184969E+0002
    18.26400   0.9767386E+0000  -0.6237415E-0015   0.4060339E+0002  -0.6026402E-0003   0.6889881E-0014  -0.1462169E+0000  -0.9184988E+0002
    18.26800   0.9767386E+0000   0.6114900E-0016   0.4060677E+0002  -0.6026402E-0003   0.6884691E-0014  -0.1478671E+0000  -0.9185008E+0002
    18.27200   0.9767386E+0000   0.6114900E-0016   0.4061020E+0002  -0.6026402E-0003   0.6883512E-0014  -0.1495588E+0000  -0.9185027E+0002
    18.27600   0.9767386E+0000   0.6114900E-0016   0.4061367E+0002  -0.6026402E-0003   0.6878321E-0014  -0.1512911E+0000  -0.9185046E+0002
    18.28000   0.9767386E+0000  -0.2813505E-0015   0.4061718E+0002  -0.6026402E-0003   0.6871792E-0014  -0.1530627E+0000  -0.9185066E+0002
    18.28400   0.9767386E+0000   0.6109479E-0016   0.4062074E+0002  -0.6026402E-0003   0.6869275E-0014  -0.1548726E+0000  -0.9185084E+0002
    18.28800   0.9767386E+0000   0.6109479E-0016   0.4062434E+0002  -0.6026402E-0003   0.6865419E-0014  -0.1567193E+0000  -0.9185103E+0002
    18.29200   0.9767386E+0000   0.4035400E-0015   0.4062797E+0002  -0.6026402E-0003   0.6856213E-0014  -0.1586015E+0000  -0.9185122E+0002
    18.29600   0.9767386E+0000   0.6104058E-0016   0.4063165E+0002  -0.6026402E-0003   0.6855034E-0014  -0.1605174E+0000  -0.9185140E+0002
    18.30000   0.9767386E+0000  -0.2814047E-0015   0.4063538E+0002  -0.6026402E-0003   0.6845827E-0014  -0.1624654E+0000  -0.9185159E+0002
    18.30400   0.9767386E+0000   0.6104058E-0016   0.4063914E+0002  -0.6026402E-0003   0.6839297E-0014  -0.1644436E+0000  -0.9185177E+0002
    18.30800   0.9767386E+0000  -0.2814047E-0015   0.4064295E+0002  -0.6026402E-0003   0.6834106E-0014  -0.1664499E+0000  -0.9185195E+0002
    18.31200   0.9767386E+0000   0.6104058E-0016   0.4064680E+0002  -0.6026402E-0003   0.6834265E-0014  -0.1684824E+0000  -0.9185213E+0002
    18.31600   0.9767386E+0000  -0.2814047E-0015   0.4065069E+0002  -0.6026402E-0003   0.6827733E-0014  -0.1705387E+0000  -0.9185231E+0002
    18.32000   0.9767386E+0000  -0.2814047E-0015   0.4065463E+0002  -0.6026402E-0003   0.6819862E-0014  -0.1726165E+0000  -0.9185249E+0002
    18.32400   0.9767386E+0000  -0.6238770E-0015   0.4065861E+0002  -0.6026402E-0003   0.6822695E-0014  -0.1747134E+0000  -0.9185266E+0002
    18.32800   0.9767386E+0000  -0.2814318E-0015   0.4066263E+0002  -0.6026402E-0003   0.6813492E-0014  -0.1768268E+0000  -0.9185284E+0002
    18.33200   0.9767386E+0000   0.6101348E-0016   0.4066671E+0002  -0.6026402E-0003   0.6810972E-0014  -0.1789541E+0000  -0.9185302E+0002
    18.33600   0.9767386E+0000  -0.2814589E-0015   0.4067082E+0002  -0.6026402E-0003   0.6803098E-0014  -0.1810926E+0000  -0.9185319E+0002
    18.34000   0.9767386E+0000   0.6101348E-0016   0.4067498E+0002  -0.6026402E-0003   0.6793889E-0014  -0.1832396E+0000  -0.9185336E+0002
    18.34400   0.9767386E+0000   0.6101348E-0016   0.4067919E+0002  -0.6026402E-0003   0.6794044E-0014  -0.1853921E+0000  -0.9185354E+0002
    18.34800   0.9767386E+0000  -0.6239041E-0015   0.4068345E+0002  -0.6026402E-0003   0.6788854E-0014  -0.1875475E+0000  -0.9185371E+0002
    18.35200   0.9767386E+0000   0.4034587E-0015   0.4068775E+0002  -0.6026402E-0003   0.6783650E-0014  -0.1897029E+0000  -0.9185388E+0002
    18.35600   0.9767386E+0000  -0.6239041E-0015   0.4069209E+0002  -0.6026402E-0003   0.6770436E-0014  -0.1918554E+0000  -0.9185404E+0002
    18.36000   0.9767386E+0000   0.4034587E-0015   0.4069649E+0002  -0.6026402E-0003   0.6773268E-0014  -0.1940023E+0000  -0.9185421E+0002
    18.36400   0.9767386E+0000   0.6100670E-0016   0.4070092E+0002  -0.6026402E-0003   0.6758713E-0014  -0.1961407E+0000  -0.9185437E+0002
    18.36800   0.9767386E+0000   0.4034587E-0015   0.4070541E+0002  -0.6026402E-0003   0.6760204E-0014  -0.1982681E+0000  -0.9185453E+0002
    18.37200   0.9767386E+0000   0.4034587E-0015   0.4070994E+0002  -0.6026402E-0003   0.6753672E-0014  -0.2003817E+0000  -0.9185469E+0002
    18.37600   0.9767386E+0000  -0.6239109E-0015   0.4071451E+0002  -0.6026402E-0003   0.6744456E-0014  -0.2024792E+0000  -0.9185484E+0002
    18.38000   0.9767386E+0000   0.6099992E-0016   0.4071913E+0002  -0.6026402E-0003   0.6745960E-0014  -0.2045580E+0000  -0.9185499E+0002
    18.38400   0.9767386E+0000  -0.2814555E-0015   0.4072379E+0002  -0.6026402E-0003   0.6736744E-0014  -0.2066161E+0000  -0.9185513E+0002
    18.38800   0.9767386E+0000  -0.2814555E-0015   0.4072849E+0002  -0.6026402E-0003   0.6728857E-0014  -0.2086514E+0000  -0.9185527E+0002
    18.39200   0.9767386E+0000  -0.2814538E-0015   0.4073324E+0002  -0.6026402E-0003   0.6716958E-0014  -0.2106619E+0000  -0.9185540E+0002
    18.39600   0.9767386E+0000  -0.6239109E-0015   0.4073802E+0002  -0.6026402E-0003   0.6718448E-0014  -0.2126460E+0000  -0.9185553E+0002
    18.40000   0.9767386E+0000   0.6099992E-0016   0.4074284E+0002  -0.6026402E-0003   0.6709260E-0014  -0.2146023E+0000  -0.9185565E+0002
    18.40400   0.9767386E+0000   0.7459108E-0015   0.4074770E+0002  -0.6026402E-0003   0.6700071E-0014  -0.2165295E+0000  -0.9185576E+0002
    18.40800   0.9767386E+0000   0.6099992E-0016   0.4075259E+0002  -0.6026402E-0003   0.6693539E-0014  -0.2184267E+0000  -0.9185587E+0002
    18.41200   0.9767386E+0000  -0.2814555E-0015   0.4075752E+0002  -0.6026402E-0003   0.6692346E-0014  -0.2202930E+0000  -0.9185597E+0002
    18.41600   0.9767386E+0000   0.6099654E-0016   0.4076248E+0002  -0.6026402E-0003   0.6680474E-0014  -0.2221281E+0000  -0.9185606E+0002
    18.42000   0.9767386E+0000  -0.6239041E-0015   0.4076747E+0002  -0.6026402E-0003   0.6673915E-0014  -0.2239316E+0000  -0.9185614E+0002
    18.42400   0.9767386E+0000   0.4034655E-0015   0.4077248E+0002  -0.6026402E-0003   0.6670066E-0014  -0.2257037E+0000  -0.9185622E+0002
    18.42800   0.9767386E+0000  -0.9663562E-0015   0.4077752E+0002  -0.6026402E-0003   0.6663507E-0014  -0.2274445E+0000  -0.9185628E+0002
    18.43200   0.9767386E+0000   0.6099992E-0016   0.4078258E+0002  -0.6026402E-0003   0.6662368E-0014  -0.2291548E+0000  -0.9185633E+0002
    18.43600   0.9767386E+0000  -0.2814589E-0015   0.4078765E+0002  -0.6026402E-0003   0.6653152E-0014  -0.2308351E+0000  -0.9185638E+0002
    18.44000   0.9767386E+0000   0.6099992E-0016   0.4079274E+0002  -0.6026402E-0003   0.6646593E-0014  -0.2324867E+0000  -0.9185641E+0002
    18.44400   0.9767386E+0000  -0.2814589E-0015   0.4079784E+0002  -0.6026402E-0003   0.6642744E-0014  -0.2341106E+0000  -0.9185643E+0002
    18.44800   0.9767386E+0000   0.6099992E-0016   0.4080295E+0002  -0.6026402E-0003   0.6633583E-0014  -0.2357083E+0000  -0.9185644E+0002
    18.45200   0.9767386E+0000  -0.2814589E-0015   0.4080806E+0002  -0.6026402E-0003   0.6624421E-0014  -0.2372816E+0000  -0.9185644E+0002
    18.45600   0.9767386E+0000   0.4034316E-0015   0.4081317E+0002  -0.6026402E-0003   0.6625885E-0014  -0.2388320E+0000  -0.9185643E+0002
    18.46000   0.9767386E+0000   0.6098637E-0016   0.4081827E+0002  -0.6026402E-0003   0.6614013E-0014  -0.2403616E+0000  -0.9185641E+0002
    18.46400   0.9767386E+0000   0.4034316E-0015   0.4082336E+0002  -0.6026402E-0003   0.6604797E-0014  -0.2418723E+0000  -0.9185637E+0002
    18.46800   0.9767386E+0000   0.6098637E-0016   0.4082843E+0002  -0.6026402E-0003   0.6603659E-0014  -0.2433663E+0000  -0.9185632E+0002
    18.47200   0.9767386E+0000  -0.6239312E-0015   0.4083347E+0002  -0.6026402E-0003   0.6597153E-0014  -0.2448457E+0000  -0.9185626E+0002
    18.47600   0.9767386E+0000   0.4034316E-0015   0.4083849E+0002  -0.6026402E-0003   0.6587938E-0014  -0.2463127E+0000  -0.9185619E+0002
    18.48000   0.9767386E+0000  -0.2814589E-0015   0.4084348E+0002  -0.6026402E-0003   0.6584089E-0014  -0.2477694E+0000  -0.9185611E+0002
    18.48400   0.9767386E+0000   0.4034316E-0015   0.4084842E+0002  -0.6026402E-0003   0.6577529E-0014  -0.2492179E+0000  -0.9185601E+0002
    18.48800   0.9767386E+0000  -0.2814860E-0015   0.4085332E+0002  -0.6026402E-0003   0.6571024E-0014  -0.2506604E+0000  -0.9185591E+0002
    18.49200   0.9767386E+0000   0.6095927E-0016   0.4085816E+0002  -0.6026402E-0003   0.6561808E-0014  -0.2520987E+0000  -0.9185579E+0002
    18.49600   0.9767386E+0000  -0.2815131E-0015   0.4086294E+0002  -0.6026402E-0003   0.6552701E-0014  -0.2535347E+0000  -0.9185567E+0002
    18.50000   0.9767386E+0000   0.4034316E-0015   0.4086765E+0002  -0.6026402E-0003   0.6551508E-0014  -0.2549700E+0000  -0.9185553E+0002
    18.50400   0.9767386E+0000  -0.2814589E-0015   0.4087229E+0002  -0.6026402E-0003   0.6547605E-0014  -0.2564061E+0000  -0.9185539E+0002
    18.50800   0.9767386E+0000   0.7458769E-0015   0.4087684E+0002  -0.6026402E-0003   0.6535679E-0014  -0.2578443E+0000  -0.9185523E+0002
    18.51200   0.9767386E+0000  -0.6239584E-0015   0.4088131E+0002  -0.6026402E-0003   0.6531776E-0014  -0.2592856E+0000  -0.9185507E+0002
    18.51600   0.9767386E+0000  -0.2815131E-0015   0.4088568E+0002  -0.6026402E-0003   0.6525271E-0014  -0.2607310E+0000  -0.9185490E+0002
    18.52000   0.9767386E+0000   0.7458227E-0015   0.4088995E+0002  -0.6026402E-0003   0.6516055E-0014  -0.2621809E+0000  -0.9185473E+0002
    18.52400   0.9767386E+0000  -0.2815131E-0015   0.4089411E+0002  -0.6026402E-0003   0.6509550E-0014  -0.2636357E+0000  -0.9185455E+0002
    18.52800   0.9767386E+0000  -0.2815131E-0015   0.4089816E+0002  -0.6026402E-0003   0.6500334E-0014  -0.2650954E+0000  -0.9185436E+0002
    18.53200   0.9767386E+0000  -0.2815131E-0015   0.4090208E+0002  -0.6026402E-0003   0.6496539E-0014  -0.2665599E+0000  -0.9185417E+0002
    18.53600   0.9767386E+0000   0.6093216E-0016   0.4090588E+0002  -0.6026402E-0003   0.6497949E-0014  -0.2680285E+0000  -0.9185398E+0002
    18.54000   0.9767386E+0000  -0.2815673E-0015   0.4090955E+0002  -0.6026402E-0003   0.6486023E-0014  -0.2695007E+0000  -0.9185379E+0002
    18.54400   0.9767386E+0000  -0.2815673E-0015   0.4091309E+0002  -0.6026402E-0003   0.6490143E-0014  -0.2709753E+0000  -0.9185359E+0002
    18.54800   0.9767386E+0000   0.7457685E-0015   0.4091649E+0002  -0.6026402E-0003   0.6475614E-0014  -0.2724512E+0000  -0.9185340E+0002
    18.55200   0.9767386E+0000  -0.2815944E-0015   0.4091974E+0002  -0.6026402E-0003   0.6471711E-0014  -0.2739270E+0000  -0.9185320E+0002
    18.55600   0.9767386E+0000  -0.6240668E-0015   0.4092286E+0002  -0.6026402E-0003   0.6475940E-0014  -0.2754008E+0000  -0.9185301E+0002
    18.56000   0.9767386E+0000   0.6082374E-0016   0.4092582E+0002  -0.6026402E-0003   0.6472145E-0014  -0.2768710E+0000  -0.9185283E+0002
    18.56400   0.9767386E+0000  -0.6240668E-0015   0.4092865E+0002  -0.6026402E-0003   0.6462929E-0014  -0.2783355E+0000  -0.9185264E+0002
    18.56800   0.9767386E+0000  -0.1308957E-0014   0.4093132E+0002  -0.6026402E-0003   0.6456316E-0014  -0.2797921E+0000  -0.9185247E+0002
    18.57200   0.9767386E+0000  -0.2815944E-0015   0.4093386E+0002  -0.6026402E-0003   0.6460544E-0014  -0.2812386E+0000  -0.9185229E+0002
    18.57600   0.9767386E+0000  -0.6240397E-0015   0.4093624E+0002  -0.6026402E-0003   0.6459351E-0014  -0.2826727E+0000  -0.9185213E+0002
    18.58000   0.9767386E+0000  -0.6240397E-0015   0.4093849E+0002  -0.6026402E-0003   0.6455557E-0014  -0.2840919E+0000  -0.9185197E+0002
    18.58400   0.9767386E+0000   0.4033232E-0015   0.4094061E+0002  -0.6026402E-0003   0.6449051E-0014  -0.2854940E+0000  -0.9185182E+0002
    18.58800   0.9767386E+0000  -0.6240397E-0015   0.4094259E+0002  -0.6026402E-0003   0.6447859E-0014  -0.2868766E+0000  -0.9185168E+0002
    18.59200   0.9767386E+0000   0.6087795E-0016   0.4094444E+0002  -0.6026402E-0003   0.6449377E-0014  -0.2882372E+0000  -0.9185155E+0002
    18.59600   0.9767386E+0000  -0.6240397E-0015   0.4094618E+0002  -0.6026402E-0003   0.6445582E-0014  -0.2895736E+0000  -0.9185143E+0002
    18.60000   0.9767386E+0000   0.4033232E-0015   0.4094780E+0002  -0.6026402E-0003   0.6441679E-0014  -0.2908836E+0000  -0.9185132E+0002
    18.60400   0.9767386E+0000   0.7457820E-0015   0.4094932E+0002  -0.6026402E-0003   0.6440486E-0014  -0.2921652E+0000  -0.9185122E+0002
    18.60800   0.9767386E+0000  -0.2815809E-0015   0.4095073E+0002  -0.6026402E-0003   0.6439294E-0014  -0.2934164E+0000  -0.9185113E+0002
    18.61200   0.9767386E+0000   0.6086440E-0016   0.4095207E+0002  -0.6026402E-0003   0.6440811E-0014  -0.2946354E+0000  -0.9185106E+0002
    18.61600   0.9767386E+0000  -0.2815809E-0015   0.4095332E+0002  -0.6026402E-0003   0.6437017E-0014  -0.2958208E+0000  -0.9185099E+0002
    18.62000   0.9767386E+0000  -0.2815809E-0015   0.4095450E+0002  -0.6026402E-0003   0.6435824E-0014  -0.2969711E+0000  -0.9185094E+0002
    18.62400   0.9767386E+0000  -0.2815809E-0015   0.4095563E+0002  -0.6026402E-0003   0.6440052E-0014  -0.2980851E+0000  -0.9185090E+0002
    18.62800   0.9767386E+0000  -0.2815809E-0015   0.4095670E+0002  -0.6026402E-0003   0.6433547E-0014  -0.2991619E+0000  -0.9185086E+0002
    18.63200   0.9767386E+0000  -0.9664917E-0015   0.4095774E+0002  -0.6026402E-0003   0.6434957E-0014  -0.3002008E+0000  -0.9185084E+0002
    18.63600   0.9767386E+0000  -0.9664917E-0015   0.4095875E+0002  -0.6026402E-0003   0.6431054E-0014  -0.3012011E+0000  -0.9185084E+0002
    18.64000   0.9767386E+0000  -0.6240397E-0015   0.4095975E+0002  -0.6026402E-0003   0.6424440E-0014  -0.3021627E+0000  -0.9185084E+0002
    18.64400   0.9767386E+0000  -0.9664985E-0015   0.4096073E+0002  -0.6026402E-0003   0.6423247E-0014  -0.3030855E+0000  -0.9185085E+0002
    18.64800   0.9767386E+0000   0.6087118E-0016   0.4096172E+0002  -0.6026402E-0003   0.6424657E-0014  -0.3039696E+0000  -0.9185087E+0002
    18.65200   0.9767386E+0000   0.6086440E-0016   0.4096271E+0002  -0.6026402E-0003   0.6426175E-0014  -0.3048154E+0000  -0.9185090E+0002
    18.65600   0.9767386E+0000  -0.9664985E-0015   0.4096373E+0002  -0.6026402E-0003   0.6416959E-0014  -0.3056235E+0000  -0.9185094E+0002
    18.66000   0.9767386E+0000  -0.9664985E-0015   0.4096477E+0002  -0.6026402E-0003   0.6418477E-0014  -0.3063945E+0000  -0.9185099E+0002
    18.66400   0.9767386E+0000  -0.2815944E-0015   0.4096584E+0002  -0.6026402E-0003   0.6422597E-0014  -0.3071294E+0000  -0.9185105E+0002
    18.66800   0.9767386E+0000   0.6086440E-0016   0.4096694E+0002  -0.6026402E-0003   0.6418694E-0014  -0.3078293E+0000  -0.9185111E+0002
    18.67200   0.9767386E+0000  -0.6240397E-0015   0.4096809E+0002  -0.6026402E-0003   0.6420212E-0014  -0.3084954E+0000  -0.9185118E+0002
    18.67600   0.9767386E+0000   0.6087795E-0016   0.4096929E+0002  -0.6026402E-0003   0.6413706E-0014  -0.3091288E+0000  -0.9185126E+0002
    18.68000   0.9767386E+0000  -0.6240126E-0015   0.4097053E+0002  -0.6026402E-0003   0.6420537E-0014  -0.3097312E+0000  -0.9185135E+0002
    18.68400   0.9767386E+0000  -0.2815673E-0015   0.4097182E+0002  -0.6026402E-0003   0.6419344E-0014  -0.3103038E+0000  -0.9185144E+0002
    18.68800   0.9767386E+0000  -0.2815673E-0015   0.4097315E+0002  -0.6026402E-0003   0.6404816E-0014  -0.3108482E+0000  -0.9185154E+0002
    18.69200   0.9767386E+0000  -0.2815673E-0015   0.4097453E+0002  -0.6026402E-0003   0.6403623E-0014  -0.3113660E+0000  -0.9185164E+0002
    18.69600   0.9767386E+0000   0.6090506E-0016   0.4097595E+0002  -0.6026402E-0003   0.6402431E-0014  -0.3118586E+0000  -0.9185175E+0002
    18.70000   0.9767386E+0000  -0.9664578E-0015   0.4097741E+0002  -0.6026402E-0003   0.6403840E-0014  -0.3123275E+0000  -0.9185186E+0002
    18.70400   0.9767386E+0000  -0.9664578E-0015   0.4097890E+0002  -0.6026402E-0003   0.6399937E-0014  -0.3127741E+0000  -0.9185198E+0002
    18.70800   0.9767386E+0000   0.6087795E-0016   0.4098041E+0002  -0.6026402E-0003   0.6401455E-0014  -0.3131999E+0000  -0.9185210E+0002
    18.71200   0.9767386E+0000   0.6087795E-0016   0.4098194E+0002  -0.6026402E-0003   0.6392239E-0014  -0.3136059E+0000  -0.9185223E+0002
    18.71600   0.9767386E+0000  -0.2816215E-0015   0.4098347E+0002  -0.6026402E-0003   0.6391047E-0014  -0.3139934E+0000  -0.9185236E+0002
    18.72000   0.9767386E+0000  -0.6240668E-0015   0.4098500E+0002  -0.6026402E-0003   0.6389962E-0014  -0.3143633E+0000  -0.9185250E+0002
    18.72400   0.9767386E+0000  -0.2816215E-0015   0.4098651E+0002  -0.6026402E-0003   0.6391480E-0014  -0.3147166E+0000  -0.9185264E+0002
    18.72800   0.9767386E+0000  -0.6240126E-0015   0.4098798E+0002  -0.6026402E-0003   0.6384867E-0014  -0.3150540E+0000  -0.9185279E+0002
    18.73200   0.9767386E+0000  -0.2815673E-0015   0.4098942E+0002  -0.6026402E-0003   0.6386384E-0014  -0.3153761E+0000  -0.9185294E+0002
    18.73600   0.9767386E+0000  -0.9665120E-0015   0.4099080E+0002  -0.6026402E-0003   0.6390504E-0014  -0.3156833E+0000  -0.9185310E+0002
    18.74000   0.9767386E+0000  -0.6240668E-0015   0.4099210E+0002  -0.6026402E-0003   0.6381289E-0014  -0.3159758E+0000  -0.9185326E+0002
    18.74400   0.9767386E+0000  -0.9665662E-0015   0.4099332E+0002  -0.6026402E-0003   0.6382807E-0014  -0.3162538E+0000  -0.9185343E+0002
    18.74800   0.9767386E+0000  -0.2816757E-0015   0.4099443E+0002  -0.6026402E-0003   0.6384324E-0014  -0.3165171E+0000  -0.9185361E+0002
    18.75200   0.9767386E+0000  -0.9665662E-0015   0.4099542E+0002  -0.6026402E-0003   0.6380530E-0014  -0.3167653E+0000  -0.9185379E+0002
    18.75600   0.9767386E+0000  -0.2816757E-0015   0.4099628E+0002  -0.6026402E-0003   0.6376735E-0014  -0.3169980E+0000  -0.9185399E+0002
    18.76000   0.9767386E+0000  -0.6241752E-0015   0.4099699E+0002  -0.6026402E-0003   0.6378253E-0014  -0.3172144E+0000  -0.9185419E+0002
    18.76400   0.9767386E+0000  -0.2817841E-0015   0.4099754E+0002  -0.6026402E-0003   0.6374350E-0014  -0.3174134E+0000  -0.9185440E+0002
    18.76800   0.9767386E+0000  -0.2817841E-0015   0.4099790E+0002  -0.6026402E-0003   0.6378470E-0014  -0.3175939E+0000  -0.9185462E+0002
    18.77200   0.9767386E+0000  -0.6241752E-0015   0.4099807E+0002  -0.6026402E-0003   0.6379879E-0014  -0.3177546E+0000  -0.9185485E+0002
    18.77600   0.9767386E+0000  -0.1309066E-0014   0.4099804E+0002  -0.6026402E-0003   0.6376085E-0014  -0.3178940E+0000  -0.9185509E+0002
    18.78000   0.9767386E+0000  -0.6241752E-0015   0.4099778E+0002  -0.6026402E-0003   0.6382969E-0014  -0.3180103E+0000  -0.9185535E+0002
    18.78400   0.9767386E+0000   0.4031064E-0015   0.4099729E+0002  -0.6026402E-0003   0.6376464E-0014  -0.3181018E+0000  -0.9185561E+0002
    18.78800   0.9767386E+0000   0.4031064E-0015   0.4099655E+0002  -0.6026402E-0003   0.6375271E-0014  -0.3181665E+0000  -0.9185589E+0002
    18.79200   0.9767386E+0000  -0.6242836E-0015   0.4099556E+0002  -0.6026402E-0003   0.6379446E-0014  -0.3182024E+0000  -0.9185618E+0002
    18.79600   0.9767386E+0000  -0.6242836E-0015   0.4099431E+0002  -0.6026402E-0003   0.6380909E-0014  -0.3182072E+0000  -0.9185649E+0002
    18.80000   0.9767386E+0000   0.4029979E-0015   0.4099279E+0002  -0.6026402E-0003   0.6385083E-0014  -0.3181789E+0000  -0.9185680E+0002
    18.80400   0.9767386E+0000  -0.2818926E-0015   0.4099100E+0002  -0.6026402E-0003   0.6386547E-0014  -0.3181152E+0000  -0.9185713E+0002
    18.80800   0.9767386E+0000  -0.2818926E-0015   0.4098892E+0002  -0.6026402E-0003   0.6385354E-0014  -0.3180137E+0000  -0.9185748E+0002
    18.81200   0.9767386E+0000  -0.2818926E-0015   0.4098657E+0002  -0.6026402E-0003   0.6386818E-0014  -0.3178722E+0000  -0.9185783E+0002
    18.81600   0.9767386E+0000  -0.6243920E-0015   0.4098393E+0002  -0.6026402E-0003   0.6396305E-0014  -0.3176882E+0000  -0.9185820E+0002
    18.82000   0.9767386E+0000  -0.2818926E-0015   0.4098100E+0002  -0.6026402E-0003   0.6389746E-0014  -0.3174596E+0000  -0.9185859E+0002
    18.82400   0.9767386E+0000  -0.2818926E-0015   0.4097779E+0002  -0.6026402E-0003   0.6396576E-0014  -0.3171839E+0000  -0.9185898E+0002
    18.82800   0.9767386E+0000   0.6049848E-0016   0.4097430E+0002  -0.6026402E-0003   0.6395383E-0014  -0.3168590E+0000  -0.9185939E+0002
    18.83200   0.9767386E+0000   0.6049848E-0016   0.4097053E+0002  -0.6026402E-0003   0.6407581E-0014  -0.3164828E+0000  -0.9185981E+0002
    18.83600   0.9767386E+0000  -0.6245005E-0015   0.4096649E+0002  -0.6026402E-0003   0.6417067E-0014  -0.3160536E+0000  -0.9186024E+0002
    18.84000   0.9767386E+0000  -0.6245005E-0015   0.4096219E+0002  -0.6026402E-0003   0.6418585E-0014  -0.3155698E+0000  -0.9186068E+0002
    18.84400   0.9767386E+0000   0.6049848E-0016   0.4095764E+0002  -0.6026402E-0003   0.6422759E-0014  -0.3150301E+0000  -0.9186113E+0002
    18.84800   0.9767386E+0000  -0.2821094E-0015   0.4095284E+0002  -0.6026402E-0003   0.6429590E-0014  -0.3144336E+0000  -0.9186159E+0002
    18.85200   0.9767386E+0000  -0.2821094E-0015   0.4094780E+0002  -0.6026402E-0003   0.6433764E-0014  -0.3137793E+0000  -0.9186206E+0002
    18.85600   0.9767386E+0000  -0.6245005E-0015   0.4094255E+0002  -0.6026402E-0003   0.6435282E-0014  -0.3130663E+0000  -0.9186253E+0002
    18.86000   0.9767386E+0000  -0.6245005E-0015   0.4093709E+0002  -0.6026402E-0003   0.6450136E-0014  -0.3122939E+0000  -0.9186301E+0002
    18.86400   0.9767386E+0000   0.6028164E-0016   0.4093143E+0002  -0.6026402E-0003   0.6459677E-0014  -0.3114610E+0000  -0.9186349E+0002
    18.86800   0.9767386E+0000  -0.6247173E-0015   0.4092559E+0002  -0.6026402E-0003   0.6455828E-0014  -0.3105668E+0000  -0.9186398E+0002
    18.87200   0.9767386E+0000  -0.9673252E-0015   0.4091959E+0002  -0.6026402E-0003   0.6465342E-0014  -0.3096104E+0000  -0.9186446E+0002
    18.87600   0.9767386E+0000   0.6006480E-0016   0.4091343E+0002  -0.6026402E-0003   0.6477539E-0014  -0.3085911E+0000  -0.9186495E+0002
    18.88000   0.9767386E+0000   0.6006480E-0016   0.4090715E+0002  -0.6026402E-0003   0.6484396E-0014  -0.3075090E+0000  -0.9186543E+0002
    18.88400   0.9767386E+0000  -0.6249341E-0015   0.4090074E+0002  -0.6026402E-0003   0.6493910E-0014  -0.3063642E+0000  -0.9186592E+0002
    18.88800   0.9767386E+0000   0.5984796E-0016   0.4089424E+0002  -0.6026402E-0003   0.6500741E-0014  -0.3051578E+0000  -0.9186639E+0002
    18.89200   0.9767386E+0000  -0.6251510E-0015   0.4088767E+0002  -0.6026402E-0003   0.6510282E-0014  -0.3038913E+0000  -0.9186687E+0002
    18.89600   0.9767386E+0000  -0.2825431E-0015   0.4088103E+0002  -0.6026402E-0003   0.6519796E-0014  -0.3025667E+0000  -0.9186733E+0002
    18.90000   0.9767386E+0000   0.4022390E-0015   0.4087435E+0002  -0.6026402E-0003   0.6531993E-0014  -0.3011863E+0000  -0.9186779E+0002
    18.90400   0.9767386E+0000  -0.6251510E-0015   0.4086765E+0002  -0.6026402E-0003   0.6544190E-0014  -0.2997528E+0000  -0.9186824E+0002
    18.90800   0.9767386E+0000   0.5963112E-0016   0.4086095E+0002  -0.6026402E-0003   0.6545708E-0014  -0.2982689E+0000  -0.9186868E+0002
    18.91200   0.9767386E+0000  -0.6253678E-0015   0.4085425E+0002  -0.6026402E-0003   0.6557905E-0014  -0.2967375E+0000  -0.9186911E+0002
    18.91600   0.9767386E+0000  -0.6253678E-0015   0.4084759E+0002  -0.6026402E-0003   0.6562079E-0014  -0.2951613E+0000  -0.9186952E+0002
    18.92000   0.9767386E+0000   0.5963112E-0016   0.4084098E+0002  -0.6026402E-0003   0.6571620E-0014  -0.2935430E+0000  -0.9186992E+0002
    18.92400   0.9767386E+0000   0.7444132E-0015   0.4083442E+0002  -0.6026402E-0003   0.6575795E-0014  -0.2918851E+0000  -0.9187031E+0002
    18.92800   0.9767386E+0000   0.4018053E-0015   0.4082794E+0002  -0.6026402E-0003   0.6582625E-0014  -0.2901902E+0000  -0.9187068E+0002
    18.93200   0.9767386E+0000  -0.2831936E-0015   0.4082156E+0002  -0.6026402E-0003   0.6592166E-0014  -0.2884606E+0000  -0.9187103E+0002
    18.93600   0.9767386E+0000  -0.2831936E-0015   0.4081527E+0002  -0.6026402E-0003   0.6604363E-0014  -0.2866985E+0000  -0.9187137E+0002
    18.94000   0.9767386E+0000   0.7439795E-0015   0.4080909E+0002  -0.6026402E-0003   0.6608538E-0014  -0.2849063E+0000  -0.9187169E+0002
    18.94400   0.9767386E+0000   0.5898060E-0016   0.4080304E+0002  -0.6026402E-0003   0.6618024E-0014  -0.2830862E+0000  -0.9187199E+0002
    18.94800   0.9767386E+0000   0.5898060E-0016   0.4079713E+0002  -0.6026402E-0003   0.6619488E-0014  -0.2812405E+0000  -0.9187226E+0002
    18.95200   0.9767386E+0000   0.5898060E-0016   0.4079135E+0002  -0.6026402E-0003   0.6639708E-0014  -0.2793717E+0000  -0.9187252E+0002
    18.95600   0.9767386E+0000   0.5898060E-0016   0.4078573E+0002  -0.6026402E-0003   0.6638516E-0014  -0.2774821E+0000  -0.9187276E+0002
    18.96000   0.9767386E+0000  -0.2834104E-0015   0.4078025E+0002  -0.6026402E-0003   0.6642690E-0014  -0.2755744E+0000  -0.9187298E+0002
    18.96400   0.9767386E+0000  -0.2834104E-0015   0.4077494E+0002  -0.6026402E-0003   0.6652231E-0014  -0.2736509E+0000  -0.9187318E+0002
    18.96800   0.9767386E+0000  -0.2834104E-0015   0.4076979E+0002  -0.6026402E-0003   0.6656351E-0014  -0.2717143E+0000  -0.9187336E+0002
    18.97200   0.9767386E+0000  -0.6258015E-0015   0.4076481E+0002  -0.6026402E-0003   0.6668548E-0014  -0.2697669E+0000  -0.9187351E+0002
    18.97600   0.9767386E+0000   0.5919744E-0016   0.4076000E+0002  -0.6026402E-0003   0.6667355E-0014  -0.2678114E+0000  -0.9187365E+0002
    18.98000   0.9767386E+0000  -0.6258015E-0015   0.4075536E+0002  -0.6026402E-0003   0.6682263E-0014  -0.2658499E+0000  -0.9187376E+0002
    18.98400   0.9767386E+0000   0.4015885E-0015   0.4075090E+0002  -0.6026402E-0003   0.6683673E-0014  -0.2638848E+0000  -0.9187386E+0002
    18.98800   0.9767386E+0000  -0.2834104E-0015   0.4074660E+0002  -0.6026402E-0003   0.6693214E-0014  -0.2619181E+0000  -0.9187393E+0002
    18.99200   0.9767386E+0000   0.4015885E-0015   0.4074247E+0002  -0.6026402E-0003   0.6702755E-0014  -0.2599520E+0000  -0.9187399E+0002
    18.99600   0.9767386E+0000   0.5919744E-0016   0.4073851E+0002  -0.6026402E-0003   0.6704273E-0014  -0.2579882E+0000  -0.9187402E+0002
    19.00000   0.9767386E+0000   0.5919744E-0016   0.4073471E+0002  -0.6026402E-0003   0.6708393E-0014  -0.2560288E+0000  -0.9187404E+0002
    19.00400   0.9767386E+0000  -0.6255847E-0015   0.4073107E+0002  -0.6026402E-0003   0.6715223E-0014  -0.2540753E+0000  -0.9187404E+0002
    19.00800   0.9767386E+0000   0.5919744E-0016   0.4072759E+0002  -0.6026402E-0003   0.6722053E-0014  -0.2521293E+0000  -0.9187402E+0002
    19.01200   0.9767386E+0000   0.5919744E-0016   0.4072426E+0002  -0.6026402E-0003   0.6726173E-0014  -0.2501925E+0000  -0.9187398E+0002
    19.01600   0.9767386E+0000   0.4018053E-0015   0.4072107E+0002  -0.6026402E-0003   0.6733004E-0014  -0.2482661E+0000  -0.9187393E+0002
    19.02000   0.9767386E+0000  -0.1310584E-0014   0.4071803E+0002  -0.6026402E-0003   0.6734522E-0014  -0.2463514E+0000  -0.9187386E+0002
    19.02400   0.9767386E+0000  -0.6255847E-0015   0.4071512E+0002  -0.6026402E-0003   0.6733438E-0014  -0.2444497E+0000  -0.9187378E+0002
    19.02800   0.9767386E+0000   0.7441964E-0015   0.4071234E+0002  -0.6026402E-0003   0.6742979E-0014  -0.2425619E+0000  -0.9187368E+0002
    19.03200   0.9767386E+0000  -0.6255847E-0015   0.4070969E+0002  -0.6026402E-0003   0.6744496E-0014  -0.2406892E+0000  -0.9187357E+0002
    19.03600   0.9767386E+0000   0.5919744E-0016   0.4070715E+0002  -0.6026402E-0003   0.6746014E-0014  -0.2388324E+0000  -0.9187345E+0002
    19.04000   0.9767386E+0000   0.4015885E-0015   0.4070472E+0002  -0.6026402E-0003   0.6747532E-0014  -0.2369925E+0000  -0.9187331E+0002
    19.04400   0.9767386E+0000  -0.9681925E-0015   0.4070240E+0002  -0.6026402E-0003   0.6757073E-0014  -0.2351702E+0000  -0.9187317E+0002
    19.04800   0.9767386E+0000  -0.6258015E-0015   0.4070017E+0002  -0.6026402E-0003   0.6753170E-0014  -0.2333664E+0000  -0.9187302E+0002
    19.05200   0.9767386E+0000   0.7439795E-0015   0.4069804E+0002  -0.6026402E-0003   0.6754688E-0014  -0.2315819E+0000  -0.9187286E+0002
    19.05600   0.9767386E+0000  -0.2831936E-0015   0.4069600E+0002  -0.6026402E-0003   0.6761627E-0014  -0.2298173E+0000  -0.9187269E+0002
    19.06000   0.9767386E+0000  -0.9681925E-0015   0.4069403E+0002  -0.6026402E-0003   0.6765747E-0014  -0.2280733E+0000  -0.9187251E+0002
    19.06400   0.9767386E+0000  -0.2834104E-0015   0.4069214E+0002  -0.6026402E-0003   0.6767265E-0014  -0.2263507E+0000  -0.9187233E+0002
    19.06800   0.9767386E+0000  -0.6258015E-0015   0.4069032E+0002  -0.6026402E-0003   0.6763362E-0014  -0.2246501E+0000  -0.9187214E+0002
    19.07200   0.9767386E+0000  -0.6258015E-0015   0.4068856E+0002  -0.6026402E-0003   0.6764879E-0014  -0.2229721E+0000  -0.9187195E+0002
    19.07600   0.9767386E+0000   0.4013716E-0015   0.4068686E+0002  -0.6026402E-0003   0.6771710E-0014  -0.2213175E+0000  -0.9187176E+0002
    19.08000   0.9767386E+0000   0.5876376E-0016   0.4068521E+0002  -0.6026402E-0003   0.6775938E-0014  -0.2196868E+0000  -0.9187157E+0002
    19.08400   0.9767386E+0000   0.5876376E-0016   0.4068361E+0002  -0.6026402E-0003   0.6774746E-0014  -0.2180807E+0000  -0.9187137E+0002
    19.08800   0.9767386E+0000  -0.2836273E-0015   0.4068206E+0002  -0.6026402E-0003   0.6784287E-0014  -0.2165000E+0000  -0.9187118E+0002
    19.09200   0.9767386E+0000  -0.2836273E-0015   0.4068055E+0002  -0.6026402E-0003   0.6775071E-0014  -0.2149452E+0000  -0.9187098E+0002
    19.09600   0.9767386E+0000   0.1086154E-0014   0.4067907E+0002  -0.6026402E-0003   0.6784612E-0014  -0.2134171E+0000  -0.9187079E+0002
    19.10000   0.9767386E+0000   0.5898060E-0016   0.4067763E+0002  -0.6026402E-0003   0.6787431E-0014  -0.2119164E+0000  -0.9187060E+0002
    19.10400   0.9767386E+0000   0.5898060E-0016   0.4067622E+0002  -0.6026402E-0003   0.6787648E-0014  -0.2104438E+0000  -0.9187041E+0002
    19.10800   0.9767386E+0000   0.5898060E-0016   0.4067484E+0002  -0.6026402E-0003   0.6789166E-0014  -0.2090003E+0000  -0.9187022E+0002
    19.11200   0.9767386E+0000  -0.2834104E-0015   0.4067348E+0002  -0.6026402E-0003   0.6790575E-0014  -0.2075865E+0000  -0.9187004E+0002
    19.11600   0.9767386E+0000   0.5898060E-0016   0.4067215E+0002  -0.6026402E-0003   0.6798707E-0014  -0.2062033E+0000  -0.9186987E+0002
    19.12000   0.9767386E+0000   0.5898060E-0016   0.4067083E+0002  -0.6026402E-0003   0.6797514E-0014  -0.2048516E+0000  -0.9186970E+0002
    19.12400   0.9767386E+0000   0.5898060E-0016   0.4066954E+0002  -0.6026402E-0003   0.6794912E-0014  -0.2035323E+0000  -0.9186953E+0002
    19.12800   0.9767386E+0000   0.4013716E-0015   0.4066827E+0002  -0.6026402E-0003   0.6796430E-0014  -0.2022463E+0000  -0.9186938E+0002
    19.13200   0.9767386E+0000  -0.2834104E-0015   0.4066701E+0002  -0.6026402E-0003   0.6803260E-0014  -0.2009944E+0000  -0.9186923E+0002
    19.13600   0.9767386E+0000   0.7439795E-0015   0.4066578E+0002  -0.6026402E-0003   0.6804778E-0014  -0.1997778E+0000  -0.9186909E+0002
    19.14000   0.9767386E+0000  -0.2834104E-0015   0.4066456E+0002  -0.6026402E-0003   0.6803585E-0014  -0.1985972E+0000  -0.9186895E+0002
    19.14400   0.9767386E+0000  -0.2834104E-0015   0.4066335E+0002  -0.6026402E-0003   0.6807814E-0014  -0.1974536E+0000  -0.9186882E+0002
    19.14800   0.9767386E+0000  -0.2834104E-0015   0.4066217E+0002  -0.6026402E-0003   0.6809332E-0014  -0.1963478E+0000  -0.9186871E+0002
    19.15200   0.9767386E+0000  -0.2834104E-0015   0.4066100E+0002  -0.6026402E-0003   0.6809549E-0014  -0.1952807E+0000  -0.9186860E+0002
    19.15600   0.9767386E+0000  -0.2834104E-0015   0.4065986E+0002  -0.6026402E-0003   0.6809657E-0014  -0.1942531E+0000  -0.9186850E+0002
    19.16000   0.9767386E+0000   0.5898060E-0016   0.4065873E+0002  -0.6026402E-0003   0.6807163E-0014  -0.1932657E+0000  -0.9186840E+0002
    19.16400   0.9767386E+0000  -0.2834104E-0015   0.4065762E+0002  -0.6026402E-0003   0.6808681E-0014  -0.1923191E+0000  -0.9186832E+0002
    19.16800   0.9767386E+0000  -0.6260183E-0015   0.4065654E+0002  -0.6026402E-0003   0.6816921E-0014  -0.1914138E+0000  -0.9186825E+0002
    19.17200   0.9767386E+0000   0.4013716E-0015   0.4065548E+0002  -0.6026402E-0003   0.6817030E-0014  -0.1905502E+0000  -0.9186818E+0002
    19.17600   0.9767386E+0000   0.4013716E-0015   0.4065444E+0002  -0.6026402E-0003   0.6814427E-0014  -0.1897288E+0000  -0.9186813E+0002
    19.18000   0.9767386E+0000  -0.2836273E-0015   0.4065344E+0002  -0.6026402E-0003   0.6815837E-0014  -0.1889495E+0000  -0.9186808E+0002
    19.18400   0.9767386E+0000   0.7437627E-0015   0.4065246E+0002  -0.6026402E-0003   0.6820065E-0014  -0.1882125E+0000  -0.9186804E+0002
    19.18800   0.9767386E+0000   0.5898060E-0016   0.4065151E+0002  -0.6026402E-0003   0.6821583E-0014  -0.1875177E+0000  -0.9186801E+0002
    19.19200   0.9767386E+0000   0.5898060E-0016   0.4065060E+0002  -0.6026402E-0003   0.6824402E-0014  -0.1868647E+0000  -0.9186799E+0002
    19.19600   0.9767386E+0000   0.7439795E-0015   0.4064971E+0002  -0.6026402E-0003   0.6823210E-0014  -0.1862530E+0000  -0.9186798E+0002
    19.20000   0.9767386E+0000   0.7439795E-0015   0.4064886E+0002  -0.6026402E-0003   0.6824673E-0014  -0.1856822E+0000  -0.9186798E+0002
    19.20400   0.9767386E+0000  -0.6260183E-0015   0.4064805E+0002  -0.6026402E-0003   0.6831558E-0014  -0.1851515E+0000  -0.9186798E+0002
    19.20800   0.9767386E+0000   0.5876376E-0016   0.4064728E+0002  -0.6026402E-0003   0.6826354E-0014  -0.1846599E+0000  -0.9186799E+0002
    19.21200   0.9767386E+0000  -0.6262352E-0015   0.4064655E+0002  -0.6026402E-0003   0.6829173E-0014  -0.1842065E+0000  -0.9186801E+0002
    19.21600   0.9767386E+0000  -0.2838441E-0015   0.4064585E+0002  -0.6026402E-0003   0.6827980E-0014  -0.1837900E+0000  -0.9186803E+0002
    19.22000   0.9767386E+0000  -0.2838441E-0015   0.4064520E+0002  -0.6026402E-0003   0.6832154E-0014  -0.1834093E+0000  -0.9186806E+0002
    19.22400   0.9767386E+0000  -0.6262352E-0015   0.4064459E+0002  -0.6026402E-0003   0.6833618E-0014  -0.1830630E+0000  -0.9186810E+0002
    19.22800   0.9767386E+0000  -0.6262352E-0015   0.4064402E+0002  -0.6026402E-0003   0.6827058E-0014  -0.1827496E+0000  -0.9186815E+0002
    19.23200   0.9767386E+0000   0.4011548E-0015   0.4064350E+0002  -0.6026402E-0003   0.6833943E-0014  -0.1824674E+0000  -0.9186820E+0002
    19.23600   0.9767386E+0000   0.5876376E-0016   0.4064303E+0002  -0.6026402E-0003   0.6828739E-0014  -0.1822149E+0000  -0.9186826E+0002
    19.24000   0.9767386E+0000   0.7437627E-0015   0.4064259E+0002  -0.6026402E-0003   0.6835569E-0014  -0.1819902E+0000  -0.9186832E+0002
    19.24400   0.9767386E+0000  -0.2836273E-0015   0.4064221E+0002  -0.6026402E-0003   0.6835732E-0014  -0.1817916E+0000  -0.9186839E+0002
    19.24800   0.9767386E+0000  -0.2836273E-0015   0.4064187E+0002  -0.6026402E-0003   0.6838551E-0014  -0.1816170E+0000  -0.9186846E+0002
    19.25200   0.9767386E+0000   0.4011548E-0015   0.4064158E+0002  -0.6026402E-0003   0.6840069E-0014  -0.1814646E+0000  -0.9186854E+0002
    19.25600   0.9767386E+0000   0.4011548E-0015   0.4064133E+0002  -0.6026402E-0003   0.6833564E-0014  -0.1813324E+0000  -0.9186862E+0002
    19.26000   0.9767386E+0000   0.5876376E-0016   0.4064114E+0002  -0.6026402E-0003   0.6837738E-0014  -0.1812182E+0000  -0.9186871E+0002
    19.26400   0.9767386E+0000  -0.2836273E-0015   0.4064099E+0002  -0.6026402E-0003   0.6833889E-0014  -0.1811201E+0000  -0.9186880E+0002
    19.26800   0.9767386E+0000  -0.1311017E-0014   0.4064089E+0002  -0.6026402E-0003   0.6834052E-0014  -0.1810358E+0000  -0.9186890E+0002
    19.27200   0.9767386E+0000   0.5876376E-0016   0.4064084E+0002  -0.6026402E-0003   0.6836870E-0014  -0.1809635E+0000  -0.9186900E+0002
    19.27600   0.9767386E+0000   0.5876376E-0016   0.4064084E+0002  -0.6026402E-0003   0.6838388E-0014  -0.1809010E+0000  -0.9186910E+0002
    19.28000   0.9767386E+0000  -0.9686262E-0015   0.4064088E+0002  -0.6026402E-0003   0.6841207E-0014  -0.1808464E+0000  -0.9186921E+0002
    19.28400   0.9767386E+0000   0.1086154E-0014   0.4064098E+0002  -0.6026402E-0003   0.6831992E-0014  -0.1807978E+0000  -0.9186932E+0002
    19.28800   0.9767386E+0000  -0.6261268E-0015   0.4064112E+0002  -0.6026402E-0003   0.6833455E-0014  -0.1807534E+0000  -0.9186943E+0002
    19.29200   0.9767386E+0000   0.5887218E-0016   0.4064131E+0002  -0.6026402E-0003   0.6837629E-0014  -0.1807116E+0000  -0.9186954E+0002
    19.29600   0.9767386E+0000  -0.2835189E-0015   0.4064154E+0002  -0.6026402E-0003   0.6832479E-0014  -0.1806707E+0000  -0.9186965E+0002
    19.30000   0.9767386E+0000  -0.2835189E-0015   0.4064182E+0002  -0.6026402E-0003   0.6835298E-0014  -0.1806294E+0000  -0.9186977E+0002
    19.30400   0.9767386E+0000  -0.6260183E-0015   0.4064215E+0002  -0.6026402E-0003   0.6836762E-0014  -0.1805864E+0000  -0.9186989E+0002
    19.30800   0.9767386E+0000  -0.2835189E-0015   0.4064253E+0002  -0.6026402E-0003   0.6834214E-0014  -0.1805407E+0000  -0.9187000E+0002
    19.31200   0.9767386E+0000  -0.2835189E-0015   0.4064295E+0002  -0.6026402E-0003   0.6835678E-0014  -0.1804912E+0000  -0.9187012E+0002
    19.31600   0.9767386E+0000  -0.2835189E-0015   0.4064341E+0002  -0.6026402E-0003   0.6833184E-0014  -0.1804372E+0000  -0.9187023E+0002
    19.32000   0.9767386E+0000  -0.2835189E-0015   0.4064392E+0002  -0.6026402E-0003   0.6833347E-0014  -0.1803781E+0000  -0.9187035E+0002
    19.32400   0.9767386E+0000   0.4014801E-0015   0.4064447E+0002  -0.6026402E-0003   0.6830799E-0014  -0.1803132E+0000  -0.9187046E+0002
    19.32800   0.9767386E+0000   0.5898060E-0016   0.4064507E+0002  -0.6026402E-0003   0.6832317E-0014  -0.1802423E+0000  -0.9187057E+0002
    19.33200   0.9767386E+0000   0.7439795E-0015   0.4064570E+0002  -0.6026402E-0003   0.6831124E-0014  -0.1801652E+0000  -0.9187067E+0002
    19.33600   0.9767386E+0000   0.5908902E-0016   0.4064638E+0002  -0.6026402E-0003   0.6825920E-0014  -0.1800819E+0000  -0.9187078E+0002
    19.34000   0.9767386E+0000  -0.6258015E-0015   0.4064710E+0002  -0.6026402E-0003   0.6827438E-0014  -0.1799926E+0000  -0.9187088E+0002
    19.34400   0.9767386E+0000   0.7440880E-0015   0.4064785E+0002  -0.6026402E-0003   0.6828956E-0014  -0.1798976E+0000  -0.9187097E+0002
    19.34800   0.9767386E+0000  -0.2833020E-0015   0.4064864E+0002  -0.6026402E-0003   0.6826435E-0014  -0.1797972E+0000  -0.9187107E+0002
    19.35200   0.9767386E+0000  -0.2833020E-0015   0.4064947E+0002  -0.6026402E-0003   0.6823914E-0014  -0.1796920E+0000  -0.9187115E+0002
    19.35600   0.9767386E+0000  -0.2833020E-0015   0.4065033E+0002  -0.6026402E-0003   0.6824077E-0014  -0.1795827E+0000  -0.9187123E+0002
    19.36000   0.9767386E+0000  -0.2833020E-0015   0.4065123E+0002  -0.6026402E-0003   0.6822884E-0014  -0.1794701E+0000  -0.9187131E+0002
    19.36400   0.9767386E+0000   0.7440880E-0015   0.4065215E+0002  -0.6026402E-0003   0.6824375E-0014  -0.1793551E+0000  -0.9187138E+0002
    19.36800   0.9767386E+0000  -0.9681925E-0015   0.4065310E+0002  -0.6026402E-0003   0.6820526E-0014  -0.1792389E+0000  -0.9187145E+0002
    19.37200   0.9767386E+0000   0.4016969E-0015   0.4065408E+0002  -0.6026402E-0003   0.6820689E-0014  -0.1791225E+0000  -0.9187151E+0002
    19.37600   0.9767386E+0000   0.5919744E-0016   0.4065508E+0002  -0.6026402E-0003   0.6819496E-0014  -0.1790073E+0000  -0.9187156E+0002
    19.38000   0.9767386E+0000  -0.6256931E-0015   0.4065611E+0002  -0.6026402E-0003   0.6818317E-0014  -0.1788946E+0000  -0.9187161E+0002
    19.38400   0.9767386E+0000   0.5919744E-0016   0.4065715E+0002  -0.6026402E-0003   0.6814455E-0014  -0.1787857E+0000  -0.9187165E+0002
    19.38800   0.9767386E+0000   0.5919744E-0016   0.4065822E+0002  -0.6026402E-0003   0.6817301E-0014  -0.1786820E+0000  -0.9187169E+0002
    19.39200   0.9767386E+0000   0.4016969E-0015   0.4065929E+0002  -0.6026402E-0003   0.6813452E-0014  -0.1785850E+0000  -0.9187172E+0002
    19.39600   0.9767386E+0000   0.4016969E-0015   0.4066038E+0002  -0.6026402E-0003   0.6808261E-0014  -0.1784963E+0000  -0.9187175E+0002
    19.40000   0.9767386E+0000   0.5919744E-0016   0.4066148E+0002  -0.6026402E-0003   0.6813763E-0014  -0.1784174E+0000  -0.9187177E+0002
    19.40400   0.9767386E+0000  -0.6258015E-0015   0.4066259E+0002  -0.6026402E-0003   0.6812581E-0014  -0.1783501E+0000  -0.9187179E+0002
    19.40800   0.9767386E+0000  -0.2833020E-0015   0.4066371E+0002  -0.6026402E-0003   0.6807387E-0014  -0.1782958E+0000  -0.9187181E+0002
    19.41200   0.9767386E+0000   0.4015885E-0015   0.4066482E+0002  -0.6026402E-0003   0.6803528E-0014  -0.1782562E+0000  -0.9187182E+0002
    19.41600   0.9767386E+0000   0.4015885E-0015   0.4066594E+0002  -0.6026402E-0003   0.6811717E-0014  -0.1782329E+0000  -0.9187183E+0002
    19.42000   0.9767386E+0000   0.5898060E-0016   0.4066706E+0002  -0.6026402E-0003   0.6805178E-0014  -0.1782275E+0000  -0.9187184E+0002
    19.42400   0.9767386E+0000   0.5898060E-0016   0.4066817E+0002  -0.6026402E-0003   0.6801322E-0014  -0.1782415E+0000  -0.9187185E+0002
    19.42800   0.9767386E+0000  -0.2836273E-0015   0.4066928E+0002  -0.6026402E-0003   0.6804155E-0014  -0.1782765E+0000  -0.9187186E+0002
    19.43200   0.9767386E+0000  -0.2836273E-0015   0.4067038E+0002  -0.6026402E-0003   0.6805645E-0014  -0.1783340E+0000  -0.9187187E+0002
    19.43600   0.9767386E+0000  -0.2836273E-0015   0.4067148E+0002  -0.6026402E-0003   0.6795102E-0014  -0.1784155E+0000  -0.9187188E+0002
    19.44000   0.9767386E+0000  -0.2836273E-0015   0.4067256E+0002  -0.6026402E-0003   0.6797948E-0014  -0.1785224E+0000  -0.9187190E+0002
    19.44400   0.9767386E+0000  -0.2836273E-0015   0.4067362E+0002  -0.6026402E-0003   0.6800794E-0014  -0.1786560E+0000  -0.9187191E+0002
    19.44800   0.9767386E+0000   0.4013716E-0015   0.4067468E+0002  -0.6026402E-0003   0.6794261E-0014  -0.1788177E+0000  -0.9187193E+0002
    19.45200   0.9767386E+0000   0.4013716E-0015   0.4067571E+0002  -0.6026402E-0003   0.6794424E-0014  -0.1790086E+0000  -0.9187195E+0002
    19.45600   0.9767386E+0000   0.1086154E-0014   0.4067674E+0002  -0.6026402E-0003   0.6793231E-0014  -0.1792298E+0000  -0.9187198E+0002
    19.46000   0.9767386E+0000  -0.6260183E-0015   0.4067774E+0002  -0.6026402E-0003   0.6788027E-0014  -0.1794825E+0000  -0.9187201E+0002
    19.46400   0.9767386E+0000   0.4013716E-0015   0.4067872E+0002  -0.6026402E-0003   0.6786835E-0014  -0.1797674E+0000  -0.9187204E+0002
    19.46800   0.9767386E+0000   0.4013716E-0015   0.4067969E+0002  -0.6026402E-0003   0.6786997E-0014  -0.1800855E+0000  -0.9187208E+0002
    19.47200   0.9767386E+0000  -0.2836273E-0015   0.4068063E+0002  -0.6026402E-0003   0.6787160E-0014  -0.1804374E+0000  -0.9187213E+0002
    19.47600   0.9767386E+0000  -0.6260183E-0015   0.4068155E+0002  -0.6026402E-0003   0.6783311E-0014  -0.1808237E+0000  -0.9187217E+0002
    19.48000   0.9767386E+0000  -0.2836273E-0015   0.4068245E+0002  -0.6026402E-0003   0.6782172E-0014  -0.1812449E+0000  -0.9187223E+0002
    19.48400   0.9767386E+0000  -0.2836273E-0015   0.4068333E+0002  -0.6026402E-0003   0.6778324E-0014  -0.1817013E+0000  -0.9187229E+0002
    19.48800   0.9767386E+0000  -0.2836273E-0015   0.4068419E+0002  -0.6026402E-0003   0.6783799E-0014  -0.1821930E+0000  -0.9187236E+0002
    19.49200   0.9767386E+0000  -0.2836273E-0015   0.4068503E+0002  -0.6026402E-0003   0.6779950E-0014  -0.1827200E+0000  -0.9187243E+0002
    19.49600   0.9767386E+0000  -0.2836273E-0015   0.4068585E+0002  -0.6026402E-0003   0.6776101E-0014  -0.1832822E+0000  -0.9187250E+0002
    19.50000   0.9767386E+0000   0.5898060E-0016   0.4068664E+0002  -0.6026402E-0003   0.6778920E-0014  -0.1838793E+0000  -0.9187258E+0002
    19.50400   0.9767386E+0000   0.4013716E-0015   0.4068742E+0002  -0.6026402E-0003   0.6772360E-0014  -0.1845108E+0000  -0.9187267E+0002
    19.50800   0.9767386E+0000   0.4013716E-0015   0.4068817E+0002  -0.6026402E-0003   0.6773878E-0014  -0.1851761E+0000  -0.9187276E+0002
    19.51200   0.9767386E+0000  -0.2834104E-0015   0.4068891E+0002  -0.6026402E-0003   0.6776697E-0014  -0.1858745E+0000  -0.9187285E+0002
    19.51600   0.9767386E+0000   0.5898060E-0016   0.4068963E+0002  -0.6026402E-0003   0.6775505E-0014  -0.1866048E+0000  -0.9187294E+0002
    19.52000   0.9767386E+0000   0.5898060E-0016   0.4069033E+0002  -0.6026402E-0003   0.6773011E-0014  -0.1873662E+0000  -0.9187304E+0002
    19.52400   0.9767386E+0000  -0.2836273E-0015   0.4069101E+0002  -0.6026402E-0003   0.6774529E-0014  -0.1881571E+0000  -0.9187314E+0002
    19.52800   0.9767386E+0000  -0.6260183E-0015   0.4069168E+0002  -0.6026402E-0003   0.6773336E-0014  -0.1889763E+0000  -0.9187324E+0002
    19.53200   0.9767386E+0000  -0.6260183E-0015   0.4069234E+0002  -0.6026402E-0003   0.6774800E-0014  -0.1898221E+0000  -0.9187335E+0002
    19.53600   0.9767386E+0000   0.7439795E-0015   0.4069298E+0002  -0.6026402E-0003   0.6766939E-0014  -0.1906928E+0000  -0.9187345E+0002
    19.54000   0.9767386E+0000  -0.2834104E-0015   0.4069362E+0002  -0.6026402E-0003   0.6767102E-0014  -0.1915866E+0000  -0.9187355E+0002
    19.54400   0.9767386E+0000   0.4015885E-0015   0.4069425E+0002  -0.6026402E-0003   0.6767265E-0014  -0.1925014E+0000  -0.9187366E+0002
    19.54800   0.9767386E+0000  -0.2834104E-0015   0.4069487E+0002  -0.6026402E-0003   0.6764771E-0014  -0.1934352E+0000  -0.9187376E+0002
    19.55200   0.9767386E+0000  -0.2834104E-0015   0.4069548E+0002  -0.6026402E-0003   0.6762223E-0014  -0.1943858E+0000  -0.9187387E+0002
    19.55600   0.9767386E+0000   0.4015885E-0015   0.4069609E+0002  -0.6026402E-0003   0.6762386E-0014  -0.1953509E+0000  -0.9187397E+0002
    19.56000   0.9767386E+0000  -0.6258015E-0015   0.4069670E+0002  -0.6026402E-0003   0.6766560E-0014  -0.1963280E+0000  -0.9187407E+0002
    19.56400   0.9767386E+0000   0.5919744E-0016   0.4069732E+0002  -0.6026402E-0003   0.6764012E-0014  -0.1973147E+0000  -0.9187417E+0002
    19.56800   0.9767386E+0000  -0.2831936E-0015   0.4069793E+0002  -0.6026402E-0003   0.6764121E-0014  -0.1983084E+0000  -0.9187427E+0002
    19.57200   0.9767386E+0000   0.4015885E-0015   0.4069856E+0002  -0.6026402E-0003   0.6764337E-0014  -0.1993066E+0000  -0.9187437E+0002
    19.57600   0.9767386E+0000   0.5898060E-0016   0.4069918E+0002  -0.6026402E-0003   0.6761844E-0014  -0.2003066E+0000  -0.9187447E+0002
    19.58000   0.9767386E+0000  -0.9684094E-0015   0.4069982E+0002  -0.6026402E-0003   0.6759350E-0014  -0.2013058E+0000  -0.9187456E+0002
    19.58400   0.9767386E+0000  -0.2834104E-0015   0.4070047E+0002  -0.6026402E-0003   0.6760868E-0014  -0.2023015E+0000  -0.9187466E+0002
    19.58800   0.9767386E+0000  -0.6258015E-0015   0.4070114E+0002  -0.6026402E-0003   0.6755664E-0014  -0.2032911E+0000  -0.9187475E+0002
    19.59200   0.9767386E+0000   0.5919744E-0016   0.4070182E+0002  -0.6026402E-0003   0.6758483E-0014  -0.2042719E+0000  -0.9187484E+0002
    19.59600   0.9767386E+0000   0.5919744E-0016   0.4070252E+0002  -0.6026402E-0003   0.6758591E-0014  -0.2052414E+0000  -0.9187493E+0002
    19.60000   0.9767386E+0000  -0.6255847E-0015   0.4070323E+0002  -0.6026402E-0003   0.6754688E-0014  -0.2061969E+0000  -0.9187502E+0002
    19.60400   0.9767386E+0000   0.4018053E-0015   0.4070397E+0002  -0.6026402E-0003   0.6750893E-0014  -0.2071359E+0000  -0.9187511E+0002
    19.60800   0.9767386E+0000   0.5941428E-0016   0.4070473E+0002  -0.6026402E-0003   0.6753712E-0014  -0.2080560E+0000  -0.9187520E+0002
    19.61200   0.9767386E+0000   0.4018053E-0015   0.4070552E+0002  -0.6026402E-0003   0.6752520E-0014  -0.2089548E+0000  -0.9187528E+0002
    19.61600   0.9767386E+0000   0.4018053E-0015   0.4070633E+0002  -0.6026402E-0003   0.6756748E-0014  -0.2098301E+0000  -0.9187537E+0002
    19.62000   0.9767386E+0000  -0.9679757E-0015   0.4070716E+0002  -0.6026402E-0003   0.6755555E-0014  -0.2106797E+0000  -0.9187546E+0002
    19.62400   0.9767386E+0000   0.5941428E-0016   0.4070803E+0002  -0.6026402E-0003   0.6750351E-0014  -0.2115017E+0000  -0.9187555E+0002
    19.62800   0.9767386E+0000   0.4018053E-0015   0.4070892E+0002  -0.6026402E-0003   0.6749159E-0014  -0.2122941E+0000  -0.9187564E+0002
    19.63200   0.9767386E+0000  -0.2829768E-0015   0.4070984E+0002  -0.6026402E-0003   0.6751977E-0014  -0.2130552E+0000  -0.9187573E+0002
    19.63600   0.9767386E+0000   0.4020222E-0015   0.4071078E+0002  -0.6026402E-0003   0.6748074E-0014  -0.2137835E+0000  -0.9187582E+0002
    19.64000   0.9767386E+0000  -0.6253678E-0015   0.4071176E+0002  -0.6026402E-0003   0.6748183E-0014  -0.2144777E+0000  -0.9187591E+0002
    19.64400   0.9767386E+0000   0.5941428E-0016   0.4071277E+0002  -0.6026402E-0003   0.6742979E-0014  -0.2151365E+0000  -0.9187601E+0002
    19.64800   0.9767386E+0000   0.4018053E-0015   0.4071380E+0002  -0.6026402E-0003   0.6736473E-0014  -0.2157591E+0000  -0.9187611E+0002
    19.65200   0.9767386E+0000  -0.6255847E-0015   0.4071486E+0002  -0.6026402E-0003   0.6737991E-0014  -0.2163447E+0000  -0.9187621E+0002
    19.65600   0.9767386E+0000  -0.2831936E-0015   0.4071595E+0002  -0.6026402E-0003   0.6739455E-0014  -0.2168927E+0000  -0.9187631E+0002
    19.66000   0.9767386E+0000  -0.6255847E-0015   0.4071706E+0002  -0.6026402E-0003   0.6738262E-0014  -0.2174029E+0000  -0.9187641E+0002
    19.66400   0.9767386E+0000  -0.2830852E-0015   0.4071820E+0002  -0.6026402E-0003   0.6737070E-0014  -0.2178751E+0000  -0.9187652E+0002
    19.66800   0.9767386E+0000   0.5941428E-0016   0.4071936E+0002  -0.6026402E-0003   0.6730510E-0014  -0.2183096E+0000  -0.9187663E+0002
    19.67200   0.9767386E+0000  -0.9679757E-0015   0.4072055E+0002  -0.6026402E-0003   0.6729318E-0014  -0.2187066E+0000  -0.9187674E+0002
    19.67600   0.9767386E+0000  -0.6254762E-0015   0.4072176E+0002  -0.6026402E-0003   0.6725469E-0014  -0.2190669E+0000  -0.9187686E+0002
    19.68000   0.9767386E+0000   0.5941428E-0016   0.4072298E+0002  -0.6026402E-0003   0.6726932E-0014  -0.2193912E+0000  -0.9187698E+0002
    19.68400   0.9767386E+0000  -0.6255847E-0015   0.4072423E+0002  -0.6026402E-0003   0.6725740E-0014  -0.2196807E+0000  -0.9187710E+0002
    19.68800   0.9767386E+0000  -0.2830852E-0015   0.4072550E+0002  -0.6026402E-0003   0.6727258E-0014  -0.2199367E+0000  -0.9187723E+0002
    19.69200   0.9767386E+0000  -0.6254762E-0015   0.4072678E+0002  -0.6026402E-0003   0.6720752E-0014  -0.2201607E+0000  -0.9187735E+0002
    19.69600   0.9767386E+0000   0.5952270E-0016   0.4072807E+0002  -0.6026402E-0003   0.6719560E-0014  -0.2203546E+0000  -0.9187748E+0002
    19.70000   0.9767386E+0000   0.5952270E-0016   0.4072938E+0002  -0.6026402E-0003   0.6723734E-0014  -0.2205205E+0000  -0.9187762E+0002
    19.70400   0.9767386E+0000   0.5952270E-0016   0.4073070E+0002  -0.6026402E-0003   0.6722541E-0014  -0.2206604E+0000  -0.9187775E+0002
    19.70800   0.9767386E+0000  -0.6253678E-0015   0.4073203E+0002  -0.6026402E-0003   0.6713326E-0014  -0.2207768E+0000  -0.9187789E+0002
    19.71200   0.9767386E+0000   0.4020222E-0015   0.4073336E+0002  -0.6026402E-0003   0.6706820E-0014  -0.2208724E+0000  -0.9187803E+0002
    19.71600   0.9767386E+0000  -0.2828683E-0015   0.4073470E+0002  -0.6026402E-0003   0.6716361E-0014  -0.2209500E+0000  -0.9187817E+0002
    19.72000   0.9767386E+0000   0.5952270E-0016   0.4073604E+0002  -0.6026402E-0003   0.6709856E-0014  -0.2210123E+0000  -0.9187831E+0002
    19.72400   0.9767386E+0000  -0.6253678E-0015   0.4073739E+0002  -0.6026402E-0003   0.6708664E-0014  -0.2210626E+0000  -0.9187845E+0002
    19.72800   0.9767386E+0000  -0.6253678E-0015   0.4073873E+0002  -0.6026402E-0003   0.6707471E-0014  -0.2211039E+0000  -0.9187859E+0002
    19.73200   0.9767386E+0000  -0.2828683E-0015   0.4074008E+0002  -0.6026402E-0003   0.6708935E-0014  -0.2211395E+0000  -0.9187874E+0002
    19.73600   0.9767386E+0000   0.4021306E-0015   0.4074142E+0002  -0.6026402E-0003   0.6707742E-0014  -0.2211728E+0000  -0.9187888E+0002
    19.74000   0.9767386E+0000   0.5973954E-0016   0.4074275E+0002  -0.6026402E-0003   0.6698526E-0014  -0.2212071E+0000  -0.9187902E+0002
    19.74400   0.9767386E+0000   0.5973954E-0016   0.4074407E+0002  -0.6026402E-0003   0.6702700E-0014  -0.2212459E+0000  -0.9187916E+0002
    19.74800   0.9767386E+0000   0.5984796E-0016   0.4074539E+0002  -0.6026402E-0003   0.6698852E-0014  -0.2212925E+0000  -0.9187930E+0002
    19.75200   0.9767386E+0000   0.5984796E-0016   0.4074669E+0002  -0.6026402E-0003   0.6700369E-0014  -0.2213505E+0000  -0.9187944E+0002
    19.75600   0.9767386E+0000   0.4022390E-0015   0.4074798E+0002  -0.6026402E-0003   0.6691154E-0014  -0.2214230E+0000  -0.9187958E+0002
    19.76000   0.9767386E+0000   0.5984796E-0016   0.4074925E+0002  -0.6026402E-0003   0.6692644E-0014  -0.2215135E+0000  -0.9187971E+0002
    19.76400   0.9767386E+0000  -0.2825431E-0015   0.4075051E+0002  -0.6026402E-0003   0.6694135E-0014  -0.2216250E+0000  -0.9187984E+0002
    19.76800   0.9767386E+0000  -0.9675420E-0015   0.4075174E+0002  -0.6026402E-0003   0.6687603E-0014  -0.2217607E+0000  -0.9187996E+0002
    19.77200   0.9767386E+0000  -0.6251510E-0015   0.4075295E+0002  -0.6026402E-0003   0.6691777E-0014  -0.2219235E+0000  -0.9188008E+0002
    19.77600   0.9767386E+0000   0.4022390E-0015   0.4075413E+0002  -0.6026402E-0003   0.6690612E-0014  -0.2221161E+0000  -0.9188020E+0002
    19.78000   0.9767386E+0000  -0.2825431E-0015   0.4075529E+0002  -0.6026402E-0003   0.6686736E-0014  -0.2223412E+0000  -0.9188031E+0002
    19.78400   0.9767386E+0000  -0.2825431E-0015   0.4075641E+0002  -0.6026402E-0003   0.6682887E-0014  -0.2226012E+0000  -0.9188041E+0002
    19.78800   0.9767386E+0000  -0.1309933E-0014   0.4075750E+0002  -0.6026402E-0003   0.6687034E-0014  -0.2228983E+0000  -0.9188051E+0002
    19.79200   0.9767386E+0000  -0.2825431E-0015   0.4075855E+0002  -0.6026402E-0003   0.6680501E-0014  -0.2232345E+0000  -0.9188060E+0002
    19.79600   0.9767386E+0000  -0.6249341E-0015   0.4075957E+0002  -0.6026402E-0003   0.6679309E-0014  -0.2236114E+0000  -0.9188069E+0002
    19.80000   0.9767386E+0000   0.4024558E-0015   0.4076053E+0002  -0.6026402E-0003   0.6680813E-0014  -0.2240308E+0000  -0.9188077E+0002
    19.80400   0.9767386E+0000  -0.6249341E-0015   0.4076146E+0002  -0.6026402E-0003   0.6674281E-0014  -0.2244937E+0000  -0.9188083E+0002
    19.80800   0.9767386E+0000   0.6006480E-0016   0.4076234E+0002  -0.6026402E-0003   0.6678455E-0014  -0.2250013E+0000  -0.9188089E+0002
    19.81200   0.9767386E+0000   0.7450637E-0015   0.4076316E+0002  -0.6026402E-0003   0.6674606E-0014  -0.2255542E+0000  -0.9188094E+0002
    19.81600   0.9767386E+0000   0.6006480E-0016   0.4076393E+0002  -0.6026402E-0003   0.6676097E-0014  -0.2261531E+0000  -0.9188099E+0002
    19.82000   0.9767386E+0000  -0.2823262E-0015   0.4076465E+0002  -0.6026402E-0003   0.6674918E-0014  -0.2267980E+0000  -0.9188102E+0002
    19.82400   0.9767386E+0000   0.6006480E-0016   0.4076530E+0002  -0.6026402E-0003   0.6671069E-0014  -0.2274891E+0000  -0.9188104E+0002
    19.82800   0.9767386E+0000   0.4024558E-0015   0.4076590E+0002  -0.6026402E-0003   0.6672560E-0014  -0.2282260E+0000  -0.9188105E+0002
    19.83200   0.9767386E+0000  -0.2823262E-0015   0.4076643E+0002  -0.6026402E-0003   0.6674057E-0014  -0.2290082E+0000  -0.9188106E+0002
    19.83600   0.9767386E+0000  -0.2823262E-0015   0.4076690E+0002  -0.6026402E-0003   0.6662172E-0014  -0.2298349E+0000  -0.9188105E+0002
    19.84000   0.9767386E+0000  -0.2823262E-0015   0.4076730E+0002  -0.6026402E-0003   0.6677046E-0014  -0.2307051E+0000  -0.9188103E+0002
    19.84400   0.9767386E+0000  -0.6249341E-0015   0.4076763E+0002  -0.6026402E-0003   0.6667840E-0014  -0.2316177E+0000  -0.9188099E+0002
    19.84800   0.9767386E+0000   0.7448469E-0015   0.4076789E+0002  -0.6026402E-0003   0.6677357E-0014  -0.2325711E+0000  -0.9188095E+0002
    19.85200   0.9767386E+0000  -0.2825431E-0015   0.4076808E+0002  -0.6026402E-0003   0.6673500E-0014  -0.2335638E+0000  -0.9188089E+0002
    19.85600   0.9767386E+0000  -0.6249341E-0015   0.4076819E+0002  -0.6026402E-0003   0.6672319E-0014  -0.2345937E+0000  -0.9188083E+0002
    19.86000   0.9767386E+0000  -0.6249341E-0015   0.4076824E+0002  -0.6026402E-0003   0.6671139E-0014  -0.2356590E+0000  -0.9188075E+0002
    19.86400   0.9767386E+0000   0.4024558E-0015   0.4076821E+0002  -0.6026402E-0003   0.6675308E-0014  -0.2367574E+0000  -0.9188065E+0002
    19.86800   0.9767386E+0000  -0.2823262E-0015   0.4076811E+0002  -0.6026402E-0003   0.6671450E-0014  -0.2378865E+0000  -0.9188055E+0002
    19.87200   0.9767386E+0000   0.4024558E-0015   0.4076794E+0002  -0.6026402E-0003   0.6670269E-0014  -0.2390438E+0000  -0.9188043E+0002
    19.87600   0.9767386E+0000  -0.2825431E-0015   0.4076770E+0002  -0.6026402E-0003   0.6671763E-0014  -0.2402266E+0000  -0.9188030E+0002
    19.88000   0.9767386E+0000  -0.9675420E-0015   0.4076739E+0002  -0.6026402E-0003   0.6673258E-0014  -0.2414321E+0000  -0.9188016E+0002
    19.88400   0.9767386E+0000  -0.6249341E-0015   0.4076701E+0002  -0.6026402E-0003   0.6669409E-0014  -0.2426574E+0000  -0.9188000E+0002
    19.88800   0.9767386E+0000   0.4024558E-0015   0.4076657E+0002  -0.6026402E-0003   0.6670899E-0014  -0.2438996E+0000  -0.9187984E+0002
    19.89200   0.9767386E+0000   0.4024558E-0015   0.4076606E+0002  -0.6026402E-0003   0.6677743E-0014  -0.2451555E+0000  -0.9187966E+0002
    19.89600   0.9767386E+0000  -0.2823262E-0015   0.4076549E+0002  -0.6026402E-0003   0.6673881E-0014  -0.2464220E+0000  -0.9187946E+0002
    19.90000   0.9767386E+0000   0.6006480E-0016   0.4076485E+0002  -0.6026402E-0003   0.6678062E-0014  -0.2476958E+0000  -0.9187926E+0002
    19.90400   0.9767386E+0000  -0.2823262E-0015   0.4076417E+0002  -0.6026402E-0003   0.6676883E-0014  -0.2489738E+0000  -0.9187904E+0002
    19.90800   0.9767386E+0000   0.4026727E-0015   0.4076342E+0002  -0.6026402E-0003   0.6678374E-0014  -0.2502527E+0000  -0.9187881E+0002
    19.91200   0.9767386E+0000   0.6006480E-0016   0.4076263E+0002  -0.6026402E-0003   0.6679864E-0014  -0.2515291E+0000  -0.9187856E+0002
    19.91600   0.9767386E+0000  -0.9673252E-0015   0.4076179E+0002  -0.6026402E-0003   0.6678685E-0014  -0.2527997E+0000  -0.9187831E+0002
    19.92000   0.9767386E+0000   0.5984796E-0016   0.4076090E+0002  -0.6026402E-0003   0.6680190E-0014  -0.2540613E+0000  -0.9187804E+0002
    19.92400   0.9767386E+0000  -0.2825431E-0015   0.4075998E+0002  -0.6026402E-0003   0.6676327E-0014  -0.2553105E+0000  -0.9187776E+0002
    19.92800   0.9767386E+0000  -0.6251510E-0015   0.4075901E+0002  -0.6026402E-0003   0.6688525E-0014  -0.2565443E+0000  -0.9187747E+0002
    19.93200   0.9767386E+0000   0.5963112E-0016   0.4075802E+0002  -0.6026402E-0003   0.6684676E-0014  -0.2577593E+0000  -0.9187717E+0002
    19.93600   0.9767386E+0000  -0.6253678E-0015   0.4075699E+0002  -0.6026402E-0003   0.6688850E-0014  -0.2589526E+0000  -0.9187687E+0002
    19.94000   0.9767386E+0000  -0.9679757E-0015   0.4075594E+0002  -0.6026402E-0003   0.6687657E-0014  -0.2601210E+0000  -0.9187655E+0002
    19.94400   0.9767386E+0000  -0.2831936E-0015   0.4075487E+0002  -0.6026402E-0003   0.6691831E-0014  -0.2612616E+0000  -0.9187622E+0002
    19.94800   0.9767386E+0000   0.5919744E-0016   0.4075378E+0002  -0.6026402E-0003   0.6696006E-0014  -0.2623717E+0000  -0.9187588E+0002
    19.95200   0.9767386E+0000   0.4015885E-0015   0.4075268E+0002  -0.6026402E-0003   0.6684106E-0014  -0.2634485E+0000  -0.9187554E+0002
    19.95600   0.9767386E+0000  -0.2834104E-0015   0.4075156E+0002  -0.6026402E-0003   0.6690937E-0014  -0.2644894E+0000  -0.9187519E+0002
    19.96000   0.9767386E+0000  -0.2834104E-0015   0.4075044E+0002  -0.6026402E-0003   0.6689771E-0014  -0.2654920E+0000  -0.9187483E+0002
    19.96400   0.9767386E+0000  -0.2834104E-0015   0.4074932E+0002  -0.6026402E-0003   0.6683239E-0014  -0.2664541E+0000  -0.9187447E+0002
    19.96800   0.9767386E+0000   0.5898060E-0016   0.4074820E+0002  -0.6026402E-0003   0.6687413E-0014  -0.2673735E+0000  -0.9187410E+0002
    19.97200   0.9767386E+0000   0.5898060E-0016   0.4074709E+0002  -0.6026402E-0003   0.6696900E-0014  -0.2682483E+0000  -0.9187373E+0002
    19.97600   0.9767386E+0000   0.5898060E-0016   0.4074598E+0002  -0.6026402E-0003   0.6690341E-0014  -0.2690766E+0000  -0.9187336E+0002
    19.98000   0.9767386E+0000   0.4013716E-0015   0.4074488E+0002  -0.6026402E-0003   0.6697225E-0014  -0.2698571E+0000  -0.9187298E+0002
    19.98400   0.9767386E+0000   0.5898060E-0016   0.4074380E+0002  -0.6026402E-0003   0.6698689E-0014  -0.2705882E+0000  -0.9187260E+0002
    19.98800   0.9767386E+0000   0.4013716E-0015   0.4074274E+0002  -0.6026402E-0003   0.6702863E-0014  -0.2712688E+0000  -0.9187222E+0002
    19.99200   0.9767386E+0000  -0.2836273E-0015   0.4074170E+0002  -0.6026402E-0003   0.6698960E-0014  -0.2718979E+0000  -0.9187184E+0002
    19.99600   0.9767386E+0000   0.5898060E-0016   0.4074069E+0002  -0.6026402E-0003   0.6697767E-0014  -0.2724748E+0000  -0.9187147E+0002
    20.00000   0.9767386E+0000  -0.2836273E-0015   0.4073970E+0002  -0.6026402E-0003   0.6707308E-0014  -0.2729990E+0000  -0.9187109E+0002
