 # SCECTPV35
 # Author=D.Liu
 # date =  1/17/2017 20: 2:25
 # code = EQdyna3d
 # code_version = 4.1.3
 # element_size =   100.000000000000
  # time_step=  0.0080  s
  # num_time_steps=  2251
 # Time series in 7 columns in format e15.7
 # Column #1 = Time (s)
 # Column #2 = horizontal displacement (m)
 # Column #3 = horizontal velocity (m/s)
 # Column #4 = vertical displacement (m)
 # Column #5 = vertical velocity (m/s)
 # Column #6 = normal displacement (m)
 # Column #7 = normal velocity (m/s)
 #
 # The line below lists the names of the data fields:
 t h-disp h-vel v-disp v-vel n-disp n-vel
     0.00000   0.0000000E+0000   0.0000000E+0000   0.0000000E+0000   0.0000000E+0000   0.0000000E+0000   0.0000000E+0000
     0.00800   0.0000000E+0000   0.0000000E+0000   0.0000000E+0000   0.0000000E+0000   0.0000000E+0000   0.0000000E+0000
     0.01600   0.0000000E+0000   0.0000000E+0000   0.0000000E+0000   0.0000000E+0000   0.0000000E+0000   0.0000000E+0000
     0.02400   0.0000000E+0000   0.0000000E+0000   0.0000000E+0000   0.0000000E+0000   0.0000000E+0000   0.0000000E+0000
     0.03200   0.0000000E+0000   0.0000000E+0000   0.0000000E+0000   0.0000000E+0000   0.0000000E+0000   0.0000000E+0000
     0.04000   0.0000000E+0000   0.0000000E+0000   0.0000000E+0000   0.0000000E+0000   0.0000000E+0000   0.0000000E+0000
     0.04800   0.0000000E+0000   0.0000000E+0000   0.0000000E+0000   0.0000000E+0000   0.0000000E+0000   0.0000000E+0000
     0.05600   0.0000000E+0000   0.0000000E+0000   0.0000000E+0000   0.0000000E+0000   0.0000000E+0000   0.0000000E+0000
     0.06400   0.0000000E+0000   0.0000000E+0000   0.0000000E+0000   0.0000000E+0000   0.0000000E+0000   0.0000000E+0000
     0.07200   0.0000000E+0000   0.0000000E+0000   0.0000000E+0000   0.0000000E+0000   0.0000000E+0000   0.0000000E+0000
     0.08000   0.0000000E+0000   0.0000000E+0000   0.0000000E+0000   0.0000000E+0000   0.0000000E+0000   0.0000000E+0000
     0.08800   0.0000000E+0000   0.0000000E+0000   0.0000000E+0000   0.0000000E+0000   0.0000000E+0000   0.0000000E+0000
     0.09600   0.0000000E+0000   0.0000000E+0000   0.0000000E+0000   0.0000000E+0000   0.0000000E+0000   0.0000000E+0000
     0.10400   0.0000000E+0000   0.0000000E+0000   0.0000000E+0000   0.0000000E+0000   0.0000000E+0000   0.0000000E+0000
     0.11200   0.0000000E+0000   0.0000000E+0000   0.0000000E+0000   0.0000000E+0000   0.0000000E+0000   0.0000000E+0000
     0.12000   0.0000000E+0000   0.0000000E+0000   0.0000000E+0000   0.0000000E+0000   0.0000000E+0000   0.0000000E+0000
     0.12800   0.0000000E+0000   0.0000000E+0000   0.0000000E+0000   0.0000000E+0000   0.0000000E+0000   0.0000000E+0000
     0.13600   0.0000000E+0000   0.0000000E+0000   0.0000000E+0000   0.0000000E+0000   0.0000000E+0000   0.0000000E+0000
     0.14400   0.0000000E+0000   0.0000000E+0000   0.0000000E+0000   0.0000000E+0000   0.0000000E+0000   0.0000000E+0000
     0.15200   0.0000000E+0000   0.0000000E+0000   0.0000000E+0000   0.0000000E+0000   0.0000000E+0000   0.0000000E+0000
     0.16000   0.0000000E+0000   0.0000000E+0000   0.0000000E+0000   0.0000000E+0000   0.0000000E+0000   0.0000000E+0000
     0.16800   0.0000000E+0000   0.0000000E+0000   0.0000000E+0000   0.0000000E+0000   0.0000000E+0000   0.0000000E+0000
     0.17600   0.0000000E+0000   0.0000000E+0000   0.0000000E+0000   0.0000000E+0000   0.0000000E+0000   0.0000000E+0000
     0.18400   0.0000000E+0000   0.0000000E+0000   0.0000000E+0000   0.0000000E+0000   0.0000000E+0000   0.0000000E+0000
     0.19200   0.0000000E+0000   0.0000000E+0000   0.0000000E+0000   0.0000000E+0000   0.0000000E+0000   0.0000000E+0000
     0.20000   0.0000000E+0000   0.0000000E+0000   0.0000000E+0000   0.0000000E+0000   0.0000000E+0000   0.0000000E+0000
     0.20800   0.0000000E+0000   0.0000000E+0000   0.0000000E+0000   0.0000000E+0000   0.0000000E+0000   0.0000000E+0000
     0.21600   0.0000000E+0000   0.0000000E+0000   0.0000000E+0000   0.0000000E+0000   0.0000000E+0000   0.0000000E+0000
     0.22400   0.0000000E+0000   0.0000000E+0000   0.0000000E+0000   0.0000000E+0000   0.0000000E+0000   0.0000000E+0000
     0.23200   0.0000000E+0000   0.0000000E+0000   0.0000000E+0000   0.0000000E+0000   0.0000000E+0000   0.0000000E+0000
     0.24000   0.0000000E+0000   0.0000000E+0000   0.0000000E+0000   0.0000000E+0000   0.0000000E+0000   0.0000000E+0000
     0.24800   0.0000000E+0000   0.0000000E+0000   0.0000000E+0000   0.0000000E+0000   0.0000000E+0000   0.0000000E+0000
     0.25600   0.0000000E+0000   0.0000000E+0000   0.0000000E+0000   0.0000000E+0000   0.0000000E+0000   0.0000000E+0000
     0.26400   0.0000000E+0000   0.0000000E+0000   0.0000000E+0000   0.0000000E+0000   0.0000000E+0000   0.0000000E+0000
     0.27200   0.0000000E+0000   0.0000000E+0000   0.0000000E+0000   0.0000000E+0000   0.0000000E+0000   0.0000000E+0000
     0.28000   0.0000000E+0000   0.0000000E+0000   0.0000000E+0000   0.0000000E+0000   0.0000000E+0000   0.0000000E+0000
     0.28800   0.0000000E+0000   0.0000000E+0000   0.0000000E+0000   0.0000000E+0000   0.0000000E+0000   0.0000000E+0000
     0.29600   0.0000000E+0000   0.0000000E+0000   0.0000000E+0000   0.0000000E+0000   0.0000000E+0000   0.0000000E+0000
     0.30400   0.0000000E+0000   0.0000000E+0000   0.0000000E+0000   0.0000000E+0000   0.0000000E+0000   0.0000000E+0000
     0.31200   0.0000000E+0000   0.0000000E+0000   0.0000000E+0000   0.0000000E+0000   0.0000000E+0000   0.0000000E+0000
     0.32000   0.0000000E+0000   0.0000000E+0000   0.0000000E+0000   0.0000000E+0000   0.0000000E+0000   0.0000000E+0000
     0.32800   0.0000000E+0000   0.0000000E+0000   0.0000000E+0000   0.0000000E+0000   0.0000000E+0000   0.0000000E+0000
     0.33600   0.0000000E+0000   0.0000000E+0000   0.0000000E+0000   0.0000000E+0000   0.0000000E+0000   0.0000000E+0000
     0.34400   0.0000000E+0000   0.0000000E+0000   0.0000000E+0000   0.0000000E+0000   0.0000000E+0000   0.0000000E+0000
     0.35200   0.0000000E+0000   0.0000000E+0000   0.0000000E+0000   0.0000000E+0000   0.0000000E+0000   0.0000000E+0000
     0.36000   0.0000000E+0000   0.0000000E+0000   0.0000000E+0000   0.0000000E+0000   0.0000000E+0000   0.0000000E+0000
     0.36800   0.0000000E+0000   0.0000000E+0000   0.0000000E+0000   0.0000000E+0000   0.0000000E+0000   0.0000000E+0000
     0.37600   0.0000000E+0000   0.0000000E+0000   0.0000000E+0000   0.0000000E+0000   0.0000000E+0000   0.0000000E+0000
     0.38400   0.0000000E+0000   0.0000000E+0000   0.0000000E+0000   0.0000000E+0000   0.0000000E+0000   0.0000000E+0000
     0.39200   0.0000000E+0000   0.0000000E+0000   0.0000000E+0000   0.0000000E+0000   0.0000000E+0000   0.0000000E+0000
     0.40000   0.0000000E+0000   0.0000000E+0000   0.0000000E+0000   0.0000000E+0000   0.0000000E+0000   0.0000000E+0000
     0.40800   0.0000000E+0000   0.0000000E+0000   0.0000000E+0000   0.0000000E+0000   0.0000000E+0000   0.0000000E+0000
     0.41600   0.0000000E+0000   0.0000000E+0000   0.0000000E+0000   0.0000000E+0000   0.0000000E+0000   0.0000000E+0000
     0.42400   0.0000000E+0000   0.0000000E+0000   0.0000000E+0000   0.0000000E+0000   0.0000000E+0000   0.0000000E+0000
     0.43200   0.0000000E+0000   0.0000000E+0000   0.0000000E+0000   0.0000000E+0000   0.0000000E+0000   0.0000000E+0000
     0.44000   0.0000000E+0000   0.0000000E+0000   0.0000000E+0000   0.0000000E+0000   0.0000000E+0000   0.0000000E+0000
     0.44800   0.0000000E+0000   0.0000000E+0000   0.0000000E+0000   0.0000000E+0000   0.0000000E+0000   0.0000000E+0000
     0.45600   0.0000000E+0000   0.0000000E+0000   0.0000000E+0000   0.0000000E+0000   0.0000000E+0000   0.0000000E+0000
     0.46400   0.0000000E+0000   0.0000000E+0000   0.0000000E+0000   0.0000000E+0000   0.0000000E+0000   0.0000000E+0000
     0.47200   0.0000000E+0000   0.0000000E+0000   0.0000000E+0000   0.0000000E+0000   0.0000000E+0000   0.0000000E+0000
     0.48000   0.0000000E+0000   0.0000000E+0000   0.0000000E+0000   0.0000000E+0000   0.0000000E+0000   0.0000000E+0000
     0.48800   0.0000000E+0000   0.0000000E+0000   0.0000000E+0000   0.0000000E+0000   0.0000000E+0000   0.0000000E+0000
     0.49600   0.0000000E+0000   0.0000000E+0000   0.0000000E+0000   0.0000000E+0000   0.0000000E+0000   0.0000000E+0000
     0.50400   0.0000000E+0000   0.0000000E+0000   0.0000000E+0000   0.0000000E+0000   0.0000000E+0000   0.0000000E+0000
     0.51200   0.0000000E+0000   0.0000000E+0000   0.0000000E+0000   0.0000000E+0000   0.0000000E+0000   0.0000000E+0000
     0.52000   0.0000000E+0000   0.0000000E+0000   0.0000000E+0000   0.0000000E+0000   0.0000000E+0000   0.0000000E+0000
     0.52800   0.0000000E+0000   0.0000000E+0000   0.0000000E+0000   0.0000000E+0000   0.0000000E+0000   0.0000000E+0000
     0.53600   0.0000000E+0000   0.0000000E+0000   0.0000000E+0000   0.0000000E+0000   0.0000000E+0000   0.0000000E+0000
     0.54400   0.0000000E+0000   0.0000000E+0000   0.0000000E+0000   0.0000000E+0000   0.0000000E+0000   0.0000000E+0000
     0.55200   0.0000000E+0000   0.0000000E+0000   0.0000000E+0000   0.0000000E+0000   0.0000000E+0000   0.0000000E+0000
     0.56000   0.0000000E+0000   0.0000000E+0000   0.0000000E+0000   0.0000000E+0000   0.0000000E+0000   0.0000000E+0000
     0.56800   0.0000000E+0000   0.0000000E+0000   0.0000000E+0000   0.0000000E+0000   0.0000000E+0000   0.0000000E+0000
     0.57600   0.0000000E+0000   0.0000000E+0000   0.0000000E+0000   0.0000000E+0000   0.0000000E+0000   0.0000000E+0000
     0.58400   0.0000000E+0000   0.0000000E+0000   0.0000000E+0000   0.0000000E+0000   0.0000000E+0000   0.0000000E+0000
     0.59200   0.0000000E+0000   0.0000000E+0000   0.0000000E+0000   0.0000000E+0000   0.0000000E+0000   0.0000000E+0000
     0.60000   0.0000000E+0000   0.0000000E+0000   0.0000000E+0000   0.0000000E+0000   0.0000000E+0000   0.0000000E+0000
     0.60800   0.1744744E-0078   0.2180930E-0076   0.7954213E-0078   0.9942766E-0076  -0.4637445E-0078  -0.5796806E-0076
     0.61600   0.2261364E-0076   0.2804895E-0074   0.1032671E-0075   0.1280896E-0073  -0.6009364E-0076  -0.7453737E-0074
     0.62400   0.1471992E-0074   0.1811723E-0072   0.6715813E-0074   0.8265682E-0072  -0.3900652E-0074  -0.4800697E-0072
     0.63200   0.6414293E-0073   0.7833867E-0071   0.2920973E-0072   0.3567268E-0070  -0.1693322E-0072  -0.2067894E-0070
     0.64000   0.2104720E-0071   0.2550721E-0069   0.9565094E-0071   0.1159125E-0068  -0.5534527E-0071  -0.6706494E-0069
     0.64800   0.5546902E-0070   0.6670538E-0068   0.2516165E-0069   0.3025643E-0067  -0.1453169E-0069  -0.1747279E-0067
     0.65600   0.1223060E-0068   0.1459489E-0066   0.5539232E-0068   0.6609519E-0066  -0.3193134E-0068  -0.3809771E-0066
     0.66400   0.2320778E-0067   0.2748090E-0065   0.1049688E-0066   0.1242870E-0064  -0.6039784E-0067  -0.7150588E-0065
     0.67200   0.3868839E-0066   0.4545952E-0064   0.1747900E-0065   0.2053664E-0063  -0.1003859E-0065  -0.1179326E-0063
     0.68000   0.5756352E-0065   0.6711835E-0063   0.2598039E-0064   0.3029061E-0062  -0.1489349E-0064  -0.1736204E-0062
     0.68800   0.7740087E-0064   0.8955565E-0062   0.3490051E-0063   0.4037808E-0061  -0.1996995E-0063  -0.2310075E-0061
     0.69600   0.9500688E-0063   0.1090835E-0060   0.4279882E-0062   0.4913595E-0060  -0.2444392E-0062  -0.2805865E-0060
     0.70400   0.1073468E-0061   0.1223077E-0059   0.4831080E-0061   0.5503865E-0059  -0.2754084E-0061  -0.3137056E-0059
     0.71200   0.1124296E-0060   0.1271187E-0058   0.5054658E-0060   0.5714438E-0058  -0.2876200E-0060  -0.3250989E-0058
     0.72000   0.1098019E-0059   0.1231986E-0057   0.4931153E-0059   0.5532108E-0057  -0.2800730E-0059  -0.3141388E-0057
     0.72800   0.1005071E-0058   0.1119086E-0056   0.4508502E-0058   0.5019234E-0056  -0.2555952E-0058  -0.2844849E-0056
     0.73600   0.8661080E-0058   0.9570012E-0056   0.3880377E-0057   0.4286908E-0055  -0.2195810E-0057  -0.2425269E-0055
     0.74400   0.7053909E-0057   0.7734751E-0055   0.3156226E-0056   0.3460236E-0054  -0.1782761E-0056  -0.1953975E-0054
     0.75200   0.5448381E-0056   0.5928737E-0054   0.2434527E-0055   0.2648631E-0053  -0.1372613E-0055  -0.1492921E-0053
     0.76000   0.4003298E-0055   0.4323074E-0053   0.1786278E-0054   0.1928531E-0052  -0.1005301E-0054  -0.1085050E-0052
     0.76800   0.2805919E-0054   0.3006986E-0052   0.1250166E-0053   0.1339423E-0051  -0.7023190E-0054  -0.7522361E-0052
     0.77600   0.1880679E-0053   0.2000109E-0051   0.8366600E-0053   0.8895542E-0051  -0.4691827E-0053  -0.4986884E-0051
     0.78400   0.1208119E-0052   0.1275064E-0050   0.5366222E-0052   0.5661952E-0050  -0.3003968E-0052  -0.3168482E-0050
     0.79200   0.7453254E-0052   0.7806418E-0050   0.3305322E-0051   0.3460875E-0049  -0.1847067E-0051  -0.1933338E-0049
     0.80000   0.4424161E-0051   0.4598544E-0049   0.1958820E-0050   0.2035359E-0048  -0.1092734E-0050  -0.1135035E-0048
     0.80800   0.2531077E-0050   0.2610826E-0048   0.1118801E-0049   0.1153648E-0047  -0.6230663E-0050  -0.6422410E-0048
     0.81600   0.1397817E-0049   0.1430886E-0047   0.6168376E-0049   0.6311969E-0047  -0.3429451E-0049  -0.3507980E-0047
     0.82400   0.7462662E-0049   0.7581055E-0047   0.3287591E-0048   0.3338442E-0046  -0.1824802E-0048  -0.1852321E-0046
     0.83200   0.3856708E-0048   0.3888052E-0046   0.1696116E-0047   0.1709196E-0045  -0.9399187E-0048  -0.9467981E-0046
     0.84000   0.1931783E-0047   0.1932640E-0045   0.8480928E-0047   0.8481015E-0045  -0.4692335E-0047  -0.4690520E-0045
     0.84800   0.9389005E-0047   0.9321527E-0045   0.4114746E-0046   0.4083316E-0044  -0.2273078E-0046  -0.2254805E-0044
     0.85600   0.4432691E-0046   0.4367238E-0044   0.1939196E-0045   0.1909652E-0043  -0.1069633E-0045  -0.1052906E-0043
     0.86400   0.2034878E-0045   0.1989511E-0043   0.8886192E-0045   0.8683745E-0043  -0.4894265E-0045  -0.4780791E-0043
     0.87200   0.9091601E-0045   0.8820903E-0043   0.3963085E-0044   0.3843082E-0042  -0.2179628E-0044  -0.2112751E-0042
     0.88000   0.3956911E-0044   0.3809688E-0042   0.1721699E-0043   0.1656739E-0041  -0.9455904E-0044  -0.9095345E-0042
     0.88800   0.1678980E-0043   0.1604111E-0041   0.7292005E-0043   0.6962881E-0041  -0.3999543E-0043  -0.3817440E-0041
     0.89600   0.6950984E-0043   0.6590005E-0041   0.3013285E-0042   0.2855106E-0040  -0.1650607E-0042  -0.1563316E-0040
     0.90400   0.2809812E-0042   0.2643392E-0040   0.1215782E-0041   0.1143067E-0039  -0.6651549E-0042  -0.6251178E-0040
     0.91200   0.1109786E-0041   0.1036006E-0039   0.4792849E-0041   0.4471334E-0039  -0.2619086E-0041  -0.2442414E-0039
     0.92000   0.4285644E-0041   0.3969823E-0039   0.1847304E-0040   0.1710023E-0038  -0.1008347E-0040  -0.9330478E-0039
     0.92800   0.1619112E-0040   0.1488184E-0038   0.6965587E-0040   0.6397854E-0038  -0.3798163E-0040  -0.3487270E-0038
     0.93600   0.5987922E-0040   0.5461012E-0038   0.2571026E-0039   0.2343084E-0037  -0.1400544E-0039  -0.1275909E-0037
     0.94400   0.2168979E-0039   0.1962733E-0037   0.9294494E-0039   0.8404334E-0037  -0.5058505E-0039  -0.4572451E-0037
     0.95200   0.7699167E-0039   0.6912735E-0037   0.3292641E-0038   0.2953990E-0036  -0.1790527E-0038  -0.1605846E-0036
     0.96000   0.2679534E-0038   0.2387022E-0036   0.1143616E-0037   0.1017939E-0035  -0.6214304E-0038  -0.5529721E-0036
     0.96800   0.9147645E-0038   0.8085138E-0036   0.3896185E-0037   0.3440712E-0035  -0.2115758E-0037  -0.1867909E-0035
     0.97600   0.3064722E-0037   0.2687447E-0035   0.1302627E-0036   0.1141260E-0034  -0.7069690E-0037  -0.6192415E-0035
     0.98400   0.1008075E-0036   0.8770034E-0035   0.4275718E-0036   0.3716363E-0034  -0.2319455E-0036  -0.2015607E-0034
     0.99200   0.3256821E-0036   0.2810932E-0034   0.1378433E-0035   0.1188576E-0033  -0.7474874E-0036  -0.6444275E-0034
     1.00000   0.1033869E-0035   0.8852335E-0034   0.4366372E-0035   0.3734923E-0033  -0.2367161E-0035  -0.2024592E-0033
     1.00800   0.3226050E-0035   0.2740227E-0033   0.1359494E-0034   0.1153571E-0032  -0.7369254E-0035  -0.6252616E-0033
     1.01600   0.9898451E-0035   0.8340501E-0033   0.4162088E-0034   0.3503243E-0032  -0.2256055E-0034  -0.1898912E-0032
     1.02400   0.2987468E-0034   0.2497029E-0032   0.1253348E-0033   0.1046424E-0031  -0.6794515E-0034  -0.5673074E-0032
     1.03200   0.8872015E-0034   0.7355683E-0032   0.3713651E-0033   0.3075378E-0031  -0.2013704E-0033  -0.1667815E-0031
     1.04000   0.2593350E-0033   0.2132686E-0031   0.1083018E-0032   0.8895664E-0031  -0.5874905E-0033  -0.4826501E-0031
     1.04800   0.7463648E-0033   0.6087872E-0031   0.3109613E-0032   0.2533244E-0030  -0.1687752E-0032  -0.1375327E-0030
     1.05600   0.2115524E-0032   0.1711448E-0030   0.8793020E-0032   0.7104258E-0030  -0.4775817E-0032  -0.3860082E-0030
     1.06400   0.5907202E-0032   0.4739597E-0030   0.2449348E-0031   0.1962558E-0029  -0.1331503E-0031  -0.1067402E-0029
     1.07200   0.1625393E-0031   0.1293341E-0029   0.6722931E-0031   0.5341978E-0029  -0.3658569E-0031  -0.2908832E-0029
     1.08000   0.4408169E-0031   0.3478470E-0029   0.1818747E-0030   0.1433068E-0028  -0.9909905E-0031  -0.7814170E-0029
     1.08800   0.1178658E-0030   0.9223007E-0029   0.4850618E-0030   0.3789838E-0028  -0.2646839E-0030  -0.2069810E-0028
     1.09600   0.3107766E-0030   0.2411386E-0028   0.1275656E-0029   0.9882433E-0028  -0.6972547E-0030  -0.5407135E-0028
     1.10400   0.8082356E-0030   0.6218237E-0028   0.3308865E-0029   0.2541511E-0027  -0.1812024E-0029  -0.1393462E-0027
     1.11200   0.2073720E-0029   0.1581856E-0027   0.8466928E-0029   0.6447577E-0027  -0.4646692E-0029  -0.3543335E-0027
     1.12000   0.5250184E-0029   0.3970579E-0027   0.2137778E-0028   0.1613857E-0026  -0.1176052E-0028  -0.8892286E-0027
     1.12800   0.1311889E-0028   0.9835880E-0027   0.5326898E-0028   0.3986399E-0026  -0.2938353E-0028  -0.2202876E-0026
     1.13600   0.3235936E-0028   0.2405059E-0026   0.1310214E-0027   0.9719048E-0026  -0.7248779E-0028  -0.5388032E-0026
     1.14400   0.7880651E-0028   0.5805893E-0026   0.3181584E-0027   0.2339213E-0025  -0.1766018E-0027  -0.1301425E-0025
     1.15200   0.1895216E-0027   0.1383938E-0025   0.7628727E-0027   0.5558928E-0025  -0.4249887E-0027  -0.3104836E-0025
     1.16000   0.4501544E-0027   0.3257910E-0025   0.1806502E-0026   0.1304537E-0024  -0.1010397E-0026  -0.7317600E-0025
     1.16800   0.1056183E-0026   0.7575354E-0025   0.4225417E-0026   0.3023643E-0024  -0.2373647E-0026  -0.1704062E-0024
     1.17600   0.2448255E-0026   0.1740090E-0024   0.9763572E-0026   0.6922694E-0024  -0.5510927E-0026  -0.3921600E-0024
     1.18400   0.5607586E-0026   0.3949164E-0024   0.2229030E-0025   0.1565841E-0023  -0.1264707E-0025  -0.8920181E-0024
     1.19200   0.1269275E-0025   0.8856455E-0024   0.5028609E-0025   0.3499472E-0023  -0.2869341E-0025  -0.2005792E-0023
     1.20000   0.2839561E-0025   0.1962858E-0023   0.1121133E-0024   0.7728405E-0023  -0.6436783E-0025  -0.4459303E-0023
     1.20800   0.6279346E-0025   0.4299731E-0023   0.2470550E-0024   0.1686771E-0022  -0.1427959E-0024  -0.9803507E-0023
     1.21600   0.1372758E-0024   0.9310287E-0023   0.5381493E-0024   0.3638678E-0022  -0.3133185E-0024  -0.2131533E-0022
     1.22400   0.2967117E-0024   0.1992949E-0022   0.1158848E-0023   0.7758738E-0022  -0.6800509E-0024  -0.4584155E-0022
     1.23200   0.6341297E-0024   0.4217726E-0022   0.2467193E-0023   0.1635431E-0021  -0.1460297E-0023  -0.9753075E-0022
     1.24000   0.1340177E-0023   0.8825590E-0022   0.5193574E-0023   0.3407976E-0021  -0.3102722E-0023  -0.2053031E-0021
     1.24800   0.2801048E-0023   0.1826088E-0021   0.1081049E-0022   0.7021149E-0021  -0.6523825E-0023  -0.4276378E-0021
     1.25600   0.5790057E-0023   0.3736261E-0021   0.2225182E-0022   0.1430166E-0020  -0.1357605E-0022  -0.8815276E-0021
     1.26400   0.1183789E-0022   0.7559792E-0021   0.4529455E-0022   0.2880341E-0020  -0.2796457E-0022  -0.1798565E-0020
     1.27200   0.2393952E-0022   0.1512704E-0020   0.9118029E-0022   0.5735717E-0020  -0.5702395E-0022  -0.3632422E-0020
     1.28000   0.4788742E-0022   0.2993487E-0020   0.1815259E-0021   0.1129320E-0019  -0.1151250E-0021  -0.7262633E-0020
     1.28800   0.9475489E-0022   0.5858434E-0020   0.3574043E-0021   0.2198480E-0019  -0.2301403E-0021  -0.1437691E-0019
     1.29600   0.1854638E-0021   0.1133862E-0019   0.6959179E-0021   0.4231421E-0019  -0.4555876E-0021  -0.2818092E-0019
     1.30400   0.3590792E-0021   0.2170191E-0019   0.1340041E-0020   0.8051540E-0019  -0.8932061E-0021  -0.5470231E-0019
     1.31200   0.6876735E-0021   0.4107429E-0019   0.2551612E-0020   0.1514463E-0018  -0.1734502E-0020  -0.1051619E-0018
     1.32000   0.1302609E-0020   0.7686692E-0019   0.4804081E-0020   0.2815587E-0018  -0.3336432E-0020  -0.2002413E-0018
     1.32800   0.2440356E-0020   0.1422184E-0018   0.8942406E-0020   0.5172905E-0018  -0.6357908E-0020  -0.3776845E-0018
     1.33600   0.4521212E-0020   0.2601070E-0018   0.1645429E-0019   0.9389859E-0018  -0.1200353E-0019  -0.7057026E-0018
     1.34400   0.8282455E-0020   0.4701554E-0018   0.2992248E-0019   0.1683524E-0017  -0.2245450E-0019  -0.1306372E-0017
     1.35200   0.1499989E-0019   0.8396789E-0018   0.5376478E-0019   0.2980287E-0017  -0.4162299E-0019  -0.2396061E-0017
     1.36000   0.2684984E-0019   0.1481244E-0017   0.9541974E-0019   0.5206869E-0017  -0.7645973E-0019  -0.4354592E-0017
     1.36800   0.4748905E-0019   0.2579901E-0017   0.1672010E-0018   0.8972653E-0017  -0.1391985E-0018  -0.7842348E-0017
     1.37600   0.8296266E-0019   0.4434202E-0017   0.2891153E-0018   0.1523929E-0016  -0.2511715E-0018  -0.1399662E-0016
     1.38400   0.1430889E-0018   0.7515778E-0017   0.4929953E-0018   0.2548500E-0016  -0.4492312E-0018  -0.2475747E-0016
     1.39200   0.2435029E-0018   0.1255175E-0016   0.8282797E-0018   0.4191055E-0016  -0.7964565E-0018  -0.4340316E-0016
     1.40000   0.4085499E-0018   0.2063087E-0016   0.1369559E-0017   0.6765997E-0016  -0.1399826E-0017  -0.7542113E-0016
     1.40800   0.6751460E-0018   0.3332452E-0016   0.2225352E-0017   0.1069741E-0015  -0.2439109E-0017  -0.1299105E-0015
     1.41600   0.1097473E-0017   0.5279089E-0016   0.3545997E-0017   0.1650806E-0015  -0.4213648E-0017  -0.2218174E-0015
     1.42400   0.1751742E-0017   0.8178358E-0016   0.5525227E-0017   0.2474038E-0015  -0.7217350E-0017  -0.3754627E-0015
     1.43200   0.2738882E-0017   0.1233925E-0015   0.8383341E-0017   0.3572642E-0015  -0.1225775E-0016  -0.6300501E-0015
     1.44000   0.4180252E-0017   0.1801713E-0015   0.1230729E-0016   0.4904940E-0015  -0.2064319E-0016  -0.1048180E-0014
     1.44800   0.6196182E-0017   0.2519911E-0015   0.1730000E-0016   0.6240887E-0015  -0.3447416E-0016  -0.1728871E-0014
     1.45600   0.8847419E-0017   0.3314047E-0015   0.2285017E-0016   0.6937703E-0015  -0.5709228E-0016  -0.2827264E-0014
     1.46400   0.1200225E-0016   0.3943537E-0015   0.2726263E-0016   0.5515580E-0015  -0.9376522E-0016  -0.4584117E-0014
     1.47200   0.1506181E-0016   0.3824451E-0015   0.2636823E-0016  -0.1118002E-0015  -0.1527211E-0015  -0.7369481E-0014
     1.48000   0.1642473E-0016   0.1703645E-0015   0.1112949E-0016  -0.1904842E-0014  -0.2466941E-0015  -0.1174663E-0013
     1.48800   0.1248610E-0016  -0.4923284E-0015  -0.3667391E-0016  -0.5975424E-0014  -0.3952105E-0015  -0.1856456E-0013
     1.49600  -0.4175571E-0017  -0.2082708E-0014  -0.1520340E-0015  -0.1442001E-0013  -0.6279329E-0015  -0.2909030E-0013
     1.50400  -0.4799900E-0016  -0.5477929E-0014  -0.3997895E-0015  -0.3096944E-0013  -0.9894982E-0015  -0.4519566E-0013
     1.51200  -0.1459693E-0015  -0.1224629E-0013  -0.8967478E-0015  -0.6211978E-0013  -0.1546439E-0014  -0.6961761E-0013
     1.52000  -0.3469923E-0015  -0.2512787E-0013  -0.1848508E-0014  -0.1189700E-0012  -0.2396969E-0014  -0.1063162E-0012
     1.52800  -0.7375241E-0015  -0.4881647E-0013  -0.3609851E-0014  -0.2201678E-0012  -0.3684642E-0014  -0.1609592E-0012
     1.53600  -0.1467240E-0014  -0.9121451E-0013  -0.6782423E-0014  -0.3965715E-0012  -0.5617194E-0014  -0.2415689E-0012
     1.54400  -0.2790610E-0014  -0.1654212E-0012  -0.1237072E-0013  -0.6985373E-0012  -0.8492143E-0014  -0.3593686E-0012
     1.55200  -0.5133363E-0014  -0.2928442E-0012  -0.2202816E-0013  -0.1207180E-0011  -0.1273111E-0013  -0.5298707E-0012
     1.56000  -0.9197476E-0014  -0.5080141E-0012  -0.3844076E-0013  -0.2051575E-0011  -0.1892505E-0013  -0.7742430E-0012
     1.56800  -0.1612508E-0013  -0.8659508E-0012  -0.6591882E-0013  -0.3434758E-0011  -0.2789289E-0013  -0.1120980E-0011
     1.57600  -0.2775160E-0013  -0.1453315E-0011  -0.1112996E-0012  -0.5672601E-0011  -0.4075591E-0013  -0.1607877E-0011
     1.58400  -0.4699252E-0013  -0.2405114E-0011  -0.1853105E-0012  -0.9251354E-0011  -0.5903007E-0013  -0.2284269E-0011
     1.59200  -0.7842841E-0013  -0.3929486E-0011  -0.3046060E-0012  -0.1491195E-0010  -0.8473730E-0013  -0.3213404E-0011
     1.60000  -0.1291811E-0012  -0.6344090E-0011  -0.4947844E-0012  -0.2377229E-0010  -0.1205350E-0012  -0.4474718E-0011
     1.60800  -0.2102136E-0012  -0.1012906E-0010  -0.7948085E-0012  -0.3750301E-0010  -0.1698599E-0012  -0.6165603E-0011
     1.61600  -0.3382401E-0012  -0.1600331E-0010  -0.1263428E-0011  -0.5857747E-0010  -0.2370757E-0012  -0.8401975E-0011
     1.62400  -0.5385080E-0012  -0.2503349E-0010  -0.1988422E-0011  -0.9062422E-0010  -0.3276088E-0012  -0.1131664E-0010
     1.63200  -0.8488133E-0012  -0.3878816E-0010  -0.3099776E-0011  -0.1389192E-0009  -0.4480400E-0012  -0.1505390E-0010
     1.64000  -0.1325246E-0011  -0.5955404E-0010  -0.4788309E-0011  -0.2110666E-0009  -0.6061058E-0012  -0.1975823E-0010
     1.64800  -0.2050338E-0011  -0.9063651E-0010  -0.7331766E-0011  -0.3179322E-0009  -0.8105379E-0012  -0.2555401E-0010
     1.65600  -0.3144528E-0011  -0.1367738E-0009  -0.1113105E-0010  -0.4749110E-0009  -0.1070634E-0011  -0.3251200E-0010
     1.66400  -0.4782150E-0011  -0.2047027E-0009  -0.1676012E-0010  -0.7036332E-0009  -0.1395411E-0011  -0.4059719E-0010
     1.67200  -0.7213548E-0011  -0.3039247E-0009  -0.2503404E-0010  -0.1034239E-0008  -0.1792136E-0011  -0.4959053E-0010
     1.68000  -0.1079543E-0010  -0.4477351E-0009  -0.3710112E-0010  -0.1508386E-0008  -0.2263937E-0011  -0.5897520E-0010
     1.68800  -0.1603217E-0010  -0.6545923E-0009  -0.5456656E-0010  -0.2183180E-0008  -0.2806141E-0011  -0.6777552E-0010
     1.69600  -0.2363158E-0010  -0.9499270E-0009  -0.7965686E-0010  -0.3136287E-0008  -0.3400811E-0011  -0.7433370E-0010
     1.70400  -0.3457966E-0010  -0.1368509E-0008  -0.1154368E-0009  -0.4472491E-0008  -0.4008862E-0011  -0.7600639E-0010
     1.71200  -0.5023983E-0010  -0.1957521E-0008  -0.1660932E-0009  -0.6332045E-0008  -0.4558938E-0011  -0.6875950E-0010
     1.72000  -0.7248395E-0010  -0.2780515E-0008  -0.2373029E-0009  -0.8901217E-0008  -0.4932024E-0011  -0.4663573E-0010
     1.72800  -0.1038636E-0009  -0.3922460E-0008  -0.3367064E-0009  -0.1242544E-0007  -0.4940551E-0011  -0.1065901E-0011
     1.73600  -0.1478327E-0009  -0.5496136E-0008  -0.4745114E-0009  -0.1722562E-0007  -0.4300478E-0011   0.8000920E-0010
     1.74400  -0.2090339E-0009  -0.7650150E-0008  -0.6642557E-0009  -0.2371804E-0007  -0.2594539E-0011   0.2132424E-0009
     1.75200  -0.2936653E-0009  -0.1057892E-0007  -0.9237647E-0009  -0.3243861E-0007   0.7754443E-0012   0.4212478E-0009
     1.76000  -0.4099452E-0009  -0.1453499E-0007  -0.1276339E-0008  -0.4407184E-0007   0.6649631E-0011   0.7342733E-0009
     1.76800  -0.5686977E-0009  -0.1984406E-0007  -0.1752222E-0008  -0.5948532E-0007   0.1618736E-0010   0.1192216E-0008
     1.77600  -0.7840839E-0009  -0.2692328E-0007  -0.2390384E-0008  -0.7977019E-0007   0.3096352E-0010   0.1847020E-0008
     1.78400  -0.1074509E-0008  -0.3630316E-0007  -0.3240688E-0008  -0.1062881E-0006   0.5308740E-0010   0.2765485E-0008
     1.79200  -0.1463739E-0008  -0.4865366E-0007  -0.4366488E-0008  -0.1407250E-0006   0.8534753E-0010   0.4032516E-0008
     1.80000  -0.1982259E-0008  -0.6481506E-0007  -0.5847705E-0008  -0.1851521E-0006   0.1313861E-0009   0.5754816E-0008
     1.80800  -0.2668931E-0008  -0.8583395E-0007  -0.7784459E-0008  -0.2420942E-0006   0.1959062E-0009   0.8065019E-0008
     1.81600  -0.3572970E-0008  -0.1130049E-0006  -0.1030129E-0007  -0.3146041E-0006   0.2849162E-0009   0.1112625E-0007
     1.82400  -0.4756318E-0008  -0.1479184E-0006  -0.1355204E-0007  -0.4063440E-0006   0.4060125E-0009   0.1513704E-0007
     1.83200  -0.6296437E-0008  -0.1925150E-0006  -0.1772542E-0007  -0.5216717E-0006   0.5687046E-0009   0.2033651E-0007
     1.84000  -0.8289606E-0008  -0.2491461E-0006  -0.2305126E-0007  -0.6657301E-0006   0.7847829E-0009   0.2700978E-0007
     1.84800  -0.1085474E-0007  -0.3206420E-0006  -0.2980757E-0007  -0.8445390E-0006   0.1068730E-0008   0.3549333E-0007
     1.85600  -0.1413783E-0007  -0.4103860E-0006  -0.3832825E-0007  -0.1065085E-0005   0.1438171E-0008   0.4618021E-0007
     1.86400  -0.1831699E-0007  -0.5223948E-0006  -0.4901152E-0007  -0.1335408E-0005   0.1914370E-0008   0.5952491E-0007
     1.87200  -0.2360823E-0007  -0.6614052E-0006  -0.6232893E-0007  -0.1664677E-0005   0.2522750E-0008   0.7604749E-0007
     1.88000  -0.3027195E-0007  -0.8329649E-0006  -0.7883501E-0007  -0.2063260E-0005   0.3293445E-0008   0.9633687E-0007
     1.88800  -0.3862017E-0007  -0.1043527E-0005  -0.9917715E-0007  -0.2542767E-0005   0.4261867E-0008   0.1210527E-0006
     1.89600  -0.4902455E-0007  -0.1300548E-0005  -0.1241058E-0006  -0.3116080E-0005   0.5469276E-0008   0.1509260E-0006
     1.90400  -0.6192521E-0007  -0.1612582E-0005  -0.1544846E-0006  -0.3797351E-0005   0.6963335E-0008   0.1867574E-0006
     1.91200  -0.7784025E-0007  -0.1989380E-0005  -0.1913003E-0006  -0.4601969E-0005   0.8798644E-0008   0.2294135E-0006
     1.92000  -0.9737607E-0007  -0.2441978E-0005  -0.2356723E-0006  -0.5546488E-0005   0.1103721E-0007   0.2798209E-0006
     1.92800  -0.1212383E-0006  -0.2982781E-0005  -0.2888604E-0006  -0.6648517E-0005   0.1374887E-0007   0.3389570E-0006
     1.93600  -0.1502434E-0006  -0.3625637E-0005  -0.3522729E-0006  -0.7926566E-0005   0.1701158E-0007   0.4078388E-0006
     1.94400  -0.1853306E-0006  -0.4385901E-0005  -0.4274716E-0006  -0.9399837E-0005   0.2091164E-0007   0.4875078E-0006
     1.95200  -0.2275745E-0006  -0.5280478E-0005  -0.5161755E-0006  -0.1108799E-0004   0.2554375E-0007   0.5790131E-0006
     1.96000  -0.2781973E-0006  -0.6327850E-0005  -0.6202621E-0006  -0.1301082E-0004   0.3101088E-0007   0.6833914E-0006
     1.96800  -0.3385820E-0006  -0.7548089E-0005  -0.7417660E-0006  -0.1518799E-0004   0.3742404E-0007   0.8016452E-0006
     1.97600  -0.4102847E-0006  -0.8962834E-0005  -0.8828745E-0006  -0.1763856E-0004   0.4490179E-0007   0.9347184E-0006
     1.98400  -0.4950467E-0006  -0.1059526E-0004  -0.1045920E-0005  -0.2038072E-0004   0.5356957E-0007   0.1083472E-0005
     1.99200  -0.5948068E-0006  -0.1247001E-0004  -0.1233371E-0005  -0.2343128E-0004   0.6355885E-0007   0.1248661E-0005
     2.00000  -0.7117116E-0006  -0.1461310E-0004  -0.1447813E-0005  -0.2680533E-0004   0.7500610E-0007   0.1430906E-0005
     2.00800  -0.8481262E-0006  -0.1705183E-0004  -0.1691940E-0005  -0.3051583E-0004   0.8805152E-0007   0.1630676E-0005
     2.01600  -0.1006643E-0005  -0.1981464E-0004  -0.1968526E-0005  -0.3457329E-0004   0.1028377E-0006   0.1848268E-0005
     2.02400  -0.1190091E-0005  -0.2293096E-0004  -0.2280410E-0005  -0.3898543E-0004   0.1195080E-0006   0.2083791E-0005
     2.03200  -0.1401539E-0005  -0.2643106E-0004  -0.2630466E-0005  -0.4375702E-0004   0.1382053E-0006   0.2337160E-0005
     2.04000  -0.1644307E-0005  -0.3034591E-0004  -0.3021584E-0005  -0.4888971E-0004   0.1590700E-0006   0.2608095E-0005
     2.04800  -0.1921963E-0005  -0.3470696E-0004  -0.3456640E-0005  -0.5438207E-0004   0.1822390E-0006   0.2896123E-0005
     2.05600  -0.2238331E-0005  -0.3954606E-0004  -0.3938478E-0005  -0.6022968E-0004   0.2078438E-0006   0.3200602E-0005
     2.06400  -0.2597493E-0005  -0.4489528E-0004  -0.4469881E-0005  -0.6642543E-0004   0.2360098E-0006   0.3520741E-0005
     2.07200  -0.3003788E-0005  -0.5078682E-0004  -0.5053560E-0005  -0.7295993E-0004   0.2668549E-0006   0.3855641E-0005
     2.08000  -0.3461812E-0005  -0.5725299E-0004  -0.5692138E-0005  -0.7982213E-0004   0.3004896E-0006   0.4204340E-0005
     2.08800  -0.3976421E-0005  -0.6432614E-0004  -0.6388138E-0005  -0.8700002E-0004   0.3370166E-0006   0.4565876E-0005
     2.09600  -0.4552731E-0005  -0.7203875E-0004  -0.7143990E-0005  -0.9448157E-0004   0.3765314E-0006   0.4939353E-0005
     2.10400  -0.5196119E-0005  -0.8042353E-0004  -0.7962036E-0005  -0.1022557E-0003   0.4191236E-0006   0.5324024E-0005
     2.11200  -0.5912228E-0005  -0.8951363E-0004  -0.8844545E-0005  -0.1103136E-0003   0.4648786E-0006   0.5719375E-0005
     2.12000  -0.6706972E-0005  -0.9934293E-0004  -0.9793743E-0005  -0.1186497E-0003   0.5138804E-0006   0.6125222E-0005
     2.12800  -0.7586543E-0005  -0.1099464E-0003  -0.1081185E-0004  -0.1272631E-0003   0.5662149E-0006   0.6541806E-0005
     2.13600  -0.8557427E-0005  -0.1213605E-0003  -0.1190112E-0004  -0.1361589E-0003   0.6219740E-0006   0.6969894E-0005
     2.14400  -0.9626419E-0005  -0.1336239E-0003  -0.1306391E-0004  -0.1453494E-0003   0.6812610E-0006   0.7410874E-0005
     2.15200  -0.1080064E-0004  -0.1467781E-0003  -0.1430275E-0004  -0.1548548E-0003   0.7441958E-0006   0.7866846E-0005
     2.16000  -0.1208759E-0004  -0.1608678E-0003  -0.1562039E-0004  -0.1647052E-0003   0.8109214E-0006   0.8340703E-0005
     2.16800  -0.1349513E-0004  -0.1759424E-0003  -0.1701991E-0004  -0.1749400E-0003   0.8816110E-0006   0.8836194E-0005
     2.17600  -0.1503157E-0004  -0.1920560E-0003  -0.1850479E-0004  -0.1856095E-0003   0.9564748E-0006   0.9357972E-0005
     2.18400  -0.1670573E-0004  -0.2092693E-0003  -0.2007899E-0004  -0.1967744E-0003   0.1035768E-0005   0.9911617E-0005
     2.19200  -0.1852692E-0004  -0.2276496E-0003  -0.2174703E-0004  -0.2085059E-0003   0.1119797E-0005   0.1050363E-0004
     2.20000  -0.2050510E-0004  -0.2472724E-0003  -0.2351411E-0004  -0.2208844E-0003   0.1208928E-0005   0.1114137E-0004
     2.20800  -0.2265088E-0004  -0.2682218E-0003  -0.2538610E-0004  -0.2339992E-0003   0.1303592E-0005   0.1183302E-0004
     2.21600  -0.2497561E-0004  -0.2905920E-0003  -0.2736967E-0004  -0.2479460E-0003   0.1404291E-0005   0.1258742E-0004
     2.22400  -0.2749151E-0004  -0.3144874E-0003  -0.2947227E-0004  -0.2628252E-0003   0.1511602E-0005   0.1341391E-0004
     2.23200  -0.3021170E-0004  -0.3400235E-0003  -0.3170218E-0004  -0.2787390E-0003   0.1626180E-0005   0.1432215E-0004
     2.24000  -0.3315032E-0004  -0.3673277E-0003  -0.3406849E-0004  -0.2957881E-0003   0.1748754E-0005   0.1532178E-0004
     2.24800  -0.3632264E-0004  -0.3965389E-0003  -0.3658104E-0004  -0.3140684E-0003   0.1880131E-0005   0.1642219E-0004
     2.25600  -0.3974510E-0004  -0.4278084E-0003  -0.3925037E-0004  -0.3336662E-0003   0.2021188E-0005   0.1763209E-0004
     2.26400  -0.4343550E-0004  -0.4612991E-0003  -0.4208760E-0004  -0.3546545E-0003   0.2172861E-0005   0.1895914E-0004
     2.27200  -0.4741298E-0004  -0.4971850E-0003  -0.4510430E-0004  -0.3770878E-0003   0.2336137E-0005   0.2040949E-0004
     2.28000  -0.5169818E-0004  -0.5356510E-0003  -0.4831228E-0004  -0.4009975E-0003   0.2512035E-0005   0.2198729E-0004
     2.28800  -0.5631331E-0004  -0.5768911E-0003  -0.5172338E-0004  -0.4263869E-0003   0.2701589E-0005   0.2369422E-0004
     2.29600  -0.6128217E-0004  -0.6211075E-0003  -0.5534919E-0004  -0.4532266E-0003   0.2905821E-0005   0.2552891E-0004
     2.30400  -0.6663024E-0004  -0.6685084E-0003  -0.5920079E-0004  -0.4814500E-0003   0.3125713E-0005   0.2748650E-0004
     2.31200  -0.7238469E-0004  -0.7193060E-0003  -0.6328839E-0004  -0.5109492E-0003   0.3362177E-0005   0.2955806E-0004
     2.32000  -0.7857440E-0004  -0.7737141E-0003  -0.6762096E-0004  -0.5415716E-0003   0.3616018E-0005   0.3173017E-0004
     2.32800  -0.8522996E-0004  -0.8319450E-0003  -0.7220590E-0004  -0.5731173E-0003   0.3887894E-0005   0.3398446E-0004
     2.33600  -0.9238362E-0004  -0.8942070E-0003  -0.7704860E-0004  -0.6053372E-0003   0.4178272E-0005   0.3629728E-0004
     2.34400  -0.1000692E-0003  -0.9607008E-0003  -0.8215205E-0004  -0.6379322E-0003   0.4487387E-0005   0.3863937E-0004
     2.35200  -0.1083222E-0003  -0.1031616E-0002  -0.8751649E-0004  -0.6705539E-0003   0.4815193E-0005   0.4097570E-0004
     2.36000  -0.1171792E-0003  -0.1107127E-0002  -0.9313893E-0004  -0.7028058E-0003   0.5161316E-0005   0.4326540E-0004
     2.36800  -0.1266783E-0003  -0.1187392E-0002  -0.9901290E-0004  -0.7342462E-0003   0.5525011E-0005   0.4546183E-0004
     2.37600  -0.1368587E-0003  -0.1272546E-0002  -0.1051280E-0003  -0.7643930E-0003   0.5905113E-0005   0.4751272E-0004
     2.38400  -0.1477603E-0003  -0.1362699E-0002  -0.1114699E-0003  -0.7927282E-0003   0.6299997E-0005   0.4936058E-0004
     2.39200  -0.1594237E-0003  -0.1457934E-0002  -0.1180195E-0003  -0.8187053E-0003   0.6707542E-0005   0.5094313E-0004
     2.40000  -0.1718901E-0003  -0.1558301E-0002  -0.1247536E-0003  -0.8417566E-0003   0.7125095E-0005   0.5219402E-0004
     2.40800  -0.1852007E-0003  -0.1663819E-0002  -0.1316440E-0003  -0.8613021E-0003   0.7549443E-0005   0.5304355E-0004
     2.41600  -0.1993965E-0003  -0.1774469E-0002  -0.1386581E-0003  -0.8767585E-0003   0.7976800E-0005   0.5341966E-0004
     2.42400  -0.2145180E-0003  -0.1890199E-0002  -0.1457584E-0003  -0.8875494E-0003   0.8402792E-0005   0.5324898E-0004
     2.43200  -0.2306054E-0003  -0.2010914E-0002  -0.1529034E-0003  -0.8931149E-0003   0.8822456E-0005   0.5245802E-0004
     2.44000  -0.2476973E-0003  -0.2136486E-0002  -0.1600467E-0003  -0.8929221E-0003   0.9230252E-0005   0.5097442E-0004
     2.44800  -0.2658312E-0003  -0.2266747E-0002  -0.1671385E-0003  -0.8864745E-0003   0.9620078E-0005   0.4872830E-0004
     2.45600  -0.2850432E-0003  -0.2401492E-0002  -0.1741251E-0003  -0.8733207E-0003   0.9985307E-0005   0.4565363E-0004
     2.46400  -0.3053670E-0003  -0.2540485E-0002  -0.1809496E-0003  -0.8530631E-0003   0.1031882E-0004   0.4168957E-0004
     2.47200  -0.3268347E-0003  -0.2683455E-0002  -0.1875525E-0003  -0.8253644E-0003   0.1061308E-0004   0.3678186E-0004
     2.48000  -0.3494755E-0003  -0.2830106E-0002  -0.1938722E-0003  -0.7899533E-0003   0.1086015E-0004   0.3088407E-0004
     2.48800  -0.3733165E-0003  -0.2980115E-0002  -0.1998452E-0003  -0.7466284E-0003   0.1105182E-0004   0.2395876E-0004
     2.49600  -0.3983816E-0003  -0.3133141E-0002  -0.2054073E-0003  -0.6952611E-0003   0.1117965E-0004   0.1597859E-0004
     2.50400  -0.4246922E-0003  -0.3288830E-0002  -0.2104936E-0003  -0.6357955E-0003   0.1123507E-0004   0.6927138E-0005
     2.51200  -0.4522667E-0003  -0.3446815E-0002  -0.2150396E-0003  -0.5682481E-0003   0.1120946E-0004  -0.3200386E-0005
     2.52000  -0.4811206E-0003  -0.3606729E-0002  -0.2189813E-0003  -0.4927046E-0003   0.1109429E-0004  -0.1439664E-0004
     2.52800  -0.5112662E-0003  -0.3768208E-0002  -0.2222558E-0003  -0.4093159E-0003   0.1088116E-0004  -0.2664192E-0004
     2.53600  -0.5427134E-0003  -0.3930895E-0002  -0.2248021E-0003  -0.3182924E-0003   0.1056192E-0004  -0.3990416E-0004
     2.54400  -0.5754690E-0003  -0.4094450E-0002  -0.2265613E-0003  -0.2198976E-0003   0.1012881E-0004  -0.5413917E-0004
     2.55200  -0.6095374E-0003  -0.4258552E-0002  -0.2274768E-0003  -0.1144400E-0003   0.9574480E-0005  -0.6929115E-0004
     2.56000  -0.6449207E-0003  -0.4422908E-0002  -0.2274950E-0003  -0.2265474E-0005   0.8892132E-0005  -0.8529344E-0004
     2.56800  -0.6816187E-0003  -0.4587256E-0002  -0.2265649E-0003   0.1162518E-0003   0.8075576E-0005  -0.1020695E-0003
     2.57600  -0.7196297E-0003  -0.4751371E-0002  -0.2246392E-0003   0.2407176E-0003   0.7119304E-0005  -0.1195340E-0003
     2.58400  -0.7589502E-0003  -0.4915066E-0002  -0.2216734E-0003   0.3707258E-0003   0.6018550E-0005  -0.1375943E-0003
     2.59200  -0.7995758E-0003  -0.5078201E-0002  -0.2176265E-0003   0.5058667E-0003   0.4769333E-0005  -0.1561521E-0003
     2.60000  -0.8415013E-0003  -0.5240679E-0002  -0.2124606E-0003   0.6457332E-0003   0.3368495E-0005  -0.1751047E-0003
     2.60800  -0.8847209E-0003  -0.5402451E-0002  -0.2061412E-0003   0.7899277E-0003   0.1813718E-0005  -0.1943470E-0003
     2.61600  -0.9292290E-0003  -0.5563515E-0002  -0.1986366E-0003   0.9380662E-0003   0.1035341E-0006  -0.2137730E-0003
     2.62400  -0.9750204E-0003  -0.5723918E-0002  -0.1899184E-0003   0.1089783E-0002  -0.1762689E-0005  -0.2332778E-0003
     2.63200  -0.1022090E-0002  -0.5883750E-0002  -0.1799605E-0003   0.1244732E-0002  -0.3784760E-0005  -0.2527590E-0003
     2.64000  -0.1070436E-0002  -0.6043146E-0002  -0.1687398E-0003   0.1402588E-0002  -0.5961705E-0005  -0.2721181E-0003
     2.64800  -0.1120054E-0002  -0.6202281E-0002  -0.1562354E-0003   0.1563049E-0002  -0.8291804E-0005  -0.2912624E-0003
     2.65600  -0.1170945E-0002  -0.6361365E-0002  -0.1424288E-0003   0.1725831E-0002  -0.1077265E-0004  -0.3101056E-0003
     2.66400  -0.1223110E-0002  -0.6520639E-0002  -0.1273034E-0003   0.1890669E-0002  -0.1340120E-0004  -0.3285693E-0003
     2.67200  -0.1276553E-0002  -0.6680369E-0002  -0.1108449E-0003   0.2057312E-0002  -0.1617387E-0004  -0.3465833E-0003
     2.68000  -0.1331279E-0002  -0.6840838E-0002  -0.9304075E-0004   0.2225521E-0002  -0.1908656E-0004  -0.3640864E-0003
     2.68800  -0.1387298E-0002  -0.7002346E-0002  -0.7388026E-0004   0.2395061E-0002  -0.2213477E-0004  -0.3810265E-0003
     2.69600  -0.1444620E-0002  -0.7165195E-0002  -0.5335465E-0004   0.2565701E-0002  -0.2531366E-0004  -0.3973606E-0003
     2.70400  -0.1503257E-0002  -0.7329688E-0002  -0.3145702E-0004   0.2737205E-0002  -0.2861810E-0004  -0.4130544E-0003
     2.71200  -0.1563226E-0002  -0.7496121E-0002  -0.8182382E-0005   0.2909329E-0002  -0.3204275E-0004  -0.4280822E-0003
     2.72000  -0.1624545E-0002  -0.7664776E-0002   0.1647217E-0004   0.3081818E-0002  -0.3558216E-0004  -0.4424256E-0003
     2.72800  -0.1687232E-0002  -0.7835919E-0002   0.4250737E-0004   0.3254400E-0002  -0.3923074E-0004  -0.4560731E-0003
     2.73600  -0.1751310E-0002  -0.8009789E-0002   0.6992162E-0004   0.3426781E-0002  -0.4298289E-0004  -0.4690187E-0003
     2.74400  -0.1816803E-0002  -0.8186600E-0002   0.9871079E-0004   0.3598647E-0002  -0.4683298E-0004  -0.4812612E-0003
     2.75200  -0.1883735E-0002  -0.8366537E-0002   0.1288681E-0003   0.3769659E-0002  -0.5077540E-0004  -0.4928025E-0003
     2.76000  -0.1952133E-0002  -0.8549748E-0002   0.1603837E-0003   0.3939453E-0002  -0.5480458E-0004  -0.5036470E-0003
     2.76800  -0.2022024E-0002  -0.8736353E-0002   0.1932448E-0003   0.4107642E-0002  -0.5891498E-0004  -0.5138002E-0003
     2.77600  -0.2093436E-0002  -0.8926434E-0002   0.2274354E-0003   0.4273815E-0002  -0.6310112E-0004  -0.5232676E-0003
     2.78400  -0.2166396E-0002  -0.9120044E-0002   0.2629357E-0003   0.4437542E-0002  -0.6735756E-0004  -0.5320542E-0003
     2.79200  -0.2240934E-0002  -0.9317201E-0002   0.2997227E-0003   0.4598377E-0002  -0.7167886E-0004  -0.5401636E-0003
     2.80000  -0.2317077E-0002  -0.9517899E-0002   0.3377696E-0003   0.4755863E-0002  -0.7605964E-0004  -0.5475974E-0003
     2.80800  -0.2394854E-0002  -0.9722107E-0002   0.3770459E-0003   0.4909538E-0002  -0.8049449E-0004  -0.5543554E-0003
     2.81600  -0.2474292E-0002  -0.9929772E-0002   0.4175175E-0003   0.5058942E-0002  -0.8497797E-0004  -0.5604354E-0003
     2.82400  -0.2555418E-0002  -0.1014083E-0001   0.4591465E-0003   0.5203623E-0002  -0.8950464E-0004  -0.5658333E-0003
     2.83200  -0.2638260E-0002  -0.1035519E-0001   0.5018916E-0003   0.5343145E-0002  -0.9406899E-0004  -0.5705442E-0003
     2.84000  -0.2722842E-0002  -0.1057277E-0001   0.5457084E-0003   0.5477096E-0002  -0.9866549E-0004  -0.5745627E-0003
     2.84800  -0.2809190E-0002  -0.1079349E-0001   0.5905492E-0003   0.5605099E-0002  -0.1032886E-0003  -0.5778843E-0003
     2.85600  -0.2897328E-0002  -0.1101725E-0001   0.6363637E-0003   0.5726814E-0002  -0.1079326E-0003  -0.5805065E-0003
     2.86400  -0.2987280E-0002  -0.1124397E-0001   0.6830993E-0003   0.5841949E-0002  -0.1125921E-0003  -0.5824301E-0003
     2.87200  -0.3079068E-0002  -0.1147358E-0001   0.7307014E-0003   0.5950268E-0002  -0.1172613E-0003  -0.5836610E-0003
     2.88000  -0.3172716E-0002  -0.1170599E-0001   0.7791142E-0003   0.6051591E-0002  -0.1219350E-0003  -0.5842115E-0003
     2.88800  -0.3268246E-0002  -0.1194115E-0001   0.8282806E-0003   0.6145809E-0002  -0.1266079E-0003  -0.5841017E-0003
     2.89600  -0.3365678E-0002  -0.1217902E-0001   0.8781436E-0003   0.6232876E-0002  -0.1312747E-0003  -0.5833613E-0003
     2.90400  -0.3465034E-0002  -0.1241954E-0001   0.9286462E-0003   0.6312821E-0002  -0.1359310E-0003  -0.5820305E-0003
     2.91200  -0.3566335E-0002  -0.1266267E-0001   0.9797322E-0003   0.6385746E-0002  -0.1405723E-0003  -0.5801616E-0003
     2.92000  -0.3669602E-0002  -0.1290837E-0001   0.1031347E-0002   0.6451826E-0002  -0.1451948E-0003  -0.5778192E-0003
     2.92800  -0.3774855E-0002  -0.1315660E-0001   0.1083437E-0002   0.6511306E-0002  -0.1497955E-0003  -0.5750810E-0003
     2.93600  -0.3882114E-0002  -0.1340730E-0001   0.1135953E-0002   0.6564502E-0002  -0.1543718E-0003  -0.5720378E-0003
     2.94400  -0.3991397E-0002  -0.1366041E-0001   0.1188848E-0002   0.6611794E-0002  -0.1589221E-0003  -0.5687930E-0003
     2.95200  -0.4102724E-0002  -0.1391583E-0001   0.1242077E-0002   0.6653622E-0002  -0.1634458E-0003  -0.5654621E-0003
     2.96000  -0.4216111E-0002  -0.1417344E-0001   0.1295600E-0002   0.6690477E-0002  -0.1679432E-0003  -0.5621710E-0003
     2.96800  -0.4331576E-0002  -0.1443308E-0001   0.1349384E-0002   0.6722896E-0002  -0.1724156E-0003  -0.5590544E-0003
     2.97600  -0.4449132E-0002  -0.1469456E-0001   0.1403395E-0002   0.6751451E-0002  -0.1768657E-0003  -0.5562536E-0003
     2.98400  -0.4568793E-0002  -0.1495764E-0001   0.1457609E-0002   0.6776742E-0002  -0.1812970E-0003  -0.5539139E-0003
     2.99200  -0.4690569E-0002  -0.1522200E-0001   0.1512004E-0002   0.6799381E-0002  -0.1857144E-0003  -0.5521815E-0003
     3.00000  -0.4814468E-0002  -0.1548731E-0001   0.1566564E-0002   0.6819985E-0002  -0.1901240E-0003  -0.5511999E-0003
     3.00800  -0.4940493E-0002  -0.1575313E-0001   0.1621277E-0002   0.6839165E-0002  -0.1945329E-0003  -0.5511069E-0003
     3.01600  -0.5068645E-0002  -0.1601899E-0001   0.1676137E-0002   0.6857510E-0002  -0.1989491E-0003  -0.5520304E-0003
     3.02400  -0.5198920E-0002  -0.1628434E-0001   0.1731142E-0002   0.6875580E-0002  -0.2033818E-0003  -0.5540851E-0003
     3.03200  -0.5331308E-0002  -0.1654858E-0001   0.1786293E-0002   0.6893891E-0002  -0.2078408E-0003  -0.5573685E-0003
     3.04000  -0.5465797E-0002  -0.1681103E-0001   0.1841597E-0002   0.6912907E-0002  -0.2123364E-0003  -0.5619574E-0003
     3.04800  -0.5602364E-0002  -0.1707097E-0001   0.1897061E-0002   0.6933031E-0002  -0.2168797E-0003  -0.5679052E-0003
     3.05600  -0.5740985E-0002  -0.1732762E-0001   0.1952698E-0002   0.6954594E-0002  -0.2214816E-0003  -0.5752384E-0003
     3.06400  -0.5881627E-0002  -0.1758017E-0001   0.2008520E-0002   0.6977852E-0002  -0.2261532E-0003  -0.5839547E-0003
     3.07200  -0.6024249E-0002  -0.1782776E-0001   0.2064544E-0002   0.7002976E-0002  -0.2309054E-0003  -0.5940212E-0003
     3.08000  -0.6168805E-0002  -0.1806950E-0001   0.2120785E-0002   0.7030055E-0002  -0.2357483E-0003  -0.6053727E-0003
     3.08800  -0.6315241E-0002  -0.1830450E-0001   0.2177257E-0002   0.7059094E-0002  -0.2406916E-0003  -0.6179117E-0003
     3.09600  -0.6463496E-0002  -0.1853186E-0001   0.2233977E-0002   0.7090010E-0002  -0.2457437E-0003  -0.6315080E-0003
     3.10400  -0.6613501E-0002  -0.1875069E-0001   0.2290959E-0002   0.7122644E-0002  -0.2509117E-0003  -0.6459997E-0003
     3.11200  -0.6765182E-0002  -0.1896010E-0001   0.2348213E-0002   0.7156760E-0002  -0.2562013E-0003  -0.6611942E-0003
     3.12000  -0.6918456E-0002  -0.1915925E-0001   0.2405749E-0002   0.7192053E-0002  -0.2616162E-0003  -0.6768705E-0003
     3.12800  -0.7073235E-0002  -0.1934734E-0001   0.2463574E-0002   0.7228162E-0002  -0.2671585E-0003  -0.6927814E-0003
     3.13600  -0.7229423E-0002  -0.1952359E-0001   0.2521692E-0002   0.7264673E-0002  -0.2728277E-0003  -0.7086563E-0003
     3.14400  -0.7386922E-0002  -0.1968732E-0001   0.2580101E-0002   0.7301136E-0002  -0.2786214E-0003  -0.7242046E-0003
     3.15200  -0.7545625E-0002  -0.1983789E-0001   0.2638797E-0002   0.7337067E-0002  -0.2845343E-0003  -0.7391193E-0003
     3.16000  -0.7705423E-0002  -0.1997473E-0001   0.2697773E-0002   0.7371966E-0002  -0.2905590E-0003  -0.7530806E-0003
     3.16800  -0.7866202E-0002  -0.2009734E-0001   0.2757016E-0002   0.7405321E-0002  -0.2966850E-0003  -0.7657595E-0003
     3.17600  -0.8027844E-0002  -0.2020531E-0001   0.2816509E-0002   0.7436615E-0002  -0.3028996E-0003  -0.7768224E-0003
     3.18400  -0.8190231E-0002  -0.2029830E-0001   0.2876231E-0002   0.7465337E-0002  -0.3091871E-0003  -0.7859338E-0003
     3.19200  -0.8353239E-0002  -0.2037603E-0001   0.2936159E-0002   0.7490981E-0002  -0.3155292E-0003  -0.7927609E-0003
     3.20000  -0.8516745E-0002  -0.2043831E-0001   0.2996264E-0002   0.7513052E-0002  -0.3219050E-0003  -0.7969761E-0003
     3.20800  -0.8680625E-0002  -0.2048499E-0001   0.3056512E-0002   0.7531065E-0002  -0.3282911E-0003  -0.7982610E-0003
     3.21600  -0.8844753E-0002  -0.2051599E-0001   0.3116868E-0002   0.7544546E-0002  -0.3346615E-0003  -0.7963085E-0003
     3.22400  -0.9009003E-0002  -0.2053127E-0001   0.3177293E-0002   0.7553028E-0002  -0.3409881E-0003  -0.7908258E-0003
     3.23200  -0.9173250E-0002  -0.2053083E-0001   0.3237741E-0002   0.7556052E-0002  -0.3472404E-0003  -0.7815361E-0003
     3.24000  -0.9337368E-0002  -0.2051469E-0001   0.3298166E-0002   0.7553159E-0002  -0.3533859E-0003  -0.7681811E-0003
     3.24800  -0.9501231E-0002  -0.2048289E-0001   0.3358518E-0002   0.7543889E-0002  -0.3593901E-0003  -0.7505216E-0003
     3.25600  -0.9664715E-0002  -0.2043548E-0001   0.3418740E-0002   0.7527781E-0002  -0.3652168E-0003  -0.7283395E-0003
     3.26400  -0.9827694E-0002  -0.2037247E-0001   0.3478775E-0002   0.7504370E-0002  -0.3708283E-0003  -0.7014377E-0003
     3.27200  -0.9990045E-0002  -0.2029387E-0001   0.3538560E-0002   0.7473186E-0002  -0.3761854E-0003  -0.6696416E-0003
     3.28000  -0.1015164E-0001  -0.2019965E-0001   0.3598030E-0002   0.7433757E-0002  -0.3812478E-0003  -0.6327986E-0003
     3.28800  -0.1031236E-0001  -0.2008971E-0001   0.3657115E-0002   0.7385615E-0002  -0.3859740E-0003  -0.5907786E-0003
     3.29600  -0.1047207E-0001  -0.1996392E-0001   0.3715742E-0002   0.7328299E-0002  -0.3903218E-0003  -0.5434736E-0003
     3.30400  -0.1063065E-0001  -0.1982205E-0001   0.3773833E-0002   0.7261365E-0002  -0.3942482E-0003  -0.4907975E-0003
     3.31200  -0.1078796E-0001  -0.1966380E-0001   0.3831308E-0002   0.7184393E-0002  -0.3977097E-0003  -0.4326857E-0003
     3.32000  -0.1094387E-0001  -0.1948878E-0001   0.3888084E-0002   0.7096997E-0002  -0.4006624E-0003  -0.3690946E-0003
     3.32800  -0.1109824E-0001  -0.1929649E-0001   0.3944074E-0002   0.6998839E-0002  -0.4030625E-0003  -0.3000010E-0003
     3.33600  -0.1125093E-0001  -0.1908632E-0001   0.3999191E-0002   0.6889634E-0002  -0.4048657E-0003  -0.2254016E-0003
     3.34400  -0.1140179E-0001  -0.1885755E-0001   0.4053345E-0002   0.6769162E-0002  -0.4060282E-0003  -0.1453123E-0003
     3.35200  -0.1155067E-0001  -0.1860932E-0001   0.4106443E-0002   0.6637277E-0002  -0.4065063E-0003  -0.5976822E-0004
     3.36000  -0.1169739E-0001  -0.1834065E-0001   0.4158394E-0002   0.6493915E-0002  -0.4062569E-0003   0.3117709E-0004
     3.36800  -0.1184179E-0001  -0.1805043E-0001   0.4209107E-0002   0.6339094E-0002  -0.4052373E-0003   0.1274517E-0003
     3.37600  -0.1198369E-0001  -0.1773739E-0001   0.4258490E-0002   0.6172919E-0002  -0.4034056E-0003   0.2289653E-0003
     3.38400  -0.1212289E-0001  -0.1740014E-0001   0.4306455E-0002   0.5995583E-0002  -0.4007207E-0003   0.3356093E-0003
     3.39200  -0.1225919E-0001  -0.1703712E-0001   0.4352914E-0002   0.5807365E-0002  -0.3971426E-0003   0.4472567E-0003
     3.40000  -0.1239236E-0001  -0.1664663E-0001   0.4397783E-0002   0.5608622E-0002  -0.3926325E-0003   0.5637614E-0003
     3.40800  -0.1252218E-0001  -0.1622681E-0001   0.4440981E-0002   0.5399789E-0002  -0.3871529E-0003   0.6849584E-0003
     3.41600  -0.1264838E-0001  -0.1577567E-0001   0.4482432E-0002   0.5181369E-0002  -0.3806676E-0003   0.8106628E-0003
     3.42400  -0.1277071E-0001  -0.1529103E-0001   0.4522064E-0002   0.4953929E-0002  -0.3731422E-0003   0.9406697E-0003
     3.43200  -0.1288888E-0001  -0.1477056E-0001   0.4559808E-0002   0.4718088E-0002  -0.3645442E-0003   0.1074754E-0002
     3.44000  -0.1300257E-0001  -0.1421178E-0001   0.4595604E-0002   0.4474514E-0002  -0.3548428E-0003   0.1212670E-0002
     3.44800  -0.1311147E-0001  -0.1361206E-0001   0.4629396E-0002   0.4223918E-0002  -0.3440096E-0003   0.1354151E-0002
     3.45600  -0.1321522E-0001  -0.1296859E-0001   0.4661132E-0002   0.3967044E-0002  -0.3320183E-0003   0.1498910E-0002
     3.46400  -0.1331344E-0001  -0.1227843E-0001   0.4690770E-0002   0.3704668E-0002  -0.3188452E-0003   0.1646643E-0002
     3.47200  -0.1340575E-0001  -0.1153848E-0001   0.4718270E-0002   0.3437591E-0002  -0.3044690E-0003   0.1797023E-0002
     3.48000  -0.1349172E-0001  -0.1074550E-0001   0.4743603E-0002   0.3166635E-0002  -0.2888713E-0003   0.1949710E-0002
     3.48800  -0.1357089E-0001  -0.9896131E-0002   0.4766744E-0002   0.2892633E-0002  -0.2720365E-0003   0.2104347E-0002
     3.49600  -0.1364278E-0001  -0.8986869E-0002   0.4787676E-0002   0.2616430E-0002  -0.2539520E-0003   0.2260566E-0002
     3.50400  -0.1370689E-0001  -0.8014127E-0002   0.4806387E-0002   0.2338866E-0002  -0.2346081E-0003   0.2417988E-0002
     3.51200  -0.1376269E-0001  -0.6974229E-0002   0.4822873E-0002   0.2060770E-0002  -0.2139983E-0003   0.2576227E-0002
     3.52000  -0.1380959E-0001  -0.5863442E-0002   0.4837136E-0002   0.1782944E-0002  -0.1921191E-0003   0.2734896E-0002
     3.52800  -0.1384702E-0001  -0.4678003E-0002   0.4849186E-0002   0.1506145E-0002  -0.1689703E-0003   0.2893604E-0002
     3.53600  -0.1387433E-0001  -0.3414160E-0002   0.4859034E-0002   0.1231070E-0002  -0.1445546E-0003   0.3051967E-0002
     3.54400  -0.1389088E-0001  -0.2068209E-0002   0.4866701E-0002   0.9583289E-0003  -0.1188777E-0003   0.3209604E-0002
     3.55200  -0.1389597E-0001  -0.6365400E-0003   0.4872208E-0002   0.6884261E-0003  -0.9194859E-0004   0.3366143E-0002
     3.56000  -0.1388890E-0001   0.8843026E-0003   0.4875582E-0002   0.4217342E-0003  -0.6377880E-0004   0.3521223E-0002
     3.56800  -0.1386891E-0001   0.2497566E-0002   0.4876850E-0002   0.1584727E-0003  -0.3438285E-0004   0.3674493E-0002
     3.57600  -0.1383527E-0001   0.4206224E-0002   0.4876039E-0002  -0.1013108E-0003  -0.3777958E-0005   0.3825612E-0002
     3.58400  -0.1378716E-0001   0.6012900E-0002   0.4873177E-0002  -0.3577560E-0003   0.2801603E-0004   0.3974248E-0002
     3.59200  -0.1372380E-0001   0.7919803E-0002   0.4868288E-0002  -0.6111980E-0003   0.6097666E-0004   0.4120078E-0002
     3.60000  -0.1364437E-0001   0.9928638E-0002   0.4861390E-0002  -0.8621679E-0003   0.9507888E-0004   0.4262778E-0002
     3.60800  -0.1354805E-0001   0.1204053E-0001   0.4852499E-0002  -0.1111384E-0002   0.1302951E-0003   0.4402025E-0002
     3.61600  -0.1343400E-0001   0.1425595E-0001   0.4841622E-0002  -0.1359732E-0002   0.1665950E-0003   0.4537486E-0002
     3.62400  -0.1330141E-0001   0.1657462E-0001   0.4828756E-0002  -0.1608236E-0002   0.2039455E-0003   0.4668813E-0002
     3.63200  -0.1314944E-0001   0.1899542E-0001   0.4813891E-0002  -0.1858021E-0002   0.2423106E-0003   0.4795633E-0002
     3.64000  -0.1297731E-0001   0.2151637E-0001   0.4797009E-0002  -0.2110256E-0002   0.2816509E-0003   0.4917544E-0002
     3.64800  -0.1278424E-0001   0.2413449E-0001   0.4778081E-0002  -0.2366108E-0002   0.3219237E-0003   0.5034102E-0002
     3.65600  -0.1256947E-0001   0.2684575E-0001   0.4757067E-0002  -0.2626668E-0002   0.3630822E-0003   0.5144814E-0002
     3.66400  -0.1233231E-0001   0.2964507E-0001   0.4733924E-0002  -0.2892895E-0002   0.4050753E-0003   0.5249133E-0002
     3.67200  -0.1207210E-0001   0.3252620E-0001   0.4708600E-0002  -0.3165547E-0002   0.4478469E-0003   0.5346450E-0002
     3.68000  -0.1178825E-0001   0.3548173E-0001   0.4681039E-0002  -0.3445120E-0002   0.4913356E-0003   0.5436086E-0002
     3.68800  -0.1148022E-0001   0.3850306E-0001   0.4651184E-0002  -0.3731801E-0002   0.5354740E-0003   0.5517295E-0002
     3.69600  -0.1114758E-0001   0.4158037E-0001   0.4618981E-0002  -0.4025424E-0002   0.5801880E-0003   0.5589258E-0002
     3.70400  -0.1078996E-0001   0.4470269E-0001   0.4584377E-0002  -0.4325447E-0002   0.6253967E-0003   0.5651086E-0002
     3.71200  -0.1040709E-0001   0.4785785E-0001   0.4547330E-0002  -0.4630940E-0002   0.6710113E-0003   0.5701824E-0002
     3.72000  -0.9998832E-0002   0.5103260E-0001   0.4507805E-0002  -0.4940600E-0002   0.7169350E-0003   0.5740459E-0002
     3.72800  -0.9565132E-0002   0.5421261E-0001   0.4465783E-0002  -0.5252781E-0002   0.7630624E-0003   0.5765929E-0002
     3.73600  -0.9106071E-0002   0.5738257E-0001   0.4421258E-0002  -0.5565539E-0002   0.8092795E-0003   0.5777131E-0002
     3.74400  -0.8621860E-0002   0.6052632E-0001   0.4374245E-0002  -0.5876704E-0002   0.8554630E-0003   0.5772945E-0002
     3.75200  -0.8112845E-0002   0.6362692E-0001   0.4324773E-0002  -0.6183962E-0002   0.9014809E-0003   0.5752239E-0002
     3.76000  -0.7579511E-0002   0.6666680E-0001   0.4272894E-0002  -0.6484942E-0002   0.9471921E-0003   0.5713898E-0002
     3.76800  -0.7022487E-0002   0.6962792E-0001   0.4218675E-0002  -0.6777324E-0002   0.9924469E-0003   0.5656840E-0002
     3.77600  -0.6442552E-0002   0.7249192E-0001   0.4162203E-0002  -0.7058935E-0002   0.1037087E-0002   0.5580034E-0002
     3.78400  -0.5840629E-0002   0.7524032E-0001   0.4103581E-0002  -0.7327845E-0002   0.1080947E-0002   0.5482527E-0002
     3.79200  -0.5217792E-0002   0.7785469E-0001   0.4042921E-0002  -0.7582460E-0002   0.1123855E-0002   0.5363464E-0002
     3.80000  -0.4575257E-0002   0.8031686E-0001   0.3980348E-0002  -0.7821589E-0002   0.1165632E-0002   0.5222105E-0002
     3.80800  -0.3914384E-0002   0.8260913E-0001   0.3915992E-0002  -0.8044499E-0002   0.1206095E-0002   0.5057851E-0002
     3.81600  -0.3236667E-0002   0.8471451E-0001   0.3849985E-0002  -0.8250948E-0002   0.1245057E-0002   0.4870255E-0002
     3.82400  -0.2543732E-0002   0.8661691E-0001   0.3782455E-0002  -0.8441185E-0002   0.1282329E-0002   0.4659045E-0002
     3.83200  -0.1837321E-0002   0.8830136E-0001   0.3713528E-0002  -0.8615933E-0002   0.1317722E-0002   0.4424130E-0002
     3.84000  -0.1119287E-0002   0.8975428E-0001   0.3643317E-0002  -0.8776340E-0002   0.1351047E-0002   0.4165619E-0002
     3.84800  -0.3915780E-0003   0.9096361E-0001   0.3571926E-0002  -0.8923911E-0002   0.1382118E-0002   0.3883819E-0002
     3.85600   0.3437749E-0003   0.9191911E-0001   0.3499442E-0002  -0.9060413E-0002   0.1410752E-0002   0.3579248E-0002
     3.86400   0.1084675E-0002   0.9261248E-0001   0.3425940E-0002  -0.9187776E-0002   0.1436773E-0002   0.3252632E-0002
     3.87200   0.1828975E-0002   0.9303756E-0001   0.3351476E-0002  -0.9307970E-0002   0.1460012E-0002   0.2904903E-0002
     3.88000   0.2574499E-0002   0.9319050E-0001   0.3276093E-0002  -0.9422899E-0002   0.1480309E-0002   0.2537194E-0002
     3.88800   0.3319058E-0002   0.9306988E-0001   0.3199819E-0002  -0.9534275E-0002   0.1497516E-0002   0.2150831E-0002
     3.89600   0.4060473E-0002   0.9267680E-0001   0.3122671E-0002  -0.9643526E-0002   0.1511495E-0002   0.1747322E-0002
     3.90400   0.4796593E-0002   0.9201502E-0001   0.3044657E-0002  -0.9751708E-0002   0.1522121E-0002   0.1328346E-0002
     3.91200   0.5525321E-0002   0.9109092E-0001   0.2965782E-0002  -0.9859438E-0002   0.1529287E-0002   0.8957289E-0003
     3.92000   0.6244629E-0002   0.8991360E-0001   0.2886047E-0002  -0.9966865E-0002   0.1532899E-0002   0.4514355E-0003
     3.92800   0.6952587E-0002   0.8849476E-0001   0.2805458E-0002  -0.1007366E-0001   0.1532879E-0002  -0.2457587E-0005
     3.93600   0.7647377E-0002   0.8684875E-0001   0.2724025E-0002  -0.1017903E-0001   0.1529169E-0002  -0.4637801E-0003
     3.94400   0.8327316E-0002   0.8499235E-0001   0.2641771E-0002  -0.1028180E-0001   0.1521727E-0002  -0.9302914E-0003
     3.95200   0.8990874E-0002   0.8294475E-0001   0.2558727E-0002  -0.1038043E-0001   0.1510529E-0002  -0.1399704E-0002
     3.96000   0.9636693E-0002   0.8072727E-0001   0.2474942E-0002  -0.1047320E-0001   0.1495571E-0002  -0.1869707E-0002
     3.96800   0.1026360E-0001   0.7836321E-0001   0.2390476E-0002  -0.1055823E-0001   0.1476867E-0002  -0.2337990E-0002
     3.97600   0.1087062E-0001   0.7587758E-0001   0.2305406E-0002  -0.1063369E-0001   0.1454449E-0002  -0.2802269E-0002
     3.98400   0.1145699E-0001   0.7329682E-0001   0.2219824E-0002  -0.1069784E-0001   0.1428367E-0002  -0.3260310E-0002
     3.99200   0.1202218E-0001   0.7064849E-0001   0.2133830E-0002  -0.1074923E-0001   0.1398687E-0002  -0.3709950E-0002
     4.00000   0.1256587E-0001   0.6796091E-0001   0.2047536E-0002  -0.1078674E-0001   0.1365494E-0002  -0.4149124E-0002
     4.00800   0.1308797E-0001   0.6526287E-0001   0.1961058E-0002  -0.1080970E-0001   0.1328887E-0002  -0.4575883E-0002
     4.01600   0.1358864E-0001   0.6258318E-0001   0.1874515E-0002  -0.1081792E-0001   0.1288980E-0002  -0.4988418E-0002
     4.02400   0.1406824E-0001   0.5995032E-0001   0.1788021E-0002  -0.1081175E-0001   0.1245899E-0002  -0.5385078E-0002
     4.03200   0.1452738E-0001   0.5739206E-0001   0.1701684E-0002  -0.1079207E-0001   0.1199784E-0002  -0.5764386E-0002
     4.04000   0.1496686E-0001   0.5493505E-0001   0.1615603E-0002  -0.1076022E-0001   0.1150784E-0002  -0.6125054E-0002
     4.04800   0.1538769E-0001   0.5260446E-0001   0.1529859E-0002  -0.1071799E-0001   0.1099056E-0002  -0.6466001E-0002
     4.05600   0.1579108E-0001   0.5042358E-0001   0.1444519E-0002  -0.1066750E-0001   0.1044765E-0002  -0.6786358E-0002
     4.06400   0.1617839E-0001   0.4841351E-0001   0.1359630E-0002  -0.1061107E-0001   0.9880808E-0003  -0.7085481E-0002
     4.07200   0.1655113E-0001   0.4659283E-0001   0.1275221E-0002  -0.1055117E-0001   0.9291772E-0003  -0.7362952E-0002
     4.08000   0.1691095E-0001   0.4497728E-0001   0.1191299E-0002  -0.1049019E-0001   0.8682285E-0003  -0.7618584E-0002
     4.08800   0.1725959E-0001   0.4357954E-0001   0.1107856E-0002  -0.1043041E-0001   0.8054092E-0003  -0.7852421E-0002
     4.09600   0.1759886E-0001   0.4240900E-0001   0.1024866E-0002  -0.1037379E-0001   0.7408913E-0003  -0.8064732E-0002
     4.10400   0.1793063E-0001   0.4147162E-0001   0.9422900E-0003  -0.1032195E-0001   0.6748433E-0003  -0.8256004E-0002
     4.11200   0.1825679E-0001   0.4076977E-0001   0.8600819E-0003  -0.1027602E-0001   0.6074278E-0003  -0.8426936E-0002
     4.12000   0.1857921E-0001   0.4030222E-0001   0.7781889E-0003  -0.1023663E-0001   0.5388004E-0003  -0.8578422E-0002
     4.12800   0.1889972E-0001   0.4006411E-0001   0.6965578E-0003  -0.1020388E-0001   0.4691081E-0003  -0.8711534E-0002
     4.13600   0.1922010E-0001   0.4004699E-0001   0.6151390E-0003  -0.1017735E-0001   0.3984881E-0003  -0.8827508E-0002
     4.14400   0.1954201E-0001   0.4023898E-0001   0.5338901E-0003  -0.1015612E-0001   0.3270663E-0003  -0.8927721E-0002
     4.15200   0.1986701E-0001   0.4062486E-0001   0.4527792E-0003  -0.1013885E-0001   0.2549570E-0003  -0.9013665E-0002
     4.16000   0.2019650E-0001   0.4118635E-0001   0.3717880E-0003  -0.1012391E-0001   0.1822616E-0003  -0.9086925E-0002
     4.16800   0.2053172E-0001   0.4190237E-0001   0.2909127E-0003  -0.1010941E-0001   0.1090683E-0003  -0.9149153E-0002
     4.17600   0.2087371E-0001   0.4274936E-0001   0.2101655E-0003  -0.1009340E-0001   0.3545202E-0004  -0.9202039E-0002
     4.18400   0.2122332E-0001   0.4370162E-0001   0.1295740E-0003  -0.1007395E-0001  -0.3852624E-0004  -0.9247282E-0002
     4.19200   0.2158118E-0001   0.4473176E-0001   0.4917980E-0004  -0.1004927E-0001  -0.1128188E-0003  -0.9286565E-0002
     4.20000   0.2194767E-0001   0.4581110E-0001  -0.3096300E-0004  -0.1001785E-0001  -0.1873909E-0003  -0.9321523E-0002
     4.20800   0.2232295E-0001   0.4691014E-0001  -0.1107911E-0003  -0.9978517E-0002  -0.2622207E-0003  -0.9353720E-0002
     4.21600   0.2270694E-0001   0.4799907E-0001  -0.1902353E-0003  -0.9930521E-0002  -0.3372977E-0003  -0.9384622E-0002
     4.22400   0.2309933E-0001   0.4904820E-0001  -0.2692239E-0003  -0.9873574E-0002  -0.4126223E-0003  -0.9415571E-0002
     4.23200   0.2349956E-0001   0.5002850E-0001  -0.3476868E-0003  -0.9807859E-0002  -0.4882044E-0003  -0.9447766E-0002
     4.24000   0.2390685E-0001   0.5091206E-0001  -0.4255589E-0003  -0.9734018E-0002  -0.5640623E-0003  -0.9482244E-0002
     4.24800   0.2432023E-0001   0.5167253E-0001  -0.5027838E-0003  -0.9653105E-0002  -0.6402212E-0003  -0.9519861E-0002
     4.25600   0.2473852E-0001   0.5228563E-0001  -0.5793160E-0003  -0.9566523E-0002  -0.7167115E-0003  -0.9561284E-0002
     4.26400   0.2516035E-0001   0.5272948E-0001  -0.6551234E-0003  -0.9475933E-0002  -0.7935673E-0003  -0.9606977E-0002
     4.27200   0.2558423E-0001   0.5298500E-0001  -0.7301887E-0003  -0.9383156E-0002  -0.8708250E-0003  -0.9657201E-0002
     4.28000   0.2600852E-0001   0.5303625E-0001  -0.8045092E-0003  -0.9290061E-0002  -0.9485210E-0003  -0.9712011E-0002
     4.28800   0.2643149E-0001   0.5287065E-0001  -0.8780969E-0003  -0.9198465E-0002  -0.1026691E-0002  -0.9771258E-0002
     4.29600   0.2685132E-0001   0.5247922E-0001  -0.9509771E-0003  -0.9110020E-0002  -0.1105368E-0002  -0.9834597E-0002
     4.30400   0.2726618E-0001   0.5185671E-0001  -0.1023186E-0002  -0.9026133E-0002  -0.1184580E-0002  -0.9901499E-0002
     4.31200   0.2767419E-0001   0.5100169E-0001  -0.1094769E-0002  -0.8947886E-0002  -0.1264350E-0002  -0.9971266E-0002
     4.32000   0.2807352E-0001   0.4991652E-0001  -0.1165777E-0002  -0.8875988E-0002  -0.1344694E-0002  -0.1004305E-0001
     4.32800   0.2846238E-0001   0.4860737E-0001  -0.1236263E-0002  -0.8810745E-0002  -0.1425621E-0002  -0.1011587E-0001
     4.33600   0.2883905E-0001   0.4708400E-0001  -0.1306280E-0002  -0.8752056E-0002  -0.1507130E-0002  -0.1018863E-0001
     4.34400   0.2920193E-0001   0.4535967E-0001  -0.1375875E-0002  -0.8699435E-0002  -0.1589212E-0002  -0.1026019E-0001
     4.35200   0.2954954E-0001   0.4345078E-0001  -0.1445091E-0002  -0.8652052E-0002  -0.1671846E-0002  -0.1032931E-0001
     4.36000   0.2988055E-0001   0.4137667E-0001  -0.1513962E-0002  -0.8608790E-0002  -0.1755004E-0002  -0.1039475E-0001
     4.36800   0.3019382E-0001   0.3915917E-0001  -0.1582508E-0002  -0.8568324E-0002  -0.1838647E-0002  -0.1045529E-0001
     4.37600   0.3048840E-0001   0.3682225E-0001  -0.1650742E-0002  -0.8529203E-0002  -0.1922724E-0002  -0.1050970E-0001
     4.38400   0.3076353E-0001   0.3439157E-0001  -0.1718661E-0002  -0.8489936E-0002  -0.2007179E-0002  -0.1055683E-0001
     4.39200   0.3101869E-0001   0.3189399E-0001  -0.1786254E-0002  -0.8449079E-0002  -0.2091944E-0002  -0.1059563E-0001
     4.40000   0.3125354E-0001   0.2935709E-0001  -0.1853497E-0002  -0.8405311E-0002  -0.2176945E-0002  -0.1062512E-0001
     4.40800   0.3146801E-0001   0.2680866E-0001  -0.1920357E-0002  -0.8357507E-0002  -0.2262101E-0002  -0.1064446E-0001
     4.41600   0.3166222E-0001   0.2427623E-0001  -0.1986795E-0002  -0.8304783E-0002  -0.2347324E-0002  -0.1065295E-0001
     4.42400   0.3183651E-0001   0.2178655E-0001  -0.2052767E-0002  -0.8246538E-0002  -0.2432525E-0002  -0.1065004E-0001
     4.43200   0.3199143E-0001   0.1936509E-0001  -0.2118227E-0002  -0.8182471E-0002  -0.2517607E-0002  -0.1063531E-0001
     4.44000   0.3212772E-0001   0.1703565E-0001  -0.2183128E-0002  -0.8112574E-0002  -0.2602475E-0002  -0.1060855E-0001
     4.44800   0.3224628E-0001   0.1481991E-0001  -0.2247425E-0002  -0.8037120E-0002  -0.2687033E-0002  -0.1056967E-0001
     4.45600   0.3234818E-0001   0.1273707E-0001  -0.2311078E-0002  -0.7956625E-0002  -0.2771183E-0002  -0.1051877E-0001
     4.46400   0.3243460E-0001   0.1080355E-0001  -0.2374052E-0002  -0.7871804E-0002  -0.2854832E-0002  -0.1045609E-0001
     4.47200   0.3250687E-0001   0.9032694E-0002  -0.2436320E-0002  -0.7783511E-0002  -0.2937888E-0002  -0.1038199E-0001
     4.48000   0.3256634E-0001   0.7434622E-0002  -0.2497862E-0002  -0.7692684E-0002  -0.3020264E-0002  -0.1029700E-0001
     4.48800   0.3261447E-0001   0.6016067E-0002  -0.2558664E-0002  -0.7600277E-0002  -0.3101878E-0002  -0.1020173E-0001
     4.49600   0.3265271E-0001   0.4780332E-0002  -0.2618721E-0002  -0.7507206E-0002  -0.3182653E-0002  -0.1009689E-0001
     4.50400   0.3268253E-0001   0.3727291E-0002  -0.2678036E-0002  -0.7414290E-0002  -0.3262519E-0002  -0.9983286E-0002
     4.51200   0.3270536E-0001   0.2853477E-0002  -0.2736613E-0002  -0.7322206E-0002  -0.3341413E-0002  -0.9861759E-0002
     4.52000   0.3272258E-0001   0.2152227E-0002  -0.2794465E-0002  -0.7231457E-0002  -0.3419279E-0002  -0.9733198E-0002
     4.52800   0.3273549E-0001   0.1613891E-0002  -0.2851604E-0002  -0.7142344E-0002  -0.3496067E-0002  -0.9598508E-0002
     4.53600   0.3274530E-0001   0.1226111E-0002  -0.2908044E-0002  -0.7054958E-0002  -0.3571735E-0002  -0.9458590E-0002
     4.54400   0.3275309E-0001   0.9741429E-0003  -0.2963797E-0002  -0.6969174E-0002  -0.3646250E-0002  -0.9314326E-0002
     4.55200   0.3275982E-0001   0.8412285E-0003  -0.3018874E-0002  -0.6884668E-0002  -0.3719583E-0002  -0.9166564E-0002
     4.56000   0.3276629E-0001   0.8090097E-0003  -0.3073282E-0002  -0.6800934E-0002  -0.3791711E-0002  -0.9016095E-0002
     4.56800   0.3277316E-0001   0.8579670E-0003  -0.3127020E-0002  -0.6717307E-0002  -0.3862621E-0002  -0.8863649E-0002
     4.57600   0.3278090E-0001   0.9678795E-0003  -0.3180084E-0002  -0.6632997E-0002  -0.3932300E-0002  -0.8709878E-0002
     4.58400   0.3278985E-0001   0.1118294E-0002  -0.3232461E-0002  -0.6547124E-0002  -0.4000742E-0002  -0.8555348E-0002
     4.59200   0.3280016E-0001   0.1288991E-0002  -0.3284131E-0002  -0.6458749E-0002  -0.4067947E-0002  -0.8400537E-0002
     4.60000   0.3281184E-0001   0.1460445E-0002  -0.3335066E-0002  -0.6366906E-0002  -0.4133913E-0002  -0.8245824E-0002
     4.60800   0.3282475E-0001   0.1614251E-0002  -0.3385231E-0002  -0.6270634E-0002  -0.4198645E-0002  -0.8091491E-0002
     4.61600   0.3283862E-0001   0.1733535E-0002  -0.3434583E-0002  -0.6168999E-0002  -0.4262147E-0002  -0.7937726E-0002
     4.62400   0.3285305E-0001   0.1803308E-0002  -0.3483072E-0002  -0.6061116E-0002  -0.4324424E-0002  -0.7784620E-0002
     4.63200   0.3286754E-0001   0.1810782E-0002  -0.3530642E-0002  -0.5946165E-0002  -0.4385481E-0002  -0.7632178E-0002
     4.64000   0.3288150E-0001   0.1745629E-0002  -0.3577229E-0002  -0.5823397E-0002  -0.4445324E-0002  -0.7480321E-0002
     4.64800   0.3289430E-0001   0.1600173E-0002  -0.3622766E-0002  -0.5692144E-0002  -0.4503955E-0002  -0.7328900E-0002
     4.65600   0.3290526E-0001   0.1369522E-0002  -0.3667181E-0002  -0.5551821E-0002  -0.4561377E-0002  -0.7177701E-0002
     4.66400   0.3291367E-0001   0.1051633E-0002  -0.3710396E-0002  -0.5401924E-0002  -0.4617588E-0002  -0.7026460E-0002
     4.67200   0.3291885E-0001   0.6472996E-0003  -0.3752332E-0002  -0.5242032E-0002  -0.4672587E-0002  -0.6874874E-0002
     4.68000   0.3292013E-0001   0.1600857E-0003  -0.3792907E-0002  -0.5071802E-0002  -0.4726368E-0002  -0.6722616E-0002
     4.68800   0.3291690E-0001  -0.4038213E-0003  -0.3832034E-0002  -0.4890974E-0002  -0.4778923E-0002  -0.6569345E-0002
     4.69600   0.3290861E-0001  -0.1035810E-0002  -0.3869629E-0002  -0.4699364E-0002  -0.4830241E-0002  -0.6414724E-0002
     4.70400   0.3289481E-0001  -0.1725104E-0002  -0.3905604E-0002  -0.4496873E-0002  -0.4880308E-0002  -0.6258428E-0002
     4.71200   0.3287514E-0001  -0.2459073E-0002  -0.3939872E-0002  -0.4283490E-0002  -0.4929110E-0002  -0.6100161E-0002
     4.72000   0.3284935E-0001  -0.3223582E-0002  -0.3972347E-0002  -0.4059296E-0002  -0.4976627E-0002  -0.5939664E-0002
     4.72800   0.3281732E-0001  -0.4003377E-0002  -0.4002942E-0002  -0.3824473E-0002  -0.5022841E-0002  -0.5776725E-0002
     4.73600   0.3277906E-0001  -0.4782494E-0002  -0.4031577E-0002  -0.3579315E-0002  -0.5067730E-0002  -0.5611188E-0002
     4.74400   0.3273471E-0001  -0.5544678E-0002  -0.4058171E-0002  -0.3324237E-0002  -0.5111274E-0002  -0.5442956E-0002
     4.75200   0.3268452E-0001  -0.6273813E-0002  -0.4082649E-0002  -0.3059784E-0002  -0.5153450E-0002  -0.5271998E-0002
     4.76000   0.3262888E-0001  -0.6954337E-0002  -0.4104942E-0002  -0.2786640E-0002  -0.5194237E-0002  -0.5098348E-0002
     4.76800   0.3256831E-0001  -0.7571641E-0002  -0.4124987E-0002  -0.2505633E-0002  -0.5233614E-0002  -0.4922103E-0002
     4.77600   0.3250341E-0001  -0.8112445E-0002  -0.4142729E-0002  -0.2217742E-0002  -0.5271561E-0002  -0.4743420E-0002
     4.78400   0.3243489E-0001  -0.8565134E-0002  -0.4158122E-0002  -0.1924096E-0002  -0.5308061E-0002  -0.4562512E-0002
     4.79200   0.3236353E-0001  -0.8920048E-0002  -0.4171130E-0002  -0.1625973E-0002  -0.5343098E-0002  -0.4379635E-0002
     4.80000   0.3229017E-0001  -0.9169724E-0002  -0.4181728E-0002  -0.1324791E-0002  -0.5376659E-0002  -0.4195082E-0002
     4.80800   0.3221570E-0001  -0.9309083E-0002  -0.4189905E-0002  -0.1022100E-0002  -0.5408732E-0002  -0.4009169E-0002
     4.81600   0.3214101E-0001  -0.9335546E-0002  -0.4195661E-0002  -0.7195661E-0003  -0.5439310E-0002  -0.3822225E-0002
     4.82400   0.3206702E-0001  -0.9249094E-0002  -0.4199013E-0002  -0.4189492E-0003  -0.5468386E-0002  -0.3634572E-0002
     4.83200   0.3199460E-0001  -0.9052263E-0002  -0.4199990E-0002  -0.1220834E-0003  -0.5495959E-0002  -0.3446517E-0002
     4.84000   0.3192460E-0001  -0.8750070E-0002  -0.4198637E-0002   0.1691528E-0003  -0.5522025E-0002  -0.3258338E-0002
     4.84800   0.3185780E-0001  -0.8349877E-0002  -0.4195014E-0002   0.4528675E-0003  -0.5546587E-0002  -0.3070264E-0002
     4.85600   0.3179491E-0001  -0.7861201E-0002  -0.4189196E-0002   0.7271891E-0003  -0.5569647E-0002  -0.2882472E-0002
     4.86400   0.3173655E-0001  -0.7295465E-0002  -0.4181274E-0002   0.9903038E-0003  -0.5591208E-0002  -0.2695068E-0002
     4.87200   0.3168322E-0001  -0.6665708E-0002  -0.4171350E-0002   0.1240493E-0002  -0.5611272E-0002  -0.2508084E-0002
     4.88000   0.3163533E-0001  -0.5986250E-0002  -0.4159540E-0002   0.1476175E-0002  -0.5629844E-0002  -0.2321466E-0002
     4.88800   0.3159315E-0001  -0.5272332E-0002  -0.4145973E-0002   0.1695940E-0002  -0.5646925E-0002  -0.2135071E-0002
     4.89600   0.3155684E-0001  -0.4539734E-0002  -0.4130784E-0002   0.1898593E-0002  -0.5662514E-0002  -0.1948666E-0002
     4.90400   0.3152640E-0001  -0.3804382E-0002  -0.4114119E-0002   0.2083183E-0002  -0.5676609E-0002  -0.1761926E-0002
     4.91200   0.3150175E-0001  -0.3081959E-0002  -0.4096126E-0002   0.2249040E-0002  -0.5689205E-0002  -0.1574435E-0002
     4.92000   0.3148265E-0001  -0.2387518E-0002  -0.4076960E-0002   0.2395793E-0002  -0.5700290E-0002  -0.1385693E-0002
     4.92800   0.3146877E-0001  -0.1735129E-0002  -0.4056773E-0002   0.2523395E-0002  -0.5709851E-0002  -0.1195118E-0002
     4.93600   0.3145966E-0001  -0.1137538E-0002  -0.4035716E-0002   0.2632125E-0002  -0.5717868E-0002  -0.1002058E-0002
     4.94400   0.3145482E-0001  -0.6058817E-0003  -0.4013935E-0002   0.2722592E-0002  -0.5724314E-0002  -0.8058000E-0003
     4.95200   0.3145362E-0001  -0.1494371E-0003  -0.3991569E-0002   0.2795721E-0002  -0.5729159E-0002  -0.6055776E-0003
     4.96000   0.3145542E-0001   0.2245758E-0003  -0.3968747E-0002   0.2852732E-0002  -0.5732364E-0002  -0.4005854E-0003
     4.96800   0.3145951E-0001   0.5111321E-0003  -0.3945587E-0002   0.2895101E-0002  -0.5733884E-0002  -0.1899905E-0003
     4.97600   0.3146517E-0001   0.7074838E-0003  -0.3922190E-0002   0.2924523E-0002  -0.5733667E-0002   0.2705485E-0004
     4.98400   0.3147167E-0001   0.8131794E-0003  -0.3898648E-0002   0.2942850E-0002  -0.5731656E-0002   0.2514004E-0003
     4.99200   0.3147831E-0001   0.8300247E-0003  -0.3875031E-0002   0.2952033E-0002  -0.5727785E-0002   0.4838850E-0003
     5.00000   0.3148441E-0001   0.7619839E-0003  -0.3851399E-0002   0.2954055E-0002  -0.5721982E-0002   0.7253241E-0003
     5.00800   0.3148933E-0001   0.6150279E-0003  -0.3827792E-0002   0.2950860E-0002  -0.5714170E-0002   0.9764975E-0003
     5.01600   0.3149250E-0001   0.3969311E-0003  -0.3804238E-0002   0.2944287E-0002  -0.5704265E-0002   0.1238138E-0002
     5.02400   0.3149344E-0001   0.1170262E-0003  -0.3780750E-0002   0.2936002E-0002  -0.5692178E-0002   0.1510918E-0002
     5.03200   0.3149173E-0001  -0.2140781E-0003  -0.3757330E-0002   0.2927450E-0002  -0.5677814E-0002   0.1795443E-0002
     5.04000   0.3148705E-0001  -0.5848068E-0003  -0.3733972E-0002   0.2919804E-0002  -0.5661076E-0002   0.2092239E-0002
     5.04800   0.3147919E-0001  -0.9829479E-0003  -0.3710660E-0002   0.2913937E-0002  -0.5641862E-0002   0.2401741E-0002
     5.05600   0.3146802E-0001  -0.1395992E-0002  -0.3687377E-0002   0.2910413E-0002  -0.5620068E-0002   0.2724289E-0002
     5.06400   0.3145353E-0001  -0.1811472E-0002  -0.3664101E-0002   0.2909484E-0002  -0.5595587E-0002   0.3060117E-0002
     5.07200   0.3143579E-0001  -0.2217299E-0002  -0.3640812E-0002   0.2911118E-0002  -0.5568312E-0002   0.3409348E-0002
     5.08000   0.3141497E-0001  -0.2602074E-0002  -0.3617492E-0002   0.2915034E-0002  -0.5538136E-0002   0.3771986E-0002
     5.08800   0.3139133E-0001  -0.2955386E-0002  -0.3594126E-0002   0.2920759E-0002  -0.5504953E-0002   0.4147912E-0002
     5.09600   0.3136518E-0001  -0.3268069E-0002  -0.3570704E-0002   0.2927689E-0002  -0.5468658E-0002   0.4536880E-0002
     5.10400   0.3133692E-0001  -0.3532429E-0002  -0.3547223E-0002   0.2935167E-0002  -0.5429150E-0002   0.4938511E-0002
     5.11200   0.3130699E-0001  -0.3742427E-0002  -0.3523682E-0002   0.2942557E-0002  -0.5386332E-0002   0.5352297E-0002
     5.12000   0.3127583E-0001  -0.3893813E-0002  -0.3500088E-0002   0.2949319E-0002  -0.5340111E-0002   0.5777595E-0002
     5.12800   0.3124396E-0001  -0.3984217E-0002  -0.3476447E-0002   0.2955075E-0002  -0.5290402E-0002   0.6213629E-0002
     5.13600   0.3121186E-0001  -0.4013186E-0002  -0.3452770E-0002   0.2959667E-0002  -0.5237126E-0002   0.6659494E-0002
     5.14400   0.3118000E-0001  -0.3982174E-0002  -0.3429064E-0002   0.2963193E-0002  -0.5180213E-0002   0.7114155E-0002
     5.15200   0.3114884E-0001  -0.3894483E-0002  -0.3405336E-0002   0.2966029E-0002  -0.5119601E-0002   0.7576457E-0002
     5.16000   0.3111880E-0001  -0.3755156E-0002  -0.3381585E-0002   0.2968823E-0002  -0.5055240E-0002   0.8045122E-0002
     5.16800   0.3109023E-0001  -0.3570833E-0002  -0.3357806E-0002   0.2972475E-0002  -0.4987090E-0002   0.8518765E-0002
     5.17600   0.3106344E-0001  -0.3349562E-0002  -0.3333981E-0002   0.2978089E-0002  -0.4915123E-0002   0.8995890E-0002
     5.18400   0.3103863E-0001  -0.3100579E-0002  -0.3310086E-0002   0.2986904E-0002  -0.4839324E-0002   0.9474907E-0002
     5.19200   0.3101596E-0001  -0.2834066E-0002  -0.3286084E-0002   0.3000222E-0002  -0.4759690E-0002   0.9954130E-0002
     5.20000   0.3099547E-0001  -0.2560877E-0002  -0.3261929E-0002   0.3019310E-0002  -0.4676236E-0002   0.1043179E-0001
     5.20800   0.3097714E-0001  -0.2292261E-0002  -0.3237567E-0002   0.3045309E-0002  -0.4588988E-0002   0.1090605E-0001
     5.21600   0.3096082E-0001  -0.2039575E-0002  -0.3212934E-0002   0.3079141E-0002  -0.4497988E-0002   0.1137498E-0001
     5.22400   0.3094631E-0001  -0.1813990E-0002  -0.3187962E-0002   0.3121428E-0002  -0.4403295E-0002   0.1183661E-0001
     5.23200   0.3093330E-0001  -0.1626212E-0002  -0.3162583E-0002   0.3172417E-0002  -0.4304984E-0002   0.1228889E-0001
     5.24000   0.3092141E-0001  -0.1486219E-0002  -0.3136728E-0002   0.3231937E-0002  -0.4203146E-0002   0.1272972E-0001
     5.24800   0.3091018E-0001  -0.1403009E-0002  -0.3110333E-0002   0.3299374E-0002  -0.4097890E-0002   0.1315696E-0001
     5.25600   0.3089911E-0001  -0.1384382E-0002  -0.3083343E-0002   0.3373668E-0002  -0.3989343E-0002   0.1356841E-0001
     5.26400   0.3088761E-0001  -0.1436753E-0002  -0.3055717E-0002   0.3453346E-0002  -0.3877648E-0002   0.1396183E-0001
     5.27200   0.3087509E-0001  -0.1565000E-0002  -0.3027424E-0002   0.3536577E-0002  -0.3762969E-0002   0.1433494E-0001
     5.28000   0.3086092E-0001  -0.1772354E-0002  -0.2998454E-0002   0.3621247E-0002  -0.3645486E-0002   0.1468542E-0001
     5.28800   0.3084443E-0001  -0.2060325E-0002  -0.2968813E-0002   0.3705059E-0002  -0.3525398E-0002   0.1501092E-0001
     5.29600   0.3082500E-0001  -0.2428685E-0002  -0.2938528E-0002   0.3785638E-0002  -0.3402926E-0002   0.1530906E-0001
     5.30400   0.3080200E-0001  -0.2875480E-0002  -0.2907643E-0002   0.3860647E-0002  -0.3278306E-0002   0.1557745E-0001
     5.31200   0.3077482E-0001  -0.3397100E-0002  -0.2876220E-0002   0.3927901E-0002  -0.3151796E-0002   0.1581370E-0001
     5.32000   0.3074292E-0001  -0.3988378E-0002  -0.2844336E-0002   0.3985467E-0002  -0.3023673E-0002   0.1601540E-0001
     5.32800   0.3070577E-0001  -0.4642739E-0002  -0.2812082E-0002   0.4031755E-0002  -0.2894232E-0002   0.1618018E-0001
     5.33600   0.3066295E-0001  -0.5352375E-0002  -0.2779558E-0002   0.4065581E-0002  -0.2763786E-0002   0.1630571E-0001
     5.34400   0.3061409E-0001  -0.6108454E-0002  -0.2746868E-0002   0.4086208E-0002  -0.2632668E-0002   0.1638972E-0001
     5.35200   0.3055888E-0001  -0.6901352E-0002  -0.2714121E-0002   0.4093360E-0002  -0.2501228E-0002   0.1643001E-0001
     5.36000   0.3049711E-0001  -0.7720899E-0002  -0.2681423E-0002   0.4087200E-0002  -0.2369832E-0002   0.1642453E-0001
     5.36800   0.3042866E-0001  -0.8556645E-0002  -0.2648877E-0002   0.4068294E-0002  -0.2238861E-0002   0.1637135E-0001
     5.37600   0.3035347E-0001  -0.9398119E-0002  -0.2616577E-0002   0.4037536E-0002  -0.2108711E-0002   0.1626872E-0001
     5.38400   0.3027159E-0001  -0.1023509E-0001  -0.2584608E-0002   0.3996067E-0002  -0.1979790E-0002   0.1611512E-0001
     5.39200   0.3018313E-0001  -0.1105782E-0001  -0.2553047E-0002   0.3945172E-0002  -0.1852516E-0002   0.1590927E-0001
     5.40000   0.3008827E-0001  -0.1185729E-0001  -0.2521957E-0002   0.3886179E-0002  -0.1727315E-0002   0.1565019E-0001
     5.40800   0.2998727E-0001  -0.1262542E-0001  -0.2491395E-0002   0.3820356E-0002  -0.1604617E-0002   0.1533721E-0001
     5.41600   0.2988042E-0001  -0.1335524E-0001  -0.2461404E-0002   0.3748819E-0002  -0.1484857E-0002   0.1497004E-0001
     5.42400   0.2976810E-0001  -0.1404107E-0001  -0.2432024E-0002   0.3672454E-0002  -0.1368467E-0002   0.1454878E-0001
     5.43200   0.2965067E-0001  -0.1467857E-0001  -0.2403289E-0002   0.3591862E-0002  -0.1255875E-0002   0.1407396E-0001
     5.44000   0.2952855E-0001  -0.1526492E-0001  -0.2375231E-0002   0.3507329E-0002  -0.1147502E-0002   0.1354655E-0001
     5.44800   0.2940216E-0001  -0.1579873E-0001  -0.2347880E-0002   0.3418818E-0002  -0.1043758E-0002   0.1296801E-0001
     5.45600   0.2927192E-0001  -0.1628014E-0001  -0.2321272E-0002   0.3325995E-0002  -0.9450362E-0003   0.1234027E-0001
     5.46400   0.2913823E-0001  -0.1671072E-0001  -0.2295446E-0002   0.3228269E-0002  -0.8517100E-0003   0.1166578E-0001
     5.47200   0.2900148E-0001  -0.1709344E-0001  -0.2270447E-0002   0.3124863E-0002  -0.7641303E-0003   0.1094746E-0001
     5.48000   0.2886202E-0001  -0.1743246E-0001  -0.2246328E-0002   0.3014892E-0002  -0.6826203E-0003   0.1018874E-0001
     5.48800   0.2872016E-0001  -0.1773311E-0001  -0.2223149E-0002   0.2897453E-0002  -0.6074724E-0003   0.9393491E-0002
     5.49600   0.2857615E-0001  -0.1800158E-0001  -0.2200975E-0002   0.2771719E-0002  -0.5389440E-0003   0.8566051E-0002
     5.50400   0.2843019E-0001  -0.1824485E-0001  -0.2179879E-0002   0.2637025E-0002  -0.4772548E-0003   0.7711153E-0002
     5.51200   0.2828242E-0001  -0.1847035E-0001  -0.2159935E-0002   0.2492942E-0002  -0.4225836E-0003   0.6833895E-0002
     5.52000   0.2813294E-0001  -0.1868584E-0001  -0.2141220E-0002   0.2339342E-0002  -0.3750661E-0003   0.5939683E-0002
     5.52800   0.2798175E-0001  -0.1889910E-0001  -0.2123809E-0002   0.2176432E-0002  -0.3347927E-0003   0.5034174E-0002
     5.53600   0.2782880E-0001  -0.1911774E-0001  -0.2107771E-0002   0.2004775E-0002  -0.3018071E-0003   0.4123205E-0002
     5.54400   0.2767401E-0001  -0.1934895E-0001  -0.2093168E-0002   0.1825278E-0002  -0.2761053E-0003   0.3212722E-0002
     5.55200   0.2751722E-0001  -0.1959929E-0001  -0.2080055E-0002   0.1639163E-0002  -0.2576357E-0003   0.2308701E-0002
     5.56000   0.2735822E-0001  -0.1987447E-0001  -0.2068472E-0002   0.1447916E-0002  -0.2462991E-0003   0.1417072E-0002
     5.56800   0.2719679E-0001  -0.2017924E-0001  -0.2058446E-0002   0.1253221E-0002  -0.2419501E-0003   0.5436353E-0003
     5.57600   0.2703265E-0001  -0.2051716E-0001  -0.2049991E-0002   0.1056877E-0002  -0.2443982E-0003  -0.3060189E-0003
     5.58400   0.2686553E-0001  -0.2089052E-0001  -0.2043105E-0002   0.8607161E-0003  -0.2534109E-0003  -0.1126587E-0002
     5.59200   0.2669512E-0001  -0.2130026E-0001  -0.2037773E-0002   0.6665168E-0003  -0.2687159E-0003  -0.1913126E-0002
     5.60000   0.2652116E-0001  -0.2174591E-0001  -0.2033966E-0002   0.4759262E-0003  -0.2900049E-0003  -0.2661120E-0002
     5.60800   0.2634335E-0001  -0.2222559E-0001  -0.2031643E-0002   0.2903902E-0003  -0.3169372E-0003  -0.3366542E-0002
     5.61600   0.2616146E-0001  -0.2273603E-0001  -0.2030754E-0002   0.1111002E-0003  -0.3491445E-0003  -0.4025904E-0002
     5.62400   0.2597528E-0001  -0.2327263E-0001  -0.2031242E-0002  -0.6104376E-0004  -0.3862348E-0003  -0.4636295E-0002
     5.63200   0.2578465E-0001  -0.2382957E-0001  -0.2033046E-0002  -0.2254501E-0003  -0.4277981E-0003  -0.5195416E-0002
     5.64000   0.2558945E-0001  -0.2439996E-0001  -0.2036100E-0002  -0.3818340E-0003  -0.4734109E-0003  -0.5701593E-0002
     5.64800   0.2538964E-0001  -0.2497595E-0001  -0.2040342E-0002  -0.5301980E-0003  -0.5226412E-0003  -0.6153784E-0002
     5.65600   0.2518525E-0001  -0.2554900E-0001  -0.2045708E-0002  -0.6707973E-0003  -0.5750538E-0003  -0.6551575E-0002
     5.66400   0.2497637E-0001  -0.2611000E-0001  -0.2052141E-0002  -0.8040929E-0003  -0.6302150E-0003  -0.6895156E-0002
     5.67200   0.2476317E-0001  -0.2664956E-0001  -0.2059587E-0002  -0.9306975E-0003  -0.6876974E-0003  -0.7185296E-0002
     5.68000   0.2454590E-0001  -0.2715822E-0001  -0.2067997E-0002  -0.1051317E-0002  -0.7470838E-0003  -0.7423301E-0002
     5.68800   0.2432489E-0001  -0.2762669E-0001  -0.2077331E-0002  -0.1166691E-0002  -0.8079715E-0003  -0.7610963E-0002
     5.69600   0.2410052E-0001  -0.2804604E-0001  -0.2087551E-0002  -0.1277545E-0002  -0.8699755E-0003  -0.7750503E-0002
     5.70400   0.2387326E-0001  -0.2840797E-0001  -0.2098627E-0002  -0.1384535E-0002  -0.9327316E-0003  -0.7844510E-0002
     5.71200   0.2364362E-0001  -0.2870498E-0001  -0.2110533E-0002  -0.1488222E-0002  -0.9958986E-0003  -0.7895866E-0002
     5.72000   0.2341217E-0001  -0.2893057E-0001  -0.2123245E-0002  -0.1589039E-0002  -0.1059160E-0002  -0.7907680E-0002
     5.72800   0.2317954E-0001  -0.2907937E-0001  -0.2136744E-0002  -0.1687280E-0002  -0.1122226E-0002  -0.7883211E-0002
     5.73600   0.2294636E-0001  -0.2914726E-0001  -0.2151009E-0002  -0.1783100E-0002  -0.1184832E-0002  -0.7825795E-0002
     5.74400   0.2271331E-0001  -0.2913149E-0001  -0.2166021E-0002  -0.1876519E-0002  -0.1246742E-0002  -0.7738781E-0002
     5.75200   0.2248106E-0001  -0.2903067E-0001  -0.2181760E-0002  -0.1967440E-0002  -0.1307746E-0002  -0.7625455E-0002
     5.76000   0.2225031E-0001  -0.2884487E-0001  -0.2198206E-0002  -0.2055669E-0002  -0.1367658E-0002  -0.7488985E-0002
     5.76800   0.2202170E-0001  -0.2857554E-0001  -0.2215333E-0002  -0.2140938E-0002  -0.1426317E-0002  -0.7332365E-0002
     5.77600   0.2179590E-0001  -0.2822546E-0001  -0.2233117E-0002  -0.2222934E-0002  -0.1483584E-0002  -0.7158365E-0002
     5.78400   0.2157351E-0001  -0.2779869E-0001  -0.2251527E-0002  -0.2301318E-0002  -0.1539340E-0002  -0.6969497E-0002
     5.79200   0.2135510E-0001  -0.2730042E-0001  -0.2270533E-0002  -0.2375749E-0002  -0.1593484E-0002  -0.6767982E-0002
     5.80000   0.2114121E-0001  -0.2673686E-0001  -0.2290100E-0002  -0.2445902E-0002  -0.1645929E-0002  -0.6555728E-0002
     5.80800   0.2093229E-0001  -0.2611506E-0001  -0.2310192E-0002  -0.2511479E-0002  -0.1696604E-0002  -0.6334325E-0002
     5.81600   0.2072875E-0001  -0.2544275E-0001  -0.2330770E-0002  -0.2572215E-0002  -0.1745444E-0002  -0.6105040E-0002
     5.82400   0.2053092E-0001  -0.2472816E-0001  -0.2351793E-0002  -0.2627889E-0002  -0.1792395E-0002  -0.5868827E-0002
     5.83200   0.2033908E-0001  -0.2397982E-0001  -0.2373219E-0002  -0.2678318E-0002  -0.1837406E-0002  -0.5626345E-0002
     5.84000   0.2015343E-0001  -0.2320638E-0001  -0.2395006E-0002  -0.2723357E-0002  -0.1880429E-0002  -0.5377981E-0002
     5.84800   0.1997410E-0001  -0.2241642E-0001  -0.2417110E-0002  -0.2762902E-0002  -0.1921421E-0002  -0.5123888E-0002
     5.85600   0.1980115E-0001  -0.2161831E-0001  -0.2439485E-0002  -0.2796881E-0002  -0.1960333E-0002  -0.4864018E-0002
     5.86400   0.1963459E-0001  -0.2081999E-0001  -0.2462087E-0002  -0.2825255E-0002  -0.1997118E-0002  -0.4598171E-0002
     5.87200   0.1947436E-0001  -0.2002889E-0001  -0.2484871E-0002  -0.2848020E-0002  -0.2031726E-0002  -0.4326041E-0002
     5.88000   0.1932035E-0001  -0.1925178E-0001  -0.2507792E-0002  -0.2865202E-0002  -0.2064105E-0002  -0.4047269E-0002
     5.88800   0.1917239E-0001  -0.1849469E-0001  -0.2530807E-0002  -0.2876866E-0002  -0.2094196E-0002  -0.3761488E-0002
     5.89600   0.1903029E-0001  -0.1776280E-0001  -0.2553872E-0002  -0.2883115E-0002  -0.2121944E-0002  -0.3468383E-0002
     5.90400   0.1889381E-0001  -0.1706045E-0001  -0.2576945E-0002  -0.2884093E-0002  -0.2147285E-0002  -0.3167730E-0002
     5.91200   0.1876268E-0001  -0.1639107E-0001  -0.2599985E-0002  -0.2879988E-0002  -0.2170161E-0002  -0.2859449E-0002
     5.92000   0.1863662E-0001  -0.1575722E-0001  -0.2622953E-0002  -0.2871034E-0002  -0.2190510E-0002  -0.2543637E-0002
     5.92800   0.1851533E-0001  -0.1516059E-0001  -0.2645813E-0002  -0.2857505E-0002  -0.2208275E-0002  -0.2220608E-0002
     5.93600   0.1839852E-0001  -0.1460207E-0001  -0.2668531E-0002  -0.2839716E-0002  -0.2223402E-0002  -0.1890915E-0002
     5.94400   0.1828586E-0001  -0.1408180E-0001  -0.2691075E-0002  -0.2818013E-0002  -0.2235845E-0002  -0.1555370E-0002
     5.95200   0.1817707E-0001  -0.1359928E-0001  -0.2713417E-0002  -0.2792763E-0002  -0.2245566E-0002  -0.1215055E-0002
     5.96000   0.1807184E-0001  -0.1315346E-0001  -0.2735532E-0002  -0.2764344E-0002  -0.2252536E-0002  -0.8713162E-0003
     5.96800   0.1796990E-0001  -0.1274286E-0001  -0.2757397E-0002  -0.2733130E-0002  -0.2256742E-0002  -0.5257620E-0003
     5.97600   0.1787097E-0001  -0.1236566E-0001  -0.2778993E-0002  -0.2699483E-0002  -0.2258184E-0002  -0.1802384E-0003
     5.98400   0.1777481E-0001  -0.1201986E-0001  -0.2800303E-0002  -0.2663737E-0002  -0.2256879E-0002   0.1631970E-0003
     5.99200   0.1768119E-0001  -0.1170338E-0001  -0.2821312E-0002  -0.2626193E-0002  -0.2252860E-0002   0.5023113E-0003
     6.00000   0.1758987E-0001  -0.1141417E-0001  -0.2842009E-0002  -0.2587111E-0002  -0.2246182E-0002   0.8347402E-0003
     6.00800   0.1750067E-0001  -0.1115031E-0001  -0.2862383E-0002  -0.2546714E-0002  -0.2236918E-0002   0.1158038E-0002
     6.01600   0.1741339E-0001  -0.1091014E-0001  -0.2882424E-0002  -0.2505188E-0002  -0.2225160E-0002   0.1469733E-0002
     6.02400   0.1732785E-0001  -0.1069228E-0001  -0.2902126E-0002  -0.2462695E-0002  -0.2211021E-0002   0.1767385E-0002
     6.03200   0.1724389E-0001  -0.1049572E-0001  -0.2921481E-0002  -0.2419382E-0002  -0.2194632E-0002   0.2048643E-0002
     6.04000   0.1716133E-0001  -0.1031989E-0001  -0.2940484E-0002  -0.2375402E-0002  -0.2176141E-0002   0.2311311E-0002
     6.04800   0.1708001E-0001  -0.1016461E-0001  -0.2959132E-0002  -0.2330927E-0002  -0.2155714E-0002   0.2553399E-0002
     6.05600   0.1699977E-0001  -0.1003013E-0001  -0.2977421E-0002  -0.2286166E-0002  -0.2133529E-0002   0.2773181E-0002
     6.06400   0.1692043E-0001  -0.9917109E-0002  -0.2995352E-0002  -0.2241383E-0002  -0.2109775E-0002   0.2969243E-0002
     6.07200   0.1684182E-0001  -0.9826554E-0002  -0.3012927E-0002  -0.2196903E-0002  -0.2084651E-0002   0.3140527E-0002
     6.08000   0.1676374E-0001  -0.9759761E-0002  -0.3030152E-0002  -0.2153121E-0002  -0.2058360E-0002   0.3286365E-0002
     6.08800   0.1668600E-0001  -0.9718238E-0002  -0.3047036E-0002  -0.2110496E-0002  -0.2031108E-0002   0.3406502E-0002
     6.09600   0.1660837E-0001  -0.9703610E-0002  -0.3063593E-0002  -0.2069543E-0002  -0.2003099E-0002   0.3501116E-0002
     6.10400   0.1653063E-0001  -0.9717518E-0002  -0.3079839E-0002  -0.2030815E-0002  -0.1974532E-0002   0.3570820E-0002
     6.11200   0.1645253E-0001  -0.9761508E-0002  -0.3095798E-0002  -0.1994877E-0002  -0.1945599E-0002   0.3616659E-0002
     6.12000   0.1637384E-0001  -0.9836924E-0002  -0.3111496E-0002  -0.1962277E-0002  -0.1916478E-0002   0.3640092E-0002
     6.12800   0.1629428E-0001  -0.9944791E-0002  -0.3126964E-0002  -0.1933511E-0002  -0.1887334E-0002   0.3642967E-0002
     6.13600   0.1621360E-0001  -0.1008572E-0001  -0.3142236E-0002  -0.1908984E-0002  -0.1858314E-0002   0.3627484E-0002
     6.14400   0.1613152E-0001  -0.1025980E-0001  -0.3157348E-0002  -0.1888977E-0002  -0.1829545E-0002   0.3596150E-0002
     6.15200   0.1604778E-0001  -0.1046655E-0001  -0.3172337E-0002  -0.1873618E-0002  -0.1801131E-0002   0.3551726E-0002
     6.16000   0.1596215E-0001  -0.1070480E-0001  -0.3187240E-0002  -0.1862854E-0002  -0.1773154E-0002   0.3497168E-0002
     6.16800   0.1587436E-0001  -0.1097269E-0001  -0.3202091E-0002  -0.1856436E-0002  -0.1745670E-0002   0.3435559E-0002
     6.17600   0.1578422E-0001  -0.1126762E-0001  -0.3216923E-0002  -0.1853913E-0002  -0.1718709E-0002   0.3370049E-0002
     6.18400   0.1569153E-0001  -0.1158629E-0001  -0.3231760E-0002  -0.1854642E-0002  -0.1692279E-0002   0.3303774E-0002
     6.19200   0.1559614E-0001  -0.1192463E-0001  -0.3246622E-0002  -0.1857800E-0002  -0.1666361E-0002   0.3239795E-0002
     6.20000   0.1549791E-0001  -0.1227794E-0001  -0.3261522E-0002  -0.1862417E-0002  -0.1640912E-0002   0.3181026E-0002
     6.20800   0.1539679E-0001  -0.1264089E-0001  -0.3276461E-0002  -0.1867411E-0002  -0.1615871E-0002   0.3130171E-0002
     6.21600   0.1529272E-0001  -0.1300764E-0001  -0.3291434E-0002  -0.1871635E-0002  -0.1591154E-0002   0.3089661E-0002
     6.22400   0.1518575E-0001  -0.1337191E-0001  -0.3306425E-0002  -0.1873926E-0002  -0.1566661E-0002   0.3061607E-0002
     6.23200   0.1507593E-0001  -0.1372712E-0001  -0.3321411E-0002  -0.1873155E-0002  -0.1542279E-0002   0.3047750E-0002
     6.24000   0.1496340E-0001  -0.1406654E-0001  -0.3336357E-0002  -0.1868275E-0002  -0.1517884E-0002   0.3049429E-0002
     6.24800   0.1484833E-0001  -0.1438339E-0001  -0.3351224E-0002  -0.1858365E-0002  -0.1493343E-0002   0.3067552E-0002
     6.25600   0.1473096E-0001  -0.1467101E-0001  -0.3365965E-0002  -0.1842665E-0002  -0.1468522E-0002   0.3102587E-0002
     6.26400   0.1461158E-0001  -0.1492303E-0001  -0.3380530E-0002  -0.1820600E-0002  -0.1443286E-0002   0.3154553E-0002
     6.27200   0.1449051E-0001  -0.1513347E-0001  -0.3394864E-0002  -0.1791794E-0002  -0.1417502E-0002   0.3223031E-0002
     6.28000   0.1436814E-0001  -0.1529695E-0001  -0.3408913E-0002  -0.1756067E-0002  -0.1391044E-0002   0.3307183E-0002
     6.28800   0.1424487E-0001  -0.1540875E-0001  -0.3422620E-0002  -0.1713429E-0002  -0.1363798E-0002   0.3405779E-0002
     6.29600   0.1412115E-0001  -0.1546499E-0001  -0.3435933E-0002  -0.1664054E-0002  -0.1335660E-0002   0.3517241E-0002
     6.30400   0.1399745E-0001  -0.1546273E-0001  -0.3448799E-0002  -0.1608248E-0002  -0.1306543E-0002   0.3639684E-0002
     6.31200   0.1387425E-0001  -0.1540002E-0001  -0.3461170E-0002  -0.1546414E-0002  -0.1276375E-0002   0.3770976E-0002
     6.32000   0.1375204E-0001  -0.1527599E-0001  -0.3473002E-0002  -0.1479009E-0002  -0.1245104E-0002   0.3908799E-0002
     6.32800   0.1363131E-0001  -0.1509090E-0001  -0.3484254E-0002  -0.1406502E-0002  -0.1212699E-0002   0.4050712E-0002
     6.33600   0.1351254E-0001  -0.1484613E-0001  -0.3494889E-0002  -0.1329336E-0002  -0.1179145E-0002   0.4194218E-0002
     6.34400   0.1339619E-0001  -0.1454420E-0001  -0.3504872E-0002  -0.1247893E-0002  -0.1144450E-0002   0.4336834E-0002
     6.35200   0.1328268E-0001  -0.1418870E-0001  -0.3514171E-0002  -0.1162470E-0002  -0.1108641E-0002   0.4476154E-0002
     6.36000   0.1317240E-0001  -0.1378427E-0001  -0.3522758E-0002  -0.1073260E-0002  -0.1071762E-0002   0.4609918E-0002
     6.36800   0.1306571E-0001  -0.1333649E-0001  -0.3530600E-0002  -0.9803472E-0003  -0.1033873E-0002   0.4736062E-0002
     6.37600   0.1296290E-0001  -0.1285177E-0001  -0.3537670E-0002  -0.8837086E-0003  -0.9950510E-0003   0.4852776E-0002
     6.38400   0.1286420E-0001  -0.1233722E-0001  -0.3543936E-0002  -0.7832293E-0003  -0.9553827E-0003   0.4958546E-0002
     6.39200   0.1276980E-0001  -0.1180054E-0001  -0.3549366E-0002  -0.6787218E-0003  -0.9149652E-0003   0.5052189E-0002
     6.40000   0.1267980E-0001  -0.1124982E-0001  -0.3553925E-0002  -0.5699537E-0003  -0.8739021E-0003   0.5132877E-0002
     6.40800   0.1259425E-0001  -0.1069340E-0001  -0.3557579E-0002  -0.4566782E-0003  -0.8323009E-0003   0.5200152E-0002
     6.41600   0.1251313E-0001  -0.1013967E-0001  -0.3560288E-0002  -0.3386660E-0003  -0.7902694E-0003   0.5253934E-0002
     6.42400   0.1243636E-0001  -0.9596932E-0002  -0.3562014E-0002  -0.2157359E-0003  -0.7479134E-0003   0.5294508E-0002
     6.43200   0.1236377E-0001  -0.9073204E-0002  -0.3562716E-0002  -0.8778150E-0004  -0.7053333E-0003   0.5322514E-0002
     6.44000   0.1229516E-0001  -0.8576056E-0002  -0.3562355E-0002   0.4520691E-0004  -0.6626219E-0003   0.5338917E-0002
     6.44800   0.1223026E-0001  -0.8112460E-0002  -0.3560889E-0002   0.1831283E-0003  -0.6198621E-0003   0.5344974E-0002
     6.45600   0.1216875E-0001  -0.7688654E-0002  -0.3558283E-0002   0.3257641E-0003  -0.5771246E-0003   0.5342192E-0002
     6.46400   0.1211027E-0001  -0.7310012E-0002  -0.3554501E-0002   0.4727787E-0003  -0.5344663E-0003   0.5332281E-0002
     6.47200   0.1205443E-0001  -0.6980951E-0002  -0.3549511E-0002   0.6237288E-0003  -0.4919295E-0003   0.5317101E-0002
     6.48000   0.1200079E-0001  -0.6704845E-0002  -0.3543287E-0002   0.7780773E-0003  -0.4495407E-0003   0.5298605E-0002
     6.48800   0.1194892E-0001  -0.6483976E-0002  -0.3535805E-0002   0.9352140E-0003  -0.4073104E-0003   0.5278784E-0002
     6.49600   0.1189836E-0001  -0.6319500E-0002  -0.3527049E-0002   0.1094478E-0002  -0.3652335E-0003   0.5259612E-0002
     6.50400   0.1184867E-0001  -0.6211443E-0002  -0.3517008E-0002   0.1255184E-0002  -0.3232896E-0003   0.5242989E-0002
     6.51200   0.1179940E-0001  -0.6158723E-0002  -0.3505675E-0002   0.1416644E-0002  -0.2814441E-0003   0.5230691E-0002
     6.52000   0.1175012E-0001  -0.6159197E-0002  -0.3493049E-0002   0.1578192E-0002  -0.2396495E-0003   0.5224327E-0002
     6.52800   0.1170045E-0001  -0.6209719E-0002  -0.3479135E-0002   0.1739201E-0002  -0.1978471E-0003   0.5225295E-0002
     6.53600   0.1165000E-0001  -0.6306238E-0002  -0.3463943E-0002   0.1899100E-0002  -0.1559691E-0003   0.5234753E-0002
     6.54400   0.1159845E-0001  -0.6443897E-0002  -0.3447484E-0002   0.2057381E-0002  -0.1139403E-0003   0.5253594E-0002
     6.55200   0.1154551E-0001  -0.6617152E-0002  -0.3429775E-0002   0.2213605E-0002  -0.7168087E-0004   0.5282431E-0002
     6.56000   0.1149095E-0001  -0.6819910E-0002  -0.3410835E-0002   0.2367401E-0002  -0.2910816E-0004   0.5321589E-0002
     6.56800   0.1143458E-0001  -0.7045663E-0002  -0.3390688E-0002   0.2518462E-0002   0.1386070E-0004   0.5371107E-0002
     6.57600   0.1137628E-0001  -0.7287641E-0002  -0.3369356E-0002   0.2666535E-0002   0.5730670E-0004   0.5430750E-0002
     6.58400   0.1131597E-0001  -0.7538953E-0002  -0.3346864E-0002   0.2811413E-0002   0.1013069E-0003   0.5500028E-0002
     6.59200   0.1125363E-0001  -0.7792736E-0002  -0.3323241E-0002   0.2952923E-0002   0.1459327E-0003   0.5578220E-0002
     6.60000   0.1118929E-0001  -0.8042299E-0002  -0.3298514E-0002   0.3090912E-0002   0.1912480E-0003   0.5664408E-0002
     6.60800   0.1112304E-0001  -0.8281249E-0002  -0.3272712E-0002   0.3225238E-0002   0.2373081E-0003   0.5757514E-0002
     6.61600   0.1105501E-0001  -0.8503620E-0002  -0.3245866E-0002   0.3355762E-0002   0.2841588E-0003   0.5856340E-0002
     6.62400   0.1098538E-0001  -0.8703977E-0002  -0.3218007E-0002   0.3482339E-0002   0.3318357E-0003   0.5959613E-0002
     6.63200   0.1091436E-0001  -0.8877512E-0002  -0.3189168E-0002   0.3604811E-0002   0.3803639E-0003   0.6066026E-0002
     6.64000   0.1084220E-0001  -0.9020117E-0002  -0.3159384E-0002   0.3723012E-0002   0.4297582E-0003   0.6174286E-0002
     6.64800   0.1076917E-0001  -0.9128449E-0002  -0.3128690E-0002   0.3836758E-0002   0.4800234E-0003   0.6283149E-0002
     6.65600   0.1069557E-0001  -0.9199959E-0002  -0.3097123E-0002   0.3945860E-0002   0.5311551E-0003   0.6391460E-0002
     6.66400   0.1062171E-0001  -0.9232920E-0002  -0.3064722E-0002   0.4050118E-0002   0.5831406E-0003   0.6498187E-0002
     6.67200   0.1054790E-0001  -0.9226422E-0002  -0.3031528E-0002   0.4149330E-0002   0.6359601E-0003   0.6602442E-0002
     6.68000   0.1047445E-0001  -0.9180357E-0002  -0.2997581E-0002   0.4243299E-0002   0.6895881E-0003   0.6703503E-0002
     6.68800   0.1040169E-0001  -0.9095382E-0002  -0.2962927E-0002   0.4331832E-0002   0.7439948E-0003   0.6800828E-0002
     6.69600   0.1032991E-0001  -0.8972869E-0002  -0.2927609E-0002   0.4414750E-0002   0.7991472E-0003   0.6894052E-0002
     6.70400   0.1025939E-0001  -0.8814840E-0002  -0.2891673E-0002   0.4491891E-0002   0.8550111E-0003   0.6982991E-0002
     6.71200   0.1019040E-0001  -0.8623891E-0002  -0.2855169E-0002   0.4563111E-0002   0.9115521E-0003   0.7067623E-0002
     6.72000   0.1012317E-0001  -0.8403105E-0002  -0.2818142E-0002   0.4628291E-0002   0.9687367E-0003   0.7148075E-0002
     6.72800   0.1005793E-0001  -0.8155963E-0002  -0.2780644E-0002   0.4687336E-0002   0.1026533E-0002   0.7224595E-0002
     6.73600   0.9994836E-0002  -0.7886247E-0002  -0.2742722E-0002   0.4740179E-0002   0.1084914E-0002   0.7297523E-0002
     6.74400   0.9934052E-0002  -0.7597941E-0002  -0.2704428E-0002   0.4786782E-0002   0.1143852E-0002   0.7367256E-0002
     6.75200   0.9875691E-0002  -0.7295142E-0002  -0.2665811E-0002   0.4827139E-0002   0.1203325E-0002   0.7434215E-0002
     6.76000   0.9819836E-0002  -0.6981960E-0002  -0.2626921E-0002   0.4861274E-0002   0.1263316E-0002   0.7498804E-0002
     6.76800   0.9766536E-0002  -0.6662442E-0002  -0.2587807E-0002   0.4889243E-0002   0.1323807E-0002   0.7561373E-0002
     6.77600   0.9715812E-0002  -0.6340488E-0002  -0.2548518E-0002   0.4911136E-0002   0.1384784E-0002   0.7622188E-0002
     6.78400   0.9667654E-0002  -0.6019787E-0002  -0.2509101E-0002   0.4927076E-0002   0.1446236E-0002   0.7681394E-0002
     6.79200   0.9622024E-0002  -0.5703761E-0002  -0.2469603E-0002   0.4937216E-0002   0.1508147E-0002   0.7738989E-0002
     6.80000   0.9578860E-0002  -0.5395515E-0002  -0.2430069E-0002   0.4941738E-0002   0.1570506E-0002   0.7794807E-0002
     6.80800   0.9538077E-0002  -0.5097812E-0002  -0.2390543E-0002   0.4940848E-0002   0.1633294E-0002   0.7848501E-0002
     6.81600   0.9499573E-0002  -0.4813042E-0002  -0.2351064E-0002   0.4934773E-0002   0.1696490E-0002   0.7899538E-0002
     6.82400   0.9463227E-0002  -0.4543221E-0002  -0.2311674E-0002   0.4923752E-0002   0.1760068E-0002   0.7947199E-0002
     6.83200   0.9428907E-0002  -0.4289985E-0002  -0.2272410E-0002   0.4908027E-0002   0.1823993E-0002   0.7990590E-0002
     6.84000   0.9396470E-0002  -0.4054603E-0002  -0.2233307E-0002   0.4887835E-0002   0.1888222E-0002   0.8028659E-0002
     6.84800   0.9365766E-0002  -0.3837997E-0002  -0.2194400E-0002   0.4863399E-0002   0.1952704E-0002   0.8060221E-0002
     6.85600   0.9336640E-0002  -0.3640765E-0002  -0.2155721E-0002   0.4834917E-0002   0.2017375E-0002   0.8083986E-0002
     6.86400   0.9308935E-0002  -0.3463212E-0002  -0.2117300E-0002   0.4802551E-0002   0.2082164E-0002   0.8098604E-0002
     6.87200   0.9282491E-0002  -0.3305383E-0002  -0.2079169E-0002   0.4766424E-0002   0.2146986E-0002   0.8102697E-0002
     6.88000   0.9257155E-0002  -0.3167101E-0002  -0.2041356E-0002   0.4726609E-0002   0.2211745E-0002   0.8094911E-0002
     6.88800   0.9232771E-0002  -0.3047999E-0002  -0.2003891E-0002   0.4683134E-0002   0.2276337E-0002   0.8073958E-0002
     6.89600   0.9209190E-0002  -0.2947558E-0002  -0.1966803E-0002   0.4635978E-0002   0.2340646E-0002   0.8038666E-0002
     6.90400   0.9186269E-0002  -0.2865136E-0002  -0.1930123E-0002   0.4585079E-0002   0.2404550E-0002   0.7988018E-0002
     6.91200   0.9163869E-0002  -0.2799996E-0002  -0.1893880E-0002   0.4530343E-0002   0.2467920E-0002   0.7921202E-0002
     6.92000   0.9141859E-0002  -0.2751328E-0002  -0.1858107E-0002   0.4471658E-0002   0.2530621E-0002   0.7837642E-0002
     6.92800   0.9120112E-0002  -0.2718267E-0002  -0.1822835E-0002   0.4408908E-0002   0.2592517E-0002   0.7737033E-0002
     6.93600   0.9098513E-0002  -0.2699903E-0002  -0.1788099E-0002   0.4341996E-0002   0.2653472E-0002   0.7619365E-0002
     6.94400   0.9076951E-0002  -0.2695290E-0002  -0.1753933E-0002   0.4270859E-0002   0.2713352E-0002   0.7484940E-0002
     6.95200   0.9055323E-0002  -0.2703438E-0002  -0.1720369E-0002   0.4195490E-0002   0.2772027E-0002   0.7334383E-0002
     6.96000   0.9033537E-0002  -0.2723314E-0002  -0.1687441E-0002   0.4115958E-0002   0.2829376E-0002   0.7168637E-0002
     6.96800   0.9011506E-0002  -0.2753828E-0002  -0.1655182E-0002   0.4032421E-0002   0.2885288E-0002   0.6988958E-0002
     6.97600   0.8989156E-0002  -0.2793820E-0002  -0.1623620E-0002   0.3945140E-0002   0.2939663E-0002   0.6796895E-0002
     6.98400   0.8966419E-0002  -0.2842042E-0002  -0.1592785E-0002   0.3854485E-0002   0.2992417E-0002   0.6594260E-0002
     6.99200   0.8943242E-0002  -0.2897138E-0002  -0.1562697E-0002   0.3760935E-0002   0.3043482E-0002   0.6383101E-0002
     7.00000   0.8919581E-0002  -0.2957632E-0002  -0.1533376E-0002   0.3665078E-0002   0.3092807E-0002   0.6165652E-0002
     7.00800   0.8895406E-0002  -0.3021902E-0002  -0.1504836E-0002   0.3567596E-0002   0.3140361E-0002   0.5944291E-0002
     7.01600   0.8870701E-0002  -0.3088175E-0002  -0.1477082E-0002   0.3469250E-0002   0.3186133E-0002   0.5721484E-0002
     7.02400   0.8845464E-0002  -0.3154510E-0002  -0.1450115E-0002   0.3370861E-0002   0.3230131E-0002   0.5499733E-0002
     7.03200   0.8819714E-0002  -0.3218799E-0002  -0.1423929E-0002   0.3273287E-0002   0.3272383E-0002   0.5281521E-0002
     7.04000   0.8793484E-0002  -0.3278766E-0002  -0.1398509E-0002   0.3177391E-0002   0.3312937E-0002   0.5069252E-0002
     7.04800   0.8766828E-0002  -0.3331980E-0002  -0.1373837E-0002   0.3084019E-0002   0.3351859E-0002   0.4865197E-0002
     7.05600   0.8739821E-0002  -0.3375871E-0002  -0.1349885E-0002   0.2993973E-0002   0.3389230E-0002   0.4671450E-0002
     7.06400   0.8712559E-0002  -0.3407756E-0002  -0.1326622E-0002   0.2907984E-0002   0.3425149E-0002   0.4489873E-0002
     7.07200   0.8685160E-0002  -0.3424880E-0002  -0.1304008E-0002   0.2826693E-0002   0.3459726E-0002   0.4322065E-0002
     7.08000   0.8657764E-0002  -0.3424450E-0002  -0.1282003E-0002   0.2750636E-0002   0.3493080E-0002   0.4169326E-0002
     7.08800   0.8630535E-0002  -0.3403696E-0002  -0.1260561E-0002   0.2680229E-0002   0.3525342E-0002   0.4032636E-0002
     7.09600   0.8603655E-0002  -0.3359922E-0002  -0.1239635E-0002   0.2615769E-0002   0.3556643E-0002   0.3912639E-0002
     7.10400   0.8577331E-0002  -0.3290569E-0002  -0.1219176E-0002   0.2557425E-0002   0.3587120E-0002   0.3809639E-0002
     7.11200   0.8551785E-0002  -0.3193284E-0002  -0.1199134E-0002   0.2505253E-0002   0.3616909E-0002   0.3723609E-0002
     7.12000   0.8527257E-0002  -0.3065987E-0002  -0.1179460E-0002   0.2459197E-0002   0.3646142E-0002   0.3654202E-0002
     7.12800   0.8504001E-0002  -0.2906935E-0002  -0.1160107E-0002   0.2419107E-0002   0.3674948E-0002   0.3600775E-0002
     7.13600   0.8482283E-0002  -0.2714792E-0002  -0.1141029E-0002   0.2384751E-0002   0.3703448E-0002   0.3562423E-0002
     7.14400   0.8462373E-0002  -0.2488683E-0002  -0.1122182E-0002   0.2355835E-0002   0.3731752E-0002   0.3538017E-0002
     7.15200   0.8444547E-0002  -0.2228248E-0002  -0.1103526E-0002   0.2332013E-0002   0.3759962E-0002   0.3526248E-0002
     7.16000   0.8429078E-0002  -0.1933687E-0002  -0.1085023E-0002   0.2312908E-0002   0.3788167E-0002   0.3525680E-0002
     7.16800   0.8416232E-0002  -0.1605790E-0002  -0.1066638E-0002   0.2298121E-0002   0.3816446E-0002   0.3534799E-0002
     7.17600   0.8406264E-0002  -0.1245955E-0002  -0.1048340E-0002   0.2287240E-0002   0.3844862E-0002   0.3552067E-0002
     7.18400   0.8399414E-0002  -0.8561940E-0003  -0.1030101E-0002   0.2279854E-0002   0.3873470E-0002   0.3575980E-0002
     7.19200   0.8395902E-0002  -0.4391232E-0003  -0.1011897E-0002   0.2275548E-0002   0.3902311E-0002   0.3605110E-0002
     7.20000   0.8395918E-0002   0.2066398E-0005  -0.9937056E-0003   0.2273912E-0002   0.3931416E-0002   0.3638162E-0002
     7.20800   0.8399627E-0002   0.4636488E-0003  -0.9755093E-0003   0.2274536E-0002   0.3960808E-0002   0.3674010E-0002
     7.21600   0.8407159E-0002   0.9414214E-0003  -0.9572933E-0003   0.2277011E-0002   0.3990502E-0002   0.3711732E-0002
     7.22400   0.8418605E-0002   0.1430778E-0002  -0.9390459E-0003   0.2280923E-0002   0.4020507E-0002   0.3750642E-0002
     7.23200   0.8434019E-0002   0.1926791E-0002  -0.9207590E-0003   0.2285856E-0002   0.4050830E-0002   0.3790303E-0002
     7.24000   0.8453414E-0002   0.2424315E-0002  -0.9024279E-0003   0.2291384E-0002   0.4081474E-0002   0.3830545E-0002
     7.24800   0.8476758E-0002   0.2918085E-0002  -0.8840513E-0003   0.2297076E-0002   0.4112446E-0002   0.3871454E-0002
     7.25600   0.8503981E-0002   0.3402836E-0002  -0.8656314E-0003   0.2302495E-0002   0.4143753E-0002   0.3913375E-0002
     7.26400   0.8534968E-0002   0.3873416E-0002  -0.8471737E-0003   0.2307208E-0002   0.4175408E-0002   0.3956885E-0002
     7.27200   0.8569568E-0002   0.4324906E-0002  -0.8286874E-0003   0.2310784E-0002   0.4207430E-0002   0.4002768E-0002
     7.28000   0.8607590E-0002   0.4752736E-0002  -0.8101849E-0003   0.2312811E-0002   0.4239846E-0002   0.4051984E-0002
     7.28800   0.8648812E-0002   0.5152795E-0002  -0.7916817E-0003   0.2312904E-0002   0.4272691E-0002   0.4105622E-0002
     7.29600   0.8692984E-0002   0.5521535E-0002  -0.7731960E-0003   0.2310715E-0002   0.4306010E-0002   0.4164861E-0002
     7.30400   0.8739833E-0002   0.5856062E-0002  -0.7547484E-0003   0.2305943E-0002   0.4339857E-0002   0.4230910E-0002
     7.31200   0.8789066E-0002   0.6154213E-0002  -0.7363616E-0003   0.2298351E-0002   0.4374297E-0002   0.4304965E-0002
     7.32000   0.8840383E-0002   0.6414618E-0002  -0.7180595E-0003   0.2287767E-0002   0.4409402E-0002   0.4388149E-0002
     7.32800   0.8893477E-0002   0.6636745E-0002  -0.6998668E-0003   0.2274093E-0002   0.4445254E-0002   0.4481464E-0002
     7.33600   0.8948045E-0002   0.6820918E-0002  -0.6818083E-0003   0.2257312E-0002   0.4481940E-0002   0.4585741E-0002
     7.34400   0.9003791E-0002   0.6968324E-0002  -0.6639084E-0003   0.2237481E-0002   0.4519552E-0002   0.4701592E-0002
     7.35200   0.9060439E-0002   0.7080989E-0002  -0.6461906E-0003   0.2214729E-0002   0.4558187E-0002   0.4829378E-0002
     7.36000   0.9117733E-0002   0.7161742E-0002  -0.6286766E-0003   0.2189253E-0002   0.4597941E-0002   0.4969169E-0002
     7.36800   0.9175446E-0002   0.7214147E-0002  -0.6113862E-0003   0.2161298E-0002   0.4638907E-0002   0.5120726E-0002
     7.37600   0.9233386E-0002   0.7242424E-0002  -0.5943370E-0003   0.2131151E-0002   0.4681174E-0002   0.5283484E-0002
     7.38400   0.9291396E-0002   0.7251347E-0002  -0.5775440E-0003   0.2099120E-0002   0.4724827E-0002   0.5456544E-0002
     7.39200   0.9349365E-0002   0.7246129E-0002  -0.5610199E-0003   0.2065516E-0002   0.4769936E-0002   0.5638683E-0002
     7.40000   0.9407224E-0002   0.7232292E-0002  -0.5447748E-0003   0.2030636E-0002   0.4816563E-0002   0.5828363E-0002
     7.40800   0.9464948E-0002   0.7215526E-0002  -0.5288168E-0003   0.1994748E-0002   0.4864753E-0002   0.6023753E-0002
     7.41600   0.9522560E-0002   0.7201544E-0002  -0.5131522E-0003   0.1958074E-0002   0.4914535E-0002   0.6222766E-0002
     7.42400   0.9580128E-0002   0.7195931E-0002  -0.4977860E-0003   0.1920775E-0002   0.4965920E-0002   0.6423093E-0002
     7.43200   0.9637760E-0002   0.7203998E-0002  -0.4827224E-0003   0.1882949E-0002   0.5018898E-0002   0.6622253E-0002
     7.44000   0.9695605E-0002   0.7230635E-0002  -0.4679655E-0003   0.1844620E-0002   0.5073439E-0002   0.6817643E-0002
     7.44800   0.9753846E-0002   0.7280181E-0002  -0.4535195E-0003   0.1805739E-0002   0.5129492E-0002   0.7006592E-0002
     7.45600   0.9812697E-0002   0.7356294E-0002  -0.4393900E-0003   0.1766192E-0002   0.5186983E-0002   0.7186423E-0002
     7.46400   0.9872392E-0002   0.7461851E-0002  -0.4255836E-0003   0.1725800E-0002   0.5245819E-0002   0.7354506E-0002
     7.47200   0.9933182E-0002   0.7598855E-0002  -0.4121089E-0003   0.1684340E-0002   0.5305886E-0002   0.7508321E-0002
     7.48000   0.9995329E-0002   0.7768370E-0002  -0.3989765E-0003   0.1641553E-0002   0.5367050E-0002   0.7645511E-0002
     7.48800   0.1005909E-0001   0.7970475E-0002  -0.3861992E-0003   0.1597162E-0002   0.5429162E-0002   0.7763932E-0002
     7.49600   0.1012473E-0001   0.8204245E-0002  -0.3737920E-0003   0.1550894E-0002   0.5492055E-0002   0.7861700E-0002
     7.50400   0.1019247E-0001   0.8467755E-0002  -0.3617721E-0003   0.1502492E-0002   0.5555553E-0002   0.7937233E-0002
     7.51200   0.1026253E-0001   0.8758115E-0002  -0.3501581E-0003   0.1451742E-0002   0.5619467E-0002   0.7989277E-0002
     7.52000   0.1033511E-0001   0.9071518E-0002  -0.3389703E-0003   0.1398477E-0002   0.5683603E-0002   0.8016932E-0002
     7.52800   0.1041033E-0001   0.9403329E-0002  -0.3282295E-0003   0.1342604E-0002   0.5747760E-0002   0.8019668E-0002
     7.53600   0.1048832E-0001   0.9748174E-0002  -0.3179567E-0003   0.1284103E-0002   0.5811739E-0002   0.7997326E-0002
     7.54400   0.1056912E-0001   0.1010007E-0001  -0.3081724E-0003   0.1223040E-0002   0.5875340E-0002   0.7950116E-0002
     7.55200   0.1065274E-0001   0.1045255E-0001  -0.2988958E-0003   0.1159569E-0002   0.5938368E-0002   0.7878604E-0002
     7.56000   0.1073913E-0001   0.1079882E-0001  -0.2901444E-0003   0.1093928E-0002   0.6000638E-0002   0.7783690E-0002
     7.56800   0.1082819E-0001   0.1113192E-0001  -0.2819329E-0003   0.1026438E-0002   0.6061971E-0002   0.7666575E-0002
     7.57600   0.1091974E-0001   0.1144488E-0001  -0.2742730E-0003   0.9574877E-0003   0.6122200E-0002   0.7528732E-0002
     7.58400   0.1101359E-0001   0.1173086E-0001  -0.2671728E-0003   0.8875272E-0003   0.6181175E-0002   0.7371857E-0002
     7.59200   0.1110946E-0001   0.1198337E-0001  -0.2606364E-0003   0.8170490E-0003   0.6238758E-0002   0.7197829E-0002
     7.60000   0.1120703E-0001   0.1219636E-0001  -0.2546638E-0003   0.7465729E-0003   0.6294827E-0002   0.7008658E-0002
     7.60800   0.1130594E-0001   0.1236442E-0001  -0.2492508E-0003   0.6766276E-0003   0.6349279E-0002   0.6806436E-0002
     7.61600   0.1140581E-0001   0.1248284E-0001  -0.2443889E-0003   0.6077333E-0003   0.6402025E-0002   0.6593287E-0002
     7.62400   0.1150619E-0001   0.1254779E-0001  -0.2400658E-0003   0.5403839E-0003   0.6452996E-0002   0.6371318E-0002
     7.63200   0.1160664E-0001   0.1255637E-0001  -0.2362656E-0003   0.4750320E-0003   0.6502136E-0002   0.6142573E-0002
     7.64000   0.1170669E-0001   0.1250669E-0001  -0.2329690E-0003   0.4120747E-0003   0.6549408E-0002   0.5908994E-0002
     7.64800   0.1180588E-0001   0.1239790E-0001  -0.2301542E-0003   0.3518436E-0003   0.6594787E-0002   0.5672382E-0002
     7.65600   0.1190372E-0001   0.1223026E-0001  -0.2277974E-0003   0.2945965E-0003   0.6638262E-0002   0.5434367E-0002
     7.66400   0.1199976E-0001   0.1200504E-0001  -0.2258733E-0003   0.2405138E-0003   0.6679833E-0002   0.5196384E-0002
     7.67200   0.1209356E-0001   0.1172459E-0001  -0.2243558E-0003   0.1896972E-0003   0.6719510E-0002   0.4959659E-0002
     7.68000   0.1218469E-0001   0.1139223E-0001  -0.2232184E-0003   0.1421727E-0003   0.6757312E-0002   0.4725198E-0002
     7.68800   0.1227279E-0001   0.1101216E-0001  -0.2224352E-0003   0.9789583E-0004   0.6793262E-0002   0.4493785E-0002
     7.69600   0.1235751E-0001   0.1058942E-0001  -0.2219811E-0003   0.5675976E-0004   0.6827390E-0002   0.4265989E-0002
     7.70400   0.1243854E-0001   0.1012973E-0001  -0.2218323E-0003   0.1860560E-0004   0.6859728E-0002   0.4042176E-0002
     7.71200   0.1251566E-0001   0.9639349E-0002  -0.2219664E-0003  -0.1676619E-0004   0.6890308E-0002   0.3822527E-0002
     7.72000   0.1258866E-0001   0.9124985E-0002  -0.2223631E-0003  -0.4958350E-0004   0.6919164E-0002   0.3607063E-0002
     7.72800   0.1265741E-0001   0.8593604E-0002  -0.2230038E-0003  -0.8009016E-0004   0.6946330E-0002   0.3395671E-0002
     7.73600   0.1272183E-0001   0.8052288E-0002  -0.2238721E-0003  -0.1085342E-0003   0.6971835E-0002   0.3188134E-0002
     7.74400   0.1278189E-0001   0.7508088E-0002  -0.2249533E-0003  -0.1351571E-0003   0.6995708E-0002   0.2984168E-0002
     7.75200   0.1283763E-0001   0.6967865E-0002  -0.2262348E-0003  -0.1601847E-0003   0.7017976E-0002   0.2783452E-0002
     7.76000   0.1288914E-0001   0.6438155E-0002  -0.2277054E-0003  -0.1838197E-0003   0.7038661E-0002   0.2585662E-0002
     7.76800   0.1293654E-0001   0.5925032E-0002  -0.2293553E-0003  -0.2062368E-0003   0.7057785E-0002   0.2390500E-0002
     7.77600   0.1298001E-0001   0.5433995E-0002  -0.2311759E-0003  -0.2275794E-0003   0.7075367E-0002   0.2197728E-0002
     7.78400   0.1301977E-0001   0.4969860E-0002  -0.2331596E-0003  -0.2479586E-0003   0.7091424E-0002   0.2007184E-0002
     7.79200   0.1305606E-0001   0.4536685E-0002  -0.2352992E-0003  -0.2674539E-0003   0.7105975E-0002   0.1818811E-0002
     7.80000   0.1308917E-0001   0.4137702E-0002  -0.2375881E-0003  -0.2861157E-0003   0.7119036E-0002   0.1632664E-0002
     7.80800   0.1311937E-0001   0.3775278E-0002  -0.2400199E-0003  -0.3039689E-0003   0.7130627E-0002   0.1448922E-0002
     7.81600   0.1314697E-0001   0.3450898E-0002  -0.2425880E-0003  -0.3210171E-0003   0.7140771E-0002   0.1267892E-0002
     7.82400   0.1317230E-0001   0.3165167E-0002  -0.2452860E-0003  -0.3372474E-0003   0.7149491E-0002   0.1090004E-0002
     7.83200   0.1319564E-0001   0.2917837E-0002  -0.2481071E-0003  -0.3526352E-0003   0.7156817E-0002   0.9157992E-0003
     7.84000   0.1321730E-0001   0.2707853E-0002  -0.2510443E-0003  -0.3671487E-0003   0.7162784E-0002   0.7459216E-0003
     7.84800   0.1323757E-0001   0.2533418E-0002  -0.2540903E-0003  -0.3807530E-0003   0.7167433E-0002   0.5810930E-0003
     7.85600   0.1325671E-0001   0.2392075E-0002  -0.2572376E-0003  -0.3934129E-0003   0.7170810E-0002   0.4220913E-0003
     7.86400   0.1327495E-0001   0.2280805E-0002  -0.2604784E-0003  -0.4050958E-0003   0.7172968E-0002   0.2697232E-0003
     7.87200   0.1329252E-0001   0.2196131E-0002  -0.2638045E-0003  -0.4157732E-0003   0.7173966E-0002   0.1247946E-0003
     7.88000   0.1330959E-0001   0.2134239E-0002  -0.2672079E-0003  -0.4254214E-0003   0.7173871E-0002  -0.1191968E-0004
     7.88800   0.1332632E-0001   0.2091095E-0002  -0.2706801E-0003  -0.4340224E-0003   0.7172753E-0002  -0.1397073E-0003
     7.89600   0.1334282E-0001   0.2062574E-0002  -0.2742126E-0003  -0.4415632E-0003   0.7170689E-0002  -0.2579479E-0003
     7.90400   0.1335918E-0001   0.2044576E-0002  -0.2777969E-0003  -0.4480361E-0003   0.7167760E-0002  -0.3661408E-0003
     7.91200   0.1337545E-0001   0.2033147E-0002  -0.2814244E-0003  -0.4534381E-0003   0.7164049E-0002  -0.4639300E-0003
     7.92000   0.1339164E-0001   0.2024589E-0002  -0.2850866E-0003  -0.4577708E-0003   0.7159640E-0002  -0.5511250E-0003
     7.92800   0.1340777E-0001   0.2015557E-0002  -0.2887749E-0003  -0.4610403E-0003   0.7154618E-0002  -0.6277166E-0003
     7.93600   0.1342379E-0001   0.2003146E-0002  -0.2924809E-0003  -0.4632578E-0003   0.7149067E-0002  -0.6938879E-0003
     7.94400   0.1343967E-0001   0.1984963E-0002  -0.2961965E-0003  -0.4644398E-0003   0.7143067E-0002  -0.7500195E-0003
     7.95200   0.1345535E-0001   0.1959182E-0002  -0.2999133E-0003  -0.4646091E-0003   0.7136693E-0002  -0.7966881E-0003
     7.96000   0.1347074E-0001   0.1924581E-0002  -0.3036237E-0003  -0.4637952E-0003   0.7130016E-0002  -0.8346596E-0003
     7.96800   0.1348579E-0001   0.1880560E-0002  -0.3073200E-0003  -0.4620354E-0003   0.7123097E-0002  -0.8648762E-0003
     7.97600   0.1350040E-0001   0.1827142E-0002  -0.3109950E-0003  -0.4593753E-0003   0.7115990E-0002  -0.8884377E-0003
     7.98400   0.1351452E-0001   0.1764957E-0002  -0.3146419E-0003  -0.4558687E-0003   0.7108737E-0002  -0.9065780E-0003
     7.99200   0.1352809E-0001   0.1695203E-0002  -0.3182546E-0003  -0.4515775E-0003   0.7101372E-0002  -0.9206368E-0003
     8.00000   0.1354104E-0001   0.1619597E-0002  -0.3218271E-0003  -0.4465708E-0003   0.7093916E-0002  -0.9320284E-0003
     8.00800   0.1355336E-0001   0.1540310E-0002  -0.3253545E-0003  -0.4409234E-0003   0.7086378E-0002  -0.9422069E-0003
     8.01600   0.1356504E-0001   0.1459887E-0002  -0.3288322E-0003  -0.4347138E-0003   0.7078757E-0002  -0.9526309E-0003
     8.02400   0.1357609E-0001   0.1381161E-0002  -0.3322564E-0003  -0.4280220E-0003   0.7071039E-0002  -0.9647265E-0003
     8.03200   0.1358655E-0001   0.1307157E-0002  -0.3356238E-0003  -0.4209265E-0003   0.7063200E-0002  -0.9798518E-0003
     8.04000   0.1359648E-0001   0.1240990E-0002  -0.3389318E-0003  -0.4135016E-0003   0.7055206E-0002  -0.9992624E-0003
     8.04800   0.1360596E-0001   0.1185768E-0002  -0.3421783E-0003  -0.4058145E-0003   0.7047014E-0002  -0.1024080E-0002
     8.05600   0.1361512E-0001   0.1144483E-0002  -0.3453617E-0003  -0.3979232E-0003   0.7038571E-0002  -0.1055264E-0002
     8.06400   0.1362408E-0001   0.1119921E-0002  -0.3484807E-0003  -0.3898745E-0003   0.7029823E-0002  -0.1093588E-0002
     8.07200   0.1363300E-0001   0.1114569E-0002  -0.3515343E-0003  -0.3817025E-0003   0.7020706E-0002  -0.1139621E-0002
     8.08000   0.1364204E-0001   0.1130528E-0002  -0.3545218E-0003  -0.3734282E-0003   0.7011156E-0002  -0.1193716E-0002
     8.08800   0.1365140E-0001   0.1169448E-0002  -0.3574422E-0003  -0.3650600E-0003   0.7001108E-0002  -0.1255999E-0002
     8.09600   0.1366126E-0001   0.1232463E-0002  -0.3602950E-0003  -0.3565945E-0003   0.6990497E-0002  -0.1326376E-0002
     8.10400   0.1367182E-0001   0.1320151E-0002  -0.3630791E-0003  -0.3480183E-0003   0.6979261E-0002  -0.1404529E-0002
     8.11200   0.1368328E-0001   0.1432500E-0002  -0.3657936E-0003  -0.3393101E-0003   0.6967341E-0002  -0.1489935E-0002
     8.12000   0.1369583E-0001   0.1568893E-0002  -0.3684372E-0003  -0.3304431E-0003   0.6954686E-0002  -0.1581880E-0002
     8.12800   0.1370965E-0001   0.1728115E-0002  -0.3710083E-0003  -0.3213875E-0003   0.6941250E-0002  -0.1679483E-0002
     8.13600   0.1372492E-0001   0.1908363E-0002  -0.3735052E-0003  -0.3121131E-0003   0.6926997E-0002  -0.1781718E-0002
     8.14400   0.1374178E-0001   0.2107284E-0002  -0.3759259E-0003  -0.3025908E-0003   0.6911897E-0002  -0.1887449E-0002
     8.15200   0.1376035E-0001   0.2322017E-0002  -0.3782683E-0003  -0.2927945E-0003   0.6895933E-0002  -0.1995462E-0002
     8.16000   0.1378075E-0001   0.2549255E-0002  -0.3805299E-0003  -0.2827016E-0003   0.6879097E-0002  -0.2104496E-0002
     8.16800   0.1380303E-0001   0.2785312E-0002  -0.3827082E-0003  -0.2722930E-0003   0.6861391E-0002  -0.2213279E-0002
     8.17600   0.1382724E-0001   0.3026207E-0002  -0.3848006E-0003  -0.2615533E-0003   0.6842827E-0002  -0.2320565E-0002
     8.18400   0.1385338E-0001   0.3267744E-0002  -0.3868044E-0003  -0.2504691E-0003   0.6823425E-0002  -0.2425160E-0002
     8.19200   0.1388143E-0001   0.3505611E-0002  -0.3887166E-0003  -0.2390284E-0003   0.6803218E-0002  -0.2525960E-0002
     8.20000   0.1391131E-0001   0.3735467E-0002  -0.3905344E-0003  -0.2272189E-0003   0.6782242E-0002  -0.2621970E-0002
     8.20800   0.1394294E-0001   0.3953042E-0002  -0.3922546E-0003  -0.2150272E-0003   0.6760543E-0002  -0.2712331E-0002
     8.21600   0.1397617E-0001   0.4154226E-0002  -0.3938741E-0003  -0.2024378E-0003   0.6738173E-0002  -0.2796338E-0002
     8.22400   0.1401085E-0001   0.4335159E-0002  -0.3953896E-0003  -0.1894332E-0003   0.6715185E-0002  -0.2873450E-0002
     8.23200   0.1404679E-0001   0.4492313E-0002  -0.3967975E-0003  -0.1759943E-0003   0.6691639E-0002  -0.2943297E-0002
     8.24000   0.1408377E-0001   0.4622567E-0002  -0.3980943E-0003  -0.1621021E-0003   0.6667593E-0002  -0.3005687E-0002
     8.24800   0.1412156E-0001   0.4723272E-0002  -0.3992762E-0003  -0.1477394E-0003   0.6643108E-0002  -0.3060594E-0002
     8.25600   0.1415989E-0001   0.4792303E-0002  -0.4003394E-0003  -0.1328943E-0003   0.6618243E-0002  -0.3108157E-0002
     8.26400   0.1419852E-0001   0.4828100E-0002  -0.4012799E-0003  -0.1175630E-0003   0.6593054E-0002  -0.3148661E-0002
     8.27200   0.1423716E-0001   0.4829702E-0002  -0.4020939E-0003  -0.1017536E-0003   0.6567594E-0002  -0.3182525E-0002
     8.28000   0.1427553E-0001   0.4796756E-0002  -0.4027779E-0003  -0.8548932E-0004   0.6541911E-0002  -0.3210273E-0002
     8.28800   0.1431337E-0001   0.4729523E-0002  -0.4033283E-0003  -0.6881160E-0004   0.6516051E-0002  -0.3232519E-0002
     8.29600   0.1435040E-0001   0.4628867E-0002  -0.4037426E-0003  -0.5178236E-0004   0.6490052E-0002  -0.3249933E-0002
     8.30400   0.1438637E-0001   0.4496229E-0002  -0.4040185E-0003  -0.3448509E-0004   0.6463946E-0002  -0.3263223E-0002
     8.31200   0.1442104E-0001   0.4333593E-0002  -0.4041547E-0003  -0.1702487E-0004   0.6437761E-0002  -0.3273099E-0002
     8.32000   0.1445418E-0001   0.4143438E-0002  -0.4041509E-0003   0.4730615E-0006   0.6411519E-0002  -0.3280255E-0002
     8.32800   0.1448561E-0001   0.3928684E-0002  -0.4040080E-0003   0.1786603E-0004   0.6385236E-0002  -0.3285340E-0002
     8.33600   0.1451515E-0001   0.3692623E-0002  -0.4037280E-0003   0.3499789E-0004   0.6358925E-0002  -0.3288940E-0002
     8.34400   0.1454266E-0001   0.3438855E-0002  -0.4033144E-0003   0.5170405E-0004   0.6332593E-0002  -0.3291551E-0002
     8.35200   0.1456803E-0001   0.3171206E-0002  -0.4027718E-0003   0.6781710E-0004   0.6306244E-0002  -0.3293575E-0002
     8.36000   0.1459118E-0001   0.2893652E-0002  -0.4021064E-0003   0.8317284E-0004   0.6279882E-0002  -0.3295297E-0002
     8.36800   0.1461207E-0001   0.2610243E-0002  -0.4013255E-0003   0.9761612E-0004   0.6253506E-0002  -0.3296887E-0002
     8.37600   0.1463067E-0001   0.2325015E-0002  -0.4004375E-0003   0.1110061E-0003   0.6227119E-0002  -0.3298389E-0002
     8.38400   0.1464700E-0001   0.2041924E-0002  -0.3994517E-0003   0.1232209E-0003   0.6200722E-0002  -0.3299728E-0002
     8.39200   0.1466112E-0001   0.1764765E-0002  -0.3983784E-0003   0.1341601E-0003   0.6174316E-0002  -0.3300714E-0002
     8.40000   0.1467310E-0001   0.1497113E-0002  -0.3972284E-0003   0.1437470E-0003   0.6147907E-0002  -0.3301048E-0002
     8.40800   0.1468303E-0001   0.1242255E-0002  -0.3960130E-0003   0.1519282E-0003   0.6121505E-0002  -0.3300340E-0002
     8.41600   0.1469106E-0001   0.1003144E-0002  -0.3947436E-0003   0.1586722E-0003   0.6095120E-0002  -0.3298121E-0002
     8.42400   0.1469732E-0001   0.7823549E-0003  -0.3934319E-0003   0.1639661E-0003   0.6068769E-0002  -0.3293862E-0002
     8.43200   0.1470197E-0001   0.5820473E-0003  -0.3920894E-0003   0.1678120E-0003   0.6042473E-0002  -0.3286996E-0002
     8.44000   0.1470521E-0001   0.4039449E-0003  -0.3907276E-0003   0.1702214E-0003   0.6016257E-0002  -0.3276934E-0002
     8.44800   0.1470720E-0001   0.2493197E-0003  -0.3893579E-0003   0.1712106E-0003   0.5990153E-0002  -0.3263094E-0002
     8.45600   0.1470815E-0001   0.1189879E-0003  -0.3879916E-0003   0.1707954E-0003   0.5964193E-0002  -0.3244915E-0002
     8.46400   0.1470826E-0001   0.1331469E-0004  -0.3866397E-0003   0.1689864E-0003   0.5938418E-0002  -0.3221881E-0002
     8.47200   0.1470772E-0001  -0.6777199E-0004  -0.3853134E-0003   0.1657864E-0003   0.5912870E-0002  -0.3193537E-0002
     8.48000   0.1470672E-0001  -0.1247596E-0003  -0.3840239E-0003   0.1611877E-0003   0.5887594E-0002  -0.3159508E-0002
     8.48800   0.1470545E-0001  -0.1585221E-0003  -0.3827825E-0003   0.1551722E-0003   0.5862638E-0002  -0.3119511E-0002
     8.49600   0.1470409E-0001  -0.1702844E-0003  -0.3816008E-0003   0.1477128E-0003   0.5838051E-0002  -0.3073363E-0002
     8.50400   0.1470280E-0001  -0.1615823E-0003  -0.3804906E-0003   0.1387762E-0003   0.5813883E-0002  -0.3020995E-0002
     8.51200   0.1470172E-0001  -0.1342178E-0003  -0.3794640E-0003   0.1283278E-0003   0.5790183E-0002  -0.2962446E-0002
     8.52000   0.1470100E-0001  -0.9021246E-0004  -0.3785333E-0003   0.1163368E-0003   0.5767000E-0002  -0.2897871E-0002
     8.52800   0.1470075E-0001  -0.3175794E-0004  -0.3777110E-0003   0.1027827E-0003   0.5744380E-0002  -0.2827534E-0002
     8.53600   0.1470106E-0001   0.3883287E-0004  -0.3770097E-0003   0.8766171E-0004   0.5722366E-0002  -0.2751801E-0002
     8.54400   0.1470201E-0001   0.1191748E-0003  -0.3764418E-0003   0.7099311E-0004   0.5700997E-0002  -0.2671132E-0002
     8.55200   0.1470367E-0001   0.2068579E-0003  -0.3760192E-0003   0.5282422E-0004   0.5680308E-0002  -0.2586066E-0002
     8.56000   0.1470606E-0001   0.2994918E-0003  -0.3757533E-0003   0.3323457E-0004   0.5660330E-0002  -0.2497210E-0002
     8.56800   0.1470922E-0001   0.3947483E-0003  -0.3756546E-0003   0.1233828E-0004   0.5641089E-0002  -0.2405217E-0002
     8.57600   0.1471314E-0001   0.4903989E-0003  -0.3757323E-0003  -0.9715520E-0005   0.5622603E-0002  -0.2310777E-0002
     8.58400   0.1471782E-0001   0.5843484E-0003  -0.3759943E-0003  -0.3274413E-0004   0.5604886E-0002  -0.2214590E-0002
     8.59200   0.1472321E-0001   0.6746649E-0003  -0.3764466E-0003  -0.5653473E-0004   0.5587947E-0002  -0.2117355E-0002
     8.60000   0.1472929E-0001   0.7596032E-0003  -0.3770934E-0003  -0.8084956E-0004   0.5571789E-0002  -0.2019749E-0002
     8.60800   0.1473599E-0001   0.8376248E-0003  -0.3779368E-0003  -0.1054326E-0003   0.5556410E-0002  -0.1922413E-0002
     8.61600   0.1474325E-0001   0.9074119E-0003  -0.3789770E-0003  -0.1300170E-0003   0.5541802E-0002  -0.1825937E-0002
     8.62400   0.1475099E-0001   0.9678770E-0003  -0.3802116E-0003  -0.1543336E-0003   0.5527955E-0002  -0.1730844E-0002
     8.63200   0.1475914E-0001   0.1018168E-0002  -0.3816366E-0003  -0.1781190E-0003   0.5514855E-0002  -0.1637588E-0002
     8.64000   0.1476760E-0001   0.1057669E-0002  -0.3832456E-0003  -0.2011234E-0003   0.5502482E-0002  -0.1546537E-0002
     8.64800   0.1477629E-0001   0.1085995E-0002  -0.3850305E-0003  -0.2231176E-0003   0.5490819E-0002  -0.1457976E-0002
     8.65600   0.1478511E-0001   0.1102987E-0002  -0.3869817E-0003  -0.2438985E-0003   0.5479842E-0002  -0.1372100E-0002
     8.66400   0.1479398E-0001   0.1108701E-0002  -0.3890881E-0003  -0.2632932E-0003   0.5469530E-0002  -0.1289016E-0002
     8.67200   0.1480281E-0001   0.1103393E-0002  -0.3913373E-0003  -0.2811614E-0003   0.5459860E-0002  -0.1208748E-0002
     8.68000   0.1481151E-0001   0.1087507E-0002  -0.3937165E-0003  -0.2973961E-0003   0.5450810E-0002  -0.1131241E-0002
     8.68800   0.1482000E-0001   0.1061653E-0002  -0.3962119E-0003  -0.3119221E-0003   0.5442359E-0002  -0.1056370E-0002
     8.69600   0.1482822E-0001   0.1026591E-0002  -0.3988094E-0003  -0.3246940E-0003   0.5434487E-0002  -0.9839494E-0003
     8.70400   0.1483608E-0001   0.9832126E-0003  -0.4014950E-0003  -0.3356918E-0003   0.5427177E-0002  -0.9137455E-0003
     8.71200   0.1484354E-0001   0.9325153E-0003  -0.4042543E-0003  -0.3449169E-0003   0.5420413E-0002  -0.8454869E-0003
     8.72000   0.1485055E-0001   0.8755856E-0003  -0.4070734E-0003  -0.3523863E-0003   0.5414182E-0002  -0.7788795E-0003
     8.72800   0.1485705E-0001   0.8135759E-0003  -0.4099384E-0003  -0.3581274E-0003   0.5408473E-0002  -0.7136191E-0003
     8.73600   0.1486304E-0001   0.7476839E-0003  -0.4128358E-0003  -0.3621736E-0003   0.5403278E-0002  -0.6494049E-0003
     8.74400   0.1486847E-0001   0.6791318E-0003  -0.4157523E-0003  -0.3645588E-0003   0.5398591E-0002  -0.5859522E-0003
     8.75200   0.1487334E-0001   0.6091461E-0003  -0.4186748E-0003  -0.3653146E-0003   0.5394406E-0002  -0.5230042E-0003
     8.76000   0.1487765E-0001   0.5389384E-0003  -0.4215905E-0003  -0.3644672E-0003   0.5390724E-0002  -0.4603427E-0003
     8.76800   0.1488141E-0001   0.4696871E-0003  -0.4244868E-0003  -0.3620362E-0003   0.5387541E-0002  -0.3977970E-0003
     8.77600   0.1488463E-0001   0.4025196E-0003  -0.4273511E-0003  -0.3580338E-0003   0.5384859E-0002  -0.3352513E-0003
     8.78400   0.1488734E-0001   0.3384963E-0003  -0.4301708E-0003  -0.3524661E-0003   0.5382678E-0002  -0.2726505E-0003
     8.79200   0.1488957E-0001   0.2785954E-0003  -0.4329335E-0003  -0.3453344E-0003   0.5380998E-0002  -0.2100038E-0003
     8.80000   0.1489136E-0001   0.2236995E-0003  -0.4356266E-0003  -0.3366383E-0003   0.5379819E-0002  -0.1473858E-0003
     8.80800   0.1489275E-0001   0.1745835E-0003  -0.4382376E-0003  -0.3263785E-0003   0.5379140E-0002  -0.8493692E-0004
     8.81600   0.1489381E-0001   0.1319038E-0003  -0.4407541E-0003  -0.3145608E-0003   0.5378957E-0002  -0.2286056E-0004
     8.82400   0.1489458E-0001   0.9618989E-0004  -0.4431637E-0003  -0.3012002E-0003   0.5379265E-0002   0.3858052E-0004
     8.83200   0.1489512E-0001   0.6783715E-0004  -0.4454543E-0003  -0.2863246E-0003   0.5380058E-0002   0.9906983E-0004
     8.84000   0.1489550E-0001   0.4710219E-0004  -0.4476141E-0003  -0.2699788E-0003   0.5381324E-0002   0.1582441E-0003
     8.84800   0.1489577E-0001   0.3409986E-0004  -0.4496320E-0003  -0.2522277E-0003   0.5383049E-0002   0.2157010E-0003
     8.85600   0.1489600E-0001   0.2880258E-0004  -0.4514972E-0003  -0.2331594E-0003   0.5385217E-0002   0.2710085E-0003
     8.86400   0.1489625E-0001   0.3104196E-0004  -0.4532003E-0003  -0.2128869E-0003   0.5387807E-0002   0.3237138E-0003
     8.87200   0.1489657E-0001   0.4051262E-0004  -0.4547327E-0003  -0.1915496E-0003   0.5390794E-0002   0.3733532E-0003
     8.88000   0.1489703E-0001   0.5677833E-0004  -0.4560872E-0003  -0.1693137E-0003   0.5394150E-0002   0.4194621E-0003
     8.88800   0.1489766E-0001   0.7928047E-0004  -0.4572582E-0003  -0.1463711E-0003   0.5397842E-0002   0.4615842E-0003
     8.89600   0.1489852E-0001   0.1073486E-0003  -0.4582417E-0003  -0.1229381E-0003   0.5401837E-0002   0.4992807E-0003
     8.90400   0.1489964E-0001   0.1402129E-0003  -0.4590357E-0003  -0.9925208E-0004   0.5406094E-0002   0.5321387E-0003
     8.91200   0.1490106E-0001   0.1770190E-0003  -0.4596403E-0003  -0.7556786E-0004   0.5410572E-0002   0.5597788E-0003
     8.92000   0.1490279E-0001   0.2168439E-0003  -0.4600575E-0003  -0.5215277E-0004   0.5415227E-0002   0.5818616E-0003
     8.92800   0.1490486E-0001   0.2587131E-0003  -0.4602917E-0003  -0.2928090E-0004   0.5420012E-0002   0.5980932E-0003
     8.93600   0.1490728E-0001   0.3016194E-0003  -0.4603496E-0003  -0.7226645E-0005   0.5424877E-0002   0.6082292E-0003
     8.94400   0.1491003E-0001   0.3445417E-0003  -0.4602396E-0003   0.1374222E-0004   0.5429774E-0002   0.6120784E-0003
     8.95200   0.1491313E-0001   0.3864643E-0003  -0.4599727E-0003   0.3337170E-0004   0.5434650E-0002   0.6095042E-0003
     8.96000   0.1491654E-0001   0.4263955E-0003  -0.4595612E-0003   0.5142870E-0004   0.5439454E-0002   0.6004256E-0003
     8.96800   0.1492024E-0001   0.4633864E-0003  -0.4590196E-0003   0.6770772E-0004   0.5444132E-0002   0.5848172E-0003
     8.97600   0.1492422E-0001   0.4965475E-0003  -0.4583633E-0003   0.8203695E-0004   0.5448634E-0002   0.5627071E-0003
     8.98400   0.1492842E-0001   0.5250644E-0003  -0.4576090E-0003   0.9428322E-0004   0.5452907E-0002   0.5341755E-0003
     8.99200   0.1493280E-0001   0.5482119E-0003  -0.4567742E-0003   0.1043558E-0003   0.5456902E-0002   0.4993518E-0003
     9.00000   0.1493732E-0001   0.5653648E-0003  -0.4558765E-0003   0.1122083E-0003   0.5460569E-0002   0.4584102E-0003
     9.00800   0.1494193E-0001   0.5760071E-0003  -0.4549338E-0003   0.1178395E-0003   0.5463862E-0002   0.4115667E-0003
     9.01600   0.1494657E-0001   0.5797377E-0003  -0.4539634E-0003   0.1212915E-0003   0.5466734E-0002   0.3590740E-0003
     9.02400   0.1495118E-0001   0.5762742E-0003  -0.4529823E-0003   0.1226470E-0003   0.5469144E-0002   0.3012170E-0003
     9.03200   0.1495570E-0001   0.5654523E-0003  -0.4520061E-0003   0.1220240E-0003   0.5471051E-0002   0.2383078E-0003
     9.04000   0.1496008E-0001   0.5472236E-0003  -0.4510495E-0003   0.1195698E-0003   0.5472416E-0002   0.1706813E-0003
     9.04800   0.1496426E-0001   0.5216500E-0003  -0.4501259E-0003   0.1154534E-0003   0.5473206E-0002   0.9868981E-0004
     9.05600   0.1496817E-0001   0.4888954E-0003  -0.4492470E-0003   0.1098576E-0003   0.5473387E-0002   0.2269887E-0004
     9.06400   0.1497176E-0001   0.4492151E-0003  -0.4484233E-0003   0.1029701E-0003   0.5472932E-0002  -0.5691755E-0004
     9.07200   0.1497498E-0001   0.4029439E-0003  -0.4476635E-0003   0.9497596E-0004   0.5471814E-0002  -0.1397811E-0003
     9.08000   0.1497779E-0001   0.3504816E-0003  -0.4469751E-0003   0.8604929E-0004   0.5470009E-0002  -0.2255130E-0003
     9.08800   0.1498013E-0001   0.2922786E-0003  -0.4463643E-0003   0.7634740E-0004   0.5467500E-0002  -0.3137375E-0003
     9.09600   0.1498196E-0001   0.2288200E-0003  -0.4458362E-0003   0.6600558E-0004   0.5464267E-0002  -0.4040852E-0003
     9.10400   0.1498324E-0001   0.1606107E-0003  -0.4453952E-0003   0.5513393E-0004   0.5460297E-0002  -0.4961956E-0003
     9.11200   0.1498395E-0001   0.8815967E-0004  -0.4450446E-0003   0.4381593E-0004   0.5455580E-0002  -0.5897195E-0003
     9.12000   0.1498404E-0001   0.1196705E-0004  -0.4447878E-0003   0.3210895E-0004   0.5450105E-0002  -0.6843212E-0003
     9.12800   0.1498350E-0001  -0.6748878E-0004  -0.4446274E-0003   0.2004645E-0004   0.5443868E-0002  -0.7796794E-0003
     9.13600   0.1498230E-0001  -0.1497612E-0003  -0.4445663E-0003   0.7641639E-0005   0.5436864E-0002  -0.8754887E-0003
     9.14400   0.1498043E-0001  -0.2344434E-0003  -0.4446071E-0003  -0.5107708E-0005   0.5429092E-0002  -0.9714602E-0003
     9.15200   0.1497786E-0001  -0.3211738E-0003  -0.4447528E-0003  -0.1821383E-0004   0.5420553E-0002  -0.1067321E-0002
     9.16000   0.1497458E-0001  -0.4096381E-0003  -0.4450064E-0003  -0.3169332E-0004   0.5411251E-0002  -0.1162816E-0002
     9.16800   0.1497059E-0001  -0.4995698E-0003  -0.4453709E-0003  -0.4556178E-0004   0.5401189E-0002  -0.1257703E-0002
     9.17600   0.1496586E-0001  -0.5907458E-0003  -0.4458495E-0003  -0.5982926E-0004   0.5390375E-0002  -0.1351757E-0002
     9.18400   0.1496040E-0001  -0.6829816E-0003  -0.4464455E-0003  -0.7449676E-0004   0.5378817E-0002  -0.1444767E-0002
     9.19200   0.1495419E-0001  -0.7761215E-0003  -0.4471619E-0003  -0.8955420E-0004   0.5366525E-0002  -0.1536532E-0002
     9.20000   0.1494723E-0001  -0.8700291E-0003  -0.4480018E-0003  -0.1049800E-0003   0.5353510E-0002  -0.1626863E-0002
     9.20800   0.1493951E-0001  -0.9645736E-0003  -0.4489677E-0003  -0.1207419E-0003   0.5339785E-0002  -0.1715580E-0002
     9.21600   0.1493103E-0001  -0.1059617E-0002  -0.4500621E-0003  -0.1367997E-0003   0.5325365E-0002  -0.1802511E-0002
     9.22400   0.1492179E-0001  -0.1155000E-0002  -0.4512870E-0003  -0.1531091E-0003   0.5310265E-0002  -0.1887487E-0002
     9.23200   0.1491179E-0001  -0.1250524E-0002  -0.4526440E-0003  -0.1696257E-0003   0.5294502E-0002  -0.1970346E-0002
     9.24000   0.1490102E-0001  -0.1345943E-0002  -0.4541344E-0003  -0.1863101E-0003   0.5278095E-0002  -0.2050926E-0002
     9.24800   0.1488949E-0001  -0.1440945E-0002  -0.4557595E-0003  -0.2031326E-0003   0.5261062E-0002  -0.2129069E-0002
     9.25600   0.1487721E-0001  -0.1535146E-0002  -0.4575201E-0003  -0.2200774E-0003   0.5243426E-0002  -0.2204617E-0002
     9.26400   0.1486419E-0001  -0.1628076E-0002  -0.4594173E-0003  -0.2371457E-0003   0.5225206E-0002  -0.2277410E-0002
     9.27200   0.1485044E-0001  -0.1719178E-0002  -0.4614522E-0003  -0.2543570E-0003   0.5206428E-0002  -0.2347290E-0002
     9.28000   0.1483597E-0001  -0.1807803E-0002  -0.4636261E-0003  -0.2717497E-0003   0.5187115E-0002  -0.2414099E-0002
     9.28800   0.1482083E-0001  -0.1893210E-0002  -0.4659412E-0003  -0.2893789E-0003   0.5167294E-0002  -0.2477679E-0002
     9.29600   0.1480503E-0001  -0.1974576E-0002  -0.4683997E-0003  -0.3073136E-0003   0.5146991E-0002  -0.2537875E-0002
     9.30400   0.1478862E-0001  -0.2051001E-0002  -0.4710047E-0003  -0.3256313E-0003   0.5126234E-0002  -0.2594533E-0002
     9.31200   0.1477165E-0001  -0.2121521E-0002  -0.4737600E-0003  -0.3444123E-0003   0.5105054E-0002  -0.2647506E-0002
     9.32000   0.1475417E-0001  -0.2185127E-0002  -0.4766699E-0003  -0.3637326E-0003   0.5083481E-0002  -0.2696652E-0002
     9.32800   0.1473624E-0001  -0.2240785E-0002  -0.4797392E-0003  -0.3836574E-0003   0.5061546E-0002  -0.2741838E-0002
     9.33600   0.1471794E-0001  -0.2287457E-0002  -0.4829730E-0003  -0.4042336E-0003   0.5039283E-0002  -0.2782942E-0002
     9.34400   0.1469935E-0001  -0.2324131E-0002  -0.4863769E-0003  -0.4254842E-0003   0.5016724E-0002  -0.2819855E-0002
     9.35200   0.1468055E-0001  -0.2349846E-0002  -0.4899561E-0003  -0.4474038E-0003   0.4993904E-0002  -0.2852484E-0002
     9.36000   0.1466164E-0001  -0.2363719E-0002  -0.4937158E-0003  -0.4699554E-0003   0.4970858E-0002  -0.2880752E-0002
     9.36800   0.1464272E-0001  -0.2364978E-0002  -0.4976603E-0003  -0.4930690E-0003   0.4947621E-0002  -0.2904604E-0002
     9.37600   0.1462390E-0001  -0.2352989E-0002  -0.5017935E-0003  -0.5166434E-0003   0.4924229E-0002  -0.2924007E-0002
     9.38400   0.1460528E-0001  -0.2327280E-0002  -0.5061179E-0003  -0.5405485E-0003   0.4900718E-0002  -0.2938948E-0002
     9.39200   0.1458698E-0001  -0.2287569E-0002  -0.5106349E-0003  -0.5646305E-0003   0.4877122E-0002  -0.2949442E-0002
     9.40000   0.1456911E-0001  -0.2233782E-0002  -0.5153447E-0003  -0.5887185E-0003   0.4853478E-0002  -0.2955530E-0002
     9.40800   0.1455178E-0001  -0.2166070E-0002  -0.5202457E-0003  -0.6126322E-0003   0.4829820E-0002  -0.2957277E-0002
     9.41600   0.1453510E-0001  -0.2084822E-0002  -0.5253352E-0003  -0.6361898E-0003   0.4806182E-0002  -0.2954778E-0002
     9.42400   0.1451918E-0001  -0.1990670E-0002  -0.5306090E-0003  -0.6592173E-0003   0.4782596E-0002  -0.2948153E-0002
     9.43200   0.1450410E-0001  -0.1884489E-0002  -0.5360614E-0003  -0.6815558E-0003   0.4759096E-0002  -0.2937549E-0002
     9.44000   0.1448996E-0001  -0.1767393E-0002  -0.5416860E-0003  -0.7030696E-0003   0.4735711E-0002  -0.2923140E-0002
     9.44800   0.1447684E-0001  -0.1640719E-0002  -0.5474752E-0003  -0.7236516E-0003   0.4712470E-0002  -0.2905122E-0002
     9.45600   0.1446479E-0001  -0.1506010E-0002  -0.5534210E-0003  -0.7432278E-0003   0.4689400E-0002  -0.2883717E-0002
     9.46400   0.1445387E-0001  -0.1364991E-0002  -0.5595151E-0003  -0.7617603E-0003   0.4666527E-0002  -0.2859167E-0002
     9.47200   0.1444411E-0001  -0.1219535E-0002  -0.5657491E-0003  -0.7792479E-0003   0.4643873E-0002  -0.2831734E-0002
     9.48000   0.1443554E-0001  -0.1071628E-0002  -0.5721149E-0003  -0.7957250E-0003   0.4621459E-0002  -0.2801698E-0002
     9.48800   0.1442815E-0001  -0.9233286E-0003  -0.5786049E-0003  -0.8112591E-0003   0.4599304E-0002  -0.2769353E-0002
     9.49600   0.1442194E-0001  -0.7767221E-0003  -0.5852125E-0003  -0.8259467E-0003   0.4577424E-0002  -0.2735007E-0002
     9.50400   0.1441687E-0001  -0.6338749E-0003  -0.5919318E-0003  -0.8399086E-0003   0.4555833E-0002  -0.2698980E-0002
     9.51200   0.1441289E-0001  -0.4967851E-0003  -0.5987581E-0003  -0.8532837E-0003   0.4534540E-0002  -0.2661597E-0002
     9.52000   0.1440995E-0001  -0.3673339E-0003  -0.6056879E-0003  -0.8662239E-0003   0.4513554E-0002  -0.2623190E-0002
     9.52800   0.1440798E-0001  -0.2472373E-0003  -0.6127190E-0003  -0.8788875E-0003   0.4492881E-0002  -0.2584096E-0002
     9.53600   0.1440687E-0001  -0.1380015E-0003  -0.6198504E-0003  -0.8914339E-0003   0.4472524E-0002  -0.2544650E-0002
     9.54400   0.1440654E-0001  -0.4088046E-0004  -0.6270826E-0003  -0.9040191E-0003   0.4452483E-0002  -0.2505188E-0002
     9.55200   0.1440689E-0001   0.4316100E-0004  -0.6344169E-0003  -0.9167915E-0003   0.4432754E-0002  -0.2466043E-0002
     9.56000   0.1440780E-0001   0.1134783E-0003  -0.6418560E-0003  -0.9298883E-0003   0.4413334E-0002  -0.2427542E-0002
     9.56800   0.1440916E-0001   0.1697712E-0003  -0.6494035E-0003  -0.9434336E-0003   0.4394214E-0002  -0.2390003E-0002
     9.57600   0.1441085E-0001   0.2121004E-0003  -0.6570638E-0003  -0.9575367E-0003   0.4375384E-0002  -0.2353740E-0002
     9.58400   0.1441278E-0001   0.2408951E-0003  -0.6648421E-0003  -0.9722910E-0003   0.4356832E-0002  -0.2319050E-0002
     9.59200   0.1441484E-0001   0.2569523E-0003  -0.6727443E-0003  -0.9877736E-0003   0.4338542E-0002  -0.2286223E-0002
     9.60000   0.1441693E-0001   0.2614265E-0003  -0.6807767E-0003  -0.1004045E-0002   0.4320498E-0002  -0.2255531E-0002
     9.60800   0.1441897E-0001   0.2558098E-0003  -0.6889459E-0003  -0.1021150E-0002   0.4302680E-0002  -0.2227233E-0002
     9.61600   0.1442091E-0001   0.2419042E-0003  -0.6972588E-0003  -0.1039116E-0002   0.4285067E-0002  -0.2201568E-0002
     9.62400   0.1442268E-0001   0.2217840E-0003  -0.7057224E-0003  -0.1057955E-0002   0.4267637E-0002  -0.2178756E-0002
     9.63200   0.1442427E-0001   0.1977515E-0003  -0.7143437E-0003  -0.1077661E-0002   0.4250365E-0002  -0.2158997E-0002
     9.64000   0.1442564E-0001   0.1722847E-0003  -0.7231294E-0003  -0.1098212E-0002   0.4233226E-0002  -0.2142467E-0002
     9.64800   0.1442683E-0001   0.1479805E-0003  -0.7320860E-0003  -0.1119568E-0002   0.4216191E-0002  -0.2129318E-0002
     9.65600   0.1442785E-0001   0.1274920E-0003  -0.7412193E-0003  -0.1141672E-0002   0.4199234E-0002  -0.2119676E-0002
     9.66400   0.1442875E-0001   0.1134640E-0003  -0.7505349E-0003  -0.1164451E-0002   0.4182324E-0002  -0.2113637E-0002
     9.67200   0.1442962E-0001   0.1084661E-0003  -0.7600374E-0003  -0.1187812E-0002   0.4165434E-0002  -0.2111269E-0002
     9.68000   0.1443054E-0001   0.1149266E-0003  -0.7697306E-0003  -0.1211647E-0002   0.4148533E-0002  -0.2112607E-0002
     9.68800   0.1443162E-0001   0.1350677E-0003  -0.7796173E-0003  -0.1235833E-0002   0.4131592E-0002  -0.2117656E-0002
     9.69600   0.1443299E-0001   0.1708447E-0003  -0.7896991E-0003  -0.1260231E-0002   0.4114581E-0002  -0.2126383E-0002
     9.70400   0.1443478E-0001   0.2238897E-0003  -0.7999767E-0003  -0.1284694E-0002   0.4097471E-0002  -0.2138726E-0002
     9.71200   0.1443714E-0001   0.2954623E-0003  -0.8104492E-0003  -0.1309066E-0002   0.4080235E-0002  -0.2154583E-0002
     9.72000   0.1444024E-0001   0.3864080E-0003  -0.8211147E-0003  -0.1333184E-0002   0.4062844E-0002  -0.2173820E-0002
     9.72800   0.1444421E-0001   0.4971262E-0003  -0.8319698E-0003  -0.1356886E-0002   0.4045274E-0002  -0.2196266E-0002
     9.73600   0.1444923E-0001   0.6275472E-0003  -0.8430099E-0003  -0.1380012E-0002   0.4027500E-0002  -0.2221718E-0002
     9.74400   0.1445545E-0001   0.7771216E-0003  -0.8542291E-0003  -0.1402408E-0002   0.4009501E-0002  -0.2249939E-0002
     9.75200   0.1446301E-0001   0.9448193E-0003  -0.8656206E-0003  -0.1423928E-0002   0.3991255E-0002  -0.2280660E-0002
     9.76000   0.1447204E-0001   0.1129141E-0002  -0.8771761E-0003  -0.1444440E-0002   0.3972747E-0002  -0.2313583E-0002
     9.76800   0.1448267E-0001   0.1328143E-0002  -0.8888867E-0003  -0.1463824E-0002   0.3953960E-0002  -0.2348383E-0002
     9.77600   0.1449498E-0001   0.1539465E-0002  -0.9007425E-0003  -0.1481975E-0002   0.3934882E-0002  -0.2384712E-0002
     9.78400   0.1450907E-0001   0.1760383E-0002  -0.9127329E-0003  -0.1498804E-0002   0.3915504E-0002  -0.2422200E-0002
     9.79200   0.1452497E-0001   0.1987852E-0002  -0.9248468E-0003  -0.1514235E-0002   0.3895821E-0002  -0.2460459E-0002
     9.80000   0.1454272E-0001   0.2218579E-0002  -0.9370724E-0003  -0.1528205E-0002   0.3875828E-0002  -0.2499089E-0002
     9.80800   0.1456231E-0001   0.2449081E-0002  -0.9493977E-0003  -0.1540660E-0002   0.3855527E-0002  -0.2537680E-0002
     9.81600   0.1458372E-0001   0.2675764E-0002  -0.9618102E-0003  -0.1551556E-0002   0.3834920E-0002  -0.2575815E-0002
     9.82400   0.1460688E-0001   0.2895002E-0002  -0.9742970E-0003  -0.1560849E-0002   0.3814015E-0002  -0.2613079E-0002
     9.83200   0.1463170E-0001   0.3103209E-0002  -0.9868450E-0003  -0.1568498E-0002   0.3792823E-0002  -0.2649058E-0002
     9.84000   0.1465808E-0001   0.3296922E-0002  -0.9994406E-0003  -0.1574459E-0002   0.3771356E-0002  -0.2683345E-0002
     9.84800   0.1468586E-0001   0.3472877E-0002  -0.1012070E-0002  -0.1578682E-0002   0.3749632E-0002  -0.2715547E-0002
     9.85600   0.1471488E-0001   0.3628080E-0002  -0.1024719E-0002  -0.1581112E-0002   0.3727670E-0002  -0.2745284E-0002
     9.86400   0.1474496E-0001   0.3759876E-0002  -0.1037372E-0002  -0.1581683E-0002   0.3705492E-0002  -0.2772200E-0002
     9.87200   0.1477589E-0001   0.3866003E-0002  -0.1050015E-0002  -0.1580321E-0002   0.3683124E-0002  -0.2795959E-0002
     9.88000   0.1480745E-0001   0.3944650E-0002  -0.1062631E-0002  -0.1576945E-0002   0.3660594E-0002  -0.2816256E-0002
     9.88800   0.1483940E-0001   0.3994492E-0002  -0.1075202E-0002  -0.1571467E-0002   0.3637932E-0002  -0.2832815E-0002
     9.89600   0.1487152E-0001   0.4014721E-0002  -0.1087713E-0002  -0.1563793E-0002   0.3615169E-0002  -0.2845394E-0002
     9.90400   0.1490356E-0001   0.4005064E-0002  -0.1100143E-0002  -0.1553832E-0002   0.3592338E-0002  -0.2853789E-0002
     9.91200   0.1493529E-0001   0.3965790E-0002  -0.1112475E-0002  -0.1541493E-0002   0.3569476E-0002  -0.2857835E-0002
     9.92000   0.1496647E-0001   0.3897701E-0002  -0.1124689E-0002  -0.1526693E-0002   0.3546616E-0002  -0.2857409E-0002
     9.92800   0.1499689E-0001   0.3802116E-0002  -0.1136764E-0002  -0.1509363E-0002   0.3523797E-0002  -0.2852431E-0002
     9.93600   0.1502633E-0001   0.3680841E-0002  -0.1148679E-0002  -0.1489447E-0002   0.3501054E-0002  -0.2842865E-0002
     9.94400   0.1505462E-0001   0.3536124E-0002  -0.1160415E-0002  -0.1466911E-0002   0.3478424E-0002  -0.2828719E-0002
     9.95200   0.1508159E-0001   0.3370610E-0002  -0.1171949E-0002  -0.1441744E-0002   0.3455944E-0002  -0.2810047E-0002
     9.96000   0.1510709E-0001   0.3187278E-0002  -0.1183260E-0002  -0.1413962E-0002   0.3433648E-0002  -0.2786949E-0002
     9.96800   0.1513100E-0001   0.2989376E-0002  -0.1194329E-0002  -0.1383611E-0002   0.3411572E-0002  -0.2759565E-0002
     9.97600   0.1515324E-0001   0.2780350E-0002  -0.1205135E-0002  -0.1350765E-0002   0.3389747E-0002  -0.2728081E-0002
     9.98400   0.1517375E-0001   0.2563766E-0002  -0.1215659E-0002  -0.1315532E-0002   0.3368205E-0002  -0.2692719E-0002
     9.99200   0.1519250E-0001   0.2343239E-0002  -0.1225884E-0002  -0.1278050E-0002   0.3346975E-0002  -0.2653741E-0002
    10.00000   0.1520948E-0001   0.2122346E-0002  -0.1235792E-0002  -0.1238484E-0002   0.3326084E-0002  -0.2611441E-0002
    10.00800   0.1522472E-0001   0.1904563E-0002  -0.1245368E-0002  -0.1197030E-0002   0.3305555E-0002  -0.2566142E-0002
    10.01600   0.1523826E-0001   0.1693183E-0002  -0.1254599E-0002  -0.1153907E-0002   0.3285409E-0002  -0.2518194E-0002
    10.02400   0.1525019E-0001   0.1491256E-0002  -0.1263474E-0002  -0.1109354E-0002   0.3265665E-0002  -0.2467963E-0002
    10.03200   0.1526060E-0001   0.1301531E-0002  -0.1271983E-0002  -0.1063630E-0002   0.3246339E-0002  -0.2415835E-0002
    10.04000   0.1526961E-0001   0.1126399E-0002  -0.1280119E-0002  -0.1017003E-0002   0.3227441E-0002  -0.2362201E-0002
    10.04800   0.1527736E-0001   0.9678584E-0003  -0.1287877E-0002  -0.9697510E-0003   0.3208982E-0002  -0.2307456E-0002
    10.05600   0.1528398E-0001   0.8274803E-0003  -0.1295254E-0002  -0.9221517E-0003   0.3190966E-0002  -0.2251992E-0002
    10.06400   0.1528963E-0001   0.7063891E-0003  -0.1302250E-0002  -0.8744799E-0003   0.3173396E-0002  -0.2196194E-0002
    10.07200   0.1529447E-0001   0.6052534E-0003  -0.1308866E-0002  -0.8270013E-0003   0.3156273E-0002  -0.2140428E-0002
    10.08000   0.1529866E-0001   0.5242879E-0003  -0.1315106E-0002  -0.7799662E-0003   0.3139592E-0002  -0.2085044E-0002
    10.08800   0.1530237E-0001   0.4632662E-0003  -0.1320975E-0002  -0.7336049E-0003   0.3123349E-0002  -0.2030362E-0002
    10.09600   0.1530574E-0001   0.4215437E-0003  -0.1326480E-0002  -0.6881225E-0003   0.3107536E-0002  -0.1976675E-0002
    10.10400   0.1530893E-0001   0.3980904E-0003  -0.1331629E-0002  -0.6436949E-0003   0.3092142E-0002  -0.1924238E-0002
    10.11200   0.1531206E-0001   0.3915319E-0003  -0.1336433E-0002  -0.6004645E-0003   0.3077156E-0002  -0.1873271E-0002
    10.12000   0.1531526E-0001   0.4001974E-0003  -0.1340901E-0002  -0.5585383E-0003   0.3062564E-0002  -0.1823950E-0002
    10.12800   0.1531864E-0001   0.4221736E-0003  -0.1345045E-0002  -0.5179852E-0003   0.3048353E-0002  -0.1776410E-0002
    10.13600   0.1532228E-0001   0.4553636E-0003  -0.1348876E-0002  -0.4788359E-0003   0.3034507E-0002  -0.1730743E-0002
    10.14400   0.1532626E-0001   0.4975469E-0003  -0.1352405E-0002  -0.4410828E-0003   0.3021011E-0002  -0.1686997E-0002
    10.15200   0.1533063E-0001   0.5464424E-0003  -0.1355642E-0002  -0.4046818E-0003   0.3007850E-0002  -0.1645178E-0002
    10.16000   0.1533543E-0001   0.5997691E-0003  -0.1358598E-0002  -0.3695547E-0003   0.2995008E-0002  -0.1605253E-0002
    10.16800   0.1534067E-0001   0.6553056E-0003  -0.1361283E-0002  -0.3355934E-0003   0.2982470E-0002  -0.1567152E-0002
    10.17600   0.1534636E-0001   0.7109458E-0003  -0.1363705E-0002  -0.3026638E-0003   0.2970224E-0002  -0.1530774E-0002
    10.18400   0.1535248E-0001   0.7647491E-0003  -0.1365869E-0002  -0.2706116E-0003   0.2958256E-0002  -0.1495988E-0002
    10.19200   0.1535900E-0001   0.8149853E-0003  -0.1367784E-0002  -0.2392679E-0003   0.2946555E-0002  -0.1462644E-0002
    10.20000   0.1536588E-0001   0.8601709E-0003  -0.1369451E-0002  -0.2084556E-0003   0.2935111E-0002  -0.1430575E-0002
    10.20800   0.1537307E-0001   0.8990991E-0003  -0.1370875E-0002  -0.1779957E-0003   0.2923914E-0002  -0.1399604E-0002
    10.21600   0.1538052E-0001   0.9308594E-0003  -0.1372057E-0002  -0.1477125E-0003   0.2912957E-0002  -0.1369553E-0002
    10.22400   0.1538816E-0001   0.9548497E-0003  -0.1372996E-0002  -0.1174401E-0003   0.2902235E-0002  -0.1340247E-0002
    10.23200   0.1539593E-0001   0.9707786E-0003  -0.1373693E-0002  -0.8702627E-0004   0.2891743E-0002  -0.1311521E-0002
    10.24000   0.1540376E-0001   0.9786591E-0003  -0.1374143E-0002  -0.5633695E-0004   0.2881477E-0002  -0.1283229E-0002
    10.24800   0.1541159E-0001   0.9787942E-0003  -0.1374345E-0002  -0.2525881E-0004   0.2871435E-0002  -0.1255244E-0002
    10.25600   0.1541936E-0001   0.9717537E-0003  -0.1374295E-0002   0.6298769E-0005   0.2861616E-0002  -0.1227469E-0002
    10.26400   0.1542703E-0001   0.9583455E-0003  -0.1373988E-0002   0.3840291E-0004   0.2852017E-0002  -0.1199834E-0002
    10.27200   0.1543454E-0001   0.9395797E-0003  -0.1373419E-0002   0.7109738E-0004   0.2842638E-0002  -0.1172305E-0002
    10.28000   0.1544188E-0001   0.9166280E-0003  -0.1372584E-0002   0.1044036E-0003   0.2833479E-0002  -0.1144881E-0002
    10.28800   0.1544900E-0001   0.8907805E-0003  -0.1371477E-0002   0.1383225E-0003   0.2824539E-0002  -0.1117597E-0002
    10.29600   0.1545591E-0001   0.8633989E-0003  -0.1370094E-0002   0.1728362E-0003   0.2815814E-0002  -0.1090522E-0002
    10.30400   0.1546260E-0001   0.8358698E-0003  -0.1368431E-0002   0.2079109E-0003   0.2807304E-0002  -0.1063758E-0002
    10.31200   0.1546907E-0001   0.8095581E-0003  -0.1366483E-0002   0.2434991E-0003   0.2799005E-0002  -0.1037434E-0002
    10.32000   0.1547536E-0001   0.7857626E-0003  -0.1364247E-0002   0.2795417E-0003   0.2790911E-0002  -0.1011704E-0002
    10.32800   0.1548148E-0001   0.7656736E-0003  -0.1361719E-0002   0.3159699E-0003   0.2783017E-0002  -0.9867433E-0003
    10.33600   0.1548749E-0001   0.7503363E-0003  -0.1358897E-0002   0.3527069E-0003   0.2775315E-0002  -0.9627387E-0003
    10.34400   0.1549341E-0001   0.7406182E-0003  -0.1355780E-0002   0.3896684E-0003   0.2767796E-0002  -0.9398844E-0003
    10.35200   0.1549931E-0001   0.7371827E-0003  -0.1352366E-0002   0.4267630E-0003   0.2760449E-0002  -0.9183747E-0003
    10.36000   0.1550523E-0001   0.7404703E-0003  -0.1348655E-0002   0.4638923E-0003   0.2753262E-0002  -0.8983970E-0003
    10.36800   0.1551124E-0001   0.7506851E-0003  -0.1344647E-0002   0.5009502E-0003   0.2746221E-0002  -0.8801251E-0003
    10.37600   0.1551738E-0001   0.7677906E-0003  -0.1340345E-0002   0.5378225E-0003   0.2739312E-0002  -0.8637126E-0003
    10.38400   0.1552371E-0001   0.7915114E-0003  -0.1335750E-0002   0.5743856E-0003   0.2732517E-0002  -0.8492874E-0003
    10.39200   0.1553028E-0001   0.8213423E-0003  -0.1330866E-0002   0.6105067E-0003   0.2725822E-0002  -0.8369461E-0003
    10.40000   0.1553714E-0001   0.8565646E-0003  -0.1325697E-0002   0.6460433E-0003   0.2719208E-0002  -0.8267504E-0003
    10.40800   0.1554431E-0001   0.8962674E-0003  -0.1320250E-0002   0.6808438E-0003   0.2712658E-0002  -0.8187238E-0003
    10.41600   0.1555182E-0001   0.9393754E-0003  -0.1314532E-0002   0.7147485E-0003   0.2706155E-0002  -0.8128500E-0003
    10.42400   0.1555970E-0001   0.9846799E-0003  -0.1308552E-0002   0.7475918E-0003   0.2699682E-0002  -0.8090717E-0003
    10.43200   0.1556795E-0001   0.1030874E-0002  -0.1302318E-0002   0.7792050E-0003   0.2693224E-0002  -0.8072920E-0003
    10.44000   0.1557656E-0001   0.1076590E-0002  -0.1295843E-0002   0.8094196E-0003   0.2686765E-0002  -0.8073754E-0003
    10.44800   0.1558552E-0001   0.1120436E-0002  -0.1289138E-0002   0.8380716E-0003   0.2680292E-0002  -0.8091512E-0003
    10.45600   0.1559481E-0001   0.1161037E-0002  -0.1282218E-0002   0.8650061E-0003   0.2673793E-0002  -0.8124171E-0003
    10.46400   0.1560439E-0001   0.1197070E-0002  -0.1275097E-0002   0.8900827E-0003   0.2667257E-0002  -0.8169441E-0003
    10.47200   0.1561421E-0001   0.1227301E-0002  -0.1267792E-0002   0.9131794E-0003   0.2660677E-0002  -0.8224818E-0003
    10.48000   0.1562421E-0001   0.1250615E-0002  -0.1260318E-0002   0.9341984E-0003   0.2654047E-0002  -0.8287637E-0003
    10.48800   0.1563434E-0001   0.1266045E-0002  -0.1252694E-0002   0.9530691E-0003   0.2647363E-0002  -0.8355140E-0003
    10.49600   0.1564452E-0001   0.1272797E-0002  -0.1244936E-0002   0.9697519E-0003   0.2640623E-0002  -0.8424528E-0003
    10.50400   0.1565468E-0001   0.1270267E-0002  -0.1237062E-0002   0.9842400E-0003   0.2633829E-0002  -0.8493025E-0003
    10.51200   0.1566475E-0001   0.1258056E-0002  -0.1229089E-0002   0.9965606E-0003   0.2626983E-0002  -0.8557924E-0003
    10.52000   0.1567464E-0001   0.1235976E-0002  -0.1221035E-0002   0.1006774E-0002   0.2620089E-0002  -0.8616641E-0003
    10.52800   0.1568427E-0001   0.1204051E-0002  -0.1212915E-0002   0.1014973E-0002   0.2613156E-0002  -0.8666750E-0003
    10.53600   0.1569357E-0001   0.1162516E-0002  -0.1204745E-0002   0.1021278E-0002   0.2606191E-0002  -0.8706014E-0003
    10.54400   0.1570246E-0001   0.1111804E-0002  -0.1196539E-0002   0.1025834E-0002   0.2599205E-0002  -0.8732407E-0003
    10.55200   0.1571088E-0001   0.1052537E-0002  -0.1188308E-0002   0.1028806E-0002   0.2592210E-0002  -0.8744121E-0003
    10.56000   0.1571877E-0001   0.9855011E-0003  -0.1180065E-0002   0.1030370E-0002   0.2585218E-0002  -0.8739571E-0003
    10.56800   0.1572606E-0001   0.9116298E-0003  -0.1171819E-0002   0.1030712E-0002   0.2578244E-0002  -0.8717384E-0003
    10.57600   0.1573272E-0001   0.8319749E-0003  -0.1163579E-0002   0.1030016E-0002   0.2571303E-0002  -0.8676379E-0003
    10.58400   0.1573870E-0001   0.7476802E-0003  -0.1155352E-0002   0.1028462E-0002   0.2564411E-0002  -0.8615546E-0003
    10.59200   0.1574398E-0001   0.6599523E-0003  -0.1147142E-0002   0.1026214E-0002   0.2557584E-0002  -0.8534011E-0003
    10.60000   0.1574854E-0001   0.5700308E-0003  -0.1138955E-0002   0.1023425E-0002   0.2550839E-0002  -0.8431003E-0003
    10.60800   0.1575237E-0001   0.4791582E-0003  -0.1130793E-0002   0.1020221E-0002   0.2544194E-0002  -0.8305815E-0003
    10.61600   0.1575548E-0001   0.3885523E-0003  -0.1122659E-0002   0.1016708E-0002   0.2537668E-0002  -0.8157772E-0003
    10.62400   0.1575787E-0001   0.2993788E-0003  -0.1114555E-0002   0.1012965E-0002   0.2531279E-0002  -0.7986191E-0003
    10.63200   0.1575958E-0001   0.2127270E-0003  -0.1106483E-0002   0.1009043E-0002   0.2525047E-0002  -0.7790356E-0003
    10.64000   0.1576061E-0001   0.1295893E-0003  -0.1098443E-0002   0.1004970E-0002   0.2518991E-0002  -0.7569492E-0003
    10.64800   0.1576102E-0001   0.5084280E-0004  -0.1090437E-0002   0.1000748E-0002   0.2513133E-0002  -0.7322750E-0003
    10.65600   0.1576084E-0001  -0.2276388E-0004  -0.1082466E-0002   0.9963601E-0003   0.2507493E-0002  -0.7049201E-0003
    10.66400   0.1576011E-0001  -0.9062029E-0004  -0.1074532E-0002   0.9917715E-0003   0.2502095E-0002  -0.6747841E-0003
    10.67200   0.1575889E-0001  -0.1522593E-0003  -0.1066637E-0002   0.9869358E-0003   0.2496961E-0002  -0.6417607E-0003
    10.68000   0.1575724E-0001  -0.2073582E-0003  -0.1058782E-0002   0.9817993E-0003   0.2492115E-0002  -0.6057400E-0003
    10.68800   0.1575519E-0001  -0.2557350E-0003  -0.1050972E-0002   0.9763064E-0003   0.2487582E-0002  -0.5666121E-0003
    10.69600   0.1575281E-0001  -0.2973421E-0003  -0.1043209E-0002   0.9704046E-0003   0.2483388E-0002  -0.5242722E-0003
    10.70400   0.1575015E-0001  -0.3322551E-0003  -0.1035496E-0002   0.9640495E-0003   0.2479559E-0002  -0.4786250E-0003
    10.71200   0.1574727E-0001  -0.3606598E-0003  -0.1027839E-0002   0.9572094E-0003   0.2476122E-0002  -0.4295915E-0003
    10.72000   0.1574420E-0001  -0.3828362E-0003  -0.1020240E-0002   0.9498690E-0003   0.2473105E-0002  -0.3771147E-0003
    10.72800   0.1574101E-0001  -0.3991407E-0003  -0.1012703E-0002   0.9420326E-0003   0.2470536E-0002  -0.3211662E-0003
    10.73600   0.1573773E-0001  -0.4099877E-0003  -0.1005234E-0002   0.9337264E-0003   0.2468442E-0002  -0.2617526E-0003
    10.74400   0.1573440E-0001  -0.4158305E-0003  -0.9978336E-0003   0.9249996E-0003   0.2466851E-0002  -0.1989214E-0003
    10.75200   0.1573107E-0001  -0.4171423E-0003  -0.9905062E-0003   0.9159245E-0003   0.2465789E-0002  -0.1327659E-0003
    10.76000   0.1572775E-0001  -0.4143987E-0003  -0.9832534E-0003   0.9065963E-0003   0.2465281E-0002  -0.6342998E-0004
    10.76800   0.1572449E-0001  -0.4080610E-0003  -0.9760764E-0003   0.8971304E-0003   0.2465352E-0002   0.8889243E-0005
    10.77600   0.1572130E-0001  -0.3985626E-0003  -0.9689751E-0003   0.8876605E-0003   0.2466024E-0002   0.8393932E-0004
    10.78400   0.1571821E-0001  -0.3862969E-0003  -0.9619484E-0003   0.8783344E-0003   0.2467315E-0002   0.1614124E-0003
    10.79200   0.1571524E-0001  -0.3716081E-0003  -0.9549939E-0003   0.8693100E-0003   0.2469243E-0002   0.2409465E-0003
    10.80000   0.1571240E-0001  -0.3547861E-0003  -0.9481079E-0003   0.8607500E-0003   0.2471820E-0002   0.3221288E-0003
    10.80800   0.1570971E-0001  -0.3360627E-0003  -0.9412854E-0003   0.8528168E-0003   0.2475056E-0002   0.4045002E-0003
    10.81600   0.1570718E-0001  -0.3156125E-0003  -0.9345201E-0003   0.8456667E-0003   0.2478956E-0002   0.4875619E-0003
    10.82400   0.1570484E-0001  -0.2935556E-0003  -0.9278045E-0003   0.8394442E-0003   0.2483522E-0002   0.5707829E-0003
    10.83200   0.1570268E-0001  -0.2699635E-0003  -0.9211303E-0003   0.8342767E-0003   0.2488751E-0002   0.6536100E-0003
    10.84000   0.1570072E-0001  -0.2448671E-0003  -0.9144881E-0003   0.8302696E-0003   0.2494635E-0002   0.7354772E-0003
    10.84800   0.1569897E-0001  -0.2182664E-0003  -0.9078681E-0003   0.8275015E-0003   0.2501162E-0002   0.8158175E-0003
    10.85600   0.1569745E-0001  -0.1901417E-0003  -0.9012599E-0003   0.8260215E-0003   0.2508314E-0002   0.8940745E-0003
    10.86400   0.1569617E-0001  -0.1604662E-0003  -0.8946532E-0003   0.8258460E-0003   0.2516072E-0002   0.9697142E-0003
    10.87200   0.1569513E-0001  -0.1292177E-0003  -0.8880375E-0003   0.8269583E-0003   0.2524410E-0002   0.1042237E-0002
    10.88000   0.1569436E-0001  -0.9639120E-0004  -0.8814030E-0003   0.8293081E-0003   0.2533299E-0002   0.1111187E-0002
    10.88800   0.1569387E-0001  -0.6201018E-0004  -0.8747405E-0003   0.8328129E-0003   0.2542709E-0002   0.1176168E-0002
    10.89600   0.1569366E-0001  -0.2613700E-0004  -0.8680417E-0003   0.8373612E-0003   0.2552604E-0002   0.1236846E-0002
    10.90400   0.1569375E-0001   0.1111868E-0004  -0.8612991E-0003   0.8428158E-0003   0.2562947E-0002   0.1292960E-0002
    10.91200   0.1569414E-0001   0.4959324E-0004  -0.8545070E-0003   0.8490191E-0003   0.2573702E-0002   0.1344330E-0002
    10.92000   0.1569485E-0001   0.8906484E-0004  -0.8476606E-0003   0.8557984E-0003   0.2584829E-0002   0.1390859E-0002
    10.92800   0.1569589E-0001   0.1292516E-0003  -0.8407568E-0003   0.8629727E-0003   0.2596289E-0002   0.1432537E-0002
    10.93600   0.1569725E-0001   0.1698125E-0003  -0.8337939E-0003   0.8703587E-0003   0.2608045E-0002   0.1469439E-0002
    10.94400   0.1569893E-0001   0.2103508E-0003  -0.8267717E-0003   0.8777772E-0003   0.2620058E-0002   0.1501725E-0002
    10.95200   0.1570093E-0001   0.2504201E-0003  -0.8196912E-0003   0.8850597E-0003   0.2632295E-0002   0.1529635E-0002
    10.96000   0.1570325E-0001   0.2895332E-0003  -0.8125548E-0003   0.8920531E-0003   0.2644723E-0002   0.1553483E-0002
    10.96800   0.1570587E-0001   0.3271725E-0003  -0.8053658E-0003   0.8986246E-0003   0.2657312E-0002   0.1573651E-0002
    10.97600   0.1570877E-0001   0.3628029E-0003  -0.7981285E-0003   0.9046649E-0003   0.2670037E-0002   0.1590577E-0002
    10.98400   0.1571194E-0001   0.3958863E-0003  -0.7908478E-0003   0.9100900E-0003   0.2682875E-0002   0.1604744E-0002
    10.99200   0.1571534E-0001   0.4258970E-0003  -0.7835290E-0003   0.9148423E-0003   0.2695808E-0002   0.1616670E-0002
    11.00000   0.1571896E-0001   0.4523380E-0003  -0.7761779E-0003   0.9188899E-0003   0.2708824E-0002   0.1626894E-0002
    11.00800   0.1572276E-0001   0.4747575E-0003  -0.7688001E-0003   0.9222249E-0003   0.2721911E-0002   0.1635962E-0002
    11.01600   0.1572670E-0001   0.4927650E-0003  -0.7614012E-0003   0.9248609E-0003   0.2735067E-0002   0.1644415E-0002
    11.02400   0.1573075E-0001   0.5060463E-0003  -0.7539866E-0003   0.9268291E-0003   0.2748289E-0002   0.1652775E-0002
    11.03200   0.1573487E-0001   0.5143779E-0003  -0.7465612E-0003   0.9281749E-0003   0.2761581E-0002   0.1661532E-0002
    11.04000   0.1573901E-0001   0.5176387E-0003  -0.7391296E-0003   0.9289534E-0003   0.2774950E-0002   0.1671136E-0002
    11.04800   0.1574313E-0001   0.5158196E-0003  -0.7316958E-0003   0.9292253E-0003   0.2788406E-0002   0.1681981E-0002
    11.05600   0.1574721E-0001   0.5090302E-0003  -0.7242633E-0003   0.9290533E-0003   0.2801961E-0002   0.1694399E-0002
    11.06400   0.1575119E-0001   0.4975026E-0003  -0.7168354E-0003   0.9284984E-0003   0.2815630E-0002   0.1708656E-0002
    11.07200   0.1575504E-0001   0.4815913E-0003  -0.7094144E-0003   0.9276178E-0003   0.2829430E-0002   0.1724941E-0002
    11.08000   0.1575873E-0001   0.4617701E-0003  -0.7020027E-0003   0.9264623E-0003   0.2843377E-0002   0.1743366E-0002
    11.08800   0.1576224E-0001   0.4386241E-0003  -0.6946021E-0003   0.9250759E-0003   0.2857489E-0002   0.1763966E-0002
    11.09600   0.1576554E-0001   0.4128399E-0003  -0.6872141E-0003   0.9234946E-0003   0.2871782E-0002   0.1786696E-0002
    11.10400   0.1576863E-0001   0.3851902E-0003  -0.6798402E-0003   0.9217468E-0003   0.2886274E-0002   0.1811437E-0002
    11.11200   0.1577148E-0001   0.3565166E-0003  -0.6724813E-0003   0.9198533E-0003   0.2900978E-0002   0.1838000E-0002
    11.12000   0.1577410E-0001   0.3277093E-0003  -0.6651387E-0003   0.9178284E-0003   0.2915907E-0002   0.1866131E-0002
    11.12800   0.1577650E-0001   0.2996838E-0003  -0.6578133E-0003   0.9156797E-0003   0.2931071E-0002   0.1895520E-0002
    11.13600   0.1577868E-0001   0.2733569E-0003  -0.6505060E-0003   0.9134091E-0003   0.2946477E-0002   0.1925811E-0002
    11.14400   0.1578068E-0001   0.2496206E-0003  -0.6432179E-0003   0.9110118E-0003   0.2962130E-0002   0.1956612E-0002
    11.15200   0.1578252E-0001   0.2293168E-0003  -0.6359501E-0003   0.9084767E-0003   0.2978030E-0002   0.1987502E-0002
    11.16000   0.1578422E-0001   0.2132117E-0003  -0.6287038E-0003   0.9057848E-0003   0.2994175E-0002   0.2018047E-0002
    11.16800   0.1578584E-0001   0.2019714E-0003  -0.6214806E-0003   0.9029081E-0003   0.3010557E-0002   0.2047811E-0002
    11.17600   0.1578741E-0001   0.1961407E-0003  -0.6142821E-0003   0.8998077E-0003   0.3027168E-0002   0.2076363E-0002
    11.18400   0.1578898E-0001   0.1961231E-0003  -0.6071106E-0003   0.8964323E-0003   0.3043994E-0002   0.2103294E-0002
    11.19200   0.1579059E-0001   0.2021655E-0003  -0.5999689E-0003   0.8927166E-0003   0.3061020E-0002   0.2128219E-0002
    11.20000   0.1579231E-0001   0.2143460E-0003  -0.5928603E-0003   0.8885800E-0003   0.3078226E-0002   0.2150793E-0002
    11.20800   0.1579417E-0001   0.2325672E-0003  -0.5857889E-0003   0.8839265E-0003   0.3095592E-0002   0.2170717E-0002
    11.21600   0.1579622E-0001   0.2565531E-0003  -0.5787597E-0003   0.8786449E-0003   0.3113094E-0002   0.2187740E-0002
    11.22400   0.1579851E-0001   0.2858517E-0003  -0.5717788E-0003   0.8726106E-0003   0.3130708E-0002   0.2201670E-0002
    11.23200   0.1580107E-0001   0.3198423E-0003  -0.5648533E-0003   0.8656884E-0003   0.3148406E-0002   0.2212373E-0002
    11.24000   0.1580393E-0001   0.3577475E-0003  -0.5579914E-0003   0.8577367E-0003   0.3166165E-0002   0.2219780E-0002
    11.24800   0.1580712E-0001   0.3986504E-0003  -0.5512025E-0003   0.8486122E-0003   0.3183956E-0002   0.2223881E-0002
    11.25600   0.1581065E-0001   0.4415146E-0003  -0.5444971E-0003   0.8381764E-0003   0.3201754E-0002   0.2224726E-0002
    11.26400   0.1581453E-0001   0.4852095E-0003  -0.5378867E-0003   0.8263024E-0003   0.3219533E-0002   0.2222427E-0002
    11.27200   0.1581876E-0001   0.5285371E-0003  -0.5313836E-0003   0.8128813E-0003   0.3237270E-0002   0.2217148E-0002
    11.28000   0.1582332E-0001   0.5702616E-0003  -0.5250010E-0003   0.7978292E-0003   0.3254943E-0002   0.2209101E-0002
    11.28800   0.1582819E-0001   0.6091406E-0003  -0.5187522E-0003   0.7810933E-0003   0.3272531E-0002   0.2198544E-0002
    11.29600   0.1583335E-0001   0.6439569E-0003  -0.5126510E-0003   0.7626566E-0003   0.3290018E-0002   0.2185770E-0002
    11.30400   0.1583873E-0001   0.6735491E-0003  -0.5067107E-0003   0.7425417E-0003   0.3307386E-0002   0.2171100E-0002
    11.31200   0.1584431E-0001   0.6968427E-0003  -0.5009442E-0003   0.7208115E-0003   0.3324625E-0002   0.2154877E-0002
    11.32000   0.1585001E-0001   0.7128780E-0003  -0.4953636E-0003   0.6975700E-0003   0.3341725E-0002   0.2137457E-0002
    11.32800   0.1585578E-0001   0.7208359E-0003  -0.4899799E-0003   0.6729585E-0003   0.3358679E-0002   0.2119199E-0002
    11.33600   0.1586154E-0001   0.7200605E-0003  -0.4848027E-0003   0.6471518E-0003   0.3375482E-0002   0.2100462E-0002
    11.34400   0.1586722E-0001   0.7100772E-0003  -0.4798399E-0003   0.6203519E-0003   0.3392135E-0002   0.2081590E-0002
    11.35200   0.1587274E-0001   0.6906070E-0003  -0.4750977E-0003   0.5927797E-0003   0.3408638E-0002   0.2062914E-0002
    11.36000   0.1587804E-0001   0.6615756E-0003  -0.4705803E-0003   0.5646666E-0003   0.3424996E-0002   0.2044736E-0002
    11.36800   0.1588302E-0001   0.6231178E-0003  -0.4662904E-0003   0.5362454E-0003   0.3441215E-0002   0.2027334E-0002
    11.37600   0.1588763E-0001   0.5755757E-0003  -0.4622284E-0003   0.5077410E-0003   0.3457302E-0002   0.2010948E-0002
    11.38400   0.1589178E-0001   0.5194935E-0003  -0.4583935E-0003   0.4793625E-0003   0.3473269E-0002   0.1995782E-0002
    11.39200   0.1589543E-0001   0.4556048E-0003  -0.4547832E-0003   0.4512961E-0003   0.3489125E-0002   0.1982000E-0002
    11.40000   0.1589851E-0001   0.3848173E-0003  -0.4513936E-0003   0.4236998E-0003   0.3504883E-0002   0.1969727E-0002
    11.40800   0.1590097E-0001   0.3081912E-0003  -0.4482200E-0003   0.3967002E-0003   0.3520555E-0002   0.1959045E-0002
    11.41600   0.1590279E-0001   0.2269146E-0003  -0.4452568E-0003   0.3703918E-0003   0.3536155E-0002   0.1949996E-0002
    11.42400   0.1590393E-0001   0.1422752E-0003  -0.4424981E-0003   0.3448380E-0003   0.3551696E-0002   0.1942585E-0002
    11.43200   0.1590437E-0001   0.5562902E-0004  -0.4399375E-0003   0.3200743E-0003   0.3567190E-0002   0.1936781E-0002
    11.44000   0.1590412E-0001  -0.3163267E-0004  -0.4375686E-0003   0.2961138E-0003   0.3582650E-0002   0.1932520E-0002
    11.44800   0.1590317E-0001  -0.1181176E-0003  -0.4353850E-0003   0.2729528E-0003   0.3598088E-0002   0.1929715E-0002
    11.45600   0.1590155E-0001  -0.2024671E-0003  -0.4333804E-0003   0.2505785E-0003   0.3613514E-0002   0.1928253E-0002
    11.46400   0.1589929E-0001  -0.2833900E-0003  -0.4315486E-0003   0.2289759E-0003   0.3628938E-0002   0.1928006E-0002
    11.47200   0.1589641E-0001  -0.3596951E-0003  -0.4298835E-0003   0.2081343E-0003   0.3644368E-0002   0.1928836E-0002
    11.48000   0.1589297E-0001  -0.4303212E-0003  -0.4283791E-0003   0.1880531E-0003   0.3659813E-0002   0.1930598E-0002
    11.48800   0.1588901E-0001  -0.4943635E-0003  -0.4270291E-0003   0.1687460E-0003   0.3675278E-0002   0.1933148E-0002
    11.49600   0.1588460E-0001  -0.5510973E-0003  -0.4258272E-0003   0.1502429E-0003   0.3690769E-0002   0.1936346E-0002
    11.50400   0.1587980E-0001  -0.5999950E-0003  -0.4247664E-0003   0.1325902E-0003   0.3706290E-0002   0.1940065E-0002
    11.51200   0.1587468E-0001  -0.6407400E-0003  -0.4238397E-0003   0.1158490E-0003   0.3721843E-0002   0.1944189E-0002
    11.52000   0.1586929E-0001  -0.6732336E-0003  -0.4230389E-0003   0.1000910E-0003   0.3737432E-0002   0.1948622E-0002
    11.52800   0.1586371E-0001  -0.6975970E-0003  -0.4223558E-0003   0.8539289E-0004   0.3753058E-0002   0.1953288E-0002
    11.53600   0.1585800E-0001  -0.7141665E-0003  -0.4217811E-0003   0.7182992E-0004   0.3768724E-0002   0.1958132E-0002
    11.54400   0.1585221E-0001  -0.7234836E-0003  -0.4213054E-0003   0.5946846E-0004   0.3784429E-0002   0.1963122E-0002
    11.55200   0.1584640E-0001  -0.7262797E-0003  -0.4209185E-0003   0.4835882E-0004   0.3800175E-0002   0.1968250E-0002
    11.56000   0.1584061E-0001  -0.7234547E-0003  -0.4206103E-0003   0.3852860E-0004   0.3815963E-0002   0.1973529E-0002
    11.56800   0.1583488E-0001  -0.7160523E-0003  -0.4203705E-0003   0.2997733E-0004   0.3831795E-0002   0.1978992E-0002
    11.57600   0.1582924E-0001  -0.7052304E-0003  -0.4201891E-0003   0.2267286E-0004   0.3847672E-0002   0.1984690E-0002
    11.58400   0.1582370E-0001  -0.6922294E-0003  -0.4200567E-0003   0.1654984E-0004   0.3863598E-0002   0.1990687E-0002
    11.59200   0.1581828E-0001  -0.6783374E-0003  -0.4199646E-0003   0.1151048E-0004   0.3879574E-0002   0.1997059E-0002
    11.60000   0.1581296E-0001  -0.6648555E-0003  -0.4199052E-0003   0.7427660E-0005   0.3895605E-0002   0.2003888E-0002
    11.60800   0.1580773E-0001  -0.6530616E-0003  -0.4198720E-0003   0.4150230E-0005   0.3911695E-0002   0.2011260E-0002
    11.61600   0.1580258E-0001  -0.6441761E-0003  -0.4198599E-0003   0.1510091E-0005   0.3927849E-0002   0.2019258E-0002
    11.62400   0.1579746E-0001  -0.6393289E-0003  -0.4198653E-0003  -0.6693236E-0006   0.3944073E-0002   0.2027962E-0002
    11.63200   0.1579235E-0001  -0.6395293E-0003  -0.4198858E-0003  -0.2563827E-0005   0.3960373E-0002   0.2037440E-0002
    11.64000   0.1578718E-0001  -0.6456390E-0003  -0.4199205E-0003  -0.4339152E-0005   0.3976755E-0002   0.2047750E-0002
    11.64800   0.1578192E-0001  -0.6583498E-0003  -0.4199696E-0003  -0.6142195E-0005   0.3993226E-0002   0.2058937E-0002
    11.65600   0.1577649E-0001  -0.6781655E-0003  -0.4200344E-0003  -0.8093476E-0005   0.4009794E-0002   0.2071027E-0002
    11.66400   0.1577085E-0001  -0.7053895E-0003  -0.4201166E-0003  -0.1028136E-0004   0.4026467E-0002   0.2084030E-0002
    11.67200   0.1576493E-0001  -0.7401173E-0003  -0.4202187E-0003  -0.1275846E-0004   0.4043250E-0002   0.2097938E-0002
    11.68000   0.1575867E-0001  -0.7822351E-0003  -0.4203430E-0003  -0.1554052E-0004   0.4060152E-0002   0.2112727E-0002
    11.68800   0.1575202E-0001  -0.8314228E-0003  -0.4204919E-0003  -0.1860778E-0004   0.4077179E-0002   0.2128357E-0002
    11.69600   0.1574492E-0001  -0.8871640E-0003  -0.4206671E-0003  -0.2190886E-0004   0.4094337E-0002   0.2144775E-0002
    11.70400   0.1573733E-0001  -0.9487590E-0003  -0.4208701E-0003  -0.2536669E-0004   0.4111632E-0002   0.2161915E-0002
    11.71200   0.1572921E-0001  -0.1015344E-0002  -0.4211012E-0003  -0.2888625E-0004   0.4129070E-0002   0.2179706E-0002
    11.72000   0.1572052E-0001  -0.1085914E-0002  -0.4213601E-0003  -0.3236338E-0004   0.4146655E-0002   0.2198073E-0002
    11.72800   0.1571124E-0001  -0.1159345E-0002  -0.4216456E-0003  -0.3569416E-0004   0.4164390E-0002   0.2216940E-0002
    11.73600   0.1570137E-0001  -0.1234429E-0002  -0.4219559E-0003  -0.3878409E-0004   0.4182280E-0002   0.2236236E-0002
    11.74400   0.1569089E-0001  -0.1309897E-0002  -0.4222884E-0003  -0.4155643E-0004   0.4200327E-0002   0.2255898E-0002
    11.75200   0.1567981E-0001  -0.1384456E-0002  -0.4226400E-0003  -0.4395919E-0004   0.4218534E-0002   0.2275875E-0002
    11.76000   0.1566816E-0001  -0.1456815E-0002  -0.4230078E-0003  -0.4597011E-0004   0.4236903E-0002   0.2296132E-0002
    11.76800   0.1565595E-0001  -0.1525719E-0002  -0.4233886E-0003  -0.4759955E-0004   0.4255436E-0002   0.2316649E-0002
    11.77600   0.1564323E-0001  -0.1589980E-0002  -0.4237797E-0003  -0.4889082E-0004   0.4274136E-0002   0.2337431E-0002
    11.78400   0.1563005E-0001  -0.1648500E-0002  -0.4241791E-0003  -0.4991825E-0004   0.4293004E-0002   0.2358501E-0002
    11.79200   0.1561644E-0001  -0.1700299E-0002  -0.4245853E-0003  -0.5078289E-0004   0.4312043E-0002   0.2379904E-0002
    11.80000   0.1560249E-0001  -0.1744533E-0002  -0.4249982E-0003  -0.5160641E-0004   0.4331257E-0002   0.2401707E-0002
    11.80800   0.1558824E-0001  -0.1780518E-0002  -0.4254184E-0003  -0.5252352E-0004   0.4350649E-0002   0.2423996E-0002
    11.81600   0.1557378E-0001  -0.1807736E-0002  -0.4258477E-0003  -0.5367349E-0004   0.4370224E-0002   0.2446877E-0002
    11.82400   0.1555917E-0001  -0.1825850E-0002  -0.4262893E-0003  -0.5519144E-0004   0.4389987E-0002   0.2470467E-0002
    11.83200   0.1554450E-0001  -0.1834704E-0002  -0.4267469E-0003  -0.5719988E-0004   0.4409947E-0002   0.2494894E-0002
    11.84000   0.1552982E-0001  -0.1834330E-0002  -0.4272253E-0003  -0.5980121E-0004   0.4430109E-0002   0.2520293E-0002
    11.84800   0.1551522E-0001  -0.1824935E-0002  -0.4277299E-0003  -0.6307164E-0004   0.4450483E-0002   0.2546797E-0002
    11.85600   0.1550077E-0001  -0.1806899E-0002  -0.4282663E-0003  -0.6705683E-0004   0.4471080E-0002   0.2574535E-0002
    11.86400   0.1548652E-0001  -0.1780762E-0002  -0.4288405E-0003  -0.7176961E-0004   0.4491909E-0002   0.2603626E-0002
    11.87200   0.1547254E-0001  -0.1747204E-0002  -0.4294580E-0003  -0.7718985E-0004   0.4512982E-0002   0.2634171E-0002
    11.88000   0.1545889E-0001  -0.1707030E-0002  -0.4301241E-0003  -0.8326641E-0004   0.4534312E-0002   0.2666251E-0002
    11.88800   0.1544560E-0001  -0.1661148E-0002  -0.4308435E-0003  -0.8992099E-0004   0.4555911E-0002   0.2699922E-0002
    11.89600   0.1543271E-0001  -0.1610544E-0002  -0.4316199E-0003  -0.9705360E-0004   0.4577793E-0002   0.2735206E-0002
    11.90400   0.1542026E-0001  -0.1556259E-0002  -0.4324563E-0003  -0.1045492E-0003   0.4599970E-0002   0.2772098E-0002
    11.91200   0.1540827E-0001  -0.1499364E-0002  -0.4333546E-0003  -0.1122849E-0003   0.4622454E-0002   0.2810554E-0002
    11.92000   0.1539674E-0001  -0.1440933E-0002  -0.4343157E-0003  -0.1201378E-0003   0.4645258E-0002   0.2850495E-0002
    11.92800   0.1538569E-0001  -0.1382024E-0002  -0.4353396E-0003  -0.1279917E-0003   0.4668393E-0002   0.2891811E-0002
    11.93600   0.1537510E-0001  -0.1323652E-0002  -0.4364256E-0003  -0.1357442E-0003   0.4691868E-0002   0.2934355E-0002
    11.94400   0.1536496E-0001  -0.1266769E-0002  -0.4375721E-0003  -0.1433113E-0003   0.4715691E-0002   0.2977951E-0002
    11.95200   0.1535526E-0001  -0.1212248E-0002  -0.4387771E-0003  -0.1506315E-0003   0.4739870E-0002   0.3022399E-0002
    11.96000   0.1534598E-0001  -0.1160867E-0002  -0.4400385E-0003  -0.1576680E-0003   0.4764410E-0002   0.3067479E-0002
    11.96800   0.1533707E-0001  -0.1113298E-0002  -0.4413537E-0003  -0.1644092E-0003   0.4789314E-0002   0.3112957E-0002
    11.97600   0.1532851E-0001  -0.1070095E-0002  -0.4427207E-0003  -0.1708670E-0003   0.4814583E-0002   0.3158592E-0002
    11.98400   0.1532026E-0001  -0.1031695E-0002  -0.4441373E-0003  -0.1770743E-0003   0.4840216E-0002   0.3204145E-0002
    11.99200   0.1531227E-0001  -0.9984099E-0003  -0.4456019E-0003  -0.1830810E-0003   0.4866211E-0002   0.3249387E-0002
    12.00000   0.1530451E-0001  -0.9704345E-0003  -0.4471135E-0003  -0.1889488E-0003   0.4892564E-0002   0.3294106E-0002
    12.00800   0.1529692E-0001  -0.9478480E-0003  -0.4486715E-0003  -0.1947456E-0003   0.4919269E-0002   0.3338115E-0002
    12.01600   0.1528948E-0001  -0.9306230E-0003  -0.4502758E-0003  -0.2005398E-0003   0.4946319E-0002   0.3381258E-0002
    12.02400   0.1528213E-0001  -0.9186365E-0003  -0.4519269E-0003  -0.2063943E-0003   0.4973706E-0002   0.3423420E-0002
    12.03200   0.1527484E-0001  -0.9116825E-0003  -0.4536258E-0003  -0.2123620E-0003   0.5001422E-0002   0.3464525E-0002
    12.04000   0.1526756E-0001  -0.9094863E-0003  -0.4553737E-0003  -0.2184812E-0003   0.5029459E-0002   0.3504549E-0002
    12.04800   0.1526027E-0001  -0.9117200E-0003  -0.4571719E-0003  -0.2247726E-0003   0.5057807E-0002   0.3543512E-0002
    12.05600   0.1525292E-0001  -0.9180189E-0003  -0.4590218E-0003  -0.2312376E-0003   0.5086459E-0002   0.3581488E-0002
    12.06400   0.1524550E-0001  -0.9279976E-0003  -0.4609246E-0003  -0.2378577E-0003   0.5115407E-0002   0.3618596E-0002
    12.07200   0.1523797E-0001  -0.9412662E-0003  -0.4628814E-0003  -0.2445953E-0003   0.5144647E-0002   0.3655002E-0002
    12.08000   0.1523031E-0001  -0.9574448E-0003  -0.4648926E-0003  -0.2513960E-0003   0.5174175E-0002   0.3690913E-0002
    12.08800   0.1522250E-0001  -0.9761773E-0003  -0.4669581E-0003  -0.2581916E-0003   0.5203987E-0002   0.3726568E-0002
    12.09600   0.1521452E-0001  -0.9971437E-0003  -0.4690773E-0003  -0.2649042E-0003   0.5234085E-0002   0.3762234E-0002
    12.10400   0.1520636E-0001  -0.1020069E-0002  -0.4712489E-0003  -0.2714509E-0003   0.5264471E-0002   0.3798194E-0002
    12.11200   0.1519800E-0001  -0.1044733E-0002  -0.4734709E-0003  -0.2777483E-0003   0.5295149E-0002   0.3834737E-0002
    12.12000   0.1518944E-0001  -0.1070972E-0002  -0.4757407E-0003  -0.2837177E-0003   0.5326126E-0002   0.3872150E-0002
    12.12800   0.1518065E-0001  -0.1098684E-0002  -0.4780550E-0003  -0.2892890E-0003   0.5357411E-0002   0.3910701E-0002
    12.13600   0.1517162E-0001  -0.1127828E-0002  -0.4804102E-0003  -0.2944049E-0003   0.5389016E-0002   0.3950632E-0002
    12.14400   0.1516236E-0001  -0.1158419E-0002  -0.4828024E-0003  -0.2990238E-0003   0.5420954E-0002   0.3992149E-0002
    12.15200   0.1515283E-0001  -0.1190525E-0002  -0.4852274E-0003  -0.3031212E-0003   0.5453237E-0002   0.4035406E-0002
    12.16000   0.1514304E-0001  -0.1224259E-0002  -0.4876809E-0003  -0.3066907E-0003   0.5485881E-0002   0.4080499E-0002
    12.16800   0.1513296E-0001  -0.1259769E-0002  -0.4901589E-0003  -0.3097433E-0003   0.5518901E-0002   0.4127459E-0002
    12.17600   0.1512258E-0001  -0.1297226E-0002  -0.4926573E-0003  -0.3123058E-0003   0.5552310E-0002   0.4176244E-0002
    12.18400   0.1511189E-0001  -0.1336810E-0002  -0.4951726E-0003  -0.3144174E-0003   0.5586124E-0002   0.4226734E-0002
    12.19200   0.1510086E-0001  -0.1378700E-0002  -0.4977016E-0003  -0.3161264E-0003   0.5620354E-0002   0.4278730E-0002
    12.20000   0.1508947E-0001  -0.1423055E-0002  -0.5002415E-0003  -0.3174858E-0003   0.5655010E-0002   0.4331954E-0002
    12.20800   0.1507771E-0001  -0.1470004E-0002  -0.5027899E-0003  -0.3185476E-0003   0.5690098E-0002   0.4386048E-0002
    12.21600   0.1506556E-0001  -0.1519627E-0002  -0.5053448E-0003  -0.3193587E-0003   0.5725623E-0002   0.4440584E-0002
    12.22400   0.1505298E-0001  -0.1571946E-0002  -0.5079044E-0003  -0.3199554E-0003   0.5761583E-0002   0.4495065E-0002
    12.23200   0.1503997E-0001  -0.1626914E-0002  -0.5104673E-0003  -0.3203595E-0003   0.5797975E-0002   0.4548937E-0002
    12.24000   0.1502649E-0001  -0.1684398E-0002  -0.5130319E-0003  -0.3205747E-0003   0.5834788E-0002   0.4601599E-0002
    12.24800   0.1501254E-0001  -0.1744181E-0002  -0.5155966E-0003  -0.3205843E-0003   0.5872007E-0002   0.4652416E-0002
    12.25600   0.1499809E-0001  -0.1805948E-0002  -0.5181594E-0003  -0.3203502E-0003   0.5909613E-0002   0.4700731E-0002
    12.26400   0.1498313E-0001  -0.1869290E-0002  -0.5207179E-0003  -0.3198131E-0003   0.5947580E-0002   0.4745881E-0002
    12.27200   0.1496767E-0001  -0.1933700E-0002  -0.5232690E-0003  -0.3188950E-0003   0.5985878E-0002   0.4787211E-0002
    12.28000   0.1495168E-0001  -0.1998578E-0002  -0.5258091E-0003  -0.3175018E-0003   0.6024470E-0002   0.4824089E-0002
    12.28800   0.1493517E-0001  -0.2063238E-0002  -0.5283333E-0003  -0.3155287E-0003   0.6063318E-0002   0.4855921E-0002
    12.29600   0.1491816E-0001  -0.2126917E-0002  -0.5308362E-0003  -0.3128657E-0003   0.6102375E-0002   0.4882167E-0002
    12.30400   0.1490065E-0001  -0.2188786E-0002  -0.5333114E-0003  -0.3094040E-0003   0.6141594E-0002   0.4902351E-0002
    12.31200   0.1488266E-0001  -0.2247967E-0002  -0.5357518E-0003  -0.3050439E-0003   0.6180922E-0002   0.4916075E-0002
    12.32000   0.1486423E-0001  -0.2303551E-0002  -0.5381494E-0003  -0.2997014E-0003   0.6220307E-0002   0.4923024E-0002
    12.32800   0.1484540E-0001  -0.2354612E-0002  -0.5404959E-0003  -0.2933152E-0003   0.6259690E-0002   0.4922980E-0002
    12.33600   0.1482619E-0001  -0.2400233E-0002  -0.5427828E-0003  -0.2858531E-0003   0.6299017E-0002   0.4915822E-0002
    12.34400   0.1480668E-0001  -0.2439525E-0002  -0.5450013E-0003  -0.2773167E-0003   0.6338229E-0002   0.4901532E-0002
    12.35200   0.1478690E-0001  -0.2471648E-0002  -0.5471432E-0003  -0.2677446E-0003   0.6377271E-0002   0.4880190E-0002
    12.36000   0.1476694E-0001  -0.2495832E-0002  -0.5492010E-0003  -0.2572148E-0003   0.6416087E-0002   0.4851977E-0002
    12.36800   0.1474685E-0001  -0.2511400E-0002  -0.5511677E-0003  -0.2458436E-0003   0.6454624E-0002   0.4817169E-0002
    12.37600   0.1472670E-0001  -0.2517785E-0002  -0.5530380E-0003  -0.2337838E-0003   0.6492833E-0002   0.4776125E-0002
    12.38400   0.1470659E-0001  -0.2514547E-0002  -0.5548077E-0003  -0.2212201E-0003   0.6530667E-0002   0.4729284E-0002
    12.39200   0.1468658E-0001  -0.2501388E-0002  -0.5564747E-0003  -0.2083633E-0003   0.6568084E-0002   0.4677148E-0002
    12.40000   0.1466675E-0001  -0.2478164E-0002  -0.5580382E-0003  -0.1954420E-0003   0.6605047E-0002   0.4620272E-0002
    12.40800   0.1464719E-0001  -0.2444893E-0002  -0.5594997E-0003  -0.1826941E-0003   0.6641521E-0002   0.4559250E-0002
    12.41600   0.1462798E-0001  -0.2401760E-0002  -0.5608626E-0003  -0.1703572E-0003   0.6677478E-0002   0.4494699E-0002
    12.42400   0.1460919E-0001  -0.2349116E-0002  -0.5621319E-0003  -0.1586583E-0003   0.6712896E-0002   0.4427245E-0002
    12.43200   0.1459089E-0001  -0.2287478E-0002  -0.5633143E-0003  -0.1478042E-0003   0.6747756E-0002   0.4357505E-0002
    12.44000   0.1457315E-0001  -0.2217522E-0002  -0.5644181E-0003  -0.1379728E-0003   0.6782045E-0002   0.4286076E-0002
    12.44800   0.1455603E-0001  -0.2140067E-0002  -0.5654525E-0003  -0.1293051E-0003   0.6815753E-0002   0.4213519E-0002
    12.45600   0.1453958E-0001  -0.2056068E-0002  -0.5664277E-0003  -0.1218993E-0003   0.6848876E-0002   0.4140345E-0002
    12.46400   0.1452384E-0001  -0.1966595E-0002  -0.5673542E-0003  -0.1158065E-0003   0.6881412E-0002   0.4067007E-0002
    12.47200   0.1450886E-0001  -0.1872810E-0002  -0.5682424E-0003  -0.1110291E-0003   0.6913363E-0002   0.3993888E-0002
    12.48000   0.1449465E-0001  -0.1775947E-0002  -0.5691026E-0003  -0.1075213E-0003   0.6944733E-0002   0.3921295E-0002
    12.48800   0.1448124E-0001  -0.1677289E-0002  -0.5699441E-0003  -0.1051915E-0003   0.6975529E-0002   0.3849453E-0002
    12.49600   0.1446861E-0001  -0.1578136E-0002  -0.5707754E-0003  -0.1039075E-0003   0.7005757E-0002   0.3778504E-0002
    12.50400   0.1445677E-0001  -0.1479783E-0002  -0.5716034E-0003  -0.1035029E-0003   0.7035425E-0002   0.3708503E-0002
    12.51200   0.1444570E-0001  -0.1383490E-0002  -0.5724337E-0003  -0.1037859E-0003   0.7064540E-0002   0.3639425E-0002
    12.52000   0.1443538E-0001  -0.1290461E-0002  -0.5732701E-0003  -0.1045482E-0003   0.7093110E-0002   0.3571163E-0002
    12.52800   0.1442577E-0001  -0.1201811E-0002  -0.5741147E-0003  -0.1055754E-0003   0.7121138E-0002   0.3503538E-0002
    12.53600   0.1441682E-0001  -0.1118550E-0002  -0.5749679E-0003  -0.1066565E-0003   0.7148628E-0002   0.3436308E-0002
    12.54400   0.1440849E-0001  -0.1041559E-0002  -0.5758287E-0003  -0.1075944E-0003   0.7175582E-0002   0.3369173E-0002
    12.55200   0.1440071E-0001  -0.9715741E-0003  -0.5766944E-0003  -0.1082138E-0003   0.7201996E-0002   0.3301789E-0002
    12.56000   0.1439344E-0001  -0.9091713E-0003  -0.5775613E-0003  -0.1083691E-0003   0.7227866E-0002   0.3233781E-0002
    12.56800   0.1438660E-0001  -0.8547573E-0003  -0.5784249E-0003  -0.1079504E-0003   0.7253184E-0002   0.3164752E-0002
    12.57600   0.1438013E-0001  -0.8085632E-0003  -0.5792800E-0003  -0.1068869E-0003   0.7277939E-0002   0.3094299E-0002
    12.58400   0.1437397E-0001  -0.7706419E-0003  -0.5801212E-0003  -0.1051489E-0003   0.7302115E-0002   0.3022023E-0002
    12.59200   0.1436804E-0001  -0.7408710E-0003  -0.5809432E-0003  -0.1027480E-0003   0.7325695E-0002   0.2947546E-0002
    12.60000   0.1436229E-0001  -0.7189590E-0003  -0.5817411E-0003  -0.9973418E-0004   0.7348659E-0002   0.2870517E-0002
    12.60800   0.1435665E-0001  -0.7044554E-0003  -0.5825106E-0003  -0.9619244E-0004   0.7370984E-0002   0.2790627E-0002
    12.61600   0.1435108E-0001  -0.6967650E-0003  -0.5832485E-0003  -0.9223674E-0004   0.7392645E-0002   0.2707617E-0002
    12.62400   0.1434552E-0001  -0.6951653E-0003  -0.5839525E-0003  -0.8800335E-0004   0.7413616E-0002   0.2621286E-0002
    12.63200   0.1433993E-0001  -0.6988262E-0003  -0.5846217E-0003  -0.8364318E-0004   0.7433868E-0002   0.2531499E-0002
    12.64000   0.1433427E-0001  -0.7068330E-0003  -0.5852562E-0003  -0.7931368E-0004   0.7453373E-0002   0.2438188E-0002
    12.64800   0.1432853E-0001  -0.7182102E-0003  -0.5858576E-0003  -0.7517073E-0004   0.7472104E-0002   0.2341359E-0002
    12.65600   0.1432267E-0001  -0.7319468E-0003  -0.5864284E-0003  -0.7136099E-0004   0.7490033E-0002   0.2241091E-0002
    12.66400   0.1431670E-0001  -0.7470222E-0003  -0.5869726E-0003  -0.6801496E-0004   0.7507133E-0002   0.2137535E-0002
    12.67200   0.1431060E-0001  -0.7624316E-0003  -0.5874945E-0003  -0.6524127E-0004   0.7523380E-0002   0.2030911E-0002
    12.68000   0.1430438E-0001  -0.7772109E-0003  -0.5879995E-0003  -0.6312218E-0004   0.7538752E-0002   0.1921504E-0002
    12.68800   0.1429805E-0001  -0.7904594E-0003  -0.5884932E-0003  -0.6171082E-0004   0.7553230E-0002   0.1809659E-0002
    12.69600   0.1429164E-0001  -0.8013616E-0003  -0.5889814E-0003  -0.6103002E-0004   0.7566796E-0002   0.1695771E-0002
    12.70400   0.1428517E-0001  -0.8092056E-0003  -0.5894700E-0003  -0.6107281E-0004   0.7579438E-0002   0.1580279E-0002
    12.71200   0.1427866E-0001  -0.8133988E-0003  -0.5899644E-0003  -0.6180460E-0004   0.7591147E-0002   0.1463657E-0002
    12.72000   0.1427215E-0001  -0.8134804E-0003  -0.5904698E-0003  -0.6316686E-0004   0.7601919E-0002   0.1346399E-0002
    12.72800   0.1426568E-0001  -0.8091299E-0003  -0.5909904E-0003  -0.6508206E-0004   0.7611751E-0002   0.1229016E-0002
    12.73600   0.1425928E-0001  -0.8001725E-0003  -0.5915301E-0003  -0.6745962E-0004   0.7620647E-0002   0.1112019E-0002
    12.74400   0.1425299E-0001  -0.7865800E-0003  -0.5920917E-0003  -0.7020257E-0004   0.7628614E-0002   0.9959116E-0003
    12.75200   0.1424684E-0001  -0.7684681E-0003  -0.5926774E-0003  -0.7321451E-0004   0.7635664E-0002   0.8811802E-0003
    12.76000   0.1424087E-0001  -0.7460900E-0003  -0.5932887E-0003  -0.7640657E-0004   0.7641810E-0002   0.7682820E-0003
    12.76800   0.1423511E-0001  -0.7198264E-0003  -0.5939263E-0003  -0.7970397E-0004   0.7647071E-0002   0.6576381E-0003
    12.77600   0.1422959E-0001  -0.6901725E-0003  -0.5945907E-0003  -0.8305177E-0004   0.7651468E-0002   0.5496253E-0003
    12.78400   0.1422433E-0001  -0.6577220E-0003  -0.5952821E-0003  -0.8641967E-0004   0.7655024E-0002   0.4445689E-0003
    12.79200   0.1421934E-0001  -0.6231484E-0003  -0.5960005E-0003  -0.8980531E-0004   0.7657766E-0002   0.3427382E-0003
    12.80000   0.1421465E-0001  -0.5871853E-0003  -0.5967464E-0003  -0.9323619E-0004   0.7659721E-0002   0.2443416E-0003
    12.80800   0.1421024E-0001  -0.5506042E-0003  -0.5975206E-0003  -0.9676980E-0004   0.7660917E-0002   0.1495250E-0003
    12.81600   0.1420613E-0001  -0.5141926E-0003  -0.5983245E-0003  -0.1004922E-0003   0.7661384E-0002   0.5836984E-0004
    12.82400   0.1420230E-0001  -0.4787310E-0003  -0.5991606E-0003  -0.1045145E-0003   0.7661151E-0002  -0.2910591E-0004
    12.83200   0.1419874E-0001  -0.4449715E-0003  -0.6000324E-0003  -0.1089689E-0003   0.7660248E-0002  -0.1129459E-0003
    12.84000   0.1419543E-0001  -0.4136163E-0003  -0.6009444E-0003  -0.1140014E-0003   0.7658702E-0002  -0.1932523E-0003
    12.84800   0.1419235E-0001  -0.3852980E-0003  -0.6019025E-0003  -0.1197661E-0003   0.7656540E-0002  -0.2701807E-0003
    12.85600   0.1418946E-0001  -0.3605630E-0003  -0.6029138E-0003  -0.1264161E-0003   0.7653789E-0002  -0.3439348E-0003
    12.86400   0.1418674E-0001  -0.3398560E-0003  -0.6039866E-0003  -0.1340962E-0003   0.7650471E-0002  -0.4147591E-0003
    12.87200   0.1418416E-0001  -0.3235084E-0003  -0.6051301E-0003  -0.1429347E-0003   0.7646607E-0002  -0.4829314E-0003
    12.88000   0.1418166E-0001  -0.3117292E-0003  -0.6063544E-0003  -0.1530357E-0003   0.7642217E-0002  -0.5487539E-0003
    12.88800   0.1417923E-0001  -0.3046006E-0003  -0.6076702E-0003  -0.1644725E-0003   0.7637317E-0002  -0.6125443E-0003
    12.89600   0.1417681E-0001  -0.3020753E-0003  -0.6090884E-0003  -0.1772825E-0003   0.7631920E-0002  -0.6746268E-0003
    12.90400   0.1417438E-0001  -0.3039790E-0003  -0.6106201E-0003  -0.1914634E-0003   0.7626037E-0002  -0.7353219E-0003
    12.91200   0.1417190E-0001  -0.3100155E-0003  -0.6122759E-0003  -0.2069711E-0003   0.7619678E-0002  -0.7949381E-0003
    12.92000   0.1416934E-0001  -0.3197754E-0003  -0.6140657E-0003  -0.2237196E-0003   0.7612848E-0002  -0.8537619E-0003
    12.92800   0.1416668E-0001  -0.3327477E-0003  -0.6159983E-0003  -0.2415830E-0003   0.7605551E-0002  -0.9120502E-0003
    12.93600   0.1416389E-0001  -0.3483344E-0003  -0.6180815E-0003  -0.2603993E-0003   0.7597791E-0002  -0.9700225E-0003
    12.94400   0.1416096E-0001  -0.3658667E-0003  -0.6203213E-0003  -0.2799756E-0003   0.7589568E-0002  -0.1027854E-0002
    12.95200   0.1415789E-0001  -0.3846239E-0003  -0.6227221E-0003  -0.3000948E-0003   0.7580883E-0002  -0.1085671E-0002
    12.96000   0.1415466E-0001  -0.4038527E-0003  -0.6252863E-0003  -0.3205239E-0003   0.7571735E-0002  -0.1143545E-0002
    12.96800   0.1415127E-0001  -0.4227879E-0003  -0.6280144E-0003  -0.3410218E-0003   0.7562123E-0002  -0.1201491E-0002
    12.97600   0.1414775E-0001  -0.4406724E-0003  -0.6309052E-0003  -0.3613485E-0003   0.7552047E-0002  -0.1259468E-0002
    12.98400   0.1414409E-0001  -0.4567776E-0003  -0.6339554E-0003  -0.3812731E-0003   0.7541508E-0002  -0.1317374E-0002
    12.99200   0.1414033E-0001  -0.4704222E-0003  -0.6371601E-0003  -0.4005818E-0003   0.7530508E-0002  -0.1375055E-0002
    13.00000   0.1413648E-0001  -0.4809897E-0003  -0.6405127E-0003  -0.4190843E-0003   0.7519049E-0002  -0.1432302E-0002
    13.00800   0.1413258E-0001  -0.4879443E-0003  -0.6440057E-0003  -0.4366191E-0003   0.7507138E-0002  -0.1488858E-0002
    13.01600   0.1412865E-0001  -0.4908433E-0003  -0.6476301E-0003  -0.4530567E-0003   0.7494783E-0002  -0.1544425E-0002
    13.02400   0.1412474E-0001  -0.4893485E-0003  -0.6513766E-0003  -0.4683021E-0003   0.7481994E-0002  -0.1598671E-0002
    13.03200   0.1412087E-0001  -0.4832328E-0003  -0.6552349E-0003  -0.4822939E-0003   0.7468784E-0002  -0.1651236E-0002
    13.04000   0.1411709E-0001  -0.4723854E-0003  -0.6591949E-0003  -0.4950028E-0003   0.7455170E-0002  -0.1701747E-0002
    13.04800   0.1411344E-0001  -0.4568127E-0003  -0.6632464E-0003  -0.5064283E-0003   0.7441171E-0002  -0.1749822E-0002
    13.05600   0.1410994E-0001  -0.4366366E-0003  -0.6673791E-0003  -0.5165937E-0003   0.7426810E-0002  -0.1795083E-0002
    13.06400   0.1410665E-0001  -0.4120896E-0003  -0.6715834E-0003  -0.5255402E-0003   0.7412113E-0002  -0.1837167E-0002
    13.07200   0.1410358E-0001  -0.3835073E-0003  -0.6758500E-0003  -0.5333210E-0003   0.7397107E-0002  -0.1875736E-0002
    13.08000   0.1410077E-0001  -0.3513182E-0003  -0.6801700E-0003  -0.5399942E-0003   0.7381823E-0002  -0.1910485E-0002
    13.08800   0.1409824E-0001  -0.3160313E-0003  -0.6845349E-0003  -0.5456166E-0003   0.7366294E-0002  -0.1941157E-0002
    13.09600   0.1409602E-0001  -0.2782221E-0003  -0.6889368E-0003  -0.5502381E-0003   0.7350554E-0002  -0.1967545E-0002
    13.10400   0.1409411E-0001  -0.2385168E-0003  -0.6933680E-0003  -0.5538967E-0003   0.7334638E-0002  -0.1989503E-0002
    13.11200   0.1409253E-0001  -0.1975761E-0003  -0.6978209E-0003  -0.5566146E-0003   0.7318582E-0002  -0.2006953E-0002
    13.12000   0.1409128E-0001  -0.1560781E-0003  -0.7022881E-0003  -0.5583968E-0003   0.7302423E-0002  -0.2019887E-0002
    13.12800   0.1409036E-0001  -0.1147013E-0003  -0.7067619E-0003  -0.5592297E-0003   0.7286196E-0002  -0.2028370E-0002
    13.13600   0.1408977E-0001  -0.7410844E-0004  -0.7112346E-0003  -0.5590826E-0003   0.7269936E-0002  -0.2032543E-0002
    13.14400   0.1408949E-0001  -0.3493048E-0004  -0.7156978E-0003  -0.5579095E-0003   0.7253675E-0002  -0.2032621E-0002
    13.15200   0.1408951E-0001   0.2247524E-0005  -0.7201431E-0003  -0.5556536E-0003   0.7237444E-0002  -0.2028890E-0002
    13.16000   0.1408980E-0001   0.3689929E-0004  -0.7245611E-0003  -0.5522514E-0003   0.7221270E-0002  -0.2021703E-0002
    13.16800   0.1409035E-0001   0.6856818E-0004  -0.7289422E-0003  -0.5476387E-0003   0.7205178E-0002  -0.2011474E-0002
    13.17600   0.1409112E-0001   0.9687606E-0004  -0.7332762E-0003  -0.5417567E-0003   0.7189189E-0002  -0.1998667E-0002
    13.18400   0.1409210E-0001   0.1215299E-0003  -0.7375527E-0003  -0.5345578E-0003   0.7173318E-0002  -0.1983792E-0002
    13.19200   0.1409324E-0001   0.1423259E-0003  -0.7417608E-0003  -0.5260120E-0003   0.7157579E-0002  -0.1967388E-0002
    13.20000   0.1409451E-0001   0.1591517E-0003  -0.7458897E-0003  -0.5161119E-0003   0.7141979E-0002  -0.1950016E-0002
    13.20800   0.1409588E-0001   0.1719856E-0003  -0.7499287E-0003  -0.5048773E-0003   0.7126521E-0002  -0.1932245E-0002
    13.21600   0.1409733E-0001   0.1808944E-0003  -0.7538676E-0003  -0.4923584E-0003   0.7111204E-0002  -0.1914636E-0002
    13.22400   0.1409882E-0001   0.1860284E-0003  -0.7576967E-0003  -0.4786378E-0003   0.7096022E-0002  -0.1897734E-0002
    13.23200   0.1410032E-0001   0.1876154E-0003  -0.7614073E-0003  -0.4638312E-0003   0.7080966E-0002  -0.1882050E-0002
    13.24000   0.1410181E-0001   0.1859524E-0003  -0.7649920E-0003  -0.4480864E-0003   0.7066021E-0002  -0.1868055E-0002
    13.24800   0.1410326E-0001   0.1813964E-0003  -0.7684447E-0003  -0.4315803E-0003   0.7051172E-0002  -0.1856160E-0002
    13.25600   0.1410465E-0001   0.1743544E-0003  -0.7717608E-0003  -0.4145158E-0003   0.7036398E-0002  -0.1846716E-0002
    13.26400   0.1410598E-0001   0.1652721E-0003  -0.7749377E-0003  -0.3971161E-0003   0.7021678E-0002  -0.1839996E-0002
    13.27200   0.1410721E-0001   0.1546233E-0003  -0.7779747E-0003  -0.3796188E-0003   0.7006989E-0002  -0.1836194E-0002
    13.28000   0.1410836E-0001   0.1428978E-0003  -0.7808728E-0003  -0.3622683E-0003   0.6992306E-0002  -0.1835419E-0002
    13.28800   0.1410940E-0001   0.1305911E-0003  -0.7836353E-0003  -0.3453088E-0003   0.6977604E-0002  -0.1837691E-0002
    13.29600   0.1411035E-0001   0.1181933E-0003  -0.7862671E-0003  -0.3289759E-0003   0.6962860E-0002  -0.1842943E-0002
    13.30400   0.1411120E-0001   0.1061799E-0003  -0.7887750E-0003  -0.3134888E-0003   0.6948052E-0002  -0.1851019E-0002
    13.31200   0.1411196E-0001   0.9500225E-0004  -0.7911674E-0003  -0.2990431E-0003   0.6933159E-0002  -0.1861680E-0002
    13.32000   0.1411264E-0001   0.8508051E-0004  -0.7934538E-0003  -0.2858029E-0003   0.6918162E-0002  -0.1874613E-0002
    13.32800   0.1411325E-0001   0.7679653E-0004  -0.7956449E-0003  -0.2738957E-0003   0.6903047E-0002  -0.1889434E-0002
    13.33600   0.1411382E-0001   0.7048868E-0004  -0.7977522E-0003  -0.2634066E-0003   0.6887801E-0002  -0.1905701E-0002
    13.34400   0.1411435E-0001   0.6644782E-0004  -0.7997872E-0003  -0.2543753E-0003   0.6872417E-0002  -0.1922926E-0002
    13.35200   0.1411487E-0001   0.6491437E-0004  -0.8017615E-0003  -0.2467931E-0003   0.6856893E-0002  -0.1940585E-0002
    13.36000   0.1411539E-0001   0.6607669E-0004  -0.8036864E-0003  -0.2406032E-0003   0.6841228E-0002  -0.1958134E-0002
    13.36800   0.1411596E-0001   0.7007050E-0004  -0.8055720E-0003  -0.2357008E-0003   0.6825428E-0002  -0.1975023E-0002
    13.37600   0.1411657E-0001   0.7697931E-0004  -0.8074275E-0003  -0.2319366E-0003   0.6809502E-0002  -0.1990710E-0002
    13.38400   0.1411727E-0001   0.8683566E-0004  -0.8092604E-0003  -0.2291207E-0003   0.6793464E-0002  -0.2004672E-0002
    13.39200   0.1411806E-0001   0.9962310E-0004  -0.8110767E-0003  -0.2270286E-0003   0.6777333E-0002  -0.2016425E-0002
    13.40000   0.1411899E-0001   0.1152787E-0003  -0.8128799E-0003  -0.2254082E-0003   0.6761129E-0002  -0.2025530E-0002
    13.40800   0.1412005E-0001   0.1336962E-0003  -0.8146718E-0003  -0.2239885E-0003   0.6744876E-0002  -0.2031607E-0002
    13.41600   0.1412129E-0001   0.1547288E-0003  -0.8164517E-0003  -0.2224882E-0003   0.6728601E-0002  -0.2034344E-0002
    13.42400   0.1412272E-0001   0.1781932E-0003  -0.8182168E-0003  -0.2206259E-0003   0.6712333E-0002  -0.2033505E-0002
    13.43200   0.1412435E-0001   0.2038727E-0003  -0.8199618E-0003  -0.2181296E-0003   0.6696102E-0002  -0.2028934E-0002
    13.44000   0.1412620E-0001   0.2315206E-0003  -0.8216798E-0003  -0.2147466E-0003   0.6679937E-0002  -0.2020559E-0002
    13.44800   0.1412829E-0001   0.2608642E-0003  -0.8233618E-0003  -0.2102527E-0003   0.6663870E-0002  -0.2008393E-0002
    13.45600   0.1413062E-0001   0.2916075E-0003  -0.8249975E-0003  -0.2044602E-0003   0.6647930E-0002  -0.1992530E-0002
    13.46400   0.1413321E-0001   0.3234350E-0003  -0.8265753E-0003  -0.1972252E-0003   0.6632145E-0002  -0.1973147E-0002
    13.47200   0.1413606E-0001   0.3560145E-0003  -0.8280829E-0003  -0.1884526E-0003   0.6616541E-0002  -0.1950492E-0002
    13.48000   0.1413917E-0001   0.3890003E-0003  -0.8295077E-0003  -0.1781001E-0003   0.6601142E-0002  -0.1924877E-0002
    13.48800   0.1414254E-0001   0.4220364E-0003  -0.8308371E-0003  -0.1661794E-0003   0.6585968E-0002  -0.1896673E-0002
    13.49600   0.1414618E-0001   0.4547593E-0003  -0.8320592E-0003  -0.1527557E-0003   0.6571038E-0002  -0.1866292E-0002
    13.50400   0.1415008E-0001   0.4868016E-0003  -0.8331627E-0003  -0.1379453E-0003   0.6556365E-0002  -0.1834183E-0002
    13.51200   0.1415422E-0001   0.5177944E-0003  -0.8341380E-0003  -0.1219103E-0003   0.6541958E-0002  -0.1800811E-0002
    13.52000   0.1415860E-0001   0.5473715E-0003  -0.8349768E-0003  -0.1048524E-0003   0.6527825E-0002  -0.1766650E-0002
    13.52800   0.1416320E-0001   0.5751726E-0003  -0.8356729E-0003  -0.8700409E-0004   0.6513968E-0002  -0.1732167E-0002
    13.53600   0.1416801E-0001   0.6008469E-0003  -0.8362218E-0003  -0.6861955E-0004   0.6500385E-0002  -0.1697809E-0002
    13.54400   0.1417300E-0001   0.6240569E-0003  -0.8366215E-0003  -0.4996360E-0004   0.6487073E-0002  -0.1663993E-0002
    13.55200   0.1417816E-0001   0.6444828E-0003  -0.8368719E-0003  -0.3130093E-0004   0.6474024E-0002  -0.1631095E-0002
    13.56000   0.1418345E-0001   0.6618265E-0003  -0.8369750E-0003  -0.1288498E-0004   0.6461229E-0002  -0.1599439E-0002
    13.56800   0.1418886E-0001   0.6758156E-0003  -0.8369346E-0003   0.5052519E-0005   0.6448674E-0002  -0.1569291E-0002
    13.57600   0.1419435E-0001   0.6862078E-0003  -0.8367561E-0003   0.2231111E-0004   0.6436348E-0002  -0.1540854E-0002
    13.58400   0.1419989E-0001   0.6927950E-0003  -0.8364463E-0003   0.3872970E-0004   0.6424234E-0002  -0.1514263E-0002
    13.59200   0.1420545E-0001   0.6954071E-0003  -0.8360127E-0003   0.5419294E-0004   0.6412317E-0002  -0.1489582E-0002
    13.60000   0.1421100E-0001   0.6939156E-0003  -0.8354636E-0003   0.6863540E-0004   0.6400582E-0002  -0.1466808E-0002
    13.60800   0.1421651E-0001   0.6882366E-0003  -0.8348073E-0003   0.8204359E-0004   0.6389015E-0002  -0.1445871E-0002
    13.61600   0.1422194E-0001   0.6783338E-0003  -0.8340516E-0003   0.9445556E-0004   0.6377602E-0002  -0.1426641E-0002
    13.62400   0.1422725E-0001   0.6642200E-0003  -0.8332040E-0003   0.1059581E-0003   0.6366331E-0002  -0.1408932E-0002
    13.63200   0.1423242E-0001   0.6459585E-0003  -0.8322705E-0003   0.1166818E-0003   0.6355191E-0002  -0.1392508E-0002
    13.64000   0.1423741E-0001   0.6236636E-0003  -0.8312562E-0003   0.1267940E-0003   0.6344174E-0002  -0.1377096E-0002
    13.64800   0.1424219E-0001   0.5974997E-0003  -0.8301643E-0003   0.1364903E-0003   0.6333275E-0002  -0.1362396E-0002
    13.65600   0.1424673E-0001   0.5676801E-0003  -0.8289964E-0003   0.1459847E-0003   0.6322490E-0002  -0.1348085E-0002
    13.66400   0.1425100E-0001   0.5344647E-0003  -0.8277524E-0003   0.1554988E-0003   0.6311820E-0002  -0.1333837E-0002
    13.67200   0.1425499E-0001   0.4981561E-0003  -0.8264304E-0003   0.1652511E-0003   0.6301265E-0002  -0.1319326E-0002
    13.68000   0.1425866E-0001   0.4590958E-0003  -0.8250268E-0003   0.1754464E-0003   0.6290831E-0002  -0.1304239E-0002
    13.68800   0.1426200E-0001   0.4176583E-0003  -0.8235367E-0003   0.1862657E-0003   0.6280525E-0002  -0.1288286E-0002
    13.69600   0.1426500E-0001   0.3742461E-0003  -0.8219538E-0003   0.1978577E-0003   0.6270355E-0002  -0.1271209E-0002
    13.70400   0.1426763E-0001   0.3292822E-0003  -0.8202712E-0003   0.2103319E-0003   0.6260333E-0002  -0.1252785E-0002
    13.71200   0.1426990E-0001   0.2832031E-0003  -0.8184811E-0003   0.2237529E-0003   0.6250470E-0002  -0.1232839E-0002
    13.72000   0.1427179E-0001   0.2364515E-0003  -0.8165760E-0003   0.2381381E-0003   0.6240780E-0002  -0.1211241E-0002
    13.72800   0.1427330E-0001   0.1894684E-0003  -0.8145484E-0003   0.2534564E-0003   0.6231277E-0002  -0.1187911E-0002
    13.73600   0.1427445E-0001   0.1426852E-0003  -0.8123913E-0003   0.2696297E-0003   0.6221974E-0002  -0.1162822E-0002
    13.74400   0.1427522E-0001   0.9651622E-0004  -0.8100991E-0003   0.2865367E-0003   0.6212886E-0002  -0.1135998E-0002
    13.75200   0.1427563E-0001   0.5135145E-0004  -0.8076669E-0003   0.3040181E-0003   0.6204026E-0002  -0.1107509E-0002
    13.76000   0.1427569E-0001   0.7549784E-0005  -0.8050918E-0003   0.3218836E-0003   0.6195406E-0002  -0.1077469E-0002
    13.76800   0.1427541E-0001  -0.3456696E-0004  -0.8023725E-0003   0.3399206E-0003   0.6187038E-0002  -0.1046035E-0002
    13.77600   0.1427481E-0001  -0.7471914E-0004  -0.7995093E-0003   0.3579026E-0003   0.6178931E-0002  -0.1013391E-0002
    13.78400   0.1427391E-0001  -0.1126734E-0003  -0.7965045E-0003   0.3755993E-0003   0.6171093E-0002  -0.9797512E-0003
    13.79200   0.1427273E-0001  -0.1482458E-0003  -0.7933622E-0003   0.3927854E-0003   0.6163530E-0002  -0.9453468E-0003
    13.80000   0.1427128E-0001  -0.1813035E-0003  -0.7900882E-0003   0.4092497E-0003   0.6156247E-0002  -0.9104192E-0003
    13.80800   0.1426958E-0001  -0.2117655E-0003  -0.7866898E-0003   0.4248030E-0003   0.6149245E-0002  -0.8752130E-0003
    13.81600   0.1426767E-0001  -0.2396018E-0003  -0.7831755E-0003   0.4392843E-0003   0.6142525E-0002  -0.8399675E-0003
    13.82400   0.1426555E-0001  -0.2648320E-0003  -0.7795549E-0003   0.4525667E-0003   0.6136086E-0002  -0.8049106E-0003
    13.83200   0.1426325E-0001  -0.2875219E-0003  -0.7758385E-0003   0.4645601E-0003   0.6129924E-0002  -0.7702520E-0003
    13.84000   0.1426078E-0001  -0.3077798E-0003  -0.7720368E-0003   0.4752134E-0003   0.6124035E-0002  -0.7361777E-0003
    13.84800   0.1425818E-0001  -0.3257512E-0003  -0.7681606E-0003   0.4845144E-0003   0.6118412E-0002  -0.7028461E-0003
    13.85600   0.1425545E-0001  -0.3416135E-0003  -0.7642207E-0003   0.4924880E-0003   0.6113049E-0002  -0.6703850E-0003
    13.86400   0.1425260E-0001  -0.3555696E-0003  -0.7602272E-0003   0.4991931E-0003   0.6107938E-0002  -0.6388892E-0003
    13.87200   0.1424966E-0001  -0.3678407E-0003  -0.7561894E-0003   0.5047182E-0003   0.6103070E-0002  -0.6084204E-0003
    13.88000   0.1424663E-0001  -0.3786601E-0003  -0.7521160E-0003   0.5091760E-0003   0.6098438E-0002  -0.5790079E-0003
    13.88800   0.1424352E-0001  -0.3882655E-0003  -0.7480145E-0003   0.5126971E-0003   0.6094033E-0002  -0.5506501E-0003
    13.89600   0.1424035E-0001  -0.3968924E-0003  -0.7438911E-0003   0.5154240E-0003   0.6089847E-0002  -0.5233178E-0003
    13.90400   0.1423711E-0001  -0.4047680E-0003  -0.7397510E-0003   0.5175040E-0003   0.6085871E-0002  -0.4969578E-0003
    13.91200   0.1423381E-0001  -0.4121044E-0003  -0.7355984E-0003   0.5190832E-0003   0.6082099E-0002  -0.4714977E-0003
    13.92000   0.1423046E-0001  -0.4190938E-0003  -0.7314360E-0003   0.5203003E-0003   0.6078524E-0002  -0.4468505E-0003
    13.92800   0.1422705E-0001  -0.4259040E-0003  -0.7272657E-0003   0.5212819E-0003   0.6075141E-0002  -0.4229210E-0003
    13.93600   0.1422359E-0001  -0.4326742E-0003  -0.7230886E-0003   0.5221375E-0003   0.6071944E-0002  -0.3996103E-0003
    13.94400   0.1422008E-0001  -0.4395126E-0003  -0.7189050E-0003   0.5229562E-0003   0.6068929E-0002  -0.3768221E-0003
    13.95200   0.1421650E-0001  -0.4464945E-0003  -0.7147145E-0003   0.5238045E-0003   0.6066094E-0002  -0.3544676E-0003
    13.96000   0.1421287E-0001  -0.4536615E-0003  -0.7105167E-0003   0.5247245E-0003   0.6063434E-0002  -0.3324703E-0003
    13.96800   0.1420919E-0001  -0.4610212E-0003  -0.7063109E-0003   0.5257332E-0003   0.6060948E-0002  -0.3107700E-0003
    13.97600   0.1420544E-0001  -0.4685488E-0003  -0.7020963E-0003   0.5268233E-0003   0.6058633E-0002  -0.2893262E-0003
    13.98400   0.1420163E-0001  -0.4761886E-0003  -0.6978726E-0003   0.5279641E-0003   0.6056488E-0002  -0.2681206E-0003
    13.99200   0.1419776E-0001  -0.4838565E-0003  -0.6936397E-0003   0.5291032E-0003   0.6054511E-0002  -0.2471584E-0003
    14.00000   0.1419383E-0001  -0.4914433E-0003  -0.6893984E-0003   0.5301695E-0003   0.6052699E-0002  -0.2264687E-0003
    14.00800   0.1418984E-0001  -0.4988183E-0003  -0.6851498E-0003   0.5310758E-0003   0.6051050E-0002  -0.2061043E-0003
    14.01600   0.1418579E-0001  -0.5058337E-0003  -0.6808960E-0003   0.5317224E-0003   0.6049561E-0002  -0.1861401E-0003
    14.02400   0.1418169E-0001  -0.5123283E-0003  -0.6766400E-0003   0.5320004E-0003   0.6048228E-0002  -0.1666707E-0003
    14.03200   0.1417754E-0001  -0.5181329E-0003  -0.6723856E-0003   0.5317964E-0003   0.6047045E-0002  -0.1478073E-0003
    14.04000   0.1417336E-0001  -0.5230742E-0003  -0.6681377E-0003   0.5309957E-0003   0.6046008E-0002  -0.1296738E-0003
    14.04800   0.1416914E-0001  -0.5269797E-0003  -0.6639018E-0003   0.5294867E-0003   0.6045109E-0002  -0.1124028E-0003
    14.05600   0.1416491E-0001  -0.5296818E-0003  -0.6596844E-0003   0.5271652E-0003   0.6044340E-0002  -0.9613063E-0004
    14.06400   0.1416066E-0001  -0.5310221E-0003  -0.6554929E-0003   0.5239378E-0003   0.6043692E-0002  -0.8099280E-0004
    14.07200   0.1415641E-0001  -0.5308552E-0003  -0.6513351E-0003   0.5197259E-0003   0.6043155E-0002  -0.6711887E-0004
    14.08000   0.1415218E-0001  -0.5290522E-0003  -0.6472194E-0003   0.5144693E-0003   0.6042718E-0002  -0.5462785E-0004
    14.08800   0.1414798E-0001  -0.5255039E-0003  -0.6431543E-0003   0.5081286E-0003   0.6042369E-0002  -0.4362376E-0004
    14.09600   0.1414381E-0001  -0.5201235E-0003  -0.6391488E-0003   0.5006881E-0003   0.6042095E-0002  -0.3419164E-0004
    14.10400   0.1413971E-0001  -0.5128487E-0003  -0.6352116E-0003   0.4921574E-0003   0.6041884E-0002  -0.2639410E-0004
    14.11200   0.1413568E-0001  -0.5036440E-0003  -0.6313510E-0003   0.4825726E-0003   0.6041722E-0002  -0.2026858E-0004
    14.12000   0.1413174E-0001  -0.4925017E-0003  -0.6275750E-0003   0.4719967E-0003   0.6041595E-0002  -0.1582527E-0004
    14.12800   0.1412791E-0001  -0.4794433E-0003  -0.6238909E-0003   0.4605186E-0003   0.6041491E-0002  -0.1304589E-0004
    14.13600   0.1412419E-0001  -0.4645199E-0003  -0.6203049E-0003   0.4482514E-0003   0.6041396E-0002  -0.1188323E-0004
    14.14400   0.1412061E-0001  -0.4478127E-0003  -0.6168222E-0003   0.4353306E-0003   0.6041298E-0002  -0.1226147E-0004
    14.15200   0.1411717E-0001  -0.4294324E-0003  -0.6134469E-0003   0.4219095E-0003   0.6041185E-0002  -0.1407733E-0004
    14.16000   0.1411390E-0001  -0.4095190E-0003  -0.6101817E-0003   0.4081558E-0003   0.6041048E-0002  -0.1720184E-0004
    14.16800   0.1411079E-0001  -0.3882409E-0003  -0.6070277E-0003   0.3942462E-0003   0.6040876E-0002  -0.2148287E-0004
    14.17600   0.1410786E-0001  -0.3657932E-0003  -0.6039848E-0003   0.3803605E-0003   0.6040662E-0002  -0.2674805E-0004
    14.18400   0.1410513E-0001  -0.3423967E-0003  -0.6010514E-0003   0.3666762E-0003   0.6040399E-0002  -0.3280826E-0004
    14.19200   0.1410258E-0001  -0.3182950E-0003  -0.5982245E-0003   0.3533623E-0003   0.6040084E-0002  -0.3946140E-0004
    14.20000   0.1410023E-0001  -0.2937527E-0003  -0.5954999E-0003   0.3405735E-0003   0.6039712E-0002  -0.4649629E-0004
    14.20800   0.1409808E-0001  -0.2690526E-0003  -0.5928724E-0003   0.3284451E-0003   0.6039282E-0002  -0.5369678E-0004
    14.21600   0.1409612E-0001  -0.2444920E-0003  -0.5903357E-0003   0.3170882E-0003   0.6038795E-0002  -0.6084573E-0004
    14.22400   0.1409436E-0001  -0.2203797E-0003  -0.5878830E-0003   0.3065864E-0003   0.6038253E-0002  -0.6772888E-0004
    14.23200   0.1409278E-0001  -0.1970318E-0003  -0.5855070E-0003   0.2969931E-0003   0.6037660E-0002  -0.7413849E-0004
    14.24000   0.1409138E-0001  -0.1747678E-0003  -0.5832004E-0003   0.2883311E-0003   0.6037021E-0002  -0.7987665E-0004
    14.24800   0.1409015E-0001  -0.1539059E-0003  -0.5809557E-0003   0.2805920E-0003   0.6036343E-0002  -0.8475820E-0004
    14.25600   0.1408907E-0001  -0.1347582E-0003  -0.5787657E-0003   0.2737388E-0003   0.6035634E-0002  -0.8861320E-0004
    14.26400   0.1408813E-0001  -0.1176261E-0003  -0.5766241E-0003   0.2677084E-0003   0.6034904E-0002  -0.9128899E-0004
    14.27200   0.1408731E-0001  -0.1027950E-0003  -0.5745248E-0003   0.2624158E-0003   0.6034163E-0002  -0.9265171E-0004
    14.28000   0.1408659E-0001  -0.9052926E-0004  -0.5724627E-0003   0.2577596E-0003   0.6033422E-0002  -0.9258737E-0004
    14.28800   0.1408594E-0001  -0.8106728E-0004  -0.5704337E-0003   0.2536271E-0003   0.6032694E-0002  -0.9100248E-0004
    14.29600   0.1408534E-0001  -0.7461653E-0004  -0.5684345E-0003   0.2499012E-0003   0.6031991E-0002  -0.8782428E-0004
    14.30400   0.1408477E-0001  -0.7134891E-0004  -0.5664627E-0003   0.2464658E-0003   0.6031327E-0002  -0.8300055E-0004
    14.31200   0.1408420E-0001  -0.7139653E-0004  -0.5645170E-0003   0.2432119E-0003   0.6030715E-0002  -0.7649921E-0004
    14.32000   0.1408360E-0001  -0.7484784E-0004  -0.5625967E-0003   0.2400428E-0003   0.6030169E-0002  -0.6830757E-0004
    14.32800   0.1408295E-0001  -0.8174450E-0004  -0.5607017E-0003   0.2368781E-0003   0.6029702E-0002  -0.5843150E-0004
    14.33600   0.1408221E-0001  -0.9207878E-0004  -0.5588324E-0003   0.2336571E-0003   0.6029326E-0002  -0.4689438E-0004
    14.34400   0.1408136E-0001  -0.1057919E-0003  -0.5569897E-0003   0.2303402E-0003   0.6029057E-0002  -0.3373609E-0004
    14.35200   0.1408038E-0001  -0.1227731E-0003  -0.5551744E-0003   0.2269099E-0003   0.6028904E-0002  -0.1901194E-0004
    14.36000   0.1407924E-0001  -0.1428599E-0003  -0.5533874E-0003   0.2233697E-0003   0.6028882E-0002  -0.2791640E-0005
    14.36800   0.1407791E-0001  -0.1658388E-0003  -0.5516295E-0003   0.2197419E-0003   0.6029001E-0002   0.1484162E-0004
    14.37600   0.1407638E-0001  -0.1914479E-0003  -0.5499010E-0003   0.2160649E-0003   0.6029271E-0002   0.3379207E-0004
    14.38400   0.1407462E-0001  -0.2193797E-0003  -0.5482019E-0003   0.2123888E-0003   0.6029703E-0002   0.5395207E-0004
    14.39200   0.1407263E-0001  -0.2492851E-0003  -0.5465317E-0003   0.2087715E-0003   0.6030304E-0002   0.7520282E-0004
    14.40000   0.1407038E-0001  -0.2807787E-0003  -0.5448895E-0003   0.2052732E-0003   0.6031084E-0002   0.9741489E-0004
    14.40800   0.1406788E-0001  -0.3134448E-0003  -0.5432739E-0003   0.2019521E-0003   0.6032047E-0002   0.1204488E-0003
    14.41600   0.1406510E-0001  -0.3468437E-0003  -0.5416830E-0003   0.1988600E-0003   0.6033201E-0002   0.1441555E-0003
    14.42400   0.1406206E-0001  -0.3805192E-0003  -0.5401147E-0003   0.1960382E-0003   0.6034548E-0002   0.1683768E-0003
    14.43200   0.1405875E-0001  -0.4140065E-0003  -0.5385666E-0003   0.1935146E-0003   0.6036091E-0002   0.1929462E-0003
    14.44000   0.1405517E-0001  -0.4468400E-0003  -0.5370362E-0003   0.1913014E-0003   0.6037833E-0002   0.2176891E-0003
    14.44800   0.1405134E-0001  -0.4785618E-0003  -0.5355210E-0003   0.1893939E-0003   0.6039772E-0002   0.2424241E-0003
    14.45600   0.1404727E-0001  -0.5087295E-0003  -0.5340189E-0003   0.1877707E-0003   0.6041908E-0002   0.2669638E-0003
    14.46400   0.1404298E-0001  -0.5369246E-0003  -0.5325277E-0003   0.1863938E-0003   0.6044237E-0002   0.2911156E-0003
    14.47200   0.1403848E-0001  -0.5627595E-0003  -0.5310460E-0003   0.1852110E-0003   0.6046754E-0002   0.3146836E-0003
    14.48000   0.1403379E-0001  -0.5858845E-0003  -0.5295728E-0003   0.1841575E-0003   0.6049454E-0002   0.3374699E-0003
    14.48800   0.1402894E-0001  -0.6059940E-0003  -0.5281075E-0003   0.1831592E-0003   0.6052328E-0002   0.3592763E-0003
    14.49600   0.1402396E-0001  -0.6228315E-0003  -0.5266504E-0003   0.1821358E-0003   0.6055367E-0002   0.3799065E-0003
    14.50400   0.1401887E-0001  -0.6361938E-0003  -0.5252024E-0003   0.1810035E-0003   0.6058561E-0002   0.3991681E-0003
    14.51200   0.1401370E-0001  -0.6459341E-0003  -0.5237650E-0003   0.1796785E-0003   0.6061896E-0002   0.4168749E-0003
    14.52000   0.1400848E-0001  -0.6519634E-0003  -0.5223403E-0003   0.1780797E-0003   0.6065358E-0002   0.4328489E-0003
    14.52800   0.1400325E-0001  -0.6542513E-0003  -0.5209313E-0003   0.1761308E-0003   0.6068934E-0002   0.4469234E-0003
    14.53600   0.1399803E-0001  -0.6528253E-0003  -0.5195412E-0003   0.1737626E-0003   0.6072605E-0002   0.4589442E-0003
    14.54400   0.1399285E-0001  -0.6477688E-0003  -0.5181739E-0003   0.1709141E-0003   0.6076356E-0002   0.4687727E-0003
    14.55200   0.1398773E-0001  -0.6392177E-0003  -0.5168336E-0003   0.1675332E-0003   0.6080166E-0002   0.4762871E-0003
    14.56000   0.1398271E-0001  -0.6273567E-0003  -0.5155250E-0003   0.1635773E-0003   0.6084017E-0002   0.4813848E-0003
    14.56800   0.1397781E-0001  -0.6124141E-0003  -0.5142529E-0003   0.1590133E-0003   0.6087889E-0002   0.4839830E-0003
    14.57600   0.1397306E-0001  -0.5946552E-0003  -0.5130223E-0003   0.1538170E-0003   0.6091761E-0002   0.4840205E-0003
    14.58400   0.1396846E-0001  -0.5743766E-0003  -0.5118385E-0003   0.1479731E-0003   0.6095613E-0002   0.4814577E-0003
    14.59200   0.1396405E-0001  -0.5518984E-0003  -0.5107068E-0003   0.1414743E-0003   0.6099423E-0002   0.4762773E-0003
    14.60000   0.1395983E-0001  -0.5275569E-0003  -0.5096322E-0003   0.1343211E-0003   0.6103171E-0002   0.4684834E-0003
    14.60800   0.1395581E-0001  -0.5016972E-0003  -0.5086200E-0003   0.1265217E-0003   0.6106836E-0002   0.4581017E-0003
    14.61600   0.1395202E-0001  -0.4746655E-0003  -0.5076753E-0003   0.1180917E-0003   0.6110397E-0002   0.4451773E-0003
    14.62400   0.1394844E-0001  -0.4468019E-0003  -0.5068028E-0003   0.1090540E-0003   0.6113835E-0002   0.4297740E-0003
    14.63200   0.1394509E-0001  -0.4184333E-0003  -0.5060073E-0003   0.9943996E-0004   0.6117131E-0002   0.4119721E-0003
    14.64000   0.1394197E-0001  -0.3898677E-0003  -0.5052930E-0003   0.8928909E-0004   0.6120266E-0002   0.3918660E-0003
    14.64800   0.1393908E-0001  -0.3613879E-0003  -0.5046638E-0003   0.7865004E-0004   0.6123222E-0002   0.3695621E-0003
    14.65600   0.1393642E-0001  -0.3332473E-0003  -0.5041232E-0003   0.6758103E-0004   0.6125984E-0002   0.3451757E-0003
    14.66400   0.1393397E-0001  -0.3056662E-0003  -0.5036740E-0003   0.5615023E-0004   0.6128534E-0002   0.3188287E-0003
    14.67200   0.1393174E-0001  -0.2788286E-0003  -0.5033185E-0003   0.4443589E-0004   0.6130860E-0002   0.2906465E-0003
    14.68000   0.1392972E-0001  -0.2528812E-0003  -0.5030583E-0003   0.3252611E-0004   0.6132946E-0002   0.2607557E-0003
    14.68800   0.1392789E-0001  -0.2279323E-0003  -0.5028941E-0003   0.2051813E-0004   0.6134780E-0002   0.2292812E-0003
    14.69600   0.1392626E-0001  -0.2040528E-0003  -0.5028260E-0003   0.8517181E-0005   0.6136351E-0002   0.1963440E-0003
    14.70400   0.1392481E-0001  -0.1812775E-0003  -0.5028529E-0003  -0.3365229E-0005   0.6137647E-0002   0.1620595E-0003
    14.71200   0.1392354E-0001  -0.1596077E-0003  -0.5029730E-0003  -0.1501351E-0004   0.6138659E-0002   0.1265353E-0003
    14.72000   0.1392242E-0001  -0.1390147E-0003  -0.5031835E-0003  -0.2631062E-0004   0.6139378E-0002   0.8987018E-0004
    14.72800   0.1392147E-0001  -0.1194440E-0003  -0.5034806E-0003  -0.3714108E-0004   0.6139796E-0002   0.5215350E-0004
    14.73600   0.1392066E-0001  -0.1008197E-0003  -0.5038598E-0003  -0.4739415E-0004   0.6139903E-0002   0.1346435E-0004
    14.74400   0.1392000E-0001  -0.8305015E-0004  -0.5043155E-0003  -0.5696718E-0004   0.6139694E-0002  -0.2612822E-0004
    14.75200   0.1391947E-0001  -0.6603280E-0004  -0.5048417E-0003  -0.6576884E-0004   0.6139162E-0002  -0.6656477E-0004
    14.76000   0.1391907E-0001  -0.4966006E-0004  -0.5054314E-0003  -0.7372215E-0004   0.6138299E-0002  -0.1077947E-0003
    14.76800   0.1391880E-0001  -0.3382444E-0004  -0.5060776E-0003  -0.8076712E-0004   0.6137101E-0002  -0.1497751E-0003
    14.77600   0.1391865E-0001  -0.1842363E-0004  -0.5067725E-0003  -0.8686287E-0004   0.6135561E-0002  -0.1924691E-0003
    14.78400   0.1391863E-0001  -0.3365015E-0005  -0.5075084E-0003  -0.9198920E-0004   0.6133675E-0002  -0.2358446E-0003
    14.79200   0.1391872E-0001   0.1143033E-0004  -0.5082776E-0003  -0.9614740E-0004   0.6131436E-0002  -0.2798720E-0003
    14.80000   0.1391893E-0001   0.2602446E-0004  -0.5090725E-0003  -0.9936038E-0004   0.6128840E-0002  -0.3245225E-0003
    14.80800   0.1391925E-0001   0.4046019E-0004  -0.5098858E-0003  -0.1016720E-0003   0.6125881E-0002  -0.3697663E-0003
    14.81600   0.1391969E-0001   0.5475958E-0004  -0.5107110E-0003  -0.1031458E-0003   0.6122557E-0002  -0.4155706E-0003
    14.82400   0.1392024E-0001   0.6892337E-0004  -0.5115419E-0003  -0.1038628E-0003   0.6118862E-0002  -0.4618980E-0003
    14.83200   0.1392090E-0001   0.8293137E-0004  -0.5123733E-0003  -0.1039196E-0003   0.6114792E-0002  -0.5087052E-0003
    14.84000   0.1392168E-0001   0.9674365E-0004  -0.5132007E-0003  -0.1034244E-0003   0.6110344E-0002  -0.5559415E-0003
    14.84800   0.1392256E-0001   0.1103026E-0003  -0.5140206E-0003  -0.1024949E-0003   0.6105516E-0002  -0.6035481E-0003
    14.85600   0.1392355E-0001   0.1235355E-0003  -0.5148306E-0003  -0.1012537E-0003   0.6100304E-0002  -0.6514578E-0003
    14.86400   0.1392464E-0001   0.1363583E-0003  -0.5156293E-0003  -0.9982582E-0004   0.6094708E-0002  -0.6995943E-0003
    14.87200   0.1392583E-0001   0.1486787E-0003  -0.5164159E-0003  -0.9833437E-0004   0.6088725E-0002  -0.7478729E-0003
    14.88000   0.1392711E-0001   0.1604006E-0003  -0.5171911E-0003  -0.9689780E-0004   0.6082355E-0002  -0.7962006E-0003
    14.88800   0.1392848E-0001   0.1714281E-0003  -0.5179561E-0003  -0.9562668E-0004   0.6075599E-0002  -0.8444773E-0003
    14.89600   0.1392994E-0001   0.1816694E-0003  -0.5187131E-0003  -0.9462094E-0004   0.6068458E-0002  -0.8925966E-0003
    14.90400   0.1393146E-0001   0.1910406E-0003  -0.5194648E-0003  -0.9396757E-0004   0.6060935E-0002  -0.9404472E-0003
    14.91200   0.1393306E-0001   0.1994692E-0003  -0.5202147E-0003  -0.9373861E-0004   0.6053032E-0002  -0.9879142E-0003
    14.92000   0.1393471E-0001   0.2068970E-0003  -0.5209667E-0003  -0.9398967E-0004   0.6044753E-0002  -0.1034881E-0002
    14.92800   0.1393642E-0001   0.2132821E-0003  -0.5217247E-0003  -0.9475876E-0004   0.6036103E-0002  -0.1081231E-0002
    14.93600   0.1393817E-0001   0.2186006E-0003  -0.5224933E-0003  -0.9606563E-0004   0.6027088E-0002  -0.1126847E-0002
    14.94400   0.1393995E-0001   0.2228475E-0003  -0.5232765E-0003  -0.9791146E-0004   0.6017715E-0002  -0.1171618E-0002
    14.95200   0.1394176E-0001   0.2260365E-0003  -0.5240788E-0003  -0.1002790E-0003   0.6007992E-0002  -0.1215432E-0002
    14.96000   0.1394359E-0001   0.2281993E-0003  -0.5249038E-0003  -0.1031333E-0003   0.5997926E-0002  -0.1258185E-0002
    14.96800   0.1394542E-0001   0.2293841E-0003  -0.5257552E-0003  -0.1064221E-0003   0.5987528E-0002  -0.1299779E-0002
    14.97600   0.1394726E-0001   0.2296536E-0003  -0.5266358E-0003  -0.1100779E-0003   0.5976807E-0002  -0.1340118E-0002
    14.98400   0.1394909E-0001   0.2290821E-0003  -0.5275480E-0003  -0.1140191E-0003   0.5965774E-0002  -0.1379117E-0002
    14.99200   0.1395091E-0001   0.2277525E-0003  -0.5284932E-0003  -0.1181525E-0003   0.5954440E-0002  -0.1416693E-0002
    15.00000   0.1395272E-0001   0.2257527E-0003  -0.5294722E-0003  -0.1223757E-0003   0.5942818E-0002  -0.1452769E-0002
    15.00800   0.1395450E-0001   0.2231724E-0003  -0.5304849E-0003  -0.1265796E-0003   0.5930920E-0002  -0.1487276E-0002
    15.01600   0.1395627E-0001   0.2200985E-0003  -0.5315301E-0003  -0.1306524E-0003   0.5918759E-0002  -0.1520144E-0002
    15.02400   0.1395800E-0001   0.2166124E-0003  -0.5326059E-0003  -0.1344822E-0003   0.5906348E-0002  -0.1551310E-0002
    15.03200   0.1395970E-0001   0.2127864E-0003  -0.5337096E-0003  -0.1379612E-0003   0.5893703E-0002  -0.1580709E-0002
    15.04000   0.1396137E-0001   0.2086806E-0003  -0.5348375E-0003  -0.1409894E-0003   0.5880836E-0002  -0.1608278E-0002
    15.04800   0.1396300E-0001   0.2043402E-0003  -0.5359854E-0003  -0.1434782E-0003   0.5867765E-0002  -0.1633955E-0002
    15.05600   0.1396460E-0001   0.1997941E-0003  -0.5371482E-0003  -0.1453540E-0003   0.5854503E-0002  -0.1657673E-0002
    15.06400   0.1396616E-0001   0.1950532E-0003  -0.5383207E-0003  -0.1465621E-0003   0.5841069E-0002  -0.1679366E-0002
    15.07200   0.1396768E-0001   0.1901101E-0003  -0.5394973E-0003  -0.1470689E-0003   0.5827477E-0002  -0.1698962E-0002
    15.08000   0.1396916E-0001   0.1849389E-0003  -0.5406722E-0003  -0.1468648E-0003   0.5813746E-0002  -0.1716388E-0002
    15.08800   0.1397060E-0001   0.1794964E-0003  -0.5418399E-0003  -0.1459654E-0003   0.5799893E-0002  -0.1731567E-0002
    15.09600   0.1397199E-0001   0.1737231E-0003  -0.5429952E-0003  -0.1444129E-0003   0.5785938E-0002  -0.1744422E-0002
    15.10400   0.1397333E-0001   0.1675464E-0003  -0.5441334E-0003  -0.1422754E-0003   0.5771899E-0002  -0.1754872E-0002
    15.11200   0.1397462E-0001   0.1608823E-0003  -0.5452506E-0003  -0.1396458E-0003   0.5757796E-0002  -0.1762838E-0002
    15.12000   0.1397585E-0001   0.1536396E-0003  -0.5463437E-0003  -0.1366400E-0003   0.5743650E-0002  -0.1768243E-0002
    15.12800   0.1397701E-0001   0.1457230E-0003  -0.5474108E-0003  -0.1333931E-0003   0.5729482E-0002  -0.1771015E-0002
    15.13600   0.1397811E-0001   0.1370378E-0003  -0.5484513E-0003  -0.1300556E-0003   0.5715313E-0002  -0.1771087E-0002
    15.14400   0.1397913E-0001   0.1274934E-0003  -0.5494656E-0003  -0.1267882E-0003   0.5701166E-0002  -0.1768403E-0002
    15.15200   0.1398006E-0001   0.1170081E-0003  -0.5504556E-0003  -0.1237561E-0003   0.5687063E-0002  -0.1762919E-0002
    15.16000   0.1398091E-0001   0.1055131E-0003  -0.5514246E-0003  -0.1211226E-0003   0.5673026E-0002  -0.1754608E-0002
    15.16800   0.1398165E-0001   0.9295606E-0004  -0.5523770E-0003  -0.1190431E-0003   0.5659078E-0002  -0.1743458E-0002
    15.17600   0.1398229E-0001   0.7930531E-0004  -0.5533182E-0003  -0.1176583E-0003   0.5645242E-0002  -0.1729481E-0002
    15.18400   0.1398280E-0001   0.6455241E-0004  -0.5542549E-0003  -0.1170881E-0003   0.5631541E-0002  -0.1712710E-0002
    15.19200   0.1398319E-0001   0.4871482E-0004  -0.5551943E-0003  -0.1174260E-0003   0.5617995E-0002  -0.1693204E-0002
    15.20000   0.1398345E-0001   0.3183768E-0004  -0.5561442E-0003  -0.1187349E-0003   0.5604627E-0002  -0.1671048E-0002
    15.20800   0.1398356E-0001   0.1399486E-0004  -0.5571126E-0003  -0.1210425E-0003   0.5591456E-0002  -0.1646354E-0002
    15.21600   0.1398352E-0001  -0.4710888E-0005  -0.5581073E-0003  -0.1243396E-0003   0.5578502E-0002  -0.1619264E-0002
    15.22400   0.1398333E-0001  -0.2414852E-0004  -0.5591359E-0003  -0.1285790E-0003   0.5565782E-0002  -0.1589944E-0002
    15.23200   0.1398298E-0001  -0.4416022E-0004  -0.5602053E-0003  -0.1336758E-0003   0.5553314E-0002  -0.1558586E-0002
    15.24000   0.1398246E-0001  -0.6456373E-0004  -0.5613214E-0003  -0.1395097E-0003   0.5541110E-0002  -0.1525409E-0002
    15.24800   0.1398178E-0001  -0.8515551E-0004  -0.5624888E-0003  -0.1459283E-0003   0.5529185E-0002  -0.1490647E-0002
    15.25600   0.1398093E-0001  -0.1057146E-0003  -0.5637108E-0003  -0.1527524E-0003   0.5517549E-0002  -0.1454557E-0002
    15.26400   0.1397992E-0001  -0.1260071E-0003  -0.5649891E-0003  -0.1597817E-0003   0.5506209E-0002  -0.1417406E-0002
    15.27200   0.1397876E-0001  -0.1457914E-0003  -0.5663235E-0003  -0.1668023E-0003   0.5495174E-0002  -0.1379469E-0002
    15.28000   0.1397744E-0001  -0.1648233E-0003  -0.5677123E-0003  -0.1735946E-0003   0.5484445E-0002  -0.1341026E-0002
    15.28800   0.1397598E-0001  -0.1828620E-0003  -0.5691518E-0003  -0.1799413E-0003   0.5474027E-0002  -0.1302353E-0002
    15.29600   0.1397438E-0001  -0.1996760E-0003  -0.5706369E-0003  -0.1856360E-0003   0.5463917E-0002  -0.1263719E-0002
    15.30400   0.1397266E-0001  -0.2150487E-0003  -0.5721608E-0003  -0.1904911E-0003   0.5454114E-0002  -0.1225378E-0002
    15.31200   0.1397083E-0001  -0.2287839E-0003  -0.5737156E-0003  -0.1943455E-0003   0.5444613E-0002  -0.1187565E-0002
    15.32000   0.1396890E-0001  -0.2407114E-0003  -0.5752921E-0003  -0.1970711E-0003   0.5435409E-0002  -0.1150490E-0002
    15.32800   0.1396690E-0001  -0.2506913E-0003  -0.5768808E-0003  -0.1985777E-0003   0.5426495E-0002  -0.1114333E-0002
    15.33600   0.1396483E-0001  -0.2586181E-0003  -0.5784713E-0003  -0.1988174E-0003   0.5417861E-0002  -0.1079242E-0002
    15.34400   0.1396271E-0001  -0.2644241E-0003  -0.5800536E-0003  -0.1977869E-0003   0.5409498E-0002  -0.1045326E-0002
    15.35200   0.1396057E-0001  -0.2680816E-0003  -0.5816178E-0003  -0.1955275E-0003   0.5401397E-0002  -0.1012652E-0002
    15.36000   0.1395841E-0001  -0.2696042E-0003  -0.5831548E-0003  -0.1921241E-0003   0.5393547E-0002  -0.9812500E-0003
    15.36800   0.1395626E-0001  -0.2690473E-0003  -0.5846564E-0003  -0.1877026E-0003   0.5385938E-0002  -0.9511034E-0003
    15.37600   0.1395413E-0001  -0.2665072E-0003  -0.5861158E-0003  -0.1824245E-0003   0.5378561E-0002  -0.9221560E-0003
    15.38400   0.1395203E-0001  -0.2621189E-0003  -0.5875277E-0003  -0.1764814E-0003   0.5371406E-0002  -0.8943104E-0003
    15.39200   0.1394998E-0001  -0.2560538E-0003  -0.5888884E-0003  -0.1700877E-0003   0.5364467E-0002  -0.8674322E-0003
    15.40000   0.1394799E-0001  -0.2485154E-0003  -0.5901962E-0003  -0.1634719E-0003   0.5357736E-0002  -0.8413525E-0003
    15.40800   0.1394608E-0001  -0.2397344E-0003  -0.5914511E-0003  -0.1568684E-0003   0.5351209E-0002  -0.8158732E-0003
    15.41600   0.1394424E-0001  -0.2299632E-0003  -0.5926552E-0003  -0.1505077E-0003   0.5344883E-0002  -0.7907724E-0003
    15.42400   0.1394248E-0001  -0.2194697E-0003  -0.5938120E-0003  -0.1446083E-0003   0.5338756E-0002  -0.7658100E-0003
    15.43200   0.1394081E-0001  -0.2085302E-0003  -0.5949270E-0003  -0.1393676E-0003   0.5332831E-0002  -0.7407350E-0003
    15.44000   0.1393923E-0001  -0.1974225E-0003  -0.5960066E-0003  -0.1349545E-0003   0.5327108E-0002  -0.7152921E-0003
    15.44800   0.1393774E-0001  -0.1864184E-0003  -0.5970586E-0003  -0.1315027E-0003   0.5321594E-0002  -0.6892286E-0003
    15.45600   0.1393633E-0001  -0.1757769E-0003  -0.5980915E-0003  -0.1291061E-0003   0.5316296E-0002  -0.6623022E-0003
    15.46400   0.1393501E-0001  -0.1657371E-0003  -0.5991140E-0003  -0.1278146E-0003   0.5311222E-0002  -0.6342869E-0003
    15.47200   0.1393376E-0001  -0.1565119E-0003  -0.6001351E-0003  -0.1276327E-0003   0.5306382E-0002  -0.6049802E-0003
    15.48000   0.1393257E-0001  -0.1482824E-0003  -0.6011632E-0003  -0.1285194E-0003   0.5301788E-0002  -0.5742084E-0003
    15.48800   0.1393144E-0001  -0.1411929E-0003  -0.6022063E-0003  -0.1303900E-0003   0.5297454E-0002  -0.5418315E-0003
    15.49600   0.1393036E-0001  -0.1353475E-0003  -0.6032713E-0003  -0.1331196E-0003   0.5293392E-0002  -0.5077474E-0003
    15.50400   0.1392931E-0001  -0.1308070E-0003  -0.6043637E-0003  -0.1365481E-0003   0.5289616E-0002  -0.4718950E-0003
    15.51200   0.1392829E-0001  -0.1275883E-0003  -0.6054876E-0003  -0.1404866E-0003   0.5286142E-0002  -0.4342554E-0003
    15.52000   0.1392729E-0001  -0.1256637E-0003  -0.6066454E-0003  -0.1447249E-0003   0.5282984E-0002  -0.3948533E-0003
    15.52800   0.1392629E-0001  -0.1249628E-0003  -0.6078377E-0003  -0.1490400E-0003   0.5280153E-0002  -0.3537556E-0003
    15.53600   0.1392528E-0001  -0.1253746E-0003  -0.6090633E-0003  -0.1532045E-0003   0.5277665E-0002  -0.3110702E-0003
    15.54400   0.1392427E-0001  -0.1267519E-0003  -0.6103193E-0003  -0.1569955E-0003   0.5275529E-0002  -0.2669426E-0003
    15.55200   0.1392324E-0001  -0.1289160E-0003  -0.6116009E-0003  -0.1602035E-0003   0.5273757E-0002  -0.2215523E-0003
    15.56000   0.1392218E-0001  -0.1316628E-0003  -0.6129020E-0003  -0.1626405E-0003   0.5272356E-0002  -0.1751072E-0003
    15.56800   0.1392111E-0001  -0.1347694E-0003  -0.6142152E-0003  -0.1641468E-0003   0.5271333E-0002  -0.1278387E-0003
    15.57600   0.1392000E-0001  -0.1380018E-0003  -0.6155320E-0003  -0.1645974E-0003   0.5270693E-0002  -0.7999427E-0004
    15.58400   0.1391887E-0001  -0.1411220E-0003  -0.6168433E-0003  -0.1639068E-0003   0.5270439E-0002  -0.3183157E-0004
    15.59200   0.1391772E-0001  -0.1438962E-0003  -0.6181395E-0003  -0.1620321E-0003   0.5270570E-0002   0.1638920E-0004
    15.60000   0.1391655E-0001  -0.1461024E-0003  -0.6194113E-0003  -0.1589747E-0003   0.5271085E-0002   0.6441219E-0004
    15.60800   0.1391537E-0001  -0.1475371E-0003  -0.6206495E-0003  -0.1547804E-0003   0.5271981E-0002   0.1119929E-0003
    15.61600   0.1391419E-0001  -0.1480221E-0003  -0.6218458E-0003  -0.1495377E-0003   0.5273252E-0002   0.1589046E-0003
    15.62400   0.1391301E-0001  -0.1474102E-0003  -0.6229928E-0003  -0.1433749E-0003   0.5274892E-0002   0.2049445E-0003
    15.63200   0.1391184E-0001  -0.1455896E-0003  -0.6240845E-0003  -0.1364553E-0003   0.5276891E-0002   0.2499389E-0003
    15.64000   0.1391070E-0001  -0.1424871E-0003  -0.6251163E-0003  -0.1289718E-0003   0.5279241E-0002   0.2937475E-0003
    15.64800   0.1390960E-0001  -0.1380706E-0003  -0.6260854E-0003  -0.1211400E-0003   0.5281932E-0002   0.3362668E-0003
    15.65600   0.1390854E-0001  -0.1323495E-0003  -0.6269909E-0003  -0.1131912E-0003   0.5284951E-0002   0.3774323E-0003
    15.66400   0.1390754E-0001  -0.1253740E-0003  -0.6278338E-0003  -0.1053643E-0003   0.5288289E-0002   0.4172199E-0003
    15.67200   0.1390660E-0001  -0.1172335E-0003  -0.6286170E-0003  -0.9789843E-0004   0.5291934E-0002   0.4556451E-0003
    15.68000   0.1390574E-0001  -0.1080534E-0003  -0.6293452E-0003  -0.9102454E-0004   0.5295876E-0002   0.4927625E-0003
    15.68800   0.1390495E-0001  -0.9799054E-0004  -0.6300249E-0003  -0.8495871E-0004   0.5300105E-0002   0.5286631E-0003
    15.69600   0.1390425E-0001  -0.8722854E-0004  -0.6306640E-0003  -0.7989535E-0004   0.5304613E-0002   0.5634704E-0003
    15.70400   0.1390365E-0001  -0.7597173E-0004  -0.6312721E-0003  -0.7600147E-0004   0.5309392E-0002   0.5973369E-0003
    15.71200   0.1390313E-0001  -0.6443895E-0004  -0.6318594E-0003  -0.7341217E-0004   0.5314435E-0002   0.6304379E-0003
    15.72000   0.1390271E-0001  -0.5285699E-0004  -0.6324372E-0003  -0.7222718E-0004   0.5319739E-0002   0.6629665E-0003
    15.72800   0.1390238E-0001  -0.4145403E-0004  -0.6330172E-0003  -0.7250887E-0004   0.5325300E-0002   0.6951263E-0003
    15.73600   0.1390213E-0001  -0.3045333E-0004  -0.6336115E-0003  -0.7428143E-0004   0.5331117E-0002   0.7271255E-0003
    15.74400   0.1390197E-0001  -0.2006732E-0004  -0.6342317E-0003  -0.7753154E-0004   0.5337190E-0002   0.7591696E-0003
    15.75200   0.1390189E-0001  -0.1049232E-0004  -0.6348894E-0003  -0.8221021E-0004   0.5343522E-0002   0.7914548E-0003
    15.76000   0.1390187E-0001  -0.1904057E-0005  -0.6355953E-0003  -0.8823577E-0004   0.5350115E-0002   0.8241615E-0003
    15.76800   0.1390192E-0001   0.5545922E-0005  -0.6363593E-0003  -0.9549795E-0004   0.5356975E-0002   0.8574484E-0003
    15.77600   0.1390201E-0001   0.1173285E-0004  -0.6371902E-0003  -0.1038627E-0003   0.5364107E-0002   0.8914466E-0003
    15.78400   0.1390214E-0001   0.1656029E-0004  -0.6380956E-0003  -0.1131777E-0003   0.5371517E-0002   0.9262553E-0003
    15.79200   0.1390230E-0001   0.1996063E-0004  -0.6390818E-0003  -0.1232780E-0003   0.5379212E-0002   0.9619379E-0003
    15.80000   0.1390248E-0001   0.2189464E-0004  -0.6401538E-0003  -0.1339922E-0003   0.5387200E-0002   0.9985191E-0003
    15.80800   0.1390266E-0001   0.2235003E-0004  -0.6413150E-0003  -0.1451481E-0003   0.5395488E-0002   0.1035983E-0002
    15.81600   0.1390283E-0001   0.2133920E-0004  -0.6425676E-0003  -0.1565787E-0003   0.5404082E-0002   0.1074272E-0002
    15.82400   0.1390298E-0001   0.1889641E-0004  -0.6439126E-0003  -0.1681263E-0003   0.5412989E-0002   0.1113288E-0002
    15.83200   0.1390310E-0001   0.1507427E-0004  -0.6453498E-0003  -0.1796477E-0003   0.5422212E-0002   0.1152894E-0002
    15.84000   0.1390318E-0001   0.9940027E-0005  -0.6468779E-0003  -0.1910170E-0003   0.5431755E-0002   0.1192913E-0002
    15.84800   0.1390321E-0001   0.3571575E-0005  -0.6484950E-0003  -0.2021282E-0003   0.5441620E-0002   0.1233137E-0002
    15.85600   0.1390318E-0001  -0.3946453E-0005  -0.6501981E-0003  -0.2128968E-0003   0.5451807E-0002   0.1273326E-0002
    15.86400   0.1390308E-0001  -0.1252646E-0004  -0.6519842E-0003  -0.2232600E-0003   0.5462312E-0002   0.1313218E-0002
    15.87200   0.1390290E-0001  -0.2208132E-0004  -0.6538496E-0003  -0.2331762E-0003   0.5473133E-0002   0.1352528E-0002
    15.88000   0.1390264E-0001  -0.3252734E-0004  -0.6557906E-0003  -0.2426233E-0003   0.5484260E-0002   0.1390959E-0002
    15.88800   0.1390229E-0001  -0.4378668E-0004  -0.6578034E-0003  -0.2515971E-0003   0.5495686E-0002   0.1428207E-0002
    15.89600   0.1390184E-0001  -0.5578909E-0004  -0.6598842E-0003  -0.2601076E-0003   0.5507398E-0002   0.1463965E-0002
    15.90400   0.1390129E-0001  -0.6847294E-0004  -0.6620297E-0003  -0.2681767E-0003   0.5519381E-0002   0.1497933E-0002
    15.91200   0.1390064E-0001  -0.8178563E-0004  -0.6642363E-0003  -0.2758340E-0003   0.5531620E-0002   0.1529821E-0002
    15.92000   0.1389988E-0001  -0.9568318E-0004  -0.6665012E-0003  -0.2831136E-0003   0.5544095E-0002   0.1559354E-0002
    15.92800   0.1389899E-0001  -0.1101293E-0003  -0.6688216E-0003  -0.2900510E-0003   0.5556785E-0002   0.1586280E-0002
    15.93600   0.1389799E-0001  -0.1250938E-0003  -0.6711951E-0003  -0.2966801E-0003   0.5569668E-0002   0.1610372E-0002
    15.94400   0.1389687E-0001  -0.1405506E-0003  -0.6736193E-0003  -0.3030305E-0003   0.5582719E-0002   0.1631434E-0002
    15.95200   0.1389562E-0001  -0.1564753E-0003  -0.6760923E-0003  -0.3091263E-0003   0.5595914E-0002   0.1649301E-0002
    15.96000   0.1389423E-0001  -0.1728427E-0003  -0.6786122E-0003  -0.3149845E-0003   0.5609224E-0002   0.1663844E-0002
    15.96800   0.1389272E-0001  -0.1896242E-0003  -0.6811771E-0003  -0.3206150E-0003   0.5622624E-0002   0.1674968E-0002
    15.97600   0.1389106E-0001  -0.2067848E-0003  -0.6837853E-0003  -0.3260206E-0003   0.5636085E-0002   0.1682618E-0002
    15.98400   0.1388927E-0001  -0.2242815E-0003  -0.6864349E-0003  -0.3311985E-0003   0.5649579E-0002   0.1686772E-0002
    15.99200   0.1388733E-0001  -0.2420603E-0003  -0.6891240E-0003  -0.3361410E-0003   0.5663079E-0002   0.1687444E-0002
    16.00000   0.1388525E-0001  -0.2600554E-0003  -0.6918507E-0003  -0.3408379E-0003   0.5676556E-0002   0.1684680E-0002
    16.00800   0.1388303E-0001  -0.2781875E-0003  -0.6946129E-0003  -0.3452783E-0003   0.5689985E-0002   0.1678557E-0002
    16.01600   0.1388066E-0001  -0.2963637E-0003  -0.6974086E-0003  -0.3494528E-0003   0.5703338E-0002   0.1669179E-0002
    16.02400   0.1387814E-0001  -0.3144774E-0003  -0.7002354E-0003  -0.3533550E-0003   0.5716592E-0002   0.1656674E-0002
    16.03200   0.1387548E-0001  -0.3324092E-0003  -0.7030913E-0003  -0.3569838E-0003   0.5729721E-0002   0.1641188E-0002
    16.04000   0.1387268E-0001  -0.3500281E-0003  -0.7059740E-0003  -0.3603438E-0003   0.5742704E-0002   0.1622884E-0002
    16.04800   0.1386974E-0001  -0.3671937E-0003  -0.7088816E-0003  -0.3634465E-0003   0.5755520E-0002   0.1601936E-0002
    16.05600   0.1386667E-0001  -0.3837589E-0003  -0.7118121E-0003  -0.3663098E-0003   0.5768148E-0002   0.1578524E-0002
    16.06400   0.1386348E-0001  -0.3995725E-0003  -0.7147637E-0003  -0.3689579E-0003   0.5780571E-0002   0.1552832E-0002
    16.07200   0.1386016E-0001  -0.4144827E-0003  -0.7177351E-0003  -0.3714194E-0003   0.5792771E-0002   0.1525044E-0002
    16.08000   0.1385673E-0001  -0.4283407E-0003  -0.7207249E-0003  -0.3737263E-0003   0.5804734E-0002   0.1495339E-0002
    16.08800   0.1385321E-0001  -0.4410046E-0003  -0.7237322E-0003  -0.3759110E-0003   0.5816445E-0002   0.1463888E-0002
    16.09600   0.1384959E-0001  -0.4523428E-0003  -0.7267562E-0003  -0.3780045E-0003   0.5827892E-0002   0.1430856E-0002
    16.10400   0.1384589E-0001  -0.4622376E-0003  -0.7297965E-0003  -0.3800335E-0003   0.5839063E-0002   0.1396392E-0002
    16.11200   0.1384212E-0001  -0.4705888E-0003  -0.7328526E-0003  -0.3820181E-0003   0.5849948E-0002   0.1360635E-0002
    16.12000   0.1383831E-0001  -0.4773166E-0003  -0.7359244E-0003  -0.3839695E-0003   0.5860537E-0002   0.1323708E-0002
    16.12800   0.1383445E-0001  -0.4823641E-0003  -0.7390115E-0003  -0.3858883E-0003   0.5870823E-0002   0.1285721E-0002
    16.13600   0.1383056E-0001  -0.4856992E-0003  -0.7421136E-0003  -0.3877631E-0003   0.5880797E-0002   0.1246769E-0002
    16.14400   0.1382666E-0001  -0.4873163E-0003  -0.7452302E-0003  -0.3895703E-0003   0.5890453E-0002   0.1206932E-0002
    16.15200   0.1382276E-0001  -0.4872372E-0003  -0.7483604E-0003  -0.3912741E-0003   0.5899783E-0002   0.1166278E-0002
    16.16000   0.1381888E-0001  -0.4855109E-0003  -0.7515030E-0003  -0.3928278E-0003   0.5908782E-0002   0.1124860E-0002
    16.16800   0.1381502E-0001  -0.4822137E-0003  -0.7546564E-0003  -0.3941749E-0003   0.5917444E-0002   0.1082724E-0002
    16.17600   0.1381120E-0001  -0.4774475E-0003  -0.7578184E-0003  -0.3952524E-0003   0.5925763E-0002   0.1039902E-0002
    16.18400   0.1380743E-0001  -0.4713387E-0003  -0.7609864E-0003  -0.3959927E-0003   0.5933734E-0002   0.9964206E-0003
    16.19200   0.1380372E-0001  -0.4640351E-0003  -0.7641570E-0003  -0.3963279E-0003   0.5941353E-0002   0.9522984E-0003
    16.20000   0.1380007E-0001  -0.4557041E-0003  -0.7673265E-0003  -0.3961925E-0003   0.5948613E-0002   0.9075485E-0003
    16.20800   0.1379650E-0001  -0.4465286E-0003  -0.7704907E-0003  -0.3955274E-0003   0.5955510E-0002   0.8621797E-0003
    16.21600   0.1379301E-0001  -0.4367036E-0003  -0.7736450E-0003  -0.3942831E-0003   0.5962040E-0002   0.8161971E-0003
    16.22400   0.1378960E-0001  -0.4264325E-0003  -0.7767844E-0003  -0.3924226E-0003   0.5968197E-0002   0.7696033E-0003
    16.23200   0.1378627E-0001  -0.4159225E-0003  -0.7799038E-0003  -0.3899239E-0003   0.5973976E-0002   0.7223985E-0003
    16.24000   0.1378303E-0001  -0.4053808E-0003  -0.7829980E-0003  -0.3867816E-0003   0.5979373E-0002   0.6745805E-0003
    16.24800   0.1377987E-0001  -0.3950098E-0003  -0.7860621E-0003  -0.3830081E-0003   0.5984382E-0002   0.6261454E-0003
    16.25600   0.1377679E-0001  -0.3850030E-0003  -0.7890912E-0003  -0.3786336E-0003   0.5988999E-0002   0.5770864E-0003
    16.26400   0.1377378E-0001  -0.3755409E-0003  -0.7920808E-0003  -0.3737054E-0003   0.5993218E-0002   0.5273940E-0003
    16.27200   0.1377085E-0001  -0.3667871E-0003  -0.7950271E-0003  -0.3682868E-0003   0.5997034E-0002   0.4770550E-0003
    16.28000   0.1376798E-0001  -0.3588846E-0003  -0.7979267E-0003  -0.3624544E-0003   0.6000443E-0002   0.4260517E-0003
    16.28800   0.1376516E-0001  -0.3519524E-0003  -0.8007771E-0003  -0.3562961E-0003   0.6003437E-0002   0.3743616E-0003
    16.29600   0.1376239E-0001  -0.3460834E-0003  -0.8035764E-0003  -0.3499073E-0003   0.6006013E-0002   0.3219563E-0003
    16.30400   0.1375966E-0001  -0.3413414E-0003  -0.8063235E-0003  -0.3433877E-0003   0.6008164E-0002   0.2688008E-0003
    16.31200   0.1375696E-0001  -0.3377598E-0003  -0.8090182E-0003  -0.3368381E-0003   0.6009882E-0002   0.2148534E-0003
    16.32000   0.1375428E-0001  -0.3353407E-0003  -0.8116610E-0003  -0.3303563E-0003   0.6011163E-0002   0.1600652E-0003
    16.32800   0.1375160E-0001  -0.3340543E-0003  -0.8142533E-0003  -0.3240344E-0003   0.6011998E-0002   0.1043801E-0003
    16.33600   0.1374893E-0001  -0.3338396E-0003  -0.8167969E-0003  -0.3179555E-0003   0.6012380E-0002   0.4773541E-0004
    16.34400   0.1374626E-0001  -0.3346049E-0003  -0.8192945E-0003  -0.3121915E-0003   0.6012300E-0002  -0.9937912E-0005
    16.35200   0.1374357E-0001  -0.3362304E-0003  -0.8217489E-0003  -0.3068013E-0003   0.6011751E-0002  -0.6871407E-0004
    16.36000   0.1374086E-0001  -0.3385697E-0003  -0.8241635E-0003  -0.3018291E-0003   0.6010721E-0002  -0.1286712E-0003
    16.36800   0.1373813E-0001  -0.3414537E-0003  -0.8265419E-0003  -0.2973040E-0003   0.6009202E-0002  -0.1898899E-0003
    16.37600   0.1373537E-0001  -0.3446937E-0003  -0.8288879E-0003  -0.2932401E-0003   0.6007183E-0002  -0.2524511E-0003
    16.38400   0.1373258E-0001  -0.3480860E-0003  -0.8312050E-0003  -0.2896364E-0003   0.6004651E-0002  -0.3164346E-0003
    16.39200   0.1372977E-0001  -0.3514165E-0003  -0.8334968E-0003  -0.2864785E-0003   0.6001596E-0002  -0.3819165E-0003
    16.40000   0.1372694E-0001  -0.3544653E-0003  -0.8357667E-0003  -0.2837391E-0003   0.5998004E-0002  -0.4489670E-0003
    16.40800   0.1372408E-0001  -0.3570125E-0003  -0.8380177E-0003  -0.2813805E-0003   0.5993863E-0002  -0.5176485E-0003
    16.41600   0.1372121E-0001  -0.3588432E-0003  -0.8402526E-0003  -0.2793560E-0003   0.5989159E-0002  -0.5880132E-0003
    16.42400   0.1371833E-0001  -0.3597531E-0003  -0.8424735E-0003  -0.2776121E-0003   0.5983878E-0002  -0.6601013E-0003
    16.43200   0.1371546E-0001  -0.3595531E-0003  -0.8446822E-0003  -0.2760902E-0003   0.5978006E-0002  -0.7339395E-0003
    16.44000   0.1371259E-0001  -0.3580751E-0003  -0.8468800E-0003  -0.2747295E-0003   0.5971530E-0002  -0.8095394E-0003
    16.44800   0.1370975E-0001  -0.3551759E-0003  -0.8490678E-0003  -0.2734679E-0003   0.5964435E-0002  -0.8868967E-0003
    16.45600   0.1370694E-0001  -0.3507415E-0003  -0.8512457E-0003  -0.2722443E-0003   0.5956707E-0002  -0.9659905E-0003
    16.46400   0.1370419E-0001  -0.3446900E-0003  -0.8534137E-0003  -0.2710003E-0003   0.5948333E-0002  -0.1046784E-0002
    16.47200   0.1370149E-0001  -0.3369751E-0003  -0.8555712E-0003  -0.2696811E-0003   0.5939299E-0002  -0.1129223E-0002
    16.48000   0.1369887E-0001  -0.3275869E-0003  -0.8577171E-0003  -0.2682370E-0003   0.5929593E-0002  -0.1213238E-0002
    16.48800   0.1369634E-0001  -0.3165536E-0003  -0.8598501E-0003  -0.2666243E-0003   0.5919203E-0002  -0.1298748E-0002
    16.49600   0.1369391E-0001  -0.3039412E-0003  -0.8619685E-0003  -0.2648059E-0003   0.5908118E-0002  -0.1385657E-0002
    16.50400   0.1369159E-0001  -0.2898526E-0003  -0.8640705E-0003  -0.2627518E-0003   0.5896327E-0002  -0.1473859E-0002
    16.51200   0.1368939E-0001  -0.2744254E-0003  -0.8661541E-0003  -0.2604395E-0003   0.5883821E-0002  -0.1563240E-0002
    16.52000   0.1368733E-0001  -0.2578296E-0003  -0.8682169E-0003  -0.2578542E-0003   0.5870591E-0002  -0.1653681E-0002
    16.52800   0.1368541E-0001  -0.2402638E-0003  -0.8702568E-0003  -0.2549888E-0003   0.5856631E-0002  -0.1745060E-0002
    16.53600   0.1368363E-0001  -0.2219505E-0003  -0.8722716E-0003  -0.2518436E-0003   0.5841933E-0002  -0.1837253E-0002
    16.54400   0.1368201E-0001  -0.2031309E-0003  -0.8742590E-0003  -0.2484265E-0003   0.5826492E-0002  -0.1930139E-0002
    16.55200   0.1368053E-0001  -0.1840597E-0003  -0.8762170E-0003  -0.2447520E-0003   0.5810303E-0002  -0.2023600E-0002
    16.56000   0.1367921E-0001  -0.1649984E-0003  -0.8781437E-0003  -0.2408414E-0003   0.5793363E-0002  -0.2117525E-0002
    16.56800   0.1367804E-0001  -0.1462091E-0003  -0.8800375E-0003  -0.2367216E-0003   0.5775668E-0002  -0.2211809E-0002
    16.57600   0.1367702E-0001  -0.1279478E-0003  -0.8818969E-0003  -0.2324250E-0003   0.5757218E-0002  -0.2306356E-0002
    16.58400   0.1367614E-0001  -0.1104582E-0003  -0.8837208E-0003  -0.2279884E-0003   0.5738009E-0002  -0.2401081E-0002
    16.59200   0.1367539E-0001  -0.9396469E-0004  -0.8855084E-0003  -0.2234520E-0003   0.5718042E-0002  -0.2495905E-0002
    16.60000   0.1367476E-0001  -0.7866716E-0004  -0.8872593E-0003  -0.2188592E-0003   0.5697316E-0002  -0.2590761E-0002
    16.60800   0.1367424E-0001  -0.6473504E-0004  -0.8889733E-0003  -0.2142548E-0003   0.5675831E-0002  -0.2685589E-0002
    16.61600   0.1367382E-0001  -0.5230279E-0004  -0.8906508E-0003  -0.2096846E-0003   0.5653588E-0002  -0.2780337E-0002
    16.62400   0.1367349E-0001  -0.4146588E-0004  -0.8922924E-0003  -0.2051943E-0003   0.5630588E-0002  -0.2874956E-0002
    16.63200   0.1367323E-0001  -0.3227783E-0004  -0.8938990E-0003  -0.2008283E-0003   0.5606833E-0002  -0.2969402E-0002
    16.64000   0.1367303E-0001  -0.2474817E-0004  -0.8954720E-0003  -0.1966292E-0003   0.5582324E-0002  -0.3063633E-0002
    16.64800   0.1367288E-0001  -0.1884157E-0004  -0.8970131E-0003  -0.1926364E-0003   0.5557063E-0002  -0.3157604E-0002
    16.65600   0.1367277E-0001  -0.1447806E-0004  -0.8985242E-0003  -0.1888859E-0003   0.5531053E-0002  -0.3251267E-0002
    16.66400   0.1367267E-0001  -0.1153436E-0004  -0.9000075E-0003  -0.1854089E-0003   0.5504297E-0002  -0.3344567E-0002
    16.67200   0.1367259E-0001  -0.9846324E-0005  -0.9014653E-0003  -0.1822320E-0003   0.5476797E-0002  -0.3437440E-0002
    16.68000   0.1367252E-0001  -0.9212513E-0005  -0.9029003E-0003  -0.1793762E-0003   0.5448559E-0002  -0.3529813E-0002
    16.68800   0.1367245E-0001  -0.9398658E-0005  -0.9043152E-0003  -0.1768567E-0003   0.5419586E-0002  -0.3621597E-0002
    16.69600   0.1367236E-0001  -0.1014306E-0004  -0.9057126E-0003  -0.1746829E-0003   0.5389884E-0002  -0.3712692E-0002
    16.70400   0.1367228E-0001  -0.1116273E-0004  -0.9070955E-0003  -0.1728580E-0003   0.5359461E-0002  -0.3802980E-0002
    16.71200   0.1367218E-0001  -0.1216013E-0004  -0.9084665E-0003  -0.1713796E-0003   0.5328322E-0002  -0.3892328E-0002
    16.72000   0.1367208E-0001  -0.1283031E-0004  -0.9098285E-0003  -0.1702393E-0003   0.5296477E-0002  -0.3980588E-0002
    16.72800   0.1367197E-0001  -0.1286838E-0004  -0.9111839E-0003  -0.1694235E-0003   0.5263936E-0002  -0.4067593E-0002
    16.73600   0.1367188E-0001  -0.1197699E-0004  -0.9125352E-0003  -0.1689134E-0003   0.5230711E-0002  -0.4153162E-0002
    16.74400   0.1367180E-0001  -0.9873685E-0005  -0.9138846E-0003  -0.1686859E-0003   0.5196814E-0002  -0.4237102E-0002
    16.75200   0.1367175E-0001  -0.6298005E-0005  -0.9152344E-0003  -0.1687137E-0003   0.5162261E-0002  -0.4319205E-0002
    16.76000   0.1367174E-0001  -0.1018042E-0005  -0.9165861E-0003  -0.1689665E-0003   0.5127067E-0002  -0.4399254E-0002
    16.76800   0.1367179E-0001   0.6163617E-0005  -0.9179414E-0003  -0.1694110E-0003   0.5091250E-0002  -0.4477023E-0002
    16.77600   0.1367191E-0001   0.1540477E-0004  -0.9193015E-0003  -0.1700121E-0003   0.5054832E-0002  -0.4552281E-0002
    16.78400   0.1367213E-0001   0.2681939E-0004  -0.9206673E-0003  -0.1707334E-0003   0.5017834E-0002  -0.4624795E-0002
    16.79200   0.1367245E-0001   0.4047450E-0004  -0.9220396E-0003  -0.1715380E-0003   0.4980279E-0002  -0.4694329E-0002
    16.80000   0.1367290E-0001   0.5638809E-0004  -0.9234188E-0003  -0.1723893E-0003   0.4942194E-0002  -0.4760651E-0002
    16.80800   0.1367350E-0001   0.7452828E-0004  -0.9248048E-0003  -0.1732518E-0003   0.4903606E-0002  -0.4823536E-0002
    16.81600   0.1367426E-0001   0.9481360E-0004  -0.9261975E-0003  -0.1740918E-0003   0.4864544E-0002  -0.4882763E-0002
    16.82400   0.1367519E-0001   0.1171145E-0003  -0.9275965E-0003  -0.1748781E-0003   0.4825039E-0002  -0.4938125E-0002
    16.83200   0.1367632E-0001   0.1412558E-0003  -0.9290012E-0003  -0.1755831E-0003   0.4785123E-0002  -0.4989422E-0002
    16.84000   0.1367766E-0001   0.1670208E-0003  -0.9304107E-0003  -0.1761831E-0003   0.4744831E-0002  -0.5036474E-0002
    16.84800   0.1367921E-0001   0.1941554E-0003  -0.9318239E-0003  -0.1766590E-0003   0.4704199E-0002  -0.5079113E-0002
    16.85600   0.1368099E-0001   0.2223739E-0003  -0.9332399E-0003  -0.1769975E-0003   0.4663261E-0002  -0.5117188E-0002
    16.86400   0.1368300E-0001   0.2513653E-0003  -0.9346574E-0003  -0.1771910E-0003   0.4622056E-0002  -0.5150569E-0002
    16.87200   0.1368525E-0001   0.2807996E-0003  -0.9360754E-0003  -0.1772383E-0003   0.4580623E-0002  -0.5179143E-0002
    16.88000   0.1368773E-0001   0.3103356E-0003  -0.9374925E-0003  -0.1771453E-0003   0.4539001E-0002  -0.5202819E-0002
    16.88800   0.1369045E-0001   0.3396278E-0003  -0.9389079E-0003  -0.1769246E-0003   0.4497229E-0002  -0.5221524E-0002
    16.89600   0.1369340E-0001   0.3683343E-0003  -0.9403207E-0003  -0.1765964E-0003   0.4455347E-0002  -0.5235208E-0002
    16.90400   0.1369656E-0001   0.3961233E-0003  -0.9417302E-0003  -0.1761876E-0003   0.4413396E-0002  -0.5243843E-0002
    16.91200   0.1369995E-0001   0.4226809E-0003  -0.9431360E-0003  -0.1757324E-0003   0.4371417E-0002  -0.5247421E-0002
    16.92000   0.1370353E-0001   0.4477173E-0003  -0.9445382E-0003  -0.1752714E-0003   0.4329449E-0002  -0.5245958E-0002
    16.92800   0.1370729E-0001   0.4709724E-0003  -0.9459370E-0003  -0.1748510E-0003   0.4287533E-0002  -0.5239490E-0002
    16.93600   0.1371123E-0001   0.4922215E-0003  -0.9473332E-0003  -0.1745228E-0003   0.4245709E-0002  -0.5228077E-0002
    16.94400   0.1371532E-0001   0.5112794E-0003  -0.9487279E-0003  -0.1743427E-0003   0.4204014E-0002  -0.5211802E-0002
    16.95200   0.1371955E-0001   0.5280034E-0003  -0.9501229E-0003  -0.1743693E-0003   0.4162488E-0002  -0.5190768E-0002
    16.96000   0.1372389E-0001   0.5422965E-0003  -0.9515202E-0003  -0.1746629E-0003   0.4121167E-0002  -0.5165105E-0002
    16.96800   0.1372832E-0001   0.5541080E-0003  -0.9529225E-0003  -0.1752841E-0003   0.4080087E-0002  -0.5134964E-0002
    16.97600   0.1373283E-0001   0.5634345E-0003  -0.9543328E-0003  -0.1762919E-0003   0.4039283E-0002  -0.5100518E-0002
    16.98400   0.1373739E-0001   0.5703185E-0003  -0.9557547E-0003  -0.1777419E-0003   0.3998788E-0002  -0.5061967E-0002
    16.99200   0.1374199E-0001   0.5748475E-0003  -0.9571922E-0003  -0.1796853E-0003   0.3958631E-0002  -0.5019531E-0002
    17.00000   0.1374660E-0001   0.5771510E-0003  -0.9586496E-0003  -0.1821664E-0003   0.3918844E-0002  -0.4973454E-0002
    17.00800   0.1375122E-0001   0.5773971E-0003  -0.9601313E-0003  -0.1852213E-0003   0.3879452E-0002  -0.4924001E-0002
    17.01600   0.1375583E-0001   0.5757885E-0003  -0.9616423E-0003  -0.1888766E-0003   0.3840480E-0002  -0.4871460E-0002
    17.02400   0.1376041E-0001   0.5725577E-0003  -0.9631875E-0003  -0.1931476E-0003   0.3801951E-0002  -0.4816136E-0002
    17.03200   0.1376495E-0001   0.5679616E-0003  -0.9647718E-0003  -0.1980378E-0003   0.3763884E-0002  -0.4758355E-0002
    17.04000   0.1376945E-0001   0.5622762E-0003  -0.9664001E-0003  -0.2035372E-0003   0.3726296E-0002  -0.4698456E-0002
    17.04800   0.1377390E-0001   0.5557900E-0003  -0.9680771E-0003  -0.2096228E-0003   0.3689202E-0002  -0.4636794E-0002
    17.05600   0.1377829E-0001   0.5487989E-0003  -0.9698072E-0003  -0.2162576E-0003   0.3652612E-0002  -0.4573731E-0002
    17.06400   0.1378262E-0001   0.5415992E-0003  -0.9715943E-0003  -0.2233914E-0003   0.3616535E-0002  -0.4509637E-0002
    17.07200   0.1378690E-0001   0.5344828E-0003  -0.9734420E-0003  -0.2309607E-0003   0.3580976E-0002  -0.4444886E-0002
    17.08000   0.1379112E-0001   0.5277304E-0003  -0.9753531E-0003  -0.2388903E-0003   0.3545937E-0002  -0.4379849E-0002
    17.08800   0.1379529E-0001   0.5216074E-0003  -0.9773299E-0003  -0.2470944E-0003   0.3511418E-0002  -0.4314891E-0002
    17.09600   0.1379942E-0001   0.5163580E-0003  -0.9793737E-0003  -0.2554779E-0003   0.3477415E-0002  -0.4250365E-0002
    17.10400   0.1380352E-0001   0.5122019E-0003  -0.9814852E-0003  -0.2639388E-0003   0.3443922E-0002  -0.4186609E-0002
    17.11200   0.1380760E-0001   0.5093297E-0003  -0.9836642E-0003  -0.2723700E-0003   0.3410931E-0002  -0.4123939E-0002
    17.12000   0.1381166E-0001   0.5079004E-0003  -0.9859094E-0003  -0.2806615E-0003   0.3378430E-0002  -0.4062647E-0002
    17.12800   0.1381572E-0001   0.5080387E-0003  -0.9882191E-0003  -0.2887031E-0003   0.3346406E-0002  -0.4002992E-0002
    17.13600   0.1381980E-0001   0.5098337E-0003  -0.9905902E-0003  -0.2963870E-0003   0.3314844E-0002  -0.3945199E-0002
    17.14400   0.1382391E-0001   0.5133374E-0003  -0.9930190E-0003  -0.3036093E-0003   0.3283728E-0002  -0.3889453E-0002
    17.15200   0.1382806E-0001   0.5185647E-0003  -0.9955012E-0003  -0.3102732E-0003   0.3253041E-0002  -0.3835898E-0002
    17.16000   0.1383226E-0001   0.5254940E-0003  -0.9980316E-0003  -0.3162908E-0003   0.3222764E-0002  -0.3784632E-0002
    17.16800   0.1383653E-0001   0.5340681E-0003  -0.1000604E-0002  -0.3215845E-0003   0.3192879E-0002  -0.3735706E-0002
    17.17600   0.1384089E-0001   0.5441960E-0003  -0.1003213E-0002  -0.3260891E-0003   0.3163366E-0002  -0.3689124E-0002
    17.18400   0.1384533E-0001   0.5557553E-0003  -0.1005851E-0002  -0.3297529E-0003   0.3134207E-0002  -0.3644842E-0002
    17.19200   0.1384988E-0001   0.5685953E-0003  -0.1008511E-0002  -0.3325383E-0003   0.3105385E-0002  -0.3602767E-0002
    17.20000   0.1385454E-0001   0.5825402E-0003  -0.1011187E-0002  -0.3344227E-0003   0.3076883E-0002  -0.3562765E-0002
    17.20800   0.1385932E-0001   0.5973934E-0003  -0.1013870E-0002  -0.3353982E-0003   0.3048685E-0002  -0.3524656E-0002
    17.21600   0.1386422E-0001   0.6129412E-0003  -0.1016554E-0002  -0.3354718E-0003   0.3020779E-0002  -0.3488225E-0002
    17.22400   0.1386926E-0001   0.6289579E-0003  -0.1019231E-0002  -0.3346647E-0003   0.2993154E-0002  -0.3453221E-0002
    17.23200   0.1387442E-0001   0.6452107E-0003  -0.1021895E-0002  -0.3330114E-0003   0.2965799E-0002  -0.3419369E-0002
    17.24000   0.1387971E-0001   0.6614640E-0003  -0.1024539E-0002  -0.3305585E-0003   0.2938708E-0002  -0.3386368E-0002
    17.24800   0.1388513E-0001   0.6774852E-0003  -0.1027158E-0002  -0.3273637E-0003   0.2911877E-0002  -0.3353907E-0002
    17.25600   0.1389067E-0001   0.6930490E-0003  -0.1029746E-0002  -0.3234939E-0003   0.2885303E-0002  -0.3321665E-0002
    17.26400   0.1389634E-0001   0.7079429E-0003  -0.1032299E-0002  -0.3190238E-0003   0.2858989E-0002  -0.3289322E-0002
    17.27200   0.1390211E-0001   0.7219711E-0003  -0.1034811E-0002  -0.3140340E-0003   0.2832936E-0002  -0.3256565E-0002
    17.28000   0.1390799E-0001   0.7349594E-0003  -0.1037280E-0002  -0.3086095E-0003   0.2807151E-0002  -0.3223097E-0002
    17.28800   0.1391397E-0001   0.7467586E-0003  -0.1039702E-0002  -0.3028375E-0003   0.2781642E-0002  -0.3188643E-0002
    17.29600   0.1392002E-0001   0.7572481E-0003  -0.1042077E-0002  -0.2968062E-0003   0.2756419E-0002  -0.3152954E-0002
    17.30400   0.1392616E-0001   0.7663383E-0003  -0.1044402E-0002  -0.2906027E-0003   0.2731492E-0002  -0.3115817E-0002
    17.31200   0.1393235E-0001   0.7739730E-0003  -0.1046676E-0002  -0.2843116E-0003   0.2706876E-0002  -0.3077060E-0002
    17.32000   0.1393859E-0001   0.7801304E-0003  -0.1048900E-0002  -0.2780139E-0003   0.2682583E-0002  -0.3036550E-0002
    17.32800   0.1394487E-0001   0.7848237E-0003  -0.1051075E-0002  -0.2717851E-0003   0.2658630E-0002  -0.2994203E-0002
    17.33600   0.1395117E-0001   0.7881006E-0003  -0.1053200E-0002  -0.2656950E-0003   0.2635030E-0002  -0.2949981E-0002
    17.34400   0.1395749E-0001   0.7900425E-0003  -0.1055279E-0002  -0.2598059E-0003   0.2611799E-0002  -0.2903895E-0002
    17.35200   0.1396382E-0001   0.7907617E-0003  -0.1057312E-0002  -0.2541726E-0003   0.2588950E-0002  -0.2856003E-0002
    17.36000   0.1397014E-0001   0.7903994E-0003  -0.1059303E-0002  -0.2488417E-0003   0.2566499E-0002  -0.2806410E-0002
    17.36800   0.1397645E-0001   0.7891213E-0003  -0.1061253E-0002  -0.2438510E-0003   0.2544457E-0002  -0.2755262E-0002
    17.37600   0.1398275E-0001   0.7871139E-0003  -0.1063167E-0002  -0.2392298E-0003   0.2522835E-0002  -0.2702745E-0002
    17.38400   0.1398903E-0001   0.7845790E-0003  -0.1065047E-0002  -0.2349987E-0003   0.2501643E-0002  -0.2649079E-0002
    17.39200   0.1399528E-0001   0.7817285E-0003  -0.1066897E-0002  -0.2311701E-0003   0.2480886E-0002  -0.2594512E-0002
    17.40000   0.1400151E-0001   0.7787788E-0003  -0.1068719E-0002  -0.2277480E-0003   0.2460572E-0002  -0.2539313E-0002
    17.40800   0.1400772E-0001   0.7759447E-0003  -0.1070516E-0002  -0.2247294E-0003   0.2440702E-0002  -0.2483767E-0002
    17.41600   0.1401391E-0001   0.7734331E-0003  -0.1072293E-0002  -0.2221038E-0003   0.2421276E-0002  -0.2428168E-0002
    17.42400   0.1402008E-0001   0.7714375E-0003  -0.1074052E-0002  -0.2198549E-0003   0.2402294E-0002  -0.2372810E-0002
    17.43200   0.1402624E-0001   0.7701324E-0003  -0.1075796E-0002  -0.2179605E-0003   0.2383750E-0002  -0.2317983E-0002
    17.44000   0.1403240E-0001   0.7696679E-0003  -0.1077527E-0002  -0.2163938E-0003   0.2365638E-0002  -0.2263963E-0002
    17.44800   0.1403856E-0001   0.7701658E-0003  -0.1079248E-0002  -0.2151239E-0003   0.2347950E-0002  -0.2211010E-0002
    17.45600   0.1404473E-0001   0.7717153E-0003  -0.1080961E-0002  -0.2141164E-0003   0.2330675E-0002  -0.2159358E-0002
    17.46400   0.1405093E-0001   0.7743706E-0003  -0.1082668E-0002  -0.2133344E-0003   0.2313802E-0002  -0.2109218E-0002
    17.47200   0.1405715E-0001   0.7781495E-0003  -0.1084370E-0002  -0.2127390E-0003   0.2297316E-0002  -0.2060764E-0002
    17.48000   0.1406342E-0001   0.7830320E-0003  -0.1086068E-0002  -0.2122898E-0003   0.2281202E-0002  -0.2014140E-0002
    17.48800   0.1406973E-0001   0.7889616E-0003  -0.1087763E-0002  -0.2119454E-0003   0.2265447E-0002  -0.1969453E-0002
    17.49600   0.1407609E-0001   0.7958463E-0003  -0.1089457E-0002  -0.2116641E-0003   0.2250033E-0002  -0.1926776E-0002
    17.50400   0.1408252E-0001   0.8035620E-0003  -0.1091148E-0002  -0.2114042E-0003   0.2234943E-0002  -0.1886146E-0002
    17.51200   0.1408902E-0001   0.8119557E-0003  -0.1092837E-0002  -0.2111241E-0003   0.2220163E-0002  -0.1847566E-0002
    17.52000   0.1409559E-0001   0.8208505E-0003  -0.1094523E-0002  -0.2107832E-0003   0.2205675E-0002  -0.1811009E-0002
    17.52800   0.1410223E-0001   0.8300513E-0003  -0.1096206E-0002  -0.2103419E-0003   0.2191463E-0002  -0.1776421E-0002
    17.53600   0.1410894E-0001   0.8393507E-0003  -0.1097884E-0002  -0.2097619E-0003   0.2177514E-0002  -0.1743724E-0002
    17.54400   0.1411573E-0001   0.8485356E-0003  -0.1099556E-0002  -0.2090068E-0003   0.2163811E-0002  -0.1712824E-0002
    17.55200   0.1412259E-0001   0.8573941E-0003  -0.1101220E-0002  -0.2080423E-0003   0.2150342E-0002  -0.1683611E-0002
    17.56000   0.1412951E-0001   0.8657223E-0003  -0.1102875E-0002  -0.2068367E-0003   0.2137094E-0002  -0.1655968E-0002
    17.56800   0.1413650E-0001   0.8733306E-0003  -0.1104518E-0002  -0.2053615E-0003   0.2124056E-0002  -0.1629778E-0002
    17.57600   0.1414354E-0001   0.8800503E-0003  -0.1106147E-0002  -0.2035916E-0003   0.2111217E-0002  -0.1604922E-0002
    17.58400   0.1415063E-0001   0.8857386E-0003  -0.1107759E-0002  -0.2015060E-0003   0.2098567E-0002  -0.1581294E-0002
    17.59200   0.1415775E-0001   0.8902832E-0003  -0.1109351E-0002  -0.1990881E-0003   0.2086096E-0002  -0.1558794E-0002
    17.60000   0.1416490E-0001   0.8936061E-0003  -0.1110922E-0002  -0.1963265E-0003   0.2073797E-0002  -0.1537344E-0002
    17.60800   0.1417206E-0001   0.8956656E-0003  -0.1112468E-0002  -0.1932149E-0003   0.2061662E-0002  -0.1516880E-0002
    17.61600   0.1417924E-0001   0.8964578E-0003  -0.1113986E-0002  -0.1897531E-0003   0.2049683E-0002  -0.1497361E-0002
    17.62400   0.1418640E-0001   0.8960162E-0003  -0.1115473E-0002  -0.1859464E-0003   0.2037853E-0002  -0.1478768E-0002
    17.63200   0.1419356E-0001   0.8944102E-0003  -0.1116928E-0002  -0.1818067E-0003   0.2026165E-0002  -0.1461106E-0002
    17.64000   0.1420069E-0001   0.8917423E-0003  -0.1118347E-0002  -0.1773515E-0003   0.2014609E-0002  -0.1444398E-0002
    17.64800   0.1420780E-0001   0.8881444E-0003  -0.1119728E-0002  -0.1726046E-0003   0.2003180E-0002  -0.1428692E-0002
    17.65600   0.1421487E-0001   0.8837729E-0003  -0.1121068E-0002  -0.1675953E-0003   0.1991867E-0002  -0.1414049E-0002
    17.66400   0.1422190E-0001   0.8788023E-0003  -0.1122367E-0002  -0.1623577E-0003   0.1980663E-0002  -0.1400548E-0002
    17.67200   0.1422889E-0001   0.8734195E-0003  -0.1123623E-0002  -0.1569309E-0003   0.1969557E-0002  -0.1388276E-0002
    17.68000   0.1423583E-0001   0.8678163E-0003  -0.1124833E-0002  -0.1513571E-0003   0.1958538E-0002  -0.1377326E-0002
    17.68800   0.1424273E-0001   0.8621829E-0003  -0.1125999E-0002  -0.1456818E-0003   0.1947596E-0002  -0.1367793E-0002
    17.69600   0.1424958E-0001   0.8567002E-0003  -0.1127119E-0002  -0.1399519E-0003   0.1936718E-0002  -0.1359766E-0002
    17.70400   0.1425639E-0001   0.8515339E-0003  -0.1128192E-0002  -0.1342152E-0003   0.1925891E-0002  -0.1353324E-0002
    17.71200   0.1426317E-0001   0.8468279E-0003  -0.1129220E-0002  -0.1285190E-0003   0.1915103E-0002  -0.1348532E-0002
    17.72000   0.1426991E-0001   0.8426993E-0003  -0.1130204E-0002  -0.1229090E-0003   0.1904339E-0002  -0.1345435E-0002
    17.72800   0.1427662E-0001   0.8392341E-0003  -0.1131143E-0002  -0.1174285E-0003   0.1893587E-0002  -0.1344052E-0002
    17.73600   0.1428331E-0001   0.8364844E-0003  -0.1132040E-0002  -0.1121166E-0003   0.1882832E-0002  -0.1344377E-0002
    17.74400   0.1428999E-0001   0.8344663E-0003  -0.1132896E-0002  -0.1070082E-0003   0.1872061E-0002  -0.1346372E-0002
    17.75200   0.1429665E-0001   0.8331596E-0003  -0.1133713E-0002  -0.1021320E-0003   0.1861261E-0002  -0.1349967E-0002
    17.76000   0.1430331E-0001   0.8325090E-0003  -0.1134493E-0002  -0.9751089E-0004   0.1850421E-0002  -0.1355058E-0002
    17.76800   0.1430997E-0001   0.8324264E-0003  -0.1135239E-0002  -0.9316029E-0004   0.1839529E-0002  -0.1361508E-0002
    17.77600   0.1431664E-0001   0.8327943E-0003  -0.1135951E-0002  -0.8908826E-0004   0.1828576E-0002  -0.1369148E-0002
    17.78400   0.1432330E-0001   0.8334709E-0003  -0.1136634E-0002  -0.8529497E-0004   0.1817553E-0002  -0.1377781E-0002
    17.79200   0.1432998E-0001   0.8342959E-0003  -0.1137288E-0002  -0.8177258E-0004   0.1806456E-0002  -0.1387183E-0002
    17.80000   0.1433666E-0001   0.8350965E-0003  -0.1137916E-0002  -0.7850522E-0004   0.1795279E-0002  -0.1397106E-0002
    17.80800   0.1434334E-0001   0.8356950E-0003  -0.1138520E-0002  -0.7546923E-0004   0.1784021E-0002  -0.1407289E-0002
    17.81600   0.1435003E-0001   0.8359156E-0003  -0.1139101E-0002  -0.7263355E-0004   0.1772681E-0002  -0.1417456E-0002
    17.82400   0.1435672E-0001   0.8355919E-0003  -0.1139660E-0002  -0.6996026E-0004   0.1761262E-0002  -0.1427329E-0002
    17.83200   0.1436339E-0001   0.8345737E-0003  -0.1140200E-0002  -0.6740534E-0004   0.1749769E-0002  -0.1436631E-0002
    17.84000   0.1437006E-0001   0.8327333E-0003  -0.1140719E-0002  -0.6491963E-0004   0.1738209E-0002  -0.1445090E-0002
    17.84800   0.1437670E-0001   0.8299711E-0003  -0.1141219E-0002  -0.6244992E-0004   0.1726589E-0002  -0.1452453E-0002
    17.85600   0.1438331E-0001   0.8262200E-0003  -0.1141698E-0002  -0.5994022E-0004   0.1714921E-0002  -0.1458483E-0002
    17.86400   0.1438988E-0001   0.8214487E-0003  -0.1142157E-0002  -0.5733317E-0004   0.1703217E-0002  -0.1462971E-0002
    17.87200   0.1439640E-0001   0.8156637E-0003  -0.1142593E-0002  -0.5457158E-0004   0.1691491E-0002  -0.1465737E-0002
    17.88000   0.1440287E-0001   0.8089094E-0003  -0.1143006E-0002  -0.5160000E-0004   0.1679758E-0002  -0.1466637E-0002
    17.88800   0.1440928E-0001   0.8012675E-0003  -0.1143393E-0002  -0.4836644E-0004   0.1668034E-0002  -0.1465561E-0002
    17.89600   0.1441563E-0001   0.7928546E-0003  -0.1143752E-0002  -0.4482405E-0004   0.1656334E-0002  -0.1462438E-0002
    17.90400   0.1442190E-0001   0.7838182E-0003  -0.1144079E-0002  -0.4093268E-0004   0.1644676E-0002  -0.1457238E-0002
    17.91200   0.1442809E-0001   0.7743316E-0003  -0.1144372E-0002  -0.3666051E-0004   0.1633077E-0002  -0.1449967E-0002
    17.92000   0.1443421E-0001   0.7645883E-0003  -0.1144628E-0002  -0.3198544E-0004   0.1621551E-0002  -0.1440667E-0002
    17.92800   0.1444025E-0001   0.7547948E-0003  -0.1144843E-0002  -0.2689624E-0004   0.1610116E-0002  -0.1429414E-0002
    17.93600   0.1444621E-0001   0.7451631E-0003  -0.1145015E-0002  -0.2139355E-0004   0.1598786E-0002  -0.1416312E-0002
    17.94400   0.1445209E-0001   0.7359033E-0003  -0.1145138E-0002  -0.1549049E-0004   0.1587574E-0002  -0.1401491E-0002
    17.95200   0.1445791E-0001   0.7272154E-0003  -0.1145212E-0002  -0.9213018E-0005   0.1576493E-0002  -0.1385100E-0002
    17.96000   0.1446367E-0001   0.7192822E-0003  -0.1145233E-0002  -0.2599784E-0005   0.1565554E-0002  -0.1367301E-0002
    17.96800   0.1446937E-0001   0.7122620E-0003  -0.1145199E-0002   0.4298282E-0005   0.1554768E-0002  -0.1348261E-0002
    17.97600   0.1447502E-0001   0.7062828E-0003  -0.1145107E-0002   0.1141886E-0004   0.1544143E-0002  -0.1328150E-0002
    17.98400   0.1448063E-0001   0.7014367E-0003  -0.1144958E-0002   0.1868951E-0004   0.1533686E-0002  -0.1307134E-0002
    17.99200   0.1448621E-0001   0.6977766E-0003  -0.1144749E-0002   0.2602931E-0004   0.1523403E-0002  -0.1285366E-0002
    18.00000   0.1449177E-0001   0.6953130E-0003  -0.1144483E-0002   0.3335079E-0004   0.1513299E-0002  -0.1262984E-0002
