 # SCECTPV35
 # Author=D.Liu
 # date =  1/17/2017 20: 3:34
 # code = EQdyna3d
 # code_version = 4.1.3
 # element_size =   100.000000000000
  # time_step=  0.0080  s
  # num_time_steps=  2251
 # Time series in 7 columns in format e15.7
 # Column #1 = Time (s)
 # Column #2 = horizontal displacement (m)
 # Column #3 = horizontal velocity (m/s)
 # Column #4 = vertical displacement (m)
 # Column #5 = vertical velocity (m/s)
 # Column #6 = normal displacement (m)
 # Column #7 = normal velocity (m/s)
 #
 # The line below lists the names of the data fields:
 t h-disp h-vel v-disp v-vel n-disp n-vel
     0.00000   0.0000000E+0000   0.0000000E+0000   0.0000000E+0000   0.0000000E+0000   0.0000000E+0000   0.0000000E+0000
     0.00800   0.0000000E+0000   0.0000000E+0000   0.0000000E+0000   0.0000000E+0000   0.0000000E+0000   0.0000000E+0000
     0.01600   0.0000000E+0000   0.0000000E+0000   0.0000000E+0000   0.0000000E+0000   0.0000000E+0000   0.0000000E+0000
     0.02400   0.0000000E+0000   0.0000000E+0000   0.0000000E+0000   0.0000000E+0000   0.0000000E+0000   0.0000000E+0000
     0.03200   0.0000000E+0000   0.0000000E+0000   0.0000000E+0000   0.0000000E+0000   0.0000000E+0000   0.0000000E+0000
     0.04000   0.0000000E+0000   0.0000000E+0000   0.0000000E+0000   0.0000000E+0000   0.0000000E+0000   0.0000000E+0000
     0.04800   0.0000000E+0000   0.0000000E+0000   0.0000000E+0000   0.0000000E+0000   0.0000000E+0000   0.0000000E+0000
     0.05600   0.0000000E+0000   0.0000000E+0000   0.0000000E+0000   0.0000000E+0000   0.0000000E+0000   0.0000000E+0000
     0.06400   0.0000000E+0000   0.0000000E+0000   0.0000000E+0000   0.0000000E+0000   0.0000000E+0000   0.0000000E+0000
     0.07200   0.0000000E+0000   0.0000000E+0000   0.0000000E+0000   0.0000000E+0000   0.0000000E+0000   0.0000000E+0000
     0.08000   0.0000000E+0000   0.0000000E+0000   0.0000000E+0000   0.0000000E+0000   0.0000000E+0000   0.0000000E+0000
     0.08800   0.0000000E+0000   0.0000000E+0000   0.0000000E+0000   0.0000000E+0000   0.0000000E+0000   0.0000000E+0000
     0.09600   0.0000000E+0000   0.0000000E+0000   0.0000000E+0000   0.0000000E+0000   0.0000000E+0000   0.0000000E+0000
     0.10400   0.0000000E+0000   0.0000000E+0000   0.0000000E+0000   0.0000000E+0000   0.0000000E+0000   0.0000000E+0000
     0.11200   0.0000000E+0000   0.0000000E+0000   0.0000000E+0000   0.0000000E+0000   0.0000000E+0000   0.0000000E+0000
     0.12000   0.0000000E+0000   0.0000000E+0000   0.0000000E+0000   0.0000000E+0000   0.0000000E+0000   0.0000000E+0000
     0.12800   0.0000000E+0000   0.0000000E+0000   0.0000000E+0000   0.0000000E+0000   0.0000000E+0000   0.0000000E+0000
     0.13600   0.0000000E+0000   0.0000000E+0000   0.0000000E+0000   0.0000000E+0000   0.0000000E+0000   0.0000000E+0000
     0.14400   0.0000000E+0000   0.0000000E+0000   0.0000000E+0000   0.0000000E+0000   0.0000000E+0000   0.0000000E+0000
     0.15200   0.0000000E+0000   0.0000000E+0000   0.0000000E+0000   0.0000000E+0000   0.0000000E+0000   0.0000000E+0000
     0.16000   0.0000000E+0000   0.0000000E+0000   0.0000000E+0000   0.0000000E+0000   0.0000000E+0000   0.0000000E+0000
     0.16800   0.0000000E+0000   0.0000000E+0000   0.0000000E+0000   0.0000000E+0000   0.0000000E+0000   0.0000000E+0000
     0.17600   0.0000000E+0000   0.0000000E+0000   0.0000000E+0000   0.0000000E+0000   0.0000000E+0000   0.0000000E+0000
     0.18400   0.0000000E+0000   0.0000000E+0000   0.0000000E+0000   0.0000000E+0000   0.0000000E+0000   0.0000000E+0000
     0.19200   0.0000000E+0000   0.0000000E+0000   0.0000000E+0000   0.0000000E+0000   0.0000000E+0000   0.0000000E+0000
     0.20000   0.0000000E+0000   0.0000000E+0000   0.0000000E+0000   0.0000000E+0000   0.0000000E+0000   0.0000000E+0000
     0.20800   0.0000000E+0000   0.0000000E+0000   0.0000000E+0000   0.0000000E+0000   0.0000000E+0000   0.0000000E+0000
     0.21600   0.0000000E+0000   0.0000000E+0000   0.0000000E+0000   0.0000000E+0000   0.0000000E+0000   0.0000000E+0000
     0.22400   0.0000000E+0000   0.0000000E+0000   0.0000000E+0000   0.0000000E+0000   0.0000000E+0000   0.0000000E+0000
     0.23200   0.0000000E+0000   0.0000000E+0000   0.0000000E+0000   0.0000000E+0000   0.0000000E+0000   0.0000000E+0000
     0.24000   0.0000000E+0000   0.0000000E+0000   0.0000000E+0000   0.0000000E+0000   0.0000000E+0000   0.0000000E+0000
     0.24800   0.0000000E+0000   0.0000000E+0000   0.0000000E+0000   0.0000000E+0000   0.0000000E+0000   0.0000000E+0000
     0.25600   0.0000000E+0000   0.0000000E+0000   0.0000000E+0000   0.0000000E+0000   0.0000000E+0000   0.0000000E+0000
     0.26400   0.0000000E+0000   0.0000000E+0000   0.0000000E+0000   0.0000000E+0000   0.0000000E+0000   0.0000000E+0000
     0.27200   0.0000000E+0000   0.0000000E+0000   0.0000000E+0000   0.0000000E+0000   0.0000000E+0000   0.0000000E+0000
     0.28000   0.0000000E+0000   0.0000000E+0000   0.0000000E+0000   0.0000000E+0000   0.0000000E+0000   0.0000000E+0000
     0.28800   0.0000000E+0000   0.0000000E+0000   0.0000000E+0000   0.0000000E+0000   0.0000000E+0000   0.0000000E+0000
     0.29600   0.0000000E+0000   0.0000000E+0000   0.0000000E+0000   0.0000000E+0000   0.0000000E+0000   0.0000000E+0000
     0.30400   0.0000000E+0000   0.0000000E+0000   0.0000000E+0000   0.0000000E+0000   0.0000000E+0000   0.0000000E+0000
     0.31200   0.0000000E+0000   0.0000000E+0000   0.0000000E+0000   0.0000000E+0000   0.0000000E+0000   0.0000000E+0000
     0.32000   0.0000000E+0000   0.0000000E+0000   0.0000000E+0000   0.0000000E+0000   0.0000000E+0000   0.0000000E+0000
     0.32800   0.0000000E+0000   0.0000000E+0000   0.0000000E+0000   0.0000000E+0000   0.0000000E+0000   0.0000000E+0000
     0.33600   0.0000000E+0000   0.0000000E+0000   0.0000000E+0000   0.0000000E+0000   0.0000000E+0000   0.0000000E+0000
     0.34400   0.0000000E+0000   0.0000000E+0000   0.0000000E+0000   0.0000000E+0000   0.0000000E+0000   0.0000000E+0000
     0.35200   0.0000000E+0000   0.0000000E+0000   0.0000000E+0000   0.0000000E+0000   0.0000000E+0000   0.0000000E+0000
     0.36000   0.0000000E+0000   0.0000000E+0000   0.0000000E+0000   0.0000000E+0000   0.0000000E+0000   0.0000000E+0000
     0.36800   0.0000000E+0000   0.0000000E+0000   0.0000000E+0000   0.0000000E+0000   0.0000000E+0000   0.0000000E+0000
     0.37600   0.0000000E+0000   0.0000000E+0000   0.0000000E+0000   0.0000000E+0000   0.0000000E+0000   0.0000000E+0000
     0.38400   0.0000000E+0000   0.0000000E+0000   0.0000000E+0000   0.0000000E+0000   0.0000000E+0000   0.0000000E+0000
     0.39200   0.0000000E+0000   0.0000000E+0000   0.0000000E+0000   0.0000000E+0000   0.0000000E+0000   0.0000000E+0000
     0.40000   0.0000000E+0000   0.0000000E+0000   0.0000000E+0000   0.0000000E+0000   0.0000000E+0000   0.0000000E+0000
     0.40800   0.0000000E+0000   0.0000000E+0000   0.0000000E+0000   0.0000000E+0000   0.0000000E+0000   0.0000000E+0000
     0.41600   0.0000000E+0000   0.0000000E+0000   0.0000000E+0000   0.0000000E+0000   0.0000000E+0000   0.0000000E+0000
     0.42400   0.0000000E+0000   0.0000000E+0000   0.0000000E+0000   0.0000000E+0000   0.0000000E+0000   0.0000000E+0000
     0.43200   0.0000000E+0000   0.0000000E+0000   0.0000000E+0000   0.0000000E+0000   0.0000000E+0000   0.0000000E+0000
     0.44000   0.0000000E+0000   0.0000000E+0000   0.0000000E+0000   0.0000000E+0000   0.0000000E+0000   0.0000000E+0000
     0.44800   0.0000000E+0000   0.0000000E+0000   0.0000000E+0000   0.0000000E+0000   0.0000000E+0000   0.0000000E+0000
     0.45600   0.0000000E+0000   0.0000000E+0000   0.0000000E+0000   0.0000000E+0000   0.0000000E+0000   0.0000000E+0000
     0.46400   0.0000000E+0000   0.0000000E+0000   0.0000000E+0000   0.0000000E+0000   0.0000000E+0000   0.0000000E+0000
     0.47200   0.0000000E+0000   0.0000000E+0000   0.0000000E+0000   0.0000000E+0000   0.0000000E+0000   0.0000000E+0000
     0.48000   0.0000000E+0000   0.0000000E+0000   0.0000000E+0000   0.0000000E+0000   0.0000000E+0000   0.0000000E+0000
     0.48800   0.0000000E+0000   0.0000000E+0000   0.0000000E+0000   0.0000000E+0000   0.0000000E+0000   0.0000000E+0000
     0.49600   0.0000000E+0000   0.0000000E+0000   0.0000000E+0000   0.0000000E+0000   0.0000000E+0000   0.0000000E+0000
     0.50400   0.0000000E+0000   0.0000000E+0000   0.0000000E+0000   0.0000000E+0000   0.0000000E+0000   0.0000000E+0000
     0.51200   0.0000000E+0000   0.0000000E+0000   0.0000000E+0000   0.0000000E+0000   0.0000000E+0000   0.0000000E+0000
     0.52000   0.0000000E+0000   0.0000000E+0000   0.0000000E+0000   0.0000000E+0000   0.0000000E+0000   0.0000000E+0000
     0.52800   0.0000000E+0000   0.0000000E+0000   0.0000000E+0000   0.0000000E+0000   0.0000000E+0000   0.0000000E+0000
     0.53600   0.0000000E+0000   0.0000000E+0000   0.0000000E+0000   0.0000000E+0000   0.0000000E+0000   0.0000000E+0000
     0.54400   0.0000000E+0000   0.0000000E+0000   0.0000000E+0000   0.0000000E+0000   0.0000000E+0000   0.0000000E+0000
     0.55200   0.0000000E+0000   0.0000000E+0000   0.0000000E+0000   0.0000000E+0000   0.0000000E+0000   0.0000000E+0000
     0.56000   0.0000000E+0000   0.0000000E+0000   0.0000000E+0000   0.0000000E+0000   0.0000000E+0000   0.0000000E+0000
     0.56800   0.0000000E+0000   0.0000000E+0000   0.0000000E+0000   0.0000000E+0000   0.0000000E+0000   0.0000000E+0000
     0.57600   0.0000000E+0000   0.0000000E+0000   0.0000000E+0000   0.0000000E+0000   0.0000000E+0000   0.0000000E+0000
     0.58400   0.0000000E+0000   0.0000000E+0000   0.0000000E+0000   0.0000000E+0000   0.0000000E+0000   0.0000000E+0000
     0.59200   0.0000000E+0000   0.0000000E+0000   0.0000000E+0000   0.0000000E+0000   0.0000000E+0000   0.0000000E+0000
     0.60000   0.0000000E+0000   0.0000000E+0000   0.0000000E+0000   0.0000000E+0000   0.0000000E+0000   0.0000000E+0000
     0.60800   0.0000000E+0000   0.0000000E+0000   0.0000000E+0000   0.0000000E+0000   0.0000000E+0000   0.0000000E+0000
     0.61600   0.0000000E+0000   0.0000000E+0000   0.0000000E+0000   0.0000000E+0000   0.0000000E+0000   0.0000000E+0000
     0.62400   0.0000000E+0000   0.0000000E+0000   0.0000000E+0000   0.0000000E+0000   0.0000000E+0000   0.0000000E+0000
     0.63200   0.0000000E+0000   0.0000000E+0000   0.0000000E+0000   0.0000000E+0000   0.0000000E+0000   0.0000000E+0000
     0.64000   0.0000000E+0000   0.0000000E+0000   0.0000000E+0000   0.0000000E+0000   0.0000000E+0000   0.0000000E+0000
     0.64800   0.0000000E+0000   0.0000000E+0000   0.0000000E+0000   0.0000000E+0000   0.0000000E+0000   0.0000000E+0000
     0.65600   0.0000000E+0000   0.0000000E+0000   0.0000000E+0000   0.0000000E+0000   0.0000000E+0000   0.0000000E+0000
     0.66400   0.0000000E+0000   0.0000000E+0000   0.0000000E+0000   0.0000000E+0000   0.0000000E+0000   0.0000000E+0000
     0.67200   0.0000000E+0000   0.0000000E+0000   0.0000000E+0000   0.0000000E+0000   0.0000000E+0000   0.0000000E+0000
     0.68000   0.0000000E+0000   0.0000000E+0000   0.0000000E+0000   0.0000000E+0000   0.0000000E+0000   0.0000000E+0000
     0.68800   0.0000000E+0000   0.0000000E+0000   0.0000000E+0000   0.0000000E+0000   0.0000000E+0000   0.0000000E+0000
     0.69600   0.0000000E+0000   0.0000000E+0000   0.0000000E+0000   0.0000000E+0000   0.0000000E+0000   0.0000000E+0000
     0.70400   0.0000000E+0000   0.0000000E+0000   0.0000000E+0000   0.0000000E+0000   0.0000000E+0000   0.0000000E+0000
     0.71200  -0.1877396E-0122  -0.2346746E-0120  -0.1595336E-0122  -0.1994170E-0120  -0.5677480E-0124  -0.7096850E-0122
     0.72000  -0.1524453E-0119  -0.1903220E-0117  -0.1417504E-0119  -0.1769886E-0117  -0.7610645E-0121  -0.9506209E-0119
     0.72800  -0.5132986E-0117  -0.6397176E-0115  -0.4951358E-0117  -0.6171479E-0115  -0.3013078E-0118  -0.3756834E-0116
     0.73600  -0.9069464E-0115  -0.1127267E-0112  -0.8903590E-0115  -0.1106760E-0112  -0.5646677E-0116  -0.7020682E-0114
     0.74400  -0.1027838E-0112  -0.1273461E-0110  -0.1020179E-0112  -0.1264095E-0110  -0.6562795E-0114  -0.8132910E-0112
     0.75200  -0.8385096E-0111  -0.1035289E-0108  -0.8390215E-0111  -0.1036025E-0108  -0.5411245E-0112  -0.6682021E-0110
     0.76000  -0.5284627E-0109  -0.6500969E-0107  -0.5322836E-0109  -0.6548667E-0107  -0.3421035E-0110  -0.4208653E-0108
     0.76800  -0.2696295E-0107  -0.3304311E-0105  -0.2731404E-0107  -0.3347720E-0105  -0.1743322E-0108  -0.2136389E-0106
     0.77600  -0.1151066E-0105  -0.1405128E-0103  -0.1172133E-0105  -0.1431024E-0103  -0.7413258E-0107  -0.9048656E-0105
     0.78400  -0.4213250E-0104  -0.5122679E-0102  -0.4311230E-0104  -0.5242520E-0102  -0.2698157E-0105  -0.3280031E-0103
     0.79200  -0.1347296E-0102  -0.1631455E-0100  -0.1385004E-0102  -0.1677365E-0100  -0.8569320E-0104  -0.1037438E-0101
     0.80000  -0.3820134E-0101  -0.4606755E-0099  -0.3944556E-0101  -0.4757569E-0099  -0.2411278E-0102  -0.2906981E-0100
     0.80800  -0.9720302E-0100  -0.1167286E-0097  -0.1008040E-0099  -0.1210743E-0097  -0.6085439E-0101  -0.7305388E-0099
     0.81600  -0.2241680E-0098  -0.2680596E-0096  -0.2334591E-0098  -0.2792234E-0096  -0.1391424E-0099  -0.1663212E-0097
     0.82400  -0.4724709E-0097  -0.5625676E-0095  -0.4941068E-0097  -0.5884511E-0095  -0.2906799E-0098  -0.3459571E-0096
     0.83200  -0.9165573E-0096  -0.1086638E-0093  -0.9624762E-0096  -0.1141332E-0093  -0.5588174E-0097  -0.6621867E-0095
     0.84000  -0.1646551E-0094  -0.1943620E-0092  -0.1736085E-0094  -0.2049796E-0092  -0.9947131E-0096  -0.1173539E-0093
     0.84800  -0.2753753E-0093  -0.3236373E-0091  -0.2915211E-0093  -0.3427003E-0091  -0.1648240E-0094  -0.1935961E-0092
     0.85600  -0.4307542E-0092  -0.5040209E-0090  -0.4578367E-0092  -0.5358557E-0090  -0.2554306E-0093  -0.2986852E-0091
     0.86400  -0.6328138E-0091  -0.7371729E-0089  -0.6752766E-0091  -0.7868661E-0089  -0.3717511E-0092  -0.4327600E-0090
     0.87200  -0.8763049E-0090  -0.1016279E-0087  -0.9388063E-0090  -0.1089098E-0087  -0.5099853E-0091  -0.5910127E-0089
     0.88000  -0.1147606E-0088  -0.1324970E-0086  -0.1234299E-0088  -0.1425523E-0086  -0.6616381E-0090  -0.7632995E-0088
     0.88800  -0.1425520E-0087  -0.1638449E-0085  -0.1539217E-0087  -0.1769734E-0085  -0.8141968E-0089  -0.9350412E-0087
     0.89600  -0.1684064E-0086  -0.1926890E-0084  -0.1825483E-0086  -0.2089451E-0084  -0.9529060E-0088  -0.1089358E-0085
     0.90400  -0.1896733E-0085  -0.2160408E-0083  -0.2064010E-0085  -0.2351828E-0083  -0.1063266E-0086  -0.1209969E-0084
     0.91200  -0.2041177E-0084  -0.2314379E-0082  -0.2229811E-0084  -0.2529262E-0082  -0.1133632E-0085  -0.1284131E-0083
     0.92000  -0.2103133E-0083  -0.2373769E-0081  -0.2306381E-0083  -0.2604250E-0081  -0.1157246E-0084  -0.1304853E-0082
     0.92800  -0.2078631E-0082  -0.2335398E-0080  -0.2288310E-0082  -0.2572090E-0080  -0.1133226E-0083  -0.1271877E-0081
     0.93600  -0.1974073E-0081  -0.2207762E-0079  -0.2181574E-0081  -0.2440929E-0079  -0.1066340E-0082  -0.1191272E-0080
     0.94400  -0.1804337E-0080  -0.2008662E-0078  -0.2001662E-0080  -0.2229381E-0078  -0.9657322E-0082  -0.1073873E-0079
     0.95200  -0.1589589E-0079  -0.1761444E-0077  -0.1770196E-0079  -0.1962537E-0077  -0.8430300E-0081  -0.9330709E-0079
     0.96000  -0.1351646E-0078  -0.1490859E-0076  -0.1510986E-0078  -0.1667458E-0076  -0.7103180E-0080  -0.7825187E-0078
     0.96800  -0.1110735E-0077  -0.1219463E-0075  -0.1246427E-0077  -0.1369160E-0075  -0.5784202E-0079  -0.6342355E-0077
     0.97600  -0.8831778E-0077  -0.9651303E-0075  -0.9948598E-0077  -0.1087771E-0074  -0.4557593E-0078  -0.4973966E-0076
     0.98400  -0.6802434E-0076  -0.7399070E-0074  -0.7691905E-0076  -0.8371306E-0074  -0.3478694E-0077  -0.3778668E-0075
     0.99200  -0.5080621E-0075  -0.5500472E-0073  -0.5766881E-0075  -0.6247112E-0073  -0.2574793E-0076  -0.2783654E-0074
     1.00000  -0.3683288E-0074  -0.3969032E-0072  -0.4196754E-0074  -0.4525082E-0072  -0.1849879E-0075  -0.1990500E-0073
     1.00800  -0.2594334E-0073  -0.2782506E-0071  -0.2967268E-0073  -0.3184491E-0071  -0.1291289E-0074  -0.1382876E-0072
     1.01600  -0.1776926E-0072  -0.1896865E-0070  -0.2040107E-0072  -0.2179225E-0070  -0.8765230E-0074  -0.9342427E-0072
     1.02400  -0.1184477E-0071  -0.1258480E-0069  -0.1365094E-0071  -0.1451355E-0069  -0.5790596E-0073  -0.6142591E-0071
     1.03200  -0.7690221E-0071  -0.8132180E-0069  -0.8896671E-0071  -0.9414470E-0069  -0.3726005E-0072  -0.3933682E-0070
     1.04000  -0.4866639E-0070  -0.5122021E-0068  -0.5651591E-0070  -0.5952404E-0068  -0.2336933E-0071  -0.2455416E-0069
     1.04800  -0.3004028E-0069  -0.3146705E-0067  -0.3501860E-0069  -0.3670876E-0067  -0.1429676E-0070  -0.1494978E-0068
     1.05600  -0.1809898E-0068  -0.1886869E-0066  -0.2117888E-0068  -0.2209627E-0066  -0.8537045E-0070  -0.8884211E-0068
     1.06400  -0.1065016E-0067  -0.1105033E-0065  -0.1251008E-0067  -0.1299024E-0065  -0.4978889E-0069  -0.5156481E-0067
     1.07200  -0.6124541E-0067  -0.6324406E-0065  -0.7221598E-0067  -0.7463238E-0065  -0.2837756E-0068  -0.2924834E-0066
     1.08000  -0.3443951E-0066  -0.3539371E-0064  -0.4076374E-0066  -0.4192767E-0064  -0.1581560E-0067  -0.1622231E-0065
     1.08800  -0.1894723E-0065  -0.1937909E-0063  -0.2251238E-0065  -0.2304501E-0063  -0.8623892E-0067  -0.8802914E-0065
     1.09600  -0.1020394E-0064  -0.1038653E-0062  -0.1217038E-0064  -0.1239893E-0062  -0.4603156E-0066  -0.4675959E-0064
     1.10400  -0.5381983E-0064  -0.5451986E-0062  -0.6443779E-0064  -0.6533425E-0062  -0.2406361E-0065  -0.2432557E-0063
     1.11200  -0.2781488E-0063  -0.2804112E-0061  -0.3343025E-0063  -0.3373309E-0061  -0.1232613E-0064  -0.1239971E-0062
     1.12000  -0.1409199E-0062  -0.1413813E-0060  -0.1700204E-0062  -0.1707377E-0060  -0.6189457E-0064  -0.6196055E-0062
     1.12800  -0.7001953E-0062  -0.6990942E-0060  -0.8480404E-0062  -0.8475249E-0060  -0.3048100E-0063  -0.3036442E-0061
     1.13600  -0.3413509E-0061  -0.3391642E-0059  -0.4150204E-0061  -0.4127704E-0059  -0.1472784E-0062  -0.1459968E-0060
     1.14400  -0.1633405E-0060  -0.1615067E-0058  -0.1993591E-0060  -0.1973213E-0058  -0.6984861E-0062  -0.6890095E-0060
     1.15200  -0.7674792E-0060  -0.7551733E-0058  -0.9403407E-0060  -0.9262269E-0058  -0.3252769E-0061  -0.3192854E-0059
     1.16000  -0.3542269E-0059  -0.3468487E-0057  -0.4356920E-0059  -0.4270724E-0057  -0.1487946E-0060  -0.1453336E-0058
     1.16800  -0.1606552E-0058  -0.1565407E-0056  -0.1983697E-0058  -0.1935006E-0056  -0.6688291E-0060  -0.6500430E-0058
     1.17600  -0.7162368E-0058  -0.6944770E-0056  -0.8878156E-0058  -0.8618074E-0056  -0.2955200E-0059  -0.2857963E-0057
     1.18400  -0.3139869E-0057  -0.3029541E-0055  -0.3907210E-0057  -0.3774242E-0055  -0.1283946E-0058  -0.1235532E-0056
     1.19200  -0.1353939E-0056  -0.1299940E-0054  -0.1691401E-0056  -0.1625850E-0054  -0.5486989E-0058  -0.5253804E-0056
     1.20000  -0.5744516E-0056  -0.5488222E-0054  -0.7204387E-0056  -0.6891233E-0054  -0.2307192E-0057  -0.2198116E-0055
     1.20800  -0.2398858E-0055  -0.2280508E-0053  -0.3020284E-0055  -0.2874807E-0053  -0.9548295E-0057  -0.9051378E-0055
     1.21600  -0.9862284E-0055  -0.9329282E-0053  -0.1246592E-0054  -0.1180704E-0052  -0.3890330E-0056  -0.3669375E-0054
     1.22400  -0.3992945E-0054  -0.3758395E-0052  -0.5066960E-0054  -0.4775460E-0052  -0.1560945E-0055  -0.1464890E-0053
     1.23200  -0.1592461E-0053  -0.1491458E-0051  -0.2028778E-0053  -0.1902602E-0051  -0.6169462E-0055  -0.5760647E-0053
     1.24000  -0.6257734E-0053  -0.5831590E-0051  -0.8003839E-0053  -0.7468826E-0051  -0.2402594E-0054  -0.2232059E-0052
     1.24800  -0.2423525E-0052  -0.2247189E-0050  -0.3112064E-0052  -0.2889600E-0050  -0.9221416E-0054  -0.8523528E-0052
     1.25600  -0.9252639E-0052  -0.8536393E-0050  -0.1192864E-0051  -0.1102072E-0049  -0.3489046E-0053  -0.3208631E-0051
     1.26400  -0.3483165E-0051  -0.3197377E-0049  -0.4508458E-0051  -0.4144492E-0049  -0.1301703E-0052  -0.1190998E-0050
     1.27200  -0.1293219E-0050  -0.1181128E-0048  -0.1680579E-0050  -0.1537167E-0048  -0.4789769E-0052  -0.4360082E-0050
     1.28000  -0.4736474E-0050  -0.4304070E-0048  -0.6179882E-0050  -0.5624128E-0048  -0.1738652E-0051  -0.1574593E-0049
     1.28800  -0.1711658E-0049  -0.1547513E-0047  -0.2242252E-0049  -0.2030330E-0047  -0.6227320E-0051  -0.5610835E-0049
     1.29600  -0.6104458E-0049  -0.5491001E-0047  -0.8029015E-0049  -0.7233453E-0047  -0.2201267E-0050  -0.1973169E-0048
     1.30400  -0.2148985E-0048  -0.1923174E-0046  -0.2837925E-0048  -0.2543780E-0046  -0.7680988E-0050  -0.6849650E-0048
     1.31200  -0.7468965E-0048  -0.6649974E-0046  -0.9903427E-0048  -0.8831877E-0046  -0.2646191E-0049  -0.2347615E-0047
     1.32000  -0.2563365E-0047  -0.2270585E-0045  -0.3412701E-0047  -0.3027947E-0045  -0.9002629E-0049  -0.7945548E-0047
     1.32800  -0.8688866E-0047  -0.7656876E-0045  -0.1161499E-0046  -0.1025286E-0044  -0.3025128E-0048  -0.2656082E-0046
     1.33600  -0.2909350E-0046  -0.2550579E-0044  -0.3905036E-0046  -0.3429422E-0044  -0.1004209E-0047  -0.8771199E-0046
     1.34400  -0.9624631E-0046  -0.8394101E-0044  -0.1297156E-0045  -0.1133315E-0043  -0.3293723E-0047  -0.2861893E-0045
     1.35200  -0.3146303E-0045  -0.2729800E-0043  -0.4257875E-0045  -0.3700900E-0043  -0.1067598E-0046  -0.9227818E-0045
     1.36000  -0.1016520E-0044  -0.8773627E-0043  -0.1381334E-0044  -0.1194433E-0042  -0.3420252E-0046  -0.2940818E-0044
     1.36800  -0.3246383E-0044  -0.2787328E-0042  -0.4429740E-0044  -0.3810508E-0042  -0.1083200E-0045  -0.9264681E-0044
     1.37600  -0.1024987E-0043  -0.8754360E-0042  -0.1404426E-0043  -0.1201815E-0041  -0.3391773E-0045  -0.2885717E-0043
     1.38400  -0.3199906E-0043  -0.2718648E-0041  -0.4402765E-0043  -0.3747924E-0041  -0.1050216E-0044  -0.8887987E-0043
     1.39200  -0.9879148E-0043  -0.8349052E-0041  -0.1364966E-0042  -0.1155862E-0040  -0.3216091E-0044  -0.2707343E-0042
     1.40000  -0.3016664E-0042  -0.2535937E-0040  -0.4185522E-0042  -0.3525695E-0040  -0.9741761E-0044  -0.8157088E-0042
     1.40800  -0.9112126E-0042  -0.7619327E-0040  -0.1269606E-0041  -0.1063817E-0039  -0.2919220E-0043  -0.2431305E-0041
     1.41600  -0.2723054E-0041  -0.2264802E-0039  -0.3810120E-0041  -0.3175642E-0039  -0.8655164E-0043  -0.7169929E-0041
     1.42400  -0.8051816E-0041  -0.6660951E-0039  -0.1131399E-0040  -0.9379835E-0039  -0.2539337E-0042  -0.2092275E-0040
     1.43200  -0.2356069E-0040  -0.1938609E-0038  -0.3324726E-0040  -0.2741659E-0038  -0.7373232E-0042  -0.6042369E-0040
     1.44000  -0.6823278E-0040  -0.5584011E-0038  -0.9669714E-0040  -0.7931234E-0038  -0.2119059E-0041  -0.1727170E-0039
     1.44800  -0.1955970E-0039  -0.1592053E-0037  -0.2783825E-0039  -0.2271067E-0037  -0.6028783E-0041  -0.4887155E-0039
     1.45600  -0.5550693E-0039  -0.4493403E-0037  -0.7934012E-0039  -0.6437733E-0037  -0.1698129E-0040  -0.1369063E-0038
     1.46400  -0.1559548E-0038  -0.1255598E-0036  -0.2238808E-0038  -0.1806758E-0036  -0.4736068E-0040  -0.3797424E-0038
     1.47200  -0.4338766E-0038  -0.3474023E-0036  -0.6255522E-0038  -0.5020892E-0036  -0.1308047E-0039  -0.1043050E-0037
     1.48000  -0.1195359E-0037  -0.9518525E-0036  -0.1730937E-0037  -0.1381731E-0035  -0.3577981E-0039  -0.2837418E-0037
     1.48800  -0.3261685E-0037  -0.2582908E-0035  -0.4743704E-0037  -0.3765958E-0035  -0.9694215E-0039  -0.7645292E-0037
     1.49600  -0.8815440E-0037  -0.6942194E-0035  -0.1287712E-0036  -0.1016677E-0034  -0.2601940E-0038  -0.2040648E-0036
     1.50400  -0.2360203E-0036  -0.1848324E-0034  -0.3462819E-0036  -0.2718884E-0034  -0.6918973E-0038  -0.5396290E-0036
     1.51200  -0.6260409E-0036  -0.4875256E-0034  -0.9225616E-0036  -0.7203496E-0034  -0.1823032E-0037  -0.1413918E-0035
     1.52000  -0.1645308E-0035  -0.1274083E-0033  -0.2435335E-0035  -0.1890967E-0033  -0.4759956E-0037  -0.3671155E-0035
     1.52800  -0.4284745E-0035  -0.3299297E-0033  -0.6370336E-0035  -0.4918751E-0033  -0.1231726E-0036  -0.9446629E-0035
     1.53600  -0.1105803E-0034  -0.8466610E-0033  -0.1651382E-0034  -0.1267936E-0032  -0.3159168E-0036  -0.2409302E-0034
     1.54400  -0.2828435E-0034  -0.2153290E-0032  -0.4242825E-0034  -0.3239303E-0032  -0.8031965E-0036  -0.6090997E-0034
     1.55200  -0.7170832E-0034  -0.5427996E-0032  -0.1080499E-0033  -0.8202709E-0032  -0.2024431E-0035  -0.1526543E-0033
     1.56000  -0.1802132E-0033  -0.1356310E-0031  -0.2727687E-0033  -0.2058984E-0031  -0.5058892E-0035  -0.3793076E-0033
     1.56800  -0.4489881E-0033  -0.3359686E-0031  -0.6826576E-0033  -0.5123611E-0031  -0.1253478E-0034  -0.9344857E-0033
     1.57600  -0.1109050E-0032  -0.8250779E-0031  -0.1693896E-0032  -0.1264048E-0030  -0.3079797E-0034  -0.2282899E-0032
     1.58400  -0.2716264E-0032  -0.2009017E-0030  -0.4167564E-0032  -0.3092084E-0030  -0.7504214E-0034  -0.5530521E-0032
     1.59200  -0.6596778E-0032  -0.4850642E-0030  -0.1016774E-0031  -0.7500224E-0030  -0.1813416E-0033  -0.1328744E-0031
     1.60000  -0.1588786E-0031  -0.1161385E-0029  -0.2460074E-0031  -0.1804125E-0029  -0.4346392E-0033  -0.3166220E-0031
     1.60800  -0.3794948E-0031  -0.2757703E-0029  -0.5903190E-0031  -0.4303894E-0029  -0.1033302E-0032  -0.7483282E-0031
     1.61600  -0.8990547E-0031  -0.6494498E-0029  -0.1404989E-0030  -0.1018338E-0028  -0.2436792E-0032  -0.1754363E-0030
     1.62400  -0.2112701E-0030  -0.1517058E-0028  -0.3316953E-0030  -0.2389954E-0028  -0.5700684E-0032  -0.4079865E-0030
     1.63200  -0.4924848E-0030  -0.3515183E-0028  -0.7768133E-0030  -0.5563975E-0028  -0.1323047E-0031  -0.9412231E-0030
     1.64000  -0.1138888E-0029  -0.8080036E-0028  -0.1804828E-0029  -0.1285018E-0027  -0.3046379E-0031  -0.2154165E-0029
     1.64800  -0.2612956E-0029  -0.1842586E-0027  -0.4160320E-0029  -0.2944364E-0027  -0.6959400E-0031  -0.4891276E-0029
     1.65600  -0.5948064E-0029  -0.4168885E-0027  -0.9515214E-0029  -0.6693617E-0027  -0.1577452E-0030  -0.1101890E-0028
     1.66400  -0.1343507E-0028  -0.9358761E-0027  -0.2159434E-0028  -0.1509891E-0026  -0.3547744E-0030  -0.2462866E-0028
     1.67200  -0.3011294E-0028  -0.2084734E-0026  -0.4863166E-0028  -0.3379664E-0026  -0.7917253E-0030  -0.5461885E-0028
     1.68000  -0.6697961E-0028  -0.4608333E-0026  -0.1086884E-0027  -0.7507096E-0026  -0.1753216E-0029  -0.1201863E-0027
     1.68800  -0.1478547E-0027  -0.1010939E-0025  -0.2410791E-0027  -0.1654883E-0025  -0.3852533E-0029  -0.2624147E-0027
     1.69600  -0.3239345E-0027  -0.2200997E-0025  -0.5307308E-0027  -0.3620646E-0025  -0.8400750E-0029  -0.5685271E-0027
     1.70400  -0.7044250E-0027  -0.4756131E-0025  -0.1159721E-0026  -0.7862377E-0025  -0.1817858E-0028  -0.1222228E-0026
     1.71200  -0.1520524E-0026  -0.1020124E-0024  -0.2515491E-0026  -0.1694712E-0024  -0.3903737E-0028  -0.2607350E-0026
     1.72000  -0.3258052E-0026  -0.2171909E-0024  -0.5416353E-0026  -0.3626078E-0024  -0.8319331E-0028  -0.5519492E-0026
     1.72800  -0.6930322E-0026  -0.4590338E-0024  -0.1157793E-0025  -0.7701973E-0024  -0.1759507E-0027  -0.1159467E-0025
     1.73600  -0.1463538E-0025  -0.9631326E-0024  -0.2457078E-0025  -0.1624107E-0023  -0.3693140E-0027  -0.2417041E-0025
     1.74400  -0.3068555E-0025  -0.2006271E-0023  -0.5177201E-0025  -0.3400153E-0023  -0.7693254E-0027  -0.5000142E-0025
     1.75200  -0.6388025E-0025  -0.4149337E-0023  -0.1083135E-0024  -0.7067687E-0023  -0.1590528E-0026  -0.1026503E-0024
     1.76000  -0.1320460E-0024  -0.8520724E-0023  -0.2250117E-0024  -0.1458727E-0022  -0.3263604E-0026  -0.2091344E-0024
     1.76800  -0.2710400E-0024  -0.1737424E-0022  -0.4641785E-0024  -0.2989586E-0022  -0.6646400E-0026  -0.4228495E-0024
     1.77600  -0.5524755E-0024  -0.3517945E-0022  -0.9509231E-0024  -0.6084306E-0022  -0.1343438E-0025  -0.8484973E-0024
     1.78400  -0.1118374E-0023  -0.7073726E-0022  -0.1934676E-0023  -0.1229691E-0021  -0.2695260E-0025  -0.1689778E-0023
     1.79200  -0.2248418E-0023  -0.1412555E-0021  -0.3909269E-0023  -0.2468241E-0021  -0.5367187E-0025  -0.3339909E-0023
     1.80000  -0.4489572E-0023  -0.2801443E-0021  -0.7845651E-0023  -0.4920477E-0021  -0.1060884E-0024  -0.6552067E-0023
     1.80800  -0.8904146E-0023  -0.5518217E-0021  -0.1563975E-0022  -0.9742624E-0021  -0.2081506E-0024  -0.1275777E-0022
     1.81600  -0.1754123E-0022  -0.1079635E-0020  -0.3096842E-0022  -0.1916084E-0020  -0.4054063E-0024  -0.2465696E-0022
     1.82400  -0.3432645E-0022  -0.2098153E-0020  -0.6091405E-0022  -0.3743204E-0020  -0.7838304E-0024  -0.4730301E-0022
     1.83200  -0.6672973E-0022  -0.4050410E-0020  -0.1190270E-0021  -0.7264115E-0020  -0.1504490E-0023  -0.9008244E-0022
     1.84000  -0.1288699E-0021  -0.7767524E-0020  -0.2310590E-0021  -0.1400400E-0019  -0.2866880E-0023  -0.1702988E-0021
     1.84800  -0.2472551E-0021  -0.1479814E-0019  -0.4456251E-0021  -0.2682076E-0019  -0.5423768E-0023  -0.3196109E-0021
     1.85600  -0.4713243E-0021  -0.2800865E-0019  -0.8538962E-0021  -0.5103388E-0019  -0.1018784E-0022  -0.5955095E-0021
     1.86400  -0.8926770E-0021  -0.5266909E-0019  -0.1625729E-0020  -0.9647915E-0019  -0.1900079E-0022  -0.1101618E-0020
     1.87200  -0.1679916E-0020  -0.9840493E-0019  -0.3075516E-0020  -0.1812233E-0018  -0.3518744E-0022  -0.2023331E-0020
     1.88000  -0.3141364E-0020  -0.1826809E-0018  -0.5781394E-0020  -0.3382348E-0018  -0.6470653E-0022  -0.3689886E-0020
     1.88800  -0.5837193E-0020  -0.3369787E-0018  -0.1079966E-0019  -0.6272835E-0018  -0.1181599E-0021  -0.6681668E-0020
     1.89600  -0.1077862E-0019  -0.6176779E-0018  -0.2004788E-0019  -0.1156028E-0017  -0.2142741E-0021  -0.1201427E-0019
     1.90400  -0.1977937E-0019  -0.1125095E-0017  -0.3698496E-0019  -0.2117134E-0017  -0.3858885E-0021  -0.2145180E-0019
     1.91200  -0.3607196E-0019  -0.2036573E-0017  -0.6781052E-0019  -0.3853194E-0017  -0.6901764E-0021  -0.3803599E-0019
     1.92000  -0.6538099E-0019  -0.3663629E-0017  -0.1235666E-0018  -0.6969511E-0017  -0.1225961E-0020  -0.6697303E-0019
     1.92800  -0.1177808E-0018  -0.6549973E-0017  -0.2237968E-0018  -0.1252877E-0016  -0.2162825E-0020  -0.1171080E-0018
     1.93600  -0.2108894E-0018  -0.1163858E-0016  -0.4028761E-0018  -0.2238491E-0016  -0.3789682E-0020  -0.2033571E-0018
     1.94400  -0.3753258E-0018  -0.2055455E-0016  -0.7208916E-0018  -0.3975193E-0016  -0.6595189E-0020  -0.3506883E-0018
     1.95200  -0.6639744E-0018  -0.3608106E-0016  -0.1282227E-0017  -0.7016692E-0016  -0.1139984E-0019  -0.6005819E-0018
     1.96000  -0.1167612E-0017  -0.6295476E-0016  -0.2267105E-0017  -0.1231098E-0015  -0.1957130E-0019  -0.1021432E-0017
     1.96800  -0.2041108E-0017  -0.1091869E-0015  -0.3984791E-0017  -0.2147107E-0015  -0.3337253E-0019  -0.1725154E-0017
     1.97600  -0.3547054E-0017  -0.1882433E-0015  -0.6962756E-0017  -0.3722456E-0015  -0.5652025E-0019  -0.2893465E-0017
     1.98400  -0.6128006E-0017  -0.3226190E-0015  -0.1209521E-0016  -0.6415564E-0015  -0.9507334E-0019  -0.4819135E-0017
     1.99200  -0.1052530E-0016  -0.5496619E-0015  -0.2088893E-0016  -0.1099216E-0014  -0.1588343E-0018  -0.7970116E-0017
     2.00000  -0.1797331E-0016  -0.9310013E-0015  -0.3586776E-0016  -0.1872353E-0014  -0.2635412E-0018  -0.1308836E-0016
     2.00800  -0.3051504E-0016  -0.1567716E-0014  -0.6123379E-0016  -0.3170754E-0014  -0.4342660E-0018  -0.2134061E-0016
     2.01600  -0.5151171E-0016  -0.2624583E-0014  -0.1039419E-0015  -0.5338513E-0014  -0.7106354E-0018  -0.3454617E-0016
     2.02400  -0.8646049E-0016  -0.4368597E-0014  -0.1754350E-0015  -0.8936637E-0014  -0.1154775E-0017  -0.5551750E-0016
     2.03200  -0.1442988E-0015  -0.7229784E-0014  -0.2944294E-0015  -0.1487430E-0013  -0.1863284E-0017  -0.8856356E-0016
     2.04000  -0.2394716E-0015  -0.1189660E-0013  -0.4913586E-0015  -0.2461615E-0013  -0.2985086E-0017  -0.1402253E-0015
     2.04800  -0.3951890E-0015  -0.1946468E-0013  -0.8154197E-0015  -0.4050764E-0013  -0.4747776E-0017  -0.2203361E-0015
     2.05600  -0.6485271E-0015  -0.3166726E-0013  -0.1345680E-0014  -0.6628255E-0013  -0.7496016E-0017  -0.3435300E-0015
     2.06400  -0.1058368E-0014  -0.5123006E-0013  -0.2208477E-0014  -0.1078496E-0012  -0.1174683E-0016  -0.5313520E-0015
     2.07200  -0.1717681E-0014  -0.8241419E-0013  -0.3604515E-0014  -0.1745047E-0012  -0.1826811E-0016  -0.8151594E-0015
     2.08000  -0.2772417E-0014  -0.1318420E-0012  -0.5850804E-0014  -0.2807861E-0012  -0.2818832E-0016  -0.1240027E-0014
     2.08800  -0.4450377E-0014  -0.2097450E-0012  -0.9445199E-0014  -0.4492994E-0012  -0.4314728E-0016  -0.1869869E-0014
     2.09600  -0.7105085E-0014  -0.3318385E-0012  -0.1516510E-0013  -0.7149877E-0012  -0.6549884E-0016  -0.2793945E-0014
     2.10400  -0.1128205E-0013  -0.5221201E-0012  -0.2421752E-0013  -0.1131553E-0011  -0.9857695E-0016  -0.4134764E-0014
     2.11200  -0.1781822E-0013  -0.8170219E-0012  -0.3846589E-0013  -0.1781046E-0011  -0.1470337E-0015  -0.6057090E-0014
     2.12000  -0.2799048E-0013  -0.1271532E-0011  -0.6077078E-0013  -0.2788111E-0011  -0.2172507E-0015  -0.8777123E-0014
     2.12800  -0.4373581E-0013  -0.1968167E-0011  -0.9549879E-0013  -0.4341002E-0011  -0.3178096E-0015  -0.1256987E-0013
     2.13600  -0.6797611E-0013  -0.3030037E-0011  -0.1492781E-0012  -0.6722409E-0011  -0.4599759E-0015  -0.1777078E-0013
     2.14400  -0.1050942E-0012  -0.4639765E-0011  -0.2321133E-0012  -0.1035440E-0010  -0.6580950E-0015  -0.2476488E-0013
     2.15200  -0.1616277E-0012  -0.7066689E-0011  -0.3590215E-0012  -0.1586353E-0010  -0.9297061E-0015  -0.3395139E-0013
     2.16000  -0.2472739E-0012  -0.1070577E-0010  -0.5524183E-0012  -0.2417459E-0010  -0.1295024E-0014  -0.4566474E-0013
     2.16800  -0.3763371E-0012  -0.1613289E-0010  -0.8455768E-0012  -0.3664481E-0010  -0.1775191E-0014  -0.6002083E-0013
     2.17600  -0.5698001E-0012  -0.2418288E-0010  -0.1287614E-0011  -0.5525467E-0010  -0.2388313E-0014  -0.7664028E-0013
     2.18400  -0.8582731E-0012  -0.3605913E-0010  -0.1950636E-0011  -0.8287773E-0010  -0.3141708E-0014  -0.9417438E-0013
     2.19200  -0.1286164E-0011  -0.5348638E-0010  -0.2939913E-0011  -0.1236597E-0009  -0.4017882E-0014  -0.1095217E-0012
     2.20000  -0.1917545E-0011  -0.7892261E-0010  -0.4408293E-0011  -0.1835475E-0009  -0.4950438E-0014  -0.1165695E-0012
     2.20800  -0.2844352E-0011  -0.1158508E-0009  -0.6576485E-0011  -0.2710239E-0009  -0.5784155E-0014  -0.1042147E-0012
     2.21600  -0.4197780E-0011  -0.1691785E-0009  -0.9761446E-0011  -0.3981201E-0009  -0.6210666E-0014  -0.5331387E-0013
     2.22400  -0.6164030E-0011  -0.2457813E-0009  -0.1441587E-0010  -0.5818033E-0009  -0.5667106E-0014   0.6794495E-0013
     2.23200  -0.9005929E-0011  -0.3552373E-0009  -0.2118281E-0010  -0.8458672E-0009  -0.3179416E-0014   0.3109613E-0012
     2.24000  -0.1309245E-0010  -0.5108148E-0009  -0.3097072E-0010  -0.1223489E-0008   0.2876030E-0014   0.7569308E-0012
     2.24800  -0.1893876E-0010  -0.7307889E-0009  -0.4505607E-0010  -0.1760669E-0008   0.1512985E-0013   0.1531727E-0011
     2.25600  -0.2726028E-0010  -0.1040190E-0008  -0.6522269E-0010  -0.2520826E-0008   0.3774867E-0013   0.2827353E-0011
     2.26400  -0.3904511E-0010  -0.1473105E-0008  -0.9394988E-0010  -0.3590900E-0008   0.7720894E-0013   0.4932534E-0011
     2.27200  -0.5565067E-0010  -0.2075694E-0008  -0.1346651E-0009  -0.5089396E-0008   0.1434163E-0012   0.8275919E-0011
     2.28000  -0.7893159E-0010  -0.2910115E-0008  -0.1920806E-0009  -0.7176937E-0008   0.2513083E-0012   0.1348650E-0010
     2.28800  -0.1114083E-0009  -0.4059587E-0008  -0.2726405E-0009  -0.1006999E-0007   0.4231267E-0012   0.2147731E-0010
     2.29600  -0.1564875E-0009  -0.5634905E-0008  -0.3851097E-0009  -0.1405864E-0007   0.6916101E-0012   0.3356042E-0010
     2.30400  -0.2187494E-0009  -0.7782733E-0008  -0.5413448E-0009  -0.1952939E-0007   0.1104438E-0011   0.5160346E-0010
     2.31200  -0.3043184E-0009  -0.1069612E-0007  -0.7572992E-0009  -0.2699429E-0007   0.1730365E-0011   0.7824094E-0010
     2.32000  -0.4213402E-0009  -0.1462772E-0007  -0.1054322E-0008  -0.3712784E-0007   0.2667623E-0011   0.1171572E-0009
     2.32800  -0.5805908E-0009  -0.1990633E-0007  -0.1460829E-0008  -0.5081341E-0007   0.4055321E-0011   0.1734622E-0009
     2.33600  -0.7962495E-0009  -0.2695734E-0007  -0.2014440E-0008  -0.6920134E-0007   0.6088813E-0011   0.2541865E-0009
     2.34400  -0.1086874E-0008  -0.3632802E-0007  -0.2764687E-0008  -0.9378088E-0007   0.9040240E-0011   0.3689283E-0009
     2.35200  -0.1476621E-0008  -0.4871838E-0007  -0.3776439E-0008  -0.1264690E-0006   0.1328578E-0010   0.5306925E-0009
     2.36000  -0.1996769E-0008  -0.6501857E-0007  -0.5134187E-0008  -0.1697186E-0006   0.1934154E-0010   0.7569702E-0009
     2.36800  -0.2687602E-0008  -0.8635408E-0007  -0.6947391E-0008  -0.2266504E-0006   0.2791048E-0010   0.1071117E-0008
     2.37600  -0.3600719E-0008  -0.1141396E-0006  -0.9357081E-0008  -0.3012112E-0006   0.3994329E-0010   0.1504101E-0008
     2.38400  -0.4801862E-0008  -0.1501429E-0006  -0.1254398E-0007  -0.3983629E-0006   0.5671686E-0010   0.2096696E-0008
     2.39200  -0.6374345E-0008  -0.1965603E-0006  -0.1673844E-0007  -0.5243067E-0006   0.7993463E-0010   0.2902221E-0008
     2.40000  -0.8423174E-0008  -0.2561036E-0006  -0.2223241E-0007  -0.6867459E-0006   0.1118541E-0009   0.3989933E-0008
     2.40800  -0.1107999E-0007  -0.3321024E-0006  -0.2939394E-0007  -0.8951921E-0006   0.1554476E-0009   0.5449190E-0008
     2.41600  -0.1450895E-0007  -0.4286191E-0006  -0.3868449E-0007  -0.1161318E-0005   0.2146038E-0009   0.7394526E-0008
     2.42400  -0.1891359E-0007  -0.5505808E-0006  -0.5067937E-0007  -0.1499360E-0005   0.2943782E-0009   0.9971790E-0008
     2.43200  -0.2454501E-0007  -0.7039271E-0006  -0.6609196E-0007  -0.1926574E-0005   0.4013022E-0009   0.1336550E-0007
     2.44000  -0.3171120E-0007  -0.8957735E-0006  -0.8580191E-0007  -0.2463743E-0005   0.5437631E-0009   0.1780762E-0007
     2.44800  -0.4078793E-0007  -0.1134592E-0005  -0.1108878E-0006  -0.3135741E-0005   0.7324659E-0009   0.2358784E-0007
     2.45600  -0.5223117E-0007  -0.1430404E-0005  -0.1426650E-0006  -0.3972140E-0005   0.9809919E-0009   0.3106575E-0007
     2.46400  -0.6659110E-0007  -0.1794992E-0005  -0.1827280E-0006  -0.5007874E-0005   0.1306470E-0008   0.4068479E-0007
     2.47200  -0.8452803E-0007  -0.2242116E-0005  -0.2329994E-0006  -0.6283935E-0005   0.1730378E-0008   0.5298841E-0007
     2.48000  -0.1068299E-0006  -0.2787739E-0005  -0.2957841E-0006  -0.7848089E-0005   0.2279485E-0008   0.6863844E-0007
     2.48800  -0.1344320E-0006  -0.3450261E-0005  -0.3738291E-0006  -0.9755620E-0005   0.2986972E-0008   0.8843584E-0007
     2.49600  -0.1684380E-0006  -0.4250741E-0005  -0.4703896E-0006  -0.1207006E-0004   0.3893723E-0008   0.1133439E-0006
     2.50400  -0.2101429E-0006  -0.5213117E-0005  -0.5893005E-0006  -0.1486387E-0004   0.5049835E-0008   0.1445139E-0006
     2.51200  -0.2610581E-0006  -0.6364404E-0005  -0.7350535E-0006  -0.1821912E-0004   0.6516341E-0008   0.1833132E-0006
     2.52000  -0.3229371E-0006  -0.7734867E-0005  -0.9128777E-0006  -0.2222802E-0004   0.8367187E-0008   0.2313558E-0006
     2.52800  -0.3978024E-0006  -0.9358164E-0005  -0.1128825E-0005  -0.2699335E-0004   0.1069146E-0007   0.2905346E-0006
     2.53600  -0.4879738E-0006  -0.1127142E-0004  -0.1389855E-0005  -0.3262875E-0004   0.1359591E-0007   0.3630560E-0006
     2.54400  -0.5960962E-0006  -0.1351529E-0004  -0.1703925E-0005  -0.3925881E-0004   0.1720772E-0007   0.4514759E-0006
     2.55200  -0.7251673E-0006  -0.1613389E-0004  -0.2080076E-0005  -0.4701886E-0004   0.2167761E-0007   0.5587358E-0006
     2.56000  -0.8785647E-0006  -0.1917468E-0004  -0.2528512E-0005  -0.5605456E-0004   0.2718321E-0007   0.6882003E-0006
     2.56800  -0.1060071E-0005  -0.2268828E-0004  -0.3060682E-0005  -0.6652114E-0004   0.3393276E-0007   0.8436934E-0006
     2.57600  -0.1273896E-0005  -0.2672815E-0004  -0.3689340E-0005  -0.7858228E-0004   0.4216903E-0007   0.1029534E-0005
     2.58400  -0.1524698E-0005  -0.3135018E-0004  -0.4428609E-0005  -0.9240861E-0004   0.5217357E-0007   0.1250568E-0005
     2.59200  -0.1817595E-0005  -0.3661215E-0004  -0.5294016E-0005  -0.1081759E-0003   0.6427115E-0007   0.1512198E-0005
     2.60000  -0.2158180E-0005  -0.4257313E-0004  -0.6302516E-0005  -0.1260626E-0003   0.7883445E-0007   0.1820412E-0005
     2.60800  -0.2552522E-0005  -0.4929272E-0004  -0.7472496E-0005  -0.1462475E-0003   0.9628884E-0007   0.2181799E-0005
     2.61600  -0.3007163E-0005  -0.5683022E-0004  -0.8823749E-0005  -0.1689066E-0003   0.1171174E-0006   0.2603565E-0005
     2.62400  -0.3529113E-0005  -0.6524372E-0004  -0.1037743E-0004  -0.1942096E-0003   0.1418657E-0006   0.3093540E-0005
     2.63200  -0.4125826E-0005  -0.7458909E-0004  -0.1215596E-0004  -0.2223168E-0003   0.1711471E-0006   0.3660180E-0005
     2.64000  -0.4805178E-0005  -0.8491898E-0004  -0.1418296E-0004  -0.2533752E-0003   0.2056475E-0006   0.4312552E-0005
     2.64800  -0.5575432E-0005  -0.9628179E-0004  -0.1648308E-0004  -0.2875148E-0003   0.2461301E-0006   0.5060322E-0005
     2.65600  -0.6445197E-0005  -0.1087206E-0003  -0.1908184E-0004  -0.3248453E-0003   0.2934399E-0006   0.5913724E-0005
     2.66400  -0.7423376E-0005  -0.1222724E-0003  -0.2200546E-0004  -0.3654525E-0003   0.3485082E-0006   0.6883530E-0005
     2.67200  -0.8519112E-0005  -0.1369669E-0003  -0.2528063E-0004  -0.4093959E-0003   0.4123562E-0006   0.7981007E-0005
     2.68000  -0.9741723E-0005  -0.1528264E-0003  -0.2893428E-0004  -0.4567062E-0003   0.4860992E-0006   0.9217869E-0005
     2.68800  -0.1110064E-0004  -0.1698647E-0003  -0.3299335E-0004  -0.5073839E-0003   0.5709490E-0006   0.1060623E-0004
     2.69600  -0.1260534E-0004  -0.1880874E-0003  -0.3748454E-0004  -0.5613992E-0003   0.6682172E-0006   0.1215853E-0004
     2.70400  -0.1426528E-0004  -0.2074919E-0003  -0.4243409E-0004  -0.6186928E-0003   0.7793175E-0006   0.1388753E-0004
     2.71200  -0.1608982E-0004  -0.2280677E-0003  -0.4786751E-0004  -0.6791776E-0003   0.9057671E-0006   0.1580620E-0004
     2.72000  -0.1808819E-0004  -0.2497973E-0003  -0.5380945E-0004  -0.7427427E-0003   0.1049189E-0005   0.1792773E-0004
     2.72800  -0.2026945E-0004  -0.2726575E-0003  -0.6028352E-0004  -0.8092587E-0003   0.1211313E-0005   0.2026547E-0004
     2.73600  -0.2264242E-0004  -0.2966212E-0003  -0.6731219E-0004  -0.8785839E-0003   0.1393976E-0005   0.2283293E-0004
     2.74400  -0.2521570E-0004  -0.3216597E-0003  -0.7491678E-0004  -0.9505732E-0003   0.1599126E-0005   0.2564376E-0004
     2.75200  -0.2799766E-0004  -0.3477446E-0003  -0.8311748E-0004  -0.1025088E-0002   0.1828821E-0005   0.2871180E-0004
     2.76000  -0.3099647E-0004  -0.3748518E-0003  -0.9193353E-0004  -0.1102006E-0002   0.2085230E-0005   0.3205110E-0004
     2.76800  -0.3422019E-0004  -0.4029641E-0003  -0.1013834E-0003  -0.1181237E-0002   0.2370638E-0005   0.3567605E-0004
     2.77600  -0.3767679E-0004  -0.4320755E-0003  -0.1114853E-0003  -0.1262732E-0002   0.2687449E-0005   0.3960142E-0004
     2.78400  -0.4137435E-0004  -0.4621947E-0003  -0.1222573E-0003  -0.1346501E-0002   0.3038190E-0005   0.4384257E-0004
     2.79200  -0.4532114E-0004  -0.4933494E-0003  -0.1337183E-0003  -0.1432625E-0002   0.3425515E-0005   0.4841557E-0004
     2.80000  -0.4952587E-0004  -0.5255904E-0003  -0.1458885E-0003  -0.1521271E-0002   0.3852214E-0005   0.5333746E-0004
     2.80800  -0.5399783E-0004  -0.5589957E-0003  -0.1587901E-0003  -0.1612702E-0002   0.4321226E-0005   0.5862647E-0004
     2.81600  -0.5874723E-0004  -0.5936741E-0003  -0.1724484E-0003  -0.1707295E-0002   0.4835644E-0005   0.6430229E-0004
     2.82400  -0.6378538E-0004  -0.6297687E-0003  -0.1868928E-0003  -0.1805545E-0002   0.5398735E-0005   0.7038639E-0004
     2.83200  -0.6912505E-0004  -0.6674596E-0003  -0.2021574E-0003  -0.1908073E-0002   0.6013954E-0005   0.7690236E-0004
     2.84000  -0.7478078E-0004  -0.7069661E-0003  -0.2182825E-0003  -0.2015635E-0002   0.6684964E-0005   0.8387620E-0004
     2.84800  -0.8076916E-0004  -0.7485477E-0003  -0.2353154E-0003  -0.2129117E-0002   0.7415658E-0005   0.9133673E-0004
     2.85600  -0.8710920E-0004  -0.7925044E-0003  -0.2533117E-0003  -0.2249535E-0002   0.8210185E-0005   0.9931595E-0004
     2.86400  -0.9382261E-0004  -0.8391758E-0003  -0.2723359E-0003  -0.2378027E-0002   0.9072980E-0005   0.1078493E-0003
     2.87200  -0.1009341E-0003  -0.8889383E-0003  -0.2924626E-0003  -0.2515839E-0002   0.1000879E-0004   0.1169763E-0003
     2.88000  -0.1084717E-0003  -0.9422017E-0003  -0.3137771E-0003  -0.2664309E-0002   0.1102271E-0004   0.1267402E-0003
     2.88800  -0.1164670E-0003  -0.9994036E-0003  -0.3363759E-0003  -0.2824848E-0002   0.1212023E-0004   0.1371893E-0003
     2.89600  -0.1249550E-0003  -0.1061003E-0002  -0.3603671E-0003  -0.2998905E-0002   0.1330724E-0004   0.1483761E-0003
     2.90400  -0.1339748E-0003  -0.1127472E-0002  -0.3858707E-0003  -0.3187944E-0002   0.1459010E-0004   0.1603583E-0003
     2.91200  -0.1435690E-0003  -0.1199285E-0002  -0.4130179E-0003  -0.3393401E-0002   0.1597569E-0004   0.1731987E-0003
     2.92000  -0.1537843E-0003  -0.1276909E-0002  -0.4419511E-0003  -0.3616649E-0002   0.1747141E-0004   0.1869651E-0003
     2.92800  -0.1646706E-0003  -0.1360791E-0002  -0.4728227E-0003  -0.3858954E-0002   0.1908526E-0004   0.2017307E-0003
     2.93600  -0.1762814E-0003  -0.1451342E-0002  -0.5057941E-0003  -0.4121428E-0002   0.2082585E-0004   0.2175738E-0003
     2.94400  -0.1886728E-0003  -0.1548928E-0002  -0.5410340E-0003  -0.4404986E-0002   0.2270247E-0004   0.2345777E-0003
     2.95200  -0.2019036E-0003  -0.1653850E-0002  -0.5787164E-0003  -0.4710298E-0002   0.2472512E-0004   0.2528310E-0003
     2.96000  -0.2160342E-0003  -0.1766330E-0002  -0.6190184E-0003  -0.5037744E-0002   0.2690453E-0004   0.2724267E-0003
     2.96800  -0.2311262E-0003  -0.1886501E-0002  -0.6621173E-0003  -0.5387373E-0002   0.2925223E-0004   0.2934625E-0003
     2.97600  -0.2472413E-0003  -0.2014384E-0002  -0.7081882E-0003  -0.5758858E-0002   0.3178056E-0004   0.3160405E-0003
     2.98400  -0.2644404E-0003  -0.2149885E-0002  -0.7574000E-0003  -0.6151469E-0002   0.3450269E-0004   0.3402666E-0003
     2.99200  -0.2827826E-0003  -0.2292775E-0002  -0.8099123E-0003  -0.6564042E-0002   0.3743269E-0004   0.3662502E-0003
     3.00000  -0.3023241E-0003  -0.2442684E-0002  -0.8658720E-0003  -0.6994956E-0002   0.4058553E-0004   0.3941042E-0003
     3.00800  -0.3231168E-0003  -0.2599092E-0002  -0.9254090E-0003  -0.7442125E-0002   0.4397708E-0004   0.4239445E-0003
     3.01600  -0.3452074E-0003  -0.2761325E-0002  -0.9886329E-0003  -0.7902992E-0002   0.4762420E-0004   0.4558893E-0003
     3.02400  -0.3686358E-0003  -0.2928552E-0002  -0.1055629E-0002  -0.8374538E-0002   0.5154467E-0004   0.4900595E-0003
     3.03200  -0.3934341E-0003  -0.3099789E-0002  -0.1126456E-0002  -0.8853303E-0002   0.5575729E-0004   0.5265777E-0003
     3.04000  -0.4196253E-0003  -0.3273899E-0002  -0.1201139E-0002  -0.9335413E-0002   0.6028184E-0004   0.5655683E-0003
     3.04800  -0.4472222E-0003  -0.3449605E-0002  -0.1279672E-0002  -0.9816620E-0002   0.6513910E-0004   0.6071571E-0003
     3.05600  -0.4762262E-0003  -0.3625500E-0002  -0.1362011E-0002  -0.1029236E-0001   0.7035087E-0004   0.6514712E-0003
     3.06400  -0.5066267E-0003  -0.3800064E-0002  -0.1448073E-0002  -0.1075780E-0001   0.7593997E-0004   0.6986383E-0003
     3.07200  -0.5384002E-0003  -0.3971685E-0002  -0.1537737E-0002  -0.1120793E-0001   0.8193027E-0004   0.7487868E-0003
     3.08000  -0.5715096E-0003  -0.4138677E-0002  -0.1630838E-0002  -0.1163764E-0001   0.8834663E-0004   0.8020452E-0003
     3.08800  -0.6059041E-0003  -0.4299314E-0002  -0.1727172E-0002  -0.1204179E-0001   0.9521496E-0004   0.8585417E-0003
     3.09600  -0.6415189E-0003  -0.4451853E-0002  -0.1826494E-0002  -0.1241530E-0001   0.1025622E-0003   0.9184036E-0003
     3.10400  -0.6782755E-0003  -0.4594567E-0002  -0.1928521E-0002  -0.1275327E-0001   0.1104162E-0003   0.9817568E-0003
     3.11200  -0.7160817E-0003  -0.4725777E-0002  -0.2032929E-0002  -0.1305106E-0001   0.1188060E-0003   0.1048725E-0002
     3.12000  -0.7548328E-0003  -0.4843886E-0002  -0.2139364E-0002  -0.1330439E-0001   0.1277615E-0003   0.1119427E-0002
     3.12800  -0.7944121E-0003  -0.4947413E-0002  -0.2247439E-0002  -0.1350940E-0001   0.1373133E-0003   0.1193979E-0002
     3.13600  -0.8346923E-0003  -0.5035025E-0002  -0.2356742E-0002  -0.1366279E-0001   0.1474932E-0003   0.1272491E-0002
     3.14400  -0.8755368E-0003  -0.5105569E-0002  -0.2466837E-0002  -0.1376185E-0001   0.1583337E-0003   0.1355064E-0002
     3.15200  -0.9168017E-0003  -0.5158103E-0002  -0.2577273E-0002  -0.1380453E-0001   0.1698681E-0003   0.1441789E-0002
     3.16000  -0.9583370E-0003  -0.5191917E-0002  -0.2687589E-0002  -0.1378952E-0001   0.1821300E-0003   0.1532748E-0002
     3.16800  -0.9999895E-0003  -0.5206564E-0002  -0.2797319E-0002  -0.1371628E-0001   0.1951541E-0003   0.1628007E-0002
     3.17600  -0.1041604E-0002  -0.5201871E-0002  -0.2906000E-0002  -0.1358503E-0001   0.2089750E-0003   0.1727616E-0002
     3.18400  -0.1083028E-0002  -0.5177957E-0002  -0.3013174E-0002  -0.1339683E-0001   0.2236279E-0003   0.1831608E-0002
     3.19200  -0.1124110E-0002  -0.5135241E-0002  -0.3118402E-0002  -0.1315349E-0001   0.2391478E-0003   0.1939994E-0002
     3.20000  -0.1164706E-0002  -0.5074440E-0002  -0.3221263E-0002  -0.1285764E-0001   0.2555699E-0003   0.2052762E-0002
     3.20800  -0.1204678E-0002  -0.4996571E-0002  -0.3321364E-0002  -0.1251260E-0001   0.2729289E-0003   0.2169876E-0002
     3.21600  -0.1243902E-0002  -0.4902935E-0002  -0.3418343E-0002  -0.1212238E-0001   0.2912591E-0003   0.2291273E-0002
     3.22400  -0.1282262E-0002  -0.4795107E-0002  -0.3511876E-0002  -0.1169161E-0001   0.3105940E-0003   0.2416859E-0002
     3.23200  -0.1319662E-0002  -0.4674908E-0002  -0.3601679E-0002  -0.1122545E-0001   0.3309661E-0003   0.2546515E-0002
     3.24000  -0.1356017E-0002  -0.4544383E-0002  -0.3687515E-0002  -0.1072947E-0001   0.3524068E-0003   0.2680090E-0002
     3.24800  -0.1391263E-0002  -0.4405761E-0002  -0.3769192E-0002  -0.1020959E-0001   0.3749461E-0003   0.2817403E-0002
     3.25600  -0.1425354E-0002  -0.4261424E-0002  -0.3846568E-0002  -0.9671975E-0002   0.3986120E-0003   0.2958246E-0002
     3.26400  -0.1458265E-0002  -0.4113861E-0002  -0.3919551E-0002  -0.9122870E-0002   0.4234311E-0003   0.3102384E-0002
     3.27200  -0.1489990E-0002  -0.3965629E-0002  -0.3988099E-0002  -0.8568533E-0002   0.4494276E-0003   0.3249556E-0002
     3.28000  -0.1520545E-0002  -0.3819298E-0002  -0.4052220E-0002  -0.8015100E-0002   0.4766234E-0003   0.3399481E-0002
     3.28800  -0.1549964E-0002  -0.3677413E-0002  -0.4111968E-0002  -0.7468478E-0002   0.5050383E-0003   0.3551861E-0002
     3.29600  -0.1578303E-0002  -0.3542444E-0002  -0.4167441E-0002  -0.6934237E-0002   0.5346894E-0003   0.3706383E-0002
     3.30400  -0.1605637E-0002  -0.3416735E-0002  -0.4218782E-0002  -0.6417513E-0002   0.5655912E-0003   0.3862727E-0002
     3.31200  -0.1632057E-0002  -0.3302471E-0002  -0.4266165E-0002  -0.5922918E-0002   0.5977557E-0003   0.4020570E-0002
     3.32000  -0.1657670E-0002  -0.3201629E-0002  -0.4309801E-0002  -0.5454468E-0002   0.6311925E-0003   0.4179593E-0002
     3.32800  -0.1682598E-0002  -0.3115949E-0002  -0.4349925E-0002  -0.5015518E-0002   0.6659084E-0003   0.4339486E-0002
     3.33600  -0.1706973E-0002  -0.3046901E-0002  -0.4386795E-0002  -0.4608722E-0002   0.7019080E-0003   0.4499956E-0002
     3.34400  -0.1730938E-0002  -0.2995663E-0002  -0.4420683E-0002  -0.4236002E-0002   0.7391939E-0003   0.4660728E-0002
     3.35200  -0.1754643E-0002  -0.2963103E-0002  -0.4451871E-0002  -0.3898540E-0002   0.7777663E-0003   0.4821558E-0002
     3.36000  -0.1778241E-0002  -0.2949772E-0002  -0.4480645E-0002  -0.3596785E-0002   0.8176242E-0003   0.4982234E-0002
     3.36800  -0.1801888E-0002  -0.2955897E-0002  -0.4507289E-0002  -0.3330483E-0002   0.8587648E-0003   0.5142579E-0002
     3.37600  -0.1825740E-0002  -0.2981393E-0002  -0.4532079E-0002  -0.3098718E-0002   0.9011845E-0003   0.5302461E-0002
     3.38400  -0.1849947E-0002  -0.3025866E-0002  -0.4555279E-0002  -0.2899974E-0002   0.9448789E-0003   0.5461791E-0002
     3.39200  -0.1874656E-0002  -0.3088641E-0002  -0.4577136E-0002  -0.2732206E-0002   0.9898431E-0003   0.5620526E-0002
     3.40000  -0.1900006E-0002  -0.3168781E-0002  -0.4597880E-0002  -0.2592932E-0002   0.1036072E-0002   0.5778675E-0002
     3.40800  -0.1926127E-0002  -0.3265121E-0002  -0.4617714E-0002  -0.2479321E-0002   0.1083563E-0002   0.5936291E-0002
     3.41600  -0.1953137E-0002  -0.3376297E-0002  -0.4636821E-0002  -0.2388301E-0002   0.1132311E-0002   0.6093481E-0002
     3.42400  -0.1981144E-0002  -0.3500791E-0002  -0.4655354E-0002  -0.2316660E-0002   0.1182314E-0002   0.6250394E-0002
     3.43200  -0.2010239E-0002  -0.3636964E-0002  -0.4673443E-0002  -0.2261149E-0002   0.1233572E-0002   0.6407225E-0002
     3.44000  -0.2040504E-0002  -0.3783103E-0002  -0.4691192E-0002  -0.2218578E-0002   0.1286085E-0002   0.6564210E-0002
     3.44800  -0.2072004E-0002  -0.3937454E-0002  -0.4708679E-0002  -0.2185915E-0002   0.1339858E-0002   0.6721621E-0002
     3.45600  -0.2104790E-0002  -0.4098269E-0002  -0.4725962E-0002  -0.2160358E-0002   0.1394896E-0002   0.6879761E-0002
     3.46400  -0.2138901E-0002  -0.4263835E-0002  -0.4743077E-0002  -0.2139407E-0002   0.1451208E-0002   0.7038959E-0002
     3.47200  -0.2174361E-0002  -0.4432511E-0002  -0.4760045E-0002  -0.2120913E-0002   0.1508805E-0002   0.7199567E-0002
     3.48000  -0.2211183E-0002  -0.4602756E-0002  -0.4776870E-0002  -0.2103116E-0002   0.1567700E-0002   0.7361946E-0002
     3.48800  -0.2249368E-0002  -0.4773153E-0002  -0.4793547E-0002  -0.2084657E-0002   0.1627912E-0002   0.7526470E-0002
     3.49600  -0.2288907E-0002  -0.4942424E-0002  -0.4810063E-0002  -0.2064585E-0002   0.1689460E-0002   0.7693511E-0002
     3.50400  -0.2329783E-0002  -0.5109447E-0002  -0.4826402E-0002  -0.2042337E-0002   0.1752367E-0002   0.7863437E-0002
     3.51200  -0.2371969E-0002  -0.5273261E-0002  -0.4842544E-0002  -0.2017710E-0002   0.1816660E-0002   0.8036607E-0002
     3.52000  -0.2415434E-0002  -0.5433066E-0002  -0.4858470E-0002  -0.1990814E-0002   0.1882367E-0002   0.8213360E-0002
     3.52800  -0.2460139E-0002  -0.5588223E-0002  -0.4874167E-0002  -0.1962026E-0002   0.1949519E-0002   0.8394015E-0002
     3.53600  -0.2506045E-0002  -0.5738240E-0002  -0.4889622E-0002  -0.1931925E-0002   0.2018150E-0002   0.8578867E-0002
     3.54400  -0.2553107E-0002  -0.5882762E-0002  -0.4904832E-0002  -0.1901233E-0002   0.2088296E-0002   0.8768176E-0002
     3.55200  -0.2601280E-0002  -0.6021555E-0002  -0.4919798E-0002  -0.1870754E-0002   0.2159993E-0002   0.8962172E-0002
     3.56000  -0.2650516E-0002  -0.6154484E-0002  -0.4934528E-0002  -0.1841311E-0002   0.2233281E-0002   0.9161045E-0002
     3.56800  -0.2700768E-0002  -0.6281493E-0002  -0.4949038E-0002  -0.1813697E-0002   0.2308201E-0002   0.9364950E-0002
     3.57600  -0.2751988E-0002  -0.6402582E-0002  -0.4963347E-0002  -0.1788624E-0002   0.2384793E-0002   0.9573999E-0002
     3.58400  -0.2804131E-0002  -0.6517783E-0002  -0.4977480E-0002  -0.1766692E-0002   0.2463099E-0002   0.9788267E-0002
     3.59200  -0.2857148E-0002  -0.6627140E-0002  -0.4991467E-0002  -0.1748356E-0002   0.2543161E-0002   0.1000779E-0001
     3.60000  -0.2910993E-0002  -0.6730682E-0002  -0.5005339E-0002  -0.1733913E-0002   0.2625022E-0002   0.1023255E-0001
     3.60800  -0.2965620E-0002  -0.6828410E-0002  -0.5019127E-0002  -0.1723495E-0002   0.2708722E-0002   0.1046252E-0001
     3.61600  -0.3020983E-0002  -0.6920276E-0002  -0.5032863E-0002  -0.1717066E-0002   0.2794303E-0002   0.1069761E-0001
     3.62400  -0.3077032E-0002  -0.7006172E-0002  -0.5046579E-0002  -0.1714432E-0002   0.2881805E-0002   0.1093772E-0001
     3.63200  -0.3133719E-0002  -0.7085916E-0002  -0.5060301E-0002  -0.1715253E-0002   0.2971266E-0002   0.1118271E-0001
     3.64000  -0.3190993E-0002  -0.7159252E-0002  -0.5074053E-0002  -0.1719059E-0002   0.3062726E-0002   0.1143241E-0001
     3.64800  -0.3248800E-0002  -0.7225841E-0002  -0.5087855E-0002  -0.1725267E-0002   0.3156219E-0002   0.1168662E-0001
     3.65600  -0.3307082E-0002  -0.7285272E-0002  -0.5101721E-0002  -0.1733196E-0002   0.3251780E-0002   0.1194516E-0001
     3.66400  -0.3365779E-0002  -0.7337061E-0002  -0.5115657E-0002  -0.1742083E-0002   0.3349442E-0002   0.1220777E-0001
     3.67200  -0.3424824E-0002  -0.7380668E-0002  -0.5129666E-0002  -0.1751098E-0002   0.3449236E-0002   0.1247424E-0001
     3.68000  -0.3484148E-0002  -0.7415512E-0002  -0.5143741E-0002  -0.1759352E-0002   0.3551190E-0002   0.1274429E-0001
     3.68800  -0.3543676E-0002  -0.7440988E-0002  -0.5157868E-0002  -0.1765906E-0002   0.3655332E-0002   0.1301768E-0001
     3.69600  -0.3603328E-0002  -0.7456489E-0002  -0.5172026E-0002  -0.1769779E-0002   0.3761685E-0002   0.1329412E-0001
     3.70400  -0.3663019E-0002  -0.7461433E-0002  -0.5186186E-0002  -0.1769956E-0002   0.3870271E-0002   0.1357333E-0001
     3.71200  -0.3722662E-0002  -0.7455289E-0002  -0.5200309E-0002  -0.1765396E-0002   0.3981112E-0002   0.1385502E-0001
     3.72000  -0.3782163E-0002  -0.7437601E-0002  -0.5214350E-0002  -0.1755042E-0002   0.4094223E-0002   0.1413890E-0001
     3.72800  -0.3841427E-0002  -0.7408017E-0002  -0.5228252E-0002  -0.1737836E-0002   0.4209620E-0002   0.1442464E-0001
     3.73600  -0.3900357E-0002  -0.7366315E-0002  -0.5241954E-0002  -0.1712741E-0002   0.4327315E-0002   0.1471191E-0001
     3.74400  -0.3958857E-0002  -0.7312423E-0002  -0.5255384E-0002  -0.1678762E-0002   0.4447318E-0002   0.1500039E-0001
     3.75200  -0.4016828E-0002  -0.7246445E-0002  -0.5268464E-0002  -0.1634980E-0002   0.4569636E-0002   0.1528970E-0001
     3.76000  -0.4074178E-0002  -0.7168668E-0002  -0.5281109E-0002  -0.1580581E-0002   0.4694272E-0002   0.1557948E-0001
     3.76800  -0.4130814E-0002  -0.7079582E-0002  -0.5293228E-0002  -0.1514899E-0002   0.4821226E-0002   0.1586932E-0001
     3.77600  -0.4186653E-0002  -0.6979879E-0002  -0.5304728E-0002  -0.1437449E-0002   0.4950497E-0002   0.1615883E-0001
     3.78400  -0.4241617E-0002  -0.6870453E-0002  -0.5315511E-0002  -0.1347966E-0002   0.5082077E-0002   0.1644755E-0001
     3.79200  -0.4295636E-0002  -0.6752396E-0002  -0.5325483E-0002  -0.1246437E-0002   0.5215958E-0002   0.1673506E-0001
     3.80000  -0.4348652E-0002  -0.6626981E-0002  -0.5334548E-0002  -0.1133128E-0002   0.5352125E-0002   0.1702089E-0001
     3.80800  -0.4400617E-0002  -0.6495645E-0002  -0.5342617E-0002  -0.1008600E-0002   0.5490561E-0002   0.1730456E-0001
     3.81600  -0.4451497E-0002  -0.6359960E-0002  -0.5349606E-0002  -0.8737129E-0003   0.5631246E-0002   0.1758561E-0001
     3.82400  -0.4501270E-0002  -0.6221607E-0002  -0.5355443E-0002  -0.7296172E-0003   0.5774155E-0002   0.1786357E-0001
     3.83200  -0.4549928E-0002  -0.6082339E-0002  -0.5360065E-0002  -0.5777335E-0003   0.5919259E-0002   0.1813796E-0001
     3.84000  -0.4597480E-0002  -0.5943943E-0002  -0.5363423E-0002  -0.4197152E-0003   0.6066526E-0002   0.1840836E-0001
     3.84800  -0.4643945E-0002  -0.5808201E-0002  -0.5365482E-0002  -0.2573999E-0003   0.6215920E-0002   0.1867436E-0001
     3.85600  -0.4689360E-0002  -0.5676852E-0002  -0.5366224E-0002  -0.9274974E-0004   0.6367405E-0002   0.1893557E-0001
     3.86400  -0.4733773E-0002  -0.5551550E-0002  -0.5365646E-0002   0.7221603E-0004   0.6520938E-0002   0.1919168E-0001
     3.87200  -0.4777243E-0002  -0.5433827E-0002  -0.5363762E-0002   0.2354928E-0003   0.6676478E-0002   0.1944241E-0001
     3.88000  -0.4819844E-0002  -0.5325060E-0002  -0.5360601E-0002   0.3951630E-0003   0.6833978E-0002   0.1968759E-0001
     3.88800  -0.4861655E-0002  -0.5226442E-0002  -0.5356205E-0002   0.5494641E-0003   0.6993395E-0002   0.1992708E-0001
     3.89600  -0.4902767E-0002  -0.5138951E-0002  -0.5350631E-0002   0.6968494E-0003   0.7154682E-0002   0.2016084E-0001
     3.90400  -0.4943274E-0002  -0.5063338E-0002  -0.5343942E-0002   0.8360369E-0003   0.7317793E-0002   0.2038894E-0001
     3.91200  -0.4983275E-0002  -0.5000110E-0002  -0.5336214E-0002   0.9660435E-0003   0.7482685E-0002   0.2061150E-0001
     3.92000  -0.5022871E-0002  -0.4949522E-0002  -0.5327524E-0002   0.1086204E-0002   0.7649316E-0002   0.2082878E-0001
     3.92800  -0.5062163E-0002  -0.4911579E-0002  -0.5317955E-0002   0.1196169E-0002   0.7817644E-0002   0.2104110E-0001
     3.93600  -0.5101252E-0002  -0.4886043E-0002  -0.5307588E-0002   0.1295893E-0002   0.7987635E-0002   0.2124887E-0001
     3.94400  -0.5140231E-0002  -0.4872441E-0002  -0.5296503E-0002   0.1385597E-0002   0.8159256E-0002   0.2145261E-0001
     3.95200  -0.5179192E-0002  -0.4870087E-0002  -0.5284777E-0002   0.1465725E-0002   0.8332479E-0002   0.2165288E-0001
     3.96000  -0.5218217E-0002  -0.4878099E-0002  -0.5272482E-0002   0.1536888E-0002   0.8507282E-0002   0.2185034E-0001
     3.96800  -0.5257380E-0002  -0.4895433E-0002  -0.5259684E-0002   0.1599798E-0002   0.8683648E-0002   0.2204569E-0001
     3.97600  -0.5296747E-0002  -0.4920902E-0002  -0.5246442E-0002   0.1655210E-0002   0.8861565E-0002   0.2223966E-0001
     3.98400  -0.5336373E-0002  -0.4953220E-0002  -0.5232811E-0002   0.1703853E-0002   0.9041029E-0002   0.2243302E-0001
     3.99200  -0.5376301E-0002  -0.4991026E-0002  -0.5218840E-0002   0.1746377E-0002   0.9222041E-0002   0.2262655E-0001
     4.00000  -0.5416565E-0002  -0.5032924E-0002  -0.5204574E-0002   0.1783305E-0002   0.9404610E-0002   0.2282103E-0001
     4.00800  -0.5457185E-0002  -0.5077517E-0002  -0.5190054E-0002   0.1815000E-0002   0.9588747E-0002   0.2301721E-0001
     4.01600  -0.5498172E-0002  -0.5123439E-0002  -0.5175321E-0002   0.1841641E-0002   0.9774474E-0002   0.2321581E-0001
     4.02400  -0.5539528E-0002  -0.5169390E-0002  -0.5160415E-0002   0.1863215E-0002   0.9961814E-0002   0.2341749E-0001
     4.03200  -0.5581241E-0002  -0.5214167E-0002  -0.5145379E-0002   0.1879526E-0002   0.1015080E-0001   0.2362284E-0001
     4.04000  -0.5623294E-0002  -0.5256690E-0002  -0.5130257E-0002   0.1890205E-0002   0.1034146E-0001   0.2383239E-0001
     4.04800  -0.5665663E-0002  -0.5296028E-0002  -0.5115099E-0002   0.1894744E-0002   0.1053383E-0001   0.2404655E-0001
     4.05600  -0.5708314E-0002  -0.5331421E-0002  -0.5099959E-0002   0.1892521E-0002   0.1072795E-0001   0.2426564E-0001
     4.06400  -0.5751212E-0002  -0.5362295E-0002  -0.5084896E-0002   0.1882833E-0002   0.1092387E-0001   0.2448987E-0001
     4.07200  -0.5794319E-0002  -0.5388277E-0002  -0.5069977E-0002   0.1864938E-0002   0.1112163E-0001   0.2471932E-0001
     4.08000  -0.5837592E-0002  -0.5409198E-0002  -0.5055272E-0002   0.1838073E-0002   0.1132126E-0001   0.2495396E-0001
     4.08800  -0.5880993E-0002  -0.5425101E-0002  -0.5040860E-0002   0.1801487E-0002   0.1152281E-0001   0.2519364E-0001
     4.09600  -0.5924483E-0002  -0.5436231E-0002  -0.5026825E-0002   0.1754452E-0002   0.1172631E-0001   0.2543808E-0001
     4.10400  -0.5968027E-0002  -0.5443031E-0002  -0.5013255E-0002   0.1696275E-0002   0.1193181E-0001   0.2568687E-0001
     4.11200  -0.6011596E-0002  -0.5446125E-0002  -0.5000244E-0002   0.1626296E-0002   0.1213932E-0001   0.2593953E-0001
     4.12000  -0.6055166E-0002  -0.5446298E-0002  -0.4987893E-0002   0.1543882E-0002   0.1234889E-0001   0.2619542E-0001
     4.12800  -0.6098722E-0002  -0.5444476E-0002  -0.4976306E-0002   0.1448422E-0002   0.1256052E-0001   0.2645387E-0001
     4.13600  -0.6142256E-0002  -0.5441691E-0002  -0.4965591E-0002   0.1339313E-0002   0.1277423E-0001   0.2671408E-0001
     4.14400  -0.6185768E-0002  -0.5439055E-0002  -0.4955864E-0002   0.1215954E-0002   0.1299003E-0001   0.2697522E-0001
     4.15200  -0.6229270E-0002  -0.5437720E-0002  -0.4947242E-0002   0.1077739E-0002   0.1320792E-0001   0.2723640E-0001
     4.16000  -0.6272781E-0002  -0.5438847E-0002  -0.4939849E-0002   0.9240601E-0003   0.1342790E-0001   0.2749671E-0001
     4.16800  -0.6316329E-0002  -0.5443567E-0002  -0.4933815E-0002   0.7543245E-0003   0.1364994E-0001   0.2775522E-0001
     4.17600  -0.6359953E-0002  -0.5452942E-0002  -0.4929271E-0002   0.5679735E-0003   0.1387403E-0001   0.2801103E-0001
     4.18400  -0.6403696E-0002  -0.5467936E-0002  -0.4926355E-0002   0.3645182E-0003   0.1410013E-0001   0.2826324E-0001
     4.19200  -0.6447611E-0002  -0.5489380E-0002  -0.4925206E-0002   0.1435832E-0003   0.1432822E-0001   0.2851102E-0001
     4.20000  -0.6491755E-0002  -0.5517943E-0002  -0.4925966E-0002  -0.9504203E-0004   0.1455825E-0001   0.2875359E-0001
     4.20800  -0.6536188E-0002  -0.5554111E-0002  -0.4928777E-0002  -0.3513462E-0003   0.1479017E-0001   0.2899026E-0001
     4.21600  -0.6580973E-0002  -0.5598167E-0002  -0.4933777E-0002  -0.6250384E-0003   0.1502394E-0001   0.2922044E-0001
     4.22400  -0.6626175E-0002  -0.5650181E-0002  -0.4941101E-0002  -0.9154937E-0003   0.1525948E-0001   0.2944362E-0001
     4.23200  -0.6671855E-0002  -0.5710000E-0002  -0.4950875E-0002  -0.1221704E-0002   0.1549676E-0001   0.2965942E-0001
     4.24000  -0.6718073E-0002  -0.5777252E-0002  -0.4963213E-0002  -0.1542245E-0002   0.1573570E-0001   0.2986759E-0001
     4.24800  -0.6764883E-0002  -0.5851347E-0002  -0.4978215E-0002  -0.1875250E-0002   0.1597624E-0001   0.3006799E-0001
     4.25600  -0.6812335E-0002  -0.5931493E-0002  -0.4995962E-0002  -0.2218409E-0002   0.1621833E-0001   0.3026058E-0001
     4.26400  -0.6860469E-0002  -0.6016711E-0002  -0.5016514E-0002  -0.2568985E-0002   0.1646189E-0001   0.3044548E-0001
     4.27200  -0.6909316E-0002  -0.6105855E-0002  -0.5039905E-0002  -0.2923849E-0002   0.1670688E-0001   0.3062289E-0001
     4.28000  -0.6958897E-0002  -0.6197640E-0002  -0.5066141E-0002  -0.3279532E-0002   0.1695322E-0001   0.3079311E-0001
     4.28800  -0.7009222E-0002  -0.6290665E-0002  -0.5095200E-0002  -0.3632301E-0002   0.1720087E-0001   0.3095653E-0001
     4.29600  -0.7060290E-0002  -0.6383449E-0002  -0.5127025E-0002  -0.3978240E-0002   0.1744978E-0001   0.3111363E-0001
     4.30400  -0.7112086E-0002  -0.6474457E-0002  -0.5161532E-0002  -0.4313350E-0002   0.1769990E-0001   0.3126491E-0001
     4.31200  -0.7164583E-0002  -0.6562136E-0002  -0.5198601E-0002  -0.4633645E-0002   0.1795119E-0001   0.3141092E-0001
     4.32000  -0.7217742E-0002  -0.6644942E-0002  -0.5238084E-0002  -0.4935258E-0002   0.1820361E-0001   0.3155225E-0001
     4.32800  -0.7271513E-0002  -0.6721374E-0002  -0.5279800E-0002  -0.5214530E-0002   0.1845712E-0001   0.3168944E-0001
     4.33600  -0.7325833E-0002  -0.6789998E-0002  -0.5323545E-0002  -0.5468104E-0002   0.1871171E-0001   0.3182306E-0001
     4.34400  -0.7380629E-0002  -0.6849477E-0002  -0.5369089E-0002  -0.5692994E-0002   0.1896734E-0001   0.3195361E-0001
     4.35200  -0.7435818E-0002  -0.6898591E-0002  -0.5416182E-0002  -0.5886643E-0002   0.1922399E-0001   0.3208154E-0001
     4.36000  -0.7491308E-0002  -0.6936259E-0002  -0.5464557E-0002  -0.6046966E-0002   0.1948165E-0001   0.3220726E-0001
     4.36800  -0.7547000E-0002  -0.6961551E-0002  -0.5513936E-0002  -0.6172368E-0002   0.1974029E-0001   0.3233109E-0001
     4.37600  -0.7602790E-0002  -0.6973706E-0002  -0.5564030E-0002  -0.6261748E-0002   0.1999992E-0001   0.3245326E-0001
     4.38400  -0.7658567E-0002  -0.6972135E-0002  -0.5614546E-0002  -0.6314486E-0002   0.2026051E-0001   0.3257396E-0001
     4.39200  -0.7714218E-0002  -0.6956431E-0002  -0.5665190E-0002  -0.6330415E-0002   0.2052206E-0001   0.3269325E-0001
     4.40000  -0.7769629E-0002  -0.6926363E-0002  -0.5715668E-0002  -0.6309780E-0002   0.2078455E-0001   0.3281115E-0001
     4.40800  -0.7824684E-0002  -0.6881880E-0002  -0.5765693E-0002  -0.6253195E-0002   0.2104797E-0001   0.3292761E-0001
     4.41600  -0.7879269E-0002  -0.6823099E-0002  -0.5814986E-0002  -0.6161589E-0002   0.2131231E-0001   0.3304252E-0001
     4.42400  -0.7933272E-0002  -0.6750298E-0002  -0.5863275E-0002  -0.6036155E-0002   0.2157755E-0001   0.3315571E-0001
     4.43200  -0.7986583E-0002  -0.6663903E-0002  -0.5910302E-0002  -0.5878301E-0002   0.2184369E-0001   0.3326701E-0001
     4.44000  -0.8039099E-0002  -0.6564475E-0002  -0.5955819E-0002  -0.5689606E-0002   0.2211070E-0001   0.3337623E-0001
     4.44800  -0.8090720E-0002  -0.6452694E-0002  -0.5999593E-0002  -0.5471784E-0002   0.2237857E-0001   0.3348316E-0001
     4.45600  -0.8141355E-0002  -0.6329343E-0002  -0.6041406E-0002  -0.5226652E-0002   0.2264727E-0001   0.3358763E-0001
     4.46400  -0.8190917E-0002  -0.6195295E-0002  -0.6081055E-0002  -0.4956118E-0002   0.2291678E-0001   0.3368945E-0001
     4.47200  -0.8239329E-0002  -0.6051496E-0002  -0.6118352E-0002  -0.4662164E-0002   0.2318709E-0001   0.3378851E-0001
     4.48000  -0.8286521E-0002  -0.5898952E-0002  -0.6153127E-0002  -0.4346848E-0002   0.2345817E-0001   0.3388467E-0001
     4.48800  -0.8332431E-0002  -0.5738722E-0002  -0.6185226E-0002  -0.4012308E-0002   0.2372999E-0001   0.3397786E-0001
     4.49600  -0.8377006E-0002  -0.5571908E-0002  -0.6214512E-0002  -0.3660774E-0002   0.2400253E-0001   0.3406799E-0001
     4.50400  -0.8420203E-0002  -0.5399651E-0002  -0.6240868E-0002  -0.3294582E-0002   0.2427577E-0001   0.3415500E-0001
     4.51200  -0.8461988E-0002  -0.5223127E-0002  -0.6264198E-0002  -0.2916187E-0002   0.2454969E-0001   0.3423876E-0001
     4.52000  -0.8502337E-0002  -0.5043554E-0002  -0.6284423E-0002  -0.2528185E-0002   0.2482424E-0001   0.3431913E-0001
     4.52800  -0.8541234E-0002  -0.4862188E-0002  -0.6301490E-0002  -0.2133317E-0002   0.2509941E-0001   0.3439587E-0001
     4.53600  -0.8578677E-0002  -0.4680334E-0002  -0.6315366E-0002  -0.1734485E-0002   0.2537515E-0001   0.3446861E-0001
     4.54400  -0.8614671E-0002  -0.4499345E-0002  -0.6326044E-0002  -0.1334746E-0002   0.2565145E-0001   0.3453682E-0001
     4.55200  -0.8649237E-0002  -0.4320632E-0002  -0.6333542E-0002  -0.9373094E-0003   0.2592825E-0001   0.3459980E-0001
     4.56000  -0.8682402E-0002  -0.4145663E-0002  -0.6337906E-0002  -0.5455176E-0003   0.2620550E-0001   0.3465656E-0001
     4.56800  -0.8714210E-0002  -0.3975963E-0002  -0.6339209E-0002  -0.1628189E-0003   0.2648315E-0001   0.3470588E-0001
     4.57600  -0.8744714E-0002  -0.3813114E-0002  -0.6337551E-0002   0.2072729E-0003   0.2676112E-0001   0.3474618E-0001
     4.58400  -0.8773984E-0002  -0.3658740E-0002  -0.6333061E-0002   0.5612306E-0003   0.2703932E-0001   0.3477556E-0001
     4.59200  -0.8802100E-0002  -0.3514498E-0002  -0.6325896E-0002   0.8955775E-0003   0.2731765E-0001   0.3479173E-0001
     4.60000  -0.8829157E-0002  -0.3382059E-0002  -0.6316241E-0002   0.1206963E-0002   0.2759599E-0001   0.3479202E-0001
     4.60800  -0.8855261E-0002  -0.3263082E-0002  -0.6304303E-0002   0.1492246E-0002   0.2787418E-0001   0.3477335E-0001
     4.61600  -0.8880535E-0002  -0.3159184E-0002  -0.6290314E-0002   0.1748590E-0002   0.2815204E-0001   0.3473223E-0001
     4.62400  -0.8905110E-0002  -0.3071916E-0002  -0.6274525E-0002   0.1973558E-0002   0.2842935E-0001   0.3466475E-0001
     4.63200  -0.8929132E-0002  -0.3002722E-0002  -0.6257204E-0002   0.2165208E-0002   0.2870589E-0001   0.3456661E-0001
     4.64000  -0.8952755E-0002  -0.2952910E-0002  -0.6238626E-0002   0.2322188E-0002   0.2898135E-0001   0.3443315E-0001
     4.64800  -0.8976144E-0002  -0.2923624E-0002  -0.6219076E-0002   0.2443815E-0002   0.2925543E-0001   0.3425932E-0001
     4.65600  -0.8999471E-0002  -0.2915810E-0002  -0.6198835E-0002   0.2530148E-0002   0.2952774E-0001   0.3403976E-0001
     4.66400  -0.9022912E-0002  -0.2930203E-0002  -0.6178178E-0002   0.2582031E-0002   0.2979789E-0001   0.3376881E-0001
     4.67200  -0.9046651E-0002  -0.2967312E-0002  -0.6157369E-0002   0.2601113E-0002   0.3006542E-0001   0.3344053E-0001
     4.68000  -0.9070870E-0002  -0.3027411E-0002  -0.6136651E-0002   0.2589843E-0002   0.3032981E-0001   0.3304874E-0001
     4.68800  -0.9095755E-0002  -0.3110553E-0002  -0.6116239E-0002   0.2551427E-0002   0.3059051E-0001   0.3258707E-0001
     4.69600  -0.9121487E-0002  -0.3216578E-0002  -0.6096321E-0002   0.2489749E-0002   0.3084690E-0001   0.3204895E-0001
     4.70400  -0.9148248E-0002  -0.3345143E-0002  -0.6077047E-0002   0.2409261E-0002   0.3109832E-0001   0.3142767E-0001
     4.71200  -0.9176214E-0002  -0.3495752E-0002  -0.6058528E-0002   0.2314842E-0002   0.3134405E-0001   0.3071639E-0001
     4.72000  -0.9205557E-0002  -0.3667795E-0002  -0.6040835E-0002   0.2211626E-0002   0.3158331E-0001   0.2990815E-0001
     4.72800  -0.9236442E-0002  -0.3860595E-0002  -0.6023997E-0002   0.2104813E-0002   0.3181528E-0001   0.2899592E-0001
     4.73600  -0.9269029E-0002  -0.4073449E-0002  -0.6008001E-0002   0.1999471E-0002   0.3203906E-0001   0.2797258E-0001
     4.74400  -0.9303475E-0002  -0.4305673E-0002  -0.5992799E-0002   0.1900335E-0002   0.3225371E-0001   0.2683095E-0001
     4.75200  -0.9339928E-0002  -0.4556637E-0002  -0.5978306E-0002   0.1811617E-0002   0.3245822E-0001   0.2556380E-0001
     4.76000  -0.9378534E-0002  -0.4825799E-0002  -0.5964411E-0002   0.1736839E-0002   0.3265153E-0001   0.2416387E-0001
     4.76800  -0.9419436E-0002  -0.5112723E-0002  -0.5950981E-0002   0.1678703E-0002   0.3283252E-0001   0.2262391E-0001
     4.77600  -0.9462773E-0002  -0.5417083E-0002  -0.5937869E-0002   0.1639001E-0002   0.3300002E-0001   0.2093667E-0001
     4.78400  -0.9508682E-0002  -0.5738660E-0002  -0.5924921E-0002   0.1618576E-0002   0.3315278E-0001   0.1909496E-0001
     4.79200  -0.9557300E-0002  -0.6077314E-0002  -0.5911982E-0002   0.1617343E-0002   0.3328951E-0001   0.1709168E-0001
     4.80000  -0.9608764E-0002  -0.6432949E-0002  -0.5898907E-0002   0.1634358E-0002   0.3340887E-0001   0.1491986E-0001
     4.80800  -0.9663208E-0002  -0.6805459E-0002  -0.5885563E-0002   0.1667954E-0002   0.3350945E-0001   0.1257275E-0001
     4.81600  -0.9720765E-0002  -0.7194663E-0002  -0.5871836E-0002   0.1715908E-0002   0.3358980E-0001   0.1004386E-0001
     4.82400  -0.9781567E-0002  -0.7600235E-0002  -0.5857631E-0002   0.1775660E-0002   0.3364842E-0001   0.7327055E-0002
     4.83200  -0.9845740E-0002  -0.8021616E-0002  -0.5842874E-0002   0.1844549E-0002   0.3368375E-0001   0.4416651E-0002
     4.84000  -0.9913403E-0002  -0.8457936E-0002  -0.5827514E-0002   0.1920055E-0002   0.3369421E-0001   0.1307512E-0002
     4.84800  -0.9984667E-0002  -0.8907928E-0002  -0.5811514E-0002   0.2000040E-0002   0.3367817E-0001  -0.2004839E-0002
     4.85600  -0.1005963E-0001  -0.9369854E-0002  -0.5794850E-0002   0.2082957E-0002   0.3363398E-0001  -0.5524095E-0002
     4.86400  -0.1013836E-0001  -0.9841434E-0002  -0.5777506E-0002   0.2168021E-0002   0.3355995E-0001  -0.9253041E-0002
     4.87200  -0.1022092E-0001  -0.1031979E-0001  -0.5759463E-0002   0.2255321E-0002   0.3345441E-0001  -0.1319342E-0001
     4.88000  -0.1030733E-0001  -0.1080143E-0001  -0.5740696E-0002   0.2345873E-0002   0.3331564E-0001  -0.1734580E-0001
     4.88800  -0.1039758E-0001  -0.1128217E-0001  -0.5721164E-0002   0.2441591E-0002   0.3314197E-0001  -0.2170943E-0001
     4.89600  -0.1049164E-0001  -0.1175722E-0001  -0.5700802E-0002   0.2545194E-0002   0.3293171E-0001  -0.2628212E-0001
     4.90400  -0.1058941E-0001  -0.1222111E-0001  -0.5679522E-0002   0.2660039E-0002   0.3268323E-0001  -0.3106008E-0001
     4.91200  -0.1069075E-0001  -0.1266782E-0001  -0.5657203E-0002   0.2789894E-0002   0.3239493E-0001  -0.3603783E-0001
     4.92000  -0.1079548E-0001  -0.1309080E-0001  -0.5633693E-0002   0.2938668E-0002   0.3206526E-0001  -0.4120805E-0001
     4.92800  -0.1090334E-0001  -0.1348306E-0001  -0.5608812E-0002   0.3110108E-0002   0.3169277E-0001  -0.4656152E-0001
     4.93600  -0.1101404E-0001  -0.1383724E-0001  -0.5582352E-0002   0.3307491E-0002   0.3127607E-0001  -0.5208695E-0001
     4.94400  -0.1112721E-0001  -0.1414582E-0001  -0.5554086E-0002   0.3533323E-0002   0.3081391E-0001  -0.5777100E-0001
     4.95200  -0.1124242E-0001  -0.1440113E-0001  -0.5523773E-0002   0.3789082E-0002   0.3030512E-0001  -0.6359816E-0001
     4.96000  -0.1135918E-0001  -0.1459559E-0001  -0.5491173E-0002   0.4075006E-0002   0.2974871E-0001  -0.6955075E-0001
     4.96800  -0.1147696E-0001  -0.1472176E-0001  -0.5456054E-0002   0.4389952E-0002   0.2914384E-0001  -0.7560891E-0001
     4.97600  -0.1159514E-0001  -0.1477257E-0001  -0.5418203E-0002   0.4731343E-0002   0.2848984E-0001  -0.8175063E-0001
     4.98400  -0.1171307E-0001  -0.1474140E-0001  -0.5377441E-0002   0.5095193E-0002   0.2778622E-0001  -0.8795181E-0001
     4.99200  -0.1183005E-0001  -0.1462226E-0001  -0.5333631E-0002   0.5476228E-0002   0.2703273E-0001  -0.9418633E-0001
     5.00000  -0.1194533E-0001  -0.1440986E-0001  -0.5286687E-0002   0.5868087E-0002   0.2622932E-0001  -0.1004262E+0000
     5.00800  -0.1205812E-0001  -0.1409981E-0001  -0.5236578E-0002   0.6263594E-0002   0.2537619E-0001  -0.1066418E+0000
     5.01600  -0.1216763E-0001  -0.1368866E-0001  -0.5183337E-0002   0.6655078E-0002   0.2447377E-0001  -0.1128018E+0000
     5.02400  -0.1227303E-0001  -0.1317401E-0001  -0.5127059E-0002   0.7034739E-0002   0.2352278E-0001  -0.1188739E+0000
     5.03200  -0.1237346E-0001  -0.1255460E-0001  -0.5067899E-0002   0.7395016E-0002   0.2252419E-0001  -0.1248245E+0000
     5.04000  -0.1246810E-0001  -0.1183033E-0001  -0.5006068E-0002   0.7728942E-0002   0.2147923E-0001  -0.1306194E+0000
     5.04800  -0.1255612E-0001  -0.1100231E-0001  -0.4941824E-0002   0.8030465E-0002   0.2038944E-0001  -0.1362240E+0000
     5.05600  -0.1263671E-0001  -0.1007286E-0001  -0.4875466E-0002   0.8294719E-0002   0.1925661E-0001  -0.1416039E+0000
     5.06400  -0.1270907E-0001  -0.9045505E-0002  -0.4807321E-0002   0.8518212E-0002   0.1808281E-0001  -0.1467247E+0000
     5.07200  -0.1277247E-0001  -0.7924957E-0002  -0.4737729E-0002   0.8698939E-0002   0.1687039E-0001  -0.1515530E+0000
     5.08000  -0.1282621E-0001  -0.6717027E-0002  -0.4667038E-0002   0.8836407E-0002   0.1562194E-0001  -0.1560564E+0000
     5.08800  -0.1286963E-0001  -0.5428575E-0002  -0.4595585E-0002   0.8931562E-0002   0.1434030E-0001  -0.1602041E+0000
     5.09600  -0.1290217E-0001  -0.4067407E-0002  -0.4523692E-0002   0.8986654E-0002   0.1302857E-0001  -0.1639671E+0000
     5.10400  -0.1292331E-0001  -0.2642172E-0002  -0.4451652E-0002   0.9005014E-0002   0.1169001E-0001  -0.1673190E+0000
     5.11200  -0.1293261E-0001  -0.1162236E-0002  -0.4379726E-0002   0.8990797E-0002   0.1032813E-0001  -0.1702357E+0000
     5.12000  -0.1292971E-0001   0.3624503E-0003  -0.4308136E-0002   0.8948685E-0002   0.8946558E-0002  -0.1726963E+0000
     5.12800  -0.1291434E-0001   0.1921492E-0002  -0.4237067E-0002   0.8883577E-0002   0.7549093E-0002  -0.1746831E+0000
     5.13600  -0.1288630E-0001   0.3504191E-0002  -0.4166665E-0002   0.8800301E-0002   0.6139637E-0002  -0.1761820E+0000
     5.14400  -0.1284551E-0001   0.5099694E-0002  -0.4097038E-0002   0.8703348E-0002   0.4722176E-0002  -0.1771826E+0000
     5.15200  -0.1279193E-0001   0.6697128E-0002  -0.4028265E-0002   0.8596657E-0002   0.3300748E-0002  -0.1776785E+0000
     5.16000  -0.1272564E-0001   0.8285738E-0002  -0.3960397E-0002   0.8483456E-0002   0.1879409E-0002  -0.1776674E+0000
     5.16800  -0.1264680E-0001   0.9855008E-0002  -0.3893468E-0002   0.8366174E-0002   0.4622019E-0003  -0.1771508E+0000
     5.17600  -0.1255565E-0001   0.1139478E-0001  -0.3827497E-0002   0.8246419E-0002  -0.9468762E-0003  -0.1761348E+0000
     5.18400  -0.1245248E-0001   0.1289533E-0001  -0.3762496E-0002   0.8125016E-0002  -0.2343909E-0002  -0.1746290E+0000
     5.19200  -0.1233770E-0001   0.1434750E-0001  -0.3698480E-0002   0.8002107E-0002  -0.3725089E-0002  -0.1726476E+0000
     5.20000  -0.1221176E-0001   0.1574271E-0001  -0.3635461E-0002   0.7877291E-0002  -0.5086753E-0002  -0.1702079E+0000
     5.20800  -0.1207518E-0001   0.1707306E-0001  -0.3573463E-0002   0.7749794E-0002  -0.6425404E-0002  -0.1673314E+0000
     5.21600  -0.1192853E-0001   0.1833136E-0001  -0.3512514E-0002   0.7618647E-0002  -0.7737745E-0002  -0.1640426E+0000
     5.22400  -0.1177244E-0001   0.1951113E-0001  -0.3452651E-0002   0.7482865E-0002  -0.9020697E-0002  -0.1603690E+0000
     5.23200  -0.1160758E-0001   0.2060669E-0001  -0.3393918E-0002   0.7341600E-0002  -0.1027142E-0001  -0.1563407E+0000
     5.24000  -0.1143468E-0001   0.2161310E-0001  -0.3336364E-0002   0.7194270E-0002  -0.1148735E-0001  -0.1519904E+0000
     5.24800  -0.1125447E-0001   0.2252623E-0001  -0.3280039E-0002   0.7040640E-0002  -0.1266616E-0001  -0.1473521E+0000
     5.25600  -0.1106773E-0001   0.2334273E-0001  -0.3224992E-0002   0.6880862E-0002  -0.1380586E-0001  -0.1424616E+0000
     5.26400  -0.1087525E-0001   0.2406006E-0001  -0.3171268E-0002   0.6715468E-0002  -0.1490470E-0001  -0.1373554E+0000
     5.27200  -0.1067783E-0001   0.2467648E-0001  -0.3118906E-0002   0.6545322E-0002  -0.1596126E-0001  -0.1320706E+0000
     5.28000  -0.1047631E-0001   0.2519107E-0001  -0.3067933E-0002   0.6371539E-0002  -0.1697442E-0001  -0.1266441E+0000
     5.28800  -0.1027148E-0001   0.2560371E-0001  -0.3018370E-0002   0.6195377E-0002  -0.1794332E-0001  -0.1211125E+0000
     5.29600  -0.1006415E-0001   0.2591511E-0001  -0.2970225E-0002   0.6018121E-0002  -0.1886741E-0001  -0.1155114E+0000
     5.30400  -0.9855141E-0002   0.2612680E-0001  -0.2923497E-0002   0.5840968E-0002  -0.1974641E-0001  -0.1098749E+0000
     5.31200  -0.9645212E-0002   0.2624111E-0001  -0.2878178E-0002   0.5664927E-0002  -0.2058029E-0001  -0.1042358E+0000
     5.32000  -0.9435122E-0002   0.2626120E-0001  -0.2834252E-0002   0.5490733E-0002  -0.2136929E-0001  -0.9862433E-0001
     5.32800  -0.9225594E-0002   0.2619097E-0001  -0.2791702E-0002   0.5318809E-0002  -0.2211384E-0001  -0.9306884E-0001
     5.33600  -0.9017313E-0002   0.2603510E-0001  -0.2750508E-0002   0.5149247E-0002  -0.2281460E-0001  -0.8759490E-0001
     5.34400  -0.8810922E-0002   0.2579894E-0001  -0.2710653E-0002   0.4981837E-0002  -0.2347240E-0001  -0.8222543E-0001
     5.35200  -0.8607014E-0002   0.2548850E-0001  -0.2672124E-0002   0.4816126E-0002  -0.2408825E-0001  -0.7698052E-0001
     5.36000  -0.8406132E-0002   0.2511029E-0001  -0.2634912E-0002   0.4651502E-0002  -0.2466327E-0001  -0.7187742E-0001
     5.36800  -0.8208761E-0002   0.2467131E-0001  -0.2599014E-0002   0.4487300E-0002  -0.2519871E-0001  -0.6693054E-0001
     5.37600  -0.8015330E-0002   0.2417888E-0001  -0.2564430E-0002   0.4322918E-0002  -0.2569592E-0001  -0.6215156E-0001
     5.38400  -0.7826206E-0002   0.2364052E-0001  -0.2531167E-0002   0.4157928E-0002  -0.2615632E-0001  -0.5754958E-0001
     5.39200  -0.7641695E-0002   0.2306382E-0001  -0.2499229E-0002   0.3992173E-0002  -0.2658137E-0001  -0.5313128E-0001
     5.40000  -0.7462045E-0002   0.2245630E-0001  -0.2468623E-0002   0.3825845E-0002  -0.2697258E-0001  -0.4890121E-0001
     5.40800  -0.7287443E-0002   0.2182525E-0001  -0.2439346E-0002   0.3659532E-0002  -0.2733147E-0001  -0.4486198E-0001
     5.41600  -0.7118022E-0002   0.2117760E-0001  -0.2411393E-0002   0.3494230E-0002  -0.2765959E-0001  -0.4101466E-0001
     5.42400  -0.6953864E-0002   0.2051975E-0001  -0.2384742E-0002   0.3331320E-0002  -0.2795846E-0001  -0.3735897E-0001
     5.43200  -0.6795004E-0002   0.1985750E-0001  -0.2359362E-0002   0.3172514E-0002  -0.2822961E-0001  -0.3389370E-0001
     5.44000  -0.6641437E-0002   0.1919588E-0001  -0.2335204E-0002   0.3019771E-0002  -0.2847455E-0001  -0.3061691E-0001
     5.44800  -0.6493124E-0002   0.1853910E-0001  -0.2312202E-0002   0.2875196E-0002  -0.2869476E-0001  -0.2752631E-0001
     5.45600  -0.6350000E-0002   0.1789048E-0001  -0.2290275E-0002   0.2740920E-0002  -0.2889171E-0001  -0.2461942E-0001
     5.46400  -0.6211981E-0002   0.1725242E-0001  -0.2269323E-0002   0.2618989E-0002  -0.2906687E-0001  -0.2189387E-0001
     5.47200  -0.6078970E-0002   0.1662637E-0001  -0.2249233E-0002   0.2511255E-0002  -0.2922165E-0001  -0.1934754E-0001
     5.48000  -0.5950867E-0002   0.1601285E-0001  -0.2229879E-0002   0.2419283E-0002  -0.2935748E-0001  -0.1697871E-0001
     5.48800  -0.5827575E-0002   0.1541152E-0001  -0.2211124E-0002   0.2344291E-0002  -0.2947576E-0001  -0.1478610E-0001
     5.49600  -0.5709005E-0002   0.1482123E-0001  -0.2192827E-0002   0.2287107E-0002  -0.2957792E-0001  -0.1276899E-0001
     5.50400  -0.5595084E-0002   0.1424014E-0001  -0.2174842E-0002   0.2248163E-0002  -0.2966533E-0001  -0.1092711E-0001
     5.51200  -0.5485758E-0002   0.1366578E-0001  -0.2157022E-0002   0.2227521E-0002  -0.2973942E-0001  -0.9260645E-0002
     5.52000  -0.5380996E-0002   0.1309525E-0001  -0.2139223E-0002   0.2224912E-0002  -0.2980158E-0001  -0.7770078E-0002
     5.52800  -0.5280793E-0002   0.1252533E-0001  -0.2121304E-0002   0.2239804E-0002  -0.2985323E-0001  -0.6456073E-0002
     5.53600  -0.5185173E-0002   0.1195259E-0001  -0.2103132E-0002   0.2271477E-0002  -0.2989578E-0001  -0.5319283E-0002
     5.54400  -0.5094183E-0002   0.1137364E-0001  -0.2084580E-0002   0.2319095E-0002  -0.2993066E-0001  -0.4360146E-0002
     5.55200  -0.5007902E-0002   0.1078519E-0001  -0.2065525E-0002   0.2381776E-0002  -0.2995929E-0001  -0.3578670E-0002
     5.56000  -0.4926428E-0002   0.1018423E-0001  -0.2045856E-0002   0.2458641E-0002  -0.2998309E-0001  -0.2974200E-0002
     5.56800  -0.4849883E-0002   0.9568178E-0002  -0.2025465E-0002   0.2548851E-0002  -0.3000345E-0001  -0.2545197E-0002
     5.57600  -0.4778403E-0002   0.8934986E-0002  -0.2004253E-0002   0.2651608E-0002  -0.3002176E-0001  -0.2289022E-0002
     5.58400  -0.4712137E-0002   0.8283250E-0002  -0.1982124E-0002   0.2766137E-0002  -0.3003937E-0001  -0.2201743E-0002
     5.59200  -0.4651238E-0002   0.7612297E-0002  -0.1958990E-0002   0.2891643E-0002  -0.3005760E-0001  -0.2277970E-0002
     5.60000  -0.4595860E-0002   0.6922250E-0002  -0.1934772E-0002   0.3027252E-0002  -0.3007768E-0001  -0.2510721E-0002
     5.60800  -0.4546148E-0002   0.6214069E-0002  -0.1909397E-0002   0.3171929E-0002  -0.3010081E-0001  -0.2891336E-0002
     5.61600  -0.4502231E-0002   0.5489566E-0002  -0.1882802E-0002   0.3324408E-0002  -0.3012809E-0001  -0.3409435E-0002
     5.62400  -0.4464220E-0002   0.4751397E-0002  -0.1854937E-0002   0.3483115E-0002  -0.3016051E-0001  -0.4052927E-0002
     5.63200  -0.4432196E-0002   0.4003023E-0002  -0.1825768E-0002   0.3646111E-0002  -0.3019898E-0001  -0.4808070E-0002
     5.64000  -0.4406207E-0002   0.3248652E-0002  -0.1795279E-0002   0.3811058E-0002  -0.3024425E-0001  -0.5659592E-0002
     5.64800  -0.4386261E-0002   0.2493152E-0002  -0.1763478E-0002   0.3975214E-0002  -0.3029698E-0001  -0.6590854E-0002
     5.65600  -0.4372326E-0002   0.1741940E-0002  -0.1730394E-0002   0.4135459E-0002  -0.3035765E-0001  -0.7584075E-0002
     5.66400  -0.4364319E-0002   0.1000855E-0002  -0.1696087E-0002   0.4288361E-0002  -0.3042662E-0001  -0.8620591E-0002
     5.67200  -0.4362111E-0002   0.2760126E-0003  -0.1660645E-0002   0.4430272E-0002  -0.3050407E-0001  -0.9681166E-0002
     5.68000  -0.4365522E-0002  -0.4263598E-0003  -0.1624185E-0002   0.4557450E-0002  -0.3059004E-0001  -0.1074632E-0001
     5.68800  -0.4374323E-0002  -0.1100087E-0002  -0.1586856E-0002   0.4666207E-0002  -0.3068441E-0001  -0.1179672E-0001
     5.69600  -0.4388236E-0002  -0.1739221E-0002  -0.1548831E-0002   0.4753063E-0002  -0.3078692E-0001  -0.1281349E-0001
     5.70400  -0.4406942E-0002  -0.2338213E-0002  -0.1510312E-0002   0.4814910E-0002  -0.3089715E-0001  -0.1377867E-0001
     5.71200  -0.4430079E-0002  -0.2892073E-0002  -0.1471519E-0002   0.4849154E-0002  -0.3101455E-0001  -0.1467554E-0001
     5.72000  -0.4457251E-0002  -0.3396530E-0002  -0.1432688E-0002   0.4853846E-0002  -0.3113846E-0001  -0.1548898E-0001
     5.72800  -0.4488036E-0002  -0.3848156E-0002  -0.1394066E-0002   0.4827784E-0002  -0.3126811E-0001  -0.1620580E-0001
     5.73600  -0.4521992E-0002  -0.4244482E-0002  -0.1355901E-0002   0.4770571E-0002  -0.3140263E-0001  -0.1681502E-0001
     5.74400  -0.4558665E-0002  -0.4584078E-0002  -0.1318440E-0002   0.4682640E-0002  -0.3154110E-0001  -0.1730813E-0001
     5.75200  -0.4597597E-0002  -0.4866607E-0002  -0.1281918E-0002   0.4565236E-0002  -0.3168253E-0001  -0.1767920E-0001
     5.76000  -0.4638340E-0002  -0.5092841E-0002  -0.1246555E-0002   0.4420354E-0002  -0.3182593E-0001  -0.1792510E-0001
     5.76800  -0.4680457E-0002  -0.5264644E-0002  -0.1212550E-0002   0.4250645E-0002  -0.3197029E-0001  -0.1804544E-0001
     5.77600  -0.4723537E-0002  -0.5384923E-0002  -0.1180076E-0002   0.4059292E-0002  -0.3211464E-0001  -0.1804264E-0001
     5.78400  -0.4767197E-0002  -0.5457543E-0002  -0.1149277E-0002   0.3849862E-0002  -0.3225801E-0001  -0.1792175E-0001
     5.79200  -0.4811095E-0002  -0.5487210E-0002  -0.1120268E-0002   0.3626156E-0002  -0.3239953E-0001  -0.1769036E-0001
     5.80000  -0.4854929E-0002  -0.5479332E-0002  -0.1093131E-0002   0.3392045E-0002  -0.3253840E-0001  -0.1735834E-0001
     5.80800  -0.4898448E-0002  -0.5439853E-0002  -0.1067921E-0002   0.3151333E-0002  -0.3267390E-0001  -0.1693753E-0001
     5.81600  -0.4941449E-0002  -0.5375072E-0002  -0.1044660E-0002   0.2907617E-0002  -0.3280543E-0001  -0.1644146E-0001
     5.82400  -0.4983780E-0002  -0.5291455E-0002  -0.1023346E-0002   0.2664188E-0002  -0.3293251E-0001  -0.1588491E-0001
     5.83200  -0.5025344E-0002  -0.5195440E-0002  -0.1003954E-0002   0.2423950E-0002  -0.3305478E-0001  -0.1528355E-0001
     5.84000  -0.5066090E-0002  -0.5093245E-0002  -0.9864395E-0003   0.2189368E-0002  -0.3317201E-0001  -0.1465348E-0001
     5.84800  -0.5106015E-0002  -0.4990687E-0002  -0.9707399E-0003   0.1962457E-0002  -0.3328409E-0001  -0.1401078E-0001
     5.85600  -0.5145160E-0002  -0.4893019E-0002  -0.9567816E-0003   0.1744785E-0002  -0.3339106E-0001  -0.1337114E-0001
     5.86400  -0.5183598E-0002  -0.4804780E-0002  -0.9444816E-0003   0.1537502E-0002  -0.3349306E-0001  -0.1274940E-0001
     5.87200  -0.5221435E-0002  -0.4729675E-0002  -0.9337504E-0003   0.1341394E-0002  -0.3359033E-0001  -0.1215915E-0001
     5.88000  -0.5258799E-0002  -0.4670487E-0002  -0.9244949E-0003   0.1156936E-0002  -0.3368323E-0001  -0.1161245E-0001
     5.88800  -0.5295831E-0002  -0.4629013E-0002  -0.9166201E-0003   0.9843572E-0003  -0.3377219E-0001  -0.1111949E-0001
     5.89600  -0.5332679E-0002  -0.4606032E-0002  -0.9100305E-0003   0.8237035E-0003  -0.3385769E-0001  -0.1068837E-0001
     5.90400  -0.5369490E-0002  -0.4601312E-0002  -0.9046313E-0003   0.6748922E-0003  -0.3394029E-0001  -0.1032489E-0001
     5.91200  -0.5406399E-0002  -0.4613642E-0002  -0.9003292E-0003   0.5377591E-0003  -0.3402055E-0001  -0.1003253E-0001
     5.92000  -0.5443526E-0002  -0.4640892E-0002  -0.8970325E-0003   0.4120931E-0003  -0.3409905E-0001  -0.9812330E-0002
     5.92800  -0.5480967E-0002  -0.4680110E-0002  -0.8946512E-0003   0.2976594E-0003  -0.3417635E-0001  -0.9662950E-0002
     5.93600  -0.5518788E-0002  -0.4727628E-0002  -0.8930975E-0003   0.1942122E-0003  -0.3425300E-0001  -0.9580791E-0002
     5.94400  -0.5557022E-0002  -0.4779199E-0002  -0.8922855E-0003   0.1014974E-0003  -0.3432948E-0001  -0.9560135E-0002
     5.95200  -0.5595663E-0002  -0.4830144E-0002  -0.8921315E-0003   0.1925076E-0004  -0.3440623E-0001  -0.9593382E-0002
     5.96000  -0.5634667E-0002  -0.4875512E-0002  -0.8925540E-0003  -0.5280822E-0004  -0.3448360E-0001  -0.9671317E-0002
     5.96800  -0.5673949E-0002  -0.4910246E-0002  -0.8934739E-0003  -0.1149814E-0003  -0.3456187E-0001  -0.9783430E-0002
     5.97600  -0.5713384E-0002  -0.4929344E-0002  -0.8948146E-0003  -0.1675950E-0003  -0.3464121E-0001  -0.9918267E-0002
     5.98400  -0.5752808E-0002  -0.4928032E-0002  -0.8965026E-0003  -0.2109978E-0003  -0.3472172E-0001  -0.1006380E-0001
     5.99200  -0.5792023E-0002  -0.4901909E-0002  -0.8984670E-0003  -0.2455548E-0003  -0.3480339E-0001  -0.1020781E-0001
     6.00000  -0.5830800E-0002  -0.4847095E-0002  -0.9006401E-0003  -0.2716355E-0003  -0.3488609E-0001  -0.1033827E-0001
     6.00800  -0.5868883E-0002  -0.4760359E-0002  -0.9029569E-0003  -0.2895990E-0003  -0.3496964E-0001  -0.1044371E-0001
     6.01600  -0.5905997E-0002  -0.4639220E-0002  -0.9053551E-0003  -0.2997772E-0003  -0.3505375E-0001  -0.1051359E-0001
     6.02400  -0.5941853E-0002  -0.4482033E-0002  -0.9077748E-0003  -0.3024596E-0003  -0.3513806E-0001  -0.1053858E-0001
     6.03200  -0.5976157E-0002  -0.4288047E-0002  -0.9101579E-0003  -0.2978814E-0003  -0.3522215E-0001  -0.1051085E-0001
     6.04000  -0.6008617E-0002  -0.4057435E-0002  -0.9124476E-0003  -0.2862178E-0003  -0.3530554E-0001  -0.1042431E-0001
     6.04800  -0.6038947E-0002  -0.3791290E-0002  -0.9145883E-0003  -0.2675875E-0003  -0.3538774E-0001  -0.1027476E-0001
     6.05600  -0.6066880E-0002  -0.3491606E-0002  -0.9165248E-0003  -0.2420637E-0003  -0.3546822E-0001  -0.1005998E-0001
     6.06400  -0.6092170E-0002  -0.3161213E-0002  -0.9182024E-0003  -0.2096964E-0003  -0.3554646E-0001  -0.9779822E-0002
     6.07200  -0.6114599E-0002  -0.2803698E-0002  -0.9195667E-0003  -0.1705419E-0003  -0.3562195E-0001  -0.9436131E-0002
     6.08000  -0.6133986E-0002  -0.2423294E-0002  -0.9205643E-0003  -0.1246986E-0003  -0.3569421E-0001  -0.9032705E-0002
     6.08800  -0.6150184E-0002  -0.2024753E-0002  -0.9211431E-0003  -0.7234614E-0004  -0.3576281E-0001  -0.8575131E-0002
     6.09600  -0.6163089E-0002  -0.1613195E-0002  -0.9212534E-0003  -0.1378381E-0004  -0.3582737E-0001  -0.8070591E-0002
     6.10400  -0.6172641E-0002  -0.1193952E-0002  -0.9208491E-0003   0.5053561E-0004  -0.3588759E-0001  -0.7527612E-0002
     6.11200  -0.6178820E-0002  -0.7723966E-0003  -0.9198892E-0003   0.1199805E-0003  -0.3594324E-0001  -0.6955787E-0002
     6.12000  -0.6181650E-0002  -0.3537758E-0003  -0.9183394E-0003   0.1937271E-0003  -0.3599416E-0001  -0.6365452E-0002
     6.12800  -0.6181194E-0002   0.5695599E-0004  -0.9161733E-0003   0.2707599E-0003  -0.3604030E-0001  -0.5767358E-0002
     6.13600  -0.6177552E-0002   0.4552908E-0003  -0.9133742E-0003   0.3498887E-0003  -0.3608168E-0001  -0.5172327E-0002
     6.14400  -0.6170854E-0002   0.8373074E-0003  -0.9099360E-0003   0.4297806E-0003  -0.3611841E-0001  -0.4590909E-0002
     6.15200  -0.6161255E-0002   0.1199790E-0002  -0.9058639E-0003   0.5090063E-0003  -0.3615067E-0001  -0.4033064E-0002
     6.16000  -0.6148933E-0002   0.1540322E-0002  -0.9011751E-0003   0.5860980E-0003  -0.3617874E-0001  -0.3507854E-0002
     6.16800  -0.6134074E-0002   0.1857353E-0002  -0.8958982E-0003   0.6596153E-0003  -0.3620292E-0001  -0.3023182E-0002
     6.17600  -0.6116872E-0002   0.2150231E-0002  -0.8900725E-0003   0.7282131E-0003  -0.3622361E-0001  -0.2585567E-0002
     6.18400  -0.6097518E-0002   0.2419211E-0002  -0.8837468E-0003   0.7907079E-0003  -0.3624121E-0001  -0.2199965E-0002
     6.19200  -0.6076195E-0002   0.2665419E-0002  -0.8769777E-0003   0.8461373E-0003  -0.3625616E-0001  -0.1869654E-0002
     6.20000  -0.6053069E-0002   0.2890799E-0002  -0.8698273E-0003   0.8938063E-0003  -0.3626893E-0001  -0.1596162E-0002
     6.20800  -0.6028285E-0002   0.3098019E-0002  -0.8623607E-0003   0.9333197E-0003  -0.3627997E-0001  -0.1379266E-0002
     6.21600  -0.6001962E-0002   0.3290364E-0002  -0.8546440E-0003   0.9645952E-0003  -0.3628970E-0001  -0.1217037E-0002
     6.22400  -0.5974189E-0002   0.3471594E-0002  -0.8467411E-0003   0.9878585E-0003  -0.3629855E-0001  -0.1105951E-0002
     6.23200  -0.5945022E-0002   0.3645801E-0002  -0.8387122E-0003   0.1003619E-0002  -0.3630688E-0001  -0.1041035E-0002
     6.24000  -0.5914485E-0002   0.3817244E-0002  -0.8306111E-0003   0.1012629E-0002  -0.3631501E-0001  -0.1016074E-0002
     6.24800  -0.5882563E-0002   0.3990185E-0002  -0.8224845E-0003   0.1015831E-0002  -0.3632320E-0001  -0.1023838E-0002
     6.25600  -0.5849213E-0002   0.4168721E-0002  -0.8143701E-0003   0.1014294E-0002  -0.3633165E-0001  -0.1056348E-0002
     6.26400  -0.5814360E-0002   0.4356633E-0002  -0.8062969E-0003   0.1009148E-0002  -0.3634049E-0001  -0.1105157E-0002
     6.27200  -0.5777902E-0002   0.4557234E-0002  -0.7982848E-0003   0.1001515E-0002  -0.3634978E-0001  -0.1161639E-0002
     6.28000  -0.5739716E-0002   0.4773243E-0002  -0.7903452E-0003   0.9924559E-0003  -0.3635952E-0001  -0.1217280E-0002
     6.28800  -0.5699663E-0002   0.5006675E-0002  -0.7824819E-0003   0.9829123E-0003  -0.3636963E-0001  -0.1263955E-0002
     6.29600  -0.5657593E-0002   0.5258759E-0002  -0.7746925E-0003   0.9736766E-0003  -0.3637999E-0001  -0.1294191E-0002
     6.30400  -0.5613354E-0002   0.5529882E-0002  -0.7669695E-0003   0.9653681E-0003  -0.3639040E-0001  -0.1301397E-0002
     6.31200  -0.5566797E-0002   0.5819556E-0002  -0.7593021E-0003   0.9584269E-0003  -0.3640064E-0001  -0.1280061E-0002
     6.32000  -0.5517786E-0002   0.6126425E-0002  -0.7516771E-0003   0.9531233E-0003  -0.3641045E-0001  -0.1225911E-0002
     6.32800  -0.5466200E-0002   0.6448287E-0002  -0.7440805E-0003   0.9495781E-0003  -0.3641953E-0001  -0.1136020E-0002
     6.33600  -0.5411942E-0002   0.6782157E-0002  -0.7364981E-0003   0.9477929E-0003  -0.3642761E-0001  -0.1008870E-0002
     6.34400  -0.5354948E-0002   0.7124347E-0002  -0.7289167E-0003   0.9476846E-0003  -0.3643436E-0001  -0.8443675E-0003
     6.35200  -0.5295183E-0002   0.7470571E-0002  -0.7213237E-0003   0.9491213E-0003  -0.3643951E-0001  -0.6437995E-0003
     6.36000  -0.5232655E-0002   0.7816068E-0002  -0.7137081E-0003   0.9519540E-0003  -0.3644279E-0001  -0.4097511E-0003
     6.36800  -0.5167409E-0002   0.8155747E-0002  -0.7060597E-0003   0.9560417E-0003  -0.3644396E-0001  -0.1459717E-0003
     6.37600  -0.5099534E-0002   0.8484333E-0002  -0.6983696E-0003   0.9612667E-0003  -0.3644281E-0001   0.1427962E-0003
     6.38400  -0.5029162E-0002   0.8796531E-0002  -0.6906293E-0003   0.9675375E-0003  -0.3643921E-0001   0.4510235E-0003
     6.39200  -0.4956464E-0002   0.9087176E-0002  -0.6828310E-0003   0.9747808E-0003  -0.3643302E-0001   0.7726277E-0003
     6.40000  -0.4881653E-0002   0.9351398E-0002  -0.6749677E-0003   0.9829214E-0003  -0.3642421E-0001   0.1101225E-0002
     6.40800  -0.4804975E-0002   0.9584762E-0002  -0.6670328E-0003   0.9918538E-0003  -0.3641277E-0001   0.1430391E-0002
     6.41600  -0.4726708E-0002   0.9783404E-0002  -0.6590216E-0003   0.1001407E-0002  -0.3639874E-0001   0.1753929E-0002
     6.42400  -0.4647155E-0002   0.9944148E-0002  -0.6509311E-0003   0.1011308E-0002  -0.3638221E-0001   0.2066119E-0002
     6.43200  -0.4566638E-0002   0.1006460E-0001  -0.6427619E-0003   0.1021147E-0002  -0.3636332E-0001   0.2361965E-0002
     6.44000  -0.4485492E-0002   0.1014322E-0001  -0.6345192E-0003   0.1030348E-0002  -0.3634222E-0001   0.2637401E-0002
     6.44800  -0.4404057E-0002   0.1017935E-0001  -0.6262140E-0003   0.1038148E-0002  -0.3631910E-0001   0.2889479E-0002
     6.45600  -0.4322671E-0002   0.1017327E-0001  -0.6178652E-0003   0.1043594E-0002  -0.3629417E-0001   0.3116514E-0002
     6.46400  -0.4241662E-0002   0.1012614E-0001  -0.6095008E-0003   0.1045548E-0002  -0.3626762E-0001   0.3318179E-0002
     6.47200  -0.4161342E-0002   0.1003998E-0001  -0.6011592E-0003   0.1042710E-0002  -0.3623966E-0001   0.3495566E-0002
     6.48000  -0.4082001E-0002   0.9917592E-0002  -0.5928899E-0003   0.1033658E-0002  -0.3621045E-0001   0.3651186E-0002
     6.48800  -0.4003901E-0002   0.9762485E-0002  -0.5847547E-0003   0.1016902E-0002  -0.3618014E-0001   0.3788930E-0002
     6.49600  -0.3927272E-0002   0.9578740E-0002  -0.5768272E-0003   0.9909392E-0003  -0.3614883E-0001   0.3913977E-0002
     6.50400  -0.3852304E-0002   0.9370891E-0002  -0.5691925E-0003   0.9543317E-0003  -0.3611656E-0001   0.4032664E-0002
     6.51200  -0.3779154E-0002   0.9143775E-0002  -0.5619463E-0003   0.9057753E-0003  -0.3608335E-0001   0.4152308E-0002
     6.52000  -0.3707935E-0002   0.8902385E-0002  -0.5551929E-0003   0.8441726E-0003  -0.3604910E-0001   0.4281004E-0002
     6.52800  -0.3638721E-0002   0.8651712E-0002  -0.5490433E-0003   0.7687005E-0003  -0.3601368E-0001   0.4427395E-0002
     6.53600  -0.3571549E-0002   0.8396601E-0002  -0.5436124E-0003   0.6788685E-0003  -0.3597688E-0001   0.4600421E-0002
     6.54400  -0.3506416E-0002   0.8141605E-0002  -0.5390158E-0003   0.5745653E-0003  -0.3593840E-0001   0.4809058E-0002
     6.55200  -0.3443289E-0002   0.7890859E-0002  -0.5353671E-0003   0.4560915E-0003  -0.3589791E-0001   0.5062066E-0002
     6.56000  -0.3382105E-0002   0.7647972E-0002  -0.5327737E-0003   0.3241769E-0003  -0.3585496E-0001   0.5367732E-0002
     6.56800  -0.3322778E-0002   0.7415933E-0002  -0.5313338E-0003   0.1799815E-0003  -0.3580910E-0001   0.5733636E-0002
     6.57600  -0.3265201E-0002   0.7197050E-0002  -0.5311332E-0003   0.2508198E-0004  -0.3575976E-0001   0.6166445E-0002
     6.58400  -0.3209258E-0002   0.6992909E-0002  -0.5322417E-0003  -0.1385571E-0003  -0.3570639E-0001   0.6671727E-0002
     6.59200  -0.3154823E-0002   0.6804359E-0002  -0.5347106E-0003  -0.3086237E-0003  -0.3564836E-0001   0.7253810E-0002
     6.60000  -0.3101771E-0002   0.6631527E-0002  -0.5385707E-0003  -0.4825098E-0003  -0.3558503E-0001   0.7915675E-0002
     6.60800  -0.3049980E-0002   0.6473852E-0002  -0.5438297E-0003  -0.6573707E-0003  -0.3551576E-0001   0.8658899E-0002
     6.61600  -0.2999339E-0002   0.6330143E-0002  -0.5504712E-0003  -0.8301905E-0003  -0.3543989E-0001   0.9483629E-0002
     6.62400  -0.2949750E-0002   0.6198657E-0002  -0.5584540E-0003  -0.9978510E-0003  -0.3535679E-0001   0.1038862E-0001
     6.63200  -0.2901132E-0002   0.6077195E-0002  -0.5677116E-0003  -0.1157203E-0002  -0.3526581E-0001   0.1137128E-0001
     6.64000  -0.2853426E-0002   0.5963204E-0002  -0.5781528E-0003  -0.1305140E-0002  -0.3516639E-0001   0.1242779E-0001
     6.64800  -0.2806595E-0002   0.5853889E-0002  -0.5896621E-0003  -0.1438665E-0002  -0.3505797E-0001   0.1355326E-0001
     6.65600  -0.2760625E-0002   0.5746330E-0002  -0.6021018E-0003  -0.1554964E-0002  -0.3494003E-0001   0.1474185E-0001
     6.66400  -0.2715524E-0002   0.5637595E-0002  -0.6153136E-0003  -0.1651470E-0002  -0.3481214E-0001   0.1598701E-0001
     6.67200  -0.2671325E-0002   0.5524850E-0002  -0.6291210E-0003  -0.1725930E-0002  -0.3467388E-0001   0.1728162E-0001
     6.68000  -0.2628081E-0002   0.5405458E-0002  -0.6433327E-0003  -0.1776456E-0002  -0.3452494E-0001   0.1861826E-0001
     6.68800  -0.2585865E-0002   0.5277067E-0002  -0.6577454E-0003  -0.1801589E-0002  -0.3436502E-0001   0.1998942E-0001
     6.69600  -0.2544763E-0002   0.5137685E-0002  -0.6721480E-0003  -0.1800334E-0002  -0.3419392E-0001   0.2138762E-0001
     6.70400  -0.2504878E-0002   0.4985734E-0002  -0.6863257E-0003  -0.1772208E-0002  -0.3401147E-0001   0.2280572E-0001
     6.71200  -0.2466317E-0002   0.4820092E-0002  -0.7000638E-0003  -0.1717259E-0002  -0.3381758E-0001   0.2423699E-0001
     6.72000  -0.2429196E-0002   0.4640115E-0002  -0.7131525E-0003  -0.1636088E-0002  -0.3361218E-0001   0.2567528E-0001
     6.72800  -0.2393631E-0002   0.4445634E-0002  -0.7253913E-0003  -0.1529848E-0002  -0.3339525E-0001   0.2711516E-0001
     6.73600  -0.2359735E-0002   0.4236947E-0002  -0.7365931E-0003  -0.1400231E-0002  -0.3316684E-0001   0.2855196E-0001
     6.74400  -0.2327617E-0002   0.4014783E-0002  -0.7465886E-0003  -0.1249438E-0002  -0.3292698E-0001   0.2998181E-0001
     6.75200  -0.2297375E-0002   0.3780258E-0002  -0.7552297E-0003  -0.1080134E-0002  -0.3267577E-0001   0.3140165E-0001
     6.76000  -0.2269096E-0002   0.3534816E-0002  -0.7623927E-0003  -0.8953811E-0003  -0.3241330E-0001   0.3280920E-0001
     6.76800  -0.2242855E-0002   0.3280162E-0002  -0.7679813E-0003  -0.6985647E-0003  -0.3213967E-0001   0.3420288E-0001
     6.77600  -0.2218710E-0002   0.3018187E-0002  -0.7719276E-0003  -0.4932965E-0003  -0.3185502E-0001   0.3558169E-0001
     6.78400  -0.2196703E-0002   0.2750886E-0002  -0.7741941E-0003  -0.2833137E-0003  -0.3155946E-0001   0.3694511E-0001
     6.79200  -0.2176860E-0002   0.2480280E-0002  -0.7747731E-0003  -0.7236854E-0004  -0.3125312E-0001   0.3829290E-0001
     6.80000  -0.2159194E-0002   0.2208338E-0002  -0.7736860E-0003   0.1358851E-0003  -0.3093612E-0001   0.3962497E-0001
     6.80800  -0.2143698E-0002   0.1936903E-0002  -0.7709820E-0003   0.3380019E-0003  -0.3060859E-0001   0.4094116E-0001
     6.81600  -0.2130357E-0002   0.1667626E-0002  -0.7667352E-0003   0.5308501E-0003  -0.3027066E-0001   0.4224108E-0001
     6.82400  -0.2119142E-0002   0.1401909E-0002  -0.7610416E-0003   0.7117036E-0003  -0.2992247E-0001   0.4352389E-0001
     6.83200  -0.2110015E-0002   0.1140866E-0002  -0.7540150E-0003   0.8783199E-0003  -0.2956416E-0001   0.4478820E-0001
     6.84000  -0.2102933E-0002   0.8852874E-0003  -0.7457830E-0003   0.1028998E-0002  -0.2919591E-0001   0.4603183E-0001
     6.84800  -0.2097848E-0002   0.6356297E-0003  -0.7364821E-0003   0.1162617E-0002  -0.2881789E-0001   0.4725175E-0001
     6.85600  -0.2094712E-0002   0.3920125E-0003  -0.7262529E-0003   0.1278649E-0002  -0.2843034E-0001   0.4844395E-0001
     6.86400  -0.2093478E-0002   0.1542347E-0003  -0.7152357E-0003   0.1377150E-0002  -0.2803352E-0001   0.4960341E-0001
     6.87200  -0.2094103E-0002  -0.7819501E-0004  -0.7035658E-0003   0.1458735E-0002  -0.2762772E-0001   0.5072405E-0001
     6.88000  -0.2096552E-0002  -0.3060161E-0003  -0.6913696E-0003   0.1524520E-0002  -0.2721333E-0001   0.5179878E-0001
     6.88800  -0.2100793E-0002  -0.5301613E-0003  -0.6787611E-0003   0.1576064E-0002  -0.2679078E-0001   0.5281956E-0001
     6.89600  -0.2106806E-0002  -0.7516931E-0003  -0.6658388E-0003   0.1615286E-0002  -0.2636056E-0001   0.5377749E-0001
     6.90400  -0.2114580E-0002  -0.9717338E-0003  -0.6526838E-0003   0.1644378E-0002  -0.2592325E-0001   0.5466297E-0001
     6.91200  -0.2124111E-0002  -0.1191392E-0002  -0.6393581E-0003   0.1665712E-0002  -0.2547952E-0001   0.5546591E-0001
     6.92000  -0.2135405E-0002  -0.1411689E-0002  -0.6259041E-0003   0.1681753E-0002  -0.2503012E-0001   0.5617588E-0001
     6.92800  -0.2148473E-0002  -0.1633486E-0002  -0.6123444E-0003   0.1694966E-0002  -0.2457586E-0001   0.5678243E-0001
     6.93600  -0.2163332E-0002  -0.1857423E-0002  -0.5986825E-0003   0.1707739E-0002  -0.2411766E-0001   0.5727528E-0001
     6.94400  -0.2180003E-0002  -0.2083857E-0002  -0.5849040E-0003   0.1722309E-0002  -0.2365650E-0001   0.5764463E-0001
     6.95200  -0.2198506E-0002  -0.2312820E-0002  -0.5709783E-0003   0.1740705E-0002  -0.2319345E-0001   0.5788141E-0001
     6.96000  -0.2218857E-0002  -0.2543986E-0002  -0.5568608E-0003   0.1764698E-0002  -0.2272963E-0001   0.5797756E-0001
     6.96800  -0.2241071E-0002  -0.2776654E-0002  -0.5424946E-0003   0.1795765E-0002  -0.2226622E-0001   0.5792627E-0001
     6.97600  -0.2265149E-0002  -0.3009748E-0002  -0.5278141E-0003   0.1835063E-0002  -0.2180444E-0001   0.5772221E-0001
     6.98400  -0.2291083E-0002  -0.3241826E-0002  -0.5127468E-0003   0.1883420E-0002  -0.2134555E-0001   0.5736173E-0001
     6.99200  -0.2318852E-0002  -0.3471115E-0002  -0.4972162E-0003   0.1941322E-0002  -0.2089080E-0001   0.5684303E-0001
     7.00000  -0.2348417E-0002  -0.3695556E-0002  -0.4811448E-0003   0.2008923E-0002  -0.2044147E-0001   0.5616629E-0001
     7.00800  -0.2379719E-0002  -0.3912855E-0002  -0.4644564E-0003   0.2086045E-0002  -0.1999880E-0001   0.5533372E-0001
     7.01600  -0.2412684E-0002  -0.4120560E-0002  -0.4470789E-0003   0.2172199E-0002  -0.1956400E-0001   0.5434961E-0001
     7.02400  -0.2447213E-0002  -0.4316132E-0002  -0.4289461E-0003   0.2266594E-0002  -0.1913824E-0001   0.5322032E-0001
     7.03200  -0.2483189E-0002  -0.4497029E-0002  -0.4100008E-0003   0.2368166E-0002  -0.1872261E-0001   0.5195418E-0001
     7.04000  -0.2520476E-0002  -0.4660791E-0002  -0.3901960E-0003   0.2475593E-0002  -0.1831812E-0001   0.5056142E-0001
     7.04800  -0.2558917E-0002  -0.4805130E-0002  -0.3694974E-0003   0.2587328E-0002  -0.1792569E-0001   0.4905397E-0001
     7.05600  -0.2598341E-0002  -0.4928002E-0002  -0.3478844E-0003   0.2701630E-0002  -0.1754612E-0001   0.4744527E-0001
     7.06400  -0.2638562E-0002  -0.5027693E-0002  -0.3253516E-0003   0.2816593E-0002  -0.1718012E-0001   0.4575003E-0001
     7.07200  -0.2679385E-0002  -0.5102879E-0002  -0.3019101E-0003   0.2930192E-0002  -0.1682825E-0001   0.4398400E-0001
     7.08000  -0.2720607E-0002  -0.5152684E-0002  -0.2775875E-0003   0.3040321E-0002  -0.1649094E-0001   0.4216361E-0001
     7.08800  -0.2762020E-0002  -0.5176724E-0002  -0.2524288E-0003   0.3144844E-0002  -0.1616850E-0001   0.4030574E-0001
     7.09600  -0.2803422E-0002  -0.5175133E-0002  -0.2264956E-0003   0.3241644E-0002  -0.1586108E-0001   0.3842736E-0001
     7.10400  -0.2844610E-0002  -0.5148579E-0002  -0.1998662E-0003   0.3328675E-0002  -0.1556871E-0001   0.3654524E-0001
     7.11200  -0.2885396E-0002  -0.5098257E-0002  -0.1726341E-0003   0.3404017E-0002  -0.1529131E-0001   0.3467564E-0001
     7.12000  -0.2925603E-0002  -0.5025877E-0002  -0.1449066E-0003   0.3465930E-0002  -0.1502864E-0001   0.3283406E-0001
     7.12800  -0.2965072E-0002  -0.4933624E-0002  -0.1168035E-0003   0.3512897E-0002  -0.1478036E-0001   0.3103493E-0001
     7.13600  -0.3003665E-0002  -0.4824111E-0002  -0.8845407E-0004   0.3543673E-0002  -0.1454603E-0001   0.2929141E-0001
     7.14400  -0.3041268E-0002  -0.4700320E-0002  -0.5999553E-0004   0.3557317E-0002  -0.1432511E-0001   0.2761518E-0001
     7.15200  -0.3077792E-0002  -0.4565529E-0002  -0.3156979E-0004   0.3553218E-0002  -0.1411697E-0001   0.2601631E-0001
     7.16000  -0.3113178E-0002  -0.4423228E-0002  -0.3320907E-0005   0.3531110E-0002  -0.1392095E-0001   0.2450312E-0001
     7.16800  -0.3147394E-0002  -0.4277032E-0002   0.2460769E-0004   0.3491074E-0002  -0.1373629E-0001   0.2308210E-0001
     7.17600  -0.3180439E-0002  -0.4130590E-0002   0.5207592E-0004   0.3433529E-0002  -0.1356223E-0001   0.2175794E-0001
     7.18400  -0.3212339E-0002  -0.3987486E-0002   0.7894959E-0004   0.3359208E-0002  -0.1339796E-0001   0.2053351E-0001
     7.19200  -0.3243148E-0002  -0.3851152E-0002   0.1051026E-0003   0.3269127E-0002  -0.1324268E-0001   0.1940990E-0001
     7.20000  -0.3272946E-0002  -0.3724773E-0002   0.1304190E-0003   0.3164545E-0002  -0.1309559E-0001   0.1838659E-0001
     7.20800  -0.3301836E-0002  -0.3611207E-0002   0.1547943E-0003   0.3046914E-0002  -0.1295590E-0001   0.1746152E-0001
     7.21600  -0.3329939E-0002  -0.3512911E-0002   0.1781369E-0003   0.2917830E-0002  -0.1282285E-0001   0.1663131E-0001
     7.22400  -0.3357394E-0002  -0.3431878E-0002   0.2003687E-0003   0.2778977E-0002  -0.1269572E-0001   0.1589141E-0001
     7.23200  -0.3384351E-0002  -0.3369588E-0002   0.2214254E-0003   0.2632078E-0002  -0.1257382E-0001   0.1523633E-0001
     7.24000  -0.3410966E-0002  -0.3326972E-0002   0.2412561E-0003   0.2478848E-0002  -0.1245655E-0001   0.1465986E-0001
     7.24800  -0.3437402E-0002  -0.3304393E-0002   0.2598237E-0003   0.2320949E-0002  -0.1234330E-0001   0.1415528E-0001
     7.25600  -0.3463815E-0002  -0.3301643E-0002   0.2771035E-0003   0.2159964E-0002  -0.1223358E-0001   0.1371560E-0001
     7.26400  -0.3490358E-0002  -0.3317959E-0002   0.2930824E-0003   0.1997364E-0002  -0.1212691E-0001   0.1333375E-0001
     7.27200  -0.3517175E-0002  -0.3352047E-0002   0.3077584E-0003   0.1834499E-0002  -0.1202289E-0001   0.1300280E-0001
     7.28000  -0.3544392E-0002  -0.3402132E-0002   0.3211390E-0003   0.1672584E-0002  -0.1192116E-0001   0.1271614E-0001
     7.28800  -0.3572120E-0002  -0.3466015E-0002   0.3332407E-0003   0.1512704E-0002  -0.1182142E-0001   0.1246760E-0001
     7.29600  -0.3600449E-0002  -0.3541142E-0002   0.3440872E-0003   0.1355820E-0002  -0.1172340E-0001   0.1225160E-0001
     7.30400  -0.3629447E-0002  -0.3624684E-0002   0.3537094E-0003   0.1202773E-0002  -0.1162690E-0001   0.1206327E-0001
     7.31200  -0.3659156E-0002  -0.3713626E-0002   0.3621438E-0003   0.1054303E-0002  -0.1153171E-0001   0.1189847E-0001
     7.32000  -0.3689594E-0002  -0.3804857E-0002   0.3694323E-0003   0.9110598E-0003  -0.1143768E-0001   0.1175386E-0001
     7.32800  -0.3720757E-0002  -0.3895265E-0002   0.3756212E-0003   0.7736144E-0003  -0.1134466E-0001   0.1162688E-0001
     7.33600  -0.3752611E-0002  -0.3981824E-0002   0.3807610E-0003   0.6424681E-0003  -0.1125254E-0001   0.1151576E-0001
     7.34400  -0.3785105E-0002  -0.4061688E-0002   0.3849054E-0003   0.5180592E-0003  -0.1116118E-0001   0.1141946E-0001
     7.35200  -0.3818163E-0002  -0.4132265E-0002   0.3881116E-0003   0.4007645E-0003  -0.1107048E-0001   0.1133756E-0001
     7.36000  -0.3851693E-0002  -0.4191292E-0002   0.3904387E-0003   0.2908976E-0003  -0.1098032E-0001   0.1127023E-0001
     7.36800  -0.3885588E-0002  -0.4236893E-0002   0.3919484E-0003   0.1887038E-0003  -0.1089057E-0001   0.1121813E-0001
     7.37600  -0.3919729E-0002  -0.4267626E-0002   0.3927032E-0003   0.9435251E-0004  -0.1080112E-0001   0.1118224E-0001
     7.38400  -0.3953989E-0002  -0.4282516E-0002   0.3927666E-0003   0.7928602E-0005  -0.1071181E-0001   0.1116380E-0001
     7.39200  -0.3988238E-0002  -0.4281071E-0002   0.3922020E-0003  -0.7057639E-0004  -0.1062249E-0001   0.1116420E-0001
     7.40000  -0.4022344E-0002  -0.4263283E-0002   0.3910718E-0003  -0.1412713E-0003  -0.1053301E-0001   0.1118482E-0001
     7.40800  -0.4056181E-0002  -0.4229618E-0002   0.3894369E-0003  -0.2043701E-0003  -0.1044320E-0001   0.1122702E-0001
     7.41600  -0.4089629E-0002  -0.4180989E-0002   0.3873553E-0003  -0.2601923E-0003  -0.1035286E-0001   0.1129194E-0001
     7.42400  -0.4122579E-0002  -0.4118712E-0002   0.3848821E-0003  -0.3091599E-0003  -0.1026182E-0001   0.1138054E-0001
     7.43200  -0.4154935E-0002  -0.4044460E-0002   0.3820677E-0003  -0.3517888E-0003  -0.1016987E-0001   0.1149346E-0001
     7.44000  -0.4186616E-0002  -0.3960199E-0002   0.3789583E-0003  -0.3886764E-0003  -0.1007682E-0001   0.1163102E-0001
     7.44800  -0.4217561E-0002  -0.3868121E-0002   0.3755945E-0003  -0.4204846E-0003  -0.9982477E-0002   0.1179321E-0001
     7.45600  -0.4247726E-0002  -0.3770572E-0002   0.3720111E-0003  -0.4479201E-0003  -0.9886639E-0002   0.1197966E-0001
     7.46400  -0.4277085E-0002  -0.3669975E-0002   0.3682374E-0003  -0.4717121E-0003  -0.9789122E-0002   0.1218967E-0001
     7.47200  -0.4305636E-0002  -0.3568758E-0002   0.3642967E-0003  -0.4925899E-0003  -0.9689744E-0002   0.1242224E-0001
     7.48000  -0.4333390E-0002  -0.3469274E-0002   0.3602066E-0003  -0.5112601E-0003  -0.9588335E-0002   0.1267609E-0001
     7.48800  -0.4360380E-0002  -0.3373740E-0002   0.3559795E-0003  -0.5283867E-0003  -0.9484737E-0002   0.1294975E-0001
     7.49600  -0.4386653E-0002  -0.3284171E-0002   0.3516229E-0003  -0.5445734E-0003  -0.9378804E-0002   0.1324160E-0001
     7.50400  -0.4412272E-0002  -0.3202325E-0002   0.3471401E-0003  -0.5603499E-0003  -0.9270405E-0002   0.1354991E-0001
     7.51200  -0.4437309E-0002  -0.3129660E-0002   0.3425308E-0003  -0.5761631E-0003  -0.9159422E-0002   0.1387294E-0001
     7.52000  -0.4461847E-0002  -0.3067302E-0002   0.3377918E-0003  -0.5923730E-0003  -0.9045750E-0002   0.1420897E-0001
     7.52800  -0.4485975E-0002  -0.3016019E-0002   0.3329178E-0003  -0.6092525E-0003  -0.8929299E-0002   0.1455637E-0001
     7.53600  -0.4509785E-0002  -0.2976215E-0002   0.3279019E-0003  -0.6269929E-0003  -0.8809990E-0002   0.1491363E-0001
     7.54400  -0.4533369E-0002  -0.2947932E-0002   0.3227362E-0003  -0.6457119E-0003  -0.8687755E-0002   0.1527939E-0001
     7.55200  -0.4556816E-0002  -0.2930858E-0002   0.3174124E-0003  -0.6654649E-0003  -0.8562535E-0002   0.1565250E-0001
     7.56000  -0.4580210E-0002  -0.2924356E-0002   0.3119224E-0003  -0.6862580E-0003  -0.8434279E-0002   0.1603195E-0001
     7.56800  -0.4603630E-0002  -0.2927496E-0002   0.3062579E-0003  -0.7080621E-0003  -0.8302944E-0002   0.1641692E-0001
     7.57600  -0.4627143E-0002  -0.2939096E-0002   0.3004113E-0003  -0.7308252E-0003  -0.8168490E-0002   0.1680676E-0001
     7.58400  -0.4650805E-0002  -0.2957768E-0002   0.2943754E-0003  -0.7544855E-0003  -0.8030883E-0002   0.1720089E-0001
     7.59200  -0.4674661E-0002  -0.2981977E-0002   0.2881436E-0003  -0.7789803E-0003  -0.7890092E-0002   0.1759881E-0001
     7.60000  -0.4698742E-0002  -0.3010085E-0002   0.2817095E-0003  -0.8042531E-0003  -0.7746092E-0002   0.1800004E-0001
     7.60800  -0.4723065E-0002  -0.3040420E-0002   0.2750675E-0003  -0.8302579E-0003  -0.7598860E-0002   0.1840401E-0001
     7.61600  -0.4747636E-0002  -0.3071318E-0002   0.2682118E-0003  -0.8569588E-0003  -0.7448379E-0002   0.1881003E-0001
     7.62400  -0.4772445E-0002  -0.3101183E-0002   0.2611372E-0003  -0.8843275E-0003  -0.7294642E-0002   0.1921721E-0001
     7.63200  -0.4797473E-0002  -0.3128528E-0002   0.2538385E-0003  -0.9123377E-0003  -0.7137647E-0002   0.1962438E-0001
     7.64000  -0.4822689E-0002  -0.3152019E-0002   0.2463108E-0003  -0.9409562E-0003  -0.6977406E-0002   0.2003004E-0001
     7.64800  -0.4848054E-0002  -0.3170502E-0002   0.2385498E-0003  -0.9701330E-0003  -0.6813948E-0002   0.2043232E-0001
     7.65600  -0.4873518E-0002  -0.3183030E-0002   0.2305514E-0003  -0.9997900E-0003  -0.6647316E-0002   0.2082892E-0001
     7.66400  -0.4899029E-0002  -0.3188877E-0002   0.2223130E-0003  -0.1029809E-0002  -0.6477579E-0002   0.2121712E-0001
     7.67200  -0.4924529E-0002  -0.3187542E-0002   0.2138328E-0003  -0.1060021E-0002  -0.6304830E-0002   0.2159372E-0001
     7.68000  -0.4949959E-0002  -0.3178746E-0002   0.2051112E-0003  -0.1090195E-0002  -0.6129189E-0002   0.2195514E-0001
     7.68800  -0.4975258E-0002  -0.3162417E-0002   0.1961510E-0003  -0.1120033E-0002  -0.5950810E-0002   0.2229737E-0001
     7.69600  -0.5000368E-0002  -0.3138674E-0002   0.1869577E-0003  -0.1149162E-0002  -0.5769881E-0002   0.2261608E-0001
     7.70400  -0.5025230E-0002  -0.3107794E-0002   0.1775406E-0003  -0.1177133E-0002  -0.5586627E-0002   0.2290670E-0001
     7.71200  -0.5049792E-0002  -0.3070185E-0002   0.1679132E-0003  -0.1203423E-0002  -0.5401312E-0002   0.2316447E-0001
     7.72000  -0.5074002E-0002  -0.3026348E-0002   0.1580937E-0003  -0.1227442E-0002  -0.5214235E-0002   0.2338458E-0001
     7.72800  -0.5097817E-0002  -0.2976841E-0002   0.1481054E-0003  -0.1248542E-0002  -0.5025736E-0002   0.2356231E-0001
     7.73600  -0.5121195E-0002  -0.2922237E-0002   0.1379771E-0003  -0.1266031E-0002  -0.4836192E-0002   0.2369312E-0001
     7.74400  -0.5144100E-0002  -0.2863092E-0002   0.1277436E-0003  -0.1279192E-0002  -0.4646009E-0002   0.2377280E-0001
     7.75200  -0.5166499E-0002  -0.2799913E-0002   0.1174451E-0003  -0.1287304E-0002  -0.4455628E-0002   0.2379765E-0001
     7.76000  -0.5188364E-0002  -0.2733124E-0002   0.1071278E-0003  -0.1289666E-0002  -0.4265512E-0002   0.2376454E-0001
     7.76800  -0.5209668E-0002  -0.2663048E-0002   0.9684283E-0004  -0.1285624E-0002  -0.4076143E-0002   0.2367110E-0001
     7.77600  -0.5230388E-0002  -0.2589890E-0002   0.8664605E-0004  -0.1274598E-0002  -0.3888017E-0002   0.2351577E-0001
     7.78400  -0.5250497E-0002  -0.2513729E-0002   0.7659716E-0004  -0.1256110E-0002  -0.3701633E-0002   0.2329797E-0001
     7.79200  -0.5269974E-0002  -0.2434518E-0002   0.6675868E-0004  -0.1229810E-0002  -0.3517488E-0002   0.2301810E-0001
     7.80000  -0.5288790E-0002  -0.2352092E-0002   0.5719470E-0004  -0.1195499E-0002  -0.3336067E-0002   0.2267764E-0001
     7.80800  -0.5306920E-0002  -0.2266183E-0002   0.4796950E-0004  -0.1153149E-0002  -0.3157834E-0002   0.2227913E-0001
     7.81600  -0.5324331E-0002  -0.2176443E-0002   0.3914612E-0004  -0.1102923E-0002  -0.2983224E-0002   0.2182620E-0001
     7.82400  -0.5340991E-0002  -0.2082473E-0002   0.3078470E-0004  -0.1045177E-0002  -0.2812636E-0002   0.2132351E-0001
     7.83200  -0.5356862E-0002  -0.1983857E-0002   0.2294093E-0004  -0.9804705E-0003  -0.2646422E-0002   0.2077671E-0001
     7.84000  -0.5371904E-0002  -0.1880198E-0002   0.1566449E-0004  -0.9095556E-0003  -0.2484884E-0002   0.2019231E-0001
     7.84800  -0.5386073E-0002  -0.1771161E-0002   0.8997523E-0005  -0.8333703E-0003  -0.2328263E-0002   0.1957756E-0001
     7.85600  -0.5399325E-0002  -0.1656508E-0002   0.2973390E-0005  -0.7530166E-0003  -0.2176741E-0002   0.1894035E-0001
     7.86400  -0.5411614E-0002  -0.1536140E-0002  -0.2384489E-0005  -0.6697349E-0003  -0.2030429E-0002   0.1828899E-0001
     7.87200  -0.5422895E-0002  -0.1410131E-0002  -0.7063461E-0005  -0.5848715E-0003  -0.1889372E-0002   0.1763207E-0001
     7.88000  -0.5433125E-0002  -0.1278762E-0002  -0.1106218E-0004  -0.4998403E-0003  -0.1753546E-0002   0.1697822E-0001
     7.88800  -0.5442265E-0002  -0.1142538E-0002  -0.1439084E-0004  -0.4160817E-0003  -0.1622859E-0002   0.1633595E-0001
     7.89600  -0.5450283E-0002  -0.1002213E-0002  -0.1707098E-0004  -0.3350182E-0003  -0.1497151E-0002   0.1571345E-0001
     7.90400  -0.5457154E-0002  -0.8587954E-0003  -0.1913507E-0004  -0.2580104E-0003  -0.1376204E-0002   0.1511835E-0001
     7.91200  -0.5462862E-0002  -0.7135452E-0003  -0.2062558E-0004  -0.1863142E-0003  -0.1259744E-0002   0.1455758E-0001
     7.92000  -0.5467406E-0002  -0.5679666E-0003  -0.2159391E-0004  -0.1210408E-0003  -0.1147446E-0002   0.1403720E-0001
     7.92800  -0.5470796E-0002  -0.4237862E-0003  -0.2209888E-0004  -0.6312210E-0004  -0.1038948E-0002   0.1356221E-0001
     7.93600  -0.5473059E-0002  -0.2829232E-0003  -0.2220514E-0004  -0.1328187E-0004  -0.9338564E-0003   0.1313650E-0001
     7.94400  -0.5474239E-0002  -0.1474511E-0003  -0.2198126E-0004   0.2798483E-0004  -0.8317550E-0003   0.1276268E-0001
     7.95200  -0.5474395E-0002  -0.1955082E-0004  -0.2149786E-0004   0.6042451E-0004  -0.7322183E-0003   0.1244208E-0001
     7.96000  -0.5473607E-0002   0.9854233E-0004  -0.2082563E-0004   0.8402895E-0004  -0.6348205E-0003   0.1217472E-0001
     7.96800  -0.5471970E-0002   0.2045966E-0003  -0.2003339E-0004   0.9903012E-0004  -0.5391462E-0003   0.1195930E-0001
     7.97600  -0.5469599E-0002   0.2964454E-0003  -0.1918630E-0004   0.1058865E-0003  -0.4448003E-0003   0.1179323E-0001
     7.98400  -0.5466622E-0002   0.3720491E-0003  -0.1834421E-0004   0.1052617E-0003  -0.3514179E-0003   0.1167279E-0001
     7.99200  -0.5463186E-0002   0.4295576E-0003  -0.1756024E-0004   0.9799586E-0004  -0.2586726E-0003   0.1159317E-0001
     8.00000  -0.5459447E-0002   0.4673680E-0003  -0.1687966E-0004   0.8507214E-0004  -0.1662837E-0003   0.1154862E-0001
     8.00800  -0.5455573E-0002   0.4841794E-0003  -0.1633903E-0004   0.6757851E-0004  -0.7402230E-0004   0.1153267E-0001
     8.01600  -0.5451741E-0002   0.4790392E-0003  -0.1596570E-0004   0.4666735E-0004   0.1828393E-0004   0.1153828E-0001
     8.02400  -0.5448130E-0002   0.4513821E-0003  -0.1577758E-0004   0.2351400E-0004   0.1107483E-0003   0.1155805E-0001
     8.03200  -0.5444922E-0002   0.4010590E-0003  -0.1578338E-0004  -0.7240221E-0006   0.2034239E-0003   0.1158445E-0001
     8.04000  -0.5442295E-0002   0.3283548E-0003  -0.1598294E-0004  -0.2494582E-0004   0.2963040E-0003   0.1161001E-0001
     8.04800  -0.5440423E-0002   0.2339947E-0003  -0.1636808E-0004  -0.4814258E-0004   0.3893248E-0003   0.1162759E-0001
     8.05600  -0.5439470E-0002   0.1191386E-0003  -0.1692351E-0004  -0.6942866E-0004   0.4823689E-0003   0.1163051E-0001
     8.06400  -0.5439587E-0002  -0.1463648E-0004  -0.1762805E-0004  -0.8806748E-0004   0.5752714E-0003   0.1161281E-0001
     8.07200  -0.5440910E-0002  -0.1653652E-0003  -0.1845598E-0004  -0.1034916E-0003   0.6678266E-0003   0.1156940E-0001
     8.08000  -0.5443556E-0002  -0.3307342E-0003  -0.1937852E-0004  -0.1153164E-0003   0.7597958E-0003   0.1149616E-0001
     8.08800  -0.5447621E-0002  -0.5081308E-0003  -0.2036530E-0004  -0.1233480E-0003   0.8509170E-0003   0.1139014E-0001
     8.09600  -0.5453178E-0002  -0.6947013E-0003  -0.2138597E-0004  -0.1275841E-0003   0.9409137E-0003   0.1124958E-0001
     8.10400  -0.5460278E-0002  -0.8874145E-0003  -0.2241165E-0004  -0.1282091E-0003   0.1029506E-0002   0.1107398E-0001
     8.11200  -0.5468943E-0002  -0.1083131E-0002  -0.2341632E-0004  -0.1255838E-0003   0.1116418E-0002   0.1086411E-0001
     8.12000  -0.5479172E-0002  -0.1278674E-0002  -0.2437815E-0004  -0.1202292E-0003   0.1201394E-0002   0.1062196E-0001
     8.12800  -0.5490939E-0002  -0.1470903E-0002  -0.2528060E-0004  -0.1128062E-0003   0.1284200E-0002   0.1035075E-0001
     8.13600  -0.5504193E-0002  -0.1656784E-0002  -0.2611333E-0004  -0.1040909E-0003   0.1364638E-0002   0.1005474E-0001
     8.14400  -0.5518861E-0002  -0.1833460E-0002  -0.2687290E-0004  -0.9494698E-0004   0.1442551E-0002   0.9739175E-0002
     8.15200  -0.5534848E-0002  -0.1998310E-0002  -0.2756327E-0004  -0.8629546E-0004   0.1517832E-0002   0.9410093E-0002
     8.16000  -0.5552040E-0002  -0.2149009E-0002  -0.2819593E-0004  -0.7908264E-0004   0.1590425E-0002   0.9074164E-0002
     8.16800  -0.5570308E-0002  -0.2283576E-0002  -0.2878991E-0004  -0.7424758E-0004   0.1660333E-0002   0.8738489E-0002
     8.17600  -0.5589512E-0002  -0.2400415E-0002  -0.2937143E-0004  -0.7268957E-0004   0.1727617E-0002   0.8410389E-0002
     8.18400  -0.5609498E-0002  -0.2498341E-0002  -0.2997332E-0004  -0.7523673E-0004   0.1792394E-0002   0.8097195E-0002
     8.19200  -0.5630111E-0002  -0.2576601E-0002  -0.3063425E-0004  -0.8261664E-0004   0.1854842E-0002   0.7806033E-0002
     8.20000  -0.5651190E-0002  -0.2634883E-0002  -0.3139769E-0004  -0.9542987E-0004   0.1915191E-0002   0.7543609E-0002
     8.20800  -0.5672577E-0002  -0.2673309E-0002  -0.3231071E-0004  -0.1141274E-0003   0.1973719E-0002   0.7316020E-0002
     8.21600  -0.5694116E-0002  -0.2692423E-0002  -0.3342265E-0004  -0.1389925E-0003   0.2030748E-0002   0.7128569E-0002
     8.22400  -0.5715661E-0002  -0.2693165E-0002  -0.3478368E-0004  -0.1701283E-0003   0.2086633E-0002   0.6985608E-0002
     8.23200  -0.5737076E-0002  -0.2676835E-0002  -0.3644328E-0004  -0.2074506E-0003   0.2141756E-0002   0.6890408E-0002
     8.24000  -0.5758236E-0002  -0.2645053E-0002  -0.3844878E-0004  -0.2506878E-0003   0.2196517E-0002   0.6845058E-0002
     8.24800  -0.5779034E-0002  -0.2599703E-0002  -0.4084387E-0004  -0.2993863E-0003   0.2251320E-0002   0.6850397E-0002
     8.25600  -0.5799377E-0002  -0.2542879E-0002  -0.4366726E-0004  -0.3529232E-0003   0.2306568E-0002   0.6905982E-0002
     8.26400  -0.5819192E-0002  -0.2476825E-0002  -0.4695146E-0004  -0.4105247E-0003   0.2362648E-0002   0.7010086E-0002
     8.27200  -0.5838423E-0002  -0.2403864E-0002  -0.5072178E-0004  -0.4712898E-0003   0.2419926E-0002   0.7159743E-0002
     8.28000  -0.5857033E-0002  -0.2326341E-0002  -0.5499553E-0004  -0.5342192E-0003   0.2478733E-0002   0.7350810E-0002
     8.28800  -0.5875006E-0002  -0.2246552E-0002  -0.5978152E-0004  -0.5982481E-0003   0.2539357E-0002   0.7578077E-0002
     8.29600  -0.5892339E-0002  -0.2166682E-0002  -0.6507977E-0004  -0.6622816E-0003   0.2602040E-0002   0.7835393E-0002
     8.30400  -0.5909049E-0002  -0.2088751E-0002  -0.7088162E-0004  -0.7252310E-0003   0.2666967E-0002   0.8115822E-0002
     8.31200  -0.5925166E-0002  -0.2014560E-0002  -0.7717002E-0004  -0.7860508E-0003   0.2734262E-0002   0.8411819E-0002
     8.32000  -0.5940731E-0002  -0.1945644E-0002  -0.8392021E-0004  -0.8437738E-0003   0.2803985E-0002   0.8715420E-0002
     8.32800  -0.5955797E-0002  -0.1883236E-0002  -0.9110057E-0004  -0.8975439E-0003   0.2876132E-0002   0.9018439E-0002
     8.33600  -0.5970423E-0002  -0.1828242E-0002  -0.9867372E-0004  -0.9466439E-0003   0.2950634E-0002   0.9312674E-0002
     8.34400  -0.5984673E-0002  -0.1781223E-0002  -0.1065979E-0003  -0.9905192E-0003   0.3027355E-0002   0.9590103E-0002
     8.35200  -0.5998612E-0002  -0.1742386E-0002  -0.1148282E-0003  -0.1028795E-0002   0.3106099E-0002   0.9843086E-0002
     8.36000  -0.6012304E-0002  -0.1711589E-0002  -0.1233185E-0003  -0.1061285E-0002   0.3186616E-0002   0.1006454E-0001
     8.36800  -0.6025811E-0002  -0.1688354E-0002  -0.1320225E-0003  -0.1087997E-0002   0.3268600E-0002   0.1024809E-0001
     8.37600  -0.6039186E-0002  -0.1671893E-0002  -0.1408955E-0003  -0.1109127E-0002   0.3351706E-0002   0.1038824E-0001
     8.38400  -0.6052475E-0002  -0.1661136E-0002  -0.1498959E-0003  -0.1125048E-0002   0.3435550E-0002   0.1048048E-0001
     8.39200  -0.6065714E-0002  -0.1654772E-0002  -0.1589862E-0003  -0.1136290E-0002   0.3519721E-0002   0.1052136E-0001
     8.40000  -0.6078924E-0002  -0.1651296E-0002  -0.1681344E-0003  -0.1143522E-0002   0.3603790E-0002   0.1050855E-0001
     8.40800  -0.6092116E-0002  -0.1649059E-0002  -0.1773145E-0003  -0.1147515E-0002   0.3687317E-0002   0.1044090E-0001
     8.41600  -0.6105287E-0002  -0.1646320E-0002  -0.1865074E-0003  -0.1149118E-0002   0.3769864E-0002   0.1031840E-0001
     8.42400  -0.6118417E-0002  -0.1641305E-0002  -0.1957012E-0003  -0.1149216E-0002   0.3851001E-0002   0.1014217E-0001
     8.43200  -0.6131475E-0002  -0.1632258E-0002  -0.2048908E-0003  -0.1148699E-0002   0.3930316E-0002   0.9914402E-0002
     8.44000  -0.6144415E-0002  -0.1617500E-0002  -0.2140782E-0003  -0.1148428E-0002   0.4007423E-0002   0.9638263E-0002
     8.44800  -0.6157179E-0002  -0.1595476E-0002  -0.2232718E-0003  -0.1149197E-0002   0.4081965E-0002   0.9317784E-0002
     8.45600  -0.6169698E-0002  -0.1564800E-0002  -0.2324854E-0003  -0.1151709E-0002   0.4153627E-0002   0.8957740E-0002
     8.46400  -0.6181892E-0002  -0.1524301E-0002  -0.2417379E-0003  -0.1156551E-0002   0.4222135E-0002   0.8563498E-0002
     8.47200  -0.6193677E-0002  -0.1473054E-0002  -0.2510512E-0003  -0.1164169E-0002   0.4287262E-0002   0.8140865E-0002
     8.48000  -0.6204960E-0002  -0.1410405E-0002  -0.2604501E-0003  -0.1174865E-0002   0.4348829E-0002   0.7695924E-0002
     8.48800  -0.6215648E-0002  -0.1335995E-0002  -0.2699604E-0003  -0.1188784E-0002   0.4406708E-0002   0.7234868E-0002
     8.49600  -0.6225646E-0002  -0.1249766E-0002  -0.2796077E-0003  -0.1205919E-0002   0.4460819E-0002   0.6763844E-0002
     8.50400  -0.6234862E-0002  -0.1151972E-0002  -0.2894167E-0003  -0.1226116E-0002   0.4511129E-0002   0.6288792E-0002
     8.51200  -0.6243207E-0002  -0.1043165E-0002  -0.2994094E-0003  -0.1249094E-0002   0.4557652E-0002   0.5815308E-0002
     8.52000  -0.6250600E-0002  -0.9241903E-0003  -0.3096051E-0003  -0.1274458E-0002   0.4600440E-0002   0.5348513E-0002
     8.52800  -0.6256970E-0002  -0.7961665E-0003  -0.3200189E-0003  -0.1301728E-0002   0.4639583E-0002   0.4892946E-0002
     8.53600  -0.6262253E-0002  -0.6604580E-0003  -0.3306619E-0003  -0.1330367E-0002   0.4675203E-0002   0.4452476E-0002
     8.54400  -0.6266403E-0002  -0.5186463E-0003  -0.3415403E-0003  -0.1359808E-0002   0.4707445E-0002   0.4030232E-0002
     8.55200  -0.6269383E-0002  -0.3724948E-0003  -0.3526562E-0003  -0.1389483E-0002   0.4736473E-0002   0.3628570E-0002
     8.56000  -0.6271174E-0002  -0.2239098E-0003  -0.3640070E-0003  -0.1418855E-0002   0.4762466E-0002   0.3249048E-0002
     8.56800  -0.6271773E-0002  -0.7489946E-0004  -0.3755866E-0003  -0.1447441E-0002   0.4785605E-0002   0.2892438E-0002
     8.57600  -0.6271193E-0002   0.7246968E-0004  -0.3873852E-0003  -0.1474833E-0002   0.4806075E-0002   0.2558757E-0002
     8.58400  -0.6269464E-0002   0.2161160E-0003  -0.3993910E-0003  -0.1500716E-0002   0.4824054E-0002   0.2247319E-0002
     8.59200  -0.6266632E-0002   0.3539865E-0003  -0.4115900E-0003  -0.1524879E-0002   0.4839708E-0002   0.1956806E-0002
     8.60000  -0.6262760E-0002   0.4840983E-0003  -0.4239677E-0003  -0.1547218E-0002   0.4853191E-0002   0.1685360E-0002
     8.60800  -0.6257923E-0002   0.6045791E-0003  -0.4365096E-0003  -0.1567734E-0002   0.4864637E-0002   0.1430685E-0002
     8.61600  -0.6252213E-0002   0.7137038E-0003  -0.4492018E-0003  -0.1586528E-0002   0.4874158E-0002   0.1190160E-0002
     8.62400  -0.6245734E-0002   0.8099273E-0003  -0.4620321E-0003  -0.1603784E-0002   0.4881846E-0002   0.9609581E-0003
     8.63200  -0.6238599E-0002   0.8919135E-0003  -0.4749901E-0003  -0.1619755E-0002   0.4887767E-0002   0.7401713E-0003
     8.64000  -0.6230930E-0002   0.9585586E-0003  -0.4880680E-0003  -0.1634738E-0002   0.4891967E-0002   0.5249309E-0003
     8.64800  -0.6222858E-0002   0.1009010E-0002  -0.5012605E-0003  -0.1649056E-0002   0.4894467E-0002   0.3125247E-0003
     8.65600  -0.6214517E-0002   0.1042677E-0002  -0.5145648E-0003  -0.1663033E-0002   0.4895271E-0002   0.1005065E-0003
     8.66400  -0.6206043E-0002   0.1059239E-0002  -0.5279805E-0003  -0.1676969E-0002   0.4894365E-0002  -0.1132068E-0003
     8.67200  -0.6197574E-0002   0.1058648E-0002  -0.5415095E-0003  -0.1691129E-0002   0.4891723E-0002  -0.3302506E-0003
     8.68000  -0.6189245E-0002   0.1041120E-0002  -0.5551553E-0003  -0.1705720E-0002   0.4887309E-0002  -0.5517451E-0003
     8.68800  -0.6181188E-0002   0.1007127E-0002  -0.5689224E-0003  -0.1720881E-0002   0.4881083E-0002  -0.7782448E-0003
     8.69600  -0.6173529E-0002   0.9573790E-0003  -0.5828158E-0003  -0.1736683E-0002   0.4873006E-0002  -0.1009708E-0002
     8.70400  -0.6166386E-0002   0.8928085E-0003  -0.5968408E-0003  -0.1753122E-0002   0.4863042E-0002  -0.1245483E-0002
     8.71200  -0.6159870E-0002   0.8145428E-0003  -0.6110018E-0003  -0.1770124E-0002   0.4851167E-0002  -0.1484319E-0002
     8.72000  -0.6154079E-0002   0.7238781E-0003  -0.6253022E-0003  -0.1787558E-0002   0.4837372E-0002  -0.1724389E-0002
     8.72800  -0.6149101E-0002   0.6222497E-0003  -0.6397442E-0003  -0.1805244E-0002   0.4821665E-0002  -0.1963337E-0002
     8.73600  -0.6145011E-0002   0.5112007E-0003  -0.6543280E-0003  -0.1822973E-0002   0.4804079E-0002  -0.2198336E-0002
     8.74400  -0.6141872E-0002   0.3923499E-0003  -0.6690521E-0003  -0.1840516E-0002   0.4784669E-0002  -0.2426164E-0002
     8.75200  -0.6139734E-0002   0.2673588E-0003  -0.6839133E-0003  -0.1857645E-0002   0.4763523E-0002  -0.2643290E-0002
     8.76000  -0.6138630E-0002   0.1379002E-0003  -0.6989064E-0003  -0.1874146E-0002   0.4740755E-0002  -0.2845970E-0002
     8.76800  -0.6138585E-0002   0.5626880E-0005  -0.7140251E-0003  -0.1889831E-0002   0.4716512E-0002  -0.3030346E-0002
     8.77600  -0.6139608E-0002  -0.1278567E-0003  -0.7292614E-0003  -0.1904545E-0002   0.4690972E-0002  -0.3192559E-0002
     8.78400  -0.6141696E-0002  -0.2610214E-0003  -0.7446068E-0003  -0.1918170E-0002   0.4664341E-0002  -0.3328847E-0002
     8.79200  -0.6144836E-0002  -0.3924377E-0003  -0.7600518E-0003  -0.1930626E-0002   0.4636856E-0002  -0.3435655E-0002
     8.80000  -0.6149002E-0002  -0.5207960E-0003  -0.7755867E-0003  -0.1941866E-0002   0.4608778E-0002  -0.3509734E-0002
     8.80800  -0.6154162E-0002  -0.6449252E-0003  -0.7912017E-0003  -0.1951865E-0002   0.4580392E-0002  -0.3548230E-0002
     8.81600  -0.6160272E-0002  -0.7638068E-0003  -0.8068865E-0003  -0.1960609E-0002   0.4552002E-0002  -0.3548769E-0002
     8.82400  -0.6167285E-0002  -0.8765865E-0003  -0.8226312E-0003  -0.1968086E-0002   0.4523926E-0002  -0.3509527E-0002
     8.83200  -0.6175145E-0002  -0.9825815E-0003  -0.8384254E-0003  -0.1974265E-0002   0.4496492E-0002  -0.3429289E-0002
     8.84000  -0.6183796E-0002  -0.1081286E-0002  -0.8542580E-0003  -0.1979085E-0002   0.4470032E-0002  -0.3307489E-0002
     8.84800  -0.6193175E-0002  -0.1172372E-0002  -0.8701176E-0003  -0.1982445E-0002   0.4444878E-0002  -0.3144241E-0002
     8.85600  -0.6203220E-0002  -0.1255687E-0002  -0.8859911E-0003  -0.1984191E-0002   0.4421355E-0002  -0.2940347E-0002
     8.86400  -0.6213870E-0002  -0.1331254E-0002  -0.9018641E-0003  -0.1984116E-0002   0.4399777E-0002  -0.2697296E-0002
     8.87200  -0.6225064E-0002  -0.1399258E-0002  -0.9177197E-0003  -0.1981952E-0002   0.4380439E-0002  -0.2417242E-0002
     8.88000  -0.6236745E-0002  -0.1460041E-0002  -0.9335388E-0003  -0.1977384E-0002   0.4363615E-0002  -0.2102972E-0002
     8.88800  -0.6248857E-0002  -0.1514090E-0002  -0.9492992E-0003  -0.1970050E-0002   0.4349552E-0002  -0.1757852E-0002
     8.89600  -0.6261353E-0002  -0.1562023E-0002  -0.9649756E-0003  -0.1959560E-0002   0.4338466E-0002  -0.1385773E-0002
     8.90400  -0.6274190E-0002  -0.1604571E-0002  -0.9805397E-0003  -0.1945508E-0002   0.4330537E-0002  -0.9910713E-0003
     8.91200  -0.6287331E-0002  -0.1642562E-0002  -0.9959597E-0003  -0.1927497E-0002   0.4325910E-0002  -0.5784543E-0003
     8.92000  -0.6300746E-0002  -0.1676905E-0002  -0.1011201E-0002  -0.1905154E-0002   0.4324686E-0002  -0.1529069E-0003
     8.92800  -0.6314414E-0002  -0.1708564E-0002  -0.1026226E-0002  -0.1878152E-0002   0.4326930E-0002   0.2803993E-0003
     8.93600  -0.6328323E-0002  -0.1738540E-0002  -0.1040996E-0002  -0.1846231E-0002   0.4332659E-0002   0.7162028E-0003
     8.94400  -0.6342465E-0002  -0.1767850E-0002  -0.1055470E-0002  -0.1809211E-0002   0.4341853E-0002   0.1149249E-0002
     8.95200  -0.6356845E-0002  -0.1797502E-0002  -0.1069606E-0002  -0.1767007E-0002   0.4354448E-0002   0.1574386E-0002
     8.96000  -0.6371473E-0002  -0.1828473E-0002  -0.1083363E-0002  -0.1719636E-0002   0.4370342E-0002   0.1986656E-0002
     8.96800  -0.6386367E-0002  -0.1861688E-0002  -0.1096701E-0002  -0.1667224E-0002   0.4389393E-0002   0.2381380E-0002
     8.97600  -0.6401551E-0002  -0.1897996E-0002  -0.1109581E-0002  -0.1609998E-0002   0.4411427E-0002   0.2754244E-0002
     8.98400  -0.6417056E-0002  -0.1938152E-0002  -0.1121967E-0002  -0.1548289E-0002   0.4436237E-0002   0.3101361E-0002
     8.99200  -0.6432918E-0002  -0.1982798E-0002  -0.1133827E-0002  -0.1482515E-0002   0.4463592E-0002   0.3419338E-0002
     9.00000  -0.6449178E-0002  -0.2032443E-0002  -0.1145132E-0002  -0.1413171E-0002   0.4493235E-0002   0.3705327E-0002
     9.00800  -0.6465877E-0002  -0.2087452E-0002  -0.1155859E-0002  -0.1340812E-0002   0.4524891E-0002   0.3957061E-0002
     9.01600  -0.6483062E-0002  -0.2148032E-0002  -0.1165987E-0002  -0.1266036E-0002   0.4558274E-0002   0.4172881E-0002
     9.02400  -0.6500776E-0002  -0.2214225E-0002  -0.1175503E-0002  -0.1189466E-0002   0.4593088E-0002   0.4351757E-0002
     9.03200  -0.6519063E-0002  -0.2285899E-0002  -0.1184397E-0002  -0.1111733E-0002   0.4629035E-0002   0.4493282E-0002
     9.04000  -0.6537965E-0002  -0.2362752E-0002  -0.1192664E-0002  -0.1033459E-0002   0.4665816E-0002   0.4597672E-0002
     9.04800  -0.6557519E-0002  -0.2444308E-0002  -0.1200306E-0002  -0.9552434E-0003   0.4703142E-0002   0.4665741E-0002
     9.05600  -0.6577759E-0002  -0.2529925E-0002  -0.1207328E-0002  -0.8776501E-0003   0.4740733E-0002   0.4698872E-0002
     9.06400  -0.6598709E-0002  -0.2618805E-0002  -0.1213737E-0002  -0.8011993E-0003   0.4778325E-0002   0.4698976E-0002
     9.07200  -0.6620389E-0002  -0.2710008E-0002  -0.1219548E-0002  -0.7263600E-0003   0.4815672E-0002   0.4668447E-0002
     9.08000  -0.6642809E-0002  -0.2802463E-0002  -0.1224776E-0002  -0.6535456E-0003   0.4852553E-0002   0.4610100E-0002
     9.08800  -0.6665969E-0002  -0.2894997E-0002  -0.1229441E-0002  -0.5831116E-0003   0.4888770E-0002   0.4527113E-0002
     9.09600  -0.6689860E-0002  -0.2986348E-0002  -0.1233564E-0002  -0.5153550E-0003   0.4924154E-0002   0.4422958E-0002
     9.10400  -0.6714461E-0002  -0.3075195E-0002  -0.1237168E-0002  -0.4505145E-0003   0.4958564E-0002   0.4301330E-0002
     9.11200  -0.6739743E-0002  -0.3160183E-0002  -0.1240278E-0002  -0.3887720E-0003   0.4991893E-0002   0.4166070E-0002
     9.12000  -0.6765662E-0002  -0.3239955E-0002  -0.1242921E-0002  -0.3302547E-0003   0.5024062E-0002   0.4021095E-0002
     9.12800  -0.6792168E-0002  -0.3313172E-0002  -0.1245121E-0002  -0.2750367E-0003   0.5055024E-0002   0.3870321E-0002
     9.13600  -0.6819196E-0002  -0.3378552E-0002  -0.1246906E-0002  -0.2231419E-0003   0.5084765E-0002   0.3717589E-0002
     9.14400  -0.6846675E-0002  -0.3434890E-0002  -0.1248302E-0002  -0.1745463E-0003   0.5113298E-0002   0.3566594E-0002
     9.15200  -0.6874524E-0002  -0.3481091E-0002  -0.1249336E-0002  -0.1291806E-0003   0.5140664E-0002   0.3420824E-0002
     9.16000  -0.6902653E-0002  -0.3516190E-0002  -0.1250031E-0002  -0.8693407E-0004   0.5166932E-0002   0.3283490E-0002
     9.16800  -0.6930968E-0002  -0.3539380E-0002  -0.1250412E-0002  -0.4765817E-0004   0.5192192E-0002   0.3157480E-0002
     9.17600  -0.6959369E-0002  -0.3550026E-0002  -0.1250502E-0002  -0.1117184E-0004   0.5216554E-0002   0.3045303E-0002
     9.18400  -0.6987750E-0002  -0.3547685E-0002  -0.1250320E-0002   0.2273236E-0004   0.5240147E-0002   0.2949054E-0002
     9.19200  -0.7016007E-0002  -0.3532117E-0002  -0.1249886E-0002   0.5428094E-0004   0.5263110E-0002   0.2870382E-0002
     9.20000  -0.7044033E-0002  -0.3503294E-0002  -0.1249216E-0002   0.8371102E-0004   0.5285594E-0002   0.2810464E-0002
     9.20800  -0.7071725E-0002  -0.3461399E-0002  -0.1248326E-0002   0.1112611E-0003   0.5307754E-0002   0.2769997E-0002
     9.21600  -0.7098979E-0002  -0.3406830E-0002  -0.1247229E-0002   0.1371610E-0003   0.5329747E-0002   0.2749191E-0002
     9.22400  -0.7125701E-0002  -0.3340191E-0002  -0.1245936E-0002   0.1616228E-0003   0.5351729E-0002   0.2747776E-0002
     9.23200  -0.7151799E-0002  -0.3262278E-0002  -0.1244457E-0002   0.1848309E-0003   0.5373850E-0002   0.2765023E-0002
     9.24000  -0.7177192E-0002  -0.3174071E-0002  -0.1242802E-0002   0.2069349E-0003   0.5396248E-0002   0.2799763E-0002
     9.24800  -0.7201805E-0002  -0.3076707E-0002  -0.1240977E-0002   0.2280437E-0003   0.5419051E-0002   0.2850424E-0002
     9.25600  -0.7225577E-0002  -0.2971461E-0002  -0.1238991E-0002   0.2482221E-0003   0.5442372E-0002   0.2915077E-0002
     9.26400  -0.7248455E-0002  -0.2859717E-0002  -0.1236852E-0002   0.2674909E-0003   0.5466304E-0002   0.2991480E-0002
     9.27200  -0.7270398E-0002  -0.2742941E-0002  -0.1234565E-0002   0.2858300E-0003   0.5490921E-0002   0.3077136E-0002
     9.28000  -0.7291379E-0002  -0.2622647E-0002  -0.1232139E-0002   0.3031846E-0003   0.5516275E-0002   0.3169356E-0002
     9.28800  -0.7311382E-0002  -0.2500370E-0002  -0.1229584E-0002   0.3194756E-0003   0.5542398E-0002   0.3265320E-0002
     9.29600  -0.7330403E-0002  -0.2377625E-0002  -0.1226907E-0002   0.3346108E-0003   0.5569295E-0002   0.3362148E-0002
     9.30400  -0.7348450E-0002  -0.2255884E-0002  -0.1224119E-0002   0.3485004E-0003   0.5596951E-0002   0.3456963E-0002
     9.31200  -0.7365543E-0002  -0.2136538E-0002  -0.1221230E-0002   0.3610711E-0003   0.5625327E-0002   0.3546963E-0002
     9.32000  -0.7381710E-0002  -0.2020870E-0002  -0.1218252E-0002   0.3722825E-0003   0.5654363E-0002   0.3629485E-0002
     9.32800  -0.7396990E-0002  -0.1910033E-0002  -0.1215195E-0002   0.3821407E-0003   0.5683979E-0002   0.3702065E-0002
     9.33600  -0.7411430E-0002  -0.1805022E-0002  -0.1212069E-0002   0.3907105E-0003   0.5714079E-0002   0.3762499E-0002
     9.34400  -0.7425083E-0002  -0.1706655E-0002  -0.1208884E-0002   0.3981246E-0003   0.5744550E-0002   0.3808891E-0002
     9.35200  -0.7438008E-0002  -0.1615566E-0002  -0.1205647E-0002   0.4045882E-0003   0.5775268E-0002   0.3839700E-0002
     9.36000  -0.7450265E-0002  -0.1532188E-0002  -0.1202364E-0002   0.4103795E-0003   0.5806098E-0002   0.3853772E-0002
     9.36800  -0.7461919E-0002  -0.1456753E-0002  -0.1199038E-0002   0.4158452E-0003   0.5836901E-0002   0.3850375E-0002
     9.37600  -0.7473034E-0002  -0.1389291E-0002  -0.1195666E-0002   0.4213914E-0003   0.5867535E-0002   0.3829206E-0002
     9.38400  -0.7483671E-0002  -0.1329642E-0002  -0.1192247E-0002   0.4274698E-0003   0.5897858E-0002   0.3790408E-0002
     9.39200  -0.7493891E-0002  -0.1277458E-0002  -0.1188770E-0002   0.4345608E-0003   0.5927734E-0002   0.3734564E-0002
     9.40000  -0.7503748E-0002  -0.1232228E-0002  -0.1185225E-0002   0.4431530E-0003   0.5957036E-0002   0.3662681E-0002
     9.40800  -0.7513295E-0002  -0.1193294E-0002  -0.1181595E-0002   0.4537216E-0003   0.5985645E-0002   0.3576174E-0002
     9.41600  -0.7522574E-0002  -0.1159875E-0002  -0.1177862E-0002   0.4667067E-0003   0.6013460E-0002   0.3476831E-0002
     9.42400  -0.7531623E-0002  -0.1131096E-0002  -0.1174002E-0002   0.4824916E-0003   0.6040394E-0002   0.3366773E-0002
     9.43200  -0.7540471E-0002  -0.1106013E-0002  -0.1169991E-0002   0.5013841E-0003   0.6066381E-0002   0.3248404E-0002
     9.44000  -0.7549140E-0002  -0.1083647E-0002  -0.1165802E-0002   0.5236009E-0003   0.6091376E-0002   0.3124363E-0002
     9.44800  -0.7557644E-0002  -0.1063015E-0002  -0.1161408E-0002   0.5492553E-0003   0.6115356E-0002   0.2997457E-0002
     9.45600  -0.7565989E-0002  -0.1043156E-0002  -0.1156781E-0002   0.5783507E-0003   0.6138321E-0002   0.2870605E-0002
     9.46400  -0.7574174E-0002  -0.1023164E-0002  -0.1151895E-0002   0.6107780E-0003   0.6160295E-0002   0.2746764E-0002
     9.47200  -0.7582192E-0002  -0.1002212E-0002  -0.1146724E-0002   0.6463188E-0003   0.6181326E-0002   0.2628873E-0002
     9.48000  -0.7590029E-0002  -0.9795776E-0003  -0.1141247E-0002   0.6846524E-0003   0.6201484E-0002   0.2519779E-0002
     9.48800  -0.7597666E-0002  -0.9546619E-0003  -0.1135444E-0002   0.7253675E-0003   0.6220861E-0002   0.2422182E-0002
     9.49600  -0.7605082E-0002  -0.9270059E-0003  -0.1129300E-0002   0.7679765E-0003   0.6239570E-0002   0.2338571E-0002
     9.50400  -0.7612253E-0002  -0.8963020E-0003  -0.1122805E-0002   0.8119327E-0003   0.6257739E-0002   0.2271176E-0002
     9.51200  -0.7619152E-0002  -0.8624002E-0003  -0.1115951E-0002   0.8566483E-0003   0.6275515E-0002   0.2221924E-0002
     9.52000  -0.7625754E-0002  -0.8253100E-0003  -0.1108739E-0002   0.9015129E-0003   0.6293054E-0002   0.2192395E-0002
     9.52800  -0.7632036E-0002  -0.7851966E-0003  -0.1101172E-0002   0.9459117E-0003   0.6310524E-0002   0.2183803E-0002
     9.53600  -0.7637975E-0002  -0.7423732E-0003  -0.1093258E-0002   0.9892414E-0003   0.6328100E-0002   0.2196971E-0002
     9.54400  -0.7643553E-0002  -0.6972878E-0003  -0.1085011E-0002   0.1030926E-0002   0.6345959E-0002   0.2232330E-0002
     9.55200  -0.7648757E-0002  -0.6505069E-0003  -0.1076447E-0002   0.1070426E-0002   0.6364278E-0002   0.2289913E-0002
     9.56000  -0.7653579E-0002  -0.6026951E-0003  -0.1067589E-0002   0.1107254E-0002   0.6383233E-0002   0.2369375E-0002
     9.56800  -0.7658015E-0002  -0.5545923E-0003  -0.1058462E-0002   0.1140975E-0002   0.6402993E-0002   0.2470010E-0002
     9.57600  -0.7662071E-0002  -0.5069886E-0003  -0.1049092E-0002   0.1171216E-0002   0.6423719E-0002   0.2590786E-0002
     9.58400  -0.7665757E-0002  -0.4606979E-0003  -0.1039510E-0002   0.1197667E-0002   0.6445563E-0002   0.2730378E-0002
     9.59200  -0.7669089E-0002  -0.4165313E-0003  -0.1029750E-0002   0.1220081E-0002   0.6468660E-0002   0.2887218E-0002
     9.60000  -0.7672091E-0002  -0.3752704E-0003  -0.1019844E-0002   0.1238279E-0002   0.6493137E-0002   0.3059541E-0002
     9.60800  -0.7674792E-0002  -0.3376420E-0003  -0.1009826E-0002   0.1252142E-0002   0.6519100E-0002   0.3245442E-0002
     9.61600  -0.7677227E-0002  -0.3042948E-0003  -0.9997335E-0003   0.1261615E-0002   0.6546644E-0002   0.3442926E-0002
     9.62400  -0.7679433E-0002  -0.2757778E-0003  -0.9895999E-0003   0.1266705E-0002   0.6575843E-0002   0.3649967E-0002
     9.63200  -0.7681453E-0002  -0.2525228E-0003  -0.9794601E-0003   0.1267474E-0002   0.6606760E-0002   0.3864560E-0002
     9.64000  -0.7683332E-0002  -0.2348300E-0003  -0.9693477E-0003   0.1264046E-0002   0.6639438E-0002   0.4084770E-0002
     9.64800  -0.7685115E-0002  -0.2228571E-0003  -0.9592949E-0003   0.1256595E-0002   0.6673908E-0002   0.4308778E-0002
     9.65600  -0.7686848E-0002  -0.2166132E-0003  -0.9493321E-0003   0.1245351E-0002   0.6710187E-0002   0.4534918E-0002
     9.66400  -0.7688575E-0002  -0.2159569E-0003  -0.9394874E-0003   0.1230588E-0002   0.6748281E-0002   0.4761710E-0002
     9.67200  -0.7690340E-0002  -0.2205981E-0003  -0.9297864E-0003   0.1212629E-0002   0.6788184E-0002   0.4987883E-0002
     9.68000  -0.7692181E-0002  -0.2301049E-0003  -0.9202517E-0003   0.1191834E-0002   0.6829883E-0002   0.5212386E-0002
     9.68800  -0.7694132E-0002  -0.2439132E-0003  -0.9109030E-0003   0.1168595E-0002   0.6873359E-0002   0.5434397E-0002
     9.69600  -0.7696223E-0002  -0.2613410E-0003  -0.9017563E-0003   0.1143329E-0002   0.6918585E-0002   0.5653318E-0002
     9.70400  -0.7698476E-0002  -0.2816053E-0003  -0.8928246E-0003   0.1116471E-0002   0.6965535E-0002   0.5868760E-0002
     9.71200  -0.7700907E-0002  -0.3038413E-0003  -0.8841169E-0003   0.1088460E-0002   0.7014179E-0002   0.6080521E-0002
     9.72000  -0.7703524E-0002  -0.3271242E-0003  -0.8756390E-0003   0.1059732E-0002   0.7064488E-0002   0.6288563E-0002
     9.72800  -0.7706327E-0002  -0.3504917E-0003  -0.8673933E-0003   0.1030710E-0002   0.7116432E-0002   0.6492969E-0002
     9.73600  -0.7709311E-0002  -0.3729679E-0003  -0.8593790E-0003   0.1001794E-0002   0.7169983E-0002   0.6693908E-0002
     9.74400  -0.7712460E-0002  -0.3935864E-0003  -0.8515922E-0003   0.9733516E-0003   0.7225116E-0002   0.6891590E-0002
     9.75200  -0.7715751E-0002  -0.4114134E-0003  -0.8440265E-0003   0.9457105E-0003   0.7281805E-0002   0.7086221E-0002
     9.76000  -0.7719156E-0002  -0.4255690E-0003  -0.8366732E-0003   0.9191557E-0003   0.7340029E-0002   0.7277956E-0002
     9.76800  -0.7722638E-0002  -0.4352469E-0003  -0.8295218E-0003   0.8939252E-0003   0.7399764E-0002   0.7466856E-0002
     9.77600  -0.7726156E-0002  -0.4397317E-0003  -0.8225602E-0003   0.8702098E-0003   0.7460987E-0002   0.7652848E-0002
     9.78400  -0.7729663E-0002  -0.4384130E-0003  -0.8157749E-0003   0.8481557E-0003   0.7523672E-0002   0.7835685E-0002
     9.79200  -0.7733109E-0002  -0.4307965E-0003  -0.8091520E-0003   0.8278687E-0003   0.7587791E-0002   0.8014921E-0002
     9.80000  -0.7736441E-0002  -0.4165116E-0003  -0.8026766E-0003   0.8094206E-0003   0.7653311E-0002   0.8189886E-0002
     9.80800  -0.7739604E-0002  -0.3953157E-0003  -0.7963337E-0003   0.7928572E-0003   0.7720188E-0002   0.8359672E-0002
     9.81600  -0.7742541E-0002  -0.3670939E-0003  -0.7901081E-0003   0.7782069E-0003   0.7788373E-0002   0.8523131E-0002
     9.82400  -0.7745195E-0002  -0.3318568E-0003  -0.7839842E-0003   0.7654898E-0003   0.7857804E-0002   0.8678878E-0002
     9.83200  -0.7747513E-0002  -0.2897330E-0003  -0.7779464E-0003   0.7547257E-0003   0.7928406E-0002   0.8825306E-0002
     9.84000  -0.7749441E-0002  -0.2409606E-0003  -0.7719788E-0003   0.7459416E-0003   0.8000091E-0002   0.8960617E-0002
     9.84800  -0.7750928E-0002  -0.1858743E-0003  -0.7660654E-0003   0.7391768E-0003   0.8072754E-0002   0.9082849E-0002
     9.85600  -0.7751927E-0002  -0.1248921E-0003  -0.7601895E-0003   0.7344865E-0003   0.8146274E-0002   0.9189925E-0002
     9.86400  -0.7752395E-0002  -0.5849858E-0004  -0.7543340E-0003   0.7319422E-0003   0.8220511E-0002   0.9279701E-0002
     9.87200  -0.7752293E-0002   0.1277099E-0004  -0.7484809E-0003   0.7316305E-0003   0.8295311E-0002   0.9350027E-0002
     9.88000  -0.7751586E-0002   0.8834839E-0004  -0.7426118E-0003   0.7336485E-0003   0.8370502E-0002   0.9398802E-0002
     9.88800  -0.7750245E-0002   0.1676492E-0003  -0.7367070E-0003   0.7380977E-0003   0.8445894E-0002   0.9424043E-0002
     9.89600  -0.7748244E-0002   0.2500890E-0003  -0.7307464E-0003   0.7450762E-0003   0.8521286E-0002   0.9423948E-0002
     9.90400  -0.7745564E-0002   0.3350983E-0003  -0.7247090E-0003   0.7546695E-0003   0.8596461E-0002   0.9396960E-0002
     9.91200  -0.7742186E-0002   0.4221357E-0003  -0.7185735E-0003   0.7669416E-0003   0.8671196E-0002   0.9341825E-0002
     9.92000  -0.7738101E-0002   0.5106989E-0003  -0.7123181E-0003   0.7819253E-0003   0.8745257E-0002   0.9257646E-0002
     9.92800  -0.7733298E-0002   0.6003330E-0003  -0.7059212E-0003   0.7996146E-0003   0.8818409E-0002   0.9143934E-0002
     9.93600  -0.7727773E-0002   0.6906365E-0003  -0.6993615E-0003   0.8199581E-0003   0.8890414E-0002   0.9000641E-0002
     9.94400  -0.7721523E-0002   0.7812643E-0003  -0.6926187E-0003   0.8428545E-0003   0.8961039E-0002   0.8828186E-0002
     9.95200  -0.7714548E-0002   0.8719279E-0003  -0.6856734E-0003   0.8681508E-0003   0.9030059E-0002   0.8627478E-0002
     9.96000  -0.7706848E-0002   0.9623930E-0003  -0.6785083E-0003   0.8956432E-0003   0.9097258E-0002   0.8399907E-0002
     9.96800  -0.7698429E-0002   0.1052474E-0002  -0.6711077E-0003   0.9250804E-0003   0.9162437E-0002   0.8147342E-0002
     9.97600  -0.7689292E-0002   0.1142029E-0002  -0.6634583E-0003   0.9561703E-0003   0.9225414E-0002   0.7872104E-0002
     9.98400  -0.7679445E-0002   0.1230947E-0002  -0.6555496E-0003   0.9885879E-0003   0.9286029E-0002   0.7576926E-0002
     9.99200  -0.7668892E-0002   0.1319142E-0002  -0.6473737E-0003   0.1021986E-0002   0.9344149E-0002   0.7264906E-0002
    10.00000  -0.7657639E-0002   0.1406536E-0002  -0.6389256E-0003   0.1056008E-0002   0.9399664E-0002   0.6939447E-0002
    10.00800  -0.7645695E-0002   0.1493055E-0002  -0.6302032E-0003   0.1090299E-0002   0.9452498E-0002   0.6604180E-0002
    10.01600  -0.7633066E-0002   0.1578609E-0002  -0.6212071E-0003   0.1124520E-0002   0.9502601E-0002   0.6262891E-0002
    10.02400  -0.7619761E-0002   0.1663087E-0002  -0.6119402E-0003   0.1158360E-0002   0.9549956E-0002   0.5919433E-0002
    10.03200  -0.7605791E-0002   0.1746343E-0002  -0.6024078E-0003   0.1191548E-0002   0.9594577E-0002   0.5577635E-0002
    10.04000  -0.7591165E-0002   0.1828192E-0002  -0.5926169E-0003   0.1223865E-0002   0.9636507E-0002   0.5241213E-0002
    10.04800  -0.7575898E-0002   0.1908397E-0002  -0.5825757E-0003   0.1255147E-0002   0.9675817E-0002   0.4913682E-0002
    10.05600  -0.7560004E-0002   0.1986672E-0002  -0.5722933E-0003   0.1285299E-0002   0.9712603E-0002   0.4598263E-0002
    10.06400  -0.7543503E-0002   0.2062675E-0002  -0.5617790E-0003   0.1314291E-0002   0.9746985E-0002   0.4297809E-0002
    10.07200  -0.7526415E-0002   0.2136010E-0002  -0.5510417E-0003   0.1342165E-0002   0.9779103E-0002   0.4014729E-0002
    10.08000  -0.7508765E-0002   0.2206232E-0002  -0.5400894E-0003   0.1369030E-0002   0.9809110E-0002   0.3750927E-0002
    10.08800  -0.7490582E-0002   0.2272855E-0002  -0.5289290E-0003   0.1395056E-0002   0.9837172E-0002   0.3507750E-0002
    10.09600  -0.7471899E-0002   0.2335356E-0002  -0.5175652E-0003   0.1420472E-0002   0.9863460E-0002   0.3285955E-0002
    10.10400  -0.7452754E-0002   0.2393192E-0002  -0.5060008E-0003   0.1445551E-0002   0.9888145E-0002   0.3085683E-0002
    10.11200  -0.7433187E-0002   0.2445809E-0002  -0.4942360E-0003   0.1470603E-0002   0.9911397E-0002   0.2906457E-0002
    10.12000  -0.7413246E-0002   0.2492662E-0002  -0.4822683E-0003   0.1495957E-0002   0.9933375E-0002   0.2747190E-0002
    10.12800  -0.7392980E-0002   0.2533225E-0002  -0.4700927E-0003   0.1521951E-0002   0.9954224E-0002   0.2606210E-0002
    10.13600  -0.7372444E-0002   0.2567015E-0002  -0.4577014E-0003   0.1548912E-0002   0.9974075E-0002   0.2481305E-0002
    10.14400  -0.7351695E-0002   0.2593603E-0002  -0.4450843E-0003   0.1577142E-0002   0.9993033E-0002   0.2369773E-0002
    10.15200  -0.7330794E-0002   0.2612634E-0002  -0.4322290E-0003   0.1606905E-0002   0.1001118E-0001   0.2268496E-0002
    10.16000  -0.7309804E-0002   0.2623841E-0002  -0.4191218E-0003   0.1638406E-0002   0.1002857E-0001   0.2174020E-0002
    10.16800  -0.7288787E-0002   0.2627056E-0002  -0.4057475E-0003   0.1671784E-0002   0.1004523E-0001   0.2082642E-0002
    10.17600  -0.7267809E-0002   0.2622227E-0002  -0.3920907E-0003   0.1707099E-0002   0.1006116E-0001   0.1990510E-0002
    10.18400  -0.7246934E-0002   0.2609419E-0002  -0.3781361E-0003   0.1744321E-0002   0.1007631E-0001   0.1893722E-0002
    10.19200  -0.7226223E-0002   0.2588823E-0002  -0.3638695E-0003   0.1783331E-0002   0.1009062E-0001   0.1788435E-0002
    10.20000  -0.7205737E-0002   0.2560757E-0002  -0.3492782E-0003   0.1823913E-0002   0.1010398E-0001   0.1670962E-0002
    10.20800  -0.7185532E-0002   0.2525663E-0002  -0.3343521E-0003   0.1865765E-0002   0.1011629E-0001   0.1537876E-0002
    10.21600  -0.7165659E-0002   0.2484099E-0002  -0.3190841E-0003   0.1908496E-0002   0.1012738E-0001   0.1386100E-0002
    10.22400  -0.7146165E-0002   0.2436735E-0002  -0.3034709E-0003   0.1951648E-0002   0.1013708E-0001   0.1212998E-0002
    10.23200  -0.7127091E-0002   0.2384332E-0002  -0.2875133E-0003   0.1994701E-0002   0.1014521E-0001   0.1016440E-0002
    10.24000  -0.7108469E-0002   0.2327731E-0002  -0.2712166E-0003   0.2037095E-0002   0.1015157E-0001   0.7948718E-0003
    10.24800  -0.7090326E-0002   0.2267832E-0002  -0.2545905E-0003   0.2078250E-0002   0.1015595E-0001   0.5473540E-0003
    10.25600  -0.7072682E-0002   0.2205572E-0002  -0.2376498E-0003   0.2117589E-0002   0.1015814E-0001   0.2735965E-0003
    10.26400  -0.7055546E-0002   0.2141905E-0002  -0.2204134E-0003   0.2154554E-0002   0.1015793E-0001  -0.2603001E-0004
    10.27200  -0.7038924E-0002   0.2077775E-0002  -0.2029043E-0003   0.2188633E-0002   0.1015512E-0001  -0.3504983E-0003
    10.28000  -0.7022811E-0002   0.2014093E-0002  -0.1851493E-0003   0.2219380E-0002   0.1014954E-0001  -0.6981460E-0003
    10.28800  -0.7007198E-0002   0.1951717E-0002  -0.1671779E-0003   0.2246427E-0002   0.1014101E-0001  -0.1066714E-0002
    10.29600  -0.6992066E-0002   0.1891424E-0002  -0.1490219E-0003   0.2269502E-0002   0.1012938E-0001  -0.1453400E-0002
    10.30400  -0.6977395E-0002   0.1833899E-0002  -0.1307144E-0003   0.2288433E-0002   0.1011454E-0001  -0.1854927E-0002
    10.31200  -0.6963157E-0002   0.1779709E-0002  -0.1122891E-0003   0.2303157E-0002   0.1009640E-0001  -0.2267628E-0002
    10.32000  -0.6949323E-0002   0.1729296E-0002  -0.9377942E-0004   0.2313715E-0002   0.1007490E-0001  -0.2687530E-0002
    10.32800  -0.6935859E-0002   0.1682965E-0002  -0.7521742E-0004   0.2320249E-0002   0.1005001E-0001  -0.3110460E-0002
    10.33600  -0.6922732E-0002   0.1640876E-0002  -0.5663352E-0004   0.2322987E-0002   0.1002176E-0001  -0.3532148E-0002
    10.34400  -0.6909908E-0002   0.1603044E-0002  -0.3805567E-0004   0.2322231E-0002   0.9990171E-0002  -0.3948331E-0002
    10.35200  -0.6897353E-0002   0.1569340E-0002  -0.1950897E-0004   0.2318338E-0002   0.9955332E-0002  -0.4354862E-0002
    10.36000  -0.6885037E-0002   0.1539501E-0002  -0.1015350E-0005   0.2311702E-0002   0.9917349E-0002  -0.4747812E-0002
    10.36800  -0.6872932E-0002   0.1513135E-0002   0.1740650E-0004   0.2302731E-0002   0.9876361E-0002  -0.5123567E-0002
    10.37600  -0.6861014E-0002   0.1489738E-0002   0.3574114E-0004   0.2291831E-0002   0.9832529E-0002  -0.5478916E-0002
    10.38400  -0.6849265E-0002   0.1468714E-0002   0.5397622E-0004   0.2279384E-0002   0.9786040E-0002  -0.5811127E-0002
    10.39200  -0.6837669E-0002   0.1449388E-0002   0.7210211E-0004   0.2265737E-0002   0.9737096E-0002  -0.6118010E-0002
    10.40000  -0.6826221E-0002   0.1431035E-0002   0.9011164E-0004   0.2251190E-0002   0.9685913E-0002  -0.6397970E-0002
    10.40800  -0.6814918E-0002   0.1412900E-0002   0.1079995E-0003   0.2235988E-0002   0.9632712E-0002  -0.6650032E-0002
    10.41600  -0.6803764E-0002   0.1394224E-0002   0.1257621E-0003   0.2220320E-0002   0.9577721E-0002  -0.6873867E-0002
    10.42400  -0.6792770E-0002   0.1374267E-0002   0.1433967E-0003   0.2204320E-0002   0.9521163E-0002  -0.7069781E-0002
    10.43200  -0.6781951E-0002   0.1352334E-0002   0.1609013E-0003   0.2188078E-0002   0.9463253E-0002  -0.7238705E-0002
    10.44000  -0.6771329E-0002   0.1327793E-0002   0.1782744E-0003   0.2171644E-0002   0.9404196E-0002  -0.7382158E-0002
    10.44800  -0.6760928E-0002   0.1300101E-0002   0.1955148E-0003   0.2155043E-0002   0.9344179E-0002  -0.7502198E-0002
    10.45600  -0.6750778E-0002   0.1268819E-0002   0.2126211E-0003   0.2138291E-0002   0.9283368E-0002  -0.7601358E-0002
    10.46400  -0.6740909E-0002   0.1233625E-0002   0.2295924E-0003   0.2121405E-0002   0.9221907E-0002  -0.7682575E-0002
    10.47200  -0.6731354E-0002   0.1194329E-0002   0.2464277E-0003   0.2104418E-0002   0.9159914E-0002  -0.7749105E-0002
    10.48000  -0.6722147E-0002   0.1150876E-0002   0.2631268E-0003   0.2087389E-0002   0.9097479E-0002  -0.7804431E-0002
    10.48800  -0.6713320E-0002   0.1103355E-0002   0.2796901E-0003   0.2070409E-0002   0.9034661E-0002  -0.7852169E-0002
    10.49600  -0.6704904E-0002   0.1051990E-0002   0.2961190E-0003   0.2053608E-0002   0.8971494E-0002  -0.7895970E-0002
    10.50400  -0.6696927E-0002   0.9971418E-0003   0.3124162E-0003   0.2037153E-0002   0.8907978E-0002  -0.7939423E-0002
    10.51200  -0.6689413E-0002   0.9392950E-0003   0.3285861E-0003   0.2021244E-0002   0.8844091E-0002  -0.7985963E-0002
    10.52000  -0.6682380E-0002   0.8790458E-0003   0.3446350E-0003   0.2006105E-0002   0.8779780E-0002  -0.8038781E-0002
    10.52800  -0.6675844E-0002   0.8170857E-0003   0.3605708E-0003   0.1991974E-0002   0.8714974E-0002  -0.8100751E-0002
    10.53600  -0.6669810E-0002   0.7541821E-0003   0.3764035E-0003   0.1979091E-0002   0.8649580E-0002  -0.8174351E-0002
    10.54400  -0.6664281E-0002   0.6911565E-0003   0.3921449E-0003   0.1967680E-0002   0.8583487E-0002  -0.8261616E-0002
    10.55200  -0.6659250E-0002   0.6288616E-0003   0.4078084E-0003   0.1957935E-0002   0.8516574E-0002  -0.8364085E-0002
    10.56000  -0.6654705E-0002   0.5681564E-0003   0.4234085E-0003   0.1950008E-0002   0.8448712E-0002  -0.8482777E-0002
    10.56800  -0.6650626E-0002   0.5098827E-0003   0.4389604E-0003   0.1943993E-0002   0.8379766E-0002  -0.8618174E-0002
    10.57600  -0.6646987E-0002   0.4548402E-0003   0.4544798E-0003   0.1939920E-0002   0.8309605E-0002  -0.8770218E-0002
    10.58400  -0.6643757E-0002   0.4037645E-0003   0.4699818E-0003   0.1937750E-0002   0.8238098E-0002  -0.8938326E-0002
    10.59200  -0.6640899E-0002   0.3573057E-0003   0.4854807E-0003   0.1937368E-0002   0.8165127E-0002  -0.9121418E-0002
    10.60000  -0.6638370E-0002   0.3160109E-0003   0.5009895E-0003   0.1938593E-0002   0.8090583E-0002  -0.9317957E-0002
    10.60800  -0.6636128E-0002   0.2803081E-0003   0.5165189E-0003   0.1941176E-0002   0.8014375E-0002  -0.9525998E-0002
    10.61600  -0.6634124E-0002   0.2504954E-0003   0.5320774E-0003   0.1944819E-0002   0.7936429E-0002  -0.9743253E-0002
    10.62400  -0.6632310E-0002   0.2267324E-0003   0.5476709E-0003   0.1949179E-0002   0.7856692E-0002  -0.9967153E-0002
    10.63200  -0.6630638E-0002   0.2090366E-0003   0.5633020E-0003   0.1953888E-0002   0.7775132E-0002  -0.1019493E-0001
    10.64000  -0.6629060E-0002   0.1972833E-0003   0.5789705E-0003   0.1958569E-0002   0.7691743E-0002  -0.1042368E-0001
    10.64800  -0.6627530E-0002   0.1912102E-0003   0.5946733E-0003   0.1962848E-0002   0.7606539E-0002  -0.1065046E-0001
    10.65600  -0.6626007E-0002   0.1904247E-0003   0.6104043E-0003   0.1966372E-0002   0.7519560E-0002  -0.1087235E-0001
    10.66400  -0.6624451E-0002   0.1944158E-0003   0.6261549E-0003   0.1968822E-0002   0.7430868E-0002  -0.1108653E-0001
    10.67200  -0.6622831E-0002   0.2025682E-0003   0.6419142E-0003   0.1969920E-0002   0.7340545E-0002  -0.1129035E-0001
    10.68000  -0.6621117E-0002   0.2141798E-0003   0.6576698E-0003   0.1969443E-0002   0.7248694E-0002  -0.1148138E-0001
    10.68800  -0.6619289E-0002   0.2284805E-0003   0.6734076E-0003   0.1967222E-0002   0.7155434E-0002  -0.1165748E-0001
    10.69600  -0.6617332E-0002   0.2446531E-0003   0.6891127E-0003   0.1963145E-0002   0.7060900E-0002  -0.1181683E-0001
    10.70400  -0.6615237E-0002   0.2618549E-0003   0.7047700E-0003   0.1957157E-0002   0.6965236E-0002  -0.1195794E-0001
    10.71200  -0.6613003E-0002   0.2792390E-0003   0.7203640E-0003   0.1949253E-0002   0.6868598E-0002  -0.1207972E-0001
    10.72000  -0.6610636E-0002   0.2959760E-0003   0.7358798E-0003   0.1939474E-0002   0.6771147E-0002  -0.1218144E-0001
    10.72800  -0.6608145E-0002   0.3112745E-0003   0.7513030E-0003   0.1927899E-0002   0.6673045E-0002  -0.1226276E-0001
    10.73600  -0.6605550E-0002   0.3243998E-0003   0.7666201E-0003   0.1914634E-0002   0.6574455E-0002  -0.1232368E-0001
    10.74400  -0.6602873E-0002   0.3346911E-0003   0.7818185E-0003   0.1899806E-0002   0.6475539E-0002  -0.1236454E-0001
    10.75200  -0.6600140E-0002   0.3415761E-0003   0.7968869E-0003   0.1883554E-0002   0.6376451E-0002  -0.1238601E-0001
    10.76000  -0.6597383E-0002   0.3445831E-0003   0.8118151E-0003   0.1866020E-0002   0.6277339E-0002  -0.1238898E-0001
    10.76800  -0.6594637E-0002   0.3433501E-0003   0.8265939E-0003   0.1847345E-0002   0.6178342E-0002  -0.1237459E-0001
    10.77600  -0.6591936E-0002   0.3376314E-0003   0.8412151E-0003   0.1827660E-0002   0.6079589E-0002  -0.1234413E-0001
    10.78400  -0.6589317E-0002   0.3273000E-0003   0.8556719E-0003   0.1807089E-0002   0.5981197E-0002  -0.1229902E-0001
    10.79200  -0.6586818E-0002   0.3123480E-0003   0.8699578E-0003   0.1785740E-0002   0.5883271E-0002  -0.1224071E-0001
    10.80000  -0.6584475E-0002   0.2928835E-0003   0.8840674E-0003   0.1763705E-0002   0.5785906E-0002  -0.1217071E-0001
    10.80800  -0.6582322E-0002   0.2691246E-0003   0.8979959E-0003   0.1741064E-0002   0.5689182E-0002  -0.1209045E-0001
    10.81600  -0.6580391E-0002   0.2413912E-0003   0.9117390E-0003   0.1717880E-0002   0.5593172E-0002  -0.1200130E-0001
    10.82400  -0.6578710E-0002   0.2100941E-0003   0.9252926E-0003   0.1694199E-0002   0.5497936E-0002  -0.1190451E-0001
    10.83200  -0.6577305E-0002   0.1757220E-0003   0.9386530E-0003   0.1670055E-0002   0.5403526E-0002  -0.1180117E-0001
    10.84000  -0.6576194E-0002   0.1388275E-0003   0.9518167E-0003   0.1645465E-0002   0.5309988E-0002  -0.1169222E-0001
    10.84800  -0.6575394E-0002   0.1000114E-0003   0.9647802E-0003   0.1620431E-0002   0.5217361E-0002  -0.1157839E-0001
    10.85600  -0.6574915E-0002   0.5990644E-0004   0.9775397E-0003   0.1594940E-0002   0.5125680E-0002  -0.1146023E-0001
    10.86400  -0.6574761E-0002   0.1916041E-0004   0.9900914E-0003   0.1568959E-0002   0.5034975E-0002  -0.1133808E-0001
    10.87200  -0.6574934E-0002  -0.2157994E-0004   0.1002431E-0002   0.1542442E-0002   0.4945278E-0002  -0.1121212E-0001
    10.88000  -0.6575427E-0002  -0.6168503E-0004   0.1014553E-0002   0.1515321E-0002   0.4856619E-0002  -0.1108234E-0001
    10.88800  -0.6576232E-0002  -0.1005572E-0003   0.1026454E-0002   0.1487513E-0002   0.4769030E-0002  -0.1094861E-0001
    10.89600  -0.6577333E-0002  -0.1376445E-0003   0.1038125E-0002   0.1458914E-0002   0.4682545E-0002  -0.1081065E-0001
    10.90400  -0.6578713E-0002  -0.1724519E-0003   0.1049560E-0002   0.1429408E-0002   0.4597200E-0002  -0.1066813E-0001
    10.91200  -0.6580349E-0002  -0.2045517E-0003   0.1060751E-0002   0.1398863E-0002   0.4513035E-0002  -0.1052064E-0001
    10.92000  -0.6582218E-0002  -0.2335909E-0003   0.1071688E-0002   0.1367138E-0002   0.4430093E-0002  -0.1036777E-0001
    10.92800  -0.6584292E-0002  -0.2592961E-0003   0.1082361E-0002   0.1334089E-0002   0.4348420E-0002  -0.1020915E-0001
    10.93600  -0.6586544E-0002  -0.2814768E-0003   0.1092757E-0002   0.1299572E-0002   0.4268064E-0002  -0.1004443E-0001
    10.94400  -0.6588944E-0002  -0.3000250E-0003   0.1102865E-0002   0.1263449E-0002   0.4189077E-0002  -0.9873377E-0002
    10.95200  -0.6591464E-0002  -0.3149140E-0003   0.1112670E-0002   0.1225599E-0002   0.4111510E-0002  -0.9695860E-0002
    10.96000  -0.6594073E-0002  -0.3261937E-0003   0.1122157E-0002   0.1185918E-0002   0.4035415E-0002  -0.9511891E-0002
    10.96800  -0.6596745E-0002  -0.3339844E-0003   0.1131312E-0002   0.1144331E-0002   0.3960842E-0002  -0.9321636E-0002
    10.97600  -0.6599453E-0002  -0.3384692E-0003   0.1140118E-0002   0.1100795E-0002   0.3887839E-0002  -0.9125430E-0002
    10.98400  -0.6602172E-0002  -0.3398848E-0003   0.1148561E-0002   0.1055301E-0002   0.3816448E-0002  -0.8923774E-0002
    10.99200  -0.6604880E-0002  -0.3385111E-0003   0.1156624E-0002   0.1007878E-0002   0.3746710E-0002  -0.8717337E-0002
    11.00000  -0.6607557E-0002  -0.3346604E-0003   0.1164292E-0002   0.9585962E-0003   0.3678654E-0002  -0.8506947E-0002
    11.00800  -0.6610187E-0002  -0.3286668E-0003   0.1171553E-0002   0.9075607E-0003   0.3612306E-0002  -0.8293568E-0002
    11.01600  -0.6612754E-0002  -0.3208750E-0003   0.1178392E-0002   0.8549121E-0003   0.3547679E-0002  -0.8078285E-0002
    11.02400  -0.6615247E-0002  -0.3116302E-0003   0.1184799E-0002   0.8008207E-0003   0.3484781E-0002  -0.7862275E-0002
    11.03200  -0.6617657E-0002  -0.3012685E-0003   0.1190763E-0002   0.7454810E-0003   0.3423607E-0002  -0.7646771E-0002
    11.04000  -0.6619978E-0002  -0.2901086E-0003   0.1196275E-0002   0.6891037E-0003   0.3364143E-0002  -0.7433035E-0002
    11.04800  -0.6622205E-0002  -0.2784445E-0003   0.1201331E-0002   0.6319089E-0003   0.3306364E-0002  -0.7222317E-0002
    11.05600  -0.6624337E-0002  -0.2665403E-0003   0.1205924E-0002   0.5741169E-0003   0.3250237E-0002  -0.7015823E-0002
    11.06400  -0.6626374E-0002  -0.2546254E-0003   0.1210051E-0002   0.5159409E-0003   0.3195720E-0002  -0.6814673E-0002
    11.07200  -0.6628318E-0002  -0.2428926E-0003   0.1213712E-0002   0.4575794E-0003   0.3142761E-0002  -0.6619875E-0002
    11.08000  -0.6630170E-0002  -0.2314966E-0003   0.1216905E-0002   0.3992087E-0003   0.3091303E-0002  -0.6432289E-0002
    11.08800  -0.6631934E-0002  -0.2205544E-0003   0.1219633E-0002   0.3409780E-0003   0.3041282E-0002  -0.6252605E-0002
    11.09600  -0.6633615E-0002  -0.2101472E-0003   0.1221897E-0002   0.2830046E-0003   0.2992631E-0002  -0.6081319E-0002
    11.10400  -0.6635218E-0002  -0.2003225E-0003   0.1223700E-0002   0.2253707E-0003   0.2945282E-0002  -0.5918719E-0002
    11.11200  -0.6636747E-0002  -0.1910981E-0003   0.1225045E-0002   0.1681216E-0003   0.2899163E-0002  -0.5764879E-0002
    11.12000  -0.6638206E-0002  -0.1824663E-0003   0.1225935E-0002   0.1112657E-0003   0.2854205E-0002  -0.5619655E-0002
    11.12800  -0.6639601E-0002  -0.1743984E-0003   0.1226374E-0002   0.5477468E-0004   0.2810344E-0002  -0.5482691E-0002
    11.13600  -0.6640936E-0002  -0.1668499E-0003   0.1226362E-0002  -0.1414464E-0005   0.2767516E-0002  -0.5353430E-0002
    11.14400  -0.6642214E-0002  -0.1597648E-0003   0.1225903E-0002  -0.5739660E-0004   0.2725667E-0002  -0.5231134E-0002
    11.15200  -0.6643439E-0002  -0.1530810E-0003   0.1224997E-0002  -0.1132951E-0003   0.2684748E-0002  -0.5114906E-0002
    11.16000  -0.6644613E-0002  -0.1467340E-0003   0.1223643E-0002  -0.1692579E-0003   0.2644718E-0002  -0.5003720E-0002
    11.16800  -0.6645738E-0002  -0.1406611E-0003   0.1221839E-0002  -0.2254528E-0003   0.2605547E-0002  -0.4896454E-0002
    11.17600  -0.6646817E-0002  -0.1348044E-0003   0.1219583E-0002  -0.2820627E-0003   0.2567211E-0002  -0.4791925E-0002
    11.18400  -0.6647850E-0002  -0.1291132E-0003   0.1216868E-0002  -0.3392806E-0003   0.2529700E-0002  -0.4688926E-0002
    11.19200  -0.6648838E-0002  -0.1235458E-0003   0.1213690E-0002  -0.3973041E-0003   0.2493010E-0002  -0.4586266E-0002
    11.20000  -0.6649782E-0002  -0.1180703E-0003   0.1210039E-0002  -0.4563295E-0003   0.2457147E-0002  -0.4482802E-0002
    11.20800  -0.6650684E-0002  -0.1126649E-0003   0.1205907E-0002  -0.5165468E-0003   0.2422127E-0002  -0.4377481E-0002
    11.21600  -0.6651542E-0002  -0.1073171E-0003   0.1201282E-0002  -0.5781330E-0003   0.2387973E-0002  -0.4269367E-0002
    11.22400  -0.6652359E-0002  -0.1020223E-0003   0.1196152E-0002  -0.6412467E-0003   0.2354711E-0002  -0.4157670E-0002
    11.23200  -0.6653133E-0002  -0.9678233E-0004   0.1190504E-0002  -0.7060217E-0003   0.2322377E-0002  -0.4041769E-0002
    11.24000  -0.6653866E-0002  -0.9160243E-0004   0.1184323E-0002  -0.7725612E-0003   0.2291007E-0002  -0.3921231E-0002
    11.24800  -0.6654557E-0002  -0.8648894E-0004   0.1177596E-0002  -0.8409325E-0003   0.2260641E-0002  -0.3795817E-0002
    11.25600  -0.6655209E-0002  -0.8144606E-0004   0.1170306E-0002  -0.9111615E-0003   0.2231317E-0002  -0.3665492E-0002
    11.26400  -0.6655821E-0002  -0.7647266E-0004   0.1162441E-0002  -0.9832284E-0003   0.2203073E-0002  -0.3530421E-0002
    11.27200  -0.6656393E-0002  -0.7155921E-0004   0.1153984E-0002  -0.1057064E-0002   0.2175946E-0002  -0.3390957E-0002
    11.28000  -0.6656927E-0002  -0.6668477E-0004   0.1144924E-0002  -0.1132548E-0002   0.2149965E-0002  -0.3247632E-0002
    11.28800  -0.6657421E-0002  -0.6181433E-0004   0.1135248E-0002  -0.1209506E-0002   0.2125156E-0002  -0.3101135E-0002
    11.29600  -0.6657876E-0002  -0.5689661E-0004   0.1124946E-0002  -0.1287713E-0002   0.2101537E-0002  -0.2952286E-0002
    11.30400  -0.6658291E-0002  -0.5186244E-0004   0.1114011E-0002  -0.1366893E-0002   0.2079121E-0002  -0.2802007E-0002
    11.31200  -0.6658664E-0002  -0.4662375E-0004   0.1102437E-0002  -0.1446724E-0002   0.2057911E-0002  -0.2651296E-0002
    11.32000  -0.6658993E-0002  -0.4107339E-0004   0.1090222E-0002  -0.1526843E-0002   0.2037901E-0002  -0.2501189E-0002
    11.32800  -0.6659274E-0002  -0.3508577E-0004   0.1077367E-0002  -0.1606852E-0002   0.2019079E-0002  -0.2352727E-0002
    11.33600  -0.6659502E-0002  -0.2851829E-0004   0.1063877E-0002  -0.1686331E-0002   0.2001424E-0002  -0.2206929E-0002
    11.34400  -0.6659672E-0002  -0.2121371E-0004   0.1049758E-0002  -0.1764840E-0002   0.1984906E-0002  -0.2064753E-0002
    11.35200  -0.6659776E-0002  -0.1300336E-0004   0.1035023E-0002  -0.1841934E-0002   0.1969489E-0002  -0.1927078E-0002
    11.36000  -0.6659805E-0002  -0.3711039E-0005   0.1019685E-0002  -0.1917172E-0002   0.1955132E-0002  -0.1794670E-0002
    11.36800  -0.6659750E-0002   0.6842301E-0005   0.1003764E-0002  -0.1990130E-0002   0.1941787E-0002  -0.1668172E-0002
    11.37600  -0.6659600E-0002   0.1883332E-0004   0.9872809E-0003  -0.2060406E-0002   0.1929402E-0002  -0.1548083E-0002
    11.38400  -0.6659340E-0002   0.3243063E-0004   0.9702599E-0003  -0.2127632E-0002   0.1917924E-0002  -0.1434753E-0002
    11.39200  -0.6658958E-0002   0.4778890E-0004   0.9527280E-0003  -0.2191482E-0002   0.1907297E-0002  -0.1328384E-0002
    11.40000  -0.6658438E-0002   0.6504276E-0004   0.9347146E-0003  -0.2251676E-0002   0.1897465E-0002  -0.1229025E-0002
    11.40800  -0.6657763E-0002   0.8430095E-0004   0.9162507E-0003  -0.2307987E-0002   0.1888372E-0002  -0.1136589E-0002
    11.41600  -0.6656918E-0002   0.1056407E-0003   0.8973688E-0003  -0.2360243E-0002   0.1879965E-0002  -0.1050867E-0002
    11.42400  -0.6655885E-0002   0.1291025E-0003   0.8781022E-0003  -0.2408325E-0002   0.1872193E-0002  -0.9715437E-0003
    11.43200  -0.6654648E-0002   0.1546857E-0003   0.8584848E-0003  -0.2452170E-0002   0.1865007E-0002  -0.8982241E-0003
    11.44000  -0.6653189E-0002   0.1823451E-0003   0.8385507E-0003  -0.2491764E-0002   0.1858363E-0002  -0.8304594E-0003
    11.44800  -0.6651493E-0002   0.2119878E-0003   0.8183336E-0003  -0.2527140E-0002   0.1852221E-0002  -0.7677754E-0003
    11.45600  -0.6649545E-0002   0.2434723E-0003   0.7978666E-0003  -0.2558371E-0002   0.1846543E-0002  -0.7097019E-0003
    11.46400  -0.6647333E-0002   0.2766080E-0003   0.7771821E-0003  -0.2585563E-0002   0.1841297E-0002  -0.6558024E-0003
    11.47200  -0.6644843E-0002   0.3111560E-0003   0.7563113E-0003  -0.2608847E-0002   0.1836451E-0002  -0.6057012E-0003
    11.48000  -0.6642069E-0002   0.3468316E-0003   0.7352843E-0003  -0.2628375E-0002   0.1831978E-0002  -0.5591090E-0003
    11.48800  -0.6639002E-0002   0.3833081E-0003   0.7141299E-0003  -0.2644305E-0002   0.1827852E-0002  -0.5158447E-0003
    11.49600  -0.6635640E-0002   0.4202215E-0003   0.6928755E-0003  -0.2656802E-0002   0.1824045E-0002  -0.4758523E-0003
    11.50400  -0.6631983E-0002   0.4571763E-0003   0.6715473E-0003  -0.2666024E-0002   0.1820531E-0002  -0.4392134E-0003
    11.51200  -0.6628033E-0002   0.4937534E-0003   0.6501703E-0003  -0.2672122E-0002   0.1817282E-0002  -0.4061525E-0003
    11.52000  -0.6623797E-0002   0.5295174E-0003   0.6287684E-0003  -0.2675233E-0002   0.1814266E-0002  -0.3770382E-0003
    11.52800  -0.6619285E-0002   0.5640255E-0003   0.6073646E-0003  -0.2675478E-0002   0.1811447E-0002  -0.3523755E-0003
    11.53600  -0.6614510E-0002   0.5968372E-0003   0.5859809E-0003  -0.2672961E-0002   0.1808784E-0002  -0.3327944E-0003
    11.54400  -0.6609490E-0002   0.6275236E-0003   0.5646388E-0003  -0.2667766E-0002   0.1806232E-0002  -0.3190302E-0003
    11.55200  -0.6604244E-0002   0.6556771E-0003   0.5433591E-0003  -0.2659965E-0002   0.1803737E-0002  -0.3119001E-0003
    11.56000  -0.6598797E-0002   0.6809209E-0003   0.5221622E-0003  -0.2649615E-0002   0.1801239E-0002  -0.3122738E-0003
    11.56800  -0.6593174E-0002   0.7029178E-0003   0.5010681E-0003  -0.2636762E-0002   0.1798670E-0002  -0.3210408E-0003
    11.57600  -0.6587403E-0002   0.7213785E-0003   0.4800964E-0003  -0.2621453E-0002   0.1795958E-0002  -0.3390748E-0003
    11.58400  -0.6581514E-0002   0.7360692E-0003   0.4592666E-0003  -0.2603732E-0002   0.1793020E-0002  -0.3671966E-0003
    11.59200  -0.6575540E-0002   0.7468171E-0003   0.4385974E-0003  -0.2583652E-0002   0.1789771E-0002  -0.4061358E-0003
    11.60000  -0.6569511E-0002   0.7535153E-0003   0.4181071E-0003  -0.2561279E-0002   0.1786119E-0002  -0.4564949E-0003
    11.60800  -0.6563462E-0002   0.7561260E-0003   0.3978136E-0003  -0.2536697E-0002   0.1781969E-0002  -0.5187139E-0003
    11.61600  -0.6557425E-0002   0.7546814E-0003   0.3777335E-0003  -0.2510012E-0002   0.1777225E-0002  -0.5930400E-0003
    11.62400  -0.6551431E-0002   0.7492838E-0003   0.3578826E-0003  -0.2481355E-0002   0.1771789E-0002  -0.6795009E-0003
    11.63200  -0.6545510E-0002   0.7401027E-0003   0.3382755E-0003  -0.2450886E-0002   0.1765566E-0002  -0.7778843E-0003
    11.64000  -0.6539691E-0002   0.7273711E-0003   0.3189252E-0003  -0.2418790E-0002   0.1758464E-0002  -0.8877243E-0003
    11.64800  -0.6534000E-0002   0.7113797E-0003   0.2998430E-0003  -0.2385280E-0002   0.1750398E-0002  -0.1008295E-0002
    11.65600  -0.6528460E-0002   0.6924691E-0003   0.2810383E-0003  -0.2350588E-0002   0.1741289E-0002  -0.1138610E-0002
    11.66400  -0.6523092E-0002   0.6710213E-0003   0.2625185E-0003  -0.2314967E-0002   0.1731070E-0002  -0.1277435E-0002
    11.67200  -0.6517912E-0002   0.6474496E-0003   0.2442891E-0003  -0.2278678E-0002   0.1719683E-0002  -0.1423305E-0002
    11.68000  -0.6512935E-0002   0.6221878E-0003   0.2263532E-0003  -0.2241986E-0002   0.1707087E-0002  -0.1574545E-0002
    11.68800  -0.6508169E-0002   0.5956785E-0003   0.2087120E-0003  -0.2205151E-0002   0.1693252E-0002  -0.1729309E-0002
    11.69600  -0.6503622E-0002   0.5683616E-0003   0.1913646E-0003  -0.2168419E-0002   0.1678167E-0002  -0.1885616E-0002
    11.70400  -0.6499297E-0002   0.5406627E-0003   0.1743085E-0003  -0.2132015E-0002   0.1661836E-0002  -0.2041395E-0002
    11.71200  -0.6495193E-0002   0.5129817E-0003   0.1575395E-0003  -0.2096132E-0002   0.1644280E-0002  -0.2194536E-0002
    11.72000  -0.6491308E-0002   0.4856826E-0003   0.1410520E-0003  -0.2060930E-0002   0.1625536E-0002  -0.2342940E-0002
    11.72800  -0.6487635E-0002   0.4590840E-0003   0.1248398E-0003  -0.2026525E-0002   0.1605660E-0002  -0.2484572E-0002
    11.73600  -0.6484168E-0002   0.4334510E-0003   0.1088959E-0003  -0.1992993E-0002   0.1584720E-0002  -0.2617520E-0002
    11.74400  -0.6480896E-0002   0.4089890E-0003   0.9321295E-0004  -0.1960364E-0002   0.1562799E-0002  -0.2740043E-0002
    11.75200  -0.6477809E-0002   0.3858387E-0003   0.7778395E-0004  -0.1928625E-0002   0.1539994E-0002  -0.2850618E-0002
    11.76000  -0.6474896E-0002   0.3640735E-0003   0.6260215E-0004  -0.1897725E-0002   0.1516410E-0002  -0.2947992E-0002
    11.76800  -0.6472147E-0002   0.3436983E-0003   0.4766151E-0004  -0.1867580E-0002   0.1492161E-0002  -0.3031211E-0002
    11.77600  -0.6469550E-0002   0.3246509E-0003   0.3295686E-0004  -0.1838081E-0002   0.1467363E-0002  -0.3099659E-0002
    11.78400  -0.6467095E-0002   0.3068044E-0003   0.1848405E-0004  -0.1809101E-0002   0.1442139E-0002  -0.3153076E-0002
    11.79200  -0.6464775E-0002   0.2899723E-0003   0.4240017E-0005  -0.1780504E-0002   0.1416606E-0002  -0.3191571E-0002
    11.80000  -0.6462584E-0002   0.2739147E-0003  -0.9777210E-0005  -0.1752153E-0002   0.1390881E-0002  -0.3215627E-0002
    11.80800  -0.6460517E-0002   0.2583461E-0003  -0.2356859E-0004  -0.1723922E-0002   0.1365072E-0002  -0.3226097E-0002
    11.81600  -0.6458574E-0002   0.2429441E-0003  -0.3713416E-0004  -0.1695697E-0002   0.1339279E-0002  -0.3224179E-0002
    11.82400  -0.6456755E-0002   0.2273598E-0003  -0.5047323E-0004  -0.1667383E-0002   0.1313588E-0002  -0.3211400E-0002
    11.83200  -0.6455065E-0002   0.2112280E-0003  -0.6358451E-0004  -0.1638911E-0002   0.1288071E-0002  -0.3189570E-0002
    11.84000  -0.6453512E-0002   0.1941786E-0003  -0.7646636E-0004  -0.1610230E-0002   0.1262785E-0002  -0.3160744E-0002
    11.84800  -0.6452105E-0002   0.1758476E-0003  -0.8911687E-0004  -0.1581314E-0002   0.1237768E-0002  -0.3127170E-0002
    11.85600  -0.6450858E-0002   0.1558882E-0003  -0.1015341E-0003  -0.1552153E-0002   0.1213038E-0002  -0.3091228E-0002
    11.86400  -0.6449786E-0002   0.1339812E-0003  -0.1137161E-0003  -0.1522748E-0002   0.1188595E-0002  -0.3055370E-0002
    11.87200  -0.6448907E-0002   0.1098453E-0003  -0.1256609E-0003  -0.1493107E-0002   0.1164419E-0002  -0.3022055E-0002
    11.88000  -0.6448241E-0002   0.8324584E-0004  -0.1373668E-0003  -0.1463236E-0002   0.1140469E-0002  -0.2993682E-0002
    11.88800  -0.6447809E-0002   0.5400269E-0004  -0.1488319E-0003  -0.1433132E-0002   0.1116689E-0002  -0.2972525E-0002
    11.89600  -0.6447633E-0002   0.2199680E-0004  -0.1600541E-0003  -0.1402777E-0002   0.1093004E-0002  -0.2960672E-0002
    11.90400  -0.6447736E-0002  -0.1282478E-0004  -0.1710312E-0003  -0.1372133E-0002   0.1069324E-0002  -0.2959964E-0002
    11.91200  -0.6448139E-0002  -0.5044552E-0004  -0.1817603E-0003  -0.1341141E-0002   0.1045548E-0002  -0.2971943E-0002
    11.92000  -0.6448866E-0002  -0.9077772E-0004  -0.1922380E-0003  -0.1309718E-0002   0.1021566E-0002  -0.2997807E-0002
    11.92800  -0.6449935E-0002  -0.1336627E-0003  -0.2024601E-0003  -0.1277761E-0002   0.9972590E-0003  -0.3038374E-0002
    11.93600  -0.6451366E-0002  -0.1788725E-0003  -0.2124213E-0003  -0.1245150E-0002   0.9725065E-0003  -0.3094056E-0002
    11.94400  -0.6453175E-0002  -0.2261142E-0003  -0.2221154E-0003  -0.1211759E-0002   0.9471878E-0003  -0.3164837E-0002
    11.95200  -0.6455375E-0002  -0.2750344E-0003  -0.2315351E-0003  -0.1177461E-0002   0.9211856E-0003  -0.3250278E-0002
    11.96000  -0.6457977E-0002  -0.3252272E-0003  -0.2406722E-0003  -0.1142140E-0002   0.8943895E-0003  -0.3349513E-0002
    11.96800  -0.6460987E-0002  -0.3762422E-0003  -0.2495178E-0003  -0.1105703E-0002   0.8666993E-0003  -0.3461271E-0002
    11.97600  -0.6464408E-0002  -0.4275944E-0003  -0.2580625E-0003  -0.1068087E-0002   0.8380281E-0003  -0.3583902E-0002
    11.98400  -0.6468238E-0002  -0.4787749E-0003  -0.2662967E-0003  -0.1029276E-0002   0.8083048E-0003  -0.3715417E-0002
    11.99200  -0.6472472E-0002  -0.5292628E-0003  -0.2742111E-0003  -0.9892994E-0003   0.7774765E-0003  -0.3853532E-0002
    12.00000  -0.6477100E-0002  -0.5785368E-0003  -0.2817971E-0003  -0.9482443E-0003   0.7455107E-0003  -0.3995722E-0002
    12.00800  -0.6482109E-0002  -0.6260875E-0003  -0.2890471E-0003  -0.9062537E-0003   0.7123965E-0003  -0.4139283E-0002
    12.01600  -0.6487480E-0002  -0.6714295E-0003  -0.2959553E-0003  -0.8635260E-0003   0.6781453E-0003  -0.4281399E-0002
    12.02400  -0.6493193E-0002  -0.7141129E-0003  -0.3025178E-0003  -0.8203097E-0003   0.6427916E-0003  -0.4419203E-0002
    12.03200  -0.6499223E-0002  -0.7537337E-0003  -0.3087330E-0003  -0.7768946E-0003   0.6063928E-0003  -0.4549857E-0002
    12.04000  -0.6505543E-0002  -0.7899434E-0003  -0.3146018E-0003  -0.7336010E-0003   0.5690279E-0003  -0.4670609E-0002
    12.04800  -0.6512122E-0002  -0.8224572E-0003  -0.3201279E-0003  -0.6907649E-0003   0.5307970E-0003  -0.4778868E-0002
    12.05600  -0.6518931E-0002  -0.8510604E-0003  -0.3253177E-0003  -0.6487237E-0003   0.4918189E-0003  -0.4872260E-0002
    12.06400  -0.6525936E-0002  -0.8756126E-0003  -0.3301801E-0003  -0.6077993E-0003   0.4522294E-0003  -0.4948686E-0002
    12.07200  -0.6533104E-0002  -0.8960510E-0003  -0.3347264E-0003  -0.5682835E-0003   0.4121784E-0003  -0.5006369E-0002
    12.08000  -0.6540403E-0002  -0.9123907E-0003  -0.3389697E-0003  -0.5304234E-0003   0.3718273E-0003  -0.5043895E-0002
    12.08800  -0.6547801E-0002  -0.9247232E-0003  -0.3429250E-0003  -0.4944099E-0003   0.3313453E-0003  -0.5060244E-0002
    12.09600  -0.6555267E-0002  -0.9332131E-0003  -0.3466080E-0003  -0.4603686E-0003   0.2909069E-0003  -0.5054805E-0002
    12.10400  -0.6562771E-0002  -0.9380929E-0003  -0.3500348E-0003  -0.4283551E-0003   0.2506877E-0003  -0.5027392E-0002
    12.11200  -0.6570289E-0002  -0.9396560E-0003  -0.3532216E-0003  -0.3983531E-0003   0.2108618E-0003  -0.4978237E-0002
    12.12000  -0.6577795E-0002  -0.9382485E-0003  -0.3561839E-0003  -0.3702773E-0003   0.1715980E-0003  -0.4907980E-0002
    12.12800  -0.6585269E-0002  -0.9342588E-0003  -0.3589357E-0003  -0.3439793E-0003   0.1330568E-0003  -0.4817646E-0002
    12.13600  -0.6592694E-0002  -0.9281080E-0003  -0.3614897E-0003  -0.3192568E-0003   0.9538792E-0004  -0.4708612E-0002
    12.14400  -0.6600055E-0002  -0.9202377E-0003  -0.3638567E-0003  -0.2958661E-0003   0.5872737E-0004  -0.4582569E-0002
    12.15200  -0.6607344E-0002  -0.9110987E-0003  -0.3660449E-0003  -0.2735349E-0003   0.2319562E-0004  -0.4441469E-0002
    12.16000  -0.6614553E-0002  -0.9011396E-0003  -0.3680608E-0003  -0.2519773E-0003  -0.1110422E-0004  -0.4287480E-0002
    12.16800  -0.6621680E-0002  -0.8907946E-0003  -0.3699080E-0003  -0.2309078E-0003  -0.4408755E-0004  -0.4122916E-0002
    12.17600  -0.6628723E-0002  -0.8804734E-0003  -0.3715885E-0003  -0.2100547E-0003  -0.7568906E-0004  -0.3950188E-0002
    12.18400  -0.6635688E-0002  -0.8705507E-0003  -0.3731018E-0003  -0.1891717E-0003  -0.1058629E-0003  -0.3771734E-0002
    12.19200  -0.6642579E-0002  -0.8613571E-0003  -0.3744462E-0003  -0.1680476E-0003  -0.1345826E-0003  -0.3589962E-0002
    12.20000  -0.6649404E-0002  -0.8531714E-0003  -0.3756183E-0003  -0.1465119E-0003  -0.1618401E-0003  -0.3407188E-0002
    12.20800  -0.6656174E-0002  -0.8462141E-0003  -0.3766138E-0003  -0.1244394E-0003  -0.1876448E-0003  -0.3225585E-0002
    12.21600  -0.6662899E-0002  -0.8406422E-0003  -0.3774278E-0003  -0.1017505E-0003  -0.2120219E-0003  -0.3047130E-0002
    12.22400  -0.6669591E-0002  -0.8365465E-0003  -0.3780551E-0003  -0.7840891E-0004  -0.2350104E-0003  -0.2873564E-0002
    12.23200  -0.6676263E-0002  -0.8339494E-0003  -0.3784905E-0003  -0.5441819E-0004  -0.2566612E-0003  -0.2706354E-0002
    12.24000  -0.6682925E-0002  -0.8328053E-0003  -0.3787290E-0003  -0.2981528E-0004  -0.2770346E-0003  -0.2546671E-0002
    12.24800  -0.6689589E-0002  -0.8330023E-0003  -0.3787663E-0003  -0.4663811E-0005  -0.2961975E-0003  -0.2395365E-0002
    12.25600  -0.6696264E-0002  -0.8343657E-0003  -0.3785987E-0003   0.2095331E-0004  -0.3142212E-0003  -0.2252965E-0002
    12.26400  -0.6702958E-0002  -0.8366628E-0003  -0.3782231E-0003   0.4694097E-0004  -0.3311786E-0003  -0.2119675E-0002
    12.27200  -0.6709675E-0002  -0.8396097E-0003  -0.3776375E-0003   0.7319819E-0004  -0.3471417E-0003  -0.1995388E-0002
    12.28000  -0.6716418E-0002  -0.8428789E-0003  -0.3768406E-0003   0.9962322E-0004  -0.3621793E-0003  -0.1879700E-0002
    12.28800  -0.6723186E-0002  -0.8461084E-0003  -0.3758316E-0003   0.1261172E-0003  -0.3763549E-0003  -0.1771945E-0002
    12.29600  -0.6729978E-0002  -0.8489115E-0003  -0.3746109E-0003   0.1525860E-0003  -0.3897247E-0003  -0.1671222E-0002
    12.30400  -0.6736785E-0002  -0.8508874E-0003  -0.3731794E-0003   0.1789411E-0003  -0.4023362E-0003  -0.1576438E-0002
    12.31200  -0.6743598E-0002  -0.8516325E-0003  -0.3715386E-0003   0.2050981E-0003  -0.4142270E-0003  -0.1486353E-0002
    12.32000  -0.6750404E-0002  -0.8507512E-0003  -0.3696908E-0003   0.2309755E-0003  -0.4254240E-0003  -0.1399628E-0002
    12.32800  -0.6757187E-0002  -0.8478679E-0003  -0.3676389E-0003   0.2564919E-0003  -0.4359430E-0003  -0.1314871E-0002
    12.33600  -0.6763928E-0002  -0.8426369E-0003  -0.3653864E-0003   0.2815634E-0003  -0.4457885E-0003  -0.1230691E-0002
    12.34400  -0.6770606E-0002  -0.8347530E-0003  -0.3629376E-0003   0.3061017E-0003  -0.4549544E-0003  -0.1145741E-0002
    12.35200  -0.6777198E-0002  -0.8239605E-0003  -0.3602975E-0003   0.3300124E-0003  -0.4634246E-0003  -0.1058768E-0002
    12.36000  -0.6783678E-0002  -0.8100613E-0003  -0.3574719E-0003   0.3531950E-0003  -0.4711738E-0003  -0.9686511E-0003
    12.36800  -0.6790021E-0002  -0.7929208E-0003  -0.3544676E-0003   0.3755434E-0003  -0.4781693E-0003  -0.8744396E-0003
    12.37600  -0.6796201E-0002  -0.7724730E-0003  -0.3512920E-0003   0.3969486E-0003  -0.4843723E-0003  -0.7753808E-0003
    12.38400  -0.6802191E-0002  -0.7487233E-0003  -0.3479535E-0003   0.4173025E-0003  -0.4897399E-0003  -0.6709438E-0003
    12.39200  -0.6807965E-0002  -0.7217496E-0003  -0.3444615E-0003   0.4365019E-0003  -0.4942266E-0003  -0.5608346E-0003
    12.40000  -0.6813499E-0002  -0.6917008E-0003  -0.3408259E-0003   0.4544547E-0003  -0.4977866E-0003  -0.4450033E-0003
    12.40800  -0.6818769E-0002  -0.6587943E-0003  -0.3370572E-0003   0.4710851E-0003  -0.5003757E-0003  -0.3236435E-0003
    12.41600  -0.6823756E-0002  -0.6233110E-0003  -0.3331665E-0003   0.4863394E-0003  -0.5019532E-0003  -0.1971836E-0003
    12.42400  -0.6828440E-0002  -0.5855883E-0003  -0.3291650E-0003   0.5001910E-0003  -0.5024834E-0003  -0.6627107E-0004
    12.43200  -0.6832808E-0002  -0.5460122E-0003  -0.3250638E-0003   0.5126441E-0003  -0.5019374E-0003   0.6825023E-0004
    12.44000  -0.6836848E-0002  -0.5050078E-0003  -0.3208739E-0003   0.5237360E-0003  -0.5002944E-0003   0.2053690E-0003
    12.44800  -0.6840553E-0002  -0.4630286E-0003  -0.3166056E-0003   0.5335379E-0003  -0.4975429E-0003   0.3439401E-0003
    12.45600  -0.6843917E-0002  -0.4205450E-0003  -0.3122684E-0003   0.5421534E-0003  -0.4936811E-0003   0.4827223E-0003
    12.46400  -0.6846941E-0002  -0.3780333E-0003  -0.3078707E-0003   0.5497155E-0003  -0.4887178E-0003   0.6204186E-0003
    12.47200  -0.6849629E-0002  -0.3359631E-0003  -0.3034196E-0003   0.5563817E-0003  -0.4826720E-0003   0.7557181E-0003
    12.48000  -0.6851987E-0002  -0.2947866E-0003  -0.2989210E-0003   0.5623272E-0003  -0.4755733E-0003   0.8873379E-0003
    12.48800  -0.6854027E-0002  -0.2549271E-0003  -0.2943791E-0003   0.5677381E-0003  -0.4674608E-0003   0.1014064E-0002
    12.49600  -0.6855761E-0002  -0.2167699E-0003  -0.2897967E-0003   0.5728028E-0003  -0.4583825E-0003   0.1134789E-0002
    12.50400  -0.6857206E-0002  -0.1806524E-0003  -0.2851750E-0003   0.5777040E-0003  -0.4483941E-0003   0.1248548E-0002
    12.51200  -0.6858381E-0002  -0.1468577E-0003  -0.2805142E-0003   0.5826110E-0003  -0.4375577E-0003   0.1354549E-0002
    12.52000  -0.6859306E-0002  -0.1156083E-0003  -0.2758128E-0003   0.5876725E-0003  -0.4259402E-0003   0.1452193E-0002
    12.52800  -0.6860002E-0002  -0.8706184E-0004  -0.2710687E-0003   0.5930114E-0003  -0.4136114E-0003   0.1541102E-0002
    12.53600  -0.6860493E-0002  -0.6130861E-0004  -0.2662789E-0003   0.5987205E-0003  -0.4006424E-0003   0.1621120E-0002
    12.54400  -0.6860800E-0002  -0.3837110E-0004  -0.2614400E-0003   0.6048603E-0003  -0.3871038E-0003   0.1692326E-0002
    12.55200  -0.6860945E-0002  -0.1820477E-0004  -0.2565484E-0003   0.6114589E-0003  -0.3730636E-0003   0.1755027E-0002
    12.56000  -0.6860951E-0002  -0.7008277E-0006  -0.2516003E-0003   0.6185130E-0003  -0.3585856E-0003   0.1809751E-0002
    12.56800  -0.6860836E-0002   0.1430961E-0004  -0.2465923E-0003   0.6259912E-0003  -0.3437277E-0003   0.1857229E-0002
    12.57600  -0.6860620E-0002   0.2704984E-0004  -0.2415216E-0003   0.6338378E-0003  -0.3285407E-0003   0.1898375E-0002
    12.58400  -0.6860318E-0002   0.3779075E-0004  -0.2363858E-0003   0.6419788E-0003  -0.3130667E-0003   0.1934257E-0002
    12.59200  -0.6859943E-0002   0.4684290E-0004  -0.2311832E-0003   0.6503270E-0003  -0.2973381E-0003   0.1966067E-0002
    12.60000  -0.6859507E-0002   0.5454782E-0004  -0.2259129E-0003   0.6587877E-0003  -0.2813775E-0003   0.1995079E-0002
    12.60800  -0.6859016E-0002   0.6126863E-0004  -0.2205748E-0003   0.6672652E-0003  -0.2651965E-0003   0.2022621E-0002
    12.61600  -0.6858477E-0002   0.6738040E-0004  -0.2151694E-0003   0.6756670E-0003  -0.2487963E-0003   0.2050024E-0002
    12.62400  -0.6857891E-0002   0.7326027E-0004  -0.2096982E-0003   0.6839081E-0003  -0.2321676E-0003   0.2078591E-0002
    12.63200  -0.6857257E-0002   0.7927778E-0004  -0.2041628E-0003   0.6919145E-0003  -0.2152912E-0003   0.2109554E-0002
    12.64000  -0.6856571E-0002   0.8578540E-0004  -0.1985658E-0003   0.6996250E-0003  -0.1981389E-0003   0.2144038E-0002
    12.64800  -0.6855826E-0002   0.9310976E-0004  -0.1929099E-0003   0.7069923E-0003  -0.1806746E-0003   0.2183030E-0002
    12.65600  -0.6855014E-0002   0.1015436E-0003  -0.1871980E-0003   0.7139827E-0003  -0.1628559E-0003   0.2227345E-0002
    12.66400  -0.6854123E-0002   0.1113385E-0003  -0.1814334E-0003   0.7205758E-0003  -0.1446350E-0003   0.2277608E-0002
    12.67200  -0.6853141E-0002   0.1226992E-0003  -0.1756193E-0003   0.7267628E-0003  -0.1259612E-0003   0.2334233E-0002
    12.68000  -0.6852055E-0002   0.1357789E-0003  -0.1697590E-0003   0.7325448E-0003  -0.1067819E-0003   0.2397408E-0002
    12.68800  -0.6850850E-0002   0.1506756E-0003  -0.1638555E-0003   0.7379308E-0003  -0.8704510E-0004   0.2467098E-0002
    12.69600  -0.6849510E-0002   0.1674307E-0003  -0.1579120E-0003   0.7429361E-0003  -0.6670079E-0004   0.2543039E-0002
    12.70400  -0.6848022E-0002   0.1860290E-0003  -0.1519314E-0003   0.7475806E-0003  -0.4570278E-0004   0.2624750E-0002
    12.71200  -0.6846371E-0002   0.2063994E-0003  -0.1459163E-0003   0.7518873E-0003  -0.2401040E-0004   0.2711548E-0002
    12.72000  -0.6844543E-0002   0.2284180E-0003  -0.1398692E-0003   0.7558814E-0003  -0.1589880E-0005   0.2802565E-0002
    12.72800  -0.6842528E-0002   0.2519128E-0003  -0.1337925E-0003   0.7595900E-0003   0.2158436E-0004   0.2896780E-0002
    12.73600  -0.6840315E-0002   0.2766686E-0003  -0.1276882E-0003   0.7630412E-0003   0.4552874E-0004   0.2993047E-0002
    12.74400  -0.6837895E-0002   0.3024342E-0003  -0.1215581E-0003   0.7662639E-0003   0.7024975E-0004   0.3090126E-0002
    12.75200  -0.6835264E-0002   0.3289299E-0003  -0.1154038E-0003   0.7692877E-0003   0.9574356E-0004   0.3186726E-0002
    12.76000  -0.6832417E-0002   0.3558561E-0003  -0.1092266E-0003   0.7721421E-0003   0.1219959E-0003   0.3281540E-0002
    12.76800  -0.6829354E-0002   0.3829021E-0003  -0.1030278E-0003   0.7748558E-0003   0.1489822E-0003   0.3373285E-0002
    12.77600  -0.6826076E-0002   0.4097551E-0003  -0.9680815E-0004   0.7774550E-0003   0.1766681E-0003   0.3460739E-0002
    12.78400  -0.6822587E-0002   0.4361096E-0003  -0.9056845E-0004   0.7799623E-0003   0.2050103E-0003   0.3542780E-0002
    12.79200  -0.6818893E-0002   0.4616759E-0003  -0.8430930E-0004   0.7823935E-0003   0.2339577E-0003   0.3618417E-0002
    12.80000  -0.6815004E-0002   0.4861879E-0003  -0.7803126E-0004   0.7847556E-0003   0.2634523E-0003   0.3686825E-0002
    12.80800  -0.6810929E-0002   0.5094111E-0003  -0.7173491E-0004   0.7870437E-0003   0.2934312E-0003   0.3747363E-0002
    12.81600  -0.6806680E-0002   0.5311481E-0003  -0.6542100E-0004   0.7892378E-0003   0.3238280E-0003   0.3799600E-0002
    12.82400  -0.6802270E-0002   0.5512439E-0003  -0.5909060E-0004   0.7913001E-0003   0.3545746E-0003   0.3843328E-0002
    12.83200  -0.6797713E-0002   0.5695894E-0003  -0.5274522E-0004   0.7931724E-0003   0.3856031E-0003   0.3878567E-0002
    12.84000  -0.6793024E-0002   0.5861236E-0003  -0.4638703E-0004   0.7947745E-0003   0.4168477E-0003   0.3905571E-0002
    12.84800  -0.6788217E-0002   0.6008344E-0003  -0.4001900E-0004   0.7960038E-0003   0.4482463E-0003   0.3924820E-0002
    12.85600  -0.6783307E-0002   0.6137576E-0003  -0.3364512E-0004   0.7967348E-0003   0.4797424E-0003   0.3937010E-0002
    12.86400  -0.6778307E-0002   0.6249747E-0003  -0.2727054E-0004   0.7968217E-0003   0.5112866E-0003   0.3943035E-0002
    12.87200  -0.6773230E-0002   0.6346095E-0003  -0.2090174E-0004   0.7961006E-0003   0.5428384E-0003   0.3943965E-0002
    12.88000  -0.6768088E-0002   0.6428236E-0003  -0.1454658E-0004   0.7943944E-0003   0.5743665E-0003   0.3941020E-0002
    12.88800  -0.6762889E-0002   0.6498104E-0003  -0.8214441E-0005   0.7915177E-0003   0.6058508E-0003   0.3935534E-0002
    12.89600  -0.6757643E-0002   0.6557889E-0003  -0.1916168E-0005   0.7872841E-0003   0.6372822E-0003   0.3928924E-0002
    12.90400  -0.6752355E-0002   0.6609967E-0003   0.4335930E-0005   0.7815122E-0003   0.6686634E-0003   0.3922653E-0002
    12.91200  -0.6747030E-0002   0.6656827E-0003   0.1052821E-0004   0.7740344E-0003   0.7000089E-0003   0.3918189E-0002
    12.92000  -0.6741669E-0002   0.6700997E-0003   0.1664583E-0004   0.7647034E-0003   0.7313447E-0003   0.3916969E-0002
    12.92800  -0.6736273E-0002   0.6744971E-0003   0.2267303E-0004   0.7533997E-0003   0.7627076E-0003   0.3920360E-0002
    12.93600  -0.6730840E-0002   0.6791142E-0003   0.2859333E-0004   0.7400377E-0003   0.7941445E-0003   0.3929621E-0002
    12.94400  -0.6725367E-0002   0.6841735E-0003   0.3438990E-0004   0.7245708E-0003   0.8257115E-0003   0.3945874E-0002
    12.95200  -0.6719848E-0002   0.6898751E-0003   0.4004586E-0004   0.7069952E-0003   0.8574721E-0003   0.3970071E-0002
    12.96000  -0.6714276E-0002   0.6963922E-0003   0.4554467E-0004   0.6873511E-0003   0.8894958E-0003   0.4002970E-0002
    12.96800  -0.6708645E-0002   0.7038669E-0003   0.5087046E-0004   0.6657236E-0003   0.9218567E-0003   0.4045113E-0002
    12.97600  -0.6702946E-0002   0.7124074E-0003   0.5600838E-0004   0.6422402E-0003   0.9546313E-0003   0.4096814E-0002
    12.98400  -0.6697170E-0002   0.7220866E-0003   0.6094493E-0004   0.6170679E-0003   0.9878964E-0003   0.4158147E-0002
    12.99200  -0.6691306E-0002   0.7329413E-0003   0.6566818E-0004   0.5904073E-0003   0.1021728E-0002   0.4228942E-0002
    13.00000  -0.6685346E-0002   0.7449726E-0003   0.7016808E-0004   0.5624868E-0003   0.1056198E-0002   0.4308793E-0002
    13.00800  -0.6679281E-0002   0.7581476E-0003   0.7443651E-0004   0.5335544E-0003   0.1091375E-0002   0.4397062E-0002
    13.01600  -0.6673102E-0002   0.7724023E-0003   0.7846748E-0004   0.5038701E-0003   0.1127318E-0002   0.4492895E-0002
    13.02400  -0.6666801E-0002   0.7876443E-0003   0.8225705E-0004   0.4736971E-0003   0.1164080E-0002   0.4595242E-0002
    13.03200  -0.6660371E-0002   0.8037573E-0003   0.8580340E-0004   0.4432935E-0003   0.1201703E-0002   0.4702882E-0002
    13.04000  -0.6653806E-0002   0.8206062E-0003   0.8910664E-0004   0.4129047E-0003   0.1240219E-0002   0.4814452E-0002
    13.04800  -0.6647101E-0002   0.8380417E-0003   0.9216869E-0004   0.3827564E-0003   0.1279646E-0002   0.4928476E-0002
    13.05600  -0.6640254E-0002   0.8559063E-0003   0.9499308E-0004   0.3530486E-0003   0.1319994E-0002   0.5043403E-0002
    13.06400  -0.6633262E-0002   0.8740396E-0003   0.9758469E-0004   0.3239515E-0003   0.1361255E-0002   0.5157640E-0002
    13.07200  -0.6626124E-0002   0.8922839E-0003   0.9994951E-0004   0.2956020E-0003   0.1403411E-0002   0.5269591E-0002
    13.08000  -0.6618840E-0002   0.9104894E-0003   0.1020943E-0003   0.2681026E-0003   0.1446433E-0002   0.5377690E-0002
    13.08800  -0.6611411E-0002   0.9285191E-0003   0.1040265E-0003   0.2415206E-0003   0.1490277E-0002   0.5480441E-0002
    13.09600  -0.6603841E-0002   0.9462530E-0003   0.1057536E-0003   0.2158902E-0003   0.1534888E-0002   0.5576446E-0002
    13.10400  -0.6596133E-0002   0.9635915E-0003   0.1072833E-0003   0.1912141E-0003   0.1580204E-0002   0.5664440E-0002
    13.11200  -0.6588289E-0002   0.9804585E-0003   0.1086231E-0003   0.1674668E-0003   0.1626150E-0002   0.5743316E-0002
    13.12000  -0.6580315E-0002   0.9968028E-0003   0.1097799E-0003   0.1445990E-0003   0.1672647E-0002   0.5812148E-0002
    13.12800  -0.6572214E-0002   0.1012599E-0002   0.1107602E-0003   0.1225414E-0003   0.1719609E-0002   0.5870208E-0002
    13.13600  -0.6563991E-0002   0.1027848E-0002   0.1115699E-0003   0.1012093E-0003   0.1766945E-0002   0.5916982E-0002
    13.14400  -0.6555650E-0002   0.1042575E-0002   0.1122139E-0003   0.8050715E-0004   0.1814562E-0002   0.5952180E-0002
    13.15200  -0.6547196E-0002   0.1056827E-0002   0.1126966E-0003   0.6033270E-0004   0.1862368E-0002   0.5975732E-0002
    13.16000  -0.6538630E-0002   0.1070674E-0002   0.1130212E-0003   0.4058051E-0004   0.1910271E-0002   0.5987793E-0002
    13.16800  -0.6529957E-0002   0.1084198E-0002   0.1131904E-0003   0.2114528E-0004   0.1958180E-0002   0.5988735E-0002
    13.17600  -0.6521177E-0002   0.1097497E-0002   0.1132058E-0003   0.1924466E-0005   0.2006013E-0002   0.5979128E-0002
    13.18400  -0.6512291E-0002   0.1110675E-0002   0.1130683E-0003  -0.1717965E-0004   0.2053691E-0002   0.5959734E-0002
    13.19200  -0.6503301E-0002   0.1123838E-0002   0.1127783E-0003  -0.3625848E-0004   0.2101143E-0002   0.5931478E-0002
    13.20000  -0.6494204E-0002   0.1137092E-0002   0.1123351E-0003  -0.5539598E-0004   0.2148307E-0002   0.5895428E-0002
    13.20800  -0.6485000E-0002   0.1150534E-0002   0.1117378E-0003  -0.7466800E-0004   0.2195129E-0002   0.5852768E-0002
    13.21600  -0.6475686E-0002   0.1164251E-0002   0.1109846E-0003  -0.9414172E-0004   0.2241567E-0002   0.5804768E-0002
    13.22400  -0.6466259E-0002   0.1178313E-0002   0.1100736E-0003  -0.1138753E-0003   0.2287589E-0002   0.5752758E-0002
    13.23200  -0.6456717E-0002   0.1192770E-0002   0.1090023E-0003  -0.1339177E-0003   0.2333174E-0002   0.5698089E-0002
    13.24000  -0.6447056E-0002   0.1207654E-0002   0.1077678E-0003  -0.1543078E-0003   0.2378311E-0002   0.5642111E-0002
    13.24800  -0.6437272E-0002   0.1222967E-0002   0.1063672E-0003  -0.1750744E-0003   0.2423000E-0002   0.5586138E-0002
    13.25600  -0.6427363E-0002   0.1238691E-0002   0.1047973E-0003  -0.1962353E-0003   0.2467251E-0002   0.5531421E-0002
    13.26400  -0.6417324E-0002   0.1254778E-0002   0.1030550E-0003  -0.2177963E-0003   0.2511084E-0002   0.5479122E-0002
    13.27200  -0.6407155E-0002   0.1271157E-0002   0.1011370E-0003  -0.2397507E-0003   0.2554526E-0002   0.5430288E-0002
    13.28000  -0.6396853E-0002   0.1287734E-0002   0.9904034E-0004  -0.2620782E-0003   0.2597613E-0002   0.5385834E-0002
    13.28800  -0.6386418E-0002   0.1304391E-0002   0.9676239E-0004  -0.2847439E-0003   0.2640385E-0002   0.5346523E-0002
    13.29600  -0.6375850E-0002   0.1320996E-0002   0.9430081E-0004  -0.3076981E-0003   0.2682889E-0002   0.5312952E-0002
    13.30400  -0.6365151E-0002   0.1337397E-0002   0.9165380E-0004  -0.3308756E-0003   0.2725173E-0002   0.5285546E-0002
    13.31200  -0.6354323E-0002   0.1353436E-0002   0.8882023E-0004  -0.3541961E-0003   0.2767290E-0002   0.5264552E-0002
    13.32000  -0.6343372E-0002   0.1368947E-0002   0.8579971E-0004  -0.3775647E-0003   0.2809290E-0002   0.5250034E-0002
    13.32800  -0.6332302E-0002   0.1383763E-0002   0.8259273E-0004  -0.4008729E-0003   0.2851225E-0002   0.5241882E-0002
    13.33600  -0.6321120E-0002   0.1397720E-0002   0.7920072E-0004  -0.4240010E-0003   0.2893143E-0002   0.5239816E-0002
    13.34400  -0.6309835E-0002   0.1410663E-0002   0.7562616E-0004  -0.4468197E-0003   0.2935091E-0002   0.5243398E-0002
    13.35200  -0.6298455E-0002   0.1422447E-0002   0.7187261E-0004  -0.4691938E-0003   0.2977107E-0002   0.5252045E-0002
    13.36000  -0.6286992E-0002   0.1432946E-0002   0.6794473E-0004  -0.4909851E-0003   0.3019227E-0002   0.5265046E-0002
    13.36800  -0.6275455E-0002   0.1442051E-0002   0.6384828E-0004  -0.5120565E-0003   0.3061480E-0002   0.5281583E-0002
    13.37600  -0.6263858E-0002   0.1449676E-0002   0.5959007E-0004  -0.5322757E-0003   0.3103886E-0002   0.5300752E-0002
    13.38400  -0.6252212E-0002   0.1455760E-0002   0.5517792E-0004  -0.5515194E-0003   0.3146459E-0002   0.5321586E-0002
    13.39200  -0.6240530E-0002   0.1460267E-0002   0.5062050E-0004  -0.5696769E-0003   0.3189203E-0002   0.5343077E-0002
    13.40000  -0.6228824E-0002   0.1463187E-0002   0.4592727E-0004  -0.5866537E-0003   0.3232117E-0002   0.5364202E-0002
    13.40800  -0.6217108E-0002   0.1464536E-0002   0.4110828E-0004  -0.6023744E-0003   0.3275189E-0002   0.5383948E-0002
    13.41600  -0.6205393E-0002   0.1464352E-0002   0.3617400E-0004  -0.6167850E-0003   0.3318399E-0002   0.5401329E-0002
    13.42400  -0.6193691E-0002   0.1462700E-0002   0.3113516E-0004  -0.6298544E-0003   0.3361722E-0002   0.5415416E-0002
    13.43200  -0.6182014E-0002   0.1459663E-0002   0.2600256E-0004  -0.6415749E-0003   0.3405125E-0002   0.5425349E-0002
    13.44000  -0.6170371E-0002   0.1455341E-0002   0.2078686E-0004  -0.6519623E-0003   0.3448568E-0002   0.5430358E-0002
    13.44800  -0.6158773E-0002   0.1449850E-0002   0.1549843E-0004  -0.6610543E-0003   0.3492006E-0002   0.5429777E-0002
    13.45600  -0.6147226E-0002   0.1443314E-0002   0.1014716E-0004  -0.6689089E-0003   0.3535391E-0002   0.5423056E-0002
    13.46400  -0.6135739E-0002   0.1435864E-0002   0.4742343E-0005  -0.6756018E-0003   0.3578669E-0002   0.5409769E-0002
    13.47200  -0.6124318E-0002   0.1427634E-0002  -0.7074408E-0006  -0.6812230E-0003   0.3621786E-0002   0.5389622E-0002
    13.48000  -0.6112968E-0002   0.1418755E-0002  -0.6194426E-0005  -0.6858731E-0003   0.3664686E-0002   0.5362451E-0002
    13.48800  -0.6101693E-0002   0.1409353E-0002  -0.1171171E-0004  -0.6896599E-0003   0.3707311E-0002   0.5328225E-0002
    13.49600  -0.6090497E-0002   0.1399544E-0002  -0.1725326E-0004  -0.6926942E-0003   0.3749608E-0002   0.5287038E-0002
    13.50400  -0.6079381E-0002   0.1389432E-0002  -0.2281395E-0004  -0.6950858E-0003   0.3791521E-0002   0.5239106E-0002
    13.51200  -0.6068348E-0002   0.1379107E-0002  -0.2838947E-0004  -0.6969408E-0003   0.3832999E-0002   0.5184752E-0002
    13.52000  -0.6057399E-0002   0.1368639E-0002  -0.3397634E-0004  -0.6983581E-0003   0.3873994E-0002   0.5124400E-0002
    13.52800  -0.6046535E-0002   0.1358083E-0002  -0.3957175E-0004  -0.6994269E-0003   0.3914462E-0002   0.5058553E-0002
    13.53600  -0.6035755E-0002   0.1347471E-0002  -0.4517356E-0004  -0.7002255E-0003   0.3954364E-0002   0.4987785E-0002
    13.54400  -0.6025060E-0002   0.1336818E-0002  -0.5078011E-0004  -0.7008193E-0003   0.3993666E-0002   0.4912718E-0002
    13.55200  -0.6014451E-0002   0.1326118E-0002  -0.5639020E-0004  -0.7012611E-0003   0.4032338E-0002   0.4834004E-0002
    13.56000  -0.6003929E-0002   0.1315348E-0002  -0.6200293E-0004  -0.7015905E-0003   0.4070357E-0002   0.4752312E-0002
    13.56800  -0.5993493E-0002   0.1304467E-0002  -0.6761761E-0004  -0.7018351E-0003   0.4107703E-0002   0.4668302E-0002
    13.57600  -0.5983146E-0002   0.1293419E-0002  -0.7323370E-0004  -0.7020111E-0003   0.4144364E-0002   0.4582615E-0002
    13.58400  -0.5972888E-0002   0.1282138E-0002  -0.7885069E-0004  -0.7021246E-0003   0.4180331E-0002   0.4495852E-0002
    13.59200  -0.5962724E-0002   0.1270548E-0002  -0.8446808E-0004  -0.7021735E-0003   0.4215599E-0002   0.4408560E-0002
    13.60000  -0.5952656E-0002   0.1258564E-0002  -0.9008527E-0004  -0.7021487E-0003   0.4250169E-0002   0.4321217E-0002
    13.60800  -0.5942687E-0002   0.1246100E-0002  -0.9570156E-0004  -0.7020356E-0003   0.4284043E-0002   0.4234226E-0002
    13.61600  -0.5932822E-0002   0.1233072E-0002  -0.1013161E-0003  -0.7018161E-0003   0.4317226E-0002   0.4147900E-0002
    13.62400  -0.5923067E-0002   0.1219394E-0002  -0.1069278E-0003  -0.7014689E-0003   0.4349726E-0002   0.4062459E-0002
    13.63200  -0.5913427E-0002   0.1204991E-0002  -0.1125356E-0003  -0.7009715E-0003   0.4381550E-0002   0.3978026E-0002
    13.64000  -0.5903909E-0002   0.1189792E-0002  -0.1181380E-0003  -0.7003000E-0003   0.4412707E-0002   0.3894623E-0002
    13.64800  -0.5894519E-0002   0.1173741E-0002  -0.1237335E-0003  -0.6994302E-0003   0.4443204E-0002   0.3812179E-0002
    13.65600  -0.5885265E-0002   0.1156792E-0002  -0.1293202E-0003  -0.6983378E-0003   0.4473049E-0002   0.3730527E-0002
    13.66400  -0.5876153E-0002   0.1138915E-0002  -0.1348961E-0003  -0.6969983E-0003   0.4502244E-0002   0.3649415E-0002
    13.67200  -0.5867192E-0002   0.1120095E-0002  -0.1404592E-0003  -0.6953872E-0003   0.4530792E-0002   0.3568510E-0002
    13.68000  -0.5858390E-0002   0.1100333E-0002  -0.1460071E-0003  -0.6934798E-0003   0.4558691E-0002   0.3487417E-0002
    13.68800  -0.5849753E-0002   0.1079645E-0002  -0.1515371E-0003  -0.6912513E-0003   0.4585937E-0002   0.3405680E-0002
    13.69600  -0.5841288E-0002   0.1058065E-0002  -0.1570465E-0003  -0.6886767E-0003   0.4612519E-0002   0.3322805E-0002
    13.70400  -0.5833003E-0002   0.1035641E-0002  -0.1625323E-0003  -0.6857309E-0003   0.4638425E-0002   0.3238268E-0002
    13.71200  -0.5824903E-0002   0.1012434E-0002  -0.1679915E-0003  -0.6823891E-0003   0.4663638E-0002   0.3151532E-0002
    13.72000  -0.5816995E-0002   0.9885179E-0003  -0.1734205E-0003  -0.6786269E-0003   0.4688134E-0002   0.3062062E-0002
    13.72800  -0.5809284E-0002   0.9639784E-0003  -0.1788158E-0003  -0.6744210E-0003   0.4711889E-0002   0.2969337E-0002
    13.73600  -0.5801772E-0002   0.9389088E-0003  -0.1841738E-0003  -0.6697493E-0003   0.4734872E-0002   0.2872866E-0002
    13.74400  -0.5794465E-0002   0.9134089E-0003  -0.1894906E-0003  -0.6645923E-0003   0.4757049E-0002   0.2772198E-0002
    13.75200  -0.5787364E-0002   0.8875832E-0003  -0.1947620E-0003  -0.6589328E-0003   0.4778385E-0002   0.2666935E-0002
    13.76000  -0.5780472E-0002   0.8615381E-0003  -0.1999841E-0003  -0.6527572E-0003   0.4798839E-0002   0.2556740E-0002
    13.76800  -0.5773789E-0002   0.8353801E-0003  -0.2051525E-0003  -0.6460555E-0003   0.4818370E-0002   0.2441344E-0002
    13.77600  -0.5767315E-0002   0.8092138E-0003  -0.2102631E-0003  -0.6388217E-0003   0.4836934E-0002   0.2320553E-0002
    13.78400  -0.5761050E-0002   0.7831396E-0003  -0.2153115E-0003  -0.6310539E-0003   0.4854488E-0002   0.2194249E-0002
    13.79200  -0.5754992E-0002   0.7572527E-0003  -0.2202936E-0003  -0.6227544E-0003   0.4870987E-0002   0.2062392E-0002
    13.80000  -0.5749139E-0002   0.7316410E-0003  -0.2252050E-0003  -0.6139289E-0003   0.4886387E-0002   0.1925016E-0002
    13.80800  -0.5743488E-0002   0.7063845E-0003  -0.2300417E-0003  -0.6045862E-0003   0.4900645E-0002   0.1782231E-0002
    13.81600  -0.5738035E-0002   0.6815541E-0003  -0.2347996E-0003  -0.5947373E-0003   0.4913719E-0002   0.1634213E-0002
    13.82400  -0.5732778E-0002   0.6572113E-0003  -0.2394748E-0003  -0.5843946E-0003   0.4925568E-0002   0.1481195E-0002
    13.83200  -0.5727711E-0002   0.6334074E-0003  -0.2440633E-0003  -0.5735706E-0003   0.4936156E-0002   0.1323465E-0002
    13.84000  -0.5722829E-0002   0.6101840E-0003  -0.2485615E-0003  -0.5622766E-0003   0.4945447E-0002   0.1161352E-0002
    13.84800  -0.5718128E-0002   0.5875727E-0003  -0.2529657E-0003  -0.5505221E-0003   0.4953409E-0002   0.9952113E-0003
    13.85600  -0.5713604E-0002   0.5655959E-0003  -0.2572722E-0003  -0.5383131E-0003   0.4960012E-0002   0.8254220E-0003
    13.86400  -0.5709250E-0002   0.5442671E-0003  -0.2614774E-0003  -0.5256515E-0003   0.4965231E-0002   0.6523684E-0003
    13.87200  -0.5705061E-0002   0.5235914E-0003  -0.2655777E-0003  -0.5125347E-0003   0.4969042E-0002   0.4764317E-0003
    13.88000  -0.5701032E-0002   0.5035667E-0003  -0.2695693E-0003  -0.4989544E-0003   0.4971426E-0002   0.2979785E-0003
    13.88800  -0.5697159E-0002   0.4841844E-0003  -0.2734485E-0003  -0.4848977E-0003   0.4972365E-0002   0.1173512E-0003
    13.89600  -0.5693435E-0002   0.4654301E-0003  -0.2772113E-0003  -0.4703462E-0003   0.4971844E-0002  -0.6514030E-0004
    13.90400  -0.5689857E-0002   0.4472848E-0003  -0.2808535E-0003  -0.4552776E-0003   0.4969850E-0002  -0.2492264E-0003
    13.91200  -0.5686419E-0002   0.4297254E-0003  -0.2843709E-0003  -0.4396665E-0003   0.4966373E-0002  -0.4346828E-0003
    13.92000  -0.5683117E-0002   0.4127259E-0003  -0.2877587E-0003  -0.4234856E-0003   0.4961402E-0002  -0.6213340E-0003
    13.92800  -0.5679947E-0002   0.3962578E-0003  -0.2910124E-0003  -0.4067078E-0003   0.4954929E-0002  -0.8090553E-0003
    13.93600  -0.5676905E-0002   0.3802910E-0003  -0.2941269E-0003  -0.3893079E-0003   0.4946947E-0002  -0.9977720E-0003
    13.94400  -0.5673987E-0002   0.3647944E-0003  -0.2970970E-0003  -0.3712651E-0003   0.4937448E-0002  -0.1187457E-0002
    13.95200  -0.5671189E-0002   0.3497361E-0003  -0.2999175E-0003  -0.3525649E-0003   0.4926423E-0002  -0.1378128E-0002
    13.96000  -0.5668508E-0002   0.3350845E-0003  -0.3025831E-0003  -0.3332017E-0003   0.4913864E-0002  -0.1569837E-0002
    13.96800  -0.5665942E-0002   0.3208081E-0003  -0.3050886E-0003  -0.3131807E-0003   0.4899763E-0002  -0.1762670E-0002
    13.97600  -0.5663487E-0002   0.3068761E-0003  -0.3074287E-0003  -0.2925200E-0003   0.4884109E-0002  -0.1956729E-0002
    13.98400  -0.5661141E-0002   0.2932586E-0003  -0.3095987E-0003  -0.2712520E-0003   0.4866892E-0002  -0.2152131E-0002
    13.99200  -0.5658901E-0002   0.2799271E-0003  -0.3115941E-0003  -0.2494249E-0003   0.4848100E-0002  -0.2348989E-0002
    14.00000  -0.5656766E-0002   0.2668544E-0003  -0.3134110E-0003  -0.2271031E-0003   0.4827720E-0002  -0.2547408E-0002
    14.00800  -0.5654734E-0002   0.2540152E-0003  -0.3150459E-0003  -0.2043673E-0003   0.4805741E-0002  -0.2747468E-0002
    14.01600  -0.5652803E-0002   0.2413860E-0003  -0.3164964E-0003  -0.1813145E-0003   0.4782147E-0002  -0.2949216E-0002
    14.02400  -0.5650972E-0002   0.2289458E-0003  -0.3177609E-0003  -0.1580564E-0003   0.4756926E-0002  -0.3152658E-0002
    14.03200  -0.5649238E-0002   0.2166760E-0003  -0.3188386E-0003  -0.1347181E-0003   0.4730064E-0002  -0.3357743E-0002
    14.04000  -0.5647602E-0002   0.2045610E-0003  -0.3197301E-0003  -0.1114359E-0003   0.4701549E-0002  -0.3564364E-0002
    14.04800  -0.5646061E-0002   0.1925884E-0003  -0.3204369E-0003  -0.8835418E-0004   0.4671370E-0002  -0.3772345E-0002
    14.05600  -0.5644615E-0002   0.1807493E-0003  -0.3209619E-0003  -0.6562304E-0004   0.4639519E-0002  -0.3981441E-0002
    14.06400  -0.5643263E-0002   0.1690391E-0003  -0.3213091E-0003  -0.4339434E-0004   0.4605988E-0002  -0.4191333E-0002
    14.07200  -0.5642003E-0002   0.1574575E-0003  -0.3214836E-0003  -0.2181845E-0004   0.4570775E-0002  -0.4401629E-0002
    14.08000  -0.5640835E-0002   0.1460090E-0003  -0.3214919E-0003  -0.1040695E-0005   0.4533880E-0002  -0.4611867E-0002
    14.08800  -0.5639757E-0002   0.1347034E-0003  -0.3213415E-0003   0.1880203E-0004   0.4495308E-0002  -0.4821517E-0002
    14.09600  -0.5638769E-0002   0.1235561E-0003  -0.3210409E-0003   0.3758441E-0004   0.4455068E-0002  -0.5029989E-0002
    14.10400  -0.5637868E-0002   0.1125885E-0003  -0.3205993E-0003   0.5519539E-0004   0.4413175E-0002  -0.5236641E-0002
    14.11200  -0.5637054E-0002   0.1018281E-0003  -0.3200270E-0003   0.7154047E-0004   0.4369648E-0002  -0.5440788E-0002
    14.12000  -0.5636323E-0002   0.9130881E-0004  -0.3193346E-0003   0.8654333E-0004   0.4324515E-0002  -0.5641714E-0002
    14.12800  -0.5635675E-0002   0.8107094E-0004  -0.3185334E-0003   0.1001469E-0003   0.4277805E-0002  -0.5838685E-0002
    14.13600  -0.5635105E-0002   0.7116107E-0004  -0.3176349E-0003   0.1123137E-0003   0.4229558E-0002  -0.6030961E-0002
    14.14400  -0.5634612E-0002   0.6163182E-0004  -0.3166507E-0003   0.1230256E-0003   0.4179815E-0002  -0.6217811E-0002
    14.15200  -0.5634192E-0002   0.5254145E-0004  -0.3155925E-0003   0.1322833E-0003   0.4128627E-0002  -0.6398525E-0002
    14.16000  -0.5633840E-0002   0.4395317E-0004  -0.3144716E-0003   0.1401045E-0003   0.4076047E-0002  -0.6572431E-0002
    14.16800  -0.5633553E-0002   0.3593440E-0004  -0.3132994E-0003   0.1465227E-0003   0.4022136E-0002  -0.6738906E-0002
    14.17600  -0.5633324E-0002   0.2855568E-0004  -0.3120868E-0003   0.1515849E-0003   0.3966957E-0002  -0.6897386E-0002
    14.18400  -0.5633149E-0002   0.2188943E-0004  -0.3108440E-0003   0.1553496E-0003   0.3910578E-0002  -0.7047380E-0002
    14.19200  -0.5633021E-0002   0.1600860E-0004  -0.3095809E-0003   0.1578843E-0003   0.3853070E-0002  -0.7188477E-0002
    14.20000  -0.5632933E-0002   0.1098496E-0004  -0.3083068E-0003   0.1592638E-0003   0.3794507E-0002  -0.7320355E-0002
    14.20800  -0.5632878E-0002   0.6887407E-0005  -0.3070302E-0003   0.1595679E-0003   0.3734965E-0002  -0.7442784E-0002
    14.21600  -0.5632848E-0002   0.3780090E-0005  -0.3057592E-0003   0.1588797E-0003   0.3674520E-0002  -0.7555629E-0002
    14.22400  -0.5632834E-0002   0.1720417E-0005  -0.3045009E-0003   0.1572843E-0003   0.3613249E-0002  -0.7658852E-0002
    14.23200  -0.5632828E-0002   0.7570906E-0006  -0.3032620E-0003   0.1548673E-0003   0.3551229E-0002  -0.7752512E-0002
    14.24000  -0.5632821E-0002   0.9281304E-0006  -0.3020483E-0003   0.1517144E-0003   0.3488535E-0002  -0.7836756E-0002
    14.24800  -0.5632803E-0002   0.2258981E-0005  -0.3008650E-0003   0.1479103E-0003   0.3425241E-0002  -0.7911820E-0002
    14.25600  -0.5632764E-0002   0.4760750E-0005  -0.2997167E-0003   0.1435389E-0003   0.3361416E-0002  -0.7978015E-0002
    14.26400  -0.5632697E-0002   0.8428639E-0005  -0.2986072E-0003   0.1386824E-0003   0.3297131E-0002  -0.8035723E-0002
    14.27200  -0.5632591E-0002   0.1324062E-0004  -0.2975399E-0003   0.1334217E-0003   0.3232448E-0002  -0.8085385E-0002
    14.28000  -0.5632438E-0002   0.1915644E-0004  -0.2965172E-0003   0.1278358E-0003   0.3167428E-0002  -0.8127486E-0002
    14.28800  -0.5632229E-0002   0.2611691E-0004  -0.2955412E-0003   0.1220017E-0003   0.3102127E-0002  -0.8162549E-0002
    14.29600  -0.5631957E-0002   0.3404370E-0004  -0.2946132E-0003   0.1159942E-0003   0.3036598E-0002  -0.8191115E-0002
    14.30400  -0.5631614E-0002   0.4283945E-0004  -0.2937341E-0003   0.1098848E-0003   0.2970888E-0002  -0.8213738E-0002
    14.31200  -0.5631195E-0002   0.5238841E-0004  -0.2929042E-0003   0.1037416E-0003   0.2905041E-0002  -0.8230967E-0002
    14.32000  -0.5630694E-0002   0.6255749E-0004  -0.2921232E-0003   0.9762800E-0004   0.2839094E-0002  -0.8243335E-0002
    14.32800  -0.5630109E-0002   0.7319783E-0004  -0.2913903E-0003   0.9160177E-0004   0.2773083E-0002  -0.8251352E-0002
    14.33600  -0.5629436E-0002   0.8414681E-0004  -0.2907046E-0003   0.8571413E-0004   0.2707039E-0002  -0.8255492E-0002
    14.34400  -0.5628674E-0002   0.9523044E-0004  -0.2900646E-0003   0.8000860E-0004   0.2640990E-0002  -0.8256186E-0002
    14.35200  -0.5627824E-0002   0.1062662E-0003  -0.2894684E-0003   0.7452013E-0004   0.2574959E-0002  -0.8253814E-0002
    14.36000  -0.5626887E-0002   0.1170664E-0003  -0.2889142E-0003   0.6927428E-0004   0.2508970E-0002  -0.8248705E-0002
    14.36800  -0.5625868E-0002   0.1274413E-0003  -0.2883999E-0003   0.6428675E-0004   0.2443041E-0002  -0.8241128E-0002
    14.37600  -0.5624770E-0002   0.1372031E-0003  -0.2879234E-0003   0.5956321E-0004   0.2377190E-0002  -0.8231297E-0002
    14.38400  -0.5623601E-0002   0.1461698E-0003  -0.2874826E-0003   0.5509942E-0004   0.2311435E-0002  -0.8219366E-0002
    14.39200  -0.5622367E-0002   0.1541688E-0003  -0.2870756E-0003   0.5088185E-0004   0.2245792E-0002  -0.8205437E-0002
    14.40000  -0.5621079E-0002   0.1610410E-0003  -0.2867005E-0003   0.4688849E-0004   0.2180275E-0002  -0.8189558E-0002
    14.40800  -0.5619746E-0002   0.1666446E-0003  -0.2863557E-0003   0.4309016E-0004   0.2114901E-0002  -0.8171735E-0002
    14.41600  -0.5618379E-0002   0.1708584E-0003  -0.2860401E-0003   0.3945195E-0004   0.2049686E-0002  -0.8151932E-0002
    14.42400  -0.5616990E-0002   0.1735849E-0003  -0.2857526E-0003   0.3593496E-0004   0.1984645E-0002  -0.8130083E-0002
    14.43200  -0.5615592E-0002   0.1747532E-0003  -0.2854927E-0003   0.3249803E-0004   0.1919797E-0002  -0.8106095E-0002
    14.44000  -0.5614198E-0002   0.1743210E-0003  -0.2852599E-0003   0.2909957E-0004   0.1855158E-0002  -0.8079862E-0002
    14.44800  -0.5612819E-0002   0.1722766E-0003  -0.2850543E-0003   0.2569924E-0004   0.1790747E-0002  -0.8051268E-0002
    14.45600  -0.5611470E-0002   0.1686390E-0003  -0.2848762E-0003   0.2225948E-0004   0.1726586E-0002  -0.8020196E-0002
    14.46400  -0.5610163E-0002   0.1634588E-0003  -0.2847262E-0003   0.1874682E-0004   0.1662694E-0002  -0.7986538E-0002
    14.47200  -0.5608908E-0002   0.1568173E-0003  -0.2846051E-0003   0.1513290E-0004   0.1599092E-0002  -0.7950195E-0002
    14.48000  -0.5607717E-0002   0.1488253E-0003  -0.2845140E-0003   0.1139513E-0004   0.1535803E-0002  -0.7911091E-0002
    14.48800  -0.5606600E-0002   0.1396205E-0003  -0.2844538E-0003   0.7517140E-0005   0.1472850E-0002  -0.7869171E-0002
    14.49600  -0.5605566E-0002   0.1293652E-0003  -0.2844259E-0003   0.3488896E-0005   0.1410255E-0002  -0.7824406E-0002
    14.50400  -0.5604620E-0002   0.1182421E-0003  -0.2844315E-0003  -0.6934157E-0006   0.1348040E-0002  -0.7776796E-0002
    14.51200  -0.5603768E-0002   0.1064508E-0003  -0.2844717E-0003  -0.5027661E-0005   0.1286229E-0002  -0.7726369E-0002
    14.52000  -0.5603014E-0002   0.9420218E-0004  -0.2845478E-0003  -0.9506158E-0005   0.1224844E-0002  -0.7673180E-0002
    14.52800  -0.5602361E-0002   0.8171421E-0004  -0.2846607E-0003  -0.1411612E-0004   0.1163905E-0002  -0.7617311E-0002
    14.53600  -0.5601807E-0002   0.6920596E-0004  -0.2848114E-0003  -0.1884012E-0004   0.1103434E-0002  -0.7558870E-0002
    14.54400  -0.5601352E-0002   0.5689236E-0004  -0.2850007E-0003  -0.2365646E-0004   0.1043451E-0002  -0.7497979E-0002
    14.55200  -0.5600992E-0002   0.4497874E-0004  -0.2852290E-0003  -0.2853952E-0004   0.9839723E-0003  -0.7434781E-0002
    14.56000  -0.5600723E-0002   0.3365563E-0004  -0.2854967E-0003  -0.3346001E-0004   0.9250170E-0003  -0.7369424E-0002
    14.56800  -0.5600538E-0002   0.2309389E-0004  -0.2858037E-0003  -0.3838517E-0004   0.8666004E-0003  -0.7302065E-0002
    14.57600  -0.5600431E-0002   0.1344038E-0004  -0.2861500E-0003  -0.4327892E-0004   0.8087376E-0003  -0.7232858E-0002
    14.58400  -0.5600392E-0002   0.4814282E-0005  -0.2865348E-0003  -0.4810213E-0004   0.7514419E-0003  -0.7161953E-0002
    14.59200  -0.5600414E-0002  -0.2695859E-0005  -0.2869573E-0003  -0.5281283E-0004   0.6947260E-0003  -0.7089490E-0002
    14.60000  -0.5600486E-0002  -0.9034183E-0005  -0.2874162E-0003  -0.5736668E-0004   0.6386013E-0003  -0.7015594E-0002
    14.60800  -0.5600599E-0002  -0.1417869E-0004  -0.2879100E-0003  -0.6171756E-0004   0.5830783E-0003  -0.6940374E-0002
    14.61600  -0.5600744E-0002  -0.1814146E-0004  -0.2884365E-0003  -0.6581848E-0004   0.5281669E-0003  -0.6863919E-0002
    14.62400  -0.5600912E-0002  -0.2096788E-0004  -0.2889935E-0003  -0.6962261E-0004   0.4738765E-0003  -0.6786296E-0002
    14.63200  -0.5601094E-0002  -0.2273497E-0004  -0.2895782E-0003  -0.7308469E-0004   0.4202161E-0003  -0.6707550E-0002
    14.64000  -0.5601282E-0002  -0.2354886E-0004  -0.2901875E-0003  -0.7616257E-0004   0.3671945E-0003  -0.6627708E-0002
    14.64800  -0.5601471E-0002  -0.2354136E-0004  -0.2908180E-0003  -0.7881897E-0004   0.3148203E-0003  -0.6546774E-0002
    14.65600  -0.5601654E-0002  -0.2286595E-0004  -0.2914662E-0003  -0.8102322E-0004   0.2631024E-0003  -0.6464738E-0002
    14.66400  -0.5601827E-0002  -0.2169318E-0004  -0.2921282E-0003  -0.8275314E-0004   0.2120497E-0003  -0.6381578E-0002
    14.67200  -0.5601989E-0002  -0.2020556E-0004  -0.2928002E-0003  -0.8399661E-0004   0.1616717E-0003  -0.6297260E-0002
    14.68000  -0.5602138E-0002  -0.1859228E-0004  -0.2934782E-0003  -0.8475305E-0004   0.1119777E-0003  -0.6211750E-0002
    14.68800  -0.5602274E-0002  -0.1704373E-0004  -0.2941585E-0003  -0.8503446E-0004   0.6297755E-0004  -0.6125012E-0002
    14.69600  -0.5602400E-0002  -0.1574611E-0004  -0.2948374E-0003  -0.8486603E-0004   0.1468139E-0004  -0.6037019E-0002
    14.70400  -0.5602519E-0002  -0.1487621E-0004  -0.2955117E-0003  -0.8428631E-0004  -0.3290065E-0004  -0.5947755E-0002
    14.71200  -0.5602636E-0002  -0.1459650E-0004  -0.2961785E-0003  -0.8334673E-0004  -0.7975842E-0004  -0.5857221E-0002
    14.72000  -0.5602756E-0002  -0.1505077E-0004  -0.2968354E-0003  -0.8211068E-0004  -0.1258819E-0003  -0.5765439E-0002
    14.72800  -0.5602887E-0002  -0.1636023E-0004  -0.2974806E-0003  -0.8065198E-0004  -0.1712616E-0003  -0.5672457E-0002
    14.73600  -0.5603036E-0002  -0.1862041E-0004  -0.2981130E-0003  -0.7905297E-0004  -0.2158884E-0003  -0.5578351E-0002
    14.74400  -0.5603211E-0002  -0.2189878E-0004  -0.2987322E-0003  -0.7740222E-0004  -0.2597542E-0003  -0.5483227E-0002
    14.75200  -0.5603421E-0002  -0.2623313E-0004  -0.2993386E-0003  -0.7579199E-0004  -0.3028520E-0003  -0.5387224E-0002
    14.76000  -0.5603674E-0002  -0.3163092E-0004  -0.2999331E-0003  -0.7431559E-0004  -0.3451761E-0003  -0.5290510E-0002
    14.76800  -0.5603979E-0002  -0.3806932E-0004  -0.3005176E-0003  -0.7306481E-0004  -0.3867224E-0003  -0.5193286E-0002
    14.77600  -0.5604343E-0002  -0.4549625E-0004  -0.3010946E-0003  -0.7212744E-0004  -0.4274886E-0003  -0.5095780E-0002
    14.78400  -0.5604773E-0002  -0.5383213E-0004  -0.3016673E-0003  -0.7158516E-0004  -0.4674746E-0003  -0.4998243E-0002
    14.79200  -0.5605277E-0002  -0.6297239E-0004  -0.3022394E-0003  -0.7151171E-0004  -0.5066822E-0003  -0.4900949E-0002
    14.80000  -0.5605859E-0002  -0.7279064E-0004  -0.3028152E-0003  -0.7197153E-0004  -0.5451157E-0003  -0.4804185E-0002
    14.80800  -0.5606525E-0002  -0.8314243E-0004  -0.3033993E-0003  -0.7301887E-0004  -0.5827816E-0003  -0.4708248E-0002
    14.81600  -0.5607275E-0002  -0.9386949E-0004  -0.3039969E-0003  -0.7469734E-0004  -0.6196892E-0003  -0.4613439E-0002
    14.82400  -0.5608114E-0002  -0.1048042E-0003  -0.3046132E-0003  -0.7703982E-0004  -0.6558496E-0003  -0.4520052E-0002
    14.83200  -0.5609040E-0002  -0.1157744E-0003  -0.3052538E-0003  -0.8006881E-0004  -0.6912766E-0003  -0.4428374E-0002
    14.84000  -0.5610053E-0002  -0.1266083E-0003  -0.3059242E-0003  -0.8379696E-0004  -0.7259859E-0003  -0.4338672E-0002
    14.84800  -0.5611150E-0002  -0.1371390E-0003  -0.3066300E-0003  -0.8822778E-0004  -0.7599955E-0003  -0.4251190E-0002
    14.85600  -0.5612328E-0002  -0.1472093E-0003  -0.3073768E-0003  -0.9335642E-0004  -0.7933246E-0003  -0.4166143E-0002
    14.86400  -0.5613581E-0002  -0.1566757E-0003  -0.3081702E-0003  -0.9917038E-0004  -0.8259943E-0003  -0.4083711E-0002
    14.87200  -0.5614904E-0002  -0.1654124E-0003  -0.3090154E-0003  -0.1056502E-0003  -0.8580266E-0003  -0.4004034E-0002
    14.88000  -0.5616291E-0002  -0.1733143E-0003  -0.3099176E-0003  -0.1127699E-0003  -0.8894443E-0003  -0.3927212E-0002
    14.88800  -0.5617733E-0002  -0.1802999E-0003  -0.3108815E-0003  -0.1204972E-0003  -0.9202707E-0003  -0.3853300E-0002
    14.89600  -0.5619224E-0002  -0.1863127E-0003  -0.3119119E-0003  -0.1287939E-0003  -0.9505291E-0003  -0.3782308E-0002
    14.90400  -0.5620754E-0002  -0.1913229E-0003  -0.3130128E-0003  -0.1376153E-0003  -0.9802428E-0003  -0.3714201E-0002
    14.91200  -0.5622317E-0002  -0.1953272E-0003  -0.3141881E-0003  -0.1469108E-0003  -0.1009434E-0002  -0.3648902E-0002
    14.92000  -0.5623904E-0002  -0.1983489E-0003  -0.3154411E-0003  -0.1566231E-0003  -0.1038124E-0002  -0.3586295E-0002
    14.92800  -0.5625507E-0002  -0.2004363E-0003  -0.3167746E-0003  -0.1666887E-0003  -0.1066334E-0002  -0.3526226E-0002
    14.93600  -0.5627121E-0002  -0.2016614E-0003  -0.3181909E-0003  -0.1770376E-0003  -0.1094082E-0002  -0.3468510E-0002
    14.94400  -0.5628738E-0002  -0.2021167E-0003  -0.3196916E-0003  -0.1875941E-0003  -0.1121386E-0002  -0.3412937E-0002
    14.95200  -0.5630353E-0002  -0.2019133E-0003  -0.3212779E-0003  -0.1982769E-0003  -0.1148260E-0002  -0.3359279E-0002
    14.96000  -0.5631962E-0002  -0.2011765E-0003  -0.3229499E-0003  -0.2090009E-0003  -0.1174718E-0002  -0.3307292E-0002
    14.96800  -0.5633563E-0002  -0.2000427E-0003  -0.3247073E-0003  -0.2196779E-0003  -0.1200772E-0002  -0.3256731E-0002
    14.97600  -0.5635152E-0002  -0.1986557E-0003  -0.3265490E-0003  -0.2302188E-0003  -0.1226431E-0002  -0.3207349E-0002
    14.98400  -0.5636729E-0002  -0.1971623E-0003  -0.3284733E-0003  -0.2405356E-0003  -0.1251702E-0002  -0.3158910E-0002
    14.99200  -0.5638295E-0002  -0.1957089E-0003  -0.3304777E-0003  -0.2505434E-0003  -0.1276592E-0002  -0.3111190E-0002
    15.00000  -0.5639850E-0002  -0.1944379E-0003  -0.3325590E-0003  -0.2601629E-0003  -0.1301104E-0002  -0.3063989E-0002
    15.00800  -0.5641398E-0002  -0.1934841E-0003  -0.3347136E-0003  -0.2693229E-0003  -0.1325241E-0002  -0.3017131E-0002
    15.01600  -0.5642942E-0002  -0.1929718E-0003  -0.3369373E-0003  -0.2779623E-0003  -0.1349004E-0002  -0.2970470E-0002
    15.02400  -0.5644486E-0002  -0.1930125E-0003  -0.3392255E-0003  -0.2860318E-0003  -0.1372396E-0002  -0.2923892E-0002
    15.03200  -0.5646036E-0002  -0.1937029E-0003  -0.3415735E-0003  -0.2934957E-0003  -0.1395414E-0002  -0.2877321E-0002
    15.04000  -0.5647597E-0002  -0.1951228E-0003  -0.3439761E-0003  -0.3003331E-0003  -0.1418060E-0002  -0.2830713E-0002
    15.04800  -0.5649175E-0002  -0.1973349E-0003  -0.3464284E-0003  -0.3065376E-0003  -0.1440332E-0002  -0.2784063E-0002
    15.05600  -0.5650778E-0002  -0.2003840E-0003  -0.3489254E-0003  -0.3121182E-0003  -0.1462232E-0002  -0.2737399E-0002
    15.06400  -0.5652413E-0002  -0.2042967E-0003  -0.3514622E-0003  -0.3170976E-0003  -0.1483758E-0002  -0.2690780E-0002
    15.07200  -0.5654085E-0002  -0.2090828E-0003  -0.3540343E-0003  -0.3215119E-0003  -0.1504912E-0002  -0.2644295E-0002
    15.08000  -0.5655803E-0002  -0.2147352E-0003  -0.3566375E-0003  -0.3254083E-0003  -0.1525697E-0002  -0.2598056E-0002
    15.08800  -0.5657573E-0002  -0.2212321E-0003  -0.3592683E-0003  -0.3288433E-0003  -0.1546114E-0002  -0.2552194E-0002
    15.09600  -0.5659402E-0002  -0.2285379E-0003  -0.3619233E-0003  -0.3318801E-0003  -0.1566169E-0002  -0.2506855E-0002
    15.10400  -0.5661294E-0002  -0.2366054E-0003  -0.3646000E-0003  -0.3345867E-0003  -0.1585867E-0002  -0.2462192E-0002
    15.11200  -0.5663257E-0002  -0.2453773E-0003  -0.3672963E-0003  -0.3370329E-0003  -0.1605213E-0002  -0.2418362E-0002
    15.12000  -0.5665296E-0002  -0.2547888E-0003  -0.3700106E-0003  -0.3392883E-0003  -0.1624218E-0002  -0.2375516E-0002
    15.12800  -0.5667414E-0002  -0.2647690E-0003  -0.3727419E-0003  -0.3414199E-0003  -0.1642888E-0002  -0.2333798E-0002
    15.13600  -0.5669616E-0002  -0.2752434E-0003  -0.3754899E-0003  -0.3434903E-0003  -0.1661235E-0002  -0.2293337E-0002
    15.14400  -0.5671905E-0002  -0.2861354E-0003  -0.3782543E-0003  -0.3455561E-0003  -0.1679269E-0002  -0.2254244E-0002
    15.15200  -0.5674284E-0002  -0.2973683E-0003  -0.3810356E-0003  -0.3476671E-0003  -0.1697001E-0002  -0.2216606E-0002
    15.16000  -0.5676755E-0002  -0.3088665E-0003  -0.3838346E-0003  -0.3498647E-0003  -0.1714445E-0002  -0.2180485E-0002
    15.16800  -0.5679319E-0002  -0.3205571E-0003  -0.3866520E-0003  -0.3521823E-0003  -0.1731613E-0002  -0.2145917E-0002
    15.17600  -0.5681978E-0002  -0.3323712E-0003  -0.3894892E-0003  -0.3546442E-0003  -0.1748516E-0002  -0.2112908E-0002
    15.18400  -0.5684732E-0002  -0.3442442E-0003  -0.3923473E-0003  -0.3572663E-0003  -0.1765167E-0002  -0.2081433E-0002
    15.19200  -0.5687581E-0002  -0.3561170E-0003  -0.3952278E-0003  -0.3600559E-0003  -0.1781579E-0002  -0.2051443E-0002
    15.20000  -0.5690525E-0002  -0.3679360E-0003  -0.3981319E-0003  -0.3630121E-0003  -0.1797762E-0002  -0.2022857E-0002
    15.20800  -0.5693562E-0002  -0.3796535E-0003  -0.4010609E-0003  -0.3661265E-0003  -0.1813726E-0002  -0.1995575E-0002
    15.21600  -0.5696692E-0002  -0.3912276E-0003  -0.4040159E-0003  -0.3693828E-0003  -0.1829482E-0002  -0.1969471E-0002
    15.22400  -0.5699913E-0002  -0.4026222E-0003  -0.4069980E-0003  -0.3727581E-0003  -0.1845037E-0002  -0.1944404E-0002
    15.23200  -0.5703223E-0002  -0.4138061E-0003  -0.4100078E-0003  -0.3762226E-0003  -0.1860399E-0002  -0.1920220E-0002
    15.24000  -0.5706621E-0002  -0.4247533E-0003  -0.4130457E-0003  -0.3797404E-0003  -0.1875573E-0002  -0.1896755E-0002
    15.24800  -0.5710105E-0002  -0.4354420E-0003  -0.4161119E-0003  -0.3832698E-0003  -0.1890564E-0002  -0.1873840E-0002
    15.25600  -0.5713671E-0002  -0.4458542E-0003  -0.4192060E-0003  -0.3867635E-0003  -0.1905374E-0002  -0.1851307E-0002
    15.26400  -0.5717319E-0002  -0.4559752E-0003  -0.4223273E-0003  -0.3901695E-0003  -0.1920006E-0002  -0.1828994E-0002
    15.27200  -0.5721046E-0002  -0.4657932E-0003  -0.4254748E-0003  -0.3934319E-0003  -0.1934460E-0002  -0.1806744E-0002
    15.28000  -0.5724848E-0002  -0.4752986E-0003  -0.4286467E-0003  -0.3964910E-0003  -0.1948736E-0002  -0.1784415E-0002
    15.28800  -0.5728724E-0002  -0.4844840E-0003  -0.4318410E-0003  -0.3992853E-0003  -0.1962831E-0002  -0.1761880E-0002
    15.29600  -0.5732671E-0002  -0.4933439E-0003  -0.4350550E-0003  -0.4017520E-0003  -0.1976743E-0002  -0.1739029E-0002
    15.30400  -0.5736686E-0002  -0.5018745E-0003  -0.4382856E-0003  -0.4038286E-0003  -0.1990469E-0002  -0.1715770E-0002
    15.31200  -0.5740766E-0002  -0.5100743E-0003  -0.4415293E-0003  -0.4054543E-0003  -0.2004005E-0002  -0.1692033E-0002
    15.32000  -0.5744910E-0002  -0.5179437E-0003  -0.4447818E-0003  -0.4065719E-0003  -0.2017347E-0002  -0.1667768E-0002
    15.32800  -0.5749114E-0002  -0.5254855E-0003  -0.4480389E-0003  -0.4071292E-0003  -0.2030491E-0002  -0.1642942E-0002
    15.33600  -0.5753375E-0002  -0.5327057E-0003  -0.4512955E-0003  -0.4070806E-0003  -0.2043431E-0002  -0.1617542E-0002
    15.34400  -0.5757692E-0002  -0.5396135E-0003  -0.4545466E-0003  -0.4063884E-0003  -0.2056164E-0002  -0.1591571E-0002
    15.35200  -0.5762062E-0002  -0.5462221E-0003  -0.4577868E-0003  -0.4050246E-0003  -0.2068684E-0002  -0.1565044E-0002
    15.36000  -0.5766482E-0002  -0.5525490E-0003  -0.4610106E-0003  -0.4029713E-0003  -0.2080988E-0002  -0.1537988E-0002
    15.36800  -0.5770951E-0002  -0.5586166E-0003  -0.4642124E-0003  -0.4002216E-0003  -0.2093072E-0002  -0.1510433E-0002
    15.37600  -0.5775467E-0002  -0.5644524E-0003  -0.4673866E-0003  -0.3967803E-0003  -0.2104931E-0002  -0.1482417E-0002
    15.38400  -0.5780028E-0002  -0.5700891E-0003  -0.4705279E-0003  -0.3926629E-0003  -0.2116563E-0002  -0.1453973E-0002
    15.39200  -0.5784632E-0002  -0.5755648E-0003  -0.4736311E-0003  -0.3878959E-0003  -0.2127964E-0002  -0.1425132E-0002
    15.40000  -0.5789280E-0002  -0.5809226E-0003  -0.4766912E-0003  -0.3825155E-0003  -0.2139131E-0002  -0.1395918E-0002
    15.40800  -0.5793969E-0002  -0.5862101E-0003  -0.4797037E-0003  -0.3765665E-0003  -0.2150062E-0002  -0.1366342E-0002
    15.41600  -0.5798701E-0002  -0.5914788E-0003  -0.4826645E-0003  -0.3701006E-0003  -0.2160753E-0002  -0.1336403E-0002
    15.42400  -0.5803475E-0002  -0.5967830E-0003  -0.4855699E-0003  -0.3631750E-0003  -0.2171202E-0002  -0.1306085E-0002
    15.43200  -0.5808293E-0002  -0.6021789E-0003  -0.4884167E-0003  -0.3558500E-0003  -0.2181405E-0002  -0.1275355E-0002
    15.44000  -0.5813155E-0002  -0.6077231E-0003  -0.4912022E-0003  -0.3481875E-0003  -0.2191358E-0002  -0.1244162E-0002
    15.44800  -0.5818062E-0002  -0.6134707E-0003  -0.4939242E-0003  -0.3402487E-0003  -0.2201057E-0002  -0.1212439E-0002
    15.45600  -0.5823018E-0002  -0.6194745E-0003  -0.4965810E-0003  -0.3320926E-0003  -0.2210498E-0002  -0.1180101E-0002
    15.46400  -0.5828024E-0002  -0.6257822E-0003  -0.4991712E-0003  -0.3237743E-0003  -0.2219675E-0002  -0.1147049E-0002
    15.47200  -0.5833084E-0002  -0.6324356E-0003  -0.5016939E-0003  -0.3153431E-0003  -0.2228580E-0002  -0.1113170E-0002
    15.48000  -0.5838200E-0002  -0.6394685E-0003  -0.5041486E-0003  -0.3068421E-0003  -0.2237207E-0002  -0.1078340E-0002
    15.48800  -0.5843375E-0002  -0.6469050E-0003  -0.5065351E-0003  -0.2983066E-0003  -0.2245546E-0002  -0.1042430E-0002
    15.49600  -0.5848613E-0002  -0.6547585E-0003  -0.5088532E-0003  -0.2897636E-0003  -0.2253589E-0002  -0.1005305E-0002
    15.50400  -0.5853917E-0002  -0.6630302E-0003  -0.5111031E-0003  -0.2812320E-0003  -0.2261323E-0002  -0.9668321E-0003
    15.51200  -0.5859291E-0002  -0.6717083E-0003  -0.5132848E-0003  -0.2727219E-0003  -0.2268738E-0002  -0.9268811E-0003
    15.52000  -0.5864737E-0002  -0.6807677E-0003  -0.5153987E-0003  -0.2642350E-0003  -0.2275821E-0002  -0.8853311E-0003
    15.52800  -0.5870258E-0002  -0.6901692E-0003  -0.5174448E-0003  -0.2557650E-0003  -0.2282558E-0002  -0.8420735E-0003
    15.53600  -0.5875857E-0002  -0.6998603E-0003  -0.5194232E-0003  -0.2472983E-0003  -0.2288934E-0002  -0.7970156E-0003
    15.54400  -0.5881535E-0002  -0.7097752E-0003  -0.5213337E-0003  -0.2388143E-0003  -0.2294934E-0002  -0.7500845E-0003
    15.55200  -0.5887294E-0002  -0.7198362E-0003  -0.5231760E-0003  -0.2302869E-0003  -0.2300544E-0002  -0.7012294E-0003
    15.56000  -0.5893134E-0002  -0.7299546E-0003  -0.5249495E-0003  -0.2216846E-0003  -0.2305748E-0002  -0.6504246E-0003
    15.56800  -0.5899054E-0002  -0.7400325E-0003  -0.5266533E-0003  -0.2129723E-0003  -0.2310529E-0002  -0.5976709E-0003
    15.57600  -0.5905054E-0002  -0.7499647E-0003  -0.5282862E-0003  -0.2041117E-0003  -0.2314873E-0002  -0.5429969E-0003
    15.58400  -0.5911131E-0002  -0.7596410E-0003  -0.5298467E-0003  -0.1950627E-0003  -0.2318765E-0002  -0.4864593E-0003
    15.59200  -0.5917282E-0002  -0.7689487E-0003  -0.5313330E-0003  -0.1857844E-0003  -0.2322190E-0002  -0.4281424E-0003
    15.60000  -0.5923505E-0002  -0.7777748E-0003  -0.5327429E-0003  -0.1762365E-0003  -0.2325135E-0002  -0.3681574E-0003
    15.60800  -0.5929793E-0002  -0.7860093E-0003  -0.5340739E-0003  -0.1663796E-0003  -0.2327588E-0002  -0.3066401E-0003
    15.61600  -0.5936141E-0002  -0.7935474E-0003  -0.5353233E-0003  -0.1561771E-0003  -0.2329538E-0002  -0.2437490E-0003
    15.62400  -0.5942543E-0002  -0.8002924E-0003  -0.5364881E-0003  -0.1455956E-0003  -0.2330975E-0002  -0.1796621E-0003
    15.63200  -0.5948993E-0002  -0.8061585E-0003  -0.5375649E-0003  -0.1346063E-0003  -0.2331892E-0002  -0.1145735E-0003
    15.64000  -0.5955481E-0002  -0.8110726E-0003  -0.5385504E-0003  -0.1231854E-0003  -0.2332282E-0002  -0.4868959E-0004
    15.64800  -0.5962001E-0002  -0.8149770E-0003  -0.5394409E-0003  -0.1113150E-0003  -0.2332139E-0002   0.1777521E-0004
    15.65600  -0.5968544E-0002  -0.8178308E-0003  -0.5402328E-0003  -0.9898360E-0004  -0.2331462E-0002   0.8460236E-0004
    15.66400  -0.5975101E-0002  -0.8196117E-0003  -0.5409223E-0003  -0.8618672E-0004  -0.2330250E-0002   0.1515737E-0003
    15.67200  -0.5981663E-0002  -0.8203167E-0003  -0.5415057E-0003  -0.7292680E-0004  -0.2328502E-0002   0.2184754E-0003
    15.68000  -0.5988223E-0002  -0.8199628E-0003  -0.5419794E-0003  -0.5921346E-0004  -0.2326221E-0002   0.2851022E-0003
    15.68800  -0.5994772E-0002  -0.8185870E-0003  -0.5423399E-0003  -0.4506325E-0004  -0.2323411E-0002   0.3512607E-0003
    15.69600  -0.6001301E-0002  -0.8162461E-0003  -0.5425839E-0003  -0.3049933E-0004  -0.2320077E-0002   0.4167727E-0003
    15.70400  -0.6007806E-0002  -0.8130154E-0003  -0.5427083E-0003  -0.1555094E-0004  -0.2316225E-0002   0.4814780E-0003
    15.71200  -0.6014278E-0002  -0.8089874E-0003  -0.5427103E-0003  -0.2527255E-0006  -0.2311863E-0002   0.5452365E-0003
    15.72000  -0.6020712E-0002  -0.8042700E-0003  -0.5425875E-0003   0.1535605E-0004  -0.2307000E-0002   0.6079296E-0003
    15.72800  -0.6027104E-0002  -0.7989842E-0003  -0.5423376E-0003   0.3123241E-0004  -0.2301644E-0002   0.6694611E-0003
    15.73600  -0.6033450E-0002  -0.7932612E-0003  -0.5419590E-0003   0.4733060E-0004  -0.2295806E-0002   0.7297574E-0003
    15.74400  -0.6039748E-0002  -0.7872396E-0003  -0.5414502E-0003   0.6360302E-0004  -0.2289496E-0002   0.7887674E-0003
    15.75200  -0.6045996E-0002  -0.7810619E-0003  -0.5408102E-0003   0.8000118E-0004  -0.2282724E-0002   0.8464611E-0003
    15.76000  -0.6052195E-0002  -0.7748714E-0003  -0.5400383E-0003   0.9647654E-0004  -0.2275502E-0002   0.9028281E-0003
    15.76800  -0.6058345E-0002  -0.7688085E-0003  -0.5391345E-0003   0.1129813E-0003  -0.2267839E-0002   0.9578756E-0003
    15.77600  -0.6064450E-0002  -0.7630076E-0003  -0.5380987E-0003   0.1294691E-0003  -0.2259746E-0002   0.1011626E-0002
    15.78400  -0.6070510E-0002  -0.7575934E-0003  -0.5369316E-0003   0.1458953E-0003  -0.2251233E-0002   0.1064113E-0002
    15.79200  -0.6076532E-0002  -0.7526781E-0003  -0.5356338E-0003   0.1622180E-0003  -0.2242310E-0002   0.1115380E-0002
    15.80000  -0.6082519E-0002  -0.7483584E-0003  -0.5342067E-0003   0.1783975E-0003  -0.2232986E-0002   0.1165477E-0002
    15.80800  -0.6088476E-0002  -0.7447132E-0003  -0.5326515E-0003   0.1943971E-0003  -0.2223270E-0002   0.1214456E-0002
    15.81600  -0.6094411E-0002  -0.7418017E-0003  -0.5309700E-0003   0.2101827E-0003  -0.2213171E-0002   0.1262367E-0002
    15.82400  -0.6100328E-0002  -0.7396617E-0003  -0.5291642E-0003   0.2257232E-0003  -0.2202697E-0002   0.1309258E-0002
    15.83200  -0.6106234E-0002  -0.7383086E-0003  -0.5272363E-0003   0.2409900E-0003  -0.2191856E-0002   0.1355169E-0002
    15.84000  -0.6112136E-0002  -0.7377355E-0003  -0.5251887E-0003   0.2559570E-0003  -0.2180655E-0002   0.1400133E-0002
    15.84800  -0.6118040E-0002  -0.7379126E-0003  -0.5230239E-0003   0.2706007E-0003  -0.2169101E-0002   0.1444169E-0002
    15.85600  -0.6123950E-0002  -0.7387887E-0003  -0.5207447E-0003   0.2848994E-0003  -0.2157203E-0002   0.1487287E-0002
    15.86400  -0.6129872E-0002  -0.7402919E-0003  -0.5183540E-0003   0.2988337E-0003  -0.2144967E-0002   0.1529479E-0002
    15.87200  -0.6135811E-0002  -0.7423318E-0003  -0.5158549E-0003   0.3123861E-0003  -0.2132402E-0002   0.1570724E-0002
    15.88000  -0.6141769E-0002  -0.7448015E-0003  -0.5132506E-0003   0.3255405E-0003  -0.2119514E-0002   0.1610987E-0002
    15.88800  -0.6147750E-0002  -0.7475808E-0003  -0.5105443E-0003   0.3382830E-0003  -0.2106312E-0002   0.1650217E-0002
    15.89600  -0.6153754E-0002  -0.7505384E-0003  -0.5077395E-0003   0.3506008E-0003  -0.2092805E-0002   0.1688350E-0002
    15.90400  -0.6159783E-0002  -0.7535360E-0003  -0.5048396E-0003   0.3624828E-0003  -0.2079003E-0002   0.1725308E-0002
    15.91200  -0.6165834E-0002  -0.7564313E-0003  -0.5018483E-0003   0.3739193E-0003  -0.2064915E-0002   0.1761005E-0002
    15.92000  -0.6171907E-0002  -0.7590819E-0003  -0.4987691E-0003   0.3849021E-0003  -0.2050552E-0002   0.1795343E-0002
    15.92800  -0.6177998E-0002  -0.7613482E-0003  -0.4956057E-0003   0.3954241E-0003  -0.2035926E-0002   0.1828218E-0002
    15.93600  -0.6184102E-0002  -0.7630978E-0003  -0.4923618E-0003   0.4054796E-0003  -0.2021050E-0002   0.1859522E-0002
    15.94400  -0.6190216E-0002  -0.7642081E-0003  -0.4890413E-0003   0.4150640E-0003  -0.2005937E-0002   0.1889146E-0002
    15.95200  -0.6196333E-0002  -0.7645694E-0003  -0.4856479E-0003   0.4241741E-0003  -0.1990601E-0002   0.1916979E-0002
    15.96000  -0.6202445E-0002  -0.7640878E-0003  -0.4821855E-0003   0.4328074E-0003  -0.1975058E-0002   0.1942915E-0002
    15.96800  -0.6208547E-0002  -0.7626872E-0003  -0.4786578E-0003   0.4409629E-0003  -0.1959323E-0002   0.1966855E-0002
    15.97600  -0.6214629E-0002  -0.7603112E-0003  -0.4750686E-0003   0.4486405E-0003  -0.1943413E-0002   0.1988704E-0002
    15.98400  -0.6220685E-0002  -0.7569242E-0003  -0.4714219E-0003   0.4558413E-0003  -0.1927346E-0002   0.2008380E-0002
    15.99200  -0.6226705E-0002  -0.7525121E-0003  -0.4677214E-0003   0.4625676E-0003  -0.1911140E-0002   0.2025812E-0002
    16.00000  -0.6232681E-0002  -0.7470827E-0003  -0.4639708E-0003   0.4688234E-0003  -0.1894812E-0002   0.2040943E-0002
    16.00800  -0.6238607E-0002  -0.7406649E-0003  -0.4601739E-0003   0.4746140E-0003  -0.1878382E-0002   0.2053728E-0002
    16.01600  -0.6244473E-0002  -0.7333075E-0003  -0.4563343E-0003   0.4799469E-0003  -0.1861869E-0002   0.2064139E-0002
    16.02400  -0.6250274E-0002  -0.7250782E-0003  -0.4524557E-0003   0.4848313E-0003  -0.1845292E-0002   0.2072165E-0002
    16.03200  -0.6256002E-0002  -0.7160609E-0003  -0.4485414E-0003   0.4892792E-0003  -0.1828669E-0002   0.2077807E-0002
    16.04000  -0.6261653E-0002  -0.7063535E-0003  -0.4445950E-0003   0.4933049E-0003  -0.1812021E-0002   0.2081085E-0002
    16.04800  -0.6267222E-0002  -0.6960651E-0003  -0.4406196E-0003   0.4969258E-0003  -0.1795364E-0002   0.2082033E-0002
    16.05600  -0.6272704E-0002  -0.6853122E-0003  -0.4366183E-0003   0.5001623E-0003  -0.1778719E-0002   0.2080699E-0002
    16.06400  -0.6278098E-0002  -0.6742161E-0003  -0.4325940E-0003   0.5030378E-0003  -0.1762102E-0002   0.2077146E-0002
    16.07200  -0.6283401E-0002  -0.6628988E-0003  -0.4285493E-0003   0.5055787E-0003  -0.1745530E-0002   0.2071446E-0002
    16.08000  -0.6288613E-0002  -0.6514797E-0003  -0.4244868E-0003   0.5078144E-0003  -0.1729021E-0002   0.2063686E-0002
    16.08800  -0.6293733E-0002  -0.6400721E-0003  -0.4204086E-0003   0.5097770E-0003  -0.1712589E-0002   0.2053959E-0002
    16.09600  -0.6298764E-0002  -0.6287800E-0003  -0.4163166E-0003   0.5115006E-0003  -0.1696250E-0002   0.2042367E-0002
    16.10400  -0.6303705E-0002  -0.6176952E-0003  -0.4122124E-0003   0.5130212E-0003  -0.1680018E-0002   0.2029018E-0002
    16.11200  -0.6308560E-0002  -0.6068944E-0003  -0.4080974E-0003   0.5143756E-0003  -0.1663906E-0002   0.2014027E-0002
    16.12000  -0.6313332E-0002  -0.5964375E-0003  -0.4039726E-0003   0.5156011E-0003  -0.1647926E-0002   0.1997508E-0002
    16.12800  -0.6318023E-0002  -0.5863655E-0003  -0.3998387E-0003   0.5167343E-0003  -0.1632089E-0002   0.1979581E-0002
    16.13600  -0.6322636E-0002  -0.5766999E-0003  -0.3956963E-0003   0.5178106E-0003  -0.1616406E-0002   0.1960362E-0002
    16.14400  -0.6327176E-0002  -0.5674417E-0003  -0.3915454E-0003   0.5188630E-0003  -0.1600886E-0002   0.1939970E-0002
    16.15200  -0.6331645E-0002  -0.5585719E-0003  -0.3873860E-0003   0.5199218E-0003  -0.1585538E-0002   0.1918519E-0002
    16.16000  -0.6336045E-0002  -0.5500520E-0003  -0.3832179E-0003   0.5210132E-0003  -0.1570369E-0002   0.1896120E-0002
    16.16800  -0.6340380E-0002  -0.5418253E-0003  -0.3790406E-0003   0.5221593E-0003  -0.1555386E-0002   0.1872882E-0002
    16.17600  -0.6344650E-0002  -0.5338190E-0003  -0.3748536E-0003   0.5233774E-0003  -0.1540595E-0002   0.1848905E-0002
    16.18400  -0.6348858E-0002  -0.5259460E-0003  -0.3706561E-0003   0.5246795E-0003  -0.1526001E-0002   0.1824285E-0002
    16.19200  -0.6353003E-0002  -0.5181085E-0003  -0.3664476E-0003   0.5260721E-0003  -0.1511608E-0002   0.1799111E-0002
    16.20000  -0.6357084E-0002  -0.5102001E-0003  -0.3622271E-0003   0.5275565E-0003  -0.1497420E-0002   0.1773464E-0002
    16.20800  -0.6361101E-0002  -0.5021101E-0003  -0.3579941E-0003   0.5291284E-0003  -0.1483441E-0002   0.1747417E-0002
    16.21600  -0.6365051E-0002  -0.4937267E-0003  -0.3537479E-0003   0.5307789E-0003  -0.1469672E-0002   0.1721034E-0002
    16.22400  -0.6368930E-0002  -0.4849403E-0003  -0.3494879E-0003   0.5324941E-0003  -0.1456117E-0002   0.1694370E-0002
    16.23200  -0.6372736E-0002  -0.4756477E-0003  -0.3452139E-0003   0.5342563E-0003  -0.1442778E-0002   0.1667470E-0002
    16.24000  -0.6376462E-0002  -0.4657552E-0003  -0.3409255E-0003   0.5360444E-0003  -0.1429655E-0002   0.1640370E-0002
    16.24800  -0.6380103E-0002  -0.4551819E-0003  -0.3366228E-0003   0.5378344E-0003  -0.1416750E-0002   0.1613094E-0002
    16.25600  -0.6383654E-0002  -0.4438626E-0003  -0.3323060E-0003   0.5396005E-0003  -0.1404065E-0002   0.1585657E-0002
    16.26400  -0.6387108E-0002  -0.4317502E-0003  -0.3279755E-0003   0.5413157E-0003  -0.1391600E-0002   0.1558062E-0002
    16.27200  -0.6390458E-0002  -0.4188179E-0003  -0.3236319E-0003   0.5429522E-0003  -0.1379358E-0002   0.1530303E-0002
    16.28000  -0.6393699E-0002  -0.4050607E-0003  -0.3192760E-0003   0.5444829E-0003  -0.1367339E-0002   0.1502363E-0002
    16.28800  -0.6396823E-0002  -0.3904961E-0003  -0.3149090E-0003   0.5458813E-0003  -0.1355545E-0002   0.1474213E-0002
    16.29600  -0.6399824E-0002  -0.3751643E-0003  -0.3105320E-0003   0.5471225E-0003  -0.1343979E-0002   0.1445818E-0002
    16.30400  -0.6402697E-0002  -0.3591284E-0003  -0.3061465E-0003   0.5481837E-0003  -0.1332642E-0002   0.1417131E-0002
    16.31200  -0.6405437E-0002  -0.3424728E-0003  -0.3017542E-0003   0.5490446E-0003  -0.1321537E-0002   0.1388099E-0002
    16.32000  -0.6408039E-0002  -0.3253021E-0003  -0.2973567E-0003   0.5496876E-0003  -0.1310667E-0002   0.1358661E-0002
    16.32800  -0.6410501E-0002  -0.3077387E-0003  -0.2929559E-0003   0.5500983E-0003  -0.1300037E-0002   0.1328751E-0002
    16.33600  -0.6412821E-0002  -0.2899205E-0003  -0.2885537E-0003   0.5502655E-0003  -0.1289651E-0002   0.1298300E-0002
    16.34400  -0.6414997E-0002  -0.2719974E-0003  -0.2841523E-0003   0.5501812E-0003  -0.1279513E-0002   0.1267236E-0002
    16.35200  -0.6417030E-0002  -0.2541283E-0003  -0.2797536E-0003   0.5498408E-0003  -0.1269629E-0002   0.1235489E-0002
    16.36000  -0.6418922E-0002  -0.2364774E-0003  -0.2753596E-0003   0.5492424E-0003  -0.1260005E-0002   0.1202990E-0002
    16.36800  -0.6420675E-0002  -0.2192098E-0003  -0.2709725E-0003   0.5483872E-0003  -0.1250648E-0002   0.1169674E-0002
    16.37600  -0.6422295E-0002  -0.2024883E-0003  -0.2665943E-0003   0.5472789E-0003  -0.1241564E-0002   0.1135486E-0002
    16.38400  -0.6423787E-0002  -0.1864690E-0003  -0.2622269E-0003   0.5459228E-0003  -0.1232761E-0002   0.1100379E-0002
    16.39200  -0.6425157E-0002  -0.1712979E-0003  -0.2578723E-0003   0.5443262E-0003  -0.1224246E-0002   0.1064320E-0002
    16.40000  -0.6426414E-0002  -0.1571070E-0003  -0.2535323E-0003   0.5424969E-0003  -0.1216028E-0002   0.1027289E-0002
    16.40800  -0.6427566E-0002  -0.1440115E-0003  -0.2492088E-0003   0.5404434E-0003  -0.1208114E-0002   0.9892847E-0003
    16.41600  -0.6428623E-0002  -0.1321067E-0003  -0.2449034E-0003   0.5381737E-0003  -0.1200511E-0002   0.9503250E-0003
    16.42400  -0.6429595E-0002  -0.1214660E-0003  -0.2406178E-0003   0.5356948E-0003  -0.1193228E-0002   0.9104481E-0003
    16.43200  -0.6430492E-0002  -0.1121393E-0003  -0.2363537E-0003   0.5330123E-0003  -0.1186270E-0002   0.8697153E-0003
    16.44000  -0.6431325E-0002  -0.1041514E-0003  -0.2321127E-0003   0.5301295E-0003  -0.1179644E-0002   0.8282107E-0003
    16.44800  -0.6432105E-0002  -0.9750199E-0004  -0.2278963E-0003   0.5270472E-0003  -0.1173356E-0002   0.7860424E-0003
    16.45600  -0.6432842E-0002  -0.9216567E-0004  -0.2237062E-0003   0.5237628E-0003  -0.1167409E-0002   0.7433420E-0003
    16.46400  -0.6433547E-0002  -0.8809279E-0004  -0.2195441E-0003   0.5202706E-0003  -0.1161807E-0002   0.7002639E-0003
    16.47200  -0.6434229E-0002  -0.8521085E-0004  -0.2154116E-0003   0.5165611E-0003  -0.1156551E-0002   0.6569840E-0003
    16.48000  -0.6434896E-0002  -0.8342658E-0004  -0.2113106E-0003   0.5126212E-0003  -0.1151642E-0002   0.6136976E-0003
    16.48800  -0.6435557E-0002  -0.8262840E-0004  -0.2072431E-0003   0.5084342E-0003  -0.1147077E-0002   0.5706167E-0003
    16.49600  -0.6436219E-0002  -0.8268945E-0004  -0.2032113E-0003   0.5039802E-0003  -0.1142853E-0002   0.5279673E-0003
    16.50400  -0.6436887E-0002  -0.8347091E-0004  -0.1992174E-0003   0.4992363E-0003  -0.1138965E-0002   0.4859849E-0003
    16.51200  -0.6437565E-0002  -0.8482568E-0004  -0.1952640E-0003   0.4941772E-0003  -0.1135406E-0002   0.4449109E-0003
    16.52000  -0.6438258E-0002  -0.8660214E-0004  -0.1913538E-0003   0.4887759E-0003  -0.1132166E-0002   0.4049878E-0003
    16.52800  -0.6438967E-0002  -0.8864806E-0004  -0.1874897E-0003   0.4830046E-0003  -0.1129234E-0002   0.3664544E-0003
    16.53600  -0.6439694E-0002  -0.9081446E-0004  -0.1836750E-0003   0.4768353E-0003  -0.1126598E-0002   0.3295404E-0003
    16.54400  -0.6440437E-0002  -0.9295930E-0004  -0.1799131E-0003   0.4702406E-0003  -0.1124242E-0002   0.2944619E-0003
    16.55200  -0.6441197E-0002  -0.9495102E-0004  -0.1762076E-0003   0.4631948E-0003  -0.1122151E-0002   0.2614158E-0003
    16.56000  -0.6441970E-0002  -0.9667165E-0004  -0.1725622E-0003   0.4556746E-0003  -0.1120306E-0002   0.2305756E-0003
    16.56800  -0.6442755E-0002  -0.9801962E-0004  -0.1689809E-0003   0.4476601E-0003  -0.1118690E-0002   0.2020863E-0003
    16.57600  -0.6443546E-0002  -0.9891199E-0004  -0.1654678E-0003   0.4391352E-0003  -0.1117281E-0002   0.1760611E-0003
    16.58400  -0.6444340E-0002  -0.9928625E-0004  -0.1620271E-0003   0.4300881E-0003  -0.1116060E-0002   0.1525777E-0003
    16.59200  -0.6445133E-0002  -0.9910147E-0004  -0.1586630E-0003   0.4205124E-0003  -0.1115007E-0002   0.1316759E-0003
    16.60000  -0.6445920E-0002  -0.9833886E-0004  -0.1553797E-0003   0.4104066E-0003  -0.1114100E-0002   0.1133558E-0003
    16.60800  -0.6446696E-0002  -0.9700175E-0004  -0.1521815E-0003   0.3997747E-0003  -0.1113320E-0002   0.9757702E-0004
    16.61600  -0.6447457E-0002  -0.9511493E-0004  -0.1490725E-0003   0.3886265E-0003  -0.1112646E-0002   0.8425876E-0004
    16.62400  -0.6448198E-0002  -0.9272344E-0004  -0.1460567E-0003   0.3769766E-0003  -0.1112059E-0002   0.7328115E-0004
    16.63200  -0.6448918E-0002  -0.8989081E-0004  -0.1431380E-0003   0.3648451E-0003  -0.1111543E-0002   0.6448729E-0004
    16.64000  -0.6449611E-0002  -0.8669681E-0004  -0.1403199E-0003   0.3522565E-0003  -0.1111082E-0002   0.5768641E-0004
    16.64800  -0.6450277E-0002  -0.8323477E-0004  -0.1376060E-0003   0.3392397E-0003  -0.1110661E-0002   0.5265805E-0004
    16.65600  -0.6450914E-0002  -0.7960864E-0004  -0.1349994E-0003   0.3258272E-0003  -0.1110267E-0002   0.4915697E-0004
    16.66400  -0.6451521E-0002  -0.7592967E-0004  -0.1325029E-0003   0.3120547E-0003  -0.1109892E-0002   0.4691889E-0004
    16.67200  -0.6452100E-0002  -0.7231303E-0004  -0.1301193E-0003   0.2979602E-0003  -0.1109527E-0002   0.4566685E-0004
    16.68000  -0.6452651E-0002  -0.6887433E-0004  -0.1278506E-0003   0.2835836E-0003  -0.1109166E-0002   0.4511803E-0004
    16.68800  -0.6453177E-0002  -0.6572617E-0004  -0.1256989E-0003   0.2689660E-0003  -0.1108806E-0002   0.4499087E-0004
    16.69600  -0.6453680E-0002  -0.6297484E-0004  -0.1236657E-0003   0.2541494E-0003  -0.1108446E-0002   0.4501234E-0004
    16.70400  -0.6454166E-0002  -0.6071724E-0004  -0.1217523E-0003   0.2391754E-0003  -0.1108086E-0002   0.4492513E-0004
    16.71200  -0.6454638E-0002  -0.5903805E-0004  -0.1199596E-0003   0.2240857E-0003  -0.1107730E-0002   0.4449453E-0004
    16.72000  -0.6455102E-0002  -0.5800736E-0004  -0.1182882E-0003   0.2089206E-0003  -0.1107382E-0002   0.4351495E-0004
    16.72800  -0.6455564E-0002  -0.5767868E-0004  -0.1167384E-0003   0.1937195E-0003  -0.1107048E-0002   0.4181567E-0004
    16.73600  -0.6456029E-0002  -0.5808749E-0004  -0.1153103E-0003   0.1785200E-0003  -0.1106734E-0002   0.3926585E-0004
    16.74400  -0.6456503E-0002  -0.5925028E-0004  -0.1140034E-0003   0.1633577E-0003  -0.1106447E-0002   0.3577856E-0004
    16.75200  -0.6456992E-0002  -0.6116417E-0004  -0.1128173E-0003   0.1482663E-0003  -0.1106197E-0002   0.3131366E-0004
    16.76000  -0.6457502E-0002  -0.6380706E-0004  -0.1117511E-0003   0.1332766E-0003  -0.1105990E-0002   0.2587945E-0004
    16.76800  -0.6458039E-0002  -0.6713836E-0004  -0.1108037E-0003   0.1184173E-0003  -0.1105834E-0002   0.1953314E-0004
    16.77600  -0.6458608E-0002  -0.7110021E-0004  -0.1099740E-0003   0.1037141E-0003  -0.1105735E-0002   0.1237985E-0004
    16.78400  -0.6459213E-0002  -0.7561921E-0004  -0.1092605E-0003   0.8919015E-0004  -0.1105698E-0002   0.4570338E-0005
    16.79200  -0.6459858E-0002  -0.8060857E-0004  -0.1086616E-0003   0.7486553E-0004  -0.1105728E-0002  -0.3702537E-0005
    16.80000  -0.6460546E-0002  -0.8597061E-0004  -0.1081755E-0003   0.6075763E-0004  -0.1105825E-0002  -0.1220865E-0004
    16.80800  -0.6461279E-0002  -0.9159958E-0004  -0.1078005E-0003   0.4688098E-0004  -0.1105991E-0002  -0.2068653E-0004
    16.81600  -0.6462058E-0002  -0.9738466E-0004  -0.1075345E-0003   0.3324741E-0004  -0.1106222E-0002  -0.2885026E-0004
    16.82400  -0.6462883E-0002  -0.1032131E-0003  -0.1073756E-0003   0.1986615E-0004  -0.1106513E-0002  -0.3639725E-0004
    16.83200  -0.6463755E-0002  -0.1089733E-0003  -0.1073216E-0003   0.6743998E-0005  -0.1106857E-0002  -0.4301652E-0004
    16.84000  -0.6464672E-0002  -0.1145582E-0003  -0.1073705E-0003  -0.6114431E-0005  -0.1107244E-0002  -0.4839749E-0004
    16.84800  -0.6465631E-0002  -0.1198677E-0003  -0.1075202E-0003  -0.1870646E-0004  -0.1107662E-0002  -0.5223890E-0004
    16.85600  -0.6466629E-0002  -0.1248120E-0003  -0.1077684E-0003  -0.3103104E-0004  -0.1108096E-0002  -0.5425761E-0004
    16.86400  -0.6467664E-0002  -0.1293136E-0003  -0.1081131E-0003  -0.4308840E-0004  -0.1108530E-0002  -0.5419716E-0004
    16.87200  -0.6468730E-0002  -0.1333093E-0003  -0.1085522E-0003  -0.5487974E-0004  -0.1108944E-0002  -0.5183572E-0004
    16.88000  -0.6469824E-0002  -0.1367521E-0003  -0.1090834E-0003  -0.6640682E-0004  -0.1109320E-0002  -0.4699324E-0004
    16.88800  -0.6470941E-0002  -0.1396120E-0003  -0.1097048E-0003  -0.7767164E-0004  -0.1109637E-0002  -0.3953768E-0004
    16.89600  -0.6472076E-0002  -0.1418769E-0003  -0.1104142E-0003  -0.8867610E-0004  -0.1109872E-0002  -0.2938996E-0004
    16.90400  -0.6473224E-0002  -0.1435524E-0003  -0.1112096E-0003  -0.9942172E-0004  -0.1110004E-0002  -0.1652763E-0004
    16.91200  -0.6474382E-0002  -0.1446615E-0003  -0.1120889E-0003  -0.1099094E-0003  -0.1110012E-0002  -0.9870693E-0006
    16.92000  -0.6475544E-0002  -0.1452438E-0003  -0.1130500E-0003  -0.1201392E-0003  -0.1109875E-0002   0.1713589E-0004
    16.92800  -0.6476707E-0002  -0.1453538E-0003  -0.1140909E-0003  -0.1301105E-0003  -0.1109573E-0002   0.3768688E-0004
    16.93600  -0.6477867E-0002  -0.1450592E-0003  -0.1152094E-0003  -0.1398214E-0003  -0.1109090E-0002   0.6045553E-0004
    16.94400  -0.6479023E-0002  -0.1444388E-0003  -0.1164036E-0003  -0.1492696E-0003  -0.1108408E-0002   0.8517954E-0004
    16.95200  -0.6480171E-0002  -0.1435798E-0003  -0.1176712E-0003  -0.1584518E-0003  -0.1107516E-0002   0.1115501E-0003
    16.96000  -0.6481312E-0002  -0.1425750E-0003  -0.1190101E-0003  -0.1673645E-0003  -0.1106402E-0002   0.1392190E-0003
    16.96800  -0.6482444E-0002  -0.1415203E-0003  -0.1204182E-0003  -0.1760038E-0003  -0.1105059E-0002   0.1678062E-0003
    16.97600  -0.6483568E-0002  -0.1405112E-0003  -0.1218931E-0003  -0.1843663E-0003  -0.1103484E-0002   0.1969090E-0003
    16.98400  -0.6484685E-0002  -0.1396404E-0003  -0.1234327E-0003  -0.1924489E-0003  -0.1101675E-0002   0.2261117E-0003
    16.99200  -0.6485797E-0002  -0.1389945E-0003  -0.1250347E-0003  -0.2002496E-0003  -0.1099635E-0002   0.2549956E-0003
    17.00000  -0.6486906E-0002  -0.1386518E-0003  -0.1266968E-0003  -0.2077677E-0003  -0.1097370E-0002   0.2831494E-0003
    17.00800  -0.6488016E-0002  -0.1386799E-0003  -0.1284168E-0003  -0.2150041E-0003  -0.1094889E-0002   0.3101793E-0003
    17.01600  -0.6489129E-0002  -0.1391333E-0003  -0.1301925E-0003  -0.2219618E-0003  -0.1092203E-0002   0.3357191E-0003
    17.02400  -0.6490249E-0002  -0.1400524E-0003  -0.1320217E-0003  -0.2286459E-0003  -0.1089327E-0002   0.3594390E-0003
    17.03200  -0.6491381E-0002  -0.1414619E-0003  -0.1339022E-0003  -0.2350640E-0003  -0.1086279E-0002   0.3810543E-0003
    17.04000  -0.6492528E-0002  -0.1433706E-0003  -0.1358320E-0003  -0.2412260E-0003  -0.1083076E-0002   0.4003326E-0003
    17.04800  -0.6493694E-0002  -0.1457705E-0003  -0.1378092E-0003  -0.2471444E-0003  -0.1079740E-0002   0.4170994E-0003
    17.05600  -0.6494883E-0002  -0.1486378E-0003  -0.1398319E-0003  -0.2528337E-0003  -0.1076290E-0002   0.4312430E-0003
    17.06400  -0.6496099E-0002  -0.1519334E-0003  -0.1418983E-0003  -0.2583108E-0003  -0.1072748E-0002   0.4427168E-0003
    17.07200  -0.6497343E-0002  -0.1556042E-0003  -0.1440071E-0003  -0.2635941E-0003  -0.1069136E-0002   0.4515406E-0003
    17.08000  -0.6498620E-0002  -0.1595845E-0003  -0.1461567E-0003  -0.2687036E-0003  -0.1065473E-0002   0.4578000E-0003
    17.08800  -0.6499931E-0002  -0.1637985E-0003  -0.1483460E-0003  -0.2736604E-0003  -0.1061780E-0002   0.4616440E-0003
    17.09600  -0.6501276E-0002  -0.1681622E-0003  -0.1505739E-0003  -0.2784858E-0003  -0.1058074E-0002   0.4632806E-0003
    17.10400  -0.6502657E-0002  -0.1725863E-0003  -0.1528395E-0003  -0.2832013E-0003  -0.1054370E-0002   0.4629716E-0003
    17.11200  -0.6504072E-0002  -0.1769785E-0003  -0.1551421E-0003  -0.2878280E-0003  -0.1050682E-0002   0.4610252E-0003
    17.12000  -0.6505522E-0002  -0.1812466E-0003  -0.1574812E-0003  -0.2923857E-0003  -0.1047020E-0002   0.4577880E-0003
    17.12800  -0.6507005E-0002  -0.1853010E-0003  -0.1598564E-0003  -0.2968928E-0003  -0.1043390E-0002   0.4536352E-0003
    17.13600  -0.6508517E-0002  -0.1890577E-0003  -0.1622673E-0003  -0.3013658E-0003  -0.1039799E-0002   0.4489607E-0003
    17.14400  -0.6510057E-0002  -0.1924402E-0003  -0.1647138E-0003  -0.3058183E-0003  -0.1036245E-0002   0.4441667E-0003
    17.15200  -0.6511620E-0002  -0.1953823E-0003  -0.1671959E-0003  -0.3102615E-0003  -0.1032728E-0002   0.4396526E-0003
    17.16000  -0.6513202E-0002  -0.1978297E-0003  -0.1697135E-0003  -0.3147031E-0003  -0.1029242E-0002   0.4358042E-0003
    17.16800  -0.6514800E-0002  -0.1997417E-0003  -0.1722667E-0003  -0.3191473E-0003  -0.1025778E-0002   0.4329836E-0003
    17.17600  -0.6516409E-0002  -0.2010919E-0003  -0.1748555E-0003  -0.3235946E-0003  -0.1022326E-0002   0.4315191E-0003
    17.18400  -0.6518024E-0002  -0.2018694E-0003  -0.1774798E-0003  -0.3280415E-0003  -0.1018872E-0002   0.4316969E-0003
    17.19200  -0.6519641E-0002  -0.2020789E-0003  -0.1801397E-0003  -0.3324806E-0003  -0.1015402E-0002   0.4337527E-0003
    17.20000  -0.6521255E-0002  -0.2017399E-0003  -0.1828349E-0003  -0.3369005E-0003  -0.1011899E-0002   0.4378659E-0003
    17.20800  -0.6522862E-0002  -0.2008867E-0003  -0.1855651E-0003  -0.3412857E-0003  -0.1008346E-0002   0.4441548E-0003
    17.21600  -0.6524458E-0002  -0.1995667E-0003  -0.1883301E-0003  -0.3456171E-0003  -0.1004725E-0002   0.4526730E-0003
    17.22400  -0.6526041E-0002  -0.1978388E-0003  -0.1911291E-0003  -0.3498720E-0003  -0.1001017E-0002   0.4634082E-0003
    17.23200  -0.6527607E-0002  -0.1957719E-0003  -0.1939613E-0003  -0.3540245E-0003  -0.9972070E-0003   0.4762827E-0003
    17.24000  -0.6529155E-0002  -0.1934422E-0003  -0.1968256E-0003  -0.3580460E-0003  -0.9932778E-0003   0.4911550E-0003
    17.24800  -0.6530682E-0002  -0.1909309E-0003  -0.1997209E-0003  -0.3619055E-0003  -0.9892152E-0003   0.5078238E-0003
    17.25600  -0.6532189E-0002  -0.1883214E-0003  -0.2026454E-0003  -0.3655705E-0003  -0.9850070E-0003   0.5260331E-0003
    17.26400  -0.6533674E-0002  -0.1856970E-0003  -0.2055975E-0003  -0.3690073E-0003  -0.9806431E-0003   0.5454791E-0003
    17.27200  -0.6535139E-0002  -0.1831376E-0003  -0.2085749E-0003  -0.3721821E-0003  -0.9761166E-0003   0.5658180E-0003
    17.28000  -0.6536585E-0002  -0.1807177E-0003  -0.2115754E-0003  -0.3750617E-0003  -0.9714232E-0003   0.5866746E-0003
    17.28800  -0.6538013E-0002  -0.1785035E-0003  -0.2145964E-0003  -0.3776138E-0003  -0.9665620E-0003   0.6076524E-0003
    17.29600  -0.6539426E-0002  -0.1765507E-0003  -0.2176348E-0003  -0.3798089E-0003  -0.9615352E-0003   0.6283439E-0003
    17.30400  -0.6540825E-0002  -0.1749030E-0003  -0.2206878E-0003  -0.3816198E-0003  -0.9563485E-0003   0.6483402E-0003
    17.31200  -0.6542213E-0002  -0.1735901E-0003  -0.2237520E-0003  -0.3830236E-0003  -0.9510105E-0003   0.6672422E-0003
    17.32000  -0.6543594E-0002  -0.1726267E-0003  -0.2268240E-0003  -0.3840015E-0003  -0.9455332E-0003   0.6846700E-0003
    17.32800  -0.6544971E-0002  -0.1720118E-0003  -0.2299003E-0003  -0.3845399E-0003  -0.9399310E-0003   0.7002725E-0003
    17.33600  -0.6546344E-0002  -0.1717288E-0003  -0.2329773E-0003  -0.3846307E-0003  -0.9342211E-0003   0.7137359E-0003
    17.34400  -0.6547718E-0002  -0.1717450E-0003  -0.2360515E-0003  -0.3842719E-0003  -0.9284228E-0003   0.7247914E-0003
    17.35200  -0.6549094E-0002  -0.1720130E-0003  -0.2391193E-0003  -0.3834676E-0003  -0.9225570E-0003   0.7332208E-0003
    17.36000  -0.6550474E-0002  -0.1724716E-0003  -0.2421771E-0003  -0.3822280E-0003  -0.9166461E-0003   0.7388621E-0003
    17.36800  -0.6551859E-0002  -0.1730473E-0003  -0.2452216E-0003  -0.3805695E-0003  -0.9107132E-0003   0.7416122E-0003
    17.37600  -0.6553248E-0002  -0.1736561E-0003  -0.2482498E-0003  -0.3785146E-0003  -0.9047818E-0003   0.7414291E-0003
    17.38400  -0.6554642E-0002  -0.1742059E-0003  -0.2512585E-0003  -0.3760907E-0003  -0.8988751E-0003   0.7383316E-0003
    17.39200  -0.6556038E-0002  -0.1745992E-0003  -0.2542451E-0003  -0.3733303E-0003  -0.8930160E-0003   0.7323983E-0003
    17.40000  -0.6557436E-0002  -0.1747352E-0003  -0.2572073E-0003  -0.3702700E-0003  -0.8872258E-0003   0.7237646E-0003
    17.40800  -0.6558832E-0002  -0.1745129E-0003  -0.2601429E-0003  -0.3669495E-0003  -0.8815249E-0003   0.7126180E-0003
    17.41600  -0.6560223E-0002  -0.1738337E-0003  -0.2630502E-0003  -0.3634109E-0003  -0.8759313E-0003   0.6991930E-0003
    17.42400  -0.6561604E-0002  -0.1726043E-0003  -0.2659278E-0003  -0.3596975E-0003  -0.8704612E-0003   0.6837641E-0003
    17.43200  -0.6562970E-0002  -0.1707391E-0003  -0.2687746E-0003  -0.3558530E-0003  -0.8651281E-0003   0.6666385E-0003
    17.44000  -0.6564315E-0002  -0.1681624E-0003  -0.2715899E-0003  -0.3519206E-0003  -0.8599429E-0003   0.6481478E-0003
    17.44800  -0.6565633E-0002  -0.1648110E-0003  -0.2743735E-0003  -0.3479416E-0003  -0.8549138E-0003   0.6286393E-0003
    17.45600  -0.6566919E-0002  -0.1606355E-0003  -0.2771251E-0003  -0.3439550E-0003  -0.8500461E-0003   0.6084673E-0003
    17.46400  -0.6568163E-0002  -0.1556019E-0003  -0.2798451E-0003  -0.3399966E-0003  -0.8453422E-0003   0.5879846E-0003
    17.47200  -0.6569361E-0002  -0.1496925E-0003  -0.2825339E-0003  -0.3360982E-0003  -0.8408019E-0003   0.5675338E-0003
    17.48000  -0.6570504E-0002  -0.1429067E-0003  -0.2851922E-0003  -0.3322868E-0003  -0.8364224E-0003   0.5474396E-0003
    17.48800  -0.6571586E-0002  -0.1352608E-0003  -0.2878208E-0003  -0.3285851E-0003  -0.8321984E-0003   0.5280017E-0003
    17.49600  -0.6572601E-0002  -0.1267878E-0003  -0.2904209E-0003  -0.3250100E-0003  -0.8281225E-0003   0.5094886E-0003
    17.50400  -0.6573541E-0002  -0.1175369E-0003  -0.2929935E-0003  -0.3215737E-0003  -0.8241854E-0003   0.4921324E-0003
    17.51200  -0.6574401E-0002  -0.1075720E-0003  -0.2955398E-0003  -0.3182828E-0003  -0.8203764E-0003   0.4761250E-0003
    17.52000  -0.6575177E-0002  -0.9697029E-0004  -0.2980609E-0003  -0.3151390E-0003  -0.8166835E-0003   0.4616152E-0003
    17.52800  -0.6575864E-0002  -0.8582055E-0004  -0.3005580E-0003  -0.3121391E-0003  -0.8130939E-0003   0.4487078E-0003
    17.53600  -0.6576458E-0002  -0.7422088E-0004  -0.3030322E-0003  -0.3092757E-0003  -0.8095942E-0003   0.4374627E-0003
    17.54400  -0.6576956E-0002  -0.6227641E-0004  -0.3054845E-0003  -0.3065376E-0003  -0.8061710E-0003   0.4278970E-0003
    17.55200  -0.6577357E-0002  -0.5009686E-0004  -0.3079158E-0003  -0.3039100E-0003  -0.8028111E-0003   0.4199867E-0003
    17.56000  -0.6577659E-0002  -0.3779398E-0004  -0.3103268E-0003  -0.3013758E-0003  -0.7995017E-0003   0.4136704E-0003
    17.56800  -0.6577863E-0002  -0.2547896E-0004  -0.3127181E-0003  -0.2989159E-0003  -0.7962309E-0003   0.4088538E-0003
    17.57600  -0.6577969E-0002  -0.1325999E-0004  -0.3150902E-0003  -0.2965098E-0003  -0.7929876E-0003   0.4054147E-0003
    17.58400  -0.6577979E-0002  -0.1239844E-0005  -0.3174433E-0003  -0.2941366E-0003  -0.7897619E-0003   0.4032089E-0003
    17.59200  -0.6577895E-0002   0.1048628E-0004  -0.3197775E-0003  -0.2917756E-0003  -0.7865453E-0003   0.4020765E-0003
    17.60000  -0.6577720E-0002   0.2183271E-0004  -0.3220928E-0003  -0.2894067E-0003  -0.7833305E-0003   0.4018481E-0003
    17.60800  -0.6577458E-0002   0.3272497E-0004  -0.3243888E-0003  -0.2870112E-0003  -0.7801117E-0003   0.4023516E-0003
    17.61600  -0.6577114E-0002   0.4310108E-0004  -0.3266654E-0003  -0.2845724E-0003  -0.7768844E-0003   0.4034182E-0003
    17.62400  -0.6576690E-0002   0.5291254E-0004  -0.3289220E-0003  -0.2820759E-0003  -0.7736452E-0003   0.4048882E-0003
    17.63200  -0.6576193E-0002   0.6212493E-0004  -0.3311581E-0003  -0.2795099E-0003  -0.7703923E-0003   0.4066167E-0003
    17.64000  -0.6575628E-0002   0.7071809E-0004  -0.3333730E-0003  -0.2768658E-0003  -0.7671245E-0003   0.4084781E-0003
    17.64800  -0.6574998E-0002   0.7868602E-0004  -0.3355661E-0003  -0.2741378E-0003  -0.7638415E-0003   0.4103698E-0003
    17.65600  -0.6574310E-0002   0.8603630E-0004  -0.3377367E-0003  -0.2713233E-0003  -0.7605438E-0003   0.4122153E-0003
    17.66400  -0.6573567E-0002   0.9278923E-0004  -0.3398841E-0003  -0.2684228E-0003  -0.7572321E-0003   0.4139659E-0003
    17.67200  -0.6572776E-0002   0.9897669E-0004  -0.3420076E-0003  -0.2654398E-0003  -0.7539073E-0003   0.4156018E-0003
    17.68000  -0.6571938E-0002   0.1046407E-0003  -0.3441067E-0003  -0.2623801E-0003  -0.7505702E-0003   0.4171321E-0003
    17.68800  -0.6571060E-0002   0.1098316E-0003  -0.3461807E-0003  -0.2592521E-0003  -0.7472215E-0003   0.4185931E-0003
    17.69600  -0.6570143E-0002   0.1146067E-0003  -0.3482292E-0003  -0.2560658E-0003  -0.7438611E-0003   0.4200468E-0003
    17.70400  -0.6569191E-0002   0.1190276E-0003  -0.3502519E-0003  -0.2528325E-0003  -0.7404885E-0003   0.4215775E-0003
    17.71200  -0.6568205E-0002   0.1231591E-0003  -0.3522484E-0003  -0.2495645E-0003  -0.7371022E-0003   0.4232886E-0003
    17.72000  -0.6567189E-0002   0.1270665E-0003  -0.3542186E-0003  -0.2462740E-0003  -0.7336998E-0003   0.4252977E-0003
    17.72800  -0.6566142E-0002   0.1308141E-0003  -0.3561624E-0003  -0.2429731E-0003  -0.7302779E-0003   0.4277322E-0003
    17.73600  -0.6565067E-0002   0.1344632E-0003  -0.3580798E-0003  -0.2396731E-0003  -0.7268321E-0003   0.4307243E-0003
    17.74400  -0.6563962E-0002   0.1380707E-0003  -0.3599708E-0003  -0.2363837E-0003  -0.7233569E-0003   0.4344053E-0003
    17.75200  -0.6562829E-0002   0.1416874E-0003  -0.3618357E-0003  -0.2331128E-0003  -0.7198457E-0003   0.4389011E-0003
    17.76000  -0.6561666E-0002   0.1453573E-0003  -0.3636747E-0003  -0.2298662E-0003  -0.7162911E-0003   0.4443263E-0003
    17.76800  -0.6560473E-0002   0.1491159E-0003  -0.3654878E-0003  -0.2266472E-0003  -0.7126848E-0003   0.4507806E-0003
    17.77600  -0.6559249E-0002   0.1529905E-0003  -0.3672755E-0003  -0.2234562E-0003  -0.7090181E-0003   0.4583438E-0003
    17.78400  -0.6557993E-0002   0.1569992E-0003  -0.3690378E-0003  -0.2202910E-0003  -0.7052815E-0003   0.4670728E-0003
    17.79200  -0.6556704E-0002   0.1611510E-0003  -0.3707750E-0003  -0.2171465E-0003  -0.7014655E-0003   0.4769986E-0003
    17.80000  -0.6555380E-0002   0.1654463E-0003  -0.3724871E-0003  -0.2140151E-0003  -0.6975605E-0003   0.4881243E-0003
    17.80800  -0.6554021E-0002   0.1698771E-0003  -0.3741742E-0003  -0.2108865E-0003  -0.6935571E-0003   0.5004241E-0003
    17.81600  -0.6552626E-0002   0.1744278E-0003  -0.3758362E-0003  -0.2077485E-0003  -0.6894464E-0003   0.5138433E-0003
    17.82400  -0.6551193E-0002   0.1790763E-0003  -0.3774729E-0003  -0.2045871E-0003  -0.6852200E-0003   0.5282985E-0003
    17.83200  -0.6549723E-0002   0.1837949E-0003  -0.3790840E-0003  -0.2013868E-0003  -0.6808705E-0003   0.5436794E-0003
    17.84000  -0.6548214E-0002   0.1885518E-0003  -0.3806690E-0003  -0.1981316E-0003  -0.6763917E-0003   0.5598514E-0003
    17.84800  -0.6546668E-0002   0.1933123E-0003  -0.3822275E-0003  -0.1948052E-0003  -0.6717785E-0003   0.5766584E-0003
    17.85600  -0.6545084E-0002   0.1980400E-0003  -0.3837586E-0003  -0.1913915E-0003  -0.6670270E-0003   0.5939267E-0003
    17.86400  -0.6543462E-0002   0.2026985E-0003  -0.3852616E-0003  -0.1878756E-0003  -0.6621353E-0003   0.6114691E-0003
    17.87200  -0.6541804E-0002   0.2072526E-0003  -0.3867356E-0003  -0.1842437E-0003  -0.6571026E-0003   0.6290897E-0003
    17.88000  -0.6540111E-0002   0.2116693E-0003  -0.3881794E-0003  -0.1804841E-0003  -0.6519299E-0003   0.6465889E-0003
    17.88800  -0.6538383E-0002   0.2159193E-0003  -0.3895921E-0003  -0.1765874E-0003  -0.6466197E-0003   0.6637683E-0003
    17.89600  -0.6536623E-0002   0.2199775E-0003  -0.3909725E-0003  -0.1725469E-0003  -0.6411762E-0003   0.6804356E-0003
    17.90400  -0.6534833E-0002   0.2238240E-0003  -0.3923194E-0003  -0.1683591E-0003  -0.6356050E-0003   0.6964096E-0003
    17.91200  -0.6533013E-0002   0.2274447E-0003  -0.3936316E-0003  -0.1640238E-0003  -0.6299128E-0003   0.7115245E-0003
    17.92000  -0.6531167E-0002   0.2308313E-0003  -0.3949079E-0003  -0.1595439E-0003  -0.6241077E-0003   0.7256340E-0003
    17.92800  -0.6529295E-0002   0.2339818E-0003  -0.3961473E-0003  -0.1549261E-0003  -0.6181988E-0003   0.7386147E-0003
    17.93600  -0.6527400E-0002   0.2368998E-0003  -0.3973488E-0003  -0.1501802E-0003  -0.6121958E-0003   0.7503691E-0003
    17.94400  -0.6525483E-0002   0.2395947E-0003  -0.3985113E-0003  -0.1453196E-0003  -0.6061092E-0003   0.7608277E-0003
    17.95200  -0.6523546E-0002   0.2420809E-0003  -0.3996342E-0003  -0.1403603E-0003  -0.5999496E-0003   0.7699500E-0003
    17.96000  -0.6521591E-0002   0.2443770E-0003  -0.4007168E-0003  -0.1353213E-0003  -0.5937278E-0003   0.7777257E-0003
    17.96800  -0.6519619E-0002   0.2465051E-0003  -0.4017586E-0003  -0.1302240E-0003  -0.5874544E-0003   0.7841738E-0003
    17.97600  -0.6517631E-0002   0.2484896E-0003  -0.4027593E-0003  -0.1250917E-0003  -0.5811397E-0003   0.7893423E-0003
    17.98400  -0.6515628E-0002   0.2503565E-0003  -0.4037189E-0003  -0.1199491E-0003  -0.5747932E-0003   0.7933060E-0003
    17.99200  -0.6513611E-0002   0.2521320E-0003  -0.4046375E-0003  -0.1148219E-0003  -0.5684239E-0003   0.7961644E-0003
    18.00000  -0.6511581E-0002   0.2538413E-0003  -0.4055154E-0003  -0.1097364E-0003  -0.5620396E-0003   0.7980385E-0003
