 # SCECTPV35
 # Author=D.Liu
 # date =  1/17/2017 20: 2: 2
 # code = EQdyna3d
 # code_version = 4.1.3
 # element_size =   100.000000000000
  # time_step=  0.0080  s
  # num_time_steps=  2251
 # Time series in 7 columns in format e15.7
 # Column #1 = Time (s)
 # Column #2 = horizontal displacement (m)
 # Column #3 = horizontal velocity (m/s)
 # Column #4 = vertical displacement (m)
 # Column #5 = vertical velocity (m/s)
 # Column #6 = normal displacement (m)
 # Column #7 = normal velocity (m/s)
 #
 # The line below lists the names of the data fields:
 t h-disp h-vel v-disp v-vel n-disp n-vel
     0.00000   0.0000000E+0000   0.0000000E+0000   0.0000000E+0000   0.0000000E+0000   0.0000000E+0000   0.0000000E+0000
     0.00800   0.0000000E+0000   0.0000000E+0000   0.0000000E+0000   0.0000000E+0000   0.0000000E+0000   0.0000000E+0000
     0.01600   0.0000000E+0000   0.0000000E+0000   0.0000000E+0000   0.0000000E+0000   0.0000000E+0000   0.0000000E+0000
     0.02400   0.0000000E+0000   0.0000000E+0000   0.0000000E+0000   0.0000000E+0000   0.0000000E+0000   0.0000000E+0000
     0.03200   0.0000000E+0000   0.0000000E+0000   0.0000000E+0000   0.0000000E+0000   0.0000000E+0000   0.0000000E+0000
     0.04000   0.0000000E+0000   0.0000000E+0000   0.0000000E+0000   0.0000000E+0000   0.0000000E+0000   0.0000000E+0000
     0.04800   0.0000000E+0000   0.0000000E+0000   0.0000000E+0000   0.0000000E+0000   0.0000000E+0000   0.0000000E+0000
     0.05600   0.0000000E+0000   0.0000000E+0000   0.0000000E+0000   0.0000000E+0000   0.0000000E+0000   0.0000000E+0000
     0.06400   0.0000000E+0000   0.0000000E+0000   0.0000000E+0000   0.0000000E+0000   0.0000000E+0000   0.0000000E+0000
     0.07200   0.0000000E+0000   0.0000000E+0000   0.0000000E+0000   0.0000000E+0000   0.0000000E+0000   0.0000000E+0000
     0.08000   0.0000000E+0000   0.0000000E+0000   0.0000000E+0000   0.0000000E+0000   0.0000000E+0000   0.0000000E+0000
     0.08800   0.0000000E+0000   0.0000000E+0000   0.0000000E+0000   0.0000000E+0000   0.0000000E+0000   0.0000000E+0000
     0.09600   0.0000000E+0000   0.0000000E+0000   0.0000000E+0000   0.0000000E+0000   0.0000000E+0000   0.0000000E+0000
     0.10400   0.0000000E+0000   0.0000000E+0000   0.0000000E+0000   0.0000000E+0000   0.0000000E+0000   0.0000000E+0000
     0.11200   0.0000000E+0000   0.0000000E+0000   0.0000000E+0000   0.0000000E+0000   0.0000000E+0000   0.0000000E+0000
     0.12000   0.0000000E+0000   0.0000000E+0000   0.0000000E+0000   0.0000000E+0000   0.0000000E+0000   0.0000000E+0000
     0.12800   0.0000000E+0000   0.0000000E+0000   0.0000000E+0000   0.0000000E+0000   0.0000000E+0000   0.0000000E+0000
     0.13600   0.0000000E+0000   0.0000000E+0000   0.0000000E+0000   0.0000000E+0000   0.0000000E+0000   0.0000000E+0000
     0.14400   0.0000000E+0000   0.0000000E+0000   0.0000000E+0000   0.0000000E+0000   0.0000000E+0000   0.0000000E+0000
     0.15200   0.0000000E+0000   0.0000000E+0000   0.0000000E+0000   0.0000000E+0000   0.0000000E+0000   0.0000000E+0000
     0.16000   0.0000000E+0000   0.0000000E+0000   0.0000000E+0000   0.0000000E+0000   0.0000000E+0000   0.0000000E+0000
     0.16800   0.0000000E+0000   0.0000000E+0000   0.0000000E+0000   0.0000000E+0000   0.0000000E+0000   0.0000000E+0000
     0.17600   0.0000000E+0000   0.0000000E+0000   0.0000000E+0000   0.0000000E+0000   0.0000000E+0000   0.0000000E+0000
     0.18400   0.0000000E+0000   0.0000000E+0000   0.0000000E+0000   0.0000000E+0000   0.0000000E+0000   0.0000000E+0000
     0.19200   0.0000000E+0000   0.0000000E+0000   0.0000000E+0000   0.0000000E+0000   0.0000000E+0000   0.0000000E+0000
     0.20000   0.0000000E+0000   0.0000000E+0000   0.0000000E+0000   0.0000000E+0000   0.0000000E+0000   0.0000000E+0000
     0.20800   0.0000000E+0000   0.0000000E+0000   0.0000000E+0000   0.0000000E+0000   0.0000000E+0000   0.0000000E+0000
     0.21600   0.0000000E+0000   0.0000000E+0000   0.0000000E+0000   0.0000000E+0000   0.0000000E+0000   0.0000000E+0000
     0.22400   0.0000000E+0000   0.0000000E+0000   0.0000000E+0000   0.0000000E+0000   0.0000000E+0000   0.0000000E+0000
     0.23200   0.0000000E+0000   0.0000000E+0000   0.0000000E+0000   0.0000000E+0000   0.0000000E+0000   0.0000000E+0000
     0.24000   0.0000000E+0000   0.0000000E+0000   0.0000000E+0000   0.0000000E+0000   0.0000000E+0000   0.0000000E+0000
     0.24800   0.0000000E+0000   0.0000000E+0000   0.0000000E+0000   0.0000000E+0000   0.0000000E+0000   0.0000000E+0000
     0.25600   0.0000000E+0000   0.0000000E+0000   0.0000000E+0000   0.0000000E+0000   0.0000000E+0000   0.0000000E+0000
     0.26400   0.0000000E+0000   0.0000000E+0000   0.0000000E+0000   0.0000000E+0000   0.0000000E+0000   0.0000000E+0000
     0.27200   0.0000000E+0000   0.0000000E+0000   0.0000000E+0000   0.0000000E+0000   0.0000000E+0000   0.0000000E+0000
     0.28000   0.0000000E+0000   0.0000000E+0000   0.0000000E+0000   0.0000000E+0000   0.0000000E+0000   0.0000000E+0000
     0.28800   0.0000000E+0000   0.0000000E+0000   0.0000000E+0000   0.0000000E+0000   0.0000000E+0000   0.0000000E+0000
     0.29600   0.0000000E+0000   0.0000000E+0000   0.0000000E+0000   0.0000000E+0000   0.0000000E+0000   0.0000000E+0000
     0.30400   0.0000000E+0000   0.0000000E+0000   0.0000000E+0000   0.0000000E+0000   0.0000000E+0000   0.0000000E+0000
     0.31200   0.0000000E+0000   0.0000000E+0000   0.0000000E+0000   0.0000000E+0000   0.0000000E+0000   0.0000000E+0000
     0.32000   0.0000000E+0000   0.0000000E+0000   0.0000000E+0000   0.0000000E+0000   0.0000000E+0000   0.0000000E+0000
     0.32800   0.0000000E+0000   0.0000000E+0000   0.0000000E+0000   0.0000000E+0000   0.0000000E+0000   0.0000000E+0000
     0.33600   0.0000000E+0000   0.0000000E+0000   0.0000000E+0000   0.0000000E+0000   0.0000000E+0000   0.0000000E+0000
     0.34400   0.0000000E+0000   0.0000000E+0000   0.0000000E+0000   0.0000000E+0000   0.0000000E+0000   0.0000000E+0000
     0.35200   0.0000000E+0000   0.0000000E+0000   0.0000000E+0000   0.0000000E+0000   0.0000000E+0000   0.0000000E+0000
     0.36000   0.0000000E+0000   0.0000000E+0000   0.0000000E+0000   0.0000000E+0000   0.0000000E+0000   0.0000000E+0000
     0.36800   0.0000000E+0000   0.0000000E+0000   0.0000000E+0000   0.0000000E+0000   0.0000000E+0000   0.0000000E+0000
     0.37600   0.0000000E+0000   0.0000000E+0000   0.0000000E+0000   0.0000000E+0000   0.0000000E+0000   0.0000000E+0000
     0.38400   0.0000000E+0000   0.0000000E+0000   0.0000000E+0000   0.0000000E+0000   0.0000000E+0000   0.0000000E+0000
     0.39200   0.0000000E+0000   0.0000000E+0000   0.0000000E+0000   0.0000000E+0000   0.0000000E+0000   0.0000000E+0000
     0.40000   0.0000000E+0000   0.0000000E+0000   0.0000000E+0000   0.0000000E+0000   0.0000000E+0000   0.0000000E+0000
     0.40800   0.0000000E+0000   0.0000000E+0000   0.0000000E+0000   0.0000000E+0000   0.0000000E+0000   0.0000000E+0000
     0.41600   0.0000000E+0000   0.0000000E+0000   0.0000000E+0000   0.0000000E+0000   0.0000000E+0000   0.0000000E+0000
     0.42400   0.0000000E+0000   0.0000000E+0000   0.0000000E+0000   0.0000000E+0000   0.0000000E+0000   0.0000000E+0000
     0.43200   0.0000000E+0000   0.0000000E+0000   0.0000000E+0000   0.0000000E+0000   0.0000000E+0000   0.0000000E+0000
     0.44000   0.0000000E+0000   0.0000000E+0000   0.0000000E+0000   0.0000000E+0000   0.0000000E+0000   0.0000000E+0000
     0.44800   0.0000000E+0000   0.0000000E+0000   0.0000000E+0000   0.0000000E+0000   0.0000000E+0000   0.0000000E+0000
     0.45600   0.0000000E+0000   0.0000000E+0000   0.0000000E+0000   0.0000000E+0000   0.0000000E+0000   0.0000000E+0000
     0.46400   0.0000000E+0000   0.0000000E+0000   0.0000000E+0000   0.0000000E+0000   0.0000000E+0000   0.0000000E+0000
     0.47200   0.0000000E+0000   0.0000000E+0000   0.0000000E+0000   0.0000000E+0000   0.0000000E+0000   0.0000000E+0000
     0.48000   0.0000000E+0000   0.0000000E+0000   0.0000000E+0000   0.0000000E+0000   0.0000000E+0000   0.0000000E+0000
     0.48800   0.0000000E+0000   0.0000000E+0000   0.0000000E+0000   0.0000000E+0000   0.0000000E+0000   0.0000000E+0000
     0.49600   0.0000000E+0000   0.0000000E+0000   0.0000000E+0000   0.0000000E+0000   0.0000000E+0000   0.0000000E+0000
     0.50400   0.0000000E+0000   0.0000000E+0000   0.0000000E+0000   0.0000000E+0000   0.0000000E+0000   0.0000000E+0000
     0.51200   0.0000000E+0000   0.0000000E+0000   0.0000000E+0000   0.0000000E+0000   0.0000000E+0000   0.0000000E+0000
     0.52000   0.0000000E+0000   0.0000000E+0000   0.0000000E+0000   0.0000000E+0000   0.0000000E+0000   0.0000000E+0000
     0.52800   0.0000000E+0000   0.0000000E+0000   0.0000000E+0000   0.0000000E+0000   0.0000000E+0000   0.0000000E+0000
     0.53600   0.0000000E+0000   0.0000000E+0000   0.0000000E+0000   0.0000000E+0000   0.0000000E+0000   0.0000000E+0000
     0.54400   0.0000000E+0000   0.0000000E+0000   0.0000000E+0000   0.0000000E+0000   0.0000000E+0000   0.0000000E+0000
     0.55200   0.0000000E+0000   0.0000000E+0000   0.0000000E+0000   0.0000000E+0000   0.0000000E+0000   0.0000000E+0000
     0.56000   0.0000000E+0000   0.0000000E+0000   0.0000000E+0000   0.0000000E+0000   0.0000000E+0000   0.0000000E+0000
     0.56800   0.0000000E+0000   0.0000000E+0000   0.0000000E+0000   0.0000000E+0000   0.0000000E+0000   0.0000000E+0000
     0.57600   0.0000000E+0000   0.0000000E+0000   0.0000000E+0000   0.0000000E+0000   0.0000000E+0000   0.0000000E+0000
     0.58400   0.0000000E+0000   0.0000000E+0000   0.0000000E+0000   0.0000000E+0000   0.0000000E+0000   0.0000000E+0000
     0.59200   0.0000000E+0000   0.0000000E+0000   0.0000000E+0000   0.0000000E+0000   0.0000000E+0000   0.0000000E+0000
     0.60000   0.0000000E+0000   0.0000000E+0000   0.0000000E+0000   0.0000000E+0000   0.0000000E+0000   0.0000000E+0000
     0.60800   0.5801078E-0082   0.7251347E-0080   0.7099892E-0081   0.8874865E-0079  -0.2854124E-0081  -0.3567655E-0079
     0.61600   0.7640908E-0080   0.9478621E-0078   0.9414573E-0079   0.1167947E-0076  -0.3750102E-0079  -0.4651951E-0077
     0.62400   0.5060829E-0078   0.6230524E-0076   0.6278891E-0077   0.7730932E-0075  -0.2478710E-0077  -0.3051511E-0075
     0.63200   0.2247463E-0076   0.2746068E-0074   0.2808264E-0075   0.3431843E-0073  -0.1098976E-0075  -0.1342736E-0073
     0.64000   0.7528406E-0075   0.9129574E-0073   0.9475485E-0074   0.1149332E-0071  -0.3676877E-0074  -0.4458724E-0072
     0.64800   0.2028905E-0073   0.2442026E-0071   0.2572622E-0072   0.3097334E-0070  -0.9901572E-0073  -0.1191735E-0070
     0.65600   0.4582146E-0072   0.5474070E-0070   0.5854076E-0071   0.6996017E-0069  -0.2235411E-0071  -0.2670494E-0069
     0.66400   0.8919227E-0071   0.1057627E-0068   0.1148281E-0069   0.1362176E-0067  -0.4351439E-0070  -0.5159873E-0068
     0.67200   0.1527415E-0069   0.1797778E-0067   0.1981824E-0068   0.2333745E-0066  -0.7454913E-0069  -0.8774711E-0067
     0.68000   0.2337561E-0068   0.2731024E-0066   0.3057120E-0067   0.3573672E-0065  -0.1141780E-0067  -0.1334038E-0065
     0.68800   0.3236720E-0067   0.3753705E-0065   0.4267275E-0066   0.4951953E-0064  -0.1582721E-0066  -0.1835679E-0064
     0.69600   0.4095574E-0066   0.4714878E-0064   0.5443903E-0065   0.6271469E-0063  -0.2005543E-0065  -0.2309089E-0063
     0.70400   0.4774884E-0065   0.5456658E-0063   0.6399749E-0064   0.7319199E-0062  -0.2342231E-0064  -0.2677096E-0062
     0.71200   0.5164683E-0064   0.5858993E-0062   0.6980767E-0063   0.7925990E-0061  -0.2538550E-0063  -0.2880408E-0061
     0.72000   0.5213191E-0063   0.5870904E-0061   0.7106859E-0062   0.8010977E-0060  -0.2568272E-0062  -0.2893021E-0060
     0.72800   0.4935536E-0062   0.5517771E-0060   0.6787008E-0061   0.7595403E-0059  -0.2437711E-0061  -0.2726105E-0059
     0.73600   0.4401909E-0061   0.4885444E-0059   0.6106762E-0060   0.6785077E-0058  -0.2180272E-0060  -0.2420626E-0058
     0.74400   0.3712748E-0060   0.4090696E-0058   0.5196939E-0059   0.5732828E-0057  -0.1844566E-0059  -0.2033173E-0057
     0.75200   0.2971498E-0059   0.3250279E-0057   0.4197266E-0058   0.4596964E-0056  -0.1481178E-0058  -0.1620902E-0056
     0.76000   0.2263584E-0058   0.2458043E-0056   0.3226887E-0057   0.3508951E-0055  -0.1132304E-0057  -0.1230233E-0055
     0.76800   0.1645651E-0057   0.1774116E-0055   0.2367984E-0056   0.2556619E-0054  -0.8262997E-0057  -0.8913365E-0055
     0.77600   0.1144618E-0056   0.1225066E-0054   0.1662698E-0055   0.1782375E-0053  -0.5770193E-0056  -0.6179867E-0054
     0.78400   0.7633532E-0056   0.8111143E-0054   0.1119565E-0054   0.1191619E-0052  -0.3864386E-0055  -0.4109208E-0053
     0.79200   0.4891103E-0055   0.5159687E-0053   0.7243708E-0054   0.7655178E-0052  -0.2487025E-0054  -0.2625733E-0052
     0.80000   0.3016491E-0054   0.3159225E-0052   0.4511765E-0053   0.4734243E-0051  -0.1540941E-0053  -0.1615298E-0051
     0.80800   0.1793668E-0053   0.1865023E-0051   0.2709804E-0052   0.2823284E-0050  -0.9207199E-0053  -0.9582822E-0051
     0.81600   0.1029909E-0052   0.1063178E-0050   0.1571838E-0051   0.1626072E-0049  -0.5313447E-0052  -0.5490908E-0050
     0.82400   0.5718644E-0052   0.5860918E-0050   0.8818151E-0051   0.9057890E-0049  -0.2965867E-0051  -0.3043152E-0049
     0.83200   0.3074664E-0051   0.3128499E-0049   0.4790946E-0050   0.4886413E-0048  -0.1603343E-0050  -0.1633446E-0048
     0.84000   0.1602673E-0050   0.1619008E-0048   0.2523899E-0049   0.2556006E-0047  -0.8404902E-0050  -0.8501947E-0048
     0.84800   0.8108290E-0050   0.8132021E-0048   0.1290701E-0048   0.1297889E-0046  -0.4277248E-0049  -0.4295947E-0047
     0.85600   0.3985768E-0049   0.3968674E-0047   0.6414228E-0048   0.6404408E-0046  -0.2115354E-0048  -0.2109536E-0046
     0.86400   0.1905565E-0048   0.1883735E-0046   0.3100701E-0047   0.3074098E-0045  -0.1017698E-0047  -0.1007703E-0045
     0.87200   0.8868857E-0048   0.8704114E-0046   0.1459408E-0046   0.1436672E-0044  -0.4767334E-0047  -0.4687044E-0045
     0.88000   0.4021810E-0047   0.3918655E-0045   0.6693820E-0046   0.6543014E-0044  -0.2176361E-0046  -0.2124535E-0044
     0.88800   0.1778445E-0046   0.1720330E-0044   0.2994389E-0045   0.2906258E-0043  -0.9690379E-0046  -0.9392522E-0044
     0.89600   0.7674649E-0046   0.7370255E-0044   0.1307419E-0044   0.1259975E-0042  -0.4211524E-0045  -0.4053108E-0043
     0.90400   0.3234377E-0045   0.3083639E-0043   0.5575838E-0044   0.5335524E-0042  -0.1787895E-0044  -0.1708428E-0042
     0.91200   0.1332090E-0044   0.1260816E-0042   0.2324304E-0043   0.2208401E-0041  -0.7419023E-0044  -0.7038909E-0042
     0.92000   0.5364987E-0044   0.5041120E-0042   0.9476452E-0043   0.8940184E-0041  -0.3011167E-0043  -0.2836581E-0041
     0.92800   0.2114274E-0043   0.1972219E-0041   0.3781254E-0042   0.3542011E-0040  -0.1196115E-0042  -0.1118748E-0040
     0.93600   0.8157615E-0043   0.7554176E-0041   0.1477464E-0041   0.1374174E-0039  -0.4652796E-0042  -0.4320850E-0040
     0.94400   0.3083283E-0042   0.2834402E-0040   0.5656266E-0041   0.5223502E-0039  -0.1773362E-0041  -0.1635104E-0039
     0.95200   0.1142191E-0041   0.1042328E-0039   0.2122771E-0040   0.1946430E-0038  -0.6626001E-0041  -0.6065798E-0039
     0.96000   0.4149105E-0041   0.3758643E-0039   0.7813661E-0040   0.7113613E-0038  -0.2428247E-0040  -0.2207058E-0038
     0.96800   0.1478652E-0040   0.1329677E-0038   0.2822224E-0039   0.2551072E-0037  -0.8732285E-0040  -0.7880048E-0038
     0.97600   0.5172124E-0040   0.4616839E-0038   0.1000718E-0038   0.8981190E-0037  -0.3082858E-0039  -0.2762037E-0037
     0.98400   0.1776435E-0039   0.1574028E-0037   0.3485005E-0038   0.3105359E-0036  -0.1068951E-0038  -0.9508309E-0037
     0.99200   0.5993559E-0039   0.5271405E-0037   0.1192469E-0037   0.1054961E-0035  -0.3641828E-0038  -0.3216096E-0036
     1.00000   0.1987217E-0038   0.1734826E-0036   0.4010653E-0037   0.3522730E-0035  -0.1219580E-0037  -0.1069247E-0035
     1.00800   0.6477279E-0038   0.5612578E-0036   0.1326393E-0036   0.1156659E-0034  -0.4016008E-0037  -0.3495534E-0035
     1.01600   0.2076262E-0037   0.1785667E-0035   0.4314952E-0036   0.3735700E-0034  -0.1300855E-0036  -0.1124068E-0034
     1.02400   0.6547296E-0037   0.5588793E-0035   0.1381269E-0035   0.1187217E-0033  -0.4146333E-0036  -0.3556846E-0034
     1.03200   0.2031769E-0036   0.1721299E-0034   0.4352347E-0035   0.3713848E-0033  -0.1300901E-0035  -0.1107835E-0033
     1.04000   0.6206616E-0036   0.5218559E-0034   0.1350366E-0034   0.1143914E-0032  -0.4018909E-0035  -0.3397509E-0033
     1.04800   0.1866957E-0035   0.1557869E-0033   0.4126633E-0034   0.3470334E-0032  -0.1222893E-0034  -0.1026253E-0032
     1.05600   0.5531429E-0035   0.4580590E-0033   0.1242468E-0033   0.1037256E-0031  -0.3666175E-0034  -0.3054103E-0032
     1.06400   0.1614671E-0034   0.1326910E-0032   0.3686745E-0033   0.3055346E-0031  -0.1083191E-0033  -0.8957174E-0032
     1.07200   0.4645038E-0034   0.3787959E-0032   0.1078422E-0032   0.8871839E-0031  -0.3154880E-0033  -0.2589610E-0031
     1.08000   0.1317236E-0033   0.1065915E-0031   0.3110544E-0032   0.2540153E-0030  -0.9060660E-0033  -0.7382225E-0031
     1.08800   0.3683092E-0033   0.2957321E-0031   0.8849051E-0032   0.7173134E-0030  -0.2566528E-0032  -0.2075577E-0030
     1.09600   0.1015637E-0032   0.8091596E-0031   0.2483569E-0031   0.1998330E-0029  -0.7172111E-0032  -0.5756979E-0030
     1.10400   0.2762732E-0032   0.2183869E-0030   0.6878244E-0031   0.5493343E-0029  -0.1977721E-0031  -0.1575637E-0029
     1.11200   0.7414934E-0032   0.5815253E-0030   0.1880182E-0030   0.1490447E-0028  -0.5382676E-0031  -0.4256194E-0029
     1.12000   0.1963967E-0031   0.1528092E-0029   0.5073863E-0030   0.3992102E-0028  -0.1446245E-0030  -0.1134972E-0028
     1.12800   0.5134595E-0031   0.3963284E-0029   0.1352031E-0029   0.1055806E-0027  -0.3836963E-0030  -0.2988398E-0028
     1.13600   0.1325275E-0030   0.1014770E-0028   0.3558224E-0029   0.2757741E-0027  -0.1005366E-0029  -0.7770874E-0028
     1.14400   0.3377644E-0030   0.2565460E-0028   0.9250491E-0029   0.7115333E-0027  -0.2602182E-0029  -0.1996020E-0027
     1.15200   0.8501702E-0030   0.6405072E-0028   0.2376101E-0028   0.1813814E-0026  -0.6654428E-0029  -0.5065308E-0027
     1.16000   0.2113760E-0029   0.1579487E-0027   0.6031348E-0028   0.4569059E-0026  -0.1681605E-0028  -0.1270202E-0026
     1.16800   0.5191983E-0029   0.3847779E-0027   0.1513184E-0027   0.1137562E-0025  -0.4200054E-0028  -0.3148062E-0026
     1.17600   0.1260103E-0028   0.9261311E-0027   0.3752952E-0027   0.2799710E-0025  -0.1037001E-0027  -0.7712441E-0026
     1.18400   0.3022307E-0028   0.2202755E-0026   0.9203049E-0027   0.6812621E-0025  -0.2531451E-0027  -0.1868062E-0025
     1.19200   0.7164602E-0028   0.5177868E-0026   0.2231718E-0026   0.1639266E-0024  -0.6110784E-0027  -0.4474166E-0025
     1.20000   0.1678901E-0027   0.1203051E-0025   0.5352599E-0026   0.3901101E-0024  -0.1458915E-0026  -0.1059796E-0024
     1.20800   0.3889497E-0027   0.2763245E-0025   0.1269917E-0025   0.9183213E-0024  -0.3445368E-0026  -0.2483066E-0024
     1.21600   0.8909429E-0027   0.6274915E-0025   0.2980824E-0025   0.2138633E-0023  -0.8049672E-0026  -0.5755380E-0024
     1.22400   0.2018108E-0026   0.1408957E-0024   0.6923264E-0025   0.4928051E-0023  -0.1860890E-0025  -0.1319903E-0023
     1.23200   0.4520893E-0026   0.3128481E-0024   0.1591332E-0024   0.1123756E-0022  -0.4257198E-0025  -0.2995386E-0023
     1.24000   0.1001690E-0025   0.6870012E-0024   0.3620306E-0024   0.2536218E-0022  -0.9639341E-0025  -0.6727678E-0023
     1.24800   0.2195398E-0025   0.1492135E-0023   0.8153103E-0024   0.5665995E-0022  -0.2160472E-0024  -0.1495672E-0022
     1.25600   0.4759943E-0025   0.3205681E-0023   0.1817816E-0023   0.1253132E-0021  -0.4793842E-0024  -0.3291712E-0022
     1.26400   0.1021019E-0024   0.6812808E-0023   0.4013113E-0023   0.2744121E-0021  -0.1053191E-0023  -0.7172585E-0022
     1.27200   0.2166911E-0024   0.1432364E-0022   0.8773454E-0023   0.5950427E-0021  -0.2291248E-0023  -0.1547571E-0021
     1.28000   0.4550418E-0024   0.2979384E-0022   0.1899633E-0022   0.1277859E-0020  -0.4936623E-0023  -0.3306719E-0021
     1.28800   0.9455600E-0024   0.6131477E-0022   0.4074078E-0022   0.2718056E-0020  -0.1053492E-0022  -0.6997870E-0021
     1.29600   0.1944351E-0023   0.1248488E-0021   0.8655631E-0022   0.5726941E-0020  -0.2227023E-0022  -0.1466914E-0020
     1.30400   0.3956615E-0023   0.2515331E-0021   0.1821906E-0021   0.1195429E-0019  -0.4663998E-0022  -0.3046218E-0020
     1.31200   0.7967975E-0023   0.5014200E-0021   0.3799776E-0021   0.2472337E-0019  -0.9677841E-0022  -0.6267303E-0020
     1.32000   0.1588010E-0022   0.9890151E-0021   0.7853086E-0021   0.5066637E-0019  -0.1989896E-0021  -0.1277640E-0019
     1.32800   0.3132128E-0022   0.1930148E-0020   0.1608487E-0020   0.1028973E-0018  -0.4054698E-0021  -0.2581002E-0019
     1.33600   0.6113655E-0022   0.3726909E-0020   0.3265375E-0020   0.2071110E-0018  -0.8188525E-0021  -0.5167284E-0019
     1.34400   0.1180929E-0021   0.7119544E-0020   0.6570964E-0020   0.4131986E-0018  -0.1639133E-0020  -0.1025350E-0018
     1.35200   0.2257284E-0021   0.1345443E-0019   0.1310832E-0019   0.8171696E-0018  -0.3252557E-0020  -0.2016781E-0018
     1.36000   0.4269295E-0021   0.2515014E-0019   0.2592551E-0019   0.1602148E-0017  -0.6398500E-0020  -0.3932428E-0018
     1.36800   0.7988970E-0021   0.4649593E-0019   0.5084042E-0019   0.3114363E-0017  -0.1247995E-0019  -0.7601816E-0018
     1.37600   0.1478882E-0020   0.8499809E-0019   0.9886236E-0019   0.6002743E-0017  -0.2413613E-0019  -0.1457021E-0017
     1.38400   0.2707768E-0020   0.1536108E-0018   0.1906472E-0018   0.1147311E-0016  -0.4628916E-0019  -0.2769129E-0017
     1.39200   0.4902673E-0020   0.2743631E-0018   0.3646232E-0018   0.2174699E-0016  -0.8804095E-0019  -0.5218973E-0017
     1.40000   0.8775700E-0020   0.4841283E-0018   0.6916848E-0018   0.4088270E-0016  -0.1660808E-0018  -0.9754985E-0017
     1.40800   0.1552431E-0019   0.8435768E-0018   0.1301540E-0017   0.7623184E-0016  -0.3107553E-0018  -0.1808431E-0016
     1.41600   0.2712952E-0019   0.1450651E-0017   0.2429551E-0017   0.1410014E-0015  -0.5767878E-0018  -0.3325405E-0016
     1.42400   0.4681016E-0019   0.2460080E-0017   0.4499328E-0017   0.2587221E-0015  -0.1062051E-0017  -0.6065788E-0016
     1.43200   0.7969173E-0019   0.4110196E-0017   0.8267135E-0017   0.4709759E-0015  -0.1940167E-0017  -0.1097645E-0015
     1.44000   0.1337473E-0018   0.6756942E-0017   0.1507233E-0016   0.8506489E-0015  -0.3516651E-0017  -0.1970605E-0015
     1.44800   0.2210370E-0018   0.1091121E-0016   0.2726810E-0016   0.1524471E-0014  -0.6324806E-0017  -0.3510194E-0015
     1.45600   0.3591727E-0018   0.1726697E-0016   0.4895638E-0016   0.2711035E-0014  -0.1128817E-0016  -0.6204208E-0015
     1.46400   0.5726892E-0018   0.2668956E-0016   0.8723159E-0016   0.4784401E-0014  -0.1999349E-0016  -0.1088164E-0014
     1.47200   0.8934731E-0018   0.4009799E-0016   0.1542687E-0015   0.8379637E-0014  -0.3514564E-0016  -0.1894018E-0014
     1.48000   0.1358338E-0017   0.5810805E-0016   0.2708009E-0015   0.1456653E-0013  -0.6131984E-0016  -0.3271775E-0014
     1.48800   0.1999784E-0017   0.8018080E-0016   0.4718665E-0015   0.2513319E-0013  -0.1061954E-0015  -0.5609442E-0014
     1.49600   0.2822216E-0017   0.1028040E-0015   0.8162298E-0015   0.4304541E-0013  -0.1825631E-0015  -0.9545964E-0014
     1.50400   0.3749073E-0017   0.1158570E-0015   0.1401707E-0014   0.7318464E-0013  -0.3115662E-0015  -0.1612538E-0013
     1.51200   0.4514412E-0017   0.9566749E-0016   0.2389902E-0014   0.1235244E-0012  -0.5278909E-0015  -0.2704060E-0013
     1.52000   0.4451968E-0017  -0.7805553E-0017   0.4045825E-0014   0.2069904E-0012  -0.8880163E-0015  -0.4501566E-0013
     1.52800   0.2099991E-0017  -0.2939971E-0015   0.6800862E-0014   0.3443796E-0012  -0.1483222E-0014  -0.7440069E-0013
     1.53600  -0.5517410E-0017  -0.9521751E-0015   0.1135209E-0013   0.5689030E-0012  -0.2459943E-0014  -0.1220901E-0012
     1.54400  -0.2416614E-0016  -0.2331091E-0014   0.1881772E-0013   0.9332038E-0012  -0.4051374E-0014  -0.1989289E-0012
     1.55200  -0.6462128E-0016  -0.5056893E-0014   0.3097861E-0013   0.1520111E-0011  -0.6626169E-0014  -0.3218493E-0012
     1.56000  -0.1464586E-0015  -0.1022967E-0013   0.5065057E-0013   0.2458995E-0011  -0.1076290E-0013  -0.5170914E-0012
     1.56800  -0.3044299E-0015  -0.1974641E-0013   0.8225408E-0013   0.3950439E-0011  -0.1736306E-0013  -0.8250202E-0012
     1.57600  -0.5990281E-0015  -0.3682477E-0013   0.1326796E-0012   0.6303192E-0011  -0.2782125E-0013  -0.1307273E-0011
     1.58400  -0.1133764E-0014  -0.6684194E-0013   0.2125921E-0012   0.9989057E-0011  -0.4427951E-0013  -0.2057283E-0011
     1.59200  -0.2083064E-0014  -0.1186625E-0012   0.3383827E-0012   0.1572383E-0010  -0.7000473E-0013  -0.3215652E-0011
     1.60000  -0.3736802E-0014  -0.2067172E-0012   0.5350681E-0012   0.2458568E-0010  -0.1099442E-0012  -0.4992432E-0011
     1.60800  -0.6570576E-0014  -0.3542217E-0012   0.8405649E-0012   0.3818710E-0010  -0.1715375E-0012  -0.7699163E-0011
     1.61600  -0.1135546E-0013  -0.5981106E-0012   0.1311945E-0011   0.5892251E-0010  -0.2658943E-0012  -0.1179460E-0010
     1.62400  -0.1932764E-0013  -0.9965230E-0012   0.2034524E-0011   0.9032237E-0010  -0.4094900E-0012  -0.1794945E-0010
     1.63200  -0.3244806E-0013  -0.1640052E-0011   0.3134968E-0011   0.1375555E-0009  -0.6265883E-0012  -0.2713729E-0010
     1.64000  -0.5379598E-0013  -0.2668489E-0011   0.4800058E-0011   0.2081362E-0009  -0.9526789E-0012  -0.4076132E-0010
     1.64800  -0.8816009E-0013  -0.4295514E-0011   0.7303356E-0011   0.3129124E-0009  -0.1439316E-0011  -0.6082959E-0010
     1.65600  -0.1429183E-0012  -0.6844780E-0011   0.1104284E-0010   0.4674349E-0009  -0.2160880E-0011  -0.9019551E-0010
     1.66400  -0.2293357E-0012  -0.1080217E-0010   0.1659357E-0010   0.6938416E-0009  -0.3223961E-0011  -0.1328851E-0009
     1.67200  -0.3644622E-0012  -0.1689081E-0010   0.2478100E-0010   0.1023429E-0008  -0.4780273E-0011  -0.1945390E-0009
     1.68000  -0.5738853E-0012  -0.2617788E-0010   0.3678207E-0010   0.1500134E-0008  -0.7044311E-0011  -0.2830047E-0009
     1.68800  -0.8956870E-0012  -0.4022522E-0010   0.5426378E-0010   0.2185214E-0008  -0.1031730E-0010  -0.4091233E-0009
     1.69600  -0.1386088E-0011  -0.6130017E-0010   0.7957165E-0010   0.3163484E-0008  -0.1501943E-0010  -0.5877671E-0009
     1.70400  -0.2127433E-0011  -0.9266802E-0010   0.1159842E-0009   0.4551571E-0008  -0.2173300E-0010  -0.8391959E-0009
     1.71200  -0.3239388E-0011  -0.1389944E-0009   0.1680541E-0009   0.6508734E-0008  -0.3125953E-0010  -0.1190817E-0008
     1.72000  -0.4894546E-0011  -0.2068947E-0009   0.2420618E-0009   0.9250957E-0008  -0.4469510E-0010  -0.1679445E-0008
     1.72800  -0.7339959E-0011  -0.3056766E-0009   0.3466148E-0009   0.1306913E-0007  -0.6352865E-0010  -0.2354194E-0008
     1.73600  -0.1092667E-0010  -0.4483387E-0009   0.4934337E-0009   0.1835236E-0007  -0.8976960E-0010  -0.3280118E-0008
     1.74400  -0.1614986E-0010  -0.6528984E-0009   0.6983737E-0009   0.2561749E-0007  -0.1261120E-0009  -0.4542795E-0008
     1.75200  -0.2370303E-0010  -0.9441464E-0009   0.9827444E-0009   0.3554635E-0007  -0.1761440E-0009  -0.6254006E-0008
     1.76000  -0.3455059E-0010  -0.1355946E-0008   0.1375002E-0008   0.4903219E-0007  -0.2446140E-0009  -0.8558743E-0008
     1.76800  -0.5002433E-0010  -0.1934217E-0008   0.1912899E-0008   0.6723716E-0007  -0.3377640E-0009  -0.1164375E-0007
     1.77600  -0.7195065E-0010  -0.2740790E-0008   0.2646201E-0008   0.9166272E-0007  -0.4637469E-0009  -0.1574787E-0007
     1.78400  -0.1028172E-0009  -0.3858324E-0008   0.3640083E-0008   0.1242353E-0006  -0.6331421E-0009  -0.2117439E-0007
     1.79200  -0.1459896E-0009  -0.5396547E-0008   0.4979355E-0008   0.1674090E-0006  -0.8595882E-0009  -0.2830576E-0007
     1.80000  -0.2059905E-0009  -0.7500107E-0008   0.6773666E-0008   0.2242889E-0006  -0.1160554E-0008  -0.3762073E-0007
     1.80800  -0.2888573E-0009  -0.1035836E-0007   0.9163866E-0008   0.2987749E-0006  -0.1558269E-0008  -0.4971443E-0007
     1.81600  -0.4025971E-0009  -0.1421746E-0007   0.1232972E-0007   0.3957317E-0006  -0.2080839E-0008  -0.6532121E-0007
     1.82400  -0.5577592E-0009  -0.1939526E-0007   0.1649918E-0007   0.5211829E-0006  -0.2763565E-0008  -0.8534071E-0007
     1.83200  -0.7681537E-0009  -0.2629931E-0007   0.2195946E-0007   0.6825341E-0006  -0.3650501E-0008  -0.1108670E-0006
     1.84000  -0.1051743E-0008  -0.3544866E-0007   0.2907004E-0007   0.8888235E-0006  -0.4796267E-0008  -0.1432207E-0006
     1.84800  -0.1431742E-0008  -0.4749989E-0007   0.3827805E-0007   0.1151001E-0005  -0.6268141E-0008  -0.1839842E-0006
     1.85600  -0.1937966E-0008  -0.6327792E-0007   0.5013592E-0007   0.1482234E-0005  -0.8148452E-0008  -0.2350390E-0006
     1.86400  -0.2608463E-0008  -0.8381216E-0007   0.6532182E-0007   0.1898237E-0005  -0.1053729E-0007  -0.2986051E-0006
     1.87200  -0.3491492E-0008  -0.1103786E-0006   0.8466281E-0007   0.2417623E-0005  -0.1355555E-0007  -0.3772820E-0006
     1.88000  -0.4647878E-0008  -0.1445483E-0006   0.1091609E-0006   0.3062266E-0005  -0.1734826E-0007  -0.4740892E-0006
     1.88800  -0.6153817E-0008  -0.1882424E-0006   0.1400223E-0006   0.3857669E-0005  -0.2208831E-0007  -0.5925059E-0006
     1.89600  -0.8104175E-0008  -0.2437947E-0006   0.1786889E-0006   0.4833329E-0005  -0.2798038E-0007  -0.7365084E-0006
     1.90400  -0.1061634E-0007  -0.3140210E-0006   0.2268736E-0006   0.6023086E-0005  -0.3526520E-0007  -0.9106026E-0006
     1.91200  -0.1383471E-0007  -0.4022960E-0006   0.2865971E-0006   0.7465429E-0005  -0.4422401E-0007  -0.1119851E-0005
     1.92000  -0.1793581E-0007  -0.5126369E-0006   0.3602272E-0006   0.9203764E-0005  -0.5518314E-0007  -0.1369892E-0005
     1.92800  -0.2313416E-0007  -0.6497937E-0006   0.4505200E-0006   0.1128660E-0004  -0.6851870E-0007  -0.1666945E-0005
     1.93600  -0.2968891E-0007  -0.8193447E-0006   0.5606614E-0006   0.1376768E-0004  -0.8466118E-0007  -0.2017809E-0005
     1.94400  -0.3791129E-0007  -0.1027796E-0005   0.6943087E-0006   0.1670591E-0004  -0.1040999E-0006  -0.2429842E-0005
     1.95200  -0.4817278E-0007  -0.1282687E-0005   0.8556312E-0006   0.2016531E-0004  -0.1273873E-0006  -0.2910924E-0005
     1.96000  -0.6091430E-0007  -0.1592690E-0005   0.1049348E-0005   0.2421465E-0004  -0.1551425E-0006  -0.3469404E-0005
     1.96800  -0.7665602E-0007  -0.1967715E-0005   0.1280765E-0005   0.2892707E-0004  -0.1880548E-0006  -0.4114028E-0005
     1.97600  -0.9600809E-0007  -0.2419009E-0005   0.1555800E-0005   0.3437937E-0004  -0.2268855E-0006  -0.4853840E-0005
     1.98400  -0.1196820E-0006  -0.2959244E-0005   0.1881010E-0005   0.4065128E-0004  -0.2724701E-0006  -0.5698076E-0005
     1.99200  -0.1485029E-0006  -0.3602602E-0005   0.2263605E-0005   0.4782440E-0004  -0.3257183E-0006  -0.6656031E-0005
     2.00000  -0.1834216E-0006  -0.4364839E-0005   0.2711454E-0005   0.5598107E-0004  -0.3876136E-0006  -0.7736908E-0005
     2.00800  -0.2255283E-0006  -0.5263336E-0005   0.3233078E-0005   0.6520303E-0004  -0.4592109E-0006  -0.8949665E-0005
     2.01600  -0.2760653E-0006  -0.6317130E-0005   0.3837638E-0005   0.7556992E-0004  -0.5416337E-0006  -0.1030284E-0004
     2.02400  -0.3364407E-0006  -0.7546919E-0005   0.4534900E-0005   0.8715782E-0004  -0.6360689E-0006  -0.1180440E-0004
     2.03200  -0.4082410E-0006  -0.8975043E-0005   0.5335201E-0005   0.1000376E-0003  -0.7437611E-0006  -0.1346153E-0004
     2.04000  -0.4932445E-0006  -0.1062544E-0004   0.6249386E-0005   0.1142732E-0003  -0.8660053E-0006  -0.1528053E-0004
     2.04800  -0.5934329E-0006  -0.1252355E-0004   0.7288751E-0005   0.1299206E-0003  -0.1004139E-0005  -0.1726665E-0004
     2.05600  -0.7110027E-0006  -0.1469623E-0004   0.8464959E-0005   0.1470259E-0003  -0.1159531E-0005  -0.1942401E-0004
     2.06400  -0.8483757E-0006  -0.1717162E-0004   0.9789958E-0005   0.1656250E-0003  -0.1333575E-0005  -0.2175550E-0004
     2.07200  -0.1008207E-0005  -0.1997895E-0004   0.1127589E-0004   0.1857420E-0003  -0.1527677E-0005  -0.2426277E-0004
     2.08000  -0.1193394E-0005  -0.2314838E-0004   0.1293501E-0004   0.2073896E-0003  -0.1743247E-0005  -0.2694628E-0004
     2.08800  -0.1407081E-0005  -0.2671078E-0004   0.1477956E-0004   0.2305692E-0003  -0.1981690E-0005  -0.2980542E-0004
     2.09600  -0.1652661E-0005  -0.3069752E-0004   0.1682174E-0004   0.2552715E-0003  -0.2244399E-0005  -0.3283862E-0004
     2.10400  -0.1933783E-0005  -0.3514023E-0004   0.1907356E-0004   0.2814781E-0003  -0.2532749E-0005  -0.3604365E-0004
     2.11200  -0.2254348E-0005  -0.4007062E-0004   0.2154687E-0004   0.3091632E-0003  -0.2848092E-0005  -0.3941791E-0004
     2.12000  -0.2618510E-0005  -0.4552025E-0004   0.2425325E-0004   0.3382973E-0003  -0.3191763E-0005  -0.4295885E-0004
     2.12800  -0.3030672E-0005  -0.5152033E-0004   0.2720404E-0004   0.3688497E-0003  -0.3565078E-0005  -0.4666443E-0004
     2.13600  -0.3495485E-0005  -0.5810164E-0004   0.3041039E-0004   0.4007930E-0003  -0.3969348E-0005  -0.5053368E-0004
     2.14400  -0.4017841E-0005  -0.6529441E-0004   0.3388325E-0004   0.4341081E-0003  -0.4405886E-0005  -0.5456728E-0004
     2.15200  -0.4602867E-0005  -0.7312829E-0004   0.3763356E-0004   0.4687889E-0003  -0.4876031E-0005  -0.5876819E-0004
     2.16000  -0.5255927E-0005  -0.8163243E-0004   0.4167235E-0004   0.5048480E-0003  -0.5381171E-0005  -0.6314240E-0004
     2.16800  -0.5982611E-0005  -0.9083557E-0004   0.4601093E-0004   0.5423226E-0003  -0.5922767E-0005  -0.6769954E-0004
     2.17600  -0.6788742E-0005  -0.1007663E-0003   0.5066117E-0004   0.5812797E-0003  -0.6502396E-0005  -0.7245365E-0004
     2.18400  -0.7680370E-0005  -0.1114535E-0003   0.5563574E-0004   0.6218221E-0003  -0.7121787E-0005  -0.7742378E-0004
     2.19200  -0.8663781E-0005  -0.1229264E-0003   0.6094849E-0004   0.6640932E-0003  -0.7782864E-0005  -0.8263463E-0004
     2.20000  -0.9745505E-0005  -0.1352156E-0003   0.6661474E-0004   0.7082818E-0003  -0.8487800E-0005  -0.8811709E-0004
     2.20800  -0.1093233E-0004  -0.1483533E-0003   0.7265174E-0004   0.7546249E-0003  -0.9239070E-0005  -0.9390868E-0004
     2.21600  -0.1223133E-0004  -0.1623745E-0003   0.7907903E-0004   0.8034112E-0003  -0.1003950E-0004  -0.1000539E-0003
     2.22400  -0.1364987E-0004  -0.1773173E-0003   0.8591888E-0004   0.8549813E-0003  -0.1089234E-0004  -0.1066043E-0003
     2.23200  -0.1519566E-0004  -0.1932240E-0003   0.9319671E-0004   0.9097284E-0003  -0.1180128E-0004  -0.1136187E-0003
     2.24000  -0.1687680E-0004  -0.2101422E-0003   0.1009415E-0003   0.9680956E-0003  -0.1277059E-0004  -0.1211627E-0003
     2.24800  -0.1870180E-0004  -0.2281256E-0003   0.1091861E-0003   0.1030573E-0002  -0.1380506E-0004  -0.1293087E-0003
     2.25600  -0.2067968E-0004  -0.2472351E-0003   0.1179676E-0003   0.1097692E-0002  -0.1491014E-0004  -0.1381351E-0003
     2.26400  -0.2282000E-0004  -0.2675397E-0003   0.1273278E-0003   0.1170019E-0002  -0.1609194E-0004  -0.1477255E-0003
     2.27200  -0.2513294E-0004  -0.2891172E-0003   0.1373129E-0003   0.1248145E-0002  -0.1735728E-0004  -0.1581677E-0003
     2.28000  -0.2762938E-0004  -0.3120556E-0003   0.1479743E-0003   0.1332678E-0002  -0.1871370E-0004  -0.1695528E-0003
     2.28800  -0.3032101E-0004  -0.3364531E-0003   0.1593682E-0003   0.1424228E-0002  -0.2016949E-0004  -0.1819733E-0003
     2.29600  -0.3322036E-0004  -0.3624190E-0003   0.1715553E-0003   0.1523397E-0002  -0.2173367E-0004  -0.1955220E-0003
     2.30400  -0.3634095E-0004  -0.3900743E-0003   0.1846014E-0003   0.1630763E-0002  -0.2341599E-0004  -0.2102897E-0003
     2.31200  -0.3969737E-0004  -0.4195513E-0003   0.1985764E-0003   0.1746865E-0002  -0.2522690E-0004  -0.2263639E-0003
     2.32000  -0.4330532E-0004  -0.4509938E-0003   0.2135539E-0003   0.1872191E-0002  -0.2717751E-0004  -0.2438263E-0003
     2.32800  -0.4718177E-0004  -0.4845567E-0003   0.2296112E-0003   0.2007160E-0002  -0.2927952E-0004  -0.2627509E-0003
     2.33600  -0.5134501E-0004  -0.5204050E-0003   0.2468280E-0003   0.2152108E-0002  -0.3154513E-0004  -0.2832020E-0003
     2.34400  -0.5581472E-0004  -0.5587133E-0003   0.2652862E-0003   0.2307274E-0002  -0.3398698E-0004  -0.3052317E-0003
     2.35200  -0.6061203E-0004  -0.5996640E-0003   0.2850685E-0003   0.2472788E-0002  -0.3661801E-0004  -0.3288782E-0003
     2.36000  -0.6575960E-0004  -0.6434458E-0003   0.3062578E-0003   0.2648661E-0002  -0.3945132E-0004  -0.3541638E-0003
     2.36800  -0.7128161E-0004  -0.6902518E-0003   0.3289360E-0003   0.2834773E-0002  -0.4250006E-0004  -0.3810928E-0003
     2.37600  -0.7720383E-0004  -0.7402773E-0003   0.3531829E-0003   0.3030867E-0002  -0.4577727E-0004  -0.4096502E-0003
     2.38400  -0.8355356E-0004  -0.7937168E-0003   0.3790753E-0003   0.3236546E-0002  -0.4929567E-0004  -0.4398001E-0003
     2.39200  -0.9035966E-0004  -0.8507618E-0003   0.4066855E-0003   0.3451270E-0002  -0.5306755E-0004  -0.4714849E-0003
     2.40000  -0.9765244E-0004  -0.9115975E-0003   0.4360803E-0003   0.3674356E-0002  -0.5710454E-0004  -0.5046244E-0003
     2.40800  -0.1054636E-0003  -0.9763999E-0003   0.4673202E-0003   0.3904986E-0002  -0.6141747E-0004  -0.5391156E-0003
     2.41600  -0.1138263E-0003  -0.1045332E-0002   0.5004579E-0003   0.4142210E-0002  -0.6601613E-0004  -0.5748325E-0003
     2.42400  -0.1227746E-0003  -0.1118542E-0002   0.5355376E-0003   0.4384962E-0002  -0.7090914E-0004  -0.6116271E-0003
     2.43200  -0.1323439E-0003  -0.1196159E-0002   0.5725941E-0003   0.4632067E-0002  -0.7610379E-0004  -0.6493302E-0003
     2.44000  -0.1425702E-0003  -0.1278288E-0002   0.6116522E-0003   0.4882261E-0002  -0.8160581E-0004  -0.6877525E-0003
     2.44800  -0.1534903E-0003  -0.1365013E-0002   0.6527259E-0003   0.5134208E-0002  -0.8741930E-0004  -0.7266872E-0003
     2.45600  -0.1651414E-0003  -0.1456388E-0002   0.6958181E-0003   0.5386522E-0002  -0.9354660E-0004  -0.7659120E-0003
     2.46400  -0.1775609E-0003  -0.1552438E-0002   0.7409204E-0003   0.5637787E-0002  -0.9998814E-0004  -0.8051918E-0003
     2.47200  -0.1907862E-0003  -0.1653158E-0002   0.7880130E-0003   0.5886581E-0002  -0.1067424E-0003  -0.8442824E-0003
     2.48000  -0.2048543E-0003  -0.1758508E-0002   0.8370650E-0003   0.6131501E-0002  -0.1138059E-0003  -0.8829337E-0003
     2.48800  -0.2198016E-0003  -0.1868416E-0002   0.8880345E-0003   0.6371183E-0002  -0.1211730E-0003  -0.9208935E-0003
     2.49600  -0.2356638E-0003  -0.1982775E-0002   0.9408691E-0003   0.6604331E-0002  -0.1288363E-0003  -0.9579122E-0003
     2.50400  -0.2524754E-0003  -0.2101447E-0002   0.9955070E-0003   0.6829733E-0002  -0.1367863E-0003  -0.9937465E-0003
     2.51200  -0.2702694E-0003  -0.2224256E-0002   0.1051877E-0002   0.7046287E-0002  -0.1450116E-0003  -0.1028164E-0002
     2.52000  -0.2890774E-0003  -0.2351001E-0002   0.1109901E-0002   0.7253015E-0002  -0.1534992E-0003  -0.1060949E-0002
     2.52800  -0.3089290E-0003  -0.2481447E-0002   0.1169494E-0002   0.7449085E-0002  -0.1622344E-0003  -0.1091904E-0002
     2.53600  -0.3298517E-0003  -0.2615335E-0002   0.1230565E-0002   0.7633819E-0002  -0.1712013E-0003  -0.1120855E-0002
     2.54400  -0.3518707E-0003  -0.2752380E-0002   0.1293018E-0002   0.7806708E-0002  -0.1803825E-0003  -0.1147659E-0002
     2.55200  -0.3750090E-0003  -0.2892280E-0002   0.1356758E-0002   0.7967419E-0002  -0.1897602E-0003  -0.1172202E-0002
     2.56000  -0.3992867E-0003  -0.3034714E-0002   0.1421684E-0002   0.8115799E-0002  -0.1993154E-0003  -0.1194406E-0002
     2.56800  -0.4247215E-0003  -0.3179351E-0002   0.1487699E-0002   0.8251878E-0002  -0.2090293E-0003  -0.1214230E-0002
     2.57600  -0.4513283E-0003  -0.3325853E-0002   0.1554706E-0002   0.8375866E-0002  -0.2188826E-0003  -0.1231673E-0002
     2.58400  -0.4791194E-0003  -0.3473880E-0002   0.1622611E-0002   0.8488153E-0002  -0.2288568E-0003  -0.1246775E-0002
     2.59200  -0.5081041E-0003  -0.3623094E-0002   0.1691326E-0002   0.8589298E-0002  -0.2389338E-0003  -0.1259617E-0002
     2.60000  -0.5382894E-0003  -0.3773167E-0002   0.1760766E-0002   0.8680023E-0002  -0.2490964E-0003  -0.1270322E-0002
     2.60800  -0.5696797E-0003  -0.3923781E-0002   0.1830855E-0002   0.8761196E-0002  -0.2593288E-0003  -0.1279054E-0002
     2.61600  -0.6022768E-0003  -0.4074637E-0002   0.1901526E-0002   0.8833823E-0002  -0.2696169E-0003  -0.1286015E-0002
     2.62400  -0.6360805E-0003  -0.4225459E-0002   0.1972718E-0002   0.8899028E-0002  -0.2799484E-0003  -0.1291442E-0002
     2.63200  -0.6710884E-0003  -0.4375997E-0002   0.2044382E-0002   0.8958033E-0002  -0.2903133E-0003  -0.1295605E-0002
     2.64000  -0.7072967E-0003  -0.4526030E-0002   0.2116480E-0002   0.9012142E-0002  -0.3007037E-0003  -0.1298803E-0002
     2.64800  -0.7446997E-0003  -0.4675373E-0002   0.2188981E-0002   0.9062711E-0002  -0.3111145E-0003  -0.1301354E-0002
     2.65600  -0.7832907E-0003  -0.4823875E-0002   0.2261870E-0002   0.9111131E-0002  -0.3215433E-0003  -0.1303594E-0002
     2.66400  -0.8230621E-0003  -0.4971425E-0002   0.2335141E-0002   0.9158796E-0002  -0.3319903E-0003  -0.1305871E-0002
     2.67200  -0.8640057E-0003  -0.5117954E-0002   0.2408797E-0002   0.9207078E-0002  -0.3424585E-0003  -0.1308531E-0002
     2.68000  -0.9061131E-0003  -0.5263430E-0002   0.2482856E-0002   0.9257297E-0002  -0.3529538E-0003  -0.1311919E-0002
     2.68800  -0.9493761E-0003  -0.5407866E-0002   0.2557341E-0002   0.9310695E-0002  -0.3634848E-0003  -0.1316365E-0002
     2.69600  -0.9937866E-0003  -0.5551314E-0002   0.2632289E-0002   0.9368402E-0002  -0.3740622E-0003  -0.1322183E-0002
     2.70400  -0.1039338E-0002  -0.5693865E-0002   0.2707740E-0002   0.9431412E-0002  -0.3846995E-0003  -0.1329657E-0002
     2.71200  -0.1086023E-0002  -0.5835648E-0002   0.2783744E-0002   0.9500554E-0002  -0.3954118E-0003  -0.1339039E-0002
     2.72000  -0.1133837E-0002  -0.5976827E-0002   0.2860356E-0002   0.9576468E-0002  -0.4062161E-0003  -0.1350540E-0002
     2.72800  -0.1182778E-0002  -0.6117596E-0002   0.2937633E-0002   0.9659586E-0002  -0.4171307E-0003  -0.1364328E-0002
     2.73600  -0.1232844E-0002  -0.6258176E-0002   0.3015634E-0002   0.9750118E-0002  -0.4281749E-0003  -0.1380520E-0002
     2.74400  -0.1284034E-0002  -0.6398811E-0002   0.3094418E-0002   0.9848037E-0002  -0.4393684E-0003  -0.1399185E-0002
     2.75200  -0.1336352E-0002  -0.6539763E-0002   0.3174043E-0002   0.9953080E-0002  -0.4507311E-0003  -0.1420335E-0002
     2.76000  -0.1389803E-0002  -0.6681307E-0002   0.3254561E-0002   0.1006475E-0001  -0.4622825E-0003  -0.1443928E-0002
     2.76800  -0.1444392E-0002  -0.6823725E-0002   0.3336019E-0002   0.1018232E-0001  -0.4740415E-0003  -0.1469873E-0002
     2.77600  -0.1500131E-0002  -0.6967301E-0002   0.3418458E-0002   0.1030488E-0001  -0.4860257E-0003  -0.1498025E-0002
     2.78400  -0.1557029E-0002  -0.7112315E-0002   0.3501909E-0002   0.1043133E-0001  -0.4982512E-0003  -0.1528196E-0002
     2.79200  -0.1615102E-0002  -0.7259041E-0002   0.3586392E-0002   0.1056042E-0001  -0.5107325E-0003  -0.1560155E-0002
     2.80000  -0.1674364E-0002  -0.7407737E-0002   0.3671919E-0002   0.1069082E-0001  -0.5234816E-0003  -0.1593638E-0002
     2.80800  -0.1734833E-0002  -0.7558648E-0002   0.3758488E-0002   0.1082113E-0001  -0.5365084E-0003  -0.1628352E-0002
     2.81600  -0.1796529E-0002  -0.7711994E-0002   0.3846087E-0002   0.1094995E-0001  -0.5498203E-0003  -0.1663988E-0002
     2.82400  -0.1859472E-0002  -0.7867974E-0002   0.3934695E-0002   0.1107594E-0001  -0.5634221E-0003  -0.1700222E-0002
     2.83200  -0.1923687E-0002  -0.8026760E-0002   0.4024278E-0002   0.1119783E-0001  -0.5773159E-0003  -0.1736730E-0002
     2.84000  -0.1989195E-0002  -0.8188496E-0002   0.4114794E-0002   0.1131451E-0001  -0.5915015E-0003  -0.1773195E-0002
     2.84800  -0.2056021E-0002  -0.8353298E-0002   0.4206194E-0002   0.1142505E-0001  -0.6059760E-0003  -0.1809312E-0002
     2.85600  -0.2124191E-0002  -0.8521255E-0002   0.4298424E-0002   0.1152875E-0001  -0.6207344E-0003  -0.1844802E-0002
     2.86400  -0.2193730E-0002  -0.8692427E-0002   0.4391425E-0002   0.1162516E-0001  -0.6357697E-0003  -0.1879411E-0002
     2.87200  -0.2264665E-0002  -0.8866847E-0002   0.4485138E-0002   0.1171409E-0001  -0.6510730E-0003  -0.1912921E-0002
     2.88000  -0.2337021E-0002  -0.9044526E-0002   0.4579503E-0002   0.1179563E-0001  -0.6666343E-0003  -0.1945152E-0002
     2.88800  -0.2410825E-0002  -0.9225453E-0002   0.4674464E-0002   0.1187015E-0001  -0.6824420E-0003  -0.1975966E-0002
     2.89600  -0.2486102E-0002  -0.9409597E-0002   0.4769970E-0002   0.1193824E-0001  -0.6984841E-0003  -0.2005267E-0002
     2.90400  -0.2562877E-0002  -0.9596915E-0002   0.4865976E-0002   0.1200074E-0001  -0.7147481E-0003  -0.2033001E-0002
     2.91200  -0.2641176E-0002  -0.9787349E-0002   0.4962446E-0002   0.1205867E-0001  -0.7312214E-0003  -0.2059154E-0002
     2.92000  -0.2721023E-0002  -0.9980835E-0002   0.5059351E-0002   0.1211319E-0001  -0.7478914E-0003  -0.2083749E-0002
     2.92800  -0.2802441E-0002  -0.1017730E-0001   0.5156675E-0002   0.1216553E-0001  -0.7647461E-0003  -0.2106837E-0002
     2.93600  -0.2885454E-0002  -0.1037668E-0001   0.5254411E-0002   0.1221695E-0001  -0.7817740E-0003  -0.2128498E-0002
     2.94400  -0.2970086E-0002  -0.1057890E-0001   0.5352561E-0002   0.1226870E-0001  -0.7989646E-0003  -0.2148824E-0002
     2.95200  -0.3056357E-0002  -0.1078389E-0001   0.5451136E-0002   0.1232190E-0001  -0.8163080E-0003  -0.2167919E-0002
     2.96000  -0.3144289E-0002  -0.1099158E-0001   0.5550156E-0002   0.1237756E-0001  -0.8337950E-0003  -0.2185882E-0002
     2.96800  -0.3233905E-0002  -0.1120192E-0001   0.5649648E-0002   0.1243647E-0001  -0.8514175E-0003  -0.2202803E-0002
     2.97600  -0.3325223E-0002  -0.1141485E-0001   0.5749641E-0002   0.1249918E-0001  -0.8691675E-0003  -0.2218749E-0002
     2.98400  -0.3418266E-0002  -0.1163032E-0001   0.5850169E-0002   0.1256597E-0001  -0.8870375E-0003  -0.2233760E-0002
     2.99200  -0.3513052E-0002  -0.1184828E-0001   0.5951264E-0002   0.1263682E-0001  -0.9050202E-0003  -0.2247833E-0002
     3.00000  -0.3609602E-0002  -0.1206868E-0001   0.6052955E-0002   0.1271141E-0001  -0.9231076E-0003  -0.2260920E-0002
     3.00800  -0.3707933E-0002  -0.1229147E-0001   0.6155268E-0002   0.1278909E-0001  -0.9412909E-0003  -0.2272918E-0002
     3.01600  -0.3808066E-0002  -0.1251658E-0001   0.6258219E-0002   0.1286893E-0001  -0.9595603E-0003  -0.2283666E-0002
     3.02400  -0.3910018E-0002  -0.1274395E-0001   0.6361817E-0002   0.1294969E-0001  -0.9779038E-0003  -0.2292939E-0002
     3.03200  -0.4013805E-0002  -0.1297348E-0001   0.6466056E-0002   0.1302991E-0001  -0.9963074E-0003  -0.2300450E-0002
     3.04000  -0.4119446E-0002  -0.1320506E-0001   0.6570919E-0002   0.1310788E-0001  -0.1014754E-0002  -0.2305851E-0002
     3.04800  -0.4226954E-0002  -0.1343855E-0001   0.6676373E-0002   0.1318174E-0001  -0.1033224E-0002  -0.2308731E-0002
     3.05600  -0.4336345E-0002  -0.1367378E-0001   0.6782369E-0002   0.1324949E-0001  -0.1051693E-0002  -0.2308628E-0002
     3.06400  -0.4447629E-0002  -0.1391053E-0001   0.6888841E-0002   0.1330907E-0001  -0.1070133E-0002  -0.2305031E-0002
     3.07200  -0.4560817E-0002  -0.1414856E-0001   0.6995708E-0002   0.1335837E-0001  -0.1088512E-0002  -0.2297395E-0002
     3.08000  -0.4675918E-0002  -0.1438756E-0001   0.7102871E-0002   0.1339534E-0001  -0.1106794E-0002  -0.2285147E-0002
     3.08800  -0.4792935E-0002  -0.1462717E-0001   0.7210215E-0002   0.1341798E-0001  -0.1124935E-0002  -0.2267701E-0002
     3.09600  -0.4911871E-0002  -0.1486700E-0001   0.7317610E-0002   0.1342442E-0001  -0.1142891E-0002  -0.2244473E-0002
     3.10400  -0.5032724E-0002  -0.1510658E-0001   0.7424914E-0002   0.1341294E-0001  -0.1160610E-0002  -0.2214893E-0002
     3.11200  -0.5155487E-0002  -0.1534540E-0001   0.7531970E-0002   0.1338203E-0001  -0.1178038E-0002  -0.2178423E-0002
     3.12000  -0.5280150E-0002  -0.1558290E-0001   0.7638613E-0002   0.1333040E-0001  -0.1195114E-0002  -0.2134567E-0002
     3.12800  -0.5406698E-0002  -0.1581845E-0001   0.7744669E-0002   0.1325701E-0001  -0.1211777E-0002  -0.2082892E-0002
     3.13600  -0.5535109E-0002  -0.1605140E-0001   0.7849958E-0002   0.1316106E-0001  -0.1227961E-0002  -0.2023032E-0002
     3.14400  -0.5665357E-0002  -0.1628103E-0001   0.7954294E-0002   0.1304204E-0001  -0.1243599E-0002  -0.1954708E-0002
     3.15200  -0.5797410E-0002  -0.1650660E-0001   0.8057492E-0002   0.1289970E-0001  -0.1258621E-0002  -0.1877731E-0002
     3.16000  -0.5931229E-0002  -0.1672735E-0001   0.8159364E-0002   0.1273403E-0001  -0.1272957E-0002  -0.1792013E-0002
     3.16800  -0.6066769E-0002  -0.1694248E-0001   0.8259726E-0002   0.1254529E-0001  -0.1286538E-0002  -0.1697568E-0002
     3.17600  -0.6203978E-0002  -0.1715119E-0001   0.8358398E-0002   0.1233395E-0001  -0.1299294E-0002  -0.1594520E-0002
     3.18400  -0.6342800E-0002  -0.1735268E-0001   0.8455203E-0002   0.1210066E-0001  -0.1311159E-0002  -0.1483096E-0002
     3.19200  -0.6483169E-0002  -0.1754614E-0001   0.8549973E-0002   0.1184627E-0001  -0.1322068E-0002  -0.1363627E-0002
     3.20000  -0.6625015E-0002  -0.1773081E-0001   0.8642547E-0002   0.1157172E-0001  -0.1331960E-0002  -0.1236540E-0002
     3.20800  -0.6768262E-0002  -0.1790591E-0001   0.8732772E-0002   0.1127809E-0001  -0.1340779E-0002  -0.1102354E-0002
     3.21600  -0.6912828E-0002  -0.1807075E-0001   0.8820504E-0002   0.1096649E-0001  -0.1348472E-0002  -0.9616637E-0003
     3.22400  -0.7058625E-0002  -0.1822463E-0001   0.8905608E-0002   0.1063807E-0001  -0.1354993E-0002  -0.8151347E-0003
     3.23200  -0.7205561E-0002  -0.1836693E-0001   0.8987960E-0002   0.1029399E-0001  -0.1360301E-0002  -0.6634865E-0003
     3.24000  -0.7353537E-0002  -0.1849707E-0001   0.9067443E-0002   0.9935346E-0002  -0.1364361E-0002  -0.5074805E-0003
     3.24800  -0.7502454E-0002  -0.1861453E-0001   0.9143949E-0002   0.9563216E-0002  -0.1367144E-0002  -0.3479054E-0003
     3.25600  -0.7652205E-0002  -0.1871886E-0001   0.9217378E-0002   0.9178594E-0002  -0.1368629E-0002  -0.1855639E-0003
     3.26400  -0.7802682E-0002  -0.1880967E-0001   0.9287637E-0002   0.8782403E-0002  -0.1368799E-0002  -0.2125853E-0004
     3.27200  -0.7953775E-0002  -0.1888662E-0001   0.9354641E-0002   0.8375490E-0002  -0.1367645E-0002   0.1442206E-0003
     3.28000  -0.8105370E-0002  -0.1894942E-0001   0.9418310E-0002   0.7958633E-0002  -0.1365164E-0002   0.3101076E-0003
     3.28800  -0.8257353E-0002  -0.1899787E-0001   0.9478570E-0002   0.7532553E-0002  -0.1361359E-0002   0.4756711E-0003
     3.29600  -0.8409607E-0002  -0.1903178E-0001   0.9535354E-0002   0.7097938E-0002  -0.1356237E-0002   0.6402221E-0003
     3.30400  -0.8562016E-0002  -0.1905102E-0001   0.9588597E-0002   0.6655460E-0002  -0.1349812E-0002   0.8031213E-0003
     3.31200  -0.8714460E-0002  -0.1905550E-0001   0.9638244E-0002   0.6205806E-0002  -0.1342102E-0002   0.9637834E-0003
     3.32000  -0.8866821E-0002  -0.1904516E-0001   0.9684241E-0002   0.5749703E-0002  -0.1333128E-0002   0.1121680E-0002
     3.32800  -0.9018980E-0002  -0.1901992E-0001   0.9726545E-0002   0.5287949E-0002  -0.1322918E-0002   0.1276339E-0002
     3.33600  -0.9170818E-0002  -0.1897974E-0001   0.9765117E-0002   0.4821432E-0002  -0.1311499E-0002   0.1427346E-0002
     3.34400  -0.9322215E-0002  -0.1892458E-0001   0.9799926E-0002   0.4351153E-0002  -0.1298904E-0002   0.1574337E-0002
     3.35200  -0.9473050E-0002  -0.1885435E-0001   0.9830952E-0002   0.3878241E-0002  -0.1285168E-0002   0.1717000E-0002
     3.36000  -0.9623201E-0002  -0.1876897E-0001   0.9858183E-0002   0.3403959E-0002  -0.1270328E-0002   0.1855059E-0002
     3.36800  -0.9772548E-0002  -0.1866830E-0001   0.9881621E-0002   0.2929703E-0002  -0.1254421E-0002   0.1988277E-0002
     3.37600  -0.9920965E-0002  -0.1855216E-0001   0.9901277E-0002   0.2457000E-0002  -0.1237490E-0002   0.2116439E-0002
     3.38400  -0.1006833E-0001  -0.1842032E-0001   0.9917177E-0002   0.1987489E-0002  -0.1219575E-0002   0.2239346E-0002
     3.39200  -0.1021451E-0001  -0.1827246E-0001   0.9929360E-0002   0.1522903E-0002  -0.1200721E-0002   0.2356807E-0002
     3.40000  -0.1035937E-0001  -0.1810821E-0001   0.9937881E-0002   0.1065047E-0002  -0.1180972E-0002   0.2468627E-0002
     3.40800  -0.1050279E-0001  -0.1792711E-0001   0.9942807E-0002   0.6157634E-0003  -0.1160375E-0002   0.2574597E-0002
     3.41600  -0.1064462E-0001  -0.1772859E-0001   0.9944222E-0002   0.1769076E-0003  -0.1138979E-0002   0.2674487E-0002
     3.42400  -0.1078471E-0001  -0.1751201E-0001   0.9942224E-0002  -0.2496864E-0003  -0.1116835E-0002   0.2768042E-0002
     3.43200  -0.1092293E-0001  -0.1727660E-0001   0.9936927E-0002  -0.6622354E-0003  -0.1093995E-0002   0.2854971E-0002
     3.44000  -0.1105910E-0001  -0.1702151E-0001   0.9928454E-0002  -0.1059037E-0002  -0.1070515E-0002   0.2934946E-0002
     3.44800  -0.1119307E-0001  -0.1674573E-0001   0.9916946E-0002  -0.1438494E-0002  -0.1046454E-0002   0.3007602E-0002
     3.45600  -0.1132465E-0001  -0.1644816E-0001   0.9902553E-0002  -0.1799145E-0002  -0.1021874E-0002   0.3072536E-0002
     3.46400  -0.1145367E-0001  -0.1612757E-0001   0.9885436E-0002  -0.2139678E-0002  -0.9968397E-0003   0.3129313E-0002
     3.47200  -0.1157993E-0001  -0.1578259E-0001   0.9865764E-0002  -0.2458964E-0002  -0.9714199E-0003   0.3177471E-0002
     3.48000  -0.1170323E-0001  -0.1541172E-0001   0.9843715E-0002  -0.2756068E-0002  -0.9456877E-0003   0.3216531E-0002
     3.48800  -0.1182333E-0001  -0.1501331E-0001   0.9819473E-0002  -0.3030278E-0002  -0.9197196E-0003   0.3246007E-0002
     3.49600  -0.1194002E-0001  -0.1458556E-0001   0.9793224E-0002  -0.3281130E-0002  -0.8935962E-0003   0.3265422E-0002
     3.50400  -0.1205303E-0001  -0.1412652E-0001   0.9765157E-0002  -0.3508432E-0002  -0.8674017E-0003   0.3274318E-0002
     3.51200  -0.1216210E-0001  -0.1363409E-0001   0.9735458E-0002  -0.3712299E-0002  -0.8412234E-0003   0.3272279E-0002
     3.52000  -0.1226695E-0001  -0.1310599E-0001   0.9704313E-0002  -0.3893182E-0002  -0.8151519E-0003   0.3258939E-0002
     3.52800  -0.1236727E-0001  -0.1253978E-0001   0.9671898E-0002  -0.4051911E-0002  -0.7892799E-0003   0.3234002E-0002
     3.53600  -0.1246273E-0001  -0.1193282E-0001   0.9638380E-0002  -0.4189721E-0002  -0.7637019E-0003   0.3197254E-0002
     3.54400  -0.1255299E-0001  -0.1128231E-0001   0.9603913E-0002  -0.4308295E-0002  -0.7385133E-0003   0.3148573E-0002
     3.55200  -0.1263767E-0001  -0.1058526E-0001   0.9568635E-0002  -0.4409787E-0002  -0.7138097E-0003   0.3087943E-0002
     3.56000  -0.1271638E-0001  -0.9838484E-0002   0.9532660E-0002  -0.4496841E-0002  -0.6896861E-0003   0.3015452E-0002
     3.56800  -0.1278869E-0001  -0.9038618E-0002   0.9496080E-0002  -0.4572599E-0002  -0.6662358E-0003   0.2931295E-0002
     3.57600  -0.1285414E-0001  -0.8182111E-0002   0.9458954E-0002  -0.4640689E-0002  -0.6435496E-0003   0.2835772E-0002
     3.58400  -0.1291227E-0001  -0.7265236E-0002   0.9421313E-0002  -0.4705192E-0002  -0.6217154E-0003   0.2729279E-0002
     3.59200  -0.1296254E-0001  -0.6284103E-0002   0.9383148E-0002  -0.4770591E-0002  -0.6008170E-0003   0.2612289E-0002
     3.60000  -0.1300442E-0001  -0.5234678E-0002   0.9344414E-0002  -0.4841691E-0002  -0.5809343E-0003   0.2485344E-0002
     3.60800  -0.1303732E-0001  -0.4112803E-0002   0.9305026E-0002  -0.4923514E-0002  -0.5621421E-0003   0.2349025E-0002
     3.61600  -0.1306063E-0001  -0.2914228E-0002   0.9264857E-0002  -0.5021174E-0002  -0.5445106E-0003   0.2203932E-0002
     3.62400  -0.1307371E-0001  -0.1634648E-0002   0.9223739E-0002  -0.5139733E-0002  -0.5281054E-0003   0.2050658E-0002
     3.63200  -0.1307587E-0001  -0.2697502E-0003   0.9181467E-0002  -0.5284033E-0002  -0.5129873E-0003   0.1889760E-0002
     3.64000  -0.1306639E-0001   0.1184735E-0002   0.9137798E-0002  -0.5458535E-0002  -0.4992134E-0003   0.1721732E-0002
     3.64800  -0.1304453E-0001   0.2732973E-0002   0.9092461E-0002  -0.5667142E-0002  -0.4868376E-0003   0.1546982E-0002
     3.65600  -0.1300950E-0001   0.4378952E-0002   0.9045157E-0002  -0.5913035E-0002  -0.4759111E-0003   0.1365811E-0002
     3.66400  -0.1296048E-0001   0.6126411E-0002   0.8995569E-0002  -0.6198536E-0002  -0.4664839E-0003   0.1178392E-0002
     3.67200  -0.1289665E-0001   0.7978751E-0002   0.8943369E-0002  -0.6524980E-0002  -0.4586058E-0003   0.9847624E-0003
     3.68000  -0.1281714E-0001   0.9938949E-0002   0.8888228E-0002  -0.6892630E-0002  -0.4523273E-0003   0.7848151E-0003
     3.68800  -0.1272107E-0001   0.1200946E-0001   0.8829823E-0002  -0.7300640E-0002  -0.4477009E-0003   0.5783023E-0003
     3.69600  -0.1260753E-0001   0.1419211E-0001   0.8767846E-0002  -0.7747046E-0002  -0.4447822E-0003   0.3648439E-0003
     3.70400  -0.1247563E-0001   0.1648802E-0001   0.8702016E-0002  -0.8228823E-0002  -0.4436306E-0003   0.1439441E-0003
     3.71200  -0.1232445E-0001   0.1889747E-0001   0.8632080E-0002  -0.8741979E-0002  -0.4443105E-0003  -0.8498414E-0004
     3.72000  -0.1215309E-0001   0.2141981E-0001   0.8557826E-0002  -0.9281697E-0002  -0.4468912E-0003  -0.3225882E-0003
     3.72800  -0.1196066E-0001   0.2405338E-0001   0.8479086E-0002  -0.9842523E-0002  -0.4514475E-0003  -0.5695393E-0003
     3.73600  -0.1174630E-0001   0.2679539E-0001   0.8395738E-0002  -0.1041857E-0001  -0.4580594E-0003  -0.8264903E-0003
     3.74400  -0.1150916E-0001   0.2964186E-0001   0.8307707E-0002  -0.1100376E-0001  -0.4668117E-0003  -0.1094031E-0002
     3.75200  -0.1124846E-0001   0.3258750E-0001   0.8214971E-0002  -0.1159206E-0001  -0.4777928E-0003  -0.1372641E-0002
     3.76000  -0.1096346E-0001   0.3562572E-0001   0.8117549E-0002  -0.1217773E-0001  -0.4910939E-0003  -0.1662641E-0002
     3.76800  -0.1065347E-0001   0.3874851E-0001   0.8015505E-0002  -0.1275552E-0001  -0.5068071E-0003  -0.1964150E-0002
     3.77600  -0.1031790E-0001   0.4194645E-0001   0.7908938E-0002  -0.1332090E-0001  -0.5250234E-0003  -0.2277039E-0002
     3.78400  -0.9956227E-0002   0.4520865E-0001   0.7797977E-0002  -0.1387015E-0001  -0.5458306E-0003  -0.2600894E-0002
     3.79200  -0.9568045E-0002   0.4852281E-0001   0.7682772E-0002  -0.1440052E-0001  -0.5693105E-0003  -0.2934986E-0002
     3.80000  -0.9153043E-0002   0.5187520E-0001   0.7563490E-0002  -0.1491024E-0001  -0.5955364E-0003  -0.3278241E-0002
     3.80800  -0.8711037E-0002   0.5525073E-0001   0.7440302E-0002  -0.1539853E-0001  -0.6245703E-0003  -0.3629232E-0002
     3.81600  -0.8241973E-0002   0.5863300E-0001   0.7313378E-0002  -0.1586548E-0001  -0.6564596E-0003  -0.3986167E-0002
     3.82400  -0.7745938E-0002   0.6200440E-0001   0.7182882E-0002  -0.1631202E-0001  -0.6912347E-0003  -0.4346892E-0002
     3.83200  -0.7223168E-0002   0.6534622E-0001   0.7048965E-0002  -0.1673966E-0001  -0.7289060E-0003  -0.4708911E-0002
     3.84000  -0.6674058E-0002   0.6863882E-0001   0.6911762E-0002  -0.1715036E-0001  -0.7694613E-0003  -0.5069405E-0002
     3.84800  -0.6099164E-0002   0.7186173E-0001   0.6771392E-0002  -0.1754629E-0001  -0.8128634E-0003  -0.5425266E-0002
     3.85600  -0.5499213E-0002   0.7499390E-0001   0.6627955E-0002  -0.1792960E-0001  -0.8590486E-0003  -0.5773145E-0002
     3.86400  -0.4875102E-0002   0.7801385E-0001   0.6481537E-0002  -0.1830224E-0001  -0.9079246E-0003  -0.6109503E-0002
     3.87200  -0.4227903E-0002   0.8089991E-0001   0.6332211E-0002  -0.1866572E-0001  -0.9593699E-0003  -0.6430670E-0002
     3.88000  -0.3558859E-0002   0.8363048E-0001   0.6180043E-0002  -0.1902097E-0001  -0.1013233E-0002  -0.6732915E-0002
     3.88800  -0.2869385E-0002   0.8618426E-0001   0.6025097E-0002  -0.1936825E-0001  -0.1069333E-0002  -0.7012516E-0002
     3.89600  -0.2161060E-0002   0.8854051E-0001   0.5867441E-0002  -0.1970707E-0001  -0.1127460E-0002  -0.7265840E-0002
     3.90400  -0.1435626E-0002   0.9067934E-0001   0.5707151E-0002  -0.2003617E-0001  -0.1187375E-0002  -0.7489416E-0002
     3.91200  -0.6949698E-0003   0.9258198E-0001   0.5544323E-0002  -0.2035359E-0001  -0.1248816E-0002  -0.7680020E-0002
     3.92000   0.5887873E-0004   0.9423106E-0001   0.5379069E-0002  -0.2065675E-0001  -0.1311494E-0002  -0.7834750E-0002
     3.92800   0.8237657E-0003   0.9561087E-0001   0.5211528E-0002  -0.2094259E-0001  -0.1375102E-0002  -0.7951098E-0002
     3.93600   0.1597427E-0002   0.9670763E-0001   0.5041866E-0002  -0.2120778E-0001  -0.1439319E-0002  -0.8027028E-0002
     3.94400   0.2377505E-0002   0.9750978E-0001   0.4870275E-0002  -0.2144887E-0001  -0.1503807E-0002  -0.8061031E-0002
     3.95200   0.3161570E-0002   0.9800817E-0001   0.4696975E-0002  -0.2166252E-0001  -0.1568224E-0002  -0.8052186E-0002
     3.96000   0.3947141E-0002   0.9819629E-0001   0.4522209E-0002  -0.2184570E-0001  -0.1632226E-0002  -0.8000203E-0002
     3.96800   0.4731705E-0002   0.9807046E-0001   0.4346242E-0002  -0.2199586E-0001  -0.1695470E-0002  -0.7905462E-0002
     3.97600   0.5512745E-0002   0.9763003E-0001   0.4169353E-0002  -0.2211109E-0001  -0.1757622E-0002  -0.7769030E-0002
     3.98400   0.6287764E-0002   0.9687743E-0001   0.3991832E-0002  -0.2219023E-0001  -0.1818363E-0002  -0.7592677E-0002
     3.99200   0.7054311E-0002   0.9581831E-0001   0.3813968E-0002  -0.2223291E-0001  -0.1877394E-0002  -0.7378865E-0002
     4.00000   0.7810004E-0002   0.9446160E-0001   0.3636051E-0002  -0.2223961E-0001  -0.1934440E-0002  -0.7130737E-0002
     4.00800   0.8552559E-0002   0.9281945E-0001   0.3458359E-0002  -0.2221159E-0001  -0.1989257E-0002  -0.6852078E-0002
     4.01600   0.9279817E-0002   0.9090727E-0001   0.3281152E-0002  -0.2215081E-0001  -0.2041635E-0002  -0.6547274E-0002
     4.02400   0.9989766E-0002   0.8874356E-0001   0.3104674E-0002  -0.2205982E-0001  -0.2091405E-0002  -0.6221247E-0002
     4.03200   0.1068056E-0001   0.8634983E-0001   0.2929141E-0002  -0.2194161E-0001  -0.2138440E-0002  -0.5879387E-0002
     4.04000   0.1135057E-0001   0.8375038E-0001   0.2754745E-0002  -0.2179945E-0001  -0.2182660E-0002  -0.5527465E-0002
     4.04800   0.1199834E-0001   0.8097208E-0001   0.2581651E-0002  -0.2163671E-0001  -0.2224032E-0002  -0.5171540E-0002
     4.05600   0.1262270E-0001   0.7804407E-0001   0.2409998E-0002  -0.2145667E-0001  -0.2262575E-0002  -0.4817863E-0002
     4.06400   0.1322268E-0001   0.7499748E-0001   0.2239899E-0002  -0.2126240E-0001  -0.2298357E-0002  -0.4472761E-0002
     4.07200   0.1379760E-0001   0.7186499E-0001   0.2071446E-0002  -0.2105664E-0001  -0.2331497E-0002  -0.4142538E-0002
     4.08000   0.1434704E-0001   0.6868052E-0001   0.1904712E-0002  -0.2084168E-0001  -0.2362164E-0002  -0.3833353E-0002
     4.08800   0.1487087E-0001   0.6547871E-0001   0.1739758E-0002  -0.2061935E-0001  -0.2390573E-0002  -0.3551118E-0002
     4.09600   0.1536923E-0001   0.6229453E-0001   0.1576630E-0002  -0.2039099E-0001  -0.2416984E-0002  -0.3301388E-0002
     4.10400   0.1584253E-0001   0.5916277E-0001   0.1415370E-0002  -0.2015750E-0001  -0.2441698E-0002  -0.3089261E-0002
     4.11200   0.1629147E-0001   0.5611755E-0001   0.1256015E-0002  -0.1991938E-0001  -0.2465053E-0002  -0.2919286E-0002
     4.12000   0.1671700E-0001   0.5319185E-0001   0.1098599E-0002  -0.1967688E-0001  -0.2487416E-0002  -0.2795381E-0002
     4.12800   0.1712034E-0001   0.5041701E-0001   0.9431588E-0003  -0.1943009E-0001  -0.2509182E-0002  -0.2720760E-0002
     4.13600   0.1750292E-0001   0.4782226E-0001   0.7897264E-0003  -0.1917904E-0001  -0.2530765E-0002  -0.2697877E-0002
     4.14400   0.1786639E-0001   0.4543426E-0001   0.6383351E-0003  -0.1892391E-0001  -0.2552592E-0002  -0.2728381E-0002
     4.15200   0.1821261E-0001   0.4327666E-0001   0.4890146E-0003  -0.1866506E-0001  -0.2575097E-0002  -0.2813085E-0002
     4.16000   0.1854356E-0001   0.4136975E-0001   0.3417893E-0003  -0.1840317E-0001  -0.2598712E-0002  -0.2951953E-0002
     4.16800   0.1886140E-0001   0.3973009E-0001   0.1966748E-0003  -0.1813930E-0001  -0.2623865E-0002  -0.3144102E-0002
     4.17600   0.1916837E-0001   0.3837021E-0001   0.5367559E-0004  -0.1787491E-0001  -0.2650968E-0002  -0.3387813E-0002
     4.18400   0.1946675E-0001   0.3729842E-0001  -0.8721911E-0004  -0.1761184E-0001  -0.2680412E-0002  -0.3680562E-0002
     4.19200   0.1975890E-0001   0.3651857E-0001  -0.2260374E-0003  -0.1735229E-0001  -0.2712565E-0002  -0.4019065E-0002
     4.20000   0.2004714E-0001   0.3603003E-0001  -0.3628271E-0003  -0.1709871E-0001  -0.2747759E-0002  -0.4399329E-0002
     4.20800   0.2033376E-0001   0.3582761E-0001  -0.4976567E-0003  -0.1685370E-0001  -0.2786293E-0002  -0.4816722E-0002
     4.21600   0.2062098E-0001   0.3590162E-0001  -0.6306155E-0003  -0.1661985E-0001  -0.2828421E-0002  -0.5266047E-0002
     4.22400   0.2091088E-0001   0.3623802E-0001  -0.7618126E-0003  -0.1639963E-0001  -0.2874354E-0002  -0.5741627E-0002
     4.23200   0.2120543E-0001   0.3681856E-0001  -0.8913741E-0003  -0.1619519E-0001  -0.2924254E-0002  -0.6237398E-0002
     4.24000   0.2150640E-0001   0.3762113E-0001  -0.1019440E-0002  -0.1600823E-0001  -0.2978230E-0002  -0.6747007E-0002
     4.24800   0.2181536E-0001   0.3862005E-0001  -0.1146159E-0002  -0.1583988E-0001  -0.3036341E-0002  -0.7263908E-0002
     4.25600   0.2213365E-0001   0.3978648E-0001  -0.1271684E-0002  -0.1569058E-0001  -0.3098593E-0002  -0.7781472E-0002
     4.26400   0.2246236E-0001   0.4108890E-0001  -0.1396164E-0002  -0.1556001E-0001  -0.3164937E-0002  -0.8293086E-0002
     4.27200   0.2280231E-0001   0.4249365E-0001  -0.1519741E-0002  -0.1544710E-0001  -0.3235275E-0002  -0.8792259E-0002
     4.28000   0.2315403E-0001   0.4396544E-0001  -0.1642540E-0002  -0.1534996E-0001  -0.3309457E-0002  -0.9272718E-0002
     4.28800   0.2351778E-0001   0.4546798E-0001  -0.1764668E-0002  -0.1526602E-0001  -0.3387285E-0002  -0.9728511E-0002
     4.29600   0.2389350E-0001   0.4696460E-0001  -0.1886205E-0002  -0.1519205E-0001  -0.3468518E-0002  -0.1015409E-0001
     4.30400   0.2428085E-0001   0.4841884E-0001  -0.2007199E-0002  -0.1512433E-0001  -0.3552873E-0002  -0.1054440E-0001
     4.31200   0.2467921E-0001   0.4979513E-0001  -0.2127670E-0002  -0.1505879E-0001  -0.3640033E-0002  -0.1089496E-0001
     4.32000   0.2508768E-0001   0.5105937E-0001  -0.2247599E-0002  -0.1499118E-0001  -0.3729648E-0002  -0.1120191E-0001
     4.32800   0.2550512E-0001   0.5217950E-0001  -0.2366937E-0002  -0.1491723E-0001  -0.3821345E-0002  -0.1146208E-0001
     4.33600   0.2593013E-0001   0.5312611E-0001  -0.2485600E-0002  -0.1483287E-0001  -0.3914729E-0002  -0.1167303E-0001
     4.34400   0.2636111E-0001   0.5387292E-0001  -0.2603475E-0002  -0.1473436E-0001  -0.4009394E-0002  -0.1183309E-0001
     4.35200   0.2679629E-0001   0.5439721E-0001  -0.2720423E-0002  -0.1461847E-0001  -0.4104925E-0002  -0.1194137E-0001
     4.36000   0.2723373E-0001   0.5468025E-0001  -0.2836283E-0002  -0.1448258E-0001  -0.4200907E-0002  -0.1199775E-0001
     4.36800   0.2767139E-0001   0.5470758E-0001  -0.2950882E-0002  -0.1432479E-0001  -0.4296930E-0002  -0.1200289E-0001
     4.37600   0.2810714E-0001   0.5446927E-0001  -0.3064033E-0002  -0.1414397E-0001  -0.4392596E-0002  -0.1195821E-0001
     4.38400   0.2853882E-0001   0.5396002E-0001  -0.3175552E-0002  -0.1393978E-0001  -0.4487522E-0002  -0.1186585E-0001
     4.39200   0.2896426E-0001   0.5317929E-0001  -0.3285253E-0002  -0.1371268E-0001  -0.4581351E-0002  -0.1172859E-0001
     4.40000   0.2938131E-0001   0.5213122E-0001  -0.3392964E-0002  -0.1346384E-0001  -0.4673750E-0002  -0.1154987E-0001
     4.40800   0.2978791E-0001   0.5082456E-0001  -0.3498525E-0002  -0.1319509E-0001  -0.4764419E-0002  -0.1133361E-0001
     4.41600   0.3018208E-0001   0.4927240E-0001  -0.3601795E-0002  -0.1290881E-0001  -0.4853093E-0002  -0.1108425E-0001
     4.42400   0.3056202E-0001   0.4749197E-0001  -0.3702658E-0002  -0.1260783E-0001  -0.4939545E-0002  -0.1080656E-0001
     4.43200   0.3092605E-0001   0.4550421E-0001  -0.3801020E-0002  -0.1229526E-0001  -0.5023590E-0002  -0.1050563E-0001
     4.44000   0.3127272E-0001   0.4333339E-0001  -0.3896815E-0002  -0.1197442E-0001  -0.5105084E-0002  -0.1018672E-0001
     4.44800   0.3160077E-0001   0.4100658E-0001  -0.3990004E-0002  -0.1164863E-0001  -0.5183926E-0002  -0.9855194E-0002
     4.45600   0.3190920E-0001   0.3855314E-0001  -0.4080574E-0002  -0.1132117E-0001  -0.5260057E-0002  -0.9516398E-0002
     4.46400   0.3219723E-0001   0.3600413E-0001  -0.4168534E-0002  -0.1099511E-0001  -0.5333462E-0002  -0.9175591E-0002
     4.47200   0.3246437E-0001   0.3339171E-0001  -0.4253921E-0002  -0.1067326E-0001  -0.5404164E-0002  -0.8837835E-0002
     4.48000   0.3271035E-0001   0.3074850E-0001  -0.4336785E-0002  -0.1035808E-0001  -0.5472228E-0002  -0.8507913E-0002
     4.48800   0.3293521E-0001   0.2810698E-0001  -0.4417198E-0002  -0.1005164E-0001  -0.5537750E-0002  -0.8190250E-0002
     4.49600   0.3313920E-0001   0.2549883E-0001  -0.4495243E-0002  -0.9755565E-0002  -0.5600860E-0002  -0.7888838E-0002
     4.50400   0.3332284E-0001   0.2295442E-0001  -0.4571011E-0002  -0.9471065E-0002  -0.5661718E-0002  -0.7607173E-0002
     4.51200   0.3348685E-0001   0.2050216E-0001  -0.4644603E-0002  -0.9198908E-0002  -0.5720503E-0002  -0.7348205E-0002
     4.52000   0.3363220E-0001   0.1816805E-0001  -0.4716118E-0002  -0.8939455E-0002  -0.5777418E-0002  -0.7114293E-0002
     4.52800   0.3376000E-0001   0.1597520E-0001  -0.4785660E-0002  -0.8692688E-0002  -0.5832675E-0002  -0.6907173E-0002
     4.53600   0.3387155E-0001   0.1394347E-0001  -0.4853326E-0002  -0.8458250E-0002  -0.5886499E-0002  -0.6727941E-0002
     4.54400   0.3396826E-0001   0.1208912E-0001  -0.4919210E-0002  -0.8235490E-0002  -0.5939115E-0002  -0.6577048E-0002
     4.55200   0.3405166E-0001   0.1042458E-0001  -0.4983398E-0002  -0.8023511E-0002  -0.5990749E-0002  -0.6454298E-0002
     4.56000   0.3412332E-0001   0.8958322E-0002  -0.5045968E-0002  -0.7821214E-0002  -0.6041620E-0002  -0.6358872E-0002
     4.56800   0.3418488E-0001   0.7694764E-0002  -0.5106986E-0002  -0.7627341E-0002  -0.6091935E-0002  -0.6289349E-0002
     4.57600   0.3423796E-0001   0.6634312E-0002  -0.5166510E-0002  -0.7440522E-0002  -0.6141885E-0002  -0.6243747E-0002
     4.58400   0.3428414E-0001   0.5773455E-0002  -0.5224585E-0002  -0.7259306E-0002  -0.6191642E-0002  -0.6219572E-0002
     4.59200   0.3432498E-0001   0.5104954E-0002  -0.5281242E-0002  -0.7082198E-0002  -0.6241353E-0002  -0.6213870E-0002
     4.60000   0.3436193E-0001   0.4618109E-0002  -0.5336504E-0002  -0.6907684E-0002  -0.6291139E-0002  -0.6223296E-0002
     4.60800   0.3439632E-0001   0.4299095E-0002  -0.5390378E-0002  -0.6734262E-0002  -0.6341093E-0002  -0.6244184E-0002
     4.61600   0.3442937E-0001   0.4131356E-0002  -0.5442862E-0002  -0.6560462E-0002  -0.6391274E-0002  -0.6272621E-0002
     4.62400   0.3446214E-0001   0.4096058E-0002  -0.5493941E-0002  -0.6384867E-0002  -0.6441710E-0002  -0.6304533E-0002
     4.63200   0.3449552E-0001   0.4172580E-0002  -0.5543590E-0002  -0.6206135E-0002  -0.6492396E-0002  -0.6335764E-0002
     4.64000   0.3453023E-0001   0.4339039E-0002  -0.5591774E-0002  -0.6023022E-0002  -0.6543293E-0002  -0.6362161E-0002
     4.64800   0.3456682E-0001   0.4572823E-0002  -0.5638449E-0002  -0.5834393E-0002  -0.6594331E-0002  -0.6379662E-0002
     4.65600   0.3460562E-0001   0.4851140E-0002  -0.5683563E-0002  -0.5639252E-0002  -0.6645406E-0002  -0.6384374E-0002
     4.66400   0.3464684E-0001   0.5151555E-0002  -0.5727057E-0002  -0.5436753E-0002  -0.6696387E-0002  -0.6372652E-0002
     4.67200   0.3469046E-0001   0.5452507E-0002  -0.5768867E-0002  -0.5226217E-0002  -0.6747116E-0002  -0.6341176E-0002
     4.68000   0.3473633E-0001   0.5733793E-0002  -0.5808924E-0002  -0.5007150E-0002  -0.6797412E-0002  -0.6287014E-0002
     4.68800   0.3478414E-0001   0.5977011E-0002  -0.5847158E-0002  -0.4779256E-0002  -0.6847074E-0002  -0.6207684E-0002
     4.69600   0.3483347E-0001   0.6165952E-0002  -0.5883498E-0002  -0.4542435E-0002  -0.6895883E-0002  -0.6101199E-0002
     4.70400   0.3488377E-0001   0.6286928E-0002  -0.5917872E-0002  -0.4296795E-0002  -0.6943612E-0002  -0.5966114E-0002
     4.71200   0.3493440E-0001   0.6329035E-0002  -0.5950213E-0002  -0.4042641E-0002  -0.6990025E-0002  -0.5801544E-0002
     4.72000   0.3498467E-0001   0.6284336E-0002  -0.5980457E-0002  -0.3780466E-0002  -0.7034882E-0002  -0.5607190E-0002
     4.72800   0.3503386E-0001   0.6147981E-0002  -0.6008544E-0002  -0.3510934E-0002  -0.7077949E-0002  -0.5383333E-0002
     4.73600   0.3508120E-0001   0.5918234E-0002  -0.6034423E-0002  -0.3234856E-0002  -0.7118996E-0002  -0.5130834E-0002
     4.74400   0.3512597E-0001   0.5596431E-0002  -0.6058048E-0002  -0.2953162E-0002  -0.7157804E-0002  -0.4851105E-0002
     4.75200   0.3516747E-0001   0.5186860E-0002  -0.6079383E-0002  -0.2666863E-0002  -0.7194173E-0002  -0.4546080E-0002
     4.76000   0.3520504E-0001   0.4696572E-0002  -0.6098399E-0002  -0.2377019E-0002  -0.7227918E-0002  -0.4218168E-0002
     4.76800   0.3523812E-0001   0.4135123E-0002  -0.6115077E-0002  -0.2084702E-0002  -0.7258880E-0002  -0.3870200E-0002
     4.77600   0.3526624E-0001   0.3514258E-0002  -0.6129405E-0002  -0.1790954E-0002  -0.7286923E-0002  -0.3505362E-0002
     4.78400   0.3528902E-0001   0.2847549E-0002  -0.6141379E-0002  -0.1496759E-0002  -0.7311940E-0002  -0.3127125E-0002
     4.79200   0.3530622E-0001   0.2149991E-0002  -0.6151003E-0002  -0.1203010E-0002  -0.7333853E-0002  -0.2739169E-0002
     4.80000   0.3531772E-0001   0.1437570E-0002  -0.6158287E-0002  -0.9104889E-0003  -0.7352616E-0002  -0.2345298E-0002
     4.80800   0.3532353E-0001   0.7268094E-0003  -0.6163246E-0002  -0.6198471E-0003  -0.7368210E-0002  -0.1949360E-0002
     4.81600   0.3532381E-0001   0.3431832E-0004  -0.6165898E-0002  -0.3316024E-0003  -0.7380652E-0002  -0.1555164E-0002
     4.82400   0.3531882E-0001  -0.6236626E-0003  -0.6166268E-0002  -0.4613791E-0004  -0.7389983E-0002  -0.1166398E-0002
     4.83200   0.3530896E-0001  -0.1231694E-0002  -0.6164377E-0002   0.2362881E-0003  -0.7396275E-0002  -0.7865540E-0003
     4.84000   0.3529476E-0001  -0.1775543E-0002  -0.6160253E-0002   0.5155256E-0003  -0.7399626E-0002  -0.4188594E-0003
     4.84800   0.3527682E-0001  -0.2242552E-0002  -0.6153921E-0002   0.7915109E-0003  -0.7400156E-0002  -0.6621381E-0004
     4.85600   0.3525584E-0001  -0.2621964E-0002  -0.6145407E-0002   0.1064240E-0002  -0.7398005E-0002   0.2688621E-0003
     4.86400   0.3523260E-0001  -0.2905183E-0002  -0.6134737E-0002   0.1333742E-0002  -0.7393331E-0002   0.5842673E-0003
     4.87200   0.3520791E-0001  -0.3085990E-0002  -0.6121937E-0002   0.1600050E-0002  -0.7386304E-0002   0.8783501E-0003
     4.88000   0.3518263E-0001  -0.3160680E-0002  -0.6107031E-0002   0.1863178E-0002  -0.7377105E-0002   0.1149924E-0002
     4.88800   0.3515760E-0001  -0.3128139E-0002  -0.6090046E-0002   0.2123100E-0002  -0.7365919E-0002   0.1398274E-0002
     4.89600   0.3513369E-0001  -0.2989853E-0002  -0.6071009E-0002   0.2379736E-0002  -0.7352933E-0002   0.1623146E-0002
     4.90400   0.3511169E-0001  -0.2749845E-0002  -0.6049945E-0002   0.2632948E-0002  -0.7338336E-0002   0.1824727E-0002
     4.91200   0.3509237E-0001  -0.2414549E-0002  -0.6026885E-0002   0.2882540E-0002  -0.7322307E-0002   0.2003617E-0002
     4.92000   0.3507643E-0001  -0.1992625E-0002  -0.6001858E-0002   0.3128267E-0002  -0.7305020E-0002   0.2160785E-0002
     4.92800   0.3506447E-0001  -0.1494717E-0002  -0.5974900E-0002   0.3369849E-0002  -0.7286640E-0002   0.2297523E-0002
     4.93600   0.3505701E-0001  -0.9331603E-0003  -0.5946044E-0002   0.3606994E-0002  -0.7267317E-0002   0.2415387E-0002
     4.94400   0.3505443E-0001  -0.3216545E-0003  -0.5915328E-0002   0.3839422E-0002  -0.7247188E-0002   0.2516142E-0002
     4.95200   0.3505703E-0001   0.3250983E-0003  -0.5882793E-0002   0.4066882E-0002  -0.7226374E-0002   0.2601693E-0002
     4.96000   0.3506497E-0001   0.9917742E-0003  -0.5848480E-0002   0.4289182E-0002  -0.7204982E-0002   0.2674026E-0002
     4.96800   0.3507827E-0001   0.1662820E-0002  -0.5812430E-0002   0.4506196E-0002  -0.7183101E-0002   0.2735144E-0002
     4.97600   0.3509685E-0001   0.2322844E-0002  -0.5774687E-0002   0.4717879E-0002  -0.7160805E-0002   0.2787009E-0002
     4.98400   0.3512051E-0001   0.2956999E-0002  -0.5735293E-0002   0.4924260E-0002  -0.7138153E-0002   0.2831484E-0002
     4.99200   0.3514892E-0001   0.3551342E-0002  -0.5694290E-0002   0.5125435E-0002  -0.7115191E-0002   0.2870288E-0002
     5.00000   0.3518167E-0001   0.4093168E-0002  -0.5651717E-0002   0.5321543E-0002  -0.7091951E-0002   0.2904950E-0002
     5.00800   0.3521824E-0001   0.4571306E-0002  -0.5607615E-0002   0.5512732E-0002  -0.7068457E-0002   0.2936781E-0002
     5.01600   0.3525805E-0001   0.4976366E-0002  -0.5562022E-0002   0.5699124E-0002  -0.7044722E-0002   0.2966846E-0002
     5.02400   0.3530045E-0001   0.5300943E-0002  -0.5514976E-0002   0.5880762E-0002  -0.7020755E-0002   0.2995948E-0002
     5.03200   0.3534477E-0001   0.5539759E-0002  -0.5466516E-0002   0.6057570E-0002  -0.6996558E-0002   0.3024623E-0002
     5.04000   0.3539029E-0001   0.5689754E-0002  -0.5416681E-0002   0.6229299E-0002  -0.6972132E-0002   0.3053141E-0002
     5.04800   0.3543629E-0001   0.5750112E-0002  -0.5365517E-0002   0.6395493E-0002  -0.6947480E-0002   0.3081515E-0002
     5.05600   0.3548207E-0001   0.5722232E-0002  -0.5313074E-0002   0.6555456E-0002  -0.6922604E-0002   0.3109523E-0002
     5.06400   0.3552695E-0001   0.5609642E-0002  -0.5259408E-0002   0.6708235E-0002  -0.6897510E-0002   0.3136726E-0002
     5.07200   0.3557029E-0001   0.5417855E-0002  -0.5204587E-0002   0.6852622E-0002  -0.6872210E-0002   0.3162505E-0002
     5.08000   0.3561152E-0001   0.5154182E-0002  -0.5148690E-0002   0.6987174E-0002  -0.6846722E-0002   0.3186087E-0002
     5.08800   0.3565014E-0001   0.4827500E-0002  -0.5091808E-0002   0.7110249E-0002  -0.6821069E-0002   0.3206590E-0002
     5.09600   0.3568573E-0001   0.4447974E-0002  -0.5034047E-0002   0.7220070E-0002  -0.6795284E-0002   0.3223062E-0002
     5.10400   0.3571794E-0001   0.4026768E-0002  -0.4975529E-0002   0.7314791E-0002  -0.6769408E-0002   0.3234518E-0002
     5.11200   0.3574655E-0001   0.3575717E-0002  -0.4916388E-0002   0.7392594E-0002  -0.6743488E-0002   0.3239985E-0002
     5.12000   0.3577140E-0001   0.3106997E-0002  -0.4856774E-0002   0.7451778E-0002  -0.6717580E-0002   0.3238543E-0002
     5.12800   0.3579246E-0001   0.2632790E-0002  -0.4796847E-0002   0.7490866E-0002  -0.6691745E-0002   0.3229361E-0002
     5.13600   0.3580978E-0001   0.2164952E-0002  -0.4736777E-0002   0.7508692E-0002  -0.6666051E-0002   0.3211736E-0002
     5.14400   0.3582350E-0001   0.1714693E-0002  -0.4676741E-0002   0.7504494E-0002  -0.6640570E-0002   0.3185126E-0002
     5.15200   0.3583384E-0001   0.1292288E-0002  -0.4616917E-0002   0.7477977E-0002  -0.6615377E-0002   0.3149177E-0002
     5.16000   0.3584109E-0001   0.9068043E-0003  -0.4557483E-0002   0.7429363E-0002  -0.6590547E-0002   0.3103751E-0002
     5.16800   0.3584562E-0001   0.5658714E-0003  -0.4498607E-0002   0.7359409E-0002  -0.6566155E-0002   0.3048945E-0002
     5.17600   0.3584783E-0001   0.2754926E-0003  -0.4440452E-0002   0.7269401E-0002  -0.6542274E-0002   0.2985103E-0002
     5.18400   0.3584814E-0001   0.3989789E-0004  -0.4383163E-0002   0.7161109E-0002  -0.6518972E-0002   0.2912830E-0002
     5.19200   0.3584704E-0001  -0.1385517E-0003  -0.4326869E-0002   0.7036725E-0002  -0.6496308E-0002   0.2832992E-0002
     5.20000   0.3584496E-0001  -0.2594105E-0003  -0.4271679E-0002   0.6898764E-0002  -0.6474334E-0002   0.2746716E-0002
     5.20800   0.3584237E-0001  -0.3241429E-0003  -0.4217680E-0002   0.6749947E-0002  -0.6453091E-0002   0.2655380E-0002
     5.21600   0.3583968E-0001  -0.3360683E-0003  -0.4164935E-0002   0.6593078E-0002  -0.6432606E-0002   0.2560599E-0002
     5.22400   0.3583728E-0001  -0.3002561E-0003  -0.4113488E-0002   0.6430897E-0002  -0.6412893E-0002   0.2464206E-0002
     5.23200   0.3583549E-0001  -0.2233769E-0003  -0.4063360E-0002   0.6265953E-0002  -0.6393947E-0002   0.2368228E-0002
     5.24000   0.3583458E-0001  -0.1135110E-0003  -0.4014556E-0002   0.6100474E-0002  -0.6375748E-0002   0.2274851E-0002
     5.24800   0.3583474E-0001   0.2007773E-0004  -0.3967066E-0002   0.5936262E-0002  -0.6358257E-0002   0.2186391E-0002
     5.25600   0.3583608E-0001   0.1671987E-0003  -0.3920869E-0002   0.5774613E-0002  -0.6341415E-0002   0.2105255E-0002
     5.26400   0.3583862E-0001   0.3170135E-0003  -0.3875939E-0002   0.5616269E-0002  -0.6325144E-0002   0.2033895E-0002
     5.27200   0.3584228E-0001   0.4583304E-0003  -0.3832248E-0002   0.5461403E-0002  -0.6309346E-0002   0.1974770E-0002
     5.28000   0.3584692E-0001   0.5799063E-0003  -0.3789771E-0002   0.5309638E-0002  -0.6293903E-0002   0.1930300E-0002
     5.28800   0.3585229E-0001   0.6707479E-0003  -0.3748490E-0002   0.5160113E-0002  -0.6278681E-0002   0.1902823E-0002
     5.29600   0.3585805E-0001   0.7204041E-0003  -0.3708398E-0002   0.5011564E-0002  -0.6263524E-0002   0.1894547E-0002
     5.30400   0.3586381E-0001   0.7192426E-0003  -0.3669498E-0002   0.4862445E-0002  -0.6248264E-0002   0.1907517E-0002
     5.31200   0.3586907E-0001   0.6587026E-0003  -0.3631810E-0002   0.4711061E-0002  -0.6232715E-0002   0.1943568E-0002
     5.32000   0.3587333E-0001   0.5315169E-0003  -0.3595364E-0002   0.4555712E-0002  -0.6216681E-0002   0.2004298E-0002
     5.32800   0.3587598E-0001   0.3318990E-0003  -0.3560205E-0002   0.4394838E-0002  -0.6199953E-0002   0.2091037E-0002
     5.33600   0.3587643E-0001   0.5568798E-0004  -0.3526388E-0002   0.4227153E-0002  -0.6182314E-0002   0.2204822E-0002
     5.34400   0.3587403E-0001  -0.2995498E-0003  -0.3493974E-0002   0.4051763E-0002  -0.6163543E-0002   0.2346379E-0002
     5.35200   0.3586816E-0001  -0.7344671E-0003  -0.3463028E-0002   0.3868256E-0002  -0.6143414E-0002   0.2516116E-0002
     5.36000   0.3585817E-0001  -0.1247929E-0002  -0.3433614E-0002   0.3676760E-0002  -0.6121701E-0002   0.2714111E-0002
     5.36800   0.3584348E-0001  -0.1837057E-0002  -0.3405790E-0002   0.3477964E-0002  -0.6098180E-0002   0.2940122E-0002
     5.37600   0.3582350E-0001  -0.2497314E-0002  -0.3379605E-0002   0.3273108E-0002  -0.6072632E-0002   0.3193590E-0002
     5.38400   0.3579772E-0001  -0.3222642E-0002  -0.3355094E-0002   0.3063928E-0002  -0.6044842E-0002   0.3473651E-0002
     5.39200   0.3576567E-0001  -0.4005630E-0002  -0.3332273E-0002   0.2852571E-0002  -0.6014609E-0002   0.3779160E-0002
     5.40000   0.3572697E-0001  -0.4837724E-0002  -0.3311141E-0002   0.2641494E-0002  -0.5981739E-0002   0.4108710E-0002
     5.40800   0.3568129E-0001  -0.5709464E-0002  -0.3291674E-0002   0.2433328E-0002  -0.5946054E-0002   0.4460658E-0002
     5.41600   0.3562841E-0001  -0.6610741E-0002  -0.3273829E-0002   0.2230744E-0002  -0.5907389E-0002   0.4833160E-0002
     5.42400   0.3556816E-0001  -0.7531074E-0002  -0.3257538E-0002   0.2036316E-0002  -0.5865595E-0002   0.5224196E-0002
     5.43200   0.3550048E-0001  -0.8459888E-0002  -0.3242719E-0002   0.1852390E-0002  -0.5820543E-0002   0.5631605E-0002
     5.44000   0.3542539E-0001  -0.9386798E-0002  -0.3229271E-0002   0.1680975E-0002  -0.5772118E-0002   0.6053115E-0002
     5.44800   0.3534297E-0001  -0.1030188E-0001  -0.3217082E-0002   0.1523651E-0002  -0.5720227E-0002   0.6486379E-0002
     5.45600   0.3525340E-0001  -0.1119594E-0001  -0.3206030E-0002   0.1381518E-0002  -0.5664795E-0002   0.6928997E-0002
     5.46400   0.3515692E-0001  -0.1206071E-0001  -0.3195988E-0002   0.1255163E-0002  -0.5605766E-0002   0.7378549E-0002
     5.47200   0.3505380E-0001  -0.1288912E-0001  -0.3186831E-0002   0.1144672E-0002  -0.5543105E-0002   0.7832615E-0002
     5.48000   0.3494440E-0001  -0.1367541E-0001  -0.3178434E-0002   0.1049663E-0002  -0.5476795E-0002   0.8288800E-0002
     5.48800   0.3482908E-0001  -0.1441527E-0001  -0.3170679E-0002   0.9693533E-0003  -0.5406837E-0002   0.8744743E-0002
     5.49600   0.3470823E-0001  -0.1510598E-0001  -0.3163458E-0002   0.9026432E-0003  -0.5333252E-0002   0.9198139E-0002
     5.50400   0.3458226E-0001  -0.1574638E-0001  -0.3156672E-0002   0.8482107E-0003  -0.5256078E-0002   0.9646742E-0002
     5.51200   0.3445156E-0001  -0.1633693E-0001  -0.3150235E-0002   0.8046152E-0003  -0.5175371E-0002   0.1008837E-0001
     5.52000   0.3431653E-0001  -0.1687962E-0001  -0.3144072E-0002   0.7703961E-0003  -0.5091204E-0002   0.1052091E-0001
     5.52800   0.3417750E-0001  -0.1737792E-0001  -0.3138119E-0002   0.7441604E-0003  -0.5003665E-0002   0.1094231E-0001
     5.53600   0.3403481E-0001  -0.1783660E-0001  -0.3132321E-0002   0.7246528E-0003  -0.4912861E-0002   0.1135057E-0001
     5.54400   0.3388872E-0001  -0.1826160E-0001  -0.3126635E-0002   0.7108041E-0003  -0.4818910E-0002   0.1174377E-0001
     5.55200   0.3373944E-0001  -0.1865981E-0001  -0.3121021E-0002   0.7017536E-0003  -0.4721950E-0002   0.1212001E-0001
     5.56000   0.3358713E-0001  -0.1903882E-0001  -0.3115446E-0002   0.6968463E-0003  -0.4622131E-0002   0.1247742E-0001
     5.56800   0.3343188E-0001  -0.1940672E-0001  -0.3109881E-0002   0.6956047E-0003  -0.4519617E-0002   0.1281418E-0001
     5.57600   0.3327370E-0001  -0.1977179E-0001  -0.3104300E-0002   0.6976806E-0003  -0.4414590E-0002   0.1312847E-0001
     5.58400   0.3311256E-0001  -0.2014224E-0001  -0.3098678E-0002   0.7027907E-0003  -0.4307242E-0002   0.1341847E-0001
     5.59200   0.3294836E-0001  -0.2052596E-0001  -0.3092993E-0002   0.7106428E-0003  -0.4197783E-0002   0.1368240E-0001
     5.60000   0.3278091E-0001  -0.2093026E-0001  -0.3087226E-0002   0.7208610E-0003  -0.4086435E-0002   0.1391847E-0001
     5.60800   0.3261002E-0001  -0.2136158E-0001  -0.3081362E-0002   0.7329152E-0003  -0.3973436E-0002   0.1412488E-0001
     5.61600   0.3243542E-0001  -0.2182537E-0001  -0.3075394E-0002   0.7460639E-0003  -0.3859037E-0002   0.1429989E-0001
     5.62400   0.3225681E-0001  -0.2232578E-0001  -0.3069319E-0002   0.7593148E-0003  -0.3743503E-0002   0.1444177E-0001
     5.63200   0.3207389E-0001  -0.2286562E-0001  -0.3063148E-0002   0.7714086E-0003  -0.3627112E-0002   0.1454885E-0001
     5.64000   0.3188632E-0001  -0.2344617E-0001  -0.3056901E-0002   0.7808271E-0003  -0.3510156E-0002   0.1461952E-0001
     5.64800   0.3169378E-0001  -0.2406716E-0001  -0.3050615E-0002   0.7858281E-0003  -0.3392937E-0002   0.1465229E-0001
     5.65600   0.3149597E-0001  -0.2472668E-0001  -0.3044339E-0002   0.7845035E-0003  -0.3275771E-0002   0.1464581E-0001
     5.66400   0.3129260E-0001  -0.2542129E-0001  -0.3038140E-0002   0.7748579E-0003  -0.3158980E-0002   0.1459888E-0001
     5.67200   0.3108343E-0001  -0.2614600E-0001  -0.3032101E-0002   0.7549028E-0003  -0.3042896E-0002   0.1451053E-0001
     5.68000   0.3086827E-0001  -0.2689443E-0001  -0.3026319E-0002   0.7227591E-0003  -0.2927855E-0002   0.1438002E-0001
     5.68800   0.3064700E-0001  -0.2765891E-0001  -0.3020904E-0002   0.6767612E-0003  -0.2814200E-0002   0.1420692E-0001
     5.69600   0.3041956E-0001  -0.2843070E-0001  -0.3015980E-0002   0.6155542E-0003  -0.2702271E-0002   0.1399110E-0001
     5.70400   0.3018595E-0001  -0.2920021E-0001  -0.3011675E-0002   0.5381792E-0003  -0.2592409E-0002   0.1373280E-0001
     5.71200   0.2994630E-0001  -0.2995718E-0001  -0.3008122E-0002   0.4441379E-0003  -0.2484948E-0002   0.1343264E-0001
     5.72000   0.2970077E-0001  -0.3069096E-0001  -0.3005454E-0002   0.3334336E-0003  -0.2380214E-0002   0.1309165E-0001
     5.72800   0.2944964E-0001  -0.3139079E-0001  -0.3003801E-0002   0.2065851E-0003  -0.2278524E-0002   0.1271129E-0001
     5.73600   0.2919327E-0001  -0.3204604E-0001  -0.3003284E-0002   0.6461163E-0004  -0.2180177E-0002   0.1229342E-0001
     5.74400   0.2893210E-0001  -0.3264645E-0001  -0.3004013E-0002  -0.9100883E-0004  -0.2085454E-0002   0.1184038E-0001
     5.75200   0.2866664E-0001  -0.3318243E-0001  -0.3006080E-0002  -0.2584065E-0003  -0.1994615E-0002   0.1135487E-0001
     5.76000   0.2839748E-0001  -0.3364521E-0001  -0.3009563E-0002  -0.4354062E-0003  -0.1907895E-0002   0.1084001E-0001
     5.76800   0.2812526E-0001  -0.3402713E-0001  -0.3014520E-0002  -0.6196287E-0003  -0.1825500E-0002   0.1029929E-0001
     5.77600   0.2785069E-0001  -0.3432173E-0001  -0.3020989E-0002  -0.8085985E-0003  -0.1747608E-0002   0.9736508E-0002
     5.78400   0.2757450E-0001  -0.3452395E-0001  -0.3028988E-0002  -0.9998526E-0003  -0.1674362E-0002   0.9155728E-0002
     5.79200   0.2729746E-0001  -0.3463018E-0001  -0.3038516E-0002  -0.1191043E-0002  -0.1605872E-0002   0.8561236E-0002
     5.80000   0.2702035E-0001  -0.3463838E-0001  -0.3049556E-0002  -0.1380024E-0002  -0.1542213E-0002   0.7957466E-0002
     5.80800   0.2674397E-0001  -0.3454804E-0001  -0.3062076E-0002  -0.1564925E-0002  -0.1483421E-0002   0.7348937E-0002
     5.81600   0.2646908E-0001  -0.3436021E-0001  -0.3076029E-0002  -0.1744200E-0002  -0.1429500E-0002   0.6740181E-0002
     5.82400   0.2619646E-0001  -0.3407744E-0001  -0.3091362E-0002  -0.1916651E-0002  -0.1380414E-0002   0.6135674E-0002
     5.83200   0.2592684E-0001  -0.3370368E-0001  -0.3108014E-0002  -0.2081428E-0002  -0.1336096E-0002   0.5539761E-0002
     5.84000   0.2566088E-0001  -0.3324413E-0001  -0.3125918E-0002  -0.2238013E-0002  -0.1296444E-0002   0.4956598E-0002
     5.84800   0.2539924E-0001  -0.3270517E-0001  -0.3145007E-0002  -0.2386173E-0002  -0.1261323E-0002   0.4390079E-0002
     5.85600   0.2514249E-0001  -0.3209409E-0001  -0.3165215E-0002  -0.2525904E-0002  -0.1230573E-0002   0.3843788E-0002
     5.86400   0.2489114E-0001  -0.3141900E-0001  -0.3186474E-0002  -0.2657369E-0002  -0.1204005E-0002   0.3320945E-0002
     5.87200   0.2464563E-0001  -0.3068854E-0001  -0.3208720E-0002  -0.2780820E-0002  -0.1181410E-0002   0.2824364E-0002
     5.88000   0.2440633E-0001  -0.2991172E-0001  -0.3231892E-0002  -0.2896535E-0002  -0.1162559E-0002   0.2356429E-0002
     5.88800   0.2417355E-0001  -0.2909771E-0001  -0.3255930E-0002  -0.3004748E-0002  -0.1147206E-0002   0.1919066E-0002
     5.89600   0.2394751E-0001  -0.2825563E-0001  -0.3280775E-0002  -0.3105604E-0002  -0.1135096E-0002   0.1513734E-0002
     5.90400   0.2372835E-0001  -0.2739436E-0001  -0.3306368E-0002  -0.3199115E-0002  -0.1125965E-0002   0.1141430E-0002
     5.91200   0.2351617E-0001  -0.2652235E-0001  -0.3332649E-0002  -0.3285144E-0002  -0.1119543E-0002   0.8026945E-0003
     5.92000   0.2331099E-0001  -0.2564748E-0001  -0.3359556E-0002  -0.3363401E-0002  -0.1115562E-0002   0.4976353E-0003
     5.92800   0.2311278E-0001  -0.2477694E-0001  -0.3387024E-0002  -0.3433456E-0002  -0.1113755E-0002   0.2259565E-0003
     5.93600   0.2292144E-0001  -0.2391710E-0001  -0.3414982E-0002  -0.3494766E-0002  -0.1113859E-0002  -0.1300265E-0004
     5.94400   0.2273685E-0001  -0.2307343E-0001  -0.3443356E-0002  -0.3546722E-0002  -0.1115620E-0002  -0.2202219E-0003
     5.95200   0.2255885E-0001  -0.2225049E-0001  -0.3472066E-0002  -0.3588690E-0002  -0.1118796E-0002  -0.3969488E-0003
     5.96000   0.2238724E-0001  -0.2145187E-0001  -0.3501026E-0002  -0.3620068E-0002  -0.1123153E-0002  -0.5446424E-0003
     5.96800   0.2222179E-0001  -0.2068025E-0001  -0.3530149E-0002  -0.3640333E-0002  -0.1128472E-0002  -0.6649146E-0003
     5.97600   0.2206229E-0001  -0.1993738E-0001  -0.3559341E-0002  -0.3649091E-0002  -0.1134548E-0002  -0.7594697E-0003
     5.98400   0.2190850E-0001  -0.1922424E-0001  -0.3588510E-0002  -0.3646112E-0002  -0.1141189E-0002  -0.8300452E-0003
     5.99200   0.2176017E-0001  -0.1854102E-0001  -0.3617561E-0002  -0.3631356E-0002  -0.1148215E-0002  -0.8783539E-0003
     6.00000   0.2161707E-0001  -0.1788734E-0001  -0.3646401E-0002  -0.3604986E-0002  -0.1155464E-0002  -0.9060301E-0003
     6.00800   0.2147897E-0001  -0.1726229E-0001  -0.3674940E-0002  -0.3567364E-0002  -0.1162780E-0002  -0.9145817E-0003
     6.01600   0.2134566E-0001  -0.1666463E-0001  -0.3703092E-0002  -0.3519038E-0002  -0.1170023E-0002  -0.9053474E-0003
     6.02400   0.2121691E-0001  -0.1609288E-0001  -0.3730778E-0002  -0.3460711E-0002  -0.1177059E-0002  -0.8794636E-0003
     6.03200   0.2109255E-0001  -0.1554552E-0001  -0.3757924E-0002  -0.3393205E-0002  -0.1183761E-0002  -0.8378393E-0003
     6.04000   0.2097238E-0001  -0.1502105E-0001  -0.3784463E-0002  -0.3317415E-0002  -0.1190011E-0002  -0.7811401E-0003
     6.04800   0.2085624E-0001  -0.1451820E-0001  -0.3810337E-0002  -0.3234262E-0002  -0.1195689E-0002  -0.7097842E-0003
     6.05600   0.2074395E-0001  -0.1403600E-0001  -0.3835494E-0002  -0.3144640E-0002  -0.1200680E-0002  -0.6239468E-0003
     6.06400   0.2063536E-0001  -0.1357386E-0001  -0.3859889E-0002  -0.3049375E-0002  -0.1204869E-0002  -0.5235761E-0003
     6.07200   0.2053030E-0001  -0.1313169E-0001  -0.3883483E-0002  -0.2949183E-0002  -0.1208136E-0002  -0.4084184E-0003
     6.08000   0.2042862E-0001  -0.1270991E-0001  -0.3906240E-0002  -0.2844639E-0002  -0.1210361E-0002  -0.2780521E-0003
     6.08800   0.2033015E-0001  -0.1230948E-0001  -0.3928129E-0002  -0.2736163E-0002  -0.1211416E-0002  -0.1319307E-0003
     6.09600   0.2023469E-0001  -0.1193192E-0001  -0.3949121E-0002  -0.2624002E-0002  -0.1211172E-0002   0.3056956E-0004
     6.10400   0.2014206E-0001  -0.1157925E-0001  -0.3969187E-0002  -0.2508241E-0002  -0.1209491E-0002   0.2100953E-0003
     6.11200   0.2005203E-0001  -0.1125397E-0001  -0.3988298E-0002  -0.2388815E-0002  -0.1206233E-0002   0.4072600E-0003
     6.12000   0.1996436E-0001  -0.1095893E-0001  -0.4006422E-0002  -0.2265532E-0002  -0.1201252E-0002   0.6225855E-0003
     6.12800   0.1987878E-0001  -0.1069727E-0001  -0.4023527E-0002  -0.2138104E-0002  -0.1194401E-0002   0.8564461E-0003
     6.13600   0.1979500E-0001  -0.1047230E-0001  -0.4039576E-0002  -0.2006181E-0002  -0.1185528E-0002   0.1109014E-0002
     6.14400   0.1971270E-0001  -0.1028735E-0001  -0.4054531E-0002  -0.1869395E-0002  -0.1174487E-0002   0.1380209E-0002
     6.15200   0.1963154E-0001  -0.1014564E-0001  -0.4068350E-0002  -0.1727396E-0002  -0.1161129E-0002   0.1669661E-0002
     6.16000   0.1955113E-0001  -0.1005013E-0001  -0.4080990E-0002  -0.1579887E-0002  -0.1145316E-0002   0.1976669E-0002
     6.16800   0.1947111E-0001  -0.1000338E-0001  -0.4092403E-0002  -0.1426659E-0002  -0.1126915E-0002   0.2300183E-0002
     6.17600   0.1939105E-0001  -0.1000743E-0001  -0.4102544E-0002  -0.1267621E-0002  -0.1105804E-0002   0.2638787E-0002
     6.18400   0.1931054E-0001  -0.1006361E-0001  -0.4111366E-0002  -0.1102812E-0002  -0.1081879E-0002   0.2990700E-0002
     6.19200   0.1922916E-0001  -0.1017253E-0001  -0.4118826E-0002  -0.9324219E-0003  -0.1055049E-0002   0.3353782E-0002
     6.20000   0.1914649E-0001  -0.1033386E-0001  -0.4124880E-0002  -0.7567943E-0003  -0.1025244E-0002   0.3725560E-0002
     6.20800   0.1906212E-0001  -0.1054637E-0001  -0.4129491E-0002  -0.5764241E-0003  -0.9924180E-0003   0.4103256E-0002
     6.21600   0.1897565E-0001  -0.1080781E-0001  -0.4132627E-0002  -0.3919510E-0003  -0.9565473E-0003   0.4483835E-0002
     6.22400   0.1888674E-0001  -0.1111490E-0001  -0.4134260E-0002  -0.2041470E-0003  -0.9176349E-0003   0.4864054E-0002
     6.23200   0.1879503E-0001  -0.1146339E-0001  -0.4134371E-0002  -0.1389847E-0004  -0.8757107E-0003   0.5240523E-0002
     6.24000   0.1870024E-0001  -0.1184799E-0001  -0.4132949E-0002   0.1778130E-0003  -0.8308325E-0003   0.5609773E-0002
     6.24800   0.1860214E-0001  -0.1226255E-0001  -0.4129989E-0002   0.3699327E-0003  -0.7830859E-0003   0.5968324E-0002
     6.25600   0.1850054E-0001  -0.1270006E-0001  -0.4125499E-0002   0.5613558E-0003  -0.7325838E-0003   0.6312758E-0002
     6.26400   0.1839532E-0001  -0.1315280E-0001  -0.4119491E-0002   0.7509500E-0003  -0.6794655E-0003   0.6639793E-0002
     6.27200   0.1828642E-0001  -0.1361248E-0001  -0.4111990E-0002   0.9375780E-0003  -0.6238947E-0003   0.6946350E-0002
     6.28000   0.1817386E-0001  -0.1407039E-0001  -0.4103029E-0002   0.1120120E-0002  -0.5660577E-0003   0.7229623E-0002
     6.28800   0.1805772E-0001  -0.1451756E-0001  -0.4092649E-0002   0.1297492E-0002  -0.5061606E-0003   0.7487139E-0002
     6.29600   0.1793816E-0001  -0.1494496E-0001  -0.4080900E-0002   0.1468667E-0002  -0.4444261E-0003   0.7716807E-0002
     6.30400   0.1781541E-0001  -0.1534368E-0001  -0.4067839E-0002   0.1632695E-0002  -0.3810904E-0003   0.7916966E-0002
     6.31200   0.1768977E-0001  -0.1570511E-0001  -0.4053529E-0002   0.1788716E-0002  -0.3163991E-0003   0.8086417E-0002
     6.32000   0.1756160E-0001  -0.1602115E-0001  -0.4038041E-0002   0.1935975E-0002  -0.2506035E-0003   0.8224447E-0002
     6.32800   0.1743132E-0001  -0.1628439E-0001  -0.4021450E-0002   0.2073842E-0002  -0.1839568E-0003   0.8330838E-0002
     6.33600   0.1729942E-0001  -0.1648825E-0001  -0.4003836E-0002   0.2201818E-0002  -0.1167098E-0003   0.8405869E-0002
     6.34400   0.1716640E-0001  -0.1662718E-0001  -0.3985279E-0002   0.2319547E-0002  -0.4910738E-0004   0.8450305E-0002
     6.35200   0.1703283E-0001  -0.1669674E-0001  -0.3965865E-0002   0.2426825E-0002   0.1861559E-0004   0.8465371E-0002
     6.36000   0.1689928E-0001  -0.1669375E-0001  -0.3945676E-0002   0.2523602E-0002   0.8623735E-0004   0.8452720E-0002
     6.36800   0.1676635E-0001  -0.1661637E-0001  -0.3924796E-0002   0.2609987E-0002   0.1535525E-0003   0.8414396E-0002
     6.37600   0.1663463E-0001  -0.1646411E-0001  -0.3903306E-0002   0.2686241E-0002   0.2203747E-0003   0.8352774E-0002
     6.38400   0.1650473E-0001  -0.1623790E-0001  -0.3881284E-0002   0.2752771E-0002   0.2865388E-0003   0.8270510E-0002
     6.39200   0.1637721E-0001  -0.1594005E-0001  -0.3858803E-0002   0.2810121E-0002   0.3519026E-0003   0.8170479E-0002
     6.40000   0.1625262E-0001  -0.1557424E-0001  -0.3835931E-0002   0.2858953E-0002   0.4163483E-0003   0.8055703E-0002
     6.40800   0.1613145E-0001  -0.1514541E-0001  -0.3812731E-0002   0.2900032E-0002   0.4797826E-0003   0.7929290E-0002
     6.41600   0.1601417E-0001  -0.1465969E-0001  -0.3789257E-0002   0.2934200E-0002   0.5421375E-0003   0.7794364E-0002
     6.42400   0.1590118E-0001  -0.1412423E-0001  -0.3765559E-0002   0.2962354E-0002   0.6033695E-0003   0.7653997E-0002
     6.43200   0.1579280E-0001  -0.1354711E-0001  -0.3741675E-0002   0.2985418E-0002   0.6634587E-0003   0.7511149E-0002
     6.44000   0.1568931E-0001  -0.1293712E-0001  -0.3717641E-0002   0.3004318E-0002   0.7224075E-0003   0.7368608E-0002
     6.44800   0.1559088E-0001  -0.1230359E-0001  -0.3693481E-0002   0.3019959E-0002   0.7802390E-0003   0.7228937E-0002
     6.45600   0.1549763E-0001  -0.1165619E-0001  -0.3669215E-0002   0.3033201E-0002   0.8369945E-0003   0.7094429E-0002
     6.46400   0.1540959E-0001  -0.1100472E-0001  -0.3644857E-0002   0.3044841E-0002   0.8927311E-0003   0.6967072E-0002
     6.47200   0.1532672E-0001  -0.1035891E-0001  -0.3620412E-0002   0.3055603E-0002   0.9475192E-0003   0.6848516E-0002
     6.48000   0.1524889E-0001  -0.9728245E-0002  -0.3595883E-0002   0.3066123E-0002   0.1001440E-0002   0.6740056E-0002
     6.48800   0.1517592E-0001  -0.9121712E-0002  -0.3571267E-0002   0.3076953E-0002   0.1054581E-0002   0.6642621E-0002
     6.49600   0.1510754E-0001  -0.8547677E-0002  -0.3546559E-0002   0.3088561E-0002   0.1107035E-0002   0.6556774E-0002
     6.50400   0.1504343E-0001  -0.8013699E-0002  -0.3521748E-0002   0.3101337E-0002   0.1158897E-0002   0.6482718E-0002
     6.51200   0.1498322E-0001  -0.7526396E-0002  -0.3496823E-0002   0.3115609E-0002   0.1210259E-0002   0.6420317E-0002
     6.52000   0.1492649E-0001  -0.7091328E-0002  -0.3471770E-0002   0.3131656E-0002   0.1261212E-0002   0.6369116E-0002
     6.52800   0.1487278E-0001  -0.6712906E-0002  -0.3446572E-0002   0.3149724E-0002   0.1311839E-0002   0.6328375E-0002
     6.53600   0.1482163E-0001  -0.6394334E-0002  -0.3421212E-0002   0.3170048E-0002   0.1362216E-0002   0.6297110E-0002
     6.54400   0.1477253E-0001  -0.6137575E-0002  -0.3395669E-0002   0.3192860E-0002   0.1412409E-0002   0.6274127E-0002
     6.55200   0.1472498E-0001  -0.5943344E-0002  -0.3369922E-0002   0.3218409E-0002   0.1462474E-0002   0.6258080E-0002
     6.56000   0.1467849E-0001  -0.5811136E-0002  -0.3343946E-0002   0.3246967E-0002   0.1512454E-0002   0.6247507E-0002
     6.56800   0.1463258E-0001  -0.5739274E-0002  -0.3317715E-0002   0.3278831E-0002   0.1562381E-0002   0.6240887E-0002
     6.57600   0.1458678E-0001  -0.5724986E-0002  -0.3291201E-0002   0.3314326E-0002   0.1612274E-0002   0.6236687E-0002
     6.58400   0.1454066E-0001  -0.5764500E-0002  -0.3264370E-0002   0.3353794E-0002   0.1662141E-0002   0.6233404E-0002
     6.59200   0.1449384E-0001  -0.5853160E-0002  -0.3237190E-0002   0.3397581E-0002   0.1711978E-0002   0.6229614E-0002
     6.60000   0.1444595E-0001  -0.5985559E-0002  -0.3209621E-0002   0.3446023E-0002   0.1761770E-0002   0.6224006E-0002
     6.60800   0.1439671E-0001  -0.6155681E-0002  -0.3181626E-0002   0.3499419E-0002   0.1811494E-0002   0.6215417E-0002
     6.61600   0.1434585E-0001  -0.6357053E-0002  -0.3153162E-0002   0.3558012E-0002   0.1861117E-0002   0.6202861E-0002
     6.62400   0.1429319E-0001  -0.6582900E-0002  -0.3124186E-0002   0.3621966E-0002   0.1910601E-0002   0.6185546E-0002
     6.63200   0.1423858E-0001  -0.6826299E-0002  -0.3094656E-0002   0.3691338E-0002   0.1959904E-0002   0.6162891E-0002
     6.64000   0.1418193E-0001  -0.7080331E-0002  -0.3064527E-0002   0.3766064E-0002   0.2008980E-0002   0.6134530E-0002
     6.64800   0.1412323E-0001  -0.7338229E-0002  -0.3033760E-0002   0.3845942E-0002   0.2057783E-0002   0.6100310E-0002
     6.65600   0.1406248E-0001  -0.7593507E-0002  -0.3002315E-0002   0.3930623E-0002   0.2106265E-0002   0.6060289E-0002
     6.66400   0.1399976E-0001  -0.7840084E-0002  -0.2970158E-0002   0.4019610E-0002   0.2154383E-0002   0.6014713E-0002
     6.67200   0.1393518E-0001  -0.8072391E-0002  -0.2937260E-0002   0.4112262E-0002   0.2202095E-0002   0.5964004E-0002
     6.68000   0.1386890E-0001  -0.8285452E-0002  -0.2903597E-0002   0.4207810E-0002   0.2249365E-0002   0.5908730E-0002
     6.68800   0.1380110E-0001  -0.8474963E-0002  -0.2869154E-0002   0.4305376E-0002   0.2296161E-0002   0.5849580E-0002
     6.69600   0.1373200E-0001  -0.8637331E-0002  -0.2833922E-0002   0.4403997E-0002   0.2342460E-0002   0.5787330E-0002
     6.70400   0.1366184E-0001  -0.8769711E-0002  -0.2797901E-0002   0.4502663E-0002   0.2388243E-0002   0.5722810E-0002
     6.71200   0.1359088E-0001  -0.8870009E-0002  -0.2761098E-0002   0.4600342E-0002   0.2433498E-0002   0.5656874E-0002
     6.72000   0.1351939E-0001  -0.8936878E-0002  -0.2723530E-0002   0.4696025E-0002   0.2478220E-0002   0.5590365E-0002
     6.72800   0.1344763E-0001  -0.8969689E-0002  -0.2685220E-0002   0.4788754E-0002   0.2522413E-0002   0.5524084E-0002
     6.73600   0.1337588E-0001  -0.8968483E-0002  -0.2646199E-0002   0.4877657E-0002   0.2566083E-0002   0.5458765E-0002
     6.74400   0.1330441E-0001  -0.8933925E-0002  -0.2606503E-0002   0.4961976E-0002   0.2609244E-0002   0.5395050E-0002
     6.75200   0.1323347E-0001  -0.8867225E-0002  -0.2566174E-0002   0.5041085E-0002   0.2651911E-0002   0.5333472E-0002
     6.76000   0.1316331E-0001  -0.8770069E-0002  -0.2525258E-0002   0.5114507E-0002   0.2694107E-0002   0.5274440E-0002
     6.76800   0.1309415E-0001  -0.8644534E-0002  -0.2483803E-0002   0.5181919E-0002   0.2735853E-0002   0.5218235E-0002
     6.77600   0.1302621E-0001  -0.8493007E-0002  -0.2441857E-0002   0.5243151E-0002   0.2777173E-0002   0.5165004E-0002
     6.78400   0.1295967E-0001  -0.8318094E-0002  -0.2399472E-0002   0.5298174E-0002   0.2818091E-0002   0.5114770E-0002
     6.79200   0.1289469E-0001  -0.8122543E-0002  -0.2356695E-0002   0.5347082E-0002   0.2858631E-0002   0.5067439E-0002
     6.80000   0.1283141E-0001  -0.7909164E-0002  -0.2313575E-0002   0.5390075E-0002   0.2898813E-0002   0.5022818E-0002
     6.80800   0.1276997E-0001  -0.7680763E-0002  -0.2270155E-0002   0.5427426E-0002   0.2938658E-0002   0.4980631E-0002
     6.81600   0.1271045E-0001  -0.7440076E-0002  -0.2226480E-0002   0.5459454E-0002   0.2978183E-0002   0.4940551E-0002
     6.82400   0.1265293E-0001  -0.7189717E-0002  -0.2182588E-0002   0.5486495E-0002   0.3017400E-0002   0.4902220E-0002
     6.83200   0.1259747E-0001  -0.6932144E-0002  -0.2138517E-0002   0.5508872E-0002   0.3056323E-0002   0.4865281E-0002
     6.84000   0.1254411E-0001  -0.6669623E-0002  -0.2094302E-0002   0.5526872E-0002   0.3094958E-0002   0.4829405E-0002
     6.84800   0.1249288E-0001  -0.6404211E-0002  -0.2049976E-0002   0.5540723E-0002   0.3133312E-0002   0.4794322E-0002
     6.85600   0.1244378E-0001  -0.6137752E-0002  -0.2005571E-0002   0.5550583E-0002   0.3171391E-0002   0.4759849E-0002
     6.86400   0.1239680E-0001  -0.5871873E-0002  -0.1961119E-0002   0.5556530E-0002   0.3209198E-0002   0.4725908E-0002
     6.87200   0.1235194E-0001  -0.5607998E-0002  -0.1916651E-0002   0.5558561E-0002   0.3246739E-0002   0.4692555E-0002
     6.88000   0.1230916E-0001  -0.5347363E-0002  -0.1872198E-0002   0.5556603E-0002   0.3284019E-0002   0.4659986E-0002
     6.88800   0.1226843E-0001  -0.5091040E-0002  -0.1827794E-0002   0.5550518E-0002   0.3321047E-0002   0.4628552E-0002
     6.89600   0.1222971E-0001  -0.4839964E-0002  -0.1783473E-0002   0.5540129E-0002   0.3357837E-0002   0.4598764E-0002
     6.90400   0.1219295E-0001  -0.4594955E-0002  -0.1739271E-0002   0.5525237E-0002   0.3394408E-0002   0.4571283E-0002
     6.91200   0.1215810E-0001  -0.4356754E-0002  -0.1695226E-0002   0.5505645E-0002   0.3430783E-0002   0.4546918E-0002
     6.92000   0.1212509E-0001  -0.4126044E-0002  -0.1651376E-0002   0.5481185E-0002   0.3466996E-0002   0.4526605E-0002
     6.92800   0.1209386E-0001  -0.3903473E-0002  -0.1607762E-0002   0.5451740E-0002   0.3503087E-0002   0.4511387E-0002
     6.93600   0.1206434E-0001  -0.3689676E-0002  -0.1564424E-0002   0.5417267E-0002   0.3539106E-0002   0.4502385E-0002
     6.94400   0.1203646E-0001  -0.3485289E-0002  -0.1521402E-0002   0.5377809E-0002   0.3575112E-0002   0.4500764E-0002
     6.95200   0.1201013E-0001  -0.3290953E-0002  -0.1478733E-0002   0.5333511E-0002   0.3611174E-0002   0.4507699E-0002
     6.96000   0.1198528E-0001  -0.3107320E-0002  -0.1436457E-0002   0.5284621E-0002   0.3647368E-0002   0.4524334E-0002
     6.96800   0.1196180E-0001  -0.2935045E-0002  -0.1394605E-0002   0.5231489E-0002   0.3683782E-0002   0.4551740E-0002
     6.97600   0.1193960E-0001  -0.2774776E-0002  -0.1353208E-0002   0.5174563E-0002   0.3720509E-0002   0.4590874E-0002
     6.98400   0.1191858E-0001  -0.2627139E-0002  -0.1312293E-0002   0.5114364E-0002   0.3757650E-0002   0.4642538E-0002
     6.99200   0.1189864E-0001  -0.2492709E-0002  -0.1271881E-0002   0.5051479E-0002   0.3795308E-0002   0.4707342E-0002
     7.00000   0.1187966E-0001  -0.2371990E-0002  -0.1231989E-0002   0.4986523E-0002   0.3833594E-0002   0.4785666E-0002
     7.00800   0.1186154E-0001  -0.2265382E-0002  -0.1192628E-0002   0.4920125E-0002   0.3872615E-0002   0.4877635E-0002
     7.01600   0.1184415E-0001  -0.2173144E-0002  -0.1153805E-0002   0.4852886E-0002   0.3912479E-0002   0.4983087E-0002
     7.02400   0.1182739E-0001  -0.2095369E-0002  -0.1115522E-0002   0.4785362E-0002   0.3953292E-0002   0.5101565E-0002
     7.03200   0.1181114E-0001  -0.2031944E-0002  -0.1077778E-0002   0.4718031E-0002   0.3995150E-0002   0.5232300E-0002
     7.04000   0.1179528E-0001  -0.1982522E-0002  -0.1040568E-0002   0.4651271E-0002   0.4038144E-0002   0.5374210E-0002
     7.04800   0.1177970E-0001  -0.1946494E-0002  -0.1003885E-0002   0.4585342E-0002   0.4082351E-0002   0.5525910E-0002
     7.05600   0.1176432E-0001  -0.1922967E-0002  -0.9677220E-0003   0.4520374E-0002   0.4127837E-0002   0.5685723E-0002
     7.06400   0.1174903E-0001  -0.1910745E-0002  -0.9320711E-0003   0.4456358E-0002   0.4174651E-0002   0.5851704E-0002
     7.07200   0.1173377E-0001  -0.1908325E-0002  -0.8969259E-0003   0.4393150E-0002   0.4222824E-0002   0.6021673E-0002
     7.08000   0.1171846E-0001  -0.1913892E-0002  -0.8622822E-0003   0.4330473E-0002   0.4272370E-0002   0.6193247E-0002
     7.08800   0.1170305E-0001  -0.1925330E-0002  -0.8281387E-0003   0.4267937E-0002   0.4323281E-0002   0.6363891E-0002
     7.09600   0.1168753E-0001  -0.1940239E-0002  -0.7944982E-0003   0.4205052E-0002   0.4375529E-0002   0.6530962E-0002
     7.10400   0.1167188E-0001  -0.1955965E-0002  -0.7613682E-0003   0.4141253E-0002   0.4429063E-0002   0.6691764E-0002
     7.11200   0.1165613E-0001  -0.1969638E-0002  -0.7287608E-0003   0.4075930E-0002   0.4483812E-0002   0.6843606E-0002
     7.12000   0.1164030E-0001  -0.1978220E-0002  -0.6966931E-0003   0.4008456E-0002   0.4539683E-0002   0.6983853E-0002
     7.12800   0.1162447E-0001  -0.1978562E-0002  -0.6651874E-0003   0.3938214E-0002   0.4596563E-0002   0.7109988E-0002
     7.13600   0.1160873E-0001  -0.1967470E-0002  -0.6342704E-0003   0.3864632E-0002   0.4654320E-0002   0.7219668E-0002
     7.14400   0.1159320E-0001  -0.1941774E-0002  -0.6039727E-0003   0.3787204E-0002   0.4712806E-0002   0.7310770E-0002
     7.15200   0.1157801E-0001  -0.1898408E-0002  -0.5743286E-0003   0.3705519E-0002   0.4771858E-0002   0.7381443E-0002
     7.16000   0.1156334E-0001  -0.1834484E-0002  -0.5453744E-0003   0.3619277E-0002   0.4831299E-0002   0.7430149E-0002
     7.16800   0.1154936E-0001  -0.1747377E-0002  -0.5171479E-0003   0.3528308E-0002   0.4890944E-0002   0.7455697E-0002
     7.17600   0.1153628E-0001  -0.1634798E-0002  -0.4896873E-0003   0.3432573E-0002   0.4950603E-0002   0.7457271E-0002
     7.18400   0.1152432E-0001  -0.1494870E-0002  -0.4630299E-0003   0.3332178E-0002   0.5010078E-0002   0.7434445E-0002
     7.19200   0.1151371E-0001  -0.1326196E-0002  -0.4372110E-0003   0.3227360E-0002   0.5069176E-0002   0.7387199E-0002
     7.20000   0.1150469E-0001  -0.1127916E-0002  -0.4122631E-0003   0.3118487E-0002   0.5127703E-0002   0.7315912E-0002
     7.20800   0.1149749E-0001  -0.8997557E-0003  -0.3882148E-0003   0.3006043E-0002   0.5185474E-0002   0.7221358E-0002
     7.21600   0.1149235E-0001  -0.6420600E-0003  -0.3650899E-0003   0.2890608E-0002   0.5242311E-0002   0.7104685E-0002
     7.22400   0.1148951E-0001  -0.3558152E-0003  -0.3429071E-0003   0.2772845E-0002   0.5298051E-0002   0.6967389E-0002
     7.23200   0.1148916E-0001  -0.4265279E-0004  -0.3216794E-0003   0.2653469E-0002   0.5352541E-0002   0.6811277E-0002
     7.24000   0.1149153E-0001   0.2951617E-0003  -0.3014135E-0003   0.2533234E-0002   0.5405648E-0002   0.6638429E-0002
     7.24800   0.1149676E-0001   0.6547568E-0003  -0.2821103E-0003   0.2412902E-0002   0.5457257E-0002   0.6451146E-0002
     7.25600   0.1150503E-0001   0.1032700E-0002  -0.2637645E-0003   0.2293226E-0002   0.5507273E-0002   0.6251897E-0002
     7.26400   0.1151643E-0001   0.1425058E-0002  -0.2463650E-0003   0.2174931E-0002   0.5555619E-0002   0.6043265E-0002
     7.27200   0.1153105E-0001   0.1827472E-0002  -0.2298955E-0003   0.2058693E-0002   0.5602242E-0002   0.5827885E-0002
     7.28000   0.1154893E-0001   0.2235246E-0002  -0.2143345E-0003   0.1945130E-0002   0.5647109E-0002   0.5608388E-0002
     7.28800   0.1157008E-0001   0.2643448E-0002  -0.1996562E-0003   0.1834787E-0002   0.5690208E-0002   0.5387344E-0002
     7.29600   0.1159445E-0001   0.3047016E-0002  -0.1858311E-0003   0.1728131E-0002   0.5731545E-0002   0.5167199E-0002
     7.30400   0.1162198E-0001   0.3440877E-0002  -0.1728267E-0003   0.1625549E-0002   0.5771147E-0002   0.4950234E-0002
     7.31200   0.1165254E-0001   0.3820058E-0002  -0.1606080E-0003   0.1527343E-0002   0.5809055E-0002   0.4738510E-0002
     7.32000   0.1168598E-0001   0.4179815E-0002  -0.1491381E-0003   0.1433732E-0002   0.5845326E-0002   0.4533833E-0002
     7.32800   0.1172210E-0001   0.4515741E-0002  -0.1383793E-0003   0.1344858E-0002   0.5880028E-0002   0.4337721E-0002
     7.33600   0.1176069E-0001   0.4823880E-0002  -0.1282930E-0003   0.1260788E-0002   0.5913239E-0002   0.4151381E-0002
     7.34400   0.1180150E-0001   0.5100829E-0002  -0.1188408E-0003   0.1181520E-0002   0.5945044E-0002   0.3975689E-0002
     7.35200   0.1184425E-0001   0.5343832E-0002  -0.1099849E-0003   0.1106989E-0002   0.5975534E-0002   0.3811193E-0002
     7.36000   0.1188866E-0001   0.5550851E-0002  -0.1016883E-0003   0.1037067E-0002   0.6004799E-0002   0.3658109E-0002
     7.36800   0.1193442E-0001   0.5720634E-0002  -0.9391572E-0004   0.9715764E-0003   0.6032929E-0002   0.3516339E-0002
     7.37600   0.1198125E-0001   0.5852755E-0002  -0.8663346E-0004   0.9102835E-0003   0.6060013E-0002   0.3385488E-0002
     7.38400   0.1202883E-0001   0.5947637E-0002  -0.7981019E-0004   0.8529081E-0003   0.6086132E-0002   0.3264899E-0002
     7.39200   0.1207688E-0001   0.6006561E-0002  -0.7341721E-0004   0.7991226E-0003   0.6111362E-0002   0.3153686E-0002
     7.40000   0.1212513E-0001   0.6031647E-0002  -0.6742877E-0004   0.7485546E-0003   0.6135768E-0002   0.3050776E-0002
     7.40800   0.1217334E-0001   0.6025815E-0002  -0.6182246E-0004   0.7007891E-0003   0.6159408E-0002   0.2954960E-0002
     7.41600   0.1222128E-0001   0.5992730E-0002  -0.5657949E-0004   0.6553709E-0003   0.6182327E-0002   0.2864941E-0002
     7.42400   0.1226877E-0001   0.5936724E-0002  -0.5168502E-0004   0.6118088E-0003   0.6204562E-0002   0.2779385E-0002
     7.43200   0.1231568E-0001   0.5862701E-0002  -0.4712837E-0004   0.5695814E-0003   0.6226138E-0002   0.2696976E-0002
     7.44000   0.1236188E-0001   0.5776031E-0002  -0.4290322E-0004   0.5281444E-0003   0.6247070E-0002   0.2616464E-0002
     7.44800   0.1240734E-0001   0.5682420E-0002  -0.3900769E-0004   0.4869412E-0003   0.6267364E-0002   0.2536714E-0002
     7.45600   0.1245205E-0001   0.5587781E-0002  -0.3544437E-0004   0.4454148E-0003   0.6287018E-0002   0.2456750E-0002
     7.46400   0.1249603E-0001   0.5498091E-0002  -0.3222018E-0004   0.4030229E-0003   0.6306024E-0002   0.2375788E-0002
     7.47200   0.1253938E-0001   0.5419244E-0002  -0.2934616E-0004   0.3592535E-0003   0.6324370E-0002   0.2293272E-0002
     7.48000   0.1258224E-0001   0.5356909E-0002  -0.2683701E-0004   0.3136434E-0003   0.6342041E-0002   0.2208891E-0002
     7.48800   0.1262477E-0001   0.5316382E-0002  -0.2471064E-0004   0.2657958E-0003   0.6359022E-0002   0.2122595E-0002
     7.49600   0.1266719E-0001   0.5302456E-0002  -0.2298746E-0004   0.2153979E-0003   0.6375299E-0002   0.2034600E-0002
     7.50400   0.1270974E-0001   0.5319289E-0002  -0.2168956E-0004   0.1622373E-0003   0.6390862E-0002   0.1945382E-0002
     7.51200   0.1275271E-0001   0.5370294E-0002  -0.2083984E-0004   0.1062153E-0003   0.6405707E-0002   0.1855664E-0002
     7.52000   0.1279637E-0001   0.5458046E-0002  -0.2046098E-0004   0.4735724E-0004   0.6419838E-0002   0.1766393E-0002
     7.52800   0.1284105E-0001   0.5584200E-0002  -0.2057443E-0004  -0.1418158E-0004   0.6433268E-0002   0.1678712E-0002
     7.53600   0.1288704E-0001   0.5749439E-0002  -0.2119936E-0004  -0.7811539E-0004   0.6446019E-0002   0.1593918E-0002
     7.54400   0.1293467E-0001   0.5953441E-0002  -0.2235161E-0004  -0.1440323E-0003   0.6458127E-0002   0.1513422E-0002
     7.55200   0.1298423E-0001   0.6194869E-0002  -0.2404285E-0004  -0.2114045E-0003   0.6469636E-0002   0.1438700E-0002
     7.56000   0.1303600E-0001   0.6471386E-0002  -0.2627968E-0004  -0.2796038E-0003   0.6480606E-0002   0.1371242E-0002
     7.56800   0.1309024E-0001   0.6779697E-0002  -0.2906305E-0004  -0.3479215E-0003   0.6491106E-0002   0.1312494E-0002
     7.57600   0.1314716E-0001   0.7115613E-0002  -0.3238780E-0004  -0.4155930E-0003   0.6501217E-0002   0.1263814E-0002
     7.58400   0.1320695E-0001   0.7474132E-0002  -0.3624239E-0004  -0.4818244E-0003   0.6511028E-0002   0.1226412E-0002
     7.59200   0.1326975E-0001   0.7849544E-0002  -0.4060897E-0004  -0.5458216E-0003   0.6520638E-0002   0.1201303E-0002
     7.60000   0.1333563E-0001   0.8235558E-0002  -0.4546352E-0004  -0.6068191E-0003   0.6530153E-0002   0.1189267E-0002
     7.60800   0.1340464E-0001   0.8625433E-0002  -0.5077638E-0004  -0.6641074E-0003   0.6539679E-0002   0.1190805E-0002
     7.61600   0.1347674E-0001   0.9012129E-0002  -0.5651285E-0004  -0.7170583E-0003   0.6549328E-0002   0.1206113E-0002
     7.62400   0.1355184E-0001   0.9388458E-0002  -0.6263401E-0004  -0.7651461E-0003   0.6559208E-0002   0.1235057E-0002
     7.63200   0.1362982E-0001   0.9747246E-0002  -0.6909773E-0004  -0.8079643E-0003   0.6569426E-0002   0.1277159E-0002
     7.64000   0.1371047E-0001   0.1008149E-0001  -0.7585961E-0004  -0.8452357E-0003   0.6580078E-0002   0.1331593E-0002
     7.64800   0.1379355E-0001   0.1038450E-0001  -0.8287416E-0004  -0.8768180E-0003   0.6591256E-0002   0.1397191E-0002
     7.65600   0.1387875E-0001   0.1065008E-0001  -0.9009578E-0004  -0.9027026E-0003   0.6603036E-0002   0.1472457E-0002
     7.66400   0.1396573E-0001   0.1087260E-0001  -0.9747984E-0004  -0.9230072E-0003   0.6615480E-0002   0.1555592E-0002
     7.67200   0.1405411E-0001   0.1104719E-0001  -0.1049836E-0003  -0.9379645E-0003   0.6628636E-0002   0.1644526E-0002
     7.68000   0.1414347E-0001   0.1116980E-0001  -0.1125668E-0003  -0.9479057E-0003   0.6642532E-0002   0.1736960E-0002
     7.68800   0.1423336E-0001   0.1123726E-0001  -0.1201927E-0003  -0.9532413E-0003   0.6657175E-0002   0.1830414E-0002
     7.69600   0.1432334E-0001   0.1124740E-0001  -0.1278283E-0003  -0.9544404E-0003   0.6672554E-0002   0.1922279E-0002
     7.70400   0.1441294E-0001   0.1119906E-0001  -0.1354443E-0003  -0.9520084E-0003   0.6688633E-0002   0.2009871E-0002
     7.71200   0.1450167E-0001   0.1109209E-0001  -0.1430161E-0003  -0.9464664E-0003   0.6705357E-0002   0.2090498E-0002
     7.72000   0.1458909E-0001   0.1092736E-0001  -0.1505227E-0003  -0.9383319E-0003   0.6722649E-0002   0.2161512E-0002
     7.72800   0.1467475E-0001   0.1070673E-0001  -0.1579475E-0003  -0.9281018E-0003   0.6740412E-0002   0.2220374E-0002
     7.73600   0.1475821E-0001   0.1043301E-0001  -0.1652774E-0003  -0.9162398E-0003   0.6758529E-0002   0.2264708E-0002
     7.74400   0.1483909E-0001   0.1010983E-0001  -0.1725028E-0003  -0.9031658E-0003   0.6776868E-0002   0.2292356E-0002
     7.75200   0.1491702E-0001   0.9741639E-0002  -0.1796168E-0003  -0.8892509E-0003   0.6795280E-0002   0.2301421E-0002
     7.76000   0.1499169E-0001   0.9333505E-0002  -0.1866153E-0003  -0.8748147E-0003   0.6813602E-0002   0.2290314E-0002
     7.76800   0.1506282E-0001   0.8891061E-0002  -0.1934963E-0003  -0.8601267E-0003   0.6831664E-0002   0.2257780E-0002
     7.77600   0.1513018E-0001   0.8420342E-0002  -0.2002596E-0003  -0.8454096E-0003   0.6849288E-0002   0.2202929E-0002
     7.78400   0.1519360E-0001   0.7927660E-0002  -0.2069063E-0003  -0.8308449E-0003   0.6866290E-0002   0.2125244E-0002
     7.79200   0.1525296E-0001   0.7419460E-0002  -0.2134390E-0003  -0.8165793E-0003   0.6882487E-0002   0.2024596E-0002
     7.80000   0.1530817E-0001   0.6902180E-0002  -0.2198608E-0003  -0.8027319E-0003   0.6897696E-0002   0.1901231E-0002
     7.80800   0.1535923E-0001   0.6382115E-0002  -0.2261760E-0003  -0.7894004E-0003   0.6911743E-0002   0.1755766E-0002
     7.81600   0.1540615E-0001   0.5865292E-0002  -0.2323894E-0003  -0.7766664E-0003   0.6924456E-0002   0.1589161E-0002
     7.82400   0.1544901E-0001   0.5357344E-0002  -0.2385062E-0003  -0.7645996E-0003   0.6935677E-0002   0.1402698E-0002
     7.83200   0.1548792E-0001   0.4863411E-0002  -0.2445322E-0003  -0.7532603E-0003   0.6945261E-0002   0.1197938E-0002
     7.84000   0.1552302E-0001   0.4388045E-0002  -0.2504738E-0003  -0.7426998E-0003   0.6953074E-0002   0.9766859E-0003
     7.84800   0.1555451E-0001   0.3935138E-0002  -0.2563375E-0003  -0.7329599E-0003   0.6959002E-0002   0.7409443E-0003
     7.85600   0.1558257E-0001   0.3507867E-0002  -0.2621301E-0003  -0.7240710E-0003   0.6962945E-0002   0.4928631E-0003
     7.86400   0.1560744E-0001   0.3108662E-0002  -0.2678585E-0003  -0.7160496E-0003   0.6964822E-0002   0.2346927E-0003
     7.87200   0.1562935E-0001   0.2739185E-0002  -0.2735297E-0003  -0.7088954E-0003   0.6964572E-0002  -0.3126723E-0004
     7.88000   0.1564855E-0001   0.2400341E-0002  -0.2791504E-0003  -0.7025888E-0003   0.6962151E-0002  -0.3027151E-0003
     7.88800   0.1566529E-0001   0.2092301E-0002  -0.2847271E-0003  -0.6970891E-0003   0.6957531E-0002  -0.5773938E-0003
     7.89600   0.1567981E-0001   0.1814544E-0002  -0.2902658E-0003  -0.6923343E-0003   0.6950706E-0002  -0.8531328E-0003
     7.90400   0.1569234E-0001   0.1565917E-0002  -0.2957717E-0003  -0.6882415E-0003   0.6941683E-0002  -0.1127886E-0002
     7.91200   0.1570309E-0001   0.1344711E-0002  -0.3012494E-0003  -0.6847092E-0003   0.6930485E-0002  -0.1399762E-0002
     7.92000   0.1571228E-0001   0.1148746E-0002  -0.3067023E-0003  -0.6816212E-0003   0.6917149E-0002  -0.1667053E-0002
     7.92800   0.1572009E-0001   0.9754668E-0003  -0.3121331E-0003  -0.6788515E-0003   0.6901723E-0002  -0.1928253E-0002
     7.93600   0.1572666E-0001   0.8220465E-0003  -0.3175433E-0003  -0.6762696E-0003   0.6884266E-0002  -0.2182069E-0002
     7.94400   0.1573215E-0001   0.6854935E-0003  -0.3229333E-0003  -0.6737472E-0003   0.6864847E-0002  -0.2427430E-0002
     7.95200   0.1573665E-0001   0.5627576E-0003  -0.3283026E-0003  -0.6711637E-0003   0.6843539E-0002  -0.2663482E-0002
     7.96000   0.1574026E-0001   0.4508350E-0003  -0.3336499E-0003  -0.6684123E-0003   0.6820422E-0002  -0.2889588E-0002
     7.96800   0.1574303E-0001   0.3468682E-0003  -0.3389731E-0003  -0.6654038E-0003   0.6795580E-0002  -0.3105308E-0002
     7.97600   0.1574502E-0001   0.2482370E-0003  -0.3442697E-0003  -0.6620700E-0003   0.6769097E-0002  -0.3310389E-0002
     7.98400   0.1574624E-0001   0.1526403E-0003  -0.3495366E-0003  -0.6583653E-0003   0.6741059E-0002  -0.3504738E-0002
     7.99200   0.1574670E-0001   0.5816491E-0004  -0.3547707E-0003  -0.6542660E-0003   0.6711551E-0002  -0.3688402E-0002
     8.00000   0.1574641E-0001  -0.3665956E-0004  -0.3599689E-0003  -0.6497683E-0003   0.6680659E-0002  -0.3861539E-0002
     8.00800   0.1574535E-0001  -0.1328206E-0003  -0.3651280E-0003  -0.6448851E-0003   0.6648464E-0002  -0.4024390E-0002
     8.01600   0.1574350E-0001  -0.2307990E-0003  -0.3702451E-0003  -0.6396410E-0003   0.6615046E-0002  -0.4177253E-0002
     8.02400   0.1574086E-0001  -0.3305615E-0003  -0.3753176E-0003  -0.6340666E-0003   0.6580482E-0002  -0.4320454E-0002
     8.03200   0.1573740E-0001  -0.4315690E-0003  -0.3803432E-0003  -0.6281930E-0003   0.6544848E-0002  -0.4454321E-0002
     8.04000   0.1573314E-0001  -0.5328012E-0003  -0.3853195E-0003  -0.6220458E-0003   0.6508214E-0002  -0.4579163E-0002
     8.04800   0.1572808E-0001  -0.6327952E-0003  -0.3902446E-0003  -0.6156402E-0003   0.6470652E-0002  -0.4695247E-0002
     8.05600   0.1572224E-0001  -0.7296975E-0003  -0.3951165E-0003  -0.6089767E-0003   0.6432230E-0002  -0.4802784E-0002
     8.06400   0.1571567E-0001  -0.8213275E-0003  -0.3999328E-0003  -0.6020386E-0003   0.6393015E-0002  -0.4901916E-0002
     8.07200   0.1570843E-0001  -0.9052507E-0003  -0.4046911E-0003  -0.5947905E-0003   0.6353073E-0002  -0.4992708E-0002
     8.08000   0.1570060E-0001  -0.9788590E-0003  -0.4093885E-0003  -0.5871786E-0003   0.6312472E-0002  -0.5075142E-0002
     8.08800   0.1569228E-0001  -0.1039456E-0002  -0.4140216E-0003  -0.5791323E-0003   0.6271279E-0002  -0.5149122E-0002
     8.09600   0.1568361E-0001  -0.1084345E-0002  -0.4185861E-0003  -0.5705671E-0003   0.6229563E-0002  -0.5214476E-0002
     8.10400   0.1567472E-0001  -0.1110916E-0002  -0.4230772E-0003  -0.5613881E-0003   0.6187396E-0002  -0.5270967E-0002
     8.11200   0.1566579E-0001  -0.1116732E-0002  -0.4274892E-0003  -0.5514948E-0003   0.6144849E-0002  -0.5318302E-0002
     8.12000   0.1565699E-0001  -0.1099611E-0002  -0.4318155E-0003  -0.5407850E-0003   0.6102000E-0002  -0.5356147E-0002
     8.12800   0.1564853E-0001  -0.1057696E-0002  -0.4360487E-0003  -0.5291598E-0003   0.6058927E-0002  -0.5384149E-0002
     8.13600   0.1564061E-0001  -0.9895262E-0003  -0.4401810E-0003  -0.5165268E-0003   0.6015711E-0002  -0.5401944E-0002
     8.14400   0.1563346E-0001  -0.8940852E-0003  -0.4442034E-0003  -0.5028035E-0003   0.5972438E-0002  -0.5409184E-0002
     8.15200   0.1562729E-0001  -0.7708491E-0003  -0.4481067E-0003  -0.4879195E-0003   0.5929193E-0002  -0.5405552E-0002
     8.16000   0.1562233E-0001  -0.6198149E-0003  -0.4518813E-0003  -0.4718177E-0003   0.5886067E-0002  -0.5390777E-0002
     8.16800   0.1561880E-0001  -0.4415179E-0003  -0.4555169E-0003  -0.4544552E-0003   0.5843150E-0002  -0.5364652E-0002
     8.17600   0.1561691E-0001  -0.2370353E-0003  -0.4590033E-0003  -0.4358028E-0003   0.5800534E-0002  -0.5327046E-0002
     8.18400   0.1561684E-0001  -0.7976193E-0005  -0.4623301E-0003  -0.4158444E-0003   0.5758310E-0002  -0.5277917E-0002
     8.19200   0.1561879E-0001   0.2435421E-0003  -0.4654867E-0003  -0.3945769E-0003   0.5716572E-0002  -0.5217313E-0002
     8.20000   0.1562291E-0001   0.5149289E-0003  -0.4684628E-0003  -0.3720087E-0003   0.5675409E-0002  -0.5145384E-0002
     8.20800   0.1562934E-0001   0.8031678E-0003  -0.4712481E-0003  -0.3481605E-0003   0.5634910E-0002  -0.5062378E-0002
     8.21600   0.1563817E-0001   0.1104873E-0002  -0.4738326E-0003  -0.3230647E-0003   0.5595160E-0002  -0.4968640E-0002
     8.22400   0.1564951E-0001   0.1416355E-0002  -0.4762067E-0003  -0.2967667E-0003   0.5556244E-0002  -0.4864606E-0002
     8.23200   0.1566337E-0001   0.1733692E-0002  -0.4783613E-0003  -0.2693265E-0003   0.5518237E-0002  -0.4750797E-0002
     8.24000   0.1567980E-0001   0.2052808E-0002  -0.4802879E-0003  -0.2408200E-0003   0.5481215E-0002  -0.4627807E-0002
     8.24800   0.1569875E-0001   0.2369554E-0002  -0.4819786E-0003  -0.2113419E-0003   0.5445244E-0002  -0.4496289E-0002
     8.25600   0.1572019E-0001   0.2679784E-0002  -0.4834267E-0003  -0.1810069E-0003   0.5410389E-0002  -0.4356946E-0002
     8.26400   0.1574403E-0001   0.2979442E-0002  -0.4846263E-0003  -0.1499519E-0003   0.5376705E-0002  -0.4210514E-0002
     8.27200   0.1577014E-0001   0.3264637E-0002  -0.4855730E-0003  -0.1183363E-0003   0.5344243E-0002  -0.4057748E-0002
     8.28000   0.1579840E-0001   0.3531714E-0002  -0.4862637E-0003  -0.8634179E-0004   0.5313048E-0002  -0.3899407E-0002
     8.28800   0.1582862E-0001   0.3777324E-0002  -0.4866971E-0003  -0.5417012E-0004   0.5283158E-0002  -0.3736247E-0002
     8.29600   0.1586060E-0001   0.3998484E-0002  -0.4868734E-0003  -0.2203966E-0004   0.5254606E-0002  -0.3569004E-0002
     8.30400   0.1589415E-0001   0.4192630E-0002  -0.4867948E-0003   0.9820018E-0005   0.5227418E-0002  -0.3398386E-0002
     8.31200   0.1592901E-0001   0.4357656E-0002  -0.4864654E-0003   0.4117518E-0004   0.5201618E-0002  -0.3225070E-0002
     8.32000   0.1596494E-0001   0.4491947E-0002  -0.4858911E-0003   0.7179634E-0004   0.5177220E-0002  -0.3049694E-0002
     8.32800   0.1600170E-0001   0.4594405E-0002  -0.4850793E-0003   0.1014678E-0003   0.5154237E-0002  -0.2872854E-0002
     8.33600   0.1603901E-0001   0.4664455E-0002  -0.4840394E-0003   0.1299976E-0003   0.5132677E-0002  -0.2695110E-0002
     8.34400   0.1607663E-0001   0.4702049E-0002  -0.4827815E-0003   0.1572274E-0003   0.5112541E-0002  -0.2516982E-0002
     8.35200   0.1611429E-0001   0.4707655E-0002  -0.4813172E-0003   0.1830421E-0003   0.5093829E-0002  -0.2338960E-0002
     8.36000   0.1615175E-0001   0.4682239E-0002  -0.4796582E-0003   0.2073775E-0003   0.5076537E-0002  -0.2161510E-0002
     8.36800   0.1618877E-0001   0.4627236E-0002  -0.4778164E-0003   0.2302261E-0003   0.5060656E-0002  -0.1985079E-0002
     8.37600   0.1622512E-0001   0.4544514E-0002  -0.4758032E-0003   0.2516411E-0003   0.5046176E-0002  -0.1810106E-0002
     8.38400   0.1626061E-0001   0.4436332E-0002  -0.4736293E-0003   0.2717371E-0003   0.5033079E-0002  -0.1637032E-0002
     8.39200   0.1629506E-0001   0.4305288E-0002  -0.4713038E-0003   0.2906872E-0003   0.5021349E-0002  -0.1466306E-0002
     8.40000   0.1632829E-0001   0.4154269E-0002  -0.4688341E-0003   0.3087183E-0003   0.5010962E-0002  -0.1298398E-0002
     8.40800   0.1636018E-0001   0.3986390E-0002  -0.4662253E-0003   0.3261029E-0003   0.5001891E-0002  -0.1133800E-0002
     8.41600   0.1639062E-0001   0.3804937E-0002  -0.4634801E-0003   0.3431477E-0003   0.4994107E-0002  -0.9730363E-0003
     8.42400   0.1641953E-0001   0.3613307E-0002  -0.4605986E-0003   0.3601814E-0003   0.4987574E-0002  -0.8166635E-0003
     8.43200   0.1644685E-0001   0.3414943E-0002  -0.4575783E-0003   0.3775403E-0003   0.4982251E-0002  -0.6652729E-0003
     8.44000   0.1647255E-0001   0.3213283E-0002  -0.4544139E-0003   0.3955537E-0003   0.4978096E-0002  -0.5194882E-0003
     8.44800   0.1649665E-0001   0.3011696E-0002  -0.4510977E-0003   0.4145287E-0003   0.4975056E-0002  -0.3799606E-0003
     8.45600   0.1651915E-0001   0.2813431E-0002  -0.4476198E-0003   0.4347371E-0003   0.4973077E-0002  -0.2473616E-0003
     8.46400   0.1654013E-0001   0.2621571E-0002  -0.4439685E-0003   0.4564021E-0003   0.4972098E-0002  -0.1223729E-0003
     8.47200   0.1655964E-0001   0.2438984E-0002  -0.4401310E-0003   0.4796894E-0003   0.4972053E-0002  -0.5673799E-0005
     8.48000   0.1657778E-0001   0.2268286E-0002  -0.4360934E-0003   0.5046982E-0003   0.4972869E-0002   0.1020731E-0003
     8.48800   0.1659468E-0001   0.2111805E-0002  -0.4318418E-0003   0.5314579E-0003   0.4974471E-0002   0.2002382E-0003
     8.49600   0.1661045E-0001   0.1971559E-0002  -0.4273624E-0003   0.5599252E-0003   0.4976777E-0002   0.2882423E-0003
     8.50400   0.1662525E-0001   0.1849227E-0002  -0.4226425E-0003   0.5899862E-0003   0.4979702E-0002   0.3655744E-0003
     8.51200   0.1663921E-0001   0.1746140E-0002  -0.4176708E-0003   0.6214602E-0003   0.4983156E-0002   0.4318094E-0003
     8.52000   0.1665252E-0001   0.1663267E-0002  -0.4124380E-0003   0.6541058E-0003   0.4987049E-0002   0.4866248E-0003
     8.52800   0.1666533E-0001   0.1601214E-0002  -0.4069369E-0003   0.6876300E-0003   0.4991288E-0002   0.5298166E-0003
     8.53600   0.1667781E-0001   0.1560228E-0002  -0.4011633E-0003   0.7216976E-0003   0.4995778E-0002   0.5613123E-0003
     8.54400   0.1669013E-0001   0.1540199E-0002  -0.3951158E-0003   0.7559424E-0003   0.5000428E-0002   0.5811816E-0003
     8.55200   0.1670246E-0001   0.1540680E-0002  -0.3887960E-0003   0.7899784E-0003   0.5005145E-0002   0.5896444E-0003
     8.56000   0.1671495E-0001   0.1560899E-0002  -0.3822087E-0003   0.8234113E-0003   0.5009841E-0002   0.5870737E-0003
     8.56800   0.1672774E-0001   0.1599784E-0002  -0.3753619E-0003   0.8558488E-0003   0.5014433E-0002   0.5739963E-0003
     8.57600   0.1674099E-0001   0.1655985E-0002  -0.3682666E-0003   0.8869110E-0003   0.5018842E-0002   0.5510883E-0003
     8.58400   0.1675482E-0001   0.1727907E-0002  -0.3609367E-0003   0.9162389E-0003   0.5022995E-0002   0.5191665E-0003
     8.59200   0.1676933E-0001   0.1813735E-0002  -0.3533887E-0003   0.9435022E-0003   0.5026829E-0002   0.4791764E-0003
     8.60000   0.1678462E-0001   0.1911475E-0002  -0.3456414E-0003   0.9684050E-0003   0.5030286E-0002   0.4321754E-0003
     8.60800   0.1680077E-0001   0.2018983E-0002  -0.3377159E-0003   0.9906907E-0003   0.5033321E-0002   0.3793132E-0003
     8.61600   0.1681784E-0001   0.2134006E-0002  -0.3296347E-0003   0.1010145E-0002   0.5035895E-0002   0.3218090E-0003
     8.62400   0.1683588E-0001   0.2254213E-0002  -0.3214219E-0003   0.1026599E-0002   0.5037983E-0002   0.2609264E-0003
     8.63200   0.1685489E-0001   0.2377239E-0002  -0.3131025E-0003   0.1039928E-0002   0.5039566E-0002   0.1979467E-0003
     8.64000   0.1687490E-0001   0.2500718E-0002  -0.3047021E-0003   0.1050052E-0002   0.5040639E-0002   0.1341406E-0003
     8.64800   0.1689588E-0001   0.2622317E-0002  -0.2962466E-0003   0.1056936E-0002   0.5041205E-0002   0.7074082E-0004
     8.65600   0.1691780E-0001   0.2739776E-0002  -0.2877619E-0003   0.1060584E-0002   0.5041276E-0002   0.8914577E-0005
     8.66400   0.1694060E-0001   0.2850935E-0002  -0.2792736E-0003   0.1061040E-0002   0.5040874E-0002  -0.5026234E-0004
     8.67200   0.1696423E-0001   0.2953768E-0002  -0.2708066E-0003   0.1058381E-0002   0.5040028E-0002  -0.1058291E-0003
     8.68000   0.1698860E-0001   0.3046413E-0002  -0.2623849E-0003   0.1052715E-0002   0.5038772E-0002  -0.1569609E-0003
     8.68800   0.1701362E-0001   0.3127190E-0002  -0.2540315E-0003   0.1044174E-0002   0.5037148E-0002  -0.2029857E-0003
     8.69600   0.1703918E-0001   0.3194632E-0002  -0.2457682E-0003   0.1032911E-0002   0.5035201E-0002  -0.2433982E-0003
     8.70400   0.1706516E-0001   0.3247496E-0002  -0.2376155E-0003   0.1019091E-0002   0.5032978E-0002  -0.2778686E-0003
     8.71200   0.1709144E-0001   0.3284784E-0002  -0.2295923E-0003   0.1002890E-0002   0.5030528E-0002  -0.3062470E-0003
     8.72000   0.1711788E-0001   0.3305750E-0002  -0.2217164E-0003   0.9844860E-0003   0.5027900E-0002  -0.3285629E-0003
     8.72800   0.1714436E-0001   0.3309909E-0002  -0.2140040E-0003   0.9640536E-0003   0.5025139E-0002  -0.3450207E-0003
     8.73600   0.1717074E-0001   0.3297041E-0002  -0.2064699E-0003   0.9417613E-0003   0.5022291E-0002  -0.3559896E-0003
     8.74400   0.1719688E-0001   0.3267191E-0002  -0.1991278E-0003   0.9177662E-0003   0.5019396E-0002  -0.3619900E-0003
     8.75200   0.1722264E-0001   0.3220659E-0002  -0.1919901E-0003   0.8922105E-0003   0.5016486E-0002  -0.3636760E-0003
     8.76000   0.1724791E-0001   0.3158002E-0002  -0.1850683E-0003   0.8652203E-0003   0.5013592E-0002  -0.3618141E-0003
     8.76800   0.1727255E-0001   0.3080011E-0002  -0.1783731E-0003   0.8369041E-0003   0.5010734E-0002  -0.3572595E-0003
     8.77600   0.1729645E-0001   0.2987703E-0002  -0.1719143E-0003   0.8073531E-0003   0.5007926E-0002  -0.3509301E-0003
     8.78400   0.1731951E-0001   0.2882298E-0002  -0.1657011E-0003   0.7766434E-0003   0.5005176E-0002  -0.3437792E-0003
     8.79200   0.1734163E-0001   0.2765202E-0002  -0.1597424E-0003   0.7448381E-0003   0.5002482E-0002  -0.3367678E-0003
     8.80000   0.1736273E-0001   0.2637975E-0002  -0.1540465E-0003   0.7119914E-0003   0.4999835E-0002  -0.3308360E-0003
     8.80800   0.1738275E-0001   0.2502312E-0002  -0.1486213E-0003   0.6781534E-0003   0.4997220E-0002  -0.3268769E-0003
     8.81600   0.1740163E-0001   0.2360010E-0002  -0.1434743E-0003   0.6433746E-0003   0.4994614E-0002  -0.3257105E-0003
     8.82400   0.1741933E-0001   0.2212935E-0002  -0.1386126E-0003   0.6077112E-0003   0.4991990E-0002  -0.3280610E-0003
     8.83200   0.1743584E-0001   0.2062999E-0002  -0.1340427E-0003   0.5712304E-0003   0.4989314E-0002  -0.3345362E-0003
     8.84000   0.1745113E-0001   0.1912119E-0002  -0.1297706E-0003   0.5340146E-0003   0.4986549E-0002  -0.3456107E-0003
     8.84800   0.1746523E-0001   0.1762190E-0002  -0.1258013E-0003   0.4961647E-0003   0.4983656E-0002  -0.3616130E-0003
     8.85600   0.1747815E-0001   0.1615055E-0002  -0.1221389E-0003   0.4578031E-0003   0.4980594E-0002  -0.3827165E-0003
     8.86400   0.1748993E-0001   0.1472469E-0002  -0.1187863E-0003   0.4190748E-0003   0.4977323E-0002  -0.4089349E-0003
     8.87200   0.1750062E-0001   0.1336076E-0002  -0.1157451E-0003   0.3801467E-0003   0.4973802E-0002  -0.4401222E-0003
     8.88000   0.1751028E-0001   0.1207379E-0002  -0.1130155E-0003   0.3412069E-0003   0.4969994E-0002  -0.4759771E-0003
     8.88800   0.1751898E-0001   0.1087718E-0002  -0.1105958E-0003   0.3024613E-0003   0.4965865E-0002  -0.5160515E-0003
     8.89600   0.1752681E-0001   0.9782507E-0003  -0.1084827E-0003   0.2641295E-0003   0.4961387E-0002  -0.5597634E-0003
     8.90400   0.1753385E-0001   0.8799313E-0003  -0.1066712E-0003   0.2264406E-0003   0.4956536E-0002  -0.6064129E-0003
     8.91200   0.1754019E-0001   0.7935020E-0003  -0.1051542E-0003   0.1896268E-0003   0.4951294E-0002  -0.6552014E-0003
     8.92000   0.1754595E-0001   0.7194826E-0003  -0.1039228E-0003   0.1539184E-0003   0.4945652E-0002  -0.7052538E-0003
     8.92800   0.1755122E-0001   0.6581661E-0003  -0.1029665E-0003   0.1195375E-0003   0.4939607E-0002  -0.7556425E-0003
     8.93600   0.1755609E-0001   0.6096197E-0003  -0.1022730E-0003   0.8669245E-0004   0.4933164E-0002  -0.8054118E-0003
     8.94400   0.1756068E-0001   0.5736891E-0003  -0.1018284E-0003   0.5557329E-0004   0.4926335E-0002  -0.8536043E-0003
     8.95200   0.1756508E-0001   0.5500082E-0003  -0.1016176E-0003   0.2634704E-0004   0.4919141E-0002  -0.8992857E-0003
     8.96000   0.1756939E-0001   0.5380126E-0003  -0.1016244E-0003  -0.8454793E-0006   0.4911608E-0002  -0.9415696E-0003
     8.96800   0.1757368E-0001   0.5369562E-0003  -0.1018315E-0003  -0.2589220E-0004   0.4903771E-0002  -0.9796403E-0003
     8.97600   0.1757805E-0001   0.5459327E-0003  -0.1022212E-0003  -0.4871144E-0004   0.4895669E-0002  -0.1012774E-0002
     8.98400   0.1758256E-0001   0.5638985E-0003  -0.1027753E-0003  -0.6925270E-0004   0.4887346E-0002  -0.1040356E-0002
     8.99200   0.1758728E-0001   0.5896986E-0003  -0.1034752E-0003  -0.8749678E-0004   0.4878851E-0002  -0.1061896E-0002
     9.00000   0.1759226E-0001   0.6220942E-0003  -0.1043029E-0003  -0.1034554E-0003   0.4870235E-0002  -0.1077039E-0002
     9.00800   0.1759753E-0001   0.6597911E-0003  -0.1052402E-0003  -0.1171704E-0003   0.4861550E-0002  -0.1085576E-0002
     9.01600   0.1760315E-0001   0.7014677E-0003  -0.1062699E-0003  -0.1287128E-0003   0.4852850E-0002  -0.1087440E-0002
     9.02400   0.1760911E-0001   0.7458041E-0003  -0.1073754E-0003  -0.1381814E-0003   0.4844189E-0002  -0.1082715E-0002
     9.03200   0.1761544E-0001   0.7915085E-0003  -0.1085410E-0003  -0.1457022E-0003   0.4835616E-0002  -0.1071624E-0002
     9.04000   0.1762214E-0001   0.8373426E-0003  -0.1097524E-0003  -0.1514268E-0003   0.4827179E-0002  -0.1054526E-0002
     9.04800   0.1762920E-0001   0.8821447E-0003  -0.1109967E-0003  -0.1555316E-0003   0.4818924E-0002  -0.1031905E-0002
     9.05600   0.1763660E-0001   0.9248493E-0003  -0.1122624E-0003  -0.1582166E-0003   0.4810889E-0002  -0.1004350E-0002
     9.06400   0.1764431E-0001   0.9645048E-0003  -0.1135400E-0003  -0.1597041E-0003   0.4803109E-0002  -0.9725457E-0003
     9.07200   0.1765232E-0001   0.1000286E-0002  -0.1148219E-0003  -0.1602375E-0003   0.4795611E-0002  -0.9372508E-0003
     9.08000   0.1766057E-0001   0.1031502E-0002  -0.1161026E-0003  -0.1600790E-0003   0.4788417E-0002  -0.8992771E-0003
     9.08800   0.1766903E-0001   0.1057606E-0002  -0.1173786E-0003  -0.1595076E-0003   0.4781541E-0002  -0.8594706E-0003
     9.09600   0.1767766E-0001   0.1078191E-0002  -0.1186492E-0003  -0.1588161E-0003   0.4774992E-0002  -0.8186895E-0003
     9.10400   0.1768640E-0001   0.1092991E-0002  -0.1199156E-0003  -0.1583077E-0003   0.4768769E-0002  -0.7777845E-0003
     9.11200   0.1769521E-0001   0.1101873E-0002  -0.1211820E-0003  -0.1582914E-0003   0.4762869E-0002  -0.7375785E-0003
     9.12000   0.1770405E-0001   0.1104828E-0002  -0.1224546E-0003  -0.1590779E-0003   0.4757278E-0002  -0.6988494E-0003
     9.12800   0.1771287E-0001   0.1101958E-0002  -0.1237424E-0003  -0.1609742E-0003   0.4751979E-0002  -0.6623132E-0003
     9.13600   0.1772162E-0001   0.1093462E-0002  -0.1250566E-0003  -0.1642781E-0003   0.4746950E-0002  -0.6286111E-0003
     9.14400   0.1773025E-0001   0.1079616E-0002  -0.1264108E-0003  -0.1692726E-0003   0.4742164E-0002  -0.5982979E-0003
     9.15200   0.1773874E-0001   0.1060757E-0002  -0.1278205E-0003  -0.1762210E-0003   0.4737589E-0002  -0.5718343E-0003
     9.16000   0.1774704E-0001   0.1037261E-0002  -0.1293034E-0003  -0.1853615E-0003   0.4733193E-0002  -0.5495815E-0003
     9.16800   0.1775511E-0001   0.1009527E-0002  -0.1308787E-0003  -0.1969029E-0003   0.4728938E-0002  -0.5317999E-0003
     9.17600   0.1776294E-0001   0.9779551E-0003  -0.1325668E-0003  -0.2110209E-0003   0.4724789E-0002  -0.5186498E-0003
     9.18400   0.1777048E-0001   0.9429319E-0003  -0.1343897E-0003  -0.2278558E-0003   0.4720708E-0002  -0.5101960E-0003
     9.19200   0.1777772E-0001   0.9048119E-0003  -0.1363698E-0003  -0.2475102E-0003   0.4716656E-0002  -0.5064143E-0003
     9.20000   0.1778463E-0001   0.8639064E-0003  -0.1385301E-0003  -0.2700488E-0003   0.4712599E-0002  -0.5072013E-0003
     9.20800   0.1779119E-0001   0.8204722E-0003  -0.1408941E-0003  -0.2954985E-0003   0.4708500E-0002  -0.5123852E-0003
     9.21600   0.1779739E-0001   0.7747058E-0003  -0.1434849E-0003  -0.3238497E-0003   0.4704326E-0002  -0.5217395E-0003
     9.22400   0.1780321E-0001   0.7267393E-0003  -0.1463254E-0003  -0.3550585E-0003   0.4700046E-0002  -0.5349967E-0003
     9.23200   0.1780862E-0001   0.6766413E-0003  -0.1494378E-0003  -0.3890490E-0003   0.4695631E-0002  -0.5518629E-0003
     9.24000   0.1781361E-0001   0.6244210E-0003  -0.1528435E-0003  -0.4257161E-0003   0.4691055E-0002  -0.5720331E-0003
     9.24800   0.1781817E-0001   0.5700365E-0003  -0.1565630E-0003  -0.4649295E-0003   0.4686293E-0002  -0.5952055E-0003
     9.25600   0.1782228E-0001   0.5134053E-0003  -0.1606152E-0003  -0.5065359E-0003   0.4681324E-0002  -0.6210944E-0003
     9.26400   0.1782592E-0001   0.4544193E-0003  -0.1650181E-0003  -0.5503629E-0003   0.4676129E-0002  -0.6494429E-0003
     9.27200   0.1782906E-0001   0.3929610E-0003  -0.1697879E-0003  -0.5962216E-0003   0.4670688E-0002  -0.6800328E-0003
     9.28000   0.1783169E-0001   0.3289216E-0003  -0.1749392E-0003  -0.6439093E-0003   0.4664987E-0002  -0.7126925E-0003
     9.28800   0.1783379E-0001   0.2622210E-0003  -0.1804849E-0003  -0.6932123E-0003   0.4659008E-0002  -0.7473024E-0003
     9.29600   0.1783533E-0001   0.1928270E-0003  -0.1864362E-0003  -0.7439078E-0003   0.4652738E-0002  -0.7837982E-0003
     9.30400   0.1783630E-0001   0.1207743E-0003  -0.1928023E-0003  -0.7957665E-0003   0.4646161E-0002  -0.8221705E-0003
     9.31200   0.1783667E-0001   0.4618206E-0004  -0.1995907E-0003  -0.8485546E-0003   0.4639261E-0002  -0.8624625E-0003
     9.32000   0.1783642E-0001  -0.3073042E-0004  -0.2068070E-0003  -0.9020365E-0003   0.4632023E-0002  -0.9047647E-0003
     9.32800   0.1783555E-0001  -0.1096318E-0003  -0.2144548E-0003  -0.9559770E-0003   0.4624429E-0002  -0.9492069E-0003
     9.33600   0.1783402E-0001  -0.1900698E-0003  -0.2225360E-0003  -0.1010144E-0002   0.4616462E-0002  -0.9959491E-0003
     9.34400   0.1783185E-0001  -0.2714668E-0003  -0.2310505E-0003  -0.1064314E-0002   0.4608100E-0002  -0.1045169E-0002
     9.35200   0.1782903E-0001  -0.3531196E-0003  -0.2399967E-0003  -0.1118270E-0002   0.4599324E-0002  -0.1097050E-0002
     9.36000   0.1782555E-0001  -0.4342051E-0003  -0.2493712E-0003  -0.1171812E-0002   0.4590110E-0002  -0.1151768E-0002
     9.36800   0.1782144E-0001  -0.5137893E-0003  -0.2591692E-0003  -0.1224755E-0002   0.4580434E-0002  -0.1209474E-0002
     9.37600   0.1781672E-0001  -0.5908426E-0003  -0.2693847E-0003  -0.1276937E-0002   0.4570272E-0002  -0.1270287E-0002
     9.38400   0.1781140E-0001  -0.6642586E-0003  -0.2800104E-0003  -0.1328219E-0002   0.4559597E-0002  -0.1334272E-0002
     9.39200   0.1780554E-0001  -0.7328780E-0003  -0.2910383E-0003  -0.1378486E-0002   0.4548386E-0002  -0.1401437E-0002
     9.40000   0.1779918E-0001  -0.7955148E-0003  -0.3024596E-0003  -0.1427656E-0002   0.4536612E-0002  -0.1471717E-0002
     9.40800   0.1779237E-0001  -0.8509863E-0003  -0.3142649E-0003  -0.1475670E-0002   0.4524252E-0002  -0.1544969E-0002
     9.41600   0.1778518E-0001  -0.8981449E-0003  -0.3264450E-0003  -0.1522502E-0002   0.4511285E-0002  -0.1620965E-0002
     9.42400   0.1777770E-0001  -0.9359098E-0003  -0.3389902E-0003  -0.1568150E-0002   0.4497690E-0002  -0.1699389E-0002
     9.43200   0.1776999E-0001  -0.9633004E-0003  -0.3518912E-0003  -0.1612634E-0002   0.4483451E-0002  -0.1779840E-0002
     9.44000   0.1776215E-0001  -0.9794670E-0003  -0.3651392E-0003  -0.1655994E-0002   0.4468556E-0002  -0.1861829E-0002
     9.44800   0.1775428E-0001  -0.9837207E-0003  -0.3787255E-0003  -0.1698285E-0002   0.4452998E-0002  -0.1944791E-0002
     9.45600   0.1774648E-0001  -0.9755591E-0003  -0.3926420E-0003  -0.1739565E-0002   0.4436773E-0002  -0.2028091E-0002
     9.46400   0.1773884E-0001  -0.9546887E-0003  -0.4068812E-0003  -0.1779897E-0002   0.4419885E-0002  -0.2111033E-0002
     9.47200   0.1773147E-0001  -0.9210424E-0003  -0.4214358E-0003  -0.1819333E-0002   0.4402342E-0002  -0.2192876E-0002
     9.48000   0.1772448E-0001  -0.8747911E-0003  -0.4362991E-0003  -0.1857915E-0002   0.4384159E-0002  -0.2272848E-0002
     9.48800   0.1771794E-0001  -0.8163494E-0003  -0.4514645E-0003  -0.1895664E-0002   0.4365358E-0002  -0.2350162E-0002
     9.49600   0.1771197E-0001  -0.7463746E-0003  -0.4669251E-0003  -0.1932577E-0002   0.4345966E-0002  -0.2424033E-0002
     9.50400   0.1770665E-0001  -0.6657595E-0003  -0.4826741E-0003  -0.1968622E-0002   0.4326016E-0002  -0.2493697E-0002
     9.51200   0.1770204E-0001  -0.5756173E-0003  -0.4987040E-0003  -0.2003739E-0002   0.4305549E-0002  -0.2558427E-0002
     9.52000   0.1769822E-0001  -0.4772614E-0003  -0.5150066E-0003  -0.2037832E-0002   0.4284608E-0002  -0.2617548E-0002
     9.52800   0.1769525E-0001  -0.3721777E-0003  -0.5315728E-0003  -0.2070778E-0002   0.4263245E-0002  -0.2670455E-0002
     9.53600   0.1769315E-0001  -0.2619920E-0003  -0.5483922E-0003  -0.2102424E-0002   0.4241512E-0002  -0.2716626E-0002
     9.54400   0.1769196E-0001  -0.1484319E-0003  -0.5654530E-0003  -0.2132596E-0002   0.4219466E-0002  -0.2755632E-0002
     9.55200   0.1769170E-0001  -0.3328533E-0004  -0.5827418E-0003  -0.2161097E-0002   0.4197169E-0002  -0.2787147E-0002
     9.56000   0.1769235E-0001   0.8164436E-0004  -0.6002435E-0003  -0.2187721E-0002   0.4174682E-0002  -0.2810953E-0002
     9.56800   0.1769391E-0001   0.1945851E-0003  -0.6179416E-0003  -0.2212256E-0002   0.4152066E-0002  -0.2826945E-0002
     9.57600   0.1769634E-0001   0.3038430E-0003  -0.6358175E-0003  -0.2234491E-0002   0.4129385E-0002  -0.2835131E-0002
     9.58400   0.1769960E-0001   0.4078490E-0003  -0.6538513E-0003  -0.2254227E-0002   0.4106700E-0002  -0.2835627E-0002
     9.59200   0.1770364E-0001   0.5052030E-0003  -0.6720216E-0003  -0.2271278E-0002   0.4084071E-0002  -0.2828654E-0002
     9.60000   0.1770840E-0001   0.5947148E-0003  -0.6903054E-0003  -0.2285481E-0002   0.4061555E-0002  -0.2814529E-0002
     9.60800   0.1771380E-0001   0.6754405E-0003  -0.7086790E-0003  -0.2296700E-0002   0.4039205E-0002  -0.2793652E-0002
     9.61600   0.1771978E-0001   0.7467126E-0003  -0.7271176E-0003  -0.2304828E-0002   0.4017073E-0002  -0.2766498E-0002
     9.62400   0.1772624E-0001   0.8081640E-0003  -0.7455960E-0003  -0.2309794E-0002   0.3995205E-0002  -0.2733599E-0002
     9.63200   0.1773312E-0001   0.8597438E-0003  -0.7640884E-0003  -0.2311557E-0002   0.3973640E-0002  -0.2695529E-0002
     9.64000   0.1774033E-0001   0.9017250E-0003  -0.7825693E-0003  -0.2310113E-0002   0.3952417E-0002  -0.2652891E-0002
     9.64800   0.1774781E-0001   0.9347031E-0003  -0.8010132E-0003  -0.2305487E-0002   0.3931567E-0002  -0.2606298E-0002
     9.65600   0.1775549E-0001   0.9595862E-0003  -0.8193951E-0003  -0.2297733E-0002   0.3911116E-0002  -0.2556357E-0002
     9.66400   0.1776331E-0001   0.9775759E-0003  -0.8376906E-0003  -0.2286933E-0002   0.3891087E-0002  -0.2503661E-0002
     9.67200   0.1777123E-0001   0.9901393E-0003  -0.8558761E-0003  -0.2273186E-0002   0.3871497E-0002  -0.2448766E-0002
     9.68000   0.1777922E-0001   0.9989738E-0003  -0.8739290E-0003  -0.2256611E-0002   0.3852359E-0002  -0.2392187E-0002
     9.68800   0.1778727E-0001   0.1005963E-0002  -0.8918276E-0003  -0.2237335E-0002   0.3833684E-0002  -0.2334389E-0002
     9.69600   0.1779537E-0001   0.1013130E-0002  -0.9095516E-0003  -0.2215492E-0002   0.3815478E-0002  -0.2275774E-0002
     9.70400   0.1780356E-0001   0.1022579E-0002  -0.9270813E-0003  -0.2191216E-0002   0.3797744E-0002  -0.2216685E-0002
     9.71200   0.1781185E-0001   0.1036440E-0002  -0.9443984E-0003  -0.2164638E-0002   0.3780485E-0002  -0.2157398E-0002
     9.72000   0.1782030E-0001   0.1056810E-0002  -0.9614854E-0003  -0.2135881E-0002   0.3763700E-0002  -0.2098126E-0002
     9.72800   0.1782899E-0001   0.1085688E-0002  -0.9783259E-0003  -0.2105058E-0002   0.3747388E-0002  -0.2039022E-0002
     9.73600   0.1783799E-0001   0.1124919E-0002  -0.9949041E-0003  -0.2072267E-0002   0.3731546E-0002  -0.1980186E-0002
     9.74400   0.1784740E-0001   0.1176137E-0002  -0.1011205E-0002  -0.2037592E-0002   0.3716173E-0002  -0.1921670E-0002
     9.75200   0.1785732E-0001   0.1240709E-0002  -0.1027214E-0002  -0.2001101E-0002   0.3701265E-0002  -0.1863488E-0002
     9.76000   0.1786788E-0001   0.1319692E-0002  -0.1042916E-0002  -0.1962845E-0002   0.3686820E-0002  -0.1805628E-0002
     9.76800   0.1787919E-0001   0.1413788E-0002  -0.1058299E-0002  -0.1922861E-0002   0.3672836E-0002  -0.1748064E-0002
     9.77600   0.1789138E-0001   0.1523320E-0002  -0.1073349E-0002  -0.1881175E-0002   0.3659310E-0002  -0.1690761E-0002
     9.78400   0.1790456E-0001   0.1648200E-0002  -0.1088051E-0002  -0.1837799E-0002   0.3646240E-0002  -0.1633697E-0002
     9.79200   0.1791886E-0001   0.1787924E-0002  -0.1102393E-0002  -0.1792743E-0002   0.3633625E-0002  -0.1576862E-0002
     9.80000   0.1793440E-0001   0.1941564E-0002  -0.1116361E-0002  -0.1746009E-0002   0.3621463E-0002  -0.1520278E-0002
     9.80800   0.1795126E-0001   0.2107783E-0002  -0.1129942E-0002  -0.1697605E-0002   0.3609751E-0002  -0.1464000E-0002
     9.81600   0.1796954E-0001   0.2284845E-0002  -0.1143122E-0002  -0.1647543E-0002   0.3598486E-0002  -0.1408129E-0002
     9.82400   0.1798930E-0001   0.2470650E-0002  -0.1155889E-0002  -0.1595847E-0002   0.3587663E-0002  -0.1352810E-0002
     9.83200   0.1801061E-0001   0.2662773E-0002  -0.1168229E-0002  -0.1542555E-0002   0.3577277E-0002  -0.1298240E-0002
     9.84000   0.1803347E-0001   0.2858507E-0002  -0.1180131E-0002  -0.1487727E-0002   0.3567320E-0002  -0.1244667E-0002
     9.84800   0.1805791E-0001   0.3054921E-0002  -0.1191583E-0002  -0.1431444E-0002   0.3557781E-0002  -0.1192387E-0002
     9.85600   0.1808390E-0001   0.3248922E-0002  -0.1202573E-0002  -0.1373817E-0002   0.3548647E-0002  -0.1141743E-0002
     9.86400   0.1811140E-0001   0.3437317E-0002  -0.1213093E-0002  -0.1314981E-0002   0.3539902E-0002  -0.1093116E-0002
     9.87200   0.1814034E-0001   0.3616889E-0002  -0.1223134E-0002  -0.1255103E-0002   0.3531527E-0002  -0.1046920E-0002
     9.88000   0.1817061E-0001   0.3784463E-0002  -0.1232689E-0002  -0.1194377E-0002   0.3523498E-0002  -0.1003593E-0002
     9.88800   0.1820211E-0001   0.3936981E-0002  -0.1241753E-0002  -0.1133023E-0002   0.3515789E-0002  -0.9635844E-0003
     9.89600   0.1823468E-0001   0.4071571E-0002  -0.1250324E-0002  -0.1071288E-0002   0.3508371E-0002  -0.9273457E-0003
     9.90400   0.1826817E-0001   0.4185610E-0002  -0.1258399E-0002  -0.1009433E-0002   0.3501208E-0002  -0.8953188E-0003
     9.91200   0.1830238E-0001   0.4276792E-0002  -0.1265981E-0002  -0.9477365E-0003   0.3494265E-0002  -0.8679234E-0003
     9.92000   0.1833713E-0001   0.4343174E-0002  -0.1273073E-0002  -0.8864815E-0003   0.3487500E-0002  -0.8455462E-0003
     9.92800   0.1837219E-0001   0.4383230E-0002  -0.1279680E-0002  -0.8259523E-0003   0.3480872E-0002  -0.8285293E-0003
     9.93600   0.1840736E-0001   0.4395884E-0002  -0.1285812E-0002  -0.7664254E-0003   0.3474335E-0002  -0.8171602E-0003
     9.94400   0.1844240E-0001   0.4380540E-0002  -0.1291477E-0002  -0.7081620E-0003   0.3467841E-0002  -0.8116632E-0003
     9.95200   0.1847710E-0001   0.4337098E-0002  -0.1296688E-0002  -0.6514017E-0003   0.3461344E-0002  -0.8121914E-0003
     9.96000   0.1851123E-0001   0.4265955E-0002  -0.1301459E-0002  -0.5963550E-0003   0.3454793E-0002  -0.8188215E-0003
     9.96800   0.1854457E-0001   0.4168007E-0002  -0.1305805E-0002  -0.5431985E-0003   0.3448141E-0002  -0.8315492E-0003
     9.97600   0.1857693E-0001   0.4044625E-0002  -0.1309741E-0002  -0.4920705E-0003   0.3441339E-0002  -0.8502876E-0003
     9.98400   0.1860811E-0001   0.3897632E-0002  -0.1313286E-0002  -0.4430679E-0003   0.3434340E-0002  -0.8748666E-0003
     9.99200   0.1863794E-0001   0.3729260E-0002  -0.1316456E-0002  -0.3962456E-0003   0.3427099E-0002  -0.9050347E-0003
    10.00000   0.1866628E-0001   0.3542106E-0002  -0.1319269E-0002  -0.3516165E-0003   0.3419576E-0002  -0.9404627E-0003
    10.00800   0.1869299E-0001   0.3339076E-0002  -0.1321742E-0002  -0.3091537E-0003   0.3411730E-0002  -0.9807483E-0003
    10.01600   0.1871798E-0001   0.3123323E-0002  -0.1323892E-0002  -0.2687944E-0003   0.3403526E-0002  -0.1025423E-0002
    10.02400   0.1874117E-0001   0.2898180E-0002  -0.1325736E-0002  -0.2304442E-0003   0.3394935E-0002  -0.1073962E-0002
    10.03200   0.1876250E-0001   0.2667088E-0002  -0.1327288E-0002  -0.1939834E-0003   0.3385928E-0002  -0.1125787E-0002
    10.04000   0.1878197E-0001   0.2433528E-0002  -0.1328562E-0002  -0.1592735E-0003   0.3376486E-0002  -0.1180285E-0002
    10.04800   0.1879958E-0001   0.2200943E-0002  -0.1329571E-0002  -0.1261638E-0003   0.3366592E-0002  -0.1236811E-0002
    10.05600   0.1881536E-0001   0.1972672E-0002  -0.1330327E-0002  -0.9449835E-0004   0.3356234E-0002  -0.1294701E-0002
    10.06400   0.1882937E-0001   0.1751881E-0002  -0.1330840E-0002  -0.6412235E-0004   0.3345408E-0002  -0.1353284E-0002
    10.07200   0.1884171E-0001   0.1541501E-0002  -0.1331119E-0002  -0.3488746E-0004   0.3334113E-0002  -0.1411890E-0002
    10.08000   0.1885246E-0001   0.1344173E-0002  -0.1331173E-0002  -0.6656416E-0005   0.3322354E-0002  -0.1469860E-0002
    10.08800   0.1886176E-0001   0.1162199E-0002  -0.1331007E-0002   0.2069381E-0004   0.3310141E-0002  -0.1526558E-0002
    10.09600   0.1886974E-0001   0.9975046E-0003  -0.1330629E-0002   0.4727028E-0004   0.3297490E-0002  -0.1581373E-0002
    10.10400   0.1887655E-0001   0.8516051E-0003  -0.1330044E-0002   0.7316376E-0004   0.3284420E-0002  -0.1633732E-0002
    10.11200   0.1888236E-0001   0.7255900E-0003  -0.1329256E-0002   0.9844988E-0004   0.3270956E-0002  -0.1683102E-0002
    10.12000   0.1888732E-0001   0.6201105E-0003  -0.1328270E-0002   0.1231915E-0003   0.3257124E-0002  -0.1728999E-0002
    10.12800   0.1889160E-0001   0.5353812E-0003  -0.1327091E-0002   0.1474421E-0003   0.3242956E-0002  -0.1770987E-0002
    10.13600   0.1889537E-0001   0.4711905E-0003  -0.1325721E-0002   0.1712502E-0003   0.3228486E-0002  -0.1808684E-0002
    10.14400   0.1889878E-0001   0.4269212E-0003  -0.1324164E-0002   0.1946635E-0003   0.3213752E-0002  -0.1841763E-0002
    10.15200   0.1890200E-0001   0.4015798E-0003  -0.1322422E-0002   0.2177340E-0003   0.3198793E-0002  -0.1869950E-0002
    10.16000   0.1890515E-0001   0.3938333E-0003  -0.1320497E-0002   0.2405218E-0003   0.3183648E-0002  -0.1893028E-0002
    10.16800   0.1890836E-0001   0.4020541E-0003  -0.1318393E-0002   0.2630992E-0003   0.3168362E-0002  -0.1910833E-0002
    10.17600   0.1891176E-0001   0.4243692E-0003  -0.1316108E-0002   0.2855524E-0003   0.3152976E-0002  -0.1923249E-0002
    10.18400   0.1891543E-0001   0.4587149E-0003  -0.1313644E-0002   0.3079834E-0003   0.3137534E-0002  -0.1930214E-0002
    10.19200   0.1891945E-0001   0.5028934E-0003  -0.1311000E-0002   0.3305094E-0003   0.3122080E-0002  -0.1931709E-0002
    10.20000   0.1892389E-0001   0.5546314E-0003  -0.1308174E-0002   0.3532607E-0003   0.3106658E-0002  -0.1927756E-0002
    10.20800   0.1892878E-0001   0.6116380E-0003  -0.1305163E-0002   0.3763775E-0003   0.3091311E-0002  -0.1918420E-0002
    10.21600   0.1893416E-0001   0.6716621E-0003  -0.1301963E-0002   0.4000048E-0003   0.3076080E-0002  -0.1903799E-0002
    10.22400   0.1894002E-0001   0.7325453E-0003  -0.1298569E-0002   0.4242863E-0003   0.3061008E-0002  -0.1884021E-0002
    10.23200   0.1894635E-0001   0.7922717E-0003  -0.1294974E-0002   0.4493574E-0003   0.3046134E-0002  -0.1859246E-0002
    10.24000   0.1895315E-0001   0.8490118E-0003  -0.1291171E-0002   0.4753373E-0003   0.3031497E-0002  -0.1829655E-0002
    10.24800   0.1896036E-0001   0.9011601E-0003  -0.1287153E-0002   0.5023218E-0003   0.3017133E-0002  -0.1795451E-0002
    10.25600   0.1896793E-0001   0.9473654E-0003  -0.1282910E-0002   0.5303753E-0003   0.3003079E-0002  -0.1756855E-0002
    10.26400   0.1897583E-0001   0.9865531E-0003  -0.1278434E-0002   0.5595251E-0003   0.2989366E-0002  -0.1714102E-0002
    10.27200   0.1898397E-0001   0.1017940E-0002  -0.1273716E-0002   0.5897556E-0003   0.2976026E-0002  -0.1667438E-0002
    10.28000   0.1899230E-0001   0.1041039E-0002  -0.1268747E-0002   0.6210052E-0003   0.2963089E-0002  -0.1617120E-0002
    10.28800   0.1900074E-0001   0.1055659E-0002  -0.1263522E-0002   0.6531647E-0003   0.2950582E-0002  -0.1563409E-0002
    10.29600   0.1900924E-0001   0.1061891E-0002  -0.1258034E-0002   0.6860779E-0003   0.2938529E-0002  -0.1506572E-0002
    10.30400   0.1901772E-0001   0.1060095E-0002  -0.1252277E-0002   0.7195448E-0003   0.2926954E-0002  -0.1446877E-0002
    10.31200   0.1902613E-0001   0.1050870E-0002  -0.1246251E-0002   0.7533267E-0003   0.2915878E-0002  -0.1384591E-0002
    10.32000   0.1903441E-0001   0.1035026E-0002  -0.1239953E-0002   0.7871536E-0003   0.2905318E-0002  -0.1319981E-0002
    10.32800   0.1904252E-0001   0.1013550E-0002  -0.1233387E-0002   0.8207331E-0003   0.2895291E-0002  -0.1253308E-0002
    10.33600   0.1905042E-0001   0.9875653E-0003  -0.1226557E-0002   0.8537610E-0003   0.2885813E-0002  -0.1184828E-0002
    10.34400   0.1905808E-0001   0.9582876E-0003  -0.1219470E-0002   0.8859328E-0003   0.2876894E-0002  -0.1114790E-0002
    10.35200   0.1906550E-0001   0.9269852E-0003  -0.1212134E-0002   0.9169550E-0003   0.2868547E-0002  -0.1043433E-0002
    10.36000   0.1907266E-0001   0.8949346E-0003  -0.1204562E-0002   0.9465566E-0003   0.2860779E-0002  -0.9709873E-0003
    10.36800   0.1907956E-0001   0.8633782E-0003  -0.1196766E-0002   0.9745000E-0003   0.2853598E-0002  -0.8976692E-0003
    10.37600   0.1908623E-0001   0.8334856E-0003  -0.1188761E-0002   0.1000590E-0002   0.2847008E-0002  -0.8236826E-0003
    10.38400   0.1909268E-0001   0.8063168E-0003  -0.1180564E-0002   0.1024681E-0002   0.2841015E-0002  -0.7492169E-0003
    10.39200   0.1909895E-0001   0.7827910E-0003  -0.1172190E-0002   0.1046682E-0002   0.2835619E-0002  -0.6744459E-0003
    10.40000   0.1910505E-0001   0.7636600E-0003  -0.1163658E-0002   0.1066562E-0002   0.2830823E-0002  -0.5995273E-0003
    10.40800   0.1911105E-0001   0.7494872E-0003  -0.1154983E-0002   0.1084344E-0002   0.2826626E-0002  -0.5246016E-0003
    10.41600   0.1911698E-0001   0.7406336E-0003  -0.1146182E-0002   0.1100111E-0002   0.2823028E-0002  -0.4497922E-0003
    10.42400   0.1912287E-0001   0.7372491E-0003  -0.1137270E-0002   0.1113994E-0002   0.2820026E-0002  -0.3752050E-0003
    10.43200   0.1912879E-0001   0.7392716E-0003  -0.1128261E-0002   0.1126171E-0002   0.2817619E-0002  -0.3009288E-0003
    10.44000   0.1913476E-0001   0.7464313E-0003  -0.1119166E-0002   0.1136855E-0002   0.2815802E-0002  -0.2270359E-0003
    10.44800   0.1914083E-0001   0.7582619E-0003  -0.1109996E-0002   0.1146286E-0002   0.2814574E-0002  -0.1535829E-0003
    10.45600   0.1914702E-0001   0.7741170E-0003  -0.1100758E-0002   0.1154723E-0002   0.2813929E-0002  -0.8061193E-0004
    10.46400   0.1915336E-0001   0.7931915E-0003  -0.1091458E-0002   0.1162429E-0002   0.2813863E-0002  -0.8152148E-0005
    10.47200   0.1915988E-0001   0.8145469E-0003  -0.1082101E-0002   0.1169669E-0002   0.2814374E-0002   0.6377820E-0004
    10.48000   0.1916658E-0001   0.8371408E-0003  -0.1072687E-0002   0.1176693E-0002   0.2815455E-0002   0.1351697E-0003
    10.48800   0.1917346E-0001   0.8598581E-0003  -0.1063218E-0002   0.1183737E-0002   0.2817103E-0002   0.2060195E-0003
    10.49600   0.1918051E-0001   0.8815436E-0003  -0.1053690E-0002   0.1191011E-0002   0.2819314E-0002   0.2763282E-0003
    10.50400   0.1918772E-0001   0.9010362E-0003  -0.1044100E-0002   0.1198698E-0002   0.2822083E-0002   0.3460976E-0003
    10.51200   0.1919505E-0001   0.9172013E-0003  -0.1034444E-0002   0.1206953E-0002   0.2825405E-0002   0.4153276E-0003
    10.52000   0.1920249E-0001   0.9289628E-0003  -0.1024717E-0002   0.1215900E-0002   0.2829277E-0002   0.4840133E-0003
    10.52800   0.1920997E-0001   0.9353327E-0003  -0.1014912E-0002   0.1225633E-0002   0.2833695E-0002   0.5521419E-0003
    10.53600   0.1921745E-0001   0.9354376E-0003  -0.1005022E-0002   0.1236220E-0002   0.2838652E-0002   0.6196904E-0003
    10.54400   0.1922488E-0001   0.9285420E-0003  -0.9950406E-0003   0.1247706E-0002   0.2844145E-0002   0.6866228E-0003
    10.55200   0.1923219E-0001   0.9140666E-0003  -0.9849597E-0003   0.1260112E-0002   0.2850168E-0002   0.7528877E-0003
    10.56000   0.1923933E-0001   0.8916034E-0003  -0.9747722E-0003   0.1273445E-0002   0.2856715E-0002   0.8184167E-0003
    10.56800   0.1924621E-0001   0.8609242E-0003  -0.9644706E-0003   0.1287693E-0002   0.2863780E-0002   0.8831226E-0003
    10.57600   0.1925279E-0001   0.8219857E-0003  -0.9540480E-0003   0.1302835E-0002   0.2871356E-0002   0.9468984E-0003
    10.58400   0.1925899E-0001   0.7749289E-0003  -0.9434973E-0003   0.1318837E-0002   0.2879433E-0002   0.1009617E-0002
    10.59200   0.1926475E-0001   0.7200735E-0003  -0.9328120E-0003   0.1335653E-0002   0.2888002E-0002   0.1071130E-0002
    10.60000   0.1927001E-0001   0.6579080E-0003  -0.9219862E-0003   0.1353230E-0002   0.2897052E-0002   0.1131269E-0002
    10.60800   0.1927472E-0001   0.5890759E-0003  -0.9110142E-0003   0.1371498E-0002   0.2906571E-0002   0.1189849E-0002
    10.61600   0.1927884E-0001   0.5143577E-0003  -0.8998912E-0003   0.1390377E-0002   0.2916544E-0002   0.1246665E-0002
    10.62400   0.1928232E-0001   0.4346501E-0003  -0.8886130E-0003   0.1409770E-0002   0.2926956E-0002   0.1301500E-0002
    10.63200   0.1928512E-0001   0.3509433E-0003  -0.8771766E-0003   0.1429560E-0002   0.2937789E-0002   0.1354122E-0002
    10.64000   0.1928724E-0001   0.2642956E-0003  -0.8655796E-0003   0.1449613E-0002   0.2949023E-0002   0.1404293E-0002
    10.64800   0.1928865E-0001   0.1758081E-0003  -0.8538215E-0003   0.1469772E-0002   0.2960637E-0002   0.1451769E-0002
    10.65600   0.1928934E-0001   0.8659900E-0004  -0.8419026E-0003   0.1489861E-0002   0.2972608E-0002   0.1496306E-0002
    10.66400   0.1928932E-0001  -0.2222002E-0005  -0.8298251E-0003   0.1509681E-0002   0.2984909E-0002   0.1537665E-0002
    10.67200   0.1928860E-0001  -0.8957732E-0004  -0.8175930E-0003   0.1529015E-0002   0.2997514E-0002   0.1575616E-0002
    10.68000   0.1928721E-0001  -0.1744436E-0003  -0.8052119E-0003   0.1547633E-0002   0.3010394E-0002   0.1609943E-0002
    10.68800   0.1928516E-0001  -0.2558712E-0003  -0.7926896E-0003   0.1565291E-0002   0.3023517E-0002   0.1640451E-0002
    10.69600   0.1928250E-0001  -0.3330007E-0003  -0.7800357E-0003   0.1581741E-0002   0.3036853E-0002   0.1666967E-0002
    10.70400   0.1927926E-0001  -0.4050765E-0003  -0.7672618E-0003   0.1596734E-0002   0.3050368E-0002   0.1689352E-0002
    10.71200   0.1927548E-0001  -0.4714563E-0003  -0.7543816E-0003   0.1610029E-0002   0.3064028E-0002   0.1707497E-0002
    10.72000   0.1927123E-0001  -0.5316179E-0003  -0.7414104E-0003   0.1621400E-0002   0.3077798E-0002   0.1721336E-0002
    10.72800   0.1926655E-0001  -0.5851611E-0003  -0.7283653E-0003   0.1630638E-0002   0.3091645E-0002   0.1730842E-0002
    10.73600   0.1926150E-0001  -0.6318081E-0003  -0.7152648E-0003   0.1637562E-0002   0.3105533E-0002   0.1736037E-0002
    10.74400   0.1925613E-0001  -0.6713987E-0003  -0.7021286E-0003   0.1642020E-0002   0.3119429E-0002   0.1736987E-0002
    10.75200   0.1925049E-0001  -0.7038841E-0003  -0.6889774E-0003   0.1643898E-0002   0.3133300E-0002   0.1733812E-0002
    10.76000   0.1924466E-0001  -0.7293180E-0003  -0.6758325E-0003   0.1643117E-0002   0.3147113E-0002   0.1726679E-0002
    10.76800   0.1923868E-0001  -0.7478453E-0003  -0.6627154E-0003   0.1639637E-0002   0.3160840E-0002   0.1715805E-0002
    10.77600   0.1923260E-0001  -0.7596899E-0003  -0.6496477E-0003   0.1633458E-0002   0.3174451E-0002   0.1701456E-0002
    10.78400   0.1922648E-0001  -0.7651415E-0003  -0.6366508E-0003   0.1624616E-0002   0.3187923E-0002   0.1683944E-0002
    10.79200   0.1922036E-0001  -0.7645423E-0003  -0.6237453E-0003   0.1613183E-0002   0.3201232E-0002   0.1663622E-0002
    10.80000   0.1921430E-0001  -0.7582732E-0003  -0.6109512E-0003   0.1599264E-0002   0.3214359E-0002   0.1640883E-0002
    10.80800   0.1920832E-0001  -0.7467414E-0003  -0.5982873E-0003   0.1582989E-0002   0.3227288E-0002   0.1616150E-0002
    10.81600   0.1920248E-0001  -0.7303688E-0003  -0.5857712E-0003   0.1564514E-0002   0.3240007E-0002   0.1589877E-0002
    10.82400   0.1919680E-0001  -0.7095814E-0003  -0.5734191E-0003   0.1544012E-0002   0.3252507E-0002   0.1562533E-0002
    10.83200   0.1919132E-0001  -0.6848012E-0003  -0.5612457E-0003   0.1521671E-0002   0.3264784E-0002   0.1534604E-0002
    10.84000   0.1918607E-0001  -0.6564389E-0003  -0.5492642E-0003   0.1497689E-0002   0.3276837E-0002   0.1506579E-0002
    10.84800   0.1918107E-0001  -0.6248894E-0003  -0.5374861E-0003   0.1472266E-0002   0.3288668E-0002   0.1478946E-0002
    10.85600   0.1917635E-0001  -0.5905285E-0003  -0.5259212E-0003   0.1445607E-0002   0.3300286E-0002   0.1452182E-0002
    10.86400   0.1917192E-0001  -0.5537120E-0003  -0.5145779E-0003   0.1417914E-0002   0.3311700E-0002   0.1426746E-0002
    10.87200   0.1916780E-0001  -0.5147762E-0003  -0.5034629E-0003   0.1389383E-0002   0.3322924E-0002   0.1403074E-0002
    10.88000   0.1916401E-0001  -0.4740400E-0003  -0.4925813E-0003   0.1360202E-0002   0.3333977E-0002   0.1381567E-0002
    10.88800   0.1916055E-0001  -0.4318078E-0003  -0.4819369E-0003   0.1330550E-0002   0.3344878E-0002   0.1362589E-0002
    10.89600   0.1915745E-0001  -0.3883741E-0003  -0.4715321E-0003   0.1300594E-0002   0.3355649E-0002   0.1346462E-0002
    10.90400   0.1915469E-0001  -0.3440278E-0003  -0.4613682E-0003   0.1270487E-0002   0.3366317E-0002   0.1333455E-0002
    10.91200   0.1915230E-0001  -0.2990575E-0003  -0.4514453E-0003   0.1240366E-0002   0.3376907E-0002   0.1323790E-0002
    10.92000   0.1915027E-0001  -0.2537561E-0003  -0.4417625E-0003   0.1210352E-0002   0.3387448E-0002   0.1317631E-0002
    10.92800   0.1914860E-0001  -0.2084253E-0003  -0.4323181E-0003   0.1180547E-0002   0.3397969E-0002   0.1315085E-0002
    10.93600   0.1914730E-0001  -0.1633792E-0003  -0.4231098E-0003   0.1151036E-0002   0.3408499E-0002   0.1316202E-0002
    10.94400   0.1914635E-0001  -0.1189469E-0003  -0.4141347E-0003   0.1121882E-0002   0.3419067E-0002   0.1320977E-0002
    10.95200   0.1914574E-0001  -0.7547385E-0004  -0.4053897E-0003   0.1093131E-0002   0.3429701E-0002   0.1329348E-0002
    10.96000   0.1914548E-0001  -0.3332170E-0004  -0.3968712E-0003   0.1064807E-0002   0.3440431E-0002   0.1341198E-0002
    10.96800   0.1914553E-0001   0.7133352E-0005  -0.3885759E-0003   0.1036916E-0002   0.3451282E-0002   0.1356365E-0002
    10.97600   0.1914590E-0001   0.4550398E-0004  -0.3805003E-0003   0.1009447E-0002   0.3462279E-0002   0.1374636E-0002
    10.98400   0.1914655E-0001   0.8139678E-0004  -0.3726414E-0003   0.9823725E-0003   0.3473445E-0002   0.1395763E-0002
    10.99200   0.1914746E-0001   0.1144189E-0003  -0.3649961E-0003   0.9556513E-0003   0.3484801E-0002   0.1419460E-0002
    11.00000   0.1914862E-0001   0.1441861E-0003  -0.3575623E-0003   0.9292317E-0003   0.3496364E-0002   0.1445412E-0002
    11.00800   0.1914998E-0001   0.1703324E-0003  -0.3503379E-0003   0.9030546E-0003   0.3508150E-0002   0.1473283E-0002
    11.01600   0.1915152E-0001   0.1925203E-0003  -0.3433214E-0003   0.8770566E-0003   0.3520172E-0002   0.1502721E-0002
    11.02400   0.1915320E-0001   0.2104522E-0003  -0.3365120E-0003   0.8511735E-0003   0.3532439E-0002   0.1533365E-0002
    11.03200   0.1915499E-0001   0.2238817E-0003  -0.3299093E-0003   0.8253441E-0003   0.3544958E-0002   0.1564853E-0002
    11.04000   0.1915686E-0001   0.2326254E-0003  -0.3235132E-0003   0.7995127E-0003   0.3557732E-0002   0.1596826E-0002
    11.04800   0.1915875E-0001   0.2365739E-0003  -0.3173241E-0003   0.7736321E-0003   0.3570764E-0002   0.1628940E-0002
    11.05600   0.1916063E-0001   0.2357020E-0003  -0.3113428E-0003   0.7476657E-0003   0.3584051E-0002   0.1660863E-0002
    11.06400   0.1916247E-0001   0.2300773E-0003  -0.3055701E-0003   0.7215892E-0003   0.3597589E-0002   0.1692291E-0002
    11.07200   0.1916423E-0001   0.2198675E-0003  -0.3000069E-0003   0.6953910E-0003   0.3611373E-0002   0.1722944E-0002
    11.08000   0.1916588E-0001   0.2053452E-0003  -0.2946543E-0003   0.6690728E-0003   0.3625393E-0002   0.1752576E-0002
    11.08800   0.1916737E-0001   0.1868898E-0003  -0.2895132E-0003   0.6426487E-0003   0.3639641E-0002   0.1780975E-0002
    11.09600   0.1916869E-0001   0.1649872E-0003  -0.2845840E-0003   0.6161449E-0003   0.3654105E-0002   0.1807968E-0002
    11.10400   0.1916981E-0001   0.1402262E-0003  -0.2798672E-0003   0.5895977E-0003   0.3668772E-0002   0.1833423E-0002
    11.11200   0.1917072E-0001   0.1132909E-0003  -0.2753628E-0003   0.5630522E-0003   0.3683630E-0002   0.1857245E-0002
    11.12000   0.1917140E-0001   0.8495147E-0004  -0.2710703E-0003   0.5365606E-0003   0.3698665E-0002   0.1879386E-0002
    11.12800   0.1917185E-0001   0.5604983E-0004  -0.2669889E-0003   0.5101805E-0003   0.3713864E-0002   0.1899834E-0002
    11.13600   0.1917207E-0001   0.2748395E-0004  -0.2631171E-0003   0.4839736E-0003   0.3729213E-0002   0.1918617E-0002
    11.14400   0.1917207E-0001   0.1885149E-0006  -0.2594531E-0003   0.4580038E-0003   0.3744699E-0002   0.1935803E-0002
    11.15200   0.1917187E-0001  -0.2488633E-0004  -0.2559944E-0003   0.4323370E-0003   0.3760311E-0002   0.1951491E-0002
    11.16000   0.1917150E-0001  -0.4679808E-0004  -0.2527380E-0003   0.4070396E-0003   0.3776038E-0002   0.1965813E-0002
    11.16800   0.1917098E-0001  -0.6463622E-0004  -0.2496806E-0003   0.3821786E-0003   0.3791869E-0002   0.1978928E-0002
    11.17600   0.1917036E-0001  -0.7754700E-0004  -0.2468180E-0003   0.3578209E-0003   0.3807797E-0002   0.1991018E-0002
    11.18400   0.1916968E-0001  -0.8475820E-0004  -0.2441458E-0003   0.3340330E-0003   0.3823816E-0002   0.2002283E-0002
    11.19200   0.1916899E-0001  -0.8560292E-0004  -0.2416587E-0003   0.3108808E-0003   0.3839919E-0002   0.2012937E-0002
    11.20000   0.1916836E-0001  -0.7954184E-0004  -0.2393513E-0003   0.2884289E-0003   0.3856105E-0002   0.2023204E-0002
    11.20800   0.1916783E-0001  -0.6618317E-0004  -0.2372174E-0003   0.2667400E-0003   0.3872371E-0002   0.2033311E-0002
    11.21600   0.1916747E-0001  -0.4529969E-0004  -0.2352504E-0003   0.2458741E-0003   0.3888719E-0002   0.2043483E-0002
    11.22400   0.1916733E-0001  -0.1684225E-0004  -0.2334433E-0003   0.2258867E-0003   0.3905151E-0002   0.2053940E-0002
    11.23200   0.1916748E-0001   0.1905065E-0004  -0.2317887E-0003   0.2068277E-0003   0.3921670E-0002   0.2064892E-0002
    11.24000   0.1916798E-0001   0.6204776E-0004  -0.2302788E-0003   0.1887394E-0003   0.3938282E-0002   0.2076533E-0002
    11.24800   0.1916887E-0001   0.1116245E-0003  -0.2289055E-0003   0.1716547E-0003   0.3954994E-0002   0.2089039E-0002
    11.25600   0.1917021E-0001   0.1670672E-0003  -0.2276608E-0003   0.1555954E-0003   0.3971815E-0002   0.2102560E-0002
    11.26400   0.1917203E-0001   0.2274822E-0003  -0.2265362E-0003   0.1405707E-0003   0.3988753E-0002   0.2117224E-0002
    11.27200   0.1917436E-0001   0.2918095E-0003  -0.2255236E-0003   0.1265761E-0003   0.4005818E-0002   0.2133128E-0002
    11.28000   0.1917724E-0001   0.3588408E-0003  -0.2246148E-0003   0.1135925E-0003   0.4023020E-0002   0.2150337E-0002
    11.28800   0.1918065E-0001   0.4272417E-0003  -0.2238021E-0003   0.1015864E-0003   0.4040371E-0002   0.2168883E-0002
    11.29600   0.1918462E-0001   0.4955773E-0003  -0.2230781E-0003   0.9051070E-0004   0.4057881E-0002   0.2188765E-0002
    11.30400   0.1918912E-0001   0.5623409E-0003  -0.2224356E-0003   0.8030612E-0004   0.4075561E-0002   0.2209945E-0002
    11.31200   0.1919412E-0001   0.6259851E-0003  -0.2218684E-0003   0.7090314E-0004   0.4093420E-0002   0.2232353E-0002
    11.32000   0.1919960E-0001   0.6849542E-0003  -0.2213706E-0003   0.6222484E-0004   0.4111467E-0002   0.2255881E-0002
    11.32800   0.1920551E-0001   0.7377179E-0003  -0.2209371E-0003   0.5418991E-0004   0.4129710E-0002   0.2280391E-0002
    11.33600   0.1921177E-0001   0.7828049E-0003  -0.2205633E-0003   0.4671602E-0004   0.4148156E-0002   0.2305713E-0002
    11.34400   0.1921832E-0001   0.8188356E-0003  -0.2202456E-0003   0.3972313E-0004   0.4166809E-0002   0.2331650E-0002
    11.35200   0.1922508E-0001   0.8445537E-0003  -0.2199805E-0003   0.3313657E-0004   0.4185673E-0002   0.2357979E-0002
    11.36000   0.1923195E-0001   0.8588553E-0003  -0.2197653E-0003   0.2688977E-0004   0.4204748E-0002   0.2384455E-0002
    11.36800   0.1923883E-0001   0.8608153E-0003  -0.2195979E-0003   0.2092635E-0004   0.4224035E-0002   0.2410818E-0002
    11.37600   0.1924563E-0001   0.8497100E-0003  -0.2194763E-0003   0.1520150E-0004   0.4243529E-0002   0.2436794E-0002
    11.38400   0.1925223E-0001   0.8250359E-0003  -0.2193989E-0003   0.9682574E-0005   0.4263226E-0002   0.2462103E-0002
    11.39200   0.1925852E-0001   0.7865235E-0003  -0.2193641E-0003   0.4348922E-0005   0.4283118E-0002   0.2486461E-0002
    11.40000   0.1926440E-0001   0.7341463E-0003  -0.2193705E-0003  -0.8090550E-0006   0.4303195E-0002   0.2509590E-0002
    11.40800   0.1926974E-0001   0.6681247E-0003  -0.2194169E-0003  -0.5791416E-0005   0.4323444E-0002   0.2531218E-0002
    11.41600   0.1927445E-0001   0.5889241E-0003  -0.2195016E-0003  -0.1059065E-0004   0.4343853E-0002   0.2551089E-0002
    11.42400   0.1927843E-0001   0.4972478E-0003  -0.2196232E-0003  -0.1519387E-0004   0.4364405E-0002   0.2568966E-0002
    11.43200   0.1928158E-0001   0.3940244E-0003  -0.2197798E-0003  -0.1958511E-0004   0.4385082E-0002   0.2584637E-0002
    11.44000   0.1928383E-0001   0.2803902E-0003  -0.2199698E-0003  -0.2374734E-0004   0.4405865E-0002   0.2597918E-0002
    11.44800   0.1928509E-0001   0.1576661E-0003  -0.2201911E-0003  -0.2766432E-0004   0.4426734E-0002   0.2608659E-0002
    11.45600   0.1928531E-0001   0.2733150E-0004  -0.2204417E-0003  -0.3132183E-0004   0.4447668E-0002   0.2616748E-0002
    11.46400   0.1928443E-0001  -0.1090072E-0003  -0.2207194E-0003  -0.3470851E-0004   0.4468645E-0002   0.2622110E-0002
    11.47200   0.1928244E-0001  -0.2496501E-0003  -0.2210219E-0003  -0.3781608E-0004   0.4489643E-0002   0.2624716E-0002
    11.48000   0.1927929E-0001  -0.3928397E-0003  -0.2213470E-0003  -0.4063915E-0004   0.4510640E-0002   0.2624579E-0002
    11.48800   0.1927500E-0001  -0.5367991E-0003  -0.2216924E-0003  -0.4317462E-0004   0.4531614E-0002   0.2621757E-0002
    11.49600   0.1926956E-0001  -0.6797694E-0003  -0.2220558E-0003  -0.4542086E-0004   0.4552545E-0002   0.2616353E-0002
    11.50400   0.1926300E-0001  -0.8200481E-0003  -0.2224348E-0003  -0.4737691E-0004   0.4573413E-0002   0.2608514E-0002
    11.51200   0.1925535E-0001  -0.9560255E-0003  -0.2228271E-0003  -0.4904173E-0004   0.4594200E-0002   0.2598431E-0002
    11.52000   0.1924666E-0001  -0.1086219E-0002  -0.2232304E-0003  -0.5041383E-0004   0.4614891E-0002   0.2586336E-0002
    11.52800   0.1923699E-0001  -0.1209303E-0002  -0.2236424E-0003  -0.5149130E-0004   0.4635471E-0002   0.2572496E-0002
    11.53600   0.1922640E-0001  -0.1324138E-0002  -0.2240605E-0003  -0.5227239E-0004   0.4655929E-0002   0.2557215E-0002
    11.54400   0.1921496E-0001  -0.1429794E-0002  -0.2244826E-0003  -0.5275653E-0004   0.4676255E-0002   0.2540827E-0002
    11.55200   0.1920275E-0001  -0.1525564E-0002  -0.2249062E-0003  -0.5294595E-0004   0.4696445E-0002   0.2523691E-0002
    11.56000   0.1918986E-0001  -0.1610979E-0002  -0.2253289E-0003  -0.5284754E-0004   0.4716494E-0002   0.2506185E-0002
    11.56800   0.1917638E-0001  -0.1685814E-0002  -0.2257487E-0003  -0.5247496E-0004   0.4736404E-0002   0.2488706E-0002
    11.57600   0.1916238E-0001  -0.1750088E-0002  -0.2261636E-0003  -0.5185073E-0004   0.4756177E-0002   0.2471658E-0002
    11.58400   0.1914794E-0001  -0.1804056E-0002  -0.2265716E-0003  -0.5100792E-0004   0.4775821E-0002   0.2455448E-0002
    11.59200   0.1913316E-0001  -0.1848198E-0002  -0.2269715E-0003  -0.4999152E-0004   0.4795345E-0002   0.2440484E-0002
    11.60000   0.1911809E-0001  -0.1883202E-0002  -0.2273624E-0003  -0.4885893E-0004   0.4814762E-0002   0.2427164E-0002
    11.60800   0.1910281E-0001  -0.1909944E-0002  -0.2277439E-0003  -0.4767969E-0004   0.4834089E-0002   0.2415874E-0002
    11.61600   0.1908738E-0001  -0.1929457E-0002  -0.2281161E-0003  -0.4653416E-0004   0.4853345E-0002   0.2406980E-0002
    11.62400   0.1907184E-0001  -0.1942903E-0002  -0.2284802E-0003  -0.4551134E-0004   0.4872551E-0002   0.2400827E-0002
    11.63200   0.1905622E-0001  -0.1951541E-0002  -0.2288379E-0003  -0.4470570E-0004   0.4891733E-0002   0.2397730E-0002
    11.64000   0.1904057E-0001  -0.1956691E-0002  -0.2291916E-0003  -0.4421340E-0004   0.4910917E-0002   0.2397973E-0002
    11.64800   0.1902489E-0001  -0.1959699E-0002  -0.2295446E-0003  -0.4412794E-0004   0.4930131E-0002   0.2401803E-0002
    11.65600   0.1900920E-0001  -0.1961898E-0002  -0.2299009E-0003  -0.4453570E-0004   0.4949407E-0002   0.2409429E-0002
    11.66400   0.1899348E-0001  -0.1964581E-0002  -0.2302650E-0003  -0.4551164E-0004   0.4968775E-0002   0.2421020E-0002
    11.67200   0.1897773E-0001  -0.1968958E-0002  -0.2306419E-0003  -0.4711545E-0004   0.4988269E-0002   0.2436700E-0002
    11.68000   0.1896192E-0001  -0.1976132E-0002  -0.2310370E-0003  -0.4938850E-0004   0.5007921E-0002   0.2456552E-0002
    11.68800   0.1894602E-0001  -0.1987073E-0002  -0.2314558E-0003  -0.5235193E-0004   0.5027766E-0002   0.2480612E-0002
    11.69600   0.1893000E-0001  -0.2002586E-0002  -0.2319039E-0003  -0.5600582E-0004   0.5047837E-0002   0.2508874E-0002
    11.70400   0.1891382E-0001  -0.2023303E-0002  -0.2323865E-0003  -0.6032982E-0004   0.5068167E-0002   0.2541285E-0002
    11.71200   0.1889742E-0001  -0.2049663E-0002  -0.2329088E-0003  -0.6528497E-0004   0.5088789E-0002   0.2577755E-0002
    11.72000   0.1888076E-0001  -0.2081901E-0002  -0.2334753E-0003  -0.7081669E-0004   0.5109734E-0002   0.2618148E-0002
    11.72800   0.1886380E-0001  -0.2120052E-0002  -0.2340902E-0003  -0.7685869E-0004   0.5131033E-0002   0.2662295E-0002
    11.73600   0.1884649E-0001  -0.2163945E-0002  -0.2347569E-0003  -0.8333751E-0004   0.5152713E-0002   0.2709989E-0002
    11.74400   0.1882879E-0001  -0.2213214E-0002  -0.2354783E-0003  -0.9017730E-0004   0.5174801E-0002   0.2760990E-0002
    11.75200   0.1881065E-0001  -0.2267307E-0002  -0.2362567E-0003  -0.9730440E-0004   0.5197321E-0002   0.2815032E-0002
    11.76000   0.1879204E-0001  -0.2325506E-0002  -0.2370940E-0003  -0.1046515E-0003   0.5220295E-0002   0.2871822E-0002
    11.76800   0.1877295E-0001  -0.2386944E-0002  -0.2379912E-0003  -0.1121609E-0003   0.5243744E-0002   0.2931048E-0002
    11.77600   0.1875334E-0001  -0.2450627E-0002  -0.2389495E-0003  -0.1197866E-0003   0.5267683E-0002   0.2992379E-0002
    11.78400   0.1873322E-0001  -0.2515467E-0002  -0.2399695E-0003  -0.1274952E-0003   0.5292127E-0002   0.3055474E-0002
    11.79200   0.1871258E-0001  -0.2580305E-0002  -0.2410516E-0003  -0.1352658E-0003   0.5317086E-0002   0.3119982E-0002
    11.80000   0.1869142E-0001  -0.2643943E-0002  -0.2421963E-0003  -0.1430877E-0003   0.5342571E-0002   0.3185550E-0002
    11.80800   0.1866978E-0001  -0.2705176E-0002  -0.2434040E-0003  -0.1509583E-0003   0.5368585E-0002   0.3251825E-0002
    11.81600   0.1864768E-0001  -0.2762821E-0002  -0.2446750E-0003  -0.1588795E-0003   0.5395133E-0002   0.3318460E-0002
    11.82400   0.1862515E-0001  -0.2815751E-0002  -0.2460099E-0003  -0.1668536E-0003   0.5422214E-0002   0.3385117E-0002
    11.83200   0.1860225E-0001  -0.2862917E-0002  -0.2474089E-0003  -0.1748796E-0003   0.5449826E-0002   0.3451471E-0002
    11.84000   0.1857902E-0001  -0.2903381E-0002  -0.2488725E-0003  -0.1829498E-0003   0.5477964E-0002   0.3517214E-0002
    11.84800   0.1855553E-0001  -0.2936335E-0002  -0.2504009E-0003  -0.1910471E-0003   0.5506620E-0002   0.3582057E-0002
    11.85600   0.1853184E-0001  -0.2961120E-0002  -0.2519940E-0003  -0.1991432E-0003   0.5535786E-0002   0.3645735E-0002
    11.86400   0.1850803E-0001  -0.2977246E-0002  -0.2536516E-0003  -0.2071987E-0003   0.5565450E-0002   0.3708007E-0002
    11.87200   0.1848415E-0001  -0.2984400E-0002  -0.2553729E-0003  -0.2151639E-0003   0.5595599E-0002   0.3768659E-0002
    11.88000   0.1846029E-0001  -0.2982454E-0002  -0.2571568E-0003  -0.2229812E-0003   0.5626219E-0002   0.3827505E-0002
    11.88800   0.1843652E-0001  -0.2971467E-0002  -0.2590015E-0003  -0.2305890E-0003   0.5657294E-0002   0.3884386E-0002
    11.89600   0.1841291E-0001  -0.2951683E-0002  -0.2609049E-0003  -0.2379262E-0003   0.5688808E-0002   0.3939171E-0002
    11.90400   0.1838952E-0001  -0.2923522E-0002  -0.2628644E-0003  -0.2449368E-0003   0.5720742E-0002   0.3991757E-0002
    11.91200   0.1836642E-0001  -0.2887570E-0002  -0.2648770E-0003  -0.2515757E-0003   0.5753078E-0002   0.4042064E-0002
    11.92000   0.1834366E-0001  -0.2844564E-0002  -0.2669395E-0003  -0.2578125E-0003   0.5785799E-0002   0.4090038E-0002
    11.92800   0.1832130E-0001  -0.2795373E-0002  -0.2690486E-0003  -0.2636361E-0003   0.5818884E-0002   0.4135641E-0002
    11.93600   0.1829937E-0001  -0.2740975E-0002  -0.2712010E-0003  -0.2690562E-0003   0.5852315E-0002   0.4178855E-0002
    11.94400   0.1827791E-0001  -0.2682432E-0002  -0.2733939E-0003  -0.2741049E-0003   0.5886072E-0002   0.4219673E-0002
    11.95200   0.1825694E-0001  -0.2620867E-0002  -0.2756245E-0003  -0.2788353E-0003   0.5920137E-0002   0.4258097E-0002
    11.96000   0.1823648E-0001  -0.2557436E-0002  -0.2778911E-0003  -0.2833183E-0003   0.5954490E-0002   0.4294132E-0002
    11.96800   0.1821654E-0001  -0.2493298E-0002  -0.2801922E-0003  -0.2876383E-0003   0.5989112E-0002   0.4327784E-0002
    11.97600   0.1819710E-0001  -0.2429595E-0002  -0.2825273E-0003  -0.2918866E-0003   0.6023984E-0002   0.4359054E-0002
    11.98400   0.1817816E-0001  -0.2367420E-0002  -0.2848965E-0003  -0.2961539E-0003   0.6059088E-0002   0.4387935E-0002
    11.99200   0.1815970E-0001  -0.2307796E-0002  -0.2873007E-0003  -0.3005225E-0003   0.6094403E-0002   0.4414404E-0002
    12.00000   0.1814169E-0001  -0.2251659E-0002  -0.2897412E-0003  -0.3050578E-0003   0.6129911E-0002   0.4438425E-0002
    12.00800   0.1812409E-0001  -0.2199832E-0002  -0.2922196E-0003  -0.3098008E-0003   0.6165590E-0002   0.4459943E-0002
    12.01600   0.1810686E-0001  -0.2153017E-0002  -0.2947377E-0003  -0.3147614E-0003   0.6201421E-0002   0.4478882E-0002
    12.02400   0.1808997E-0001  -0.2111780E-0002  -0.2972970E-0003  -0.3199136E-0003   0.6237382E-0002   0.4495143E-0002
    12.03200   0.1807336E-0001  -0.2076546E-0002  -0.2998985E-0003  -0.3251927E-0003   0.6273451E-0002   0.4508607E-0002
    12.04000   0.1805698E-0001  -0.2047593E-0002  -0.3025425E-0003  -0.3304945E-0003   0.6309604E-0002   0.4519133E-0002
    12.04800   0.1804078E-0001  -0.2025052E-0002  -0.3052279E-0003  -0.3356778E-0003   0.6345817E-0002   0.4526562E-0002
    12.05600   0.1802470E-0001  -0.2008915E-0002  -0.3079524E-0003  -0.3405691E-0003   0.6382062E-0002   0.4530718E-0002
    12.06400   0.1800871E-0001  -0.1999038E-0002  -0.3107122E-0003  -0.3449688E-0003   0.6418314E-0002   0.4531413E-0002
    12.07200   0.1799275E-0001  -0.1995152E-0002  -0.3135015E-0003  -0.3486609E-0003   0.6454541E-0002   0.4528450E-0002
    12.08000   0.1797678E-0001  -0.1996878E-0002  -0.3163129E-0003  -0.3514229E-0003   0.6490714E-0002   0.4521631E-0002
    12.08800   0.1796075E-0001  -0.2003745E-0002  -0.3191372E-0003  -0.3530368E-0003   0.6526801E-0002   0.4510760E-0002
    12.09600   0.1794462E-0001  -0.2015199E-0002  -0.3219636E-0003  -0.3533012E-0003   0.6562766E-0002   0.4495651E-0002
    12.10400   0.1792838E-0001  -0.2030632E-0002  -0.3247799E-0003  -0.3520418E-0003   0.6598575E-0002   0.4476135E-0002
    12.11200   0.1791198E-0001  -0.2049394E-0002  -0.3275729E-0003  -0.3491212E-0003   0.6634191E-0002   0.4452064E-0002
    12.12000   0.1789542E-0001  -0.2070816E-0002  -0.3303285E-0003  -0.3444476E-0003   0.6669578E-0002   0.4423322E-0002
    12.12800   0.1787866E-0001  -0.2094228E-0002  -0.3330323E-0003  -0.3379805E-0003   0.6704696E-0002   0.4389825E-0002
    12.13600   0.1786171E-0001  -0.2118980E-0002  -0.3356702E-0003  -0.3297346E-0003   0.6739509E-0002   0.4351531E-0002
    12.14400   0.1784456E-0001  -0.2144455E-0002  -0.3382284E-0003  -0.3197802E-0003   0.6773976E-0002   0.4308444E-0002
    12.15200   0.1782720E-0001  -0.2170087E-0002  -0.3406944E-0003  -0.3082423E-0003   0.6808061E-0002   0.4260614E-0002
    12.16000   0.1780963E-0001  -0.2195373E-0002  -0.3430567E-0003  -0.2952952E-0003   0.6841726E-0002   0.4208144E-0002
    12.16800   0.1779187E-0001  -0.2219885E-0002  -0.3453060E-0003  -0.2811566E-0003   0.6874936E-0002   0.4151188E-0002
    12.17600   0.1777393E-0001  -0.2243274E-0002  -0.3474346E-0003  -0.2660788E-0003   0.6907655E-0002   0.4089950E-0002
    12.18400   0.1775581E-0001  -0.2265280E-0002  -0.3494373E-0003  -0.2503382E-0003   0.6939853E-0002   0.4024684E-0002
    12.19200   0.1773752E-0001  -0.2285727E-0002  -0.3513111E-0003  -0.2342251E-0003   0.6971498E-0002   0.3955692E-0002
    12.20000   0.1771908E-0001  -0.2304530E-0002  -0.3530554E-0003  -0.2180321E-0003   0.7002565E-0002   0.3883313E-0002
    12.20800   0.1770051E-0001  -0.2321684E-0002  -0.3546717E-0003  -0.2020430E-0003   0.7033028E-0002   0.3807923E-0002
    12.21600   0.1768181E-0001  -0.2337261E-0002  -0.3561639E-0003  -0.1865228E-0003   0.7062868E-0002   0.3729926E-0002
    12.22400   0.1766300E-0001  -0.2351396E-0002  -0.3575376E-0003  -0.1717089E-0003   0.7092066E-0002   0.3649743E-0002
    12.23200   0.1764409E-0001  -0.2364284E-0002  -0.3588000E-0003  -0.1578034E-0003   0.7120608E-0002   0.3567804E-0002
    12.24000   0.1762508E-0001  -0.2376156E-0002  -0.3599597E-0003  -0.1449680E-0003   0.7148484E-0002   0.3484540E-0002
    12.24800   0.1760598E-0001  -0.2387273E-0002  -0.3610263E-0003  -0.1333208E-0003   0.7175687E-0002   0.3400370E-0002
    12.25600   0.1758680E-0001  -0.2397905E-0002  -0.3620098E-0003  -0.1229345E-0003   0.7202213E-0002   0.3315691E-0002
    12.26400   0.1756753E-0001  -0.2408318E-0002  -0.3629205E-0003  -0.1138378E-0003   0.7228060E-0002   0.3230872E-0002
    12.27200   0.1754818E-0001  -0.2418757E-0002  -0.3637686E-0003  -0.1060178E-0003   0.7253230E-0002   0.3146238E-0002
    12.28000   0.1752874E-0001  -0.2429430E-0002  -0.3645640E-0003  -0.9942454E-0004   0.7277726E-0002   0.3062070E-0002
    12.28800   0.1750922E-0001  -0.2440497E-0002  -0.3653158E-0003  -0.9397652E-0004   0.7301555E-0002   0.2978589E-0002
    12.29600   0.1748960E-0001  -0.2452052E-0002  -0.3660324E-0003  -0.8956756E-0004   0.7324723E-0002   0.2895958E-0002
    12.30400   0.1746989E-0001  -0.2464121E-0002  -0.3667210E-0003  -0.8607414E-0004   0.7347237E-0002   0.2814274E-0002
    12.31200   0.1745008E-0001  -0.2476645E-0002  -0.3673879E-0003  -0.8336294E-0004   0.7369106E-0002   0.2733568E-0002
    12.32000   0.1743016E-0001  -0.2489481E-0002  -0.3680383E-0003  -0.8129838E-0004   0.7390336E-0002   0.2653801E-0002
    12.32800   0.1741014E-0001  -0.2502397E-0002  -0.3686763E-0003  -0.7974958E-0004   0.7410935E-0002   0.2574872E-0002
    12.33600   0.1739002E-0001  -0.2515075E-0002  -0.3693050E-0003  -0.7859662E-0004   0.7430908E-0002   0.2496617E-0002
    12.34400   0.1736980E-0001  -0.2527111E-0002  -0.3699269E-0003  -0.7773573E-0004   0.7450258E-0002   0.2418816E-0002
    12.35200   0.1734950E-0001  -0.2538024E-0002  -0.3705436E-0003  -0.7708323E-0004   0.7468988E-0002   0.2341202E-0002
    12.36000   0.1732912E-0001  -0.2547268E-0002  -0.3711562E-0003  -0.7657821E-0004   0.7487096E-0002   0.2263468E-0002
    12.36800   0.1730869E-0001  -0.2554239E-0002  -0.3717657E-0003  -0.7618363E-0004   0.7504578E-0002   0.2185277E-0002
    12.37600   0.1728822E-0001  -0.2558294E-0002  -0.3723728E-0003  -0.7588615E-0004   0.7521428E-0002   0.2106277E-0002
    12.38400   0.1726775E-0001  -0.2558766E-0002  -0.3729783E-0003  -0.7569452E-0004   0.7537637E-0002   0.2026110E-0002
    12.39200   0.1724731E-0001  -0.2554982E-0002  -0.3735834E-0003  -0.7563675E-0004   0.7553192E-0002   0.1944423E-0002
    12.40000   0.1722694E-0001  -0.2546282E-0002  -0.3741895E-0003  -0.7575629E-0004   0.7568079E-0002   0.1860884E-0002
    12.40800   0.1720669E-0001  -0.2532039E-0002  -0.3747983E-0003  -0.7610744E-0004   0.7582281E-0002   0.1775192E-0002
    12.41600   0.1718659E-0001  -0.2511677E-0002  -0.3754123E-0003  -0.7675021E-0004   0.7595778E-0002   0.1687090E-0002
    12.42400   0.1716671E-0001  -0.2484693E-0002  -0.3760343E-0003  -0.7774498E-0004   0.7608549E-0002   0.1596372E-0002
    12.43200   0.1714711E-0001  -0.2450671E-0002  -0.3766675E-0003  -0.7914731E-0004   0.7620572E-0002   0.1502894E-0002
    12.44000   0.1712783E-0001  -0.2409298E-0002  -0.3773155E-0003  -0.8100320E-0004   0.7631825E-0002   0.1406583E-0002
    12.44800   0.1710895E-0001  -0.2360380E-0002  -0.3779822E-0003  -0.8334493E-0004   0.7642284E-0002   0.1307437E-0002
    12.45600   0.1709052E-0001  -0.2303853E-0002  -0.3786718E-0003  -0.8618805E-0004   0.7651928E-0002   0.1205534E-0002
    12.46400   0.1707260E-0001  -0.2239787E-0002  -0.3793880E-0003  -0.8952939E-0004   0.7660737E-0002   0.1101028E-0002
    12.47200   0.1705526E-0001  -0.2168395E-0002  -0.3801348E-0003  -0.9334642E-0004   0.7668690E-0002   0.9941530E-0003
    12.48000   0.1703853E-0001  -0.2090034E-0002  -0.3809155E-0003  -0.9759796E-0004   0.7675771E-0002   0.8852143E-0003
    12.48800   0.1702249E-0001  -0.2005199E-0002  -0.3817334E-0003  -0.1022262E-0003   0.7681968E-0002   0.7745874E-0003
    12.49600   0.1700718E-0001  -0.1914522E-0002  -0.3825906E-0003  -0.1071599E-0003   0.7687270E-0002   0.6627084E-0003
    12.50400   0.1699263E-0001  -0.1818759E-0002  -0.3834892E-0003  -0.1123186E-0003   0.7691670E-0002   0.5500651E-0003
    12.51200   0.1697888E-0001  -0.1718780E-0002  -0.3844301E-0003  -0.1176178E-0003   0.7695168E-0002   0.4371869E-0003
    12.52000   0.1696595E-0001  -0.1615552E-0002  -0.3854139E-0003  -0.1229740E-0003   0.7697765E-0002   0.3246322E-0003
    12.52800   0.1695387E-0001  -0.1510121E-0002  -0.3864404E-0003  -0.1283109E-0003   0.7699469E-0002   0.2129757E-0003
    12.53600   0.1694264E-0001  -0.1403589E-0002  -0.3875089E-0003  -0.1335638E-0003   0.7700291E-0002   0.1027952E-0003
    12.54400   0.1693227E-0001  -0.1297097E-0002  -0.3886184E-0003  -0.1386847E-0003   0.7700248E-0002  -0.5342107E-0005
    12.55200   0.1692273E-0001  -0.1191796E-0002  -0.3897676E-0003  -0.1436459E-0003   0.7699361E-0002  -0.1108930E-0003
    12.56000   0.1691402E-0001  -0.1088826E-0002  -0.3909551E-0003  -0.1484421E-0003   0.7697654E-0002  -0.2133513E-0003
    12.56800   0.1690611E-0001  -0.9892897E-0003  -0.3921798E-0003  -0.1530919E-0003   0.7695156E-0002  -0.3122594E-0003
    12.57600   0.1689895E-0001  -0.8942287E-0003  -0.3934409E-0003  -0.1576363E-0003   0.7691899E-0002  -0.4072192E-0003
    12.58400   0.1689252E-0001  -0.8046022E-0003  -0.3947380E-0003  -0.1621376E-0003   0.7687915E-0002  -0.4979014E-0003
    12.59200   0.1688675E-0001  -0.7212647E-0003  -0.3960714E-0003  -0.1666750E-0003   0.7683243E-0002  -0.5840523E-0003
    12.60000   0.1688159E-0001  -0.6449475E-0003  -0.3974421E-0003  -0.1713404E-0003   0.7677919E-0002  -0.6654997E-0003
    12.60800   0.1687698E-0001  -0.5762429E-0003  -0.3988520E-0003  -0.1762323E-0003   0.7671982E-0002  -0.7421560E-0003
    12.61600   0.1687285E-0001  -0.5155910E-0003  -0.4003036E-0003  -0.1814498E-0003   0.7665470E-0002  -0.8140192E-0003
    12.62400   0.1686915E-0001  -0.4632707E-0003  -0.4018003E-0003  -0.1870857E-0003   0.7658420E-0002  -0.8811715E-0003
    12.63200   0.1686579E-0001  -0.4193940E-0003  -0.4033461E-0003  -0.1932207E-0003   0.7650870E-0002  -0.9437762E-0003
    12.64000   0.1686272E-0001  -0.3839044E-0003  -0.4049454E-0003  -0.1999176E-0003   0.7642853E-0002  -0.1002072E-0002
    12.64800   0.1685987E-0001  -0.3565796E-0003  -0.4066031E-0003  -0.2072166E-0003   0.7634402E-0002  -0.1056366E-0002
    12.65600   0.1685717E-0001  -0.3370376E-0003  -0.4083242E-0003  -0.2151323E-0003   0.7625546E-0002  -0.1107024E-0002
    12.66400   0.1685457E-0001  -0.3247473E-0003  -0.4101134E-0003  -0.2236517E-0003   0.7616311E-0002  -0.1154459E-0002
    12.67200   0.1685202E-0001  -0.3190421E-0003  -0.4119753E-0003  -0.2327347E-0003   0.7606718E-0002  -0.1199123E-0002
    12.68000   0.1684947E-0001  -0.3191375E-0003  -0.4139138E-0003  -0.2423151E-0003   0.7596786E-0002  -0.1241489E-0002
    12.68800   0.1684687E-0001  -0.3241511E-0003  -0.4159322E-0003  -0.2523041E-0003   0.7586529E-0002  -0.1282044E-0002
    12.69600   0.1684421E-0001  -0.3331247E-0003  -0.4180330E-0003  -0.2625954E-0003   0.7575959E-0002  -0.1321270E-0002
    12.70400   0.1684145E-0001  -0.3450487E-0003  -0.4202176E-0003  -0.2730701E-0003   0.7565082E-0002  -0.1359636E-0002
    12.71200   0.1683858E-0001  -0.3588880E-0003  -0.4224864E-0003  -0.2836037E-0003   0.7553901E-0002  -0.1397580E-0002
    12.72000   0.1683559E-0001  -0.3736072E-0003  -0.4248390E-0003  -0.2940727E-0003   0.7542417E-0002  -0.1435503E-0002
    12.72800   0.1683248E-0001  -0.3881969E-0003  -0.4272739E-0003  -0.3043614E-0003   0.7530627E-0002  -0.1473756E-0002
    12.73600   0.1682927E-0001  -0.4016987E-0003  -0.4297888E-0003  -0.3143677E-0003   0.7518526E-0002  -0.1512633E-0002
    12.74400   0.1682596E-0001  -0.4132288E-0003  -0.4323809E-0003  -0.3240090E-0003   0.7506107E-0002  -0.1552359E-0002
    12.75200   0.1682259E-0001  -0.4219994E-0003  -0.4350467E-0003  -0.3332255E-0003   0.7493363E-0002  -0.1593092E-0002
    12.76000   0.1681917E-0001  -0.4273378E-0003  -0.4377825E-0003  -0.3419833E-0003   0.7480283E-0002  -0.1634914E-0002
    12.76800   0.1681574E-0001  -0.4287021E-0003  -0.4405847E-0003  -0.3502752E-0003   0.7466861E-0002  -0.1677831E-0002
    12.77600   0.1681233E-0001  -0.4256937E-0003  -0.4434497E-0003  -0.3581200E-0003   0.7453087E-0002  -0.1721777E-0002
    12.78400   0.1680899E-0001  -0.4180653E-0003  -0.4463742E-0003  -0.3655607E-0003   0.7438954E-0002  -0.1766615E-0002
    12.79200   0.1680574E-0001  -0.4057261E-0003  -0.4493555E-0003  -0.3726599E-0003   0.7424456E-0002  -0.1812140E-0002
    12.80000   0.1680263E-0001  -0.3887414E-0003  -0.4523914E-0003  -0.3794958E-0003   0.7409592E-0002  -0.1858089E-0002
    12.80800   0.1679969E-0001  -0.3673289E-0003  -0.4554807E-0003  -0.3861559E-0003   0.7394359E-0002  -0.1904147E-0002
    12.81600   0.1679696E-0001  -0.3418511E-0003  -0.4586225E-0003  -0.3927304E-0003   0.7378759E-0002  -0.1949959E-0002
    12.82400   0.1679446E-0001  -0.3128033E-0003  -0.4618170E-0003  -0.3993058E-0003   0.7362798E-0002  -0.1995139E-0002
    12.83200   0.1679221E-0001  -0.2807988E-0003  -0.4650646E-0003  -0.4059582E-0003   0.7346484E-0002  -0.2039282E-0002
    12.84000   0.1679024E-0001  -0.2465502E-0003  -0.4683666E-0003  -0.4127471E-0003   0.7329828E-0002  -0.2081978E-0002
    12.84800   0.1678855E-0001  -0.2108495E-0003  -0.4717243E-0003  -0.4197100E-0003   0.7312845E-0002  -0.2122820E-0002
    12.85600   0.1678716E-0001  -0.1745445E-0003  -0.4751392E-0003  -0.4268584E-0003   0.7295554E-0002  -0.2161423E-0002
    12.86400   0.1678605E-0001  -0.1385156E-0003  -0.4786126E-0003  -0.4341745E-0003   0.7277974E-0002  -0.2197426E-0002
    12.87200   0.1678522E-0001  -0.1036509E-0003  -0.4821454E-0003  -0.4416094E-0003   0.7260130E-0002  -0.2230512E-0002
    12.88000   0.1678465E-0001  -0.7082110E-0004  -0.4857381E-0003  -0.4490834E-0003   0.7242047E-0002  -0.2260413E-0002
    12.88800   0.1678432E-0001  -0.4085607E-0004  -0.4893900E-0003  -0.4564869E-0003   0.7223752E-0002  -0.2286918E-0002
    12.89600   0.1678421E-0001  -0.1452163E-0004  -0.4930995E-0003  -0.4636831E-0003   0.7205273E-0002  -0.2309880E-0002
    12.90400   0.1678427E-0001   0.7501110E-0005  -0.4968636E-0003  -0.4705119E-0003   0.7186639E-0002  -0.2329222E-0002
    12.91200   0.1678447E-0001   0.2463429E-0004  -0.5006779E-0003  -0.4767956E-0003   0.7167879E-0002  -0.2344937E-0002
    12.92000   0.1678476E-0001   0.3641882E-0004  -0.5045367E-0003  -0.4823441E-0003   0.7149023E-0002  -0.2357094E-0002
    12.92800   0.1678510E-0001   0.4252668E-0004  -0.5084324E-0003  -0.4869623E-0003   0.7130096E-0002  -0.2365829E-0002
    12.93600   0.1678544E-0001   0.4276963E-0004  -0.5123560E-0003  -0.4904571E-0003   0.7111125E-0002  -0.2371349E-0002
    12.94400   0.1678574E-0001   0.3710416E-0004  -0.5162972E-0003  -0.4926445E-0003   0.7092134E-0002  -0.2373923E-0002
    12.95200   0.1678594E-0001   0.2563263E-0004  -0.5202440E-0003  -0.4933574E-0003   0.7073143E-0002  -0.2373875E-0002
    12.96000   0.1678601E-0001   0.8600517E-0005  -0.5241837E-0003  -0.4924523E-0003   0.7054170E-0002  -0.2371578E-0002
    12.96800   0.1678590E-0001  -0.1360992E-0004  -0.5281022E-0003  -0.4898152E-0003   0.7035231E-0002  -0.2367440E-0002
    12.97600   0.1678558E-0001  -0.4048955E-0004  -0.5319851E-0003  -0.4853678E-0003   0.7016335E-0002  -0.2361898E-0002
    12.98400   0.1678501E-0001  -0.7141536E-0004  -0.5358177E-0003  -0.4790710E-0003   0.6997492E-0002  -0.2355404E-0002
    12.99200   0.1678416E-0001  -0.1056662E-0003  -0.5395851E-0003  -0.4709285E-0003   0.6978705E-0002  -0.2348410E-0002
    13.00000   0.1678302E-0001  -0.1424411E-0003  -0.5432730E-0003  -0.4609883E-0003   0.6959974E-0002  -0.2341360E-0002
    13.00800   0.1678157E-0001  -0.1808785E-0003  -0.5468678E-0003  -0.4493428E-0003   0.6941297E-0002  -0.2334679E-0002
    13.01600   0.1677981E-0001  -0.2200782E-0003  -0.5503568E-0003  -0.4361274E-0003   0.6922667E-0002  -0.2328755E-0002
    13.02400   0.1677774E-0001  -0.2591223E-0003  -0.5537289E-0003  -0.4215171E-0003   0.6904075E-0002  -0.2323936E-0002
    13.03200   0.1677536E-0001  -0.2970976E-0003  -0.5569747E-0003  -0.4057229E-0003   0.6885511E-0002  -0.2320514E-0002
    13.04000   0.1677270E-0001  -0.3331164E-0003  -0.5600866E-0003  -0.3889850E-0003   0.6866961E-0002  -0.2318723E-0002
    13.04800   0.1676977E-0001  -0.3663374E-0003  -0.5630591E-0003  -0.3715662E-0003   0.6848411E-0002  -0.2318728E-0002
    13.05600   0.1676660E-0001  -0.3959840E-0003  -0.5658891E-0003  -0.3537443E-0003   0.6829846E-0002  -0.2320624E-0002
    13.06400   0.1676323E-0001  -0.4213614E-0003  -0.5685755E-0003  -0.3358029E-0003   0.6811251E-0002  -0.2324428E-0002
    13.07200   0.1675969E-0001  -0.4418708E-0003  -0.5711197E-0003  -0.3180231E-0003   0.6792610E-0002  -0.2330087E-0002
    13.08000   0.1675604E-0001  -0.4570217E-0003  -0.5735251E-0003  -0.3006746E-0003   0.6773910E-0002  -0.2337469E-0002
    13.08800   0.1675231E-0001  -0.4664407E-0003  -0.5757971E-0003  -0.2840073E-0003   0.6755139E-0002  -0.2346376E-0002
    13.09600   0.1674855E-0001  -0.4698773E-0003  -0.5779431E-0003  -0.2682437E-0003   0.6736287E-0002  -0.2356541E-0002
    13.10400   0.1674481E-0001  -0.4672073E-0003  -0.5799717E-0003  -0.2535729E-0003   0.6717346E-0002  -0.2367640E-0002
    13.11200   0.1674114E-0001  -0.4584323E-0003  -0.5818928E-0003  -0.2401447E-0003   0.6698312E-0002  -0.2379299E-0002
    13.12000   0.1673759E-0001  -0.4436772E-0003  -0.5837174E-0003  -0.2280668E-0003   0.6679183E-0002  -0.2391102E-0002
    13.12800   0.1673421E-0001  -0.4231842E-0003  -0.5854566E-0003  -0.2174027E-0003   0.6659962E-0002  -0.2402603E-0002
    13.13600   0.1673103E-0001  -0.3973044E-0003  -0.5871220E-0003  -0.2081713E-0003   0.6640655E-0002  -0.2413339E-0002
    13.14400   0.1672810E-0001  -0.3664880E-0003  -0.5887248E-0003  -0.2003492E-0003   0.6621273E-0002  -0.2422838E-0002
    13.15200   0.1672545E-0001  -0.3312712E-0003  -0.5902757E-0003  -0.1938731E-0003   0.6601827E-0002  -0.2430635E-0002
    13.16000   0.1672311E-0001  -0.2922630E-0003  -0.5917849E-0003  -0.1886447E-0003   0.6582337E-0002  -0.2436280E-0002
    13.16800   0.1672111E-0001  -0.2501298E-0003  -0.5932612E-0003  -0.1845364E-0003   0.6562822E-0002  -0.2439353E-0002
    13.17600   0.1671946E-0001  -0.2055797E-0003  -0.5947124E-0003  -0.1813976E-0003   0.6543307E-0002  -0.2439471E-0002
    13.18400   0.1671819E-0001  -0.1593464E-0003  -0.5961449E-0003  -0.1790615E-0003   0.6523816E-0002  -0.2436300E-0002
    13.19200   0.1671729E-0001  -0.1121731E-0003  -0.5975637E-0003  -0.1773521E-0003   0.6504380E-0002  -0.2429562E-0002
    13.20000   0.1671677E-0001  -0.6479654E-0004  -0.5989724E-0003  -0.1760910E-0003   0.6485027E-0002  -0.2419041E-0002
    13.20800   0.1671663E-0001  -0.1793196E-0004  -0.6003732E-0003  -0.1751033E-0003   0.6465791E-0002  -0.2404591E-0002
    13.21600   0.1671685E-0001   0.2774111E-0004  -0.6017670E-0003  -0.1742231E-0003   0.6446702E-0002  -0.2386134E-0002
    13.22400   0.1671742E-0001   0.7159181E-0004  -0.6031534E-0003  -0.1732980E-0003   0.6427792E-0002  -0.2363667E-0002
    13.23200   0.1671833E-0001   0.1130495E-0003  -0.6045309E-0003  -0.1721921E-0003   0.6409094E-0002  -0.2337256E-0002
    13.24000   0.1671954E-0001   0.1516137E-0003  -0.6058972E-0003  -0.1707883E-0003   0.6390638E-0002  -0.2307039E-0002
    13.24800   0.1672104E-0001   0.1868623E-0003  -0.6072492E-0003  -0.1689891E-0003   0.6372452E-0002  -0.2273218E-0002
    13.25600   0.1672278E-0001   0.2184577E-0003  -0.6085829E-0003  -0.1667169E-0003   0.6354564E-0002  -0.2236053E-0002
    13.26400   0.1672475E-0001   0.2461517E-0003  -0.6098942E-0003  -0.1639130E-0003   0.6336997E-0002  -0.2195860E-0002
    13.27200   0.1672691E-0001   0.2697878E-0003  -0.6111785E-0003  -0.1605359E-0003   0.6319773E-0002  -0.2152994E-0002
    13.28000   0.1672923E-0001   0.2893016E-0003  -0.6124310E-0003  -0.1565598E-0003   0.6302910E-0002  -0.2107850E-0002
    13.28800   0.1673166E-0001   0.3047202E-0003  -0.6136467E-0003  -0.1519719E-0003   0.6286423E-0002  -0.2060842E-0002
    13.29600   0.1673419E-0001   0.3161587E-0003  -0.6148209E-0003  -0.1467702E-0003   0.6270324E-0002  -0.2012403E-0002
    13.30400   0.1673678E-0001   0.3238156E-0003  -0.6159486E-0003  -0.1409617E-0003   0.6254620E-0002  -0.1962965E-0002
    13.31200   0.1673941E-0001   0.3279668E-0003  -0.6170251E-0003  -0.1345596E-0003   0.6239317E-0002  -0.1912955E-0002
    13.32000   0.1674204E-0001   0.3289576E-0003  -0.6180457E-0003  -0.1275828E-0003   0.6224414E-0002  -0.1862784E-0002
    13.32800   0.1674466E-0001   0.3271937E-0003  -0.6190062E-0003  -0.1200533E-0003   0.6209912E-0002  -0.1812834E-0002
    13.33600   0.1674724E-0001   0.3231314E-0003  -0.6199021E-0003  -0.1119964E-0003   0.6195804E-0002  -0.1763454E-0002
    13.34400   0.1674978E-0001   0.3172664E-0003  -0.6207296E-0003  -0.1034392E-0003   0.6182085E-0002  -0.1714952E-0002
    13.35200   0.1675226E-0001   0.3101221E-0003  -0.6214849E-0003  -0.9441021E-0004   0.6168744E-0002  -0.1667586E-0002
    13.36000   0.1675468E-0001   0.3022376E-0003  -0.6221644E-0003  -0.8493947E-0004   0.6155771E-0002  -0.1621567E-0002
    13.36800   0.1675703E-0001   0.2941550E-0003  -0.6227649E-0003  -0.7505765E-0004   0.6143155E-0002  -0.1577046E-0002
    13.37600   0.1675932E-0001   0.2864071E-0003  -0.6232833E-0003  -0.6479593E-0004   0.6130882E-0002  -0.1534125E-0002
    13.38400   0.1676156E-0001   0.2795053E-0003  -0.6237168E-0003  -0.5418541E-0004   0.6118939E-0002  -0.1492847E-0002
    13.39200   0.1676375E-0001   0.2739276E-0003  -0.6240628E-0003  -0.4325652E-0004   0.6107314E-0002  -0.1453206E-0002
    13.40000   0.1676591E-0001   0.2701076E-0003  -0.6243191E-0003  -0.3203817E-0004   0.6095992E-0002  -0.1415144E-0002
    13.40800   0.1676806E-0001   0.2684242E-0003  -0.6244836E-0003  -0.2055698E-0004   0.6084964E-0002  -0.1378563E-0002
    13.41600   0.1677021E-0001   0.2691931E-0003  -0.6245543E-0003  -0.8836300E-0005   0.6074217E-0002  -0.1343324E-0002
    13.42400   0.1677239E-0001   0.2726582E-0003  -0.6245294E-0003   0.3104569E-0005   0.6063743E-0002  -0.1309260E-0002
    13.43200   0.1677463E-0001   0.2789863E-0003  -0.6244074E-0003   0.1525105E-0004   0.6053534E-0002  -0.1276179E-0002
    13.44000   0.1677693E-0001   0.2882618E-0003  -0.6241867E-0003   0.2759371E-0004   0.6043583E-0002  -0.1243873E-0002
    13.44800   0.1677933E-0001   0.3004842E-0003  -0.6238656E-0003   0.4012823E-0004   0.6033886E-0002  -0.1212131E-0002
    13.45600   0.1678186E-0001   0.3155674E-0003  -0.6234428E-0003   0.5285511E-0004   0.6024440E-0002  -0.1180738E-0002
    13.46400   0.1678453E-0001   0.3333397E-0003  -0.6229166E-0003   0.6577879E-0004   0.6015244E-0002  -0.1149490E-0002
    13.47200   0.1678735E-0001   0.3535476E-0003  -0.6222853E-0003   0.7890637E-0004   0.6006298E-0002  -0.1118200E-0002
    13.48000   0.1679036E-0001   0.3758596E-0003  -0.6215473E-0003   0.9224601E-0004   0.5997605E-0002  -0.1086700E-0002
    13.48800   0.1679356E-0001   0.3998727E-0003  -0.6207009E-0003   0.1058050E-0003   0.5989166E-0002  -0.1054852E-0002
    13.49600   0.1679696E-0001   0.4251207E-0003  -0.6197442E-0003   0.1195877E-0003   0.5980986E-0002  -0.1022548E-0002
    13.50400   0.1680057E-0001   0.4510833E-0003  -0.6186755E-0003   0.1335933E-0003   0.5973068E-0002  -0.9897163E-0003
    13.51200   0.1680439E-0001   0.4771969E-0003  -0.6174929E-0003   0.1478145E-0003   0.5965417E-0002  -0.9563201E-0003
    13.52000   0.1680841E-0001   0.5028664E-0003  -0.6161951E-0003   0.1622355E-0003   0.5958038E-0002  -0.9223601E-0003
    13.52800   0.1681263E-0001   0.5274778E-0003  -0.6147804E-0003   0.1768312E-0003   0.5950935E-0002  -0.8878735E-0003
    13.53600   0.1681703E-0001   0.5504117E-0003  -0.6132479E-0003   0.1915672E-0003   0.5944112E-0002  -0.8529309E-0003
    13.54400   0.1682160E-0001   0.5710560E-0003  -0.6115967E-0003   0.2064001E-0003   0.5937571E-0002  -0.8176344E-0003
    13.55200   0.1682631E-0001   0.5888203E-0003  -0.6098264E-0003   0.2212785E-0003   0.5931314E-0002  -0.7821127E-0003
    13.56000   0.1683114E-0001   0.6031481E-0003  -0.6079373E-0003   0.2361454E-0003   0.5925342E-0002  -0.7465162E-0003
    13.56800   0.1683605E-0001   0.6135300E-0003  -0.6059298E-0003   0.2509404E-0003   0.5919654E-0002  -0.7110119E-0003
    13.57600   0.1684100E-0001   0.6195149E-0003  -0.6038049E-0003   0.2656031E-0003   0.5914248E-0002  -0.6757770E-0003
    13.58400   0.1684597E-0001   0.6207207E-0003  -0.6015643E-0003   0.2800760E-0003   0.5909120E-0002  -0.6409926E-0003
    13.59200   0.1685090E-0001   0.6168434E-0003  -0.5992099E-0003   0.2943079E-0003   0.5904265E-0002  -0.6068378E-0003
    13.60000   0.1685576E-0001   0.6076643E-0003  -0.5967438E-0003   0.3082570E-0003   0.5899677E-0002  -0.5734833E-0003
    13.60800   0.1686051E-0001   0.5930563E-0003  -0.5941687E-0003   0.3218932E-0003   0.5895348E-0002  -0.5410861E-0003
    13.61600   0.1686509E-0001   0.5729870E-0003  -0.5914871E-0003   0.3351999E-0003   0.5891270E-0002  -0.5097844E-0003
    13.62400   0.1686947E-0001   0.5475208E-0003  -0.5887017E-0003   0.3481747E-0003   0.5887432E-0002  -0.4796933E-0003
    13.63200   0.1687361E-0001   0.5168187E-0003  -0.5858150E-0003   0.3608289E-0003   0.5883825E-0002  -0.4509012E-0003
    13.64000   0.1687746E-0001   0.4811357E-0003  -0.5828295E-0003   0.3731864E-0003   0.5880438E-0002  -0.4234678E-0003
    13.64800   0.1688098E-0001   0.4408163E-0003  -0.5797473E-0003   0.3852805E-0003   0.5877258E-0002  -0.3974228E-0003
    13.65600   0.1688415E-0001   0.3962884E-0003  -0.5765701E-0003   0.3971506E-0003   0.5874276E-0002  -0.3727651E-0003
    13.66400   0.1688694E-0001   0.3480548E-0003  -0.5732994E-0003   0.4088380E-0003   0.5871480E-0002  -0.3494640E-0003
    13.67200   0.1688931E-0001   0.2966834E-0003  -0.5699363E-0003   0.4203803E-0003   0.5868861E-0002  -0.3274612E-0003
    13.68000   0.1689125E-0001   0.2427962E-0003  -0.5664819E-0003   0.4318068E-0003   0.5866407E-0002  -0.3066732E-0003
    13.68800   0.1689275E-0001   0.1870567E-0003  -0.5629368E-0003   0.4431333E-0003   0.5864111E-0002  -0.2869950E-0003
    13.69600   0.1689379E-0001   0.1301567E-0003  -0.5593020E-0003   0.4543574E-0003   0.5861965E-0002  -0.2683041E-0003
    13.70400   0.1689437E-0001   0.7280257E-0004  -0.5555783E-0003   0.4654551E-0003   0.5859961E-0002  -0.2504660E-0003
    13.71200   0.1689450E-0001   0.1570113E-0004  -0.5517673E-0003   0.4763782E-0003   0.5858094E-0002  -0.2333383E-0003
    13.72000   0.1689418E-0001  -0.4045411E-0004  -0.5478709E-0003   0.4870534E-0003   0.5856360E-0002  -0.2167767E-0003
    13.72800   0.1689342E-0001  -0.9499655E-0004  -0.5438918E-0003   0.4973830E-0003   0.5854755E-0002  -0.2006399E-0003
    13.73600   0.1689224E-0001  -0.1472992E-0003  -0.5398338E-0003   0.5072469E-0003   0.5853277E-0002  -0.1847945E-0003
    13.74400   0.1689066E-0001  -0.1967863E-0003  -0.5357018E-0003   0.5165069E-0003   0.5851924E-0002  -0.1691196E-0003
    13.75200   0.1688872E-0001  -0.2429441E-0003  -0.5315017E-0003   0.5250115E-0003   0.5850696E-0002  -0.1535109E-0003
    13.76000   0.1688644E-0001  -0.2853292E-0003  -0.5272409E-0003   0.5326036E-0003   0.5849593E-0002  -0.1378841E-0003
    13.76800   0.1688385E-0001  -0.3235763E-0003  -0.5229278E-0003   0.5391268E-0003   0.5848615E-0002  -0.1221771E-0003
    13.77600   0.1688099E-0001  -0.3574033E-0003  -0.5185724E-0003   0.5444347E-0003   0.5847764E-0002  -0.1063519E-0003
    13.78400   0.1687790E-0001  -0.3866151E-0003  -0.5141852E-0003   0.5483979E-0003   0.5847041E-0002  -0.9039523E-0004
    13.79200   0.1687461E-0001  -0.4111048E-0003  -0.5097779E-0003   0.5509123E-0003   0.5846447E-0002  -0.7431836E-0004
    13.80000   0.1687116E-0001  -0.4308537E-0003  -0.5053626E-0003   0.5519057E-0003   0.5845981E-0002  -0.5815601E-0004
    13.80800   0.1686759E-0001  -0.4459287E-0003  -0.5009519E-0003   0.5513431E-0003   0.5845646E-0002  -0.4196440E-0004
    13.81600   0.1686394E-0001  -0.4564787E-0003  -0.4965580E-0003   0.5492302E-0003   0.5845439E-0002  -0.2581849E-0004
    13.82400   0.1686024E-0001  -0.4627291E-0003  -0.4921931E-0003   0.5456152E-0003   0.5845361E-0002  -0.9808618E-0005
    13.83200   0.1685652E-0001  -0.4649745E-0003  -0.4878684E-0003   0.5405884E-0003   0.5845408E-0002   0.5963434E-0005
    13.84000   0.1685281E-0001  -0.4635706E-0003  -0.4835942E-0003   0.5342794E-0003   0.5845580E-0002   0.2138872E-0004
    13.84800   0.1684914E-0001  -0.4589255E-0003  -0.4793794E-0003   0.5268523E-0003   0.5845870E-0002   0.3635564E-0004
    13.85600   0.1684553E-0001  -0.4514893E-0003  -0.4752314E-0003   0.5184991E-0003   0.5846276E-0002   0.5075459E-0004
    13.86400   0.1684199E-0001  -0.4417441E-0003  -0.4711559E-0003   0.5094313E-0003   0.5846792E-0002   0.6448239E-0004
    13.87200   0.1683855E-0001  -0.4301932E-0003  -0.4671570E-0003   0.4998708E-0003   0.5847412E-0002   0.7744656E-0004
    13.88000   0.1683521E-0001  -0.4173506E-0003  -0.4632366E-0003   0.4900394E-0003   0.5848128E-0002   0.8956920E-0004
    13.88800   0.1683198E-0001  -0.4037305E-0003  -0.4593954E-0003   0.4801489E-0003   0.5848935E-0002   0.1007903E-0003
    13.89600   0.1682886E-0001  -0.3898374E-0003  -0.4556323E-0003   0.4703914E-0003   0.5849823E-0002   0.1110704E-0003
    13.90400   0.1682586E-0001  -0.3761566E-0003  -0.4519449E-0003   0.4609301E-0003   0.5850786E-0002   0.1203927E-0003
    13.91200   0.1682295E-0001  -0.3631457E-0003  -0.4483297E-0003   0.4518927E-0003   0.5851817E-0002   0.1287644E-0003
    13.92000   0.1682014E-0001  -0.3512266E-0003  -0.4447828E-0003   0.4433653E-0003   0.5852906E-0002   0.1362168E-0003
    13.92800   0.1681741E-0001  -0.3407787E-0003  -0.4412997E-0003   0.4353893E-0003   0.5854049E-0002   0.1428054E-0003
    13.93600   0.1681476E-0001  -0.3321334E-0003  -0.4378760E-0003   0.4279605E-0003   0.5855238E-0002   0.1486086E-0003
    13.94400   0.1681215E-0001  -0.3255691E-0003  -0.4345078E-0003   0.4210308E-0003   0.5856467E-0002   0.1537257E-0003
    13.95200   0.1680958E-0001  -0.3213082E-0003  -0.4311917E-0003   0.4145117E-0003   0.5857734E-0002   0.1582748E-0003
    13.96000   0.1680703E-0001  -0.3195139E-0003  -0.4279254E-0003   0.4082804E-0003   0.5859033E-0002   0.1623895E-0003
    13.96800   0.1680446E-0001  -0.3202897E-0003  -0.4247079E-0003   0.4021879E-0003   0.5860362E-0002   0.1662157E-0003
    13.97600   0.1680187E-0001  -0.3236791E-0003  -0.4215394E-0003   0.3960676E-0003   0.5861722E-0002   0.1699075E-0003
    13.98400   0.1679924E-0001  -0.3296662E-0003  -0.4184214E-0003   0.3897462E-0003   0.5863111E-0002   0.1736234E-0003
    13.99200   0.1679653E-0001  -0.3381779E-0003  -0.4153570E-0003   0.3830531E-0003   0.5864531E-0002   0.1775222E-0003
    14.00000   0.1679374E-0001  -0.3490866E-0003  -0.4123503E-0003   0.3758318E-0003   0.5865985E-0002   0.1817591E-0003
    14.00800   0.1679084E-0001  -0.3622138E-0003  -0.4094067E-0003   0.3679485E-0003   0.5867477E-0002   0.1864816E-0003
    14.01600   0.1678782E-0001  -0.3773346E-0003  -0.4065323E-0003   0.3593006E-0003   0.5869011E-0002   0.1918262E-0003
    14.02400   0.1678467E-0001  -0.3941827E-0003  -0.4037338E-0003   0.3498234E-0003   0.5870595E-0002   0.1979152E-0003
    14.03200   0.1678137E-0001  -0.4124560E-0003  -0.4010178E-0003   0.3394947E-0003   0.5872234E-0002   0.2048540E-0003
    14.04000   0.1677791E-0001  -0.4318227E-0003  -0.3983911E-0003   0.3283370E-0003   0.5873935E-0002   0.2127287E-0003
    14.04800   0.1677430E-0001  -0.4519276E-0003  -0.3958598E-0003   0.3164174E-0003   0.5875708E-0002   0.2216049E-0003
    14.05600   0.1677052E-0001  -0.4723988E-0003  -0.3934290E-0003   0.3038460E-0003   0.5877560E-0002   0.2315266E-0003
    14.06400   0.1676658E-0001  -0.4928543E-0003  -0.3911028E-0003   0.2907709E-0003   0.5879501E-0002   0.2425154E-0003
    14.07200   0.1676247E-0001  -0.5129089E-0003  -0.3888838E-0003   0.2773728E-0003   0.5881537E-0002   0.2545710E-0003
    14.08000   0.1675822E-0001  -0.5321810E-0003  -0.3867730E-0003   0.2638567E-0003   0.5883678E-0002   0.2676720E-0003
    14.08800   0.1675381E-0001  -0.5502988E-0003  -0.3847694E-0003   0.2504438E-0003   0.5885933E-0002   0.2817765E-0003
    14.09600   0.1674928E-0001  -0.5669068E-0003  -0.3828705E-0003   0.2373621E-0003   0.5888307E-0002   0.2968244E-0003
    14.10400   0.1674463E-0001  -0.5816715E-0003  -0.3810718E-0003   0.2248368E-0003   0.5890809E-0002   0.3127385E-0003
    14.11200   0.1673987E-0001  -0.5942868E-0003  -0.3793672E-0003   0.2130816E-0003   0.5893445E-0002   0.3294273E-0003
    14.12000   0.1673504E-0001  -0.6044792E-0003  -0.3777489E-0003   0.2022903E-0003   0.5896219E-0002   0.3467870E-0003
    14.12800   0.1673014E-0001  -0.6120119E-0003  -0.3762078E-0003   0.1926297E-0003   0.5899137E-0002   0.3647039E-0003
    14.13600   0.1672521E-0001  -0.6166884E-0003  -0.3747340E-0003   0.1842340E-0003   0.5902201E-0002   0.3830569E-0003
    14.14400   0.1672026E-0001  -0.6183560E-0003  -0.3733164E-0003   0.1772005E-0003   0.5905415E-0002   0.4017195E-0003
    14.15200   0.1671532E-0001  -0.6169077E-0003  -0.3719437E-0003   0.1715875E-0003   0.5908779E-0002   0.4205624E-0003
    14.16000   0.1671043E-0001  -0.6122840E-0003  -0.3706044E-0003   0.1674131E-0003   0.5912295E-0002   0.4394549E-0003
    14.16800   0.1670559E-0001  -0.6044738E-0003  -0.3692871E-0003   0.1646568E-0003   0.5915961E-0002   0.4582671E-0003
    14.17600   0.1670084E-0001  -0.5935146E-0003  -0.3679810E-0003   0.1632614E-0003   0.5919776E-0002   0.4768708E-0003
    14.18400   0.1669621E-0001  -0.5794917E-0003  -0.3666759E-0003   0.1631365E-0003   0.5923737E-0002   0.4951411E-0003
    14.19200   0.1669171E-0001  -0.5625369E-0003  -0.3653626E-0003   0.1641638E-0003   0.5927841E-0002   0.5129566E-0003
    14.20000   0.1668736E-0001  -0.5428265E-0003  -0.3640330E-0003   0.1662013E-0003   0.5932082E-0002   0.5302006E-0003
    14.20800   0.1668320E-0001  -0.5205786E-0003  -0.3626803E-0003   0.1690900E-0003   0.5936456E-0002   0.5467609E-0003
    14.21600   0.1667923E-0001  -0.4960497E-0003  -0.3612990E-0003   0.1726590E-0003   0.5940957E-0002   0.5625299E-0003
    14.22400   0.1667547E-0001  -0.4695305E-0003  -0.3598851E-0003   0.1767312E-0003   0.5945576E-0002   0.5774046E-0003
    14.23200   0.1667194E-0001  -0.4413418E-0003  -0.3584361E-0003   0.1811289E-0003   0.5950306E-0002   0.5912861E-0003
    14.24000   0.1666865E-0001  -0.4118291E-0003  -0.3569507E-0003   0.1856786E-0003   0.5955139E-0002   0.6040794E-0003
    14.24800   0.1666560E-0001  -0.3813574E-0003  -0.3554290E-0003   0.1902149E-0003   0.5960064E-0002   0.6156931E-0003
    14.25600   0.1666279E-0001  -0.3503054E-0003  -0.3538723E-0003   0.1945842E-0003   0.5965073E-0002   0.6260389E-0003
    14.26400   0.1666024E-0001  -0.3190596E-0003  -0.3522831E-0003   0.1986476E-0003   0.5970153E-0002   0.6350314E-0003
    14.27200   0.1665794E-0001  -0.2880079E-0003  -0.3506649E-0003   0.2022831E-0003   0.5975294E-0002   0.6425879E-0003
    14.28000   0.1665588E-0001  -0.2575339E-0003  -0.3490218E-0003   0.2053869E-0003   0.5980483E-0002   0.6486284E-0003
    14.28800   0.1665405E-0001  -0.2280101E-0003  -0.3473588E-0003   0.2078748E-0003   0.5985707E-0002   0.6530762E-0003
    14.29600   0.1665246E-0001  -0.1997925E-0003  -0.3456813E-0003   0.2096818E-0003   0.5990954E-0002   0.6558576E-0003
    14.30400   0.1665107E-0001  -0.1732144E-0003  -0.3439952E-0003   0.2107632E-0003   0.5996209E-0002   0.6569031E-0003
    14.31200   0.1664988E-0001  -0.1485814E-0003  -0.3423065E-0003   0.2110928E-0003   0.6001459E-0002   0.6561478E-0003
    14.32000   0.1664887E-0001  -0.1261662E-0003  -0.3406212E-0003   0.2106630E-0003   0.6006687E-0002   0.6535327E-0003
    14.32800   0.1664802E-0001  -0.1062045E-0003  -0.3389453E-0003   0.2094830E-0003   0.6011879E-0002   0.6490054E-0003
    14.33600   0.1664731E-0001  -0.8889109E-0004  -0.3372847E-0003   0.2075773E-0003   0.6017019E-0002   0.6425216E-0003
    14.34400   0.1664672E-0001  -0.7437719E-0004  -0.3356448E-0003   0.2049837E-0003   0.6022091E-0002   0.6340460E-0003
    14.35200   0.1664621E-0001  -0.6276806E-0004  -0.3340308E-0003   0.2017508E-0003   0.6027080E-0002   0.6235537E-0003
    14.36000   0.1664578E-0001  -0.5412186E-0004  -0.3324473E-0003   0.1979353E-0003   0.6031968E-0002   0.6110314E-0003
    14.36800   0.1664539E-0001  -0.4844922E-0004  -0.3308985E-0003   0.1935992E-0003   0.6036740E-0002   0.5964780E-0003
    14.37600   0.1664503E-0001  -0.4571372E-0004  -0.3293881E-0003   0.1888063E-0003   0.6041379E-0002   0.5799058E-0003
    14.38400   0.1664466E-0001  -0.4583331E-0004  -0.3279191E-0003   0.1836185E-0003   0.6045870E-0002   0.5613407E-0003
    14.39200   0.1664427E-0001  -0.4868255E-0004  -0.3264944E-0003   0.1780931E-0003   0.6050196E-0002   0.5408227E-0003
    14.40000   0.1664384E-0001  -0.5409562E-0004  -0.3251161E-0003   0.1722787E-0003   0.6054344E-0002   0.5184058E-0003
    14.40800   0.1664334E-0001  -0.6187017E-0004  -0.3237864E-0003   0.1662121E-0003   0.6058297E-0002   0.4941573E-0003
    14.41600   0.1664277E-0001  -0.7177167E-0004  -0.3225071E-0003   0.1599162E-0003   0.6062042E-0002   0.4681576E-0003
    14.42400   0.1664210E-0001  -0.8353847E-0004  -0.3212799E-0003   0.1533972E-0003   0.6065566E-0002   0.4404986E-0003
    14.43200   0.1664133E-0001  -0.9688708E-0004  -0.3201068E-0003   0.1466436E-0003   0.6068856E-0002   0.4112823E-0003
    14.44000   0.1664043E-0001  -0.1115179E-0003  -0.3189898E-0003   0.1396257E-0003   0.6071901E-0002   0.3806194E-0003
    14.44800   0.1663942E-0001  -0.1271210E-0003  -0.3179314E-0003   0.1322963E-0003   0.6074690E-0002   0.3486269E-0003
    14.45600   0.1663827E-0001  -0.1433821E-0003  -0.3169347E-0003   0.1245921E-0003   0.6077214E-0002   0.3154264E-0003
    14.46400   0.1663699E-0001  -0.1599878E-0003  -0.3160032E-0003   0.1164368E-0003   0.6079463E-0002   0.2811413E-0003
    14.47200   0.1663558E-0001  -0.1766318E-0003  -0.3151412E-0003   0.1077443E-0003   0.6081430E-0002   0.2458946E-0003
    14.48000   0.1663403E-0001  -0.1930191E-0003  -0.3143538E-0003   0.9842369E-0004   0.6083109E-0002   0.2098068E-0003
    14.48800   0.1663236E-0001  -0.2088712E-0003  -0.3136468E-0003   0.8838440E-0004   0.6084493E-0002   0.1729933E-0003
    14.49600   0.1663057E-0001  -0.2239299E-0003  -0.3130264E-0003   0.7754161E-0004   0.6085577E-0002   0.1355624E-0003
    14.50400   0.1662867E-0001  -0.2379605E-0003  -0.3124999E-0003   0.6582223E-0004   0.6086358E-0002   0.9761374E-0004
    14.51200   0.1662666E-0001  -0.2507546E-0003  -0.3120745E-0003   0.5317035E-0004   0.6086832E-0002   0.5923645E-0004
    14.52000   0.1662456E-0001  -0.2621320E-0003  -0.3117581E-0003   0.3955239E-0004   0.6086996E-0002   0.2050813E-0004
    14.52800   0.1662239E-0001  -0.2719418E-0003  -0.3115584E-0003   0.2496130E-0004   0.6086848E-0002  -0.1850592E-0004
    14.53600   0.1662015E-0001  -0.2800631E-0003  -0.3114830E-0003   0.9419803E-0005   0.6086386E-0002  -0.5775306E-0004
    14.54400   0.1661786E-0001  -0.2864044E-0003  -0.3115392E-0003  -0.7017742E-0005   0.6085608E-0002  -0.9719318E-0004
    14.55200   0.1661553E-0001  -0.2909030E-0003  -0.3117333E-0003  -0.2426485E-0004   0.6084514E-0002  -0.1367982E-0003
    14.56000   0.1661318E-0001  -0.2935233E-0003  -0.3120709E-0003  -0.4220395E-0004   0.6083102E-0002  -0.1765509E-0003
    14.56800   0.1661083E-0001  -0.2942554E-0003  -0.3125564E-0003  -0.6068894E-0004   0.6081370E-0002  -0.2164441E-0003
    14.57600   0.1660848E-0001  -0.2931120E-0003  -0.3131928E-0003  -0.7954910E-0004   0.6079318E-0002  -0.2564782E-0003
    14.58400   0.1660616E-0001  -0.2901265E-0003  -0.3139816E-0003  -0.9859429E-0004   0.6076945E-0002  -0.2966600E-0003
    14.59200   0.1660388E-0001  -0.2853498E-0003  -0.3149225E-0003  -0.1176210E-0003   0.6074249E-0002  -0.3370000E-0003
    14.60000   0.1660165E-0001  -0.2788473E-0003  -0.3160139E-0003  -0.1364194E-0003   0.6071229E-0002  -0.3775102E-0003
    14.60800   0.1659948E-0001  -0.2706961E-0003  -0.3172521E-0003  -0.1547802E-0003   0.6067883E-0002  -0.4182016E-0003
    14.61600   0.1659739E-0001  -0.2609822E-0003  -0.3186322E-0003  -0.1725021E-0003   0.6064211E-0002  -0.4590823E-0003
    14.62400   0.1659540E-0001  -0.2497976E-0003  -0.3201473E-0003  -0.1893984E-0003   0.6060209E-0002  -0.5001546E-0003
    14.63200   0.1659350E-0001  -0.2372380E-0003  -0.3217898E-0003  -0.2053035E-0003   0.6055878E-0002  -0.5414133E-0003
    14.64000   0.1659171E-0001  -0.2234004E-0003  -0.3235504E-0003  -0.2200776E-0003   0.6051215E-0002  -0.5828434E-0003
    14.64800   0.1659004E-0001  -0.2083813E-0003  -0.3254193E-0003  -0.2336112E-0003   0.6046220E-0002  -0.6244190E-0003
    14.65600   0.1658851E-0001  -0.1922753E-0003  -0.3273859E-0003  -0.2458277E-0003   0.6040891E-0002  -0.6661016E-0003
    14.66400   0.1658710E-0001  -0.1751739E-0003  -0.3294394E-0003  -0.2566844E-0003   0.6035228E-0002  -0.7078397E-0003
    14.67200   0.1658585E-0001  -0.1571647E-0003  -0.3315688E-0003  -0.2661728E-0003   0.6029232E-0002  -0.7495677E-0003
    14.68000   0.1658474E-0001  -0.1383313E-0003  -0.3337633E-0003  -0.2743169E-0003   0.6022902E-0002  -0.7912062E-0003
    14.68800   0.1658379E-0001  -0.1187527E-0003  -0.3360127E-0003  -0.2811705E-0003   0.6016241E-0002  -0.8326622E-0003
    14.69600   0.1658300E-0001  -0.9850418E-0004  -0.3383072E-0003  -0.2868137E-0003   0.6009250E-0002  -0.8738301E-0003
    14.70400   0.1658238E-0001  -0.7765775E-0004  -0.3406380E-0003  -0.2913481E-0003   0.6001933E-0002  -0.9145922E-0003
    14.71200   0.1658193E-0001  -0.5628279E-0004  -0.3429971E-0003  -0.2948918E-0003   0.5994295E-0002  -0.9548206E-0003
    14.72000   0.1658165E-0001  -0.3444722E-0004  -0.3453777E-0003  -0.2975740E-0003   0.5986340E-0002  -0.9943785E-0003
    14.72800   0.1658156E-0001  -0.1221854E-0004  -0.3477739E-0003  -0.2995297E-0003   0.5978075E-0002  -0.1033122E-0002
    14.73600   0.1658164E-0001   0.1033497E-0004  -0.3501811E-0003  -0.3008943E-0003   0.5969508E-0002  -0.1070904E-0002
    14.74400   0.1658190E-0001   0.3314306E-0004  -0.3525955E-0003  -0.3017987E-0003   0.5960647E-0002  -0.1107572E-0002
    14.75200   0.1658235E-0001   0.5613247E-0004  -0.3550144E-0003  -0.3023650E-0003   0.5951503E-0002  -0.1142975E-0002
    14.76000   0.1658299E-0001   0.7922592E-0004  -0.3574360E-0003  -0.3027032E-0003   0.5942088E-0002  -0.1176963E-0002
    14.76800   0.1658381E-0001   0.1023414E-0003  -0.3598593E-0003  -0.3029079E-0003   0.5932412E-0002  -0.1209389E-0002
    14.77600   0.1658481E-0001   0.1253914E-0003  -0.3622837E-0003  -0.3030564E-0003   0.5922492E-0002  -0.1240113E-0002
    14.78400   0.1658600E-0001   0.1482829E-0003  -0.3647094E-0003  -0.3032079E-0003   0.5912340E-0002  -0.1269001E-0002
    14.79200   0.1658736E-0001   0.1709173E-0003  -0.3671366E-0003  -0.3034025E-0003   0.5901972E-0002  -0.1295927E-0002
    14.80000   0.1658891E-0001   0.1931906E-0003  -0.3695659E-0003  -0.3036614E-0003   0.5891406E-0002  -0.1320776E-0002
    14.80800   0.1659063E-0001   0.2149942E-0003  -0.3719978E-0003  -0.3039885E-0003   0.5880658E-0002  -0.1343445E-0002
    14.81600   0.1659252E-0001   0.2362157E-0003  -0.3744328E-0003  -0.3043710E-0003   0.5869748E-0002  -0.1363839E-0002
    14.82400   0.1659457E-0001   0.2567403E-0003  -0.3768710E-0003  -0.3047816E-0003   0.5858693E-0002  -0.1381880E-0002
    14.83200   0.1659678E-0001   0.2764522E-0003  -0.3793125E-0003  -0.3051807E-0003   0.5847513E-0002  -0.1397497E-0002
    14.84000   0.1659915E-0001   0.2952363E-0003  -0.3817566E-0003  -0.3055186E-0003   0.5836228E-0002  -0.1410636E-0002
    14.84800   0.1660165E-0001   0.3129801E-0003  -0.3842025E-0003  -0.3057377E-0003   0.5824858E-0002  -0.1421252E-0002
    14.85600   0.1660429E-0001   0.3295757E-0003  -0.3866487E-0003  -0.3057758E-0003   0.5813423E-0002  -0.1429314E-0002
    14.86400   0.1660705E-0001   0.3449218E-0003  -0.3890933E-0003  -0.3055678E-0003   0.5801945E-0002  -0.1434801E-0002
    14.87200   0.1660992E-0001   0.3589254E-0003  -0.3915337E-0003  -0.3050485E-0003   0.5790443E-0002  -0.1437703E-0002
    14.88000   0.1661289E-0001   0.3715040E-0003  -0.3939669E-0003  -0.3041547E-0003   0.5778939E-0002  -0.1438023E-0002
    14.88800   0.1661595E-0001   0.3825872E-0003  -0.3963895E-0003  -0.3028273E-0003   0.5767453E-0002  -0.1435774E-0002
    14.89600   0.1661909E-0001   0.3921177E-0003  -0.3987976E-0003  -0.3010134E-0003   0.5756005E-0002  -0.1430977E-0002
    14.90400   0.1662229E-0001   0.4000531E-0003  -0.4011870E-0003  -0.2986674E-0003   0.5744615E-0002  -0.1423665E-0002
    14.91200   0.1662554E-0001   0.4063661E-0003  -0.4035530E-0003  -0.2957529E-0003   0.5733304E-0002  -0.1413882E-0002
    14.92000   0.1662883E-0001   0.4110449E-0003  -0.4058909E-0003  -0.2922436E-0003   0.5722091E-0002  -0.1401680E-0002
    14.92800   0.1663214E-0001   0.4140937E-0003  -0.4081959E-0003  -0.2881242E-0003   0.5710994E-0002  -0.1387123E-0002
    14.93600   0.1663546E-0001   0.4155316E-0003  -0.4104631E-0003  -0.2833909E-0003   0.5700032E-0002  -0.1370285E-0002
    14.94400   0.1663879E-0001   0.4153923E-0003  -0.4126875E-0003  -0.2780518E-0003   0.5689222E-0002  -0.1351250E-0002
    14.95200   0.1664210E-0001   0.4137225E-0003  -0.4148645E-0003  -0.2721271E-0003   0.5678581E-0002  -0.1330115E-0002
    14.96000   0.1664538E-0001   0.4105806E-0003  -0.4169897E-0003  -0.2656487E-0003   0.5668125E-0002  -0.1306987E-0002
    14.96800   0.1664863E-0001   0.4060348E-0003  -0.4190590E-0003  -0.2586600E-0003   0.5657869E-0002  -0.1281987E-0002
    14.97600   0.1665183E-0001   0.4001611E-0003  -0.4210687E-0003  -0.2512154E-0003   0.5647827E-0002  -0.1255245E-0002
    14.98400   0.1665497E-0001   0.3930410E-0003  -0.4230157E-0003  -0.2433795E-0003   0.5638012E-0002  -0.1226905E-0002
    14.99200   0.1665805E-0001   0.3847594E-0003  -0.4248975E-0003  -0.2352259E-0003   0.5628435E-0002  -0.1197121E-0002
    15.00000   0.1666106E-0001   0.3754022E-0003  -0.4267122E-0003  -0.2268368E-0003   0.5619106E-0002  -0.1166059E-0002
    15.00800   0.1666398E-0001   0.3650540E-0003  -0.4284586E-0003  -0.2183012E-0003   0.5610035E-0002  -0.1133895E-0002
    15.01600   0.1666681E-0001   0.3537964E-0003  -0.4301363E-0003  -0.2097139E-0003   0.5601229E-0002  -0.1100812E-0002
    15.02400   0.1666954E-0001   0.3417060E-0003  -0.4317457E-0003  -0.2011744E-0003   0.5592693E-0002  -0.1067002E-0002
    15.03200   0.1667217E-0001   0.3288527E-0003  -0.4332880E-0003  -0.1927848E-0003   0.5584431E-0002  -0.1032662E-0002
    15.04000   0.1667469E-0001   0.3152988E-0003  -0.4347652E-0003  -0.1846488E-0003   0.5576447E-0002  -0.9979888E-0003
    15.04800   0.1667710E-0001   0.3010980E-0003  -0.4361802E-0003  -0.1768696E-0003   0.5568742E-0002  -0.9631833E-0003
    15.05600   0.1667939E-0001   0.2862952E-0003  -0.4375366E-0003  -0.1695486E-0003   0.5561314E-0002  -0.9284412E-0003
    15.06400   0.1668156E-0001   0.2709261E-0003  -0.4388388E-0003  -0.1627831E-0003   0.5554163E-0002  -0.8939530E-0003
    15.07200   0.1668360E-0001   0.2550179E-0003  -0.4400921E-0003  -0.1566643E-0003   0.5547284E-0002  -0.8598999E-0003
    15.08000   0.1668551E-0001   0.2385900E-0003  -0.4413023E-0003  -0.1512758E-0003   0.5540672E-0002  -0.8264506E-0003
    15.08800   0.1668728E-0001   0.2216551E-0003  -0.4424759E-0003  -0.1466911E-0003   0.5534322E-0002  -0.7937584E-0003
    15.09600   0.1668892E-0001   0.2042205E-0003  -0.4436196E-0003  -0.1429716E-0003   0.5528226E-0002  -0.7619575E-0003
    15.10400   0.1669041E-0001   0.1862904E-0003  -0.4447410E-0003  -0.1401648E-0003   0.5522377E-0002  -0.7311606E-0003
    15.11200   0.1669175E-0001   0.1678670E-0003  -0.4458474E-0003  -0.1383024E-0003   0.5516765E-0002  -0.7014564E-0003
    15.12000   0.1669294E-0001   0.1489532E-0003  -0.4469466E-0003  -0.1373986E-0003   0.5511382E-0002  -0.6729070E-0003
    15.12800   0.1669398E-0001   0.1295541E-0003  -0.4480462E-0003  -0.1374490E-0003   0.5506218E-0002  -0.6455468E-0003
    15.13600   0.1669485E-0001   0.1096799E-0003  -0.4491536E-0003  -0.1384297E-0003   0.5501263E-0002  -0.6193814E-0003
    15.14400   0.1669557E-0001   0.8934684E-0004  -0.4502760E-0003  -0.1402968E-0003   0.5496508E-0002  -0.5943868E-0003
    15.15200   0.1669612E-0001   0.6857995E-0004  -0.4514199E-0003  -0.1429868E-0003   0.5491944E-0002  -0.5705103E-0003
    15.16000   0.1669650E-0001   0.4741400E-0004  -0.4525912E-0003  -0.1464172E-0003   0.5487562E-0002  -0.5476711E-0003
    15.16800   0.1669670E-0001   0.2589491E-0004  -0.4537951E-0003  -0.1504881E-0003   0.5483356E-0002  -0.5257622E-0003
    15.17600   0.1669674E-0001   0.4080669E-0005  -0.4550358E-0003  -0.1550848E-0003   0.5479319E-0002  -0.5046526E-0003
    15.18400   0.1669659E-0001  -0.1795831E-0004  -0.4563164E-0003  -0.1600797E-0003   0.5475445E-0002  -0.4841902E-0003
    15.19200   0.1669627E-0001  -0.4013912E-0004  -0.4576391E-0003  -0.1653370E-0003   0.5471732E-0002  -0.4642057E-0003
    15.20000   0.1669577E-0001  -0.6236684E-0004  -0.4590048E-0003  -0.1707154E-0003   0.5468176E-0002  -0.4445164E-0003
    15.20800   0.1669510E-0001  -0.8453548E-0004  -0.4604134E-0003  -0.1760734E-0003   0.5464776E-0002  -0.4249306E-0003
    15.21600   0.1669425E-0001  -0.1065293E-0003  -0.4618636E-0003  -0.1812734E-0003   0.5461534E-0002  -0.4052525E-0003
    15.22400   0.1669322E-0001  -0.1282246E-0003  -0.4633531E-0003  -0.1861864E-0003   0.5458452E-0002  -0.3852867E-0003
    15.23200   0.1669202E-0001  -0.1494920E-0003  -0.4648787E-0003  -0.1906964E-0003   0.5455533E-0002  -0.3648431E-0003
    15.24000   0.1669066E-0001  -0.1701988E-0003  -0.4664363E-0003  -0.1947048E-0003   0.5452783E-0002  -0.3437419E-0003
    15.24800   0.1668914E-0001  -0.1902117E-0003  -0.4680214E-0003  -0.1981335E-0003   0.5450209E-0002  -0.3218177E-0003
    15.25600   0.1668747E-0001  -0.2093998E-0003  -0.4696288E-0003  -0.2009285E-0003   0.5447817E-0002  -0.2989233E-0003
    15.26400   0.1668564E-0001  -0.2276376E-0003  -0.4712533E-0003  -0.2030613E-0003   0.5445618E-0002  -0.2749337E-0003
    15.27200   0.1668369E-0001  -0.2448078E-0003  -0.4728895E-0003  -0.2045306E-0003   0.5443620E-0002  -0.2497487E-0003
    15.28000   0.1668160E-0001  -0.2608040E-0003  -0.4745324E-0003  -0.2053621E-0003   0.5441833E-0002  -0.2232949E-0003
    15.28800   0.1667939E-0001  -0.2755339E-0003  -0.4761773E-0003  -0.2056074E-0003   0.5440269E-0002  -0.1955272E-0003
    15.29600   0.1667708E-0001  -0.2889211E-0003  -0.4778200E-0003  -0.2053423E-0003   0.5438938E-0002  -0.1664292E-0003
    15.30400   0.1667468E-0001  -0.3009071E-0003  -0.4794574E-0003  -0.2046640E-0003   0.5437850E-0002  -0.1360129E-0003
    15.31200   0.1667218E-0001  -0.3114531E-0003  -0.4810868E-0003  -0.2036866E-0003   0.5437015E-0002  -0.1043179E-0003
    15.32000   0.1666962E-0001  -0.3205406E-0003  -0.4827071E-0003  -0.2025373E-0003   0.5436444E-0002  -0.7140868E-0004
    15.32800   0.1666699E-0001  -0.3281723E-0003  -0.4843180E-0003  -0.2013510E-0003   0.5436145E-0002  -0.3737259E-0004
    15.33600   0.1666432E-0001  -0.3343718E-0003  -0.4859201E-0003  -0.2002649E-0003   0.5436126E-0002  -0.2316175E-0005
    15.34400   0.1666161E-0001  -0.3391829E-0003  -0.4875154E-0003  -0.1994129E-0003   0.5436395E-0002   0.3363865E-0004
    15.35200   0.1665887E-0001  -0.3426686E-0003  -0.4891067E-0003  -0.1989206E-0003   0.5436958E-0002   0.7035888E-0004
    15.36000   0.1665611E-0001  -0.3449094E-0003  -0.4906979E-0003  -0.1988996E-0003   0.5437820E-0002   0.1077050E-0003
    15.36800   0.1665334E-0001  -0.3460011E-0003  -0.4922935E-0003  -0.1994435E-0003   0.5438984E-0002   0.1455357E-0003
    15.37600   0.1665057E-0001  -0.3460526E-0003  -0.4938985E-0003  -0.2006235E-0003   0.5440454E-0002   0.1837124E-0003
    15.38400   0.1664781E-0001  -0.3451829E-0003  -0.4955184E-0003  -0.2024859E-0003   0.5442231E-0002   0.2221041E-0003
    15.39200   0.1664506E-0001  -0.3435187E-0003  -0.4971588E-0003  -0.2050493E-0003   0.5444315E-0002   0.2605912E-0003
    15.40000   0.1664233E-0001  -0.3411905E-0003  -0.4988252E-0003  -0.2083044E-0003   0.5446708E-0002   0.2990690E-0003
    15.40800   0.1663962E-0001  -0.3383305E-0003  -0.5005229E-0003  -0.2122130E-0003   0.5449408E-0002   0.3374515E-0003
    15.41600   0.1663694E-0001  -0.3350695E-0003  -0.5022566E-0003  -0.2167102E-0003   0.5452413E-0002   0.3756731E-0003
    15.42400   0.1663429E-0001  -0.3315339E-0003  -0.5040302E-0003  -0.2217056E-0003   0.5455723E-0002   0.4136905E-0003
    15.43200   0.1663167E-0001  -0.3278437E-0003  -0.5058469E-0003  -0.2270868E-0003   0.5459334E-0002   0.4514836E-0003
    15.44000   0.1662908E-0001  -0.3241105E-0003  -0.5077087E-0003  -0.2327234E-0003   0.5463247E-0002   0.4890551E-0003
    15.44800   0.1662651E-0001  -0.3204355E-0003  -0.5096165E-0003  -0.2384715E-0003   0.5467458E-0002   0.5264302E-0003
    15.45600   0.1662398E-0001  -0.3169090E-0003  -0.5115699E-0003  -0.2441789E-0003   0.5471967E-0002   0.5636541E-0003
    15.46400   0.1662147E-0001  -0.3136092E-0003  -0.5135674E-0003  -0.2496907E-0003   0.5476774E-0002   0.6007900E-0003
    15.47200   0.1661898E-0001  -0.3106021E-0003  -0.5156063E-0003  -0.2548554E-0003   0.5481877E-0002   0.6379156E-0003
    15.48000   0.1661652E-0001  -0.3079421E-0003  -0.5176825E-0003  -0.2595302E-0003   0.5487278E-0002   0.6751196E-0003
    15.48800   0.1661407E-0001  -0.3056724E-0003  -0.5197912E-0003  -0.2635867E-0003   0.5492978E-0002   0.7124971E-0003
    15.49600   0.1661164E-0001  -0.3038259E-0003  -0.5219265E-0003  -0.2669165E-0003   0.5498979E-0002   0.7501452E-0003
    15.50400   0.1660922E-0001  -0.3024268E-0003  -0.5240820E-0003  -0.2694350E-0003   0.5505285E-0002   0.7881578E-0003
    15.51200   0.1660681E-0001  -0.3014920E-0003  -0.5262507E-0003  -0.2710856E-0003   0.5511897E-0002   0.8266216E-0003
    15.52000   0.1660440E-0001  -0.3010328E-0003  -0.5284255E-0003  -0.2718426E-0003   0.5518822E-0002   0.8656104E-0003
    15.52800   0.1660200E-0001  -0.3010563E-0003  -0.5305992E-0003  -0.2717129E-0003   0.5526064E-0002   0.9051812E-0003
    15.53600   0.1659958E-0001  -0.3015676E-0003  -0.5327650E-0003  -0.2707364E-0003   0.5533627E-0002   0.9453703E-0003
    15.54400   0.1659716E-0001  -0.3025702E-0003  -0.5349169E-0003  -0.2689861E-0003   0.5541516E-0002   0.9861891E-0003
    15.55200   0.1659473E-0001  -0.3040683E-0003  -0.5370495E-0003  -0.2665657E-0003   0.5549737E-0002   0.1027622E-0002
    15.56000   0.1659228E-0001  -0.3060668E-0003  -0.5391583E-0003  -0.2636072E-0003   0.5558294E-0002   0.1069625E-0002
    15.56800   0.1658981E-0001  -0.3085720E-0003  -0.5412405E-0003  -0.2602671E-0003   0.5567191E-0002   0.1112121E-0002
    15.57600   0.1658732E-0001  -0.3115918E-0003  -0.5432942E-0003  -0.2567207E-0003   0.5576431E-0002   0.1155004E-0002
    15.58400   0.1658480E-0001  -0.3151353E-0003  -0.5453195E-0003  -0.2531576E-0003   0.5586016E-0002   0.1198136E-0002
    15.59200   0.1658224E-0001  -0.3192115E-0003  -0.5473177E-0003  -0.2497742E-0003   0.5595947E-0002   0.1241352E-0002
    15.60000   0.1657965E-0001  -0.3238287E-0003  -0.5492918E-0003  -0.2467680E-0003   0.5606223E-0002   0.1284457E-0002
    15.60800   0.1657702E-0001  -0.3289925E-0003  -0.5512465E-0003  -0.2443301E-0003   0.5616841E-0002   0.1327234E-0002
    15.61600   0.1657434E-0001  -0.3347041E-0003  -0.5531876E-0003  -0.2426390E-0003   0.5627796E-0002   0.1369443E-0002
    15.62400   0.1657162E-0001  -0.3409580E-0003  -0.5551224E-0003  -0.2418539E-0003   0.5639083E-0002   0.1410830E-0002
    15.63200   0.1656884E-0001  -0.3477400E-0003  -0.5570593E-0003  -0.2421090E-0003   0.5650692E-0002   0.1451128E-0002
    15.64000   0.1656599E-0001  -0.3550251E-0003  -0.5590073E-0003  -0.2435088E-0003   0.5662612E-0002   0.1490064E-0002
    15.64800   0.1656309E-0001  -0.3627752E-0003  -0.5609763E-0003  -0.2461238E-0003   0.5674831E-0002   0.1527361E-0002
    15.65600   0.1656013E-0001  -0.3709373E-0003  -0.5629762E-0003  -0.2499879E-0003   0.5687333E-0002   0.1562749E-0002
    15.66400   0.1655709E-0001  -0.3794426E-0003  -0.5650170E-0003  -0.2550968E-0003   0.5700101E-0002   0.1595964E-0002
    15.67200   0.1655398E-0001  -0.3882049E-0003  -0.5671083E-0003  -0.2614080E-0003   0.5713115E-0002   0.1626757E-0002
    15.68000   0.1655081E-0001  -0.3971205E-0003  -0.5692590E-0003  -0.2688413E-0003   0.5726354E-0002   0.1654896E-0002
    15.68800   0.1654756E-0001  -0.4060687E-0003  -0.5714773E-0003  -0.2772817E-0003   0.5739796E-0002   0.1680173E-0002
    15.69600   0.1654424E-0001  -0.4149125E-0003  -0.5737699E-0003  -0.2865823E-0003   0.5753415E-0002   0.1702403E-0002
    15.70400   0.1654085E-0001  -0.4235004E-0003  -0.5761425E-0003  -0.2965693E-0003   0.5767186E-0002   0.1721432E-0002
    15.71200   0.1653740E-0001  -0.4316687E-0003  -0.5785989E-0003  -0.3070469E-0003   0.5781083E-0002   0.1737134E-0002
    15.72000   0.1653388E-0001  -0.4392451E-0003  -0.5811413E-0003  -0.3178037E-0003   0.5795079E-0002   0.1749418E-0002
    15.72800   0.1653032E-0001  -0.4460517E-0003  -0.5837702E-0003  -0.3286186E-0003   0.5809145E-0002   0.1758222E-0002
    15.73600   0.1652670E-0001  -0.4519097E-0003  -0.5864844E-0003  -0.3392677E-0003   0.5823253E-0002   0.1763520E-0002
    15.74400   0.1652305E-0001  -0.4566443E-0003  -0.5892806E-0003  -0.3495310E-0003   0.5837375E-0002   0.1765316E-0002
    15.75200   0.1651937E-0001  -0.4600891E-0003  -0.5921542E-0003  -0.3591984E-0003   0.5851484E-0002   0.1763644E-0002
    15.76000   0.1651567E-0001  -0.4620915E-0003  -0.5950988E-0003  -0.3680759E-0003   0.5865553E-0002   0.1758567E-0002
    15.76800   0.1651197E-0001  -0.4625181E-0003  -0.5981067E-0003  -0.3759907E-0003   0.5879554E-0002   0.1750173E-0002
    15.77600   0.1650828E-0001  -0.4612586E-0003  -0.6011691E-0003  -0.3827959E-0003   0.5893463E-0002   0.1738573E-0002
    15.78400   0.1650461E-0001  -0.4582315E-0003  -0.6042761E-0003  -0.3883741E-0003   0.5907254E-0002   0.1723897E-0002
    15.79200   0.1650099E-0001  -0.4533870E-0003  -0.6074172E-0003  -0.3926402E-0003   0.5920904E-0002   0.1706293E-0002
    15.80000   0.1649741E-0001  -0.4467108E-0003  -0.6105816E-0003  -0.3955430E-0003   0.5934392E-0002   0.1685919E-0002
    15.80800   0.1649391E-0001  -0.4382262E-0003  -0.6137581E-0003  -0.3970661E-0003   0.5947695E-0002   0.1662942E-0002
    15.81600   0.1649048E-0001  -0.4279959E-0003  -0.6169359E-0003  -0.3972271E-0003   0.5960796E-0002   0.1637537E-0002
    15.82400   0.1648715E-0001  -0.4161224E-0003  -0.6201045E-0003  -0.3960772E-0003   0.5973675E-0002   0.1609877E-0002
    15.83200   0.1648393E-0001  -0.4027470E-0003  -0.6232541E-0003  -0.3936980E-0003   0.5986316E-0002   0.1580139E-0002
    15.84000   0.1648083E-0001  -0.3880489E-0003  -0.6263757E-0003  -0.3901990E-0003   0.5998704E-0002   0.1548492E-0002
    15.84800   0.1647785E-0001  -0.3722418E-0003  -0.6294614E-0003  -0.3857137E-0003   0.6010824E-0002   0.1515102E-0002
    15.85600   0.1647501E-0001  -0.3555706E-0003  -0.6325046E-0003  -0.3803951E-0003   0.6022665E-0002   0.1480124E-0002
    15.86400   0.1647230E-0001  -0.3383065E-0003  -0.6354999E-0003  -0.3744106E-0003   0.6034215E-0002   0.1443707E-0002
    15.87200   0.1646973E-0001  -0.3207417E-0003  -0.6384434E-0003  -0.3679373E-0003   0.6045463E-0002   0.1405986E-0002
    15.88000   0.1646731E-0001  -0.3031832E-0003  -0.6413326E-0003  -0.3611555E-0003   0.6056400E-0002   0.1367087E-0002
    15.88800   0.1646502E-0001  -0.2859461E-0003  -0.6441666E-0003  -0.3542443E-0003   0.6067017E-0002   0.1327122E-0002
    15.89600   0.1646286E-0001  -0.2693467E-0003  -0.6469456E-0003  -0.3473751E-0003   0.6077306E-0002   0.1286193E-0002
    15.90400   0.1646084E-0001  -0.2536950E-0003  -0.6496712E-0003  -0.3407070E-0003   0.6087261E-0002   0.1244387E-0002
    15.91200   0.1645892E-0001  -0.2392882E-0003  -0.6523463E-0003  -0.3343821E-0003   0.6096876E-0002   0.1201782E-0002
    15.92000   0.1645711E-0001  -0.2264029E-0003  -0.6549744E-0003  -0.3285210E-0003   0.6106143E-0002   0.1158446E-0002
    15.92800   0.1645539E-0001  -0.2152896E-0003  -0.6575602E-0003  -0.3232196E-0003   0.6115059E-0002   0.1114433E-0002
    15.93600   0.1645374E-0001  -0.2061658E-0003  -0.6601086E-0003  -0.3185465E-0003   0.6123617E-0002   0.1069793E-0002
    15.94400   0.1645214E-0001  -0.1992115E-0003  -0.6626249E-0003  -0.3145411E-0003   0.6131813E-0002   0.1024562E-0002
    15.95200   0.1645059E-0001  -0.1945646E-0003  -0.6651146E-0003  -0.3112136E-0003   0.6139644E-0002   0.9787738E-0003
    15.96000   0.1644905E-0001  -0.1923177E-0003  -0.6675830E-0003  -0.3085448E-0003   0.6147103E-0002   0.9324513E-0003
    15.96800   0.1644751E-0001  -0.1925160E-0003  -0.6700349E-0003  -0.3064881E-0003   0.6154188E-0002   0.8856136E-0003
    15.97600   0.1644595E-0001  -0.1951560E-0003  -0.6724746E-0003  -0.3049715E-0003   0.6160894E-0002   0.8382736E-0003
    15.98400   0.1644435E-0001  -0.2001856E-0003  -0.6749059E-0003  -0.3039016E-0003   0.6167218E-0002   0.7904397E-0003
    15.99200   0.1644269E-0001  -0.2075056E-0003  -0.6773312E-0003  -0.3031675E-0003   0.6173155E-0002   0.7421153E-0003
    16.00000   0.1644095E-0001  -0.2169719E-0003  -0.6797524E-0003  -0.3026459E-0003   0.6178701E-0002   0.6932997E-0003
    16.00800   0.1643912E-0001  -0.2283989E-0003  -0.6821700E-0003  -0.3022063E-0003   0.6183853E-0002   0.6439881E-0003
    16.01600   0.1643719E-0001  -0.2415642E-0003  -0.6845837E-0003  -0.3017165E-0003   0.6188606E-0002   0.5941711E-0003
    16.02400   0.1643514E-0001  -0.2562134E-0003  -0.6869921E-0003  -0.3010485E-0003   0.6192957E-0002   0.5438354E-0003
    16.03200   0.1643296E-0001  -0.2720661E-0003  -0.6893928E-0003  -0.3000838E-0003   0.6196901E-0002   0.4929630E-0003
    16.04000   0.1643065E-0001  -0.2888228E-0003  -0.6917825E-0003  -0.2987180E-0003   0.6200433E-0002   0.4415314E-0003
    16.04800   0.1642820E-0001  -0.3061712E-0003  -0.6941575E-0003  -0.2968654E-0003   0.6203549E-0002   0.3895133E-0003
    16.05600   0.1642561E-0001  -0.3237934E-0003  -0.6965132E-0003  -0.2944626E-0003   0.6206244E-0002   0.3368765E-0003
    16.06400   0.1642288E-0001  -0.3413730E-0003  -0.6988449E-0003  -0.2914703E-0003   0.6208513E-0002   0.2835837E-0003
    16.07200   0.1642001E-0001  -0.3586016E-0003  -0.7011479E-0003  -0.2878755E-0003   0.6210350E-0002   0.2295926E-0003
    16.08000   0.1641701E-0001  -0.3751858E-0003  -0.7034175E-0003  -0.2836912E-0003   0.6211748E-0002   0.1748556E-0003
    16.08800   0.1641389E-0001  -0.3908527E-0003  -0.7056491E-0003  -0.2789560E-0003   0.6212703E-0002   0.1193205E-0003
    16.09600   0.1641064E-0001  -0.4053554E-0003  -0.7078390E-0003  -0.2737320E-0003   0.6213206E-0002   0.6293002E-0004
    16.10400   0.1640730E-0001  -0.4184774E-0003  -0.7099838E-0003  -0.2681020E-0003   0.6213251E-0002   0.5622721E-0005
    16.11200   0.1640386E-0001  -0.4300368E-0003  -0.7120811E-0003  -0.2621666E-0003   0.6212830E-0002  -0.5266688E-0004
    16.12000   0.1640034E-0001  -0.4398881E-0003  -0.7141294E-0003  -0.2560390E-0003   0.6211934E-0002  -0.1120077E-0003
    16.12800   0.1639675E-0001  -0.4479250E-0003  -0.7161282E-0003  -0.2498416E-0003   0.6210554E-0002  -0.1724715E-0003
    16.13600   0.1639312E-0001  -0.4540804E-0003  -0.7180778E-0003  -0.2437007E-0003   0.6208681E-0002  -0.2341320E-0003
    16.14400   0.1638945E-0001  -0.4583263E-0003  -0.7199797E-0003  -0.2377422E-0003   0.6206305E-0002  -0.2970647E-0003
    16.15200   0.1638577E-0001  -0.4606727E-0003  -0.7218364E-0003  -0.2320871E-0003   0.6203414E-0002  -0.3613455E-0003
    16.16000   0.1638208E-0001  -0.4611656E-0003  -0.7236512E-0003  -0.2268478E-0003   0.6199998E-0002  -0.4270503E-0003
    16.16800   0.1637840E-0001  -0.4598836E-0003  -0.7254282E-0003  -0.2221249E-0003   0.6196044E-0002  -0.4942539E-0003
    16.17600   0.1637474E-0001  -0.4569346E-0003  -0.7271722E-0003  -0.2180043E-0003   0.6191539E-0002  -0.5630298E-0003
    16.18400   0.1637112E-0001  -0.4524513E-0003  -0.7288887E-0003  -0.2145561E-0003   0.6186472E-0002  -0.6334488E-0003
    16.19200   0.1636755E-0001  -0.4465862E-0003  -0.7305833E-0003  -0.2118326E-0003   0.6180827E-0002  -0.7055787E-0003
    16.20000   0.1636404E-0001  -0.4395070E-0003  -0.7322623E-0003  -0.2098693E-0003   0.6174591E-0002  -0.7794836E-0003
    16.20800   0.1636058E-0001  -0.4313904E-0003  -0.7339318E-0003  -0.2086842E-0003   0.6167749E-0002  -0.8552234E-0003
    16.21600   0.1635721E-0001  -0.4224172E-0003  -0.7355980E-0003  -0.2082797E-0003   0.6160287E-0002  -0.9328528E-0003
    16.22400   0.1635390E-0001  -0.4127665E-0003  -0.7372672E-0003  -0.2086441E-0003   0.6152187E-0002  -0.1012421E-0002
    16.23200   0.1635068E-0001  -0.4026106E-0003  -0.7389452E-0003  -0.2097528E-0003   0.6143435E-0002  -0.1093972E-0002
    16.24000   0.1634755E-0001  -0.3921100E-0003  -0.7406377E-0003  -0.2115715E-0003   0.6134015E-0002  -0.1177543E-0002
    16.24800   0.1634449E-0001  -0.3814086E-0003  -0.7423502E-0003  -0.2140572E-0003   0.6123910E-0002  -0.1263163E-0002
    16.25600   0.1634153E-0001  -0.3706301E-0003  -0.7440875E-0003  -0.2171612E-0003   0.6113103E-0002  -0.1350857E-0002
    16.26400   0.1633865E-0001  -0.3598740E-0003  -0.7458541E-0003  -0.2208299E-0003   0.6101578E-0002  -0.1440638E-0002
    16.27200   0.1633586E-0001  -0.3492135E-0003  -0.7476542E-0003  -0.2250075E-0003   0.6089318E-0002  -0.1532515E-0002
    16.28000   0.1633315E-0001  -0.3386932E-0003  -0.7494913E-0003  -0.2296360E-0003   0.6076306E-0002  -0.1626485E-0002
    16.28800   0.1633052E-0001  -0.3283276E-0003  -0.7513685E-0003  -0.2346566E-0003   0.6062526E-0002  -0.1722537E-0002
    16.29600   0.1632798E-0001  -0.3181014E-0003  -0.7532886E-0003  -0.2400099E-0003   0.6047960E-0002  -0.1820651E-0002
    16.30400   0.1632551E-0001  -0.3079694E-0003  -0.7552537E-0003  -0.2456360E-0003   0.6032594E-0002  -0.1920794E-0002
    16.31200   0.1632313E-0001  -0.2978579E-0003  -0.7572655E-0003  -0.2514738E-0003   0.6016411E-0002  -0.2022925E-0002
    16.32000   0.1632083E-0001  -0.2876667E-0003  -0.7593252E-0003  -0.2574613E-0003   0.5999395E-0002  -0.2126989E-0002
    16.32800   0.1631861E-0001  -0.2772717E-0003  -0.7614335E-0003  -0.2635341E-0003   0.5981531E-0002  -0.2232920E-0002
    16.33600   0.1631648E-0001  -0.2665288E-0003  -0.7635905E-0003  -0.2696254E-0003   0.5962806E-0002  -0.2340639E-0002
    16.34400   0.1631444E-0001  -0.2552772E-0003  -0.7657958E-0003  -0.2756655E-0003   0.5943206E-0002  -0.2450051E-0002
    16.35200   0.1631249E-0001  -0.2433442E-0003  -0.7680484E-0003  -0.2815811E-0003   0.5922717E-0002  -0.2561051E-0002
    16.36000   0.1631064E-0001  -0.2305503E-0003  -0.7703468E-0003  -0.2872959E-0003   0.5901329E-0002  -0.2673516E-0002
    16.36800   0.1630891E-0001  -0.2167137E-0003  -0.7726886E-0003  -0.2927303E-0003   0.5879031E-0002  -0.2787310E-0002
    16.37600   0.1630730E-0001  -0.2016563E-0003  -0.7750711E-0003  -0.2978025E-0003   0.5855812E-0002  -0.2902281E-0002
    16.38400   0.1630582E-0001  -0.1852086E-0003  -0.7774905E-0003  -0.3024298E-0003   0.5831666E-0002  -0.3018262E-0002
    16.39200   0.1630448E-0001  -0.1672148E-0003  -0.7799427E-0003  -0.3065298E-0003   0.5806586E-0002  -0.3135071E-0002
    16.40000   0.1630330E-0001  -0.1475382E-0003  -0.7824229E-0003  -0.3100223E-0003   0.5780566E-0002  -0.3252511E-0002
    16.40800   0.1630229E-0001  -0.1260658E-0003  -0.7849256E-0003  -0.3128315E-0003   0.5753603E-0002  -0.3370370E-0002
    16.41600   0.1630147E-0001  -0.1027120E-0003  -0.7874447E-0003  -0.3148886E-0003   0.5725695E-0002  -0.3488421E-0002
    16.42400   0.1630085E-0001  -0.7742303E-0004  -0.7899737E-0003  -0.3161337E-0003   0.5696844E-0002  -0.3606425E-0002
    16.43200   0.1630045E-0001  -0.5017956E-0004  -0.7925059E-0003  -0.3165186E-0003   0.5667051E-0002  -0.3724130E-0002
    16.44000   0.1630028E-0001  -0.2099912E-0004  -0.7950340E-0003  -0.3160089E-0003   0.5636321E-0002  -0.3841272E-0002
    16.44800   0.1630036E-0001   0.1006228E-0004  -0.7975507E-0003  -0.3145858E-0003   0.5604660E-0002  -0.3957575E-0002
    16.45600   0.1630070E-0001   0.4290941E-0004  -0.8000486E-0003  -0.3122478E-0003   0.5572078E-0002  -0.4072758E-0002
    16.46400   0.1630132E-0001   0.7740779E-0004  -0.8025207E-0003  -0.3090120E-0003   0.5538586E-0002  -0.4186528E-0002
    16.47200   0.1630223E-0001   0.1133846E-0003  -0.8049600E-0003  -0.3049139E-0003   0.5504197E-0002  -0.4298588E-0002
    16.48000   0.1630343E-0001   0.1506303E-0003  -0.8073601E-0003  -0.3000080E-0003   0.5468928E-0002  -0.4408635E-0002
    16.48800   0.1630494E-0001   0.1889012E-0003  -0.8097150E-0003  -0.2943666E-0003   0.5432797E-0002  -0.4516364E-0002
    16.49600   0.1630677E-0001   0.2279224E-0003  -0.8120197E-0003  -0.2880786E-0003   0.5395825E-0002  -0.4621468E-0002
    16.50400   0.1630891E-0001   0.2673917E-0003  -0.8142696E-0003  -0.2812468E-0003   0.5358036E-0002  -0.4723641E-0002
    16.51200   0.1631136E-0001   0.3069843E-0003  -0.8164615E-0003  -0.2739861E-0003   0.5319456E-0002  -0.4822577E-0002
    16.52000   0.1631413E-0001   0.3463570E-0003  -0.8185929E-0003  -0.2664197E-0003   0.5280112E-0002  -0.4917975E-0002
    16.52800   0.1631722E-0001   0.3851545E-0003  -0.8206623E-0003  -0.2586755E-0003   0.5240036E-0002  -0.5009539E-0002
    16.53600   0.1632060E-0001   0.4230141E-0003  -0.8226694E-0003  -0.2508827E-0003   0.5199260E-0002  -0.5096979E-0002
    16.54400   0.1632428E-0001   0.4595722E-0003  -0.8246147E-0003  -0.2431675E-0003   0.5157820E-0002  -0.5180014E-0002
    16.55200   0.1632823E-0001   0.4944699E-0003  -0.8264999E-0003  -0.2356493E-0003   0.5115753E-0002  -0.5258372E-0002
    16.56000   0.1633245E-0001   0.5273590E-0003  -0.8283274E-0003  -0.2284368E-0003   0.5073098E-0002  -0.5331794E-0002
    16.56800   0.1633691E-0001   0.5579076E-0003  -0.8301004E-0003  -0.2216249E-0003   0.5029898E-0002  -0.5400033E-0002
    16.57600   0.1634160E-0001   0.5858062E-0003  -0.8318227E-0003  -0.2152914E-0003   0.4986195E-0002  -0.5462855E-0002
    16.58400   0.1634649E-0001   0.6107723E-0003  -0.8334987E-0003  -0.2094946E-0003   0.4942035E-0002  -0.5520044E-0002
    16.59200   0.1635155E-0001   0.6325558E-0003  -0.8351328E-0003  -0.2042720E-0003   0.4897464E-0002  -0.5571400E-0002
    16.60000   0.1635675E-0001   0.6509431E-0003  -0.8367300E-0003  -0.1996389E-0003   0.4852530E-0002  -0.5616743E-0002
    16.60800   0.1636208E-0001   0.6657611E-0003  -0.8382947E-0003  -0.1955886E-0003   0.4807282E-0002  -0.5655912E-0002
    16.61600   0.1636750E-0001   0.6768802E-0003  -0.8398314E-0003  -0.1920928E-0003   0.4761772E-0002  -0.5688771E-0002
    16.62400   0.1637297E-0001   0.6842168E-0003  -0.8413442E-0003  -0.1891030E-0003   0.4716051E-0002  -0.5715204E-0002
    16.63200   0.1637847E-0001   0.6877355E-0003  -0.8428367E-0003  -0.1865529E-0003   0.4670170E-0002  -0.5735124E-0002
    16.64000   0.1638397E-0001   0.6874494E-0003  -0.8443115E-0003  -0.1843609E-0003   0.4624182E-0002  -0.5748468E-0002
    16.64800   0.1638944E-0001   0.6834212E-0003  -0.8457710E-0003  -0.1824335E-0003   0.4578140E-0002  -0.5755205E-0002
    16.65600   0.1639484E-0001   0.6757621E-0003  -0.8472164E-0003  -0.1806693E-0003   0.4532098E-0002  -0.5755331E-0002
    16.66400   0.1640016E-0001   0.6646308E-0003  -0.8486481E-0003  -0.1789623E-0003   0.4486107E-0002  -0.5748876E-0002
    16.67200   0.1640536E-0001   0.6502315E-0003  -0.8500657E-0003  -0.1772067E-0003   0.4440219E-0002  -0.5735903E-0002
    16.68000   0.1641043E-0001   0.6328109E-0003  -0.8514681E-0003  -0.1753005E-0003   0.4394487E-0002  -0.5716510E-0002
    16.68800   0.1641533E-0001   0.6126549E-0003  -0.8528533E-0003  -0.1731493E-0003   0.4348961E-0002  -0.5690829E-0002
    16.69600   0.1642005E-0001   0.5900848E-0003  -0.8542187E-0003  -0.1706700E-0003   0.4303688E-0002  -0.5659031E-0002
    16.70400   0.1642457E-0001   0.5654522E-0003  -0.8555610E-0003  -0.1677938E-0003   0.4258718E-0002  -0.5621322E-0002
    16.71200   0.1642888E-0001   0.5391343E-0003  -0.8568768E-0003  -0.1644683E-0003   0.4214094E-0002  -0.5577944E-0002
    16.72000   0.1643298E-0001   0.5115282E-0003  -0.8581621E-0003  -0.1606597E-0003   0.4169861E-0002  -0.5529179E-0002
    16.72800   0.1643684E-0001   0.4830449E-0003  -0.8594129E-0003  -0.1563539E-0003   0.4126058E-0002  -0.5475342E-0002
    16.73600   0.1644047E-0001   0.4541036E-0003  -0.8606253E-0003  -0.1515566E-0003   0.4082724E-0002  -0.5416784E-0002
    16.74400   0.1644387E-0001   0.4251252E-0003  -0.8617957E-0003  -0.1462933E-0003   0.4039893E-0002  -0.5353887E-0002
    16.75200   0.1644705E-0001   0.3965264E-0003  -0.8629205E-0003  -0.1406081E-0003   0.3997596E-0002  -0.5287065E-0002
    16.76000   0.1645000E-0001   0.3687130E-0003  -0.8639970E-0003  -0.1345623E-0003   0.3955862E-0002  -0.5216757E-0002
    16.76800   0.1645273E-0001   0.3420745E-0003  -0.8650229E-0003  -0.1282322E-0003   0.3914715E-0002  -0.5143428E-0002
    16.77600   0.1645527E-0001   0.3169779E-0003  -0.8659966E-0003  -0.1217066E-0003   0.3874174E-0002  -0.5067560E-0002
    16.78400   0.1645762E-0001   0.2937628E-0003  -0.8669172E-0003  -0.1150838E-0003   0.3834257E-0002  -0.4989650E-0002
    16.79200   0.1645980E-0001   0.2727363E-0003  -0.8677850E-0003  -0.1084686E-0003   0.3794975E-0002  -0.4910206E-0002
    16.80000   0.1646183E-0001   0.2541685E-0003  -0.8686007E-0003  -0.1019692E-0003   0.3756337E-0002  -0.4829737E-0002
    16.80800   0.1646374E-0001   0.2382890E-0003  -0.8693663E-0003  -0.9569377E-0004   0.3718347E-0002  -0.4748751E-0002
    16.81600   0.1646554E-0001   0.2252838E-0003  -0.8700843E-0003  -0.8974750E-0004   0.3681005E-0002  -0.4667748E-0002
    16.82400   0.1646727E-0001   0.2152931E-0003  -0.8707581E-0003  -0.8422980E-0004   0.3644308E-0002  -0.4587213E-0002
    16.83200   0.1646893E-0001   0.2084096E-0003  -0.8713920E-0003  -0.7923167E-0004   0.3608247E-0002  -0.4507609E-0002
    16.84000   0.1647057E-0001   0.2046778E-0003  -0.8719906E-0003  -0.7483345E-0004   0.3572812E-0002  -0.4429372E-0002
    16.84800   0.1647220E-0001   0.2040944E-0003  -0.8725594E-0003  -0.7110309E-0004   0.3537989E-0002  -0.4352906E-0002
    16.85600   0.1647386E-0001   0.2066088E-0003  -0.8731042E-0003  -0.6809469E-0004   0.3503760E-0002  -0.4278572E-0002
    16.86400   0.1647555E-0001   0.2121255E-0003  -0.8736310E-0003  -0.6584757E-0004   0.3470107E-0002  -0.4206691E-0002
    16.87200   0.1647732E-0001   0.2205063E-0003  -0.8741461E-0003  -0.6438580E-0004   0.3437006E-0002  -0.4137533E-0002
    16.88000   0.1647917E-0001   0.2315738E-0003  -0.8746558E-0003  -0.6371806E-0004   0.3404436E-0002  -0.4071314E-0002
    16.88800   0.1648113E-0001   0.2451154E-0003  -0.8751665E-0003  -0.6383798E-0004   0.3372370E-0002  -0.4008198E-0002
    16.89600   0.1648322E-0001   0.2608880E-0003  -0.8756843E-0003  -0.6472479E-0004   0.3340784E-0002  -0.3948287E-0002
    16.90400   0.1648545E-0001   0.2786236E-0003  -0.8762151E-0003  -0.6634425E-0004   0.3309651E-0002  -0.3891626E-0002
    16.91200   0.1648783E-0001   0.2980343E-0003  -0.8767643E-0003  -0.6864988E-0004   0.3278945E-0002  -0.3838201E-0002
    16.92000   0.1649038E-0001   0.3188191E-0003  -0.8773369E-0003  -0.7158436E-0004   0.3248642E-0002  -0.3787938E-0002
    16.92800   0.1649311E-0001   0.3406696E-0003  -0.8779376E-0003  -0.7508106E-0004   0.3218716E-0002  -0.3740709E-0002
    16.93600   0.1649601E-0001   0.3632764E-0003  -0.8785701E-0003  -0.7906575E-0004   0.3189145E-0002  -0.3696332E-0002
    16.94400   0.1649910E-0001   0.3863355E-0003  -0.8792378E-0003  -0.8345822E-0004   0.3159909E-0002  -0.3654575E-0002
    16.95200   0.1650238E-0001   0.4095544E-0003  -0.8799432E-0003  -0.8817405E-0004   0.3130988E-0002  -0.3615163E-0002
    16.96000   0.1650584E-0001   0.4326576E-0003  -0.8806882E-0003  -0.9312624E-0004   0.3102365E-0002  -0.3577784E-0002
    16.96800   0.1650948E-0001   0.4553921E-0003  -0.8814740E-0003  -0.9822688E-0004   0.3074029E-0002  -0.3542092E-0002
    16.97600   0.1651330E-0001   0.4775318E-0003  -0.8823011E-0003  -0.1033887E-0003   0.3045967E-0002  -0.3507718E-0002
    16.98400   0.1651730E-0001   0.4988820E-0003  -0.8831693E-0003  -0.1085265E-0003   0.3018173E-0002  -0.3474278E-0002
    16.99200   0.1652145E-0001   0.5192819E-0003  -0.8840778E-0003  -0.1135585E-0003   0.2990642E-0002  -0.3441377E-0002
    17.00000   0.1652576E-0001   0.5386076E-0003  -0.8850251E-0003  -0.1184077E-0003   0.2963373E-0002  -0.3408622E-0002
    17.00800   0.1653021E-0001   0.5567731E-0003  -0.8860091E-0003  -0.1230029E-0003   0.2936368E-0002  -0.3375628E-0002
    17.01600   0.1653480E-0001   0.5737306E-0003  -0.8870273E-0003  -0.1272800E-0003   0.2909631E-0002  -0.3342024E-0002
    17.02400   0.1653952E-0001   0.5894704E-0003  -0.8880768E-0003  -0.1311823E-0003   0.2883172E-0002  -0.3307465E-0002
    17.03200   0.1654435E-0001   0.6040189E-0003  -0.8891541E-0003  -0.1346624E-0003   0.2856999E-0002  -0.3271637E-0002
    17.04000   0.1654929E-0001   0.6174363E-0003  -0.8902555E-0003  -0.1376818E-0003   0.2831124E-0002  -0.3234261E-0002
    17.04800   0.1655433E-0001   0.6298133E-0003  -0.8913772E-0003  -0.1402123E-0003   0.2805564E-0002  -0.3195102E-0002
    17.05600   0.1655946E-0001   0.6412669E-0003  -0.8925151E-0003  -0.1422363E-0003   0.2780332E-0002  -0.3153973E-0002
    17.06400   0.1656467E-0001   0.6519357E-0003  -0.8936651E-0003  -0.1437472E-0003   0.2755446E-0002  -0.3110738E-0002
    17.07200   0.1656997E-0001   0.6619745E-0003  -0.8948231E-0003  -0.1447495E-0003   0.2730923E-0002  -0.3065313E-0002
    17.08000   0.1657534E-0001   0.6715485E-0003  -0.8959852E-0003  -0.1452590E-0003   0.2706782E-0002  -0.3017670E-0002
    17.08800   0.1658079E-0001   0.6808278E-0003  -0.8971476E-0003  -0.1453031E-0003   0.2683039E-0002  -0.2967834E-0002
    17.09600   0.1658631E-0001   0.6899808E-0003  -0.8983069E-0003  -0.1449199E-0003   0.2659712E-0002  -0.2915885E-0002
    17.10400   0.1659190E-0001   0.6991690E-0003  -0.8994602E-0003  -0.1441583E-0003   0.2636817E-0002  -0.2861952E-0002
    17.11200   0.1659757E-0001   0.7085409E-0003  -0.9006048E-0003  -0.1430769E-0003   0.2614367E-0002  -0.2806214E-0002
    17.12000   0.1660332E-0001   0.7182272E-0003  -0.9017388E-0003  -0.1417436E-0003   0.2592376E-0002  -0.2748890E-0002
    17.12800   0.1660914E-0001   0.7283361E-0003  -0.9028606E-0003  -0.1402339E-0003   0.2570854E-0002  -0.2690238E-0002
    17.13600   0.1661505E-0001   0.7389501E-0003  -0.9039697E-0003  -0.1386299E-0003   0.2549810E-0002  -0.2630547E-0002
    17.14400   0.1662106E-0001   0.7501222E-0003  -0.9050658E-0003  -0.1370183E-0003   0.2529249E-0002  -0.2570128E-0002
    17.15200   0.1662715E-0001   0.7618750E-0003  -0.9061497E-0003  -0.1354892E-0003   0.2509174E-0002  -0.2509313E-0002
    17.16000   0.1663334E-0001   0.7741989E-0003  -0.9072228E-0003  -0.1341333E-0003   0.2489587E-0002  -0.2448438E-0002
    17.16800   0.1663964E-0001   0.7870530E-0003  -0.9082871E-0003  -0.1330403E-0003   0.2470484E-0002  -0.2387846E-0002
    17.17600   0.1664604E-0001   0.8003658E-0003  -0.9093455E-0003  -0.1322966E-0003   0.2451861E-0002  -0.2327869E-0002
    17.18400   0.1665256E-0001   0.8140378E-0003  -0.9104014E-0003  -0.1319829E-0003   0.2433710E-0002  -0.2268829E-0002
    17.19200   0.1665918E-0001   0.8279441E-0003  -0.9114587E-0003  -0.1321718E-0003   0.2416022E-0002  -0.2211026E-0002
    17.20000   0.1666591E-0001   0.8419391E-0003  -0.9125222E-0003  -0.1329261E-0003   0.2398784E-0002  -0.2154735E-0002
    17.20800   0.1667276E-0001   0.8558605E-0003  -0.9135965E-0003  -0.1342967E-0003   0.2381982E-0002  -0.2100200E-0002
    17.21600   0.1667972E-0001   0.8695353E-0003  -0.9146871E-0003  -0.1363206E-0003   0.2365601E-0002  -0.2047626E-0002
    17.22400   0.1668678E-0001   0.8827849E-0003  -0.9157993E-0003  -0.1390202E-0003   0.2349624E-0002  -0.1997181E-0002
    17.23200   0.1669394E-0001   0.8954312E-0003  -0.9169385E-0003  -0.1424013E-0003   0.2334032E-0002  -0.1948993E-0002
    17.24000   0.1670120E-0001   0.9073026E-0003  -0.9181101E-0003  -0.1464536E-0003   0.2318807E-0002  -0.1903144E-0002
    17.24800   0.1670855E-0001   0.9182394E-0003  -0.9193193E-0003  -0.1511497E-0003   0.2303930E-0002  -0.1859675E-0002
    17.25600   0.1671597E-0001   0.9280996E-0003  -0.9205709E-0003  -0.1564456E-0003   0.2289381E-0002  -0.1818587E-0002
    17.26400   0.1672347E-0001   0.9367634E-0003  -0.9218691E-0003  -0.1622820E-0003   0.2275142E-0002  -0.1779840E-0002
    17.27200   0.1673102E-0001   0.9441371E-0003  -0.9232178E-0003  -0.1685846E-0003   0.2261195E-0002  -0.1743361E-0002
    17.28000   0.1673862E-0001   0.9501566E-0003  -0.9246199E-0003  -0.1752666E-0003   0.2247523E-0002  -0.1709043E-0002
    17.28800   0.1674626E-0001   0.9547897E-0003  -0.9260778E-0003  -0.1822302E-0003   0.2234109E-0002  -0.1676756E-0002
    17.29600   0.1675392E-0001   0.9580370E-0003  -0.9275927E-0003  -0.1893691E-0003   0.2220938E-0002  -0.1646348E-0002
    17.30400   0.1676160E-0001   0.9599321E-0003  -0.9291653E-0003  -0.1965710E-0003   0.2207997E-0002  -0.1617653E-0002
    17.31200   0.1676929E-0001   0.9605409E-0003  -0.9307950E-0003  -0.2037203E-0003   0.2195273E-0002  -0.1590498E-0002
    17.32000   0.1677697E-0001   0.9599589E-0003  -0.9324807E-0003  -0.2107011E-0003   0.2182755E-0002  -0.1564707E-0002
    17.32800   0.1678463E-0001   0.9583090E-0003  -0.9342199E-0003  -0.2173999E-0003   0.2170434E-0002  -0.1540113E-0002
    17.33600   0.1679228E-0001   0.9557368E-0003  -0.9360095E-0003  -0.2237081E-0003   0.2158302E-0002  -0.1516554E-0002
    17.34400   0.1679990E-0001   0.9524067E-0003  -0.9378457E-0003  -0.2295250E-0003   0.2146351E-0002  -0.1493889E-0002
    17.35200   0.1680749E-0001   0.9484958E-0003  -0.9397238E-0003  -0.2347599E-0003   0.2134575E-0002  -0.1471997E-0002
    17.36000   0.1681504E-0001   0.9441889E-0003  -0.9416385E-0003  -0.2393340E-0003   0.2122969E-0002  -0.1450780E-0002
    17.36800   0.1682256E-0001   0.9396722E-0003  -0.9435839E-0003  -0.2431825E-0003   0.2111527E-0002  -0.1430169E-0002
    17.37600   0.1683004E-0001   0.9351280E-0003  -0.9455540E-0003  -0.2462557E-0003   0.2100246E-0002  -0.1410125E-0002
    17.38400   0.1683748E-0001   0.9307283E-0003  -0.9475421E-0003  -0.2485196E-0003   0.2089121E-0002  -0.1390639E-0002
    17.39200   0.1684490E-0001   0.9266299E-0003  -0.9495418E-0003  -0.2499573E-0003   0.2078147E-0002  -0.1371732E-0002
    17.40000   0.1685228E-0001   0.9229699E-0003  -0.9515463E-0003  -0.2505680E-0003   0.2067320E-0002  -0.1353451E-0002
    17.40800   0.1685964E-0001   0.9198612E-0003  -0.9535493E-0003  -0.2503676E-0003   0.2056633E-0002  -0.1335871E-0002
    17.41600   0.1686698E-0001   0.9173899E-0003  -0.9555444E-0003  -0.2493873E-0003   0.2046080E-0002  -0.1319090E-0002
    17.42400   0.1687430E-0001   0.9156130E-0003  -0.9575258E-0003  -0.2476727E-0003   0.2035654E-0002  -0.1303220E-0002
    17.43200   0.1688162E-0001   0.9145569E-0003  -0.9594880E-0003  -0.2452828E-0003   0.2025347E-0002  -0.1288390E-0002
    17.44000   0.1688893E-0001   0.9142181E-0003  -0.9614263E-0003  -0.2422876E-0003   0.2015149E-0002  -0.1274733E-0002
    17.44800   0.1689625E-0001   0.9145634E-0003  -0.9633365E-0003  -0.2387664E-0003   0.2005050E-0002  -0.1262383E-0002
    17.45600   0.1690358E-0001   0.9155322E-0003  -0.9652149E-0003  -0.2348059E-0003   0.1995038E-0002  -0.1251470E-0002
    17.46400   0.1691091E-0001   0.9170397E-0003  -0.9670589E-0003  -0.2304977E-0003   0.1985101E-0002  -0.1242112E-0002
    17.47200   0.1691826E-0001   0.9189798E-0003  -0.9688664E-0003  -0.2259358E-0003   0.1975226E-0002  -0.1234409E-0002
    17.48000   0.1692563E-0001   0.9212302E-0003  -0.9706361E-0003  -0.2212146E-0003   0.1965399E-0002  -0.1228441E-0002
    17.48800   0.1693302E-0001   0.9236566E-0003  -0.9723675E-0003  -0.2164262E-0003   0.1955605E-0002  -0.1224259E-0002
    17.49600   0.1694043E-0001   0.9261180E-0003  -0.9740608E-0003  -0.2116586E-0003   0.1945830E-0002  -0.1221881E-0002
    17.50400   0.1694786E-0001   0.9284720E-0003  -0.9757167E-0003  -0.2069933E-0003   0.1936059E-0002  -0.1221296E-0002
    17.51200   0.1695530E-0001   0.9305798E-0003  -0.9773367E-0003  -0.2025038E-0003   0.1926280E-0002  -0.1222452E-0002
    17.52000   0.1696276E-0001   0.9323110E-0003  -0.9789228E-0003  -0.1982541E-0003   0.1916477E-0002  -0.1225264E-0002
    17.52800   0.1697023E-0001   0.9335482E-0003  -0.9804772E-0003  -0.1942975E-0003   0.1906641E-0002  -0.1229607E-0002
    17.53600   0.1697770E-0001   0.9341908E-0003  -0.9820026E-0003  -0.1906755E-0003   0.1896758E-0002  -0.1235324E-0002
    17.54400   0.1698518E-0001   0.9341577E-0003  -0.9835019E-0003  -0.1874179E-0003   0.1886820E-0002  -0.1242224E-0002
    17.55200   0.1699264E-0001   0.9333905E-0003  -0.9849782E-0003  -0.1845425E-0003   0.1876819E-0002  -0.1250089E-0002
    17.56000   0.1700010E-0001   0.9318540E-0003  -0.9864347E-0003  -0.1820555E-0003   0.1866750E-0002  -0.1258673E-0002
    17.56800   0.1700754E-0001   0.9295374E-0003  -0.9878743E-0003  -0.1799524E-0003   0.1856608E-0002  -0.1267716E-0002
    17.57600   0.1701495E-0001   0.9264536E-0003  -0.9893001E-0003  -0.1782189E-0003   0.1846393E-0002  -0.1276940E-0002
    17.58400   0.1702233E-0001   0.9226379E-0003  -0.9907147E-0003  -0.1768323E-0003   0.1836104E-0002  -0.1286064E-0002
    17.59200   0.1702967E-0001   0.9181463E-0003  -0.9921208E-0003  -0.1757633E-0003   0.1825746E-0002  -0.1294804E-0002
    17.60000   0.1703698E-0001   0.9130523E-0003  -0.9935206E-0003  -0.1749776E-0003   0.1815323E-0002  -0.1302883E-0002
    17.60800   0.1704424E-0001   0.9074438E-0003  -0.9949161E-0003  -0.1744377E-0003   0.1804843E-0002  -0.1310038E-0002
    17.61600   0.1705145E-0001   0.9014194E-0003  -0.9963090E-0003  -0.1741047E-0003   0.1794314E-0002  -0.1316022E-0002
    17.62400   0.1705861E-0001   0.8950841E-0003  -0.9977005E-0003  -0.1739400E-0003   0.1783749E-0002  -0.1320613E-0002
    17.63200   0.1706572E-0001   0.8885452E-0003  -0.9990918E-0003  -0.1739068E-0003   0.1773160E-0002  -0.1323619E-0002
    17.64000   0.1707277E-0001   0.8819080E-0003  -0.1000484E-0002  -0.1739712E-0003   0.1762561E-0002  -0.1324878E-0002
    17.64800   0.1707978E-0001   0.8752721E-0003  -0.1001876E-0002  -0.1741034E-0003   0.1751967E-0002  -0.1324264E-0002
    17.65600   0.1708673E-0001   0.8687276E-0003  -0.1003271E-0002  -0.1742777E-0003   0.1741394E-0002  -0.1321689E-0002
    17.66400   0.1709362E-0001   0.8623517E-0003  -0.1004666E-0002  -0.1744731E-0003   0.1730857E-0002  -0.1317103E-0002
    17.67200   0.1710047E-0001   0.8562065E-0003  -0.1006064E-0002  -0.1746727E-0003   0.1720373E-0002  -0.1310492E-0002
    17.68000   0.1710728E-0001   0.8503368E-0003  -0.1007463E-0002  -0.1748633E-0003   0.1709958E-0002  -0.1301879E-0002
    17.68800   0.1711403E-0001   0.8447689E-0003  -0.1008863E-0002  -0.1750342E-0003   0.1699627E-0002  -0.1291322E-0002
    17.69600   0.1712075E-0001   0.8395102E-0003  -0.1010264E-0002  -0.1751764E-0003   0.1689396E-0002  -0.1278906E-0002
    17.70400   0.1712743E-0001   0.8345495E-0003  -0.1011667E-0002  -0.1752806E-0003   0.1679278E-0002  -0.1264745E-0002
    17.71200   0.1713407E-0001   0.8298578E-0003  -0.1013069E-0002  -0.1753365E-0003   0.1669286E-0002  -0.1248976E-0002
    17.72000   0.1714067E-0001   0.8253902E-0003  -0.1014472E-0002  -0.1753307E-0003   0.1659432E-0002  -0.1231749E-0002
    17.72800   0.1714724E-0001   0.8210877E-0003  -0.1015874E-0002  -0.1752460E-0003   0.1649727E-0002  -0.1213226E-0002
    17.73600   0.1715377E-0001   0.8168806E-0003  -0.1017274E-0002  -0.1750601E-0003   0.1640178E-0002  -0.1193577E-0002
    17.74400   0.1716027E-0001   0.8126906E-0003  -0.1018672E-0002  -0.1747450E-0003   0.1630794E-0002  -0.1172967E-0002
    17.75200   0.1716674E-0001   0.8084350E-0003  -0.1020066E-0002  -0.1742668E-0003   0.1621582E-0002  -0.1151560E-0002
    17.76000   0.1717317E-0001   0.8040295E-0003  -0.1021455E-0002  -0.1735859E-0003   0.1612546E-0002  -0.1129506E-0002
    17.76800   0.1717957E-0001   0.7993921E-0003  -0.1022836E-0002  -0.1726578E-0003   0.1603690E-0002  -0.1106941E-0002
    17.77600   0.1718592E-0001   0.7944457E-0003  -0.1024208E-0002  -0.1714342E-0003   0.1595018E-0002  -0.1083982E-0002
    17.78400   0.1719224E-0001   0.7891220E-0003  -0.1025567E-0002  -0.1698645E-0003   0.1586533E-0002  -0.1060725E-0002
    17.79200   0.1719850E-0001   0.7833632E-0003  -0.1026910E-0002  -0.1678982E-0003   0.1578235E-0002  -0.1037239E-0002
    17.80000   0.1720472E-0001   0.7771250E-0003  -0.1028234E-0002  -0.1654871E-0003   0.1570126E-0002  -0.1013569E-0002
    17.80800   0.1721088E-0001   0.7703778E-0003  -0.1029535E-0002  -0.1625874E-0003   0.1562208E-0002  -0.9897336E-0003
    17.81600   0.1721699E-0001   0.7631083E-0003  -0.1030808E-0002  -0.1591631E-0003   0.1554482E-0002  -0.9657260E-0003
    17.82400   0.1722303E-0001   0.7553197E-0003  -0.1032049E-0002  -0.1551877E-0003   0.1546950E-0002  -0.9415136E-0003
    17.83200   0.1722901E-0001   0.7470323E-0003  -0.1033255E-0002  -0.1506468E-0003   0.1539614E-0002  -0.9170418E-0003
    17.84000   0.1723491E-0001   0.7382822E-0003  -0.1034419E-0002  -0.1455401E-0003   0.1532476E-0002  -0.8922356E-0003
    17.84800   0.1724075E-0001   0.7291213E-0003  -0.1035538E-0002  -0.1398825E-0003   0.1525540E-0002  -0.8670035E-0003
    17.85600   0.1724650E-0001   0.7196151E-0003  -0.1036608E-0002  -0.1337052E-0003   0.1518810E-0002  -0.8412406E-0003
    17.86400   0.1725218E-0001   0.7098409E-0003  -0.1037624E-0002  -0.1270557E-0003   0.1512291E-0002  -0.8148330E-0003
    17.87200   0.1725778E-0001   0.6998863E-0003  -0.1038584E-0002  -0.1199972E-0003   0.1505990E-0002  -0.7876619E-0003
    17.88000   0.1726330E-0001   0.6898459E-0003  -0.1039485E-0002  -0.1126074E-0003   0.1499913E-0002  -0.7596078E-0003
    17.88800   0.1726874E-0001   0.6798196E-0003  -0.1040325E-0002  -0.1049764E-0003   0.1494069E-0002  -0.7305548E-0003
    17.89600   0.1727410E-0001   0.6699092E-0003  -0.1041102E-0002  -0.9720402E-0004   0.1488466E-0002  -0.7003941E-0003
    17.90400   0.1727938E-0001   0.6602165E-0003  -0.1041817E-0002  -0.8939691E-0004   0.1483114E-0002  -0.6690282E-0003
    17.91200   0.1728459E-0001   0.6508401E-0003  -0.1042471E-0002  -0.8166447E-0004   0.1478023E-0002  -0.6363734E-0003
    17.92000   0.1728972E-0001   0.6418734E-0003  -0.1043064E-0002  -0.7411521E-0004   0.1473204E-0002  -0.6023630E-0003
    17.92800   0.1729479E-0001   0.6334022E-0003  -0.1043599E-0002  -0.6685262E-0004   0.1468668E-0002  -0.5669485E-0003
    17.93600   0.1729979E-0001   0.6255027E-0003  -0.1044078E-0002  -0.5997121E-0004   0.1464427E-0002  -0.5301018E-0003
    17.94400   0.1730474E-0001   0.6182398E-0003  -0.1044507E-0002  -0.5355270E-0004   0.1460493E-0002  -0.4918153E-0003
    17.95200   0.1730963E-0001   0.6116654E-0003  -0.1044888E-0002  -0.4766263E-0004   0.1456876E-0002  -0.4521018E-0003
    17.96000   0.1731448E-0001   0.6058173E-0003  -0.1045227E-0002  -0.4234752E-0004   0.1453588E-0002  -0.4109943E-0003
    17.96800   0.1731929E-0001   0.6007184E-0003  -0.1045528E-0002  -0.3763264E-0004   0.1450640E-0002  -0.3685445E-0003
    17.97600   0.1732406E-0001   0.5963759E-0003  -0.1045796E-0002  -0.3352059E-0004   0.1448041E-0002  -0.3248207E-0003
    17.98400   0.1732880E-0001   0.5927808E-0003  -0.1046036E-0002  -0.2999071E-0004   0.1445802E-0002  -0.2799060E-0003
    17.99200   0.1733352E-0001   0.5899081E-0003  -0.1046252E-0002  -0.2699929E-0004   0.1443931E-0002  -0.2338954E-0003
    18.00000   0.1733822E-0001   0.5877166E-0003  -0.1046448E-0002  -0.2448071E-0004   0.1442435E-0002  -0.1868930E-0003
