 # SCECTPV35
 # Author=D.Liu
 # date =  1/17/2017 20: 3:13
 # code = EQdyna3d
 # code_version = 4.1.3
 # element_size =   100.000000000000
  # time_step=  0.0080  s
  # num_time_steps=  2251
 # Time series in 7 columns in format e15.7
 # Column #1 = Time (s)
 # Column #2 = horizontal displacement (m)
 # Column #3 = horizontal velocity (m/s)
 # Column #4 = vertical displacement (m)
 # Column #5 = vertical velocity (m/s)
 # Column #6 = normal displacement (m)
 # Column #7 = normal velocity (m/s)
 #
 # The line below lists the names of the data fields:
 t h-disp h-vel v-disp v-vel n-disp n-vel
     0.00000   0.0000000E+0000   0.0000000E+0000   0.0000000E+0000   0.0000000E+0000   0.0000000E+0000   0.0000000E+0000
     0.00800   0.0000000E+0000   0.0000000E+0000   0.0000000E+0000   0.0000000E+0000   0.0000000E+0000   0.0000000E+0000
     0.01600   0.0000000E+0000   0.0000000E+0000   0.0000000E+0000   0.0000000E+0000   0.0000000E+0000   0.0000000E+0000
     0.02400   0.0000000E+0000   0.0000000E+0000   0.0000000E+0000   0.0000000E+0000   0.0000000E+0000   0.0000000E+0000
     0.03200   0.0000000E+0000   0.0000000E+0000   0.0000000E+0000   0.0000000E+0000   0.0000000E+0000   0.0000000E+0000
     0.04000   0.0000000E+0000   0.0000000E+0000   0.0000000E+0000   0.0000000E+0000   0.0000000E+0000   0.0000000E+0000
     0.04800   0.0000000E+0000   0.0000000E+0000   0.0000000E+0000   0.0000000E+0000   0.0000000E+0000   0.0000000E+0000
     0.05600   0.0000000E+0000   0.0000000E+0000   0.0000000E+0000   0.0000000E+0000   0.0000000E+0000   0.0000000E+0000
     0.06400   0.0000000E+0000   0.0000000E+0000   0.0000000E+0000   0.0000000E+0000   0.0000000E+0000   0.0000000E+0000
     0.07200   0.0000000E+0000   0.0000000E+0000   0.0000000E+0000   0.0000000E+0000   0.0000000E+0000   0.0000000E+0000
     0.08000   0.0000000E+0000   0.0000000E+0000   0.0000000E+0000   0.0000000E+0000   0.0000000E+0000   0.0000000E+0000
     0.08800   0.0000000E+0000   0.0000000E+0000   0.0000000E+0000   0.0000000E+0000   0.0000000E+0000   0.0000000E+0000
     0.09600   0.0000000E+0000   0.0000000E+0000   0.0000000E+0000   0.0000000E+0000   0.0000000E+0000   0.0000000E+0000
     0.10400   0.0000000E+0000   0.0000000E+0000   0.0000000E+0000   0.0000000E+0000   0.0000000E+0000   0.0000000E+0000
     0.11200   0.0000000E+0000   0.0000000E+0000   0.0000000E+0000   0.0000000E+0000   0.0000000E+0000   0.0000000E+0000
     0.12000   0.0000000E+0000   0.0000000E+0000   0.0000000E+0000   0.0000000E+0000   0.0000000E+0000   0.0000000E+0000
     0.12800   0.0000000E+0000   0.0000000E+0000   0.0000000E+0000   0.0000000E+0000   0.0000000E+0000   0.0000000E+0000
     0.13600   0.0000000E+0000   0.0000000E+0000   0.0000000E+0000   0.0000000E+0000   0.0000000E+0000   0.0000000E+0000
     0.14400   0.0000000E+0000   0.0000000E+0000   0.0000000E+0000   0.0000000E+0000   0.0000000E+0000   0.0000000E+0000
     0.15200   0.0000000E+0000   0.0000000E+0000   0.0000000E+0000   0.0000000E+0000   0.0000000E+0000   0.0000000E+0000
     0.16000   0.0000000E+0000   0.0000000E+0000   0.0000000E+0000   0.0000000E+0000   0.0000000E+0000   0.0000000E+0000
     0.16800   0.0000000E+0000   0.0000000E+0000   0.0000000E+0000   0.0000000E+0000   0.0000000E+0000   0.0000000E+0000
     0.17600   0.0000000E+0000   0.0000000E+0000   0.0000000E+0000   0.0000000E+0000   0.0000000E+0000   0.0000000E+0000
     0.18400   0.0000000E+0000   0.0000000E+0000   0.0000000E+0000   0.0000000E+0000   0.0000000E+0000   0.0000000E+0000
     0.19200   0.0000000E+0000   0.0000000E+0000   0.0000000E+0000   0.0000000E+0000   0.0000000E+0000   0.0000000E+0000
     0.20000   0.0000000E+0000   0.0000000E+0000   0.0000000E+0000   0.0000000E+0000   0.0000000E+0000   0.0000000E+0000
     0.20800   0.0000000E+0000   0.0000000E+0000   0.0000000E+0000   0.0000000E+0000   0.0000000E+0000   0.0000000E+0000
     0.21600   0.0000000E+0000   0.0000000E+0000   0.0000000E+0000   0.0000000E+0000   0.0000000E+0000   0.0000000E+0000
     0.22400   0.0000000E+0000   0.0000000E+0000   0.0000000E+0000   0.0000000E+0000   0.0000000E+0000   0.0000000E+0000
     0.23200   0.0000000E+0000   0.0000000E+0000   0.0000000E+0000   0.0000000E+0000   0.0000000E+0000   0.0000000E+0000
     0.24000   0.0000000E+0000   0.0000000E+0000   0.0000000E+0000   0.0000000E+0000   0.0000000E+0000   0.0000000E+0000
     0.24800   0.0000000E+0000   0.0000000E+0000   0.0000000E+0000   0.0000000E+0000   0.0000000E+0000   0.0000000E+0000
     0.25600   0.0000000E+0000   0.0000000E+0000   0.0000000E+0000   0.0000000E+0000   0.0000000E+0000   0.0000000E+0000
     0.26400   0.0000000E+0000   0.0000000E+0000   0.0000000E+0000   0.0000000E+0000   0.0000000E+0000   0.0000000E+0000
     0.27200   0.0000000E+0000   0.0000000E+0000   0.0000000E+0000   0.0000000E+0000   0.0000000E+0000   0.0000000E+0000
     0.28000   0.0000000E+0000   0.0000000E+0000   0.0000000E+0000   0.0000000E+0000   0.0000000E+0000   0.0000000E+0000
     0.28800   0.0000000E+0000   0.0000000E+0000   0.0000000E+0000   0.0000000E+0000   0.0000000E+0000   0.0000000E+0000
     0.29600   0.0000000E+0000   0.0000000E+0000   0.0000000E+0000   0.0000000E+0000   0.0000000E+0000   0.0000000E+0000
     0.30400   0.0000000E+0000   0.0000000E+0000   0.0000000E+0000   0.0000000E+0000   0.0000000E+0000   0.0000000E+0000
     0.31200   0.0000000E+0000   0.0000000E+0000   0.0000000E+0000   0.0000000E+0000   0.0000000E+0000   0.0000000E+0000
     0.32000   0.0000000E+0000   0.0000000E+0000   0.0000000E+0000   0.0000000E+0000   0.0000000E+0000   0.0000000E+0000
     0.32800   0.0000000E+0000   0.0000000E+0000   0.0000000E+0000   0.0000000E+0000   0.0000000E+0000   0.0000000E+0000
     0.33600   0.0000000E+0000   0.0000000E+0000   0.0000000E+0000   0.0000000E+0000   0.0000000E+0000   0.0000000E+0000
     0.34400   0.0000000E+0000   0.0000000E+0000   0.0000000E+0000   0.0000000E+0000   0.0000000E+0000   0.0000000E+0000
     0.35200   0.0000000E+0000   0.0000000E+0000   0.0000000E+0000   0.0000000E+0000   0.0000000E+0000   0.0000000E+0000
     0.36000   0.0000000E+0000   0.0000000E+0000   0.0000000E+0000   0.0000000E+0000   0.0000000E+0000   0.0000000E+0000
     0.36800   0.0000000E+0000   0.0000000E+0000   0.0000000E+0000   0.0000000E+0000   0.0000000E+0000   0.0000000E+0000
     0.37600   0.0000000E+0000   0.0000000E+0000   0.0000000E+0000   0.0000000E+0000   0.0000000E+0000   0.0000000E+0000
     0.38400   0.0000000E+0000   0.0000000E+0000   0.0000000E+0000   0.0000000E+0000   0.0000000E+0000   0.0000000E+0000
     0.39200   0.0000000E+0000   0.0000000E+0000   0.0000000E+0000   0.0000000E+0000   0.0000000E+0000   0.0000000E+0000
     0.40000   0.0000000E+0000   0.0000000E+0000   0.0000000E+0000   0.0000000E+0000   0.0000000E+0000   0.0000000E+0000
     0.40800   0.0000000E+0000   0.0000000E+0000   0.0000000E+0000   0.0000000E+0000   0.0000000E+0000   0.0000000E+0000
     0.41600   0.0000000E+0000   0.0000000E+0000   0.0000000E+0000   0.0000000E+0000   0.0000000E+0000   0.0000000E+0000
     0.42400   0.0000000E+0000   0.0000000E+0000   0.0000000E+0000   0.0000000E+0000   0.0000000E+0000   0.0000000E+0000
     0.43200   0.0000000E+0000   0.0000000E+0000   0.0000000E+0000   0.0000000E+0000   0.0000000E+0000   0.0000000E+0000
     0.44000   0.0000000E+0000   0.0000000E+0000   0.0000000E+0000   0.0000000E+0000   0.0000000E+0000   0.0000000E+0000
     0.44800   0.0000000E+0000   0.0000000E+0000   0.0000000E+0000   0.0000000E+0000   0.0000000E+0000   0.0000000E+0000
     0.45600   0.0000000E+0000   0.0000000E+0000   0.0000000E+0000   0.0000000E+0000   0.0000000E+0000   0.0000000E+0000
     0.46400   0.0000000E+0000   0.0000000E+0000   0.0000000E+0000   0.0000000E+0000   0.0000000E+0000   0.0000000E+0000
     0.47200   0.0000000E+0000   0.0000000E+0000   0.0000000E+0000   0.0000000E+0000   0.0000000E+0000   0.0000000E+0000
     0.48000   0.0000000E+0000   0.0000000E+0000   0.0000000E+0000   0.0000000E+0000   0.0000000E+0000   0.0000000E+0000
     0.48800   0.0000000E+0000   0.0000000E+0000   0.0000000E+0000   0.0000000E+0000   0.0000000E+0000   0.0000000E+0000
     0.49600   0.0000000E+0000   0.0000000E+0000   0.0000000E+0000   0.0000000E+0000   0.0000000E+0000   0.0000000E+0000
     0.50400   0.0000000E+0000   0.0000000E+0000   0.0000000E+0000   0.0000000E+0000   0.0000000E+0000   0.0000000E+0000
     0.51200   0.0000000E+0000   0.0000000E+0000   0.0000000E+0000   0.0000000E+0000   0.0000000E+0000   0.0000000E+0000
     0.52000   0.0000000E+0000   0.0000000E+0000   0.0000000E+0000   0.0000000E+0000   0.0000000E+0000   0.0000000E+0000
     0.52800   0.0000000E+0000   0.0000000E+0000   0.0000000E+0000   0.0000000E+0000   0.0000000E+0000   0.0000000E+0000
     0.53600   0.0000000E+0000   0.0000000E+0000   0.0000000E+0000   0.0000000E+0000   0.0000000E+0000   0.0000000E+0000
     0.54400   0.0000000E+0000   0.0000000E+0000   0.0000000E+0000   0.0000000E+0000   0.0000000E+0000   0.0000000E+0000
     0.55200   0.0000000E+0000   0.0000000E+0000   0.0000000E+0000   0.0000000E+0000   0.0000000E+0000   0.0000000E+0000
     0.56000   0.0000000E+0000   0.0000000E+0000   0.0000000E+0000   0.0000000E+0000   0.0000000E+0000   0.0000000E+0000
     0.56800   0.0000000E+0000   0.0000000E+0000   0.0000000E+0000   0.0000000E+0000   0.0000000E+0000   0.0000000E+0000
     0.57600   0.0000000E+0000   0.0000000E+0000   0.0000000E+0000   0.0000000E+0000   0.0000000E+0000   0.0000000E+0000
     0.58400   0.0000000E+0000   0.0000000E+0000   0.0000000E+0000   0.0000000E+0000   0.0000000E+0000   0.0000000E+0000
     0.59200   0.0000000E+0000   0.0000000E+0000   0.0000000E+0000   0.0000000E+0000   0.0000000E+0000   0.0000000E+0000
     0.60000   0.0000000E+0000   0.0000000E+0000   0.0000000E+0000   0.0000000E+0000   0.0000000E+0000   0.0000000E+0000
     0.60800   0.0000000E+0000   0.0000000E+0000   0.0000000E+0000   0.0000000E+0000   0.0000000E+0000   0.0000000E+0000
     0.61600   0.0000000E+0000   0.0000000E+0000   0.0000000E+0000   0.0000000E+0000   0.0000000E+0000   0.0000000E+0000
     0.62400   0.0000000E+0000   0.0000000E+0000   0.0000000E+0000   0.0000000E+0000   0.0000000E+0000   0.0000000E+0000
     0.63200   0.0000000E+0000   0.0000000E+0000   0.0000000E+0000   0.0000000E+0000   0.0000000E+0000   0.0000000E+0000
     0.64000   0.0000000E+0000   0.0000000E+0000   0.0000000E+0000   0.0000000E+0000   0.0000000E+0000   0.0000000E+0000
     0.64800   0.0000000E+0000   0.0000000E+0000   0.0000000E+0000   0.0000000E+0000   0.0000000E+0000   0.0000000E+0000
     0.65600   0.0000000E+0000   0.0000000E+0000   0.0000000E+0000   0.0000000E+0000   0.0000000E+0000   0.0000000E+0000
     0.66400   0.0000000E+0000   0.0000000E+0000   0.0000000E+0000   0.0000000E+0000   0.0000000E+0000   0.0000000E+0000
     0.67200   0.0000000E+0000   0.0000000E+0000   0.0000000E+0000   0.0000000E+0000   0.0000000E+0000   0.0000000E+0000
     0.68000   0.0000000E+0000   0.0000000E+0000   0.0000000E+0000   0.0000000E+0000   0.0000000E+0000   0.0000000E+0000
     0.68800   0.0000000E+0000   0.0000000E+0000   0.0000000E+0000   0.0000000E+0000   0.0000000E+0000   0.0000000E+0000
     0.69600   0.0000000E+0000   0.0000000E+0000   0.0000000E+0000   0.0000000E+0000   0.0000000E+0000   0.0000000E+0000
     0.70400   0.0000000E+0000   0.0000000E+0000   0.0000000E+0000   0.0000000E+0000   0.0000000E+0000   0.0000000E+0000
     0.71200   0.0000000E+0000   0.0000000E+0000   0.0000000E+0000   0.0000000E+0000   0.0000000E+0000   0.0000000E+0000
     0.72000   0.0000000E+0000   0.0000000E+0000   0.0000000E+0000   0.0000000E+0000   0.0000000E+0000   0.0000000E+0000
     0.72800   0.0000000E+0000   0.0000000E+0000   0.0000000E+0000   0.0000000E+0000   0.0000000E+0000   0.0000000E+0000
     0.73600   0.0000000E+0000   0.0000000E+0000   0.0000000E+0000   0.0000000E+0000   0.0000000E+0000   0.0000000E+0000
     0.74400   0.0000000E+0000   0.0000000E+0000   0.0000000E+0000   0.0000000E+0000   0.0000000E+0000   0.0000000E+0000
     0.75200   0.0000000E+0000   0.0000000E+0000   0.0000000E+0000   0.0000000E+0000   0.0000000E+0000   0.0000000E+0000
     0.76000   0.0000000E+0000   0.0000000E+0000   0.0000000E+0000   0.0000000E+0000   0.0000000E+0000   0.0000000E+0000
     0.76800   0.0000000E+0000   0.0000000E+0000   0.0000000E+0000   0.0000000E+0000   0.0000000E+0000   0.0000000E+0000
     0.77600   0.0000000E+0000   0.0000000E+0000   0.0000000E+0000   0.0000000E+0000   0.0000000E+0000   0.0000000E+0000
     0.78400   0.0000000E+0000   0.0000000E+0000   0.0000000E+0000   0.0000000E+0000   0.0000000E+0000   0.0000000E+0000
     0.79200   0.0000000E+0000   0.0000000E+0000   0.0000000E+0000   0.0000000E+0000   0.0000000E+0000   0.0000000E+0000
     0.80000   0.0000000E+0000   0.0000000E+0000   0.0000000E+0000   0.0000000E+0000   0.0000000E+0000   0.0000000E+0000
     0.80800   0.0000000E+0000   0.0000000E+0000   0.0000000E+0000   0.0000000E+0000   0.0000000E+0000   0.0000000E+0000
     0.81600   0.0000000E+0000   0.0000000E+0000   0.0000000E+0000   0.0000000E+0000   0.0000000E+0000   0.0000000E+0000
     0.82400   0.0000000E+0000   0.0000000E+0000   0.0000000E+0000   0.0000000E+0000   0.0000000E+0000   0.0000000E+0000
     0.83200   0.0000000E+0000   0.0000000E+0000   0.0000000E+0000   0.0000000E+0000   0.0000000E+0000   0.0000000E+0000
     0.84000   0.0000000E+0000   0.0000000E+0000   0.0000000E+0000   0.0000000E+0000   0.0000000E+0000   0.0000000E+0000
     0.84800   0.0000000E+0000   0.0000000E+0000   0.0000000E+0000   0.0000000E+0000   0.0000000E+0000   0.0000000E+0000
     0.85600   0.0000000E+0000   0.0000000E+0000   0.0000000E+0000   0.0000000E+0000   0.0000000E+0000   0.0000000E+0000
     0.86400   0.0000000E+0000   0.0000000E+0000   0.0000000E+0000   0.0000000E+0000   0.0000000E+0000   0.0000000E+0000
     0.87200   0.0000000E+0000   0.0000000E+0000   0.0000000E+0000   0.0000000E+0000   0.0000000E+0000   0.0000000E+0000
     0.88000   0.0000000E+0000   0.0000000E+0000   0.0000000E+0000   0.0000000E+0000   0.0000000E+0000   0.0000000E+0000
     0.88800   0.0000000E+0000   0.0000000E+0000   0.0000000E+0000   0.0000000E+0000   0.0000000E+0000   0.0000000E+0000
     0.89600   0.0000000E+0000   0.0000000E+0000   0.0000000E+0000   0.0000000E+0000   0.0000000E+0000   0.0000000E+0000
     0.90400   0.0000000E+0000   0.0000000E+0000   0.0000000E+0000   0.0000000E+0000   0.0000000E+0000   0.0000000E+0000
     0.91200   0.0000000E+0000   0.0000000E+0000   0.0000000E+0000   0.0000000E+0000   0.0000000E+0000   0.0000000E+0000
     0.92000   0.0000000E+0000   0.0000000E+0000   0.0000000E+0000   0.0000000E+0000   0.0000000E+0000   0.0000000E+0000
     0.92800   0.0000000E+0000   0.0000000E+0000   0.0000000E+0000   0.0000000E+0000   0.0000000E+0000   0.0000000E+0000
     0.93600   0.0000000E+0000   0.0000000E+0000   0.0000000E+0000   0.0000000E+0000   0.0000000E+0000   0.0000000E+0000
     0.94400   0.0000000E+0000   0.0000000E+0000   0.0000000E+0000   0.0000000E+0000   0.0000000E+0000   0.0000000E+0000
     0.95200   0.0000000E+0000   0.0000000E+0000   0.0000000E+0000   0.0000000E+0000   0.0000000E+0000   0.0000000E+0000
     0.96000   0.0000000E+0000   0.0000000E+0000   0.0000000E+0000   0.0000000E+0000   0.0000000E+0000   0.0000000E+0000
     0.96800   0.0000000E+0000   0.0000000E+0000   0.0000000E+0000   0.0000000E+0000   0.0000000E+0000   0.0000000E+0000
     0.97600   0.0000000E+0000   0.0000000E+0000   0.0000000E+0000   0.0000000E+0000   0.0000000E+0000   0.0000000E+0000
     0.98400   0.0000000E+0000   0.0000000E+0000   0.0000000E+0000   0.0000000E+0000   0.0000000E+0000   0.0000000E+0000
     0.99200   0.0000000E+0000   0.0000000E+0000   0.0000000E+0000   0.0000000E+0000   0.0000000E+0000   0.0000000E+0000
     1.00000   0.0000000E+0000   0.0000000E+0000   0.0000000E+0000   0.0000000E+0000   0.0000000E+0000   0.0000000E+0000
     1.00800   0.0000000E+0000   0.0000000E+0000   0.0000000E+0000   0.0000000E+0000   0.0000000E+0000   0.0000000E+0000
     1.01600   0.0000000E+0000   0.0000000E+0000   0.0000000E+0000   0.0000000E+0000   0.0000000E+0000   0.0000000E+0000
     1.02400   0.0000000E+0000   0.0000000E+0000   0.0000000E+0000   0.0000000E+0000   0.0000000E+0000   0.0000000E+0000
     1.03200   0.0000000E+0000   0.0000000E+0000   0.0000000E+0000   0.0000000E+0000   0.0000000E+0000   0.0000000E+0000
     1.04000   0.0000000E+0000   0.0000000E+0000   0.0000000E+0000   0.0000000E+0000   0.0000000E+0000   0.0000000E+0000
     1.04800   0.0000000E+0000   0.0000000E+0000   0.0000000E+0000   0.0000000E+0000   0.0000000E+0000   0.0000000E+0000
     1.05600   0.0000000E+0000   0.0000000E+0000   0.0000000E+0000   0.0000000E+0000   0.0000000E+0000   0.0000000E+0000
     1.06400   0.0000000E+0000   0.0000000E+0000   0.0000000E+0000   0.0000000E+0000   0.0000000E+0000   0.0000000E+0000
     1.07200   0.0000000E+0000   0.0000000E+0000   0.0000000E+0000   0.0000000E+0000   0.0000000E+0000   0.0000000E+0000
     1.08000   0.0000000E+0000   0.0000000E+0000   0.0000000E+0000   0.0000000E+0000   0.0000000E+0000   0.0000000E+0000
     1.08800   0.0000000E+0000   0.0000000E+0000   0.0000000E+0000   0.0000000E+0000   0.0000000E+0000   0.0000000E+0000
     1.09600   0.0000000E+0000   0.0000000E+0000   0.0000000E+0000   0.0000000E+0000   0.0000000E+0000   0.0000000E+0000
     1.10400   0.0000000E+0000   0.0000000E+0000   0.0000000E+0000   0.0000000E+0000   0.0000000E+0000   0.0000000E+0000
     1.11200   0.0000000E+0000   0.0000000E+0000   0.0000000E+0000   0.0000000E+0000   0.0000000E+0000   0.0000000E+0000
     1.12000   0.0000000E+0000   0.0000000E+0000   0.0000000E+0000   0.0000000E+0000   0.0000000E+0000   0.0000000E+0000
     1.12800   0.0000000E+0000   0.0000000E+0000   0.0000000E+0000   0.0000000E+0000   0.0000000E+0000   0.0000000E+0000
     1.13600   0.0000000E+0000   0.0000000E+0000   0.0000000E+0000   0.0000000E+0000   0.0000000E+0000   0.0000000E+0000
     1.14400   0.0000000E+0000   0.0000000E+0000   0.0000000E+0000   0.0000000E+0000   0.0000000E+0000   0.0000000E+0000
     1.15200   0.0000000E+0000   0.0000000E+0000   0.0000000E+0000   0.0000000E+0000   0.0000000E+0000   0.0000000E+0000
     1.16000   0.0000000E+0000   0.0000000E+0000   0.0000000E+0000   0.0000000E+0000   0.0000000E+0000   0.0000000E+0000
     1.16800   0.0000000E+0000   0.0000000E+0000   0.0000000E+0000   0.0000000E+0000   0.0000000E+0000   0.0000000E+0000
     1.17600   0.0000000E+0000   0.0000000E+0000   0.0000000E+0000   0.0000000E+0000   0.0000000E+0000   0.0000000E+0000
     1.18400   0.0000000E+0000   0.0000000E+0000   0.0000000E+0000   0.0000000E+0000   0.0000000E+0000   0.0000000E+0000
     1.19200   0.0000000E+0000   0.0000000E+0000   0.0000000E+0000   0.0000000E+0000   0.0000000E+0000   0.0000000E+0000
     1.20000   0.0000000E+0000   0.0000000E+0000   0.0000000E+0000   0.0000000E+0000   0.0000000E+0000   0.0000000E+0000
     1.20800   0.0000000E+0000   0.0000000E+0000   0.0000000E+0000   0.0000000E+0000   0.0000000E+0000   0.0000000E+0000
     1.21600   0.0000000E+0000   0.0000000E+0000   0.0000000E+0000   0.0000000E+0000   0.0000000E+0000   0.0000000E+0000
     1.22400   0.0000000E+0000   0.0000000E+0000   0.0000000E+0000   0.0000000E+0000   0.0000000E+0000   0.0000000E+0000
     1.23200   0.0000000E+0000   0.0000000E+0000   0.0000000E+0000   0.0000000E+0000   0.0000000E+0000   0.0000000E+0000
     1.24000   0.0000000E+0000   0.0000000E+0000   0.0000000E+0000   0.0000000E+0000   0.0000000E+0000   0.0000000E+0000
     1.24800   0.0000000E+0000   0.0000000E+0000   0.0000000E+0000   0.0000000E+0000   0.0000000E+0000   0.0000000E+0000
     1.25600   0.0000000E+0000   0.0000000E+0000   0.0000000E+0000   0.0000000E+0000   0.0000000E+0000   0.0000000E+0000
     1.26400   0.0000000E+0000   0.0000000E+0000   0.0000000E+0000   0.0000000E+0000   0.0000000E+0000   0.0000000E+0000
     1.27200   0.0000000E+0000   0.0000000E+0000   0.0000000E+0000   0.0000000E+0000   0.0000000E+0000   0.0000000E+0000
     1.28000   0.0000000E+0000   0.0000000E+0000   0.0000000E+0000   0.0000000E+0000   0.0000000E+0000   0.0000000E+0000
     1.28800   0.0000000E+0000   0.0000000E+0000   0.0000000E+0000   0.0000000E+0000   0.0000000E+0000   0.0000000E+0000
     1.29600   0.0000000E+0000   0.0000000E+0000   0.0000000E+0000   0.0000000E+0000   0.0000000E+0000   0.0000000E+0000
     1.30400   0.0000000E+0000   0.0000000E+0000   0.0000000E+0000   0.0000000E+0000   0.0000000E+0000   0.0000000E+0000
     1.31200  -0.3344100E-0174  -0.4180125E-0172  -0.3247575E-0174  -0.4059468E-0172  -0.2024542E-0174  -0.2530678E-0172
     1.32000  -0.1180292E-0171  -0.1471184E-0169  -0.1148103E-0171  -0.1431069E-0169  -0.7140273E-0172  -0.8900034E-0170
     1.32800  -0.2084932E-0169  -0.2591411E-0167  -0.2031634E-0169  -0.2525191E-0167  -0.1260375E-0169  -0.1566543E-0167
     1.33600  -0.2457725E-0167  -0.3046094E-0165  -0.2399338E-0167  -0.2973777E-0165  -0.1484662E-0167  -0.1840073E-0165
     1.34400  -0.2175067E-0165  -0.2688112E-0163  -0.2127506E-0165  -0.2629391E-0163  -0.1312978E-0165  -0.1622664E-0163
     1.35200  -0.1541505E-0163  -0.1899692E-0161  -0.1510819E-0163  -0.1861930E-0161  -0.9298721E-0164  -0.1145928E-0161
     1.36000  -0.9113469E-0162  -0.1119915E-0159  -0.8950464E-0162  -0.1099923E-0159  -0.5493624E-0162  -0.6750796E-0160
     1.36800  -0.4623047E-0160  -0.5664890E-0158  -0.4549933E-0160  -0.5575535E-0158  -0.2784860E-0160  -0.3412404E-0158
     1.37600  -0.2054176E-0158  -0.2509932E-0156  -0.2026031E-0158  -0.2475665E-0156  -0.1236560E-0158  -0.1510889E-0156
     1.38400  -0.8121844E-0157  -0.9895533E-0155  -0.8028035E-0157  -0.9781790E-0155  -0.4885818E-0157  -0.5952702E-0155
     1.39200  -0.2893194E-0155  -0.3514970E-0153  -0.2866092E-0155  -0.3482264E-0153  -0.1739272E-0155  -0.2113018E-0153
     1.40000  -0.9379378E-0154  -0.1136257E-0151  -0.9312241E-0154  -0.1128204E-0151  -0.5634738E-0154  -0.6826013E-0152
     1.40800  -0.2790298E-0152  -0.3370630E-0150  -0.2776556E-0152  -0.3354292E-0150  -0.1675182E-0152  -0.2023543E-0150
     1.41600  -0.7670713E-0151  -0.9239603E-0149  -0.7650224E-0151  -0.9215710E-0149  -0.4602152E-0151  -0.5543292E-0149
     1.42400  -0.1960238E-0149  -0.2354414E-0147  -0.1959455E-0149  -0.2353691E-0147  -0.1175303E-0149  -0.1411601E-0147
     1.43200  -0.4680508E-0148  -0.5605605E-0146  -0.4689343E-0148  -0.5616747E-0146  -0.2804474E-0148  -0.3358679E-0146
     1.44000  -0.1048876E-0146  -0.1252588E-0144  -0.1053269E-0146  -0.1257970E-0144  -0.6280608E-0147  -0.7500201E-0145
     1.44800  -0.2214639E-0145  -0.2637189E-0143  -0.2229040E-0145  -0.2654641E-0143  -0.1325261E-0145  -0.1578069E-0143
     1.45600  -0.4421159E-0144  -0.5249618E-0142  -0.4460187E-0144  -0.5296603E-0142  -0.2643975E-0144  -0.3139310E-0142
     1.46400  -0.8370796E-0143  -0.9910849E-0141  -0.8464238E-0143  -0.1002277E-0140  -0.5002787E-0143  -0.5922987E-0141
     1.47200  -0.1507302E-0141  -0.1779492E-0139  -0.1527662E-0141  -0.1803775E-0139  -0.9002667E-0142  -0.1062798E-0139
     1.48000  -0.2587761E-0140  -0.3046288E-0138  -0.2628807E-0140  -0.3095051E-0138  -0.1544622E-0140  -0.1818244E-0138
     1.48800  -0.4245460E-0139  -0.4983355E-0137  -0.4322829E-0139  -0.5074935E-0137  -0.2532512E-0139  -0.2972562E-0137
     1.49600  -0.6669613E-0138  -0.7806333E-0136  -0.6806966E-0138  -0.7968354E-0136  -0.3976100E-0138  -0.4653560E-0136
     1.50400  -0.1005249E-0136  -0.1173190E-0134  -0.1028341E-0136  -0.1200339E-0134  -0.5989098E-0137  -0.6989360E-0135
     1.51200  -0.1456123E-0135  -0.1694497E-0133  -0.1493045E-0135  -0.1737764E-0133  -0.8669989E-0136  -0.1008885E-0133
     1.52000  -0.2030343E-0134  -0.2355913E-0132  -0.2086683E-0134  -0.2421723E-0132  -0.1208159E-0134  -0.1401823E-0132
     1.52800  -0.2729170E-0133  -0.3157669E-0131  -0.2811450E-0133  -0.3253477E-0131  -0.1623007E-0133  -0.1877739E-0131
     1.53600  -0.3541418E-0132  -0.4085626E-0130  -0.3656708E-0132  -0.4219454E-0130  -0.2104764E-0132  -0.2428079E-0130
     1.54400  -0.4441844E-0131  -0.5109627E-0129  -0.4597166E-0131  -0.5289369E-0129  -0.2638318E-0131  -0.3034802E-0129
     1.55200  -0.5391442E-0130  -0.6184072E-0128  -0.5593018E-0130  -0.6416627E-0128  -0.3200425E-0130  -0.3670741E-0128
     1.56000  -0.6339930E-0129  -0.7250982E-0127  -0.6592356E-0129  -0.7541317E-0127  -0.3761207E-0129  -0.4301455E-0127
     1.56800  -0.7230251E-0128  -0.8245323E-0126  -0.7535724E-0128  -0.8595610E-0126  -0.4286840E-0128  -0.4888399E-0126
     1.57600  -0.8004520E-0127  -0.9101868E-0125  -0.8362243E-0127  -0.9510838E-0125  -0.4743090E-0127  -0.5393008E-0125
     1.58400  -0.8610499E-0126  -0.9762559E-0124  -0.9016383E-0126  -0.1022520E-0123  -0.5099150E-0126  -0.5781051E-0124
     1.59200  -0.9007568E-0125  -0.1018315E-0122  -0.9454283E-0125  -0.1069081E-0122  -0.5331157E-0125  -0.6026552E-0123
     1.60000  -0.9171210E-0124  -0.1033807E-0121  -0.9648624E-0124  -0.1087899E-0121  -0.5424829E-0124  -0.6114641E-0122
     1.60800  -0.9095360E-0123  -0.1022280E-0120  -0.9591288E-0123  -0.1078303E-0120  -0.5376824E-0123  -0.6042926E-0121
     1.61600  -0.8792323E-0122  -0.9853483E-0120  -0.9293506E-0122  -0.1041797E-0119  -0.5194660E-0122  -0.5821221E-0120
     1.62400  -0.8290439E-0121  -0.9264008E-0119  -0.8783613E-0121  -0.9817827E-0119  -0.4895303E-0121  -0.5469796E-0119
     1.63200  -0.7630028E-0120  -0.8501230E-0118  -0.8102932E-0120  -0.9030713E-0118  -0.4502749E-0120  -0.5016523E-0118
     1.64000  -0.6858352E-0119  -0.7619186E-0117  -0.7300574E-0119  -0.8112850E-0117  -0.4045031E-0119  -0.4493445E-0117
     1.64800  -0.6024425E-0118  -0.6673236E-0116  -0.6427984E-0118  -0.7122408E-0116  -0.3551151E-0118  -0.3933309E-0116
     1.65600  -0.5174382E-0117  -0.5714925E-0115  -0.5534019E-0117  -0.6114025E-0115  -0.3048347E-0117  -0.3366540E-0115
     1.66400  -0.4347927E-0116  -0.4788111E-0114  -0.4661097E-0116  -0.5134618E-0114  -0.2560009E-0116  -0.2818968E-0114
     1.67200  -0.3576100E-0115  -0.3926634E-0113  -0.3842734E-0115  -0.4220780E-0113  -0.2104375E-0115  -0.2310468E-0113
     1.68000  -0.2880408E-0114  -0.3153497E-0112  -0.3102489E-0114  -0.3397770E-0112  -0.1694036E-0114  -0.1854498E-0112
     1.68800  -0.2273102E-0113  -0.2481326E-0111  -0.2454155E-0113  -0.2679883E-0111  -0.1336114E-0113  -0.1458388E-0111
     1.69600  -0.1758327E-0112  -0.1913771E-0110  -0.1902876E-0112  -0.2071826E-0110  -0.1032954E-0112  -0.1124179E-0110
     1.70400  -0.1333777E-0111  -0.1447430E-0109  -0.1446849E-0111  -0.1570701E-0109  -0.7831094E-0112  -0.8497674E-0110
     1.71200  -0.9925420E-0111  -0.1073955E-0108  -0.1079242E-0110  -0.1168196E-0108  -0.5824340E-0111  -0.6301538E-0109
     1.72000  -0.7248845E-0110  -0.7820379E-0108  -0.7900783E-0110  -0.8526925E-0108  -0.4251342E-0110  -0.4586135E-0108
     1.72800  -0.5197666E-0109  -0.5590977E-0107  -0.5678613E-0109  -0.6110668E-0107  -0.3046673E-0109  -0.3276923E-0107
     1.73600  -0.3660383E-0108  -0.3925771E-0106  -0.4008614E-0108  -0.4300941E-0106  -0.2144396E-0108  -0.2299661E-0106
     1.74400  -0.2532656E-0107  -0.2708272E-0105  -0.2780220E-0107  -0.2974198E-0105  -0.1482916E-0107  -0.1585596E-0105
     1.75200  -0.1722284E-0106  -0.1836273E-0104  -0.1895153E-0106  -0.2021413E-0104  -0.1007877E-0106  -0.1074482E-0104
     1.76000  -0.1151473E-0105  -0.1224056E-0103  -0.1270080E-0105  -0.1350706E-0103  -0.6734728E-0106  -0.7158564E-0104
     1.76800  -0.7571120E-0105  -0.8024558E-0103  -0.8370992E-0105  -0.8876139E-0103  -0.4425788E-0105  -0.4690394E-0103
     1.77600  -0.4897288E-0104  -0.5175220E-0102  -0.5427669E-0104  -0.5738212E-0102  -0.2861219E-0104  -0.3023300E-0102
     1.78400  -0.3117222E-0103  -0.3284366E-0101  -0.3463122E-0103  -0.3650444E-0101  -0.1820240E-0103  -0.1917648E-0101
     1.79200  -0.1953076E-0102  -0.2051692E-0100  -0.2175020E-0102  -0.2285884E-0100  -0.1139847E-0102  -0.1197278E-0100
     1.80000  -0.1204838E-0101  -0.1261913E-0099  -0.1344988E-0101  -0.1409357E-0099  -0.7027860E-0102  -0.7360016E-0100
     1.80800  -0.7320002E-0101  -0.7643954E-0099  -0.8191211E-0101  -0.8557778E-0099  -0.4267499E-0101  -0.4455891E-0099
     1.81600  -0.4381046E-0100  -0.4561306E-0098  -0.4914322E-0100  -0.5119001E-0098  -0.2552752E-0100  -0.2657502E-0098
     1.82400  -0.2583663E-0099  -0.2681948E-0097  -0.2905175E-0099  -0.3017179E-0097  -0.1504651E-0099  -0.1561720E-0097
     1.83200  -0.1501722E-0098  -0.1554195E-0096  -0.1692694E-0098  -0.1752721E-0096  -0.8740968E-0099  -0.9045396E-0097
     1.84000  -0.8604781E-0098  -0.8878823E-0096  -0.9722609E-0098  -0.1003739E-0095  -0.5005879E-0098  -0.5164727E-0096
     1.84800  -0.4861655E-0097  -0.5001471E-0095  -0.5506595E-0097  -0.5667917E-0095  -0.2826805E-0097  -0.2907772E-0095
     1.85600  -0.2709052E-0096  -0.2778608E-0094  -0.3075914E-0096  -0.3156568E-0094  -0.1574349E-0096  -0.1614586E-0094
     1.86400  -0.1489126E-0095  -0.1522776E-0093  -0.1694915E-0095  -0.1734154E-0093  -0.8649432E-0096  -0.8843854E-0094
     1.87200  -0.8076355E-0095  -0.8234036E-0093  -0.9214960E-0095  -0.9400056E-0093  -0.4688617E-0095  -0.4779592E-0093
     1.88000  -0.4322708E-0094  -0.4393841E-0092  -0.4944217E-0094  -0.5028402E-0092  -0.2508183E-0094  -0.2549151E-0092
     1.88800  -0.2283690E-0093  -0.2314273E-0091  -0.2618450E-0093  -0.2655035E-0091  -0.1324387E-0093  -0.1341960E-0091
     1.89600  -0.1191079E-0092  -0.1203387E-0090  -0.1369037E-0092  -0.1383990E-0090  -0.6903881E-0093  -0.6974368E-0091
     1.90400  -0.6134027E-0092  -0.6178685E-0090  -0.7067895E-0092  -0.7123571E-0090  -0.3553646E-0092  -0.3579072E-0090
     1.91200  -0.3119822E-0091  -0.3133023E-0089  -0.3603677E-0091  -0.3621109E-0089  -0.1806486E-0091  -0.1813901E-0089
     1.92000  -0.1567357E-0090  -0.1569218E-0088  -0.1814921E-0090  -0.1818191E-0088  -0.9070882E-0091  -0.9080495E-0089
     1.92800  -0.7779164E-0090  -0.7764759E-0088  -0.9030228E-0090  -0.9019134E-0088  -0.4499789E-0090  -0.4490876E-0088
     1.93600  -0.3815014E-0089  -0.3796372E-0087  -0.4439562E-0089  -0.4420673E-0087  -0.2205634E-0089  -0.2194569E-0087
     1.94400  -0.1848957E-0088  -0.1834319E-0086  -0.2157004E-0088  -0.2141310E-0086  -0.1068422E-0088  -0.1059823E-0086
     1.95200  -0.8857112E-0088  -0.8760193E-0086  -0.1035855E-0087  -0.1025193E-0085  -0.5115491E-0088  -0.5058837E-0086
     1.96000  -0.4194285E-0087  -0.4135717E-0085  -0.4917558E-0087  -0.4852129E-0085  -0.2421213E-0087  -0.2387080E-0085
     1.96800  -0.1963759E-0086  -0.1930413E-0084  -0.2308165E-0086  -0.2270512E-0084  -0.1133036E-0086  -0.1113643E-0084
     1.97600  -0.9091705E-0086  -0.8909932E-0084  -0.1071306E-0085  -0.1050611E-0083  -0.5243022E-0086  -0.5137483E-0084
     1.98400  -0.4162844E-0085  -0.4067092E-0083  -0.4917563E-0085  -0.4807822E-0083  -0.2399429E-0085  -0.2343909E-0083
     1.99200  -0.1885306E-0084  -0.1836277E-0082  -0.2232728E-0084  -0.2176215E-0082  -0.1086130E-0084  -0.1057734E-0082
     2.00000  -0.8446535E-0084  -0.8201535E-0082  -0.1002834E-0083  -0.9744514E-0082  -0.4863635E-0084  -0.4721881E-0082
     2.00800  -0.3744006E-0083  -0.3624191E-0081  -0.4456419E-0083  -0.4316981E-0081  -0.2154776E-0083  -0.2085515E-0081
     2.01600  -0.1642143E-0082  -0.1584678E-0080  -0.1959575E-0082  -0.1892417E-0080  -0.9446267E-0083  -0.9114364E-0081
     2.02400  -0.7127807E-0082  -0.6857079E-0080  -0.8527284E-0082  -0.8209635E-0080  -0.4098163E-0082  -0.3941920E-0080
     2.03200  -0.3062130E-0081  -0.2936687E-0079  -0.3672695E-0081  -0.3524958E-0079  -0.1759712E-0081  -0.1687370E-0079
     2.04000  -0.1302164E-0080  -0.1244939E-0078  -0.1565798E-0080  -0.1498161E-0078  -0.7479434E-0081  -0.7149652E-0079
     2.04800  -0.5481912E-0080  -0.5224685E-0078  -0.6608665E-0080  -0.6303583E-0078  -0.3147174E-0080  -0.2999038E-0078
     2.05600  -0.2284925E-0079  -0.2170917E-0077  -0.2761644E-0079  -0.2625972E-0077  -0.1311133E-0079  -0.1245520E-0077
     2.06400  -0.9430464E-0079  -0.8931924E-0077  -0.1142735E-0078  -0.1083214E-0076  -0.5408722E-0079  -0.5121986E-0077
     2.07200  -0.3854451E-0078  -0.3639255E-0076  -0.4682680E-0078  -0.4424931E-0076  -0.2209588E-0078  -0.2085894E-0076
     2.08000  -0.1560292E-0077  -0.1468559E-0075  -0.1900466E-0077  -0.1790247E-0075  -0.8940099E-0078  -0.8413139E-0076
     2.08800  -0.6256167E-0077  -0.5869843E-0075  -0.7639892E-0077  -0.7174282E-0075  -0.3582884E-0077  -0.3361093E-0075
     2.09600  -0.2484926E-0076  -0.2324136E-0074  -0.3042424E-0076  -0.2848044E-0074  -0.1422415E-0076  -0.1330159E-0074
     2.10400  -0.9778316E-0076  -0.9116738E-0074  -0.1200330E-0075  -0.1120110E-0073  -0.5594564E-0076  -0.5215185E-0074
     2.11200  -0.3812435E-0075  -0.3543253E-0073  -0.4692153E-0075  -0.4364778E-0073  -0.2180189E-0075  -0.2025915E-0073
     2.12000  -0.1472887E-0074  -0.1364554E-0072  -0.1817503E-0074  -0.1685359E-0072  -0.8418817E-0075  -0.7798285E-0073
     2.12800  -0.5639043E-0074  -0.5207695E-0072  -0.6976695E-0074  -0.6448991E-0072  -0.3221644E-0074  -0.2974702E-0072
     2.13600  -0.2139685E-0073  -0.1969726E-0071  -0.2654213E-0073  -0.2445679E-0071  -0.1221836E-0073  -0.1124589E-0071
     2.14400  -0.8047133E-0073  -0.7384310E-0071  -0.1000856E-0072  -0.9192932E-0071  -0.4592990E-0073  -0.4213943E-0071
     2.15200  -0.2999973E-0072  -0.2744074E-0070  -0.3741063E-0072  -0.3425259E-0070  -0.1711447E-0072  -0.1565185E-0070
     2.16000  -0.1108703E-0071  -0.1010882E-0069  -0.1386256E-0071  -0.1265187E-0069  -0.6321987E-0072  -0.5763175E-0070
     2.16800  -0.4062295E-0071  -0.3691989E-0069  -0.5092755E-0071  -0.4633124E-0069  -0.2315274E-0071  -0.2103844E-0069
     2.17600  -0.1475779E-0070  -0.1336937E-0068  -0.1855064E-0070  -0.1682236E-0068  -0.8407083E-0071  -0.7614761E-0069
     2.18400  -0.5316180E-0070  -0.4800502E-0068  -0.6700337E-0070  -0.6056591E-0068  -0.3027034E-0070  -0.2732907E-0068
     2.19200  -0.1899070E-0069  -0.1709315E-0067  -0.2399939E-0069  -0.2162382E-0067  -0.1080818E-0069  -0.9726429E-0068
     2.20000  -0.6727884E-0069  -0.6036018E-0067  -0.8525174E-0069  -0.7656543E-0067  -0.3827229E-0069  -0.3433013E-0067
     2.20800  -0.2363988E-0068  -0.2113999E-0066  -0.3003575E-0068  -0.2688822E-0066  -0.1344144E-0068  -0.1201777E-0066
     2.21600  -0.8238981E-0068  -0.7343741E-0066  -0.1049635E-0067  -0.9365971E-0066  -0.4682409E-0068  -0.4172831E-0066
     2.22400  -0.2848360E-0067  -0.2530577E-0065  -0.3638602E-0067  -0.3236208E-0065  -0.1618029E-0067  -0.1437235E-0065
     2.23200  -0.9768779E-0067  -0.8650524E-0065  -0.1251290E-0066  -0.1109287E-0064  -0.5546612E-0067  -0.4910728E-0065
     2.24000  -0.3323842E-0066  -0.2933705E-0064  -0.4269129E-0066  -0.3772298E-0064  -0.1886358E-0066  -0.1664622E-0064
     2.24800  -0.1122083E-0065  -0.9871233E-0064  -0.1445134E-0065  -0.1272777E-0063  -0.6365105E-0066  -0.5598433E-0064
     2.25600  -0.3758576E-0065  -0.3295616E-0063  -0.4853939E-0065  -0.4261006E-0063  -0.2131087E-0065  -0.1868221E-0063
     2.26400  -0.1249293E-0064  -0.1091795E-0062  -0.1617806E-0064  -0.1415515E-0062  -0.7080108E-0065  -0.6186275E-0063
     2.27200  -0.4120751E-0064  -0.3589322E-0062  -0.5350971E-0064  -0.4666457E-0062  -0.2334263E-0064  -0.2032815E-0062
     2.28000  -0.1348923E-0063  -0.1171060E-0061  -0.1756471E-0063  -0.1526717E-0061  -0.7637635E-0064  -0.6629214E-0062
     2.28800  -0.4382519E-0063  -0.3791995E-0061  -0.5722405E-0063  -0.4957417E-0061  -0.2480243E-0063  -0.2145600E-0061
     2.29600  -0.1413231E-0062  -0.1218724E-0060  -0.1850429E-0062  -0.1597735E-0060  -0.7994344E-0063  -0.6892625E-0061
     2.30400  -0.4523574E-0062  -0.3887929E-0060  -0.5939483E-0062  -0.5111317E-0060  -0.2557707E-0062  -0.2197841E-0060
     2.31200  -0.1437326E-0061  -0.1231210E-0059  -0.1892489E-0061  -0.1623175E-0059  -0.8123142E-0062  -0.6956794E-0060
     2.32000  -0.4533764E-0061  -0.3870548E-0059  -0.5986206E-0061  -0.5117147E-0059  -0.2561109E-0061  -0.2185993E-0059
     2.32800  -0.1419770E-0060  -0.1207992E-0058  -0.1879874E-0060  -0.1601567E-0058  -0.8016552E-0061  -0.6819303E-0059
     2.33600  -0.4414248E-0060  -0.3743097E-0058  -0.5861237E-0060  -0.4976703E-0058  -0.2491307E-0060  -0.2112065E-0058
     2.34400  -0.1362697E-0059  -0.1151591E-0057  -0.1814501E-0059  -0.1535472E-0057  -0.7687255E-0060  -0.6494934E-0058
     2.35200  -0.4177050E-0059  -0.3517940E-0057  -0.5577715E-0059  -0.4704017E-0057  -0.2355284E-0059  -0.1983198E-0057
     2.36000  -0.1271425E-0058  -0.1067150E-0056  -0.1702589E-0058  -0.1431022E-0056  -0.7165827E-0059  -0.6013179E-0057
     2.36800  -0.3843135E-0058  -0.3214638E-0056  -0.5161082E-0058  -0.4323116E-0056  -0.2165028E-0058  -0.1810557E-0056
     2.37600  -0.1153657E-0057  -0.9616799E-0056  -0.1553716E-0057  -0.1297010E-0055  -0.6496171E-0058  -0.5413928E-0056
     2.38400  -0.3439430E-0057  -0.2857216E-0055  -0.4645416E-0057  -0.3864625E-0055  -0.1935843E-0057  -0.1607782E-0055
     2.39200  -0.1018442E-0056  -0.8431237E-0055  -0.1379499E-0056  -0.1143697E-0054  -0.5729586E-0057  -0.4742179E-0055
     2.40000  -0.2995351E-0056  -0.2471136E-0054  -0.4068963E-0056  -0.3361829E-0054  -0.1684373E-0056  -0.1389268E-0054
     2.40800  -0.8750680E-0056  -0.7194161E-0054  -0.1192154E-0055  -0.9815720E-0054  -0.4918543E-0056  -0.4042712E-0054
     2.41600  -0.2539448E-0055  -0.2080474E-0053  -0.3469670E-0055  -0.2846895E-0053  -0.1426719E-0055  -0.1168580E-0053
     2.42400  -0.7320833E-0055  -0.5976731E-0053  -0.1003163E-0054  -0.8202450E-0053  -0.4111159E-0055  -0.3355550E-0053
     2.43200  -0.2096648E-0054  -0.1705706E-0052  -0.2881393E-0054  -0.2347788E-0052  -0.1176886E-0054  -0.9572123E-0053
     2.44000  -0.5965601E-0054  -0.4836191E-0052  -0.8222446E-0054  -0.6676316E-0052  -0.3347096E-0054  -0.2712763E-0052
     2.44800  -0.1686420E-0053  -0.1362325E-0051  -0.2331237E-0053  -0.1886240E-0051  -0.9457699E-0054  -0.7638252E-0052
     2.45600  -0.4736739E-0053  -0.3812899E-0051  -0.6567162E-0053  -0.5294907E-0051  -0.2655248E-0053  -0.2136848E-0051
     2.46400  -0.1321947E-0052  -0.1060341E-0050  -0.1838205E-0052  -0.1476861E-0050  -0.7407062E-0053  -0.5939767E-0051
     2.47200  -0.3665963E-0052  -0.2930020E-0050  -0.5112738E-0052  -0.4093166E-0050  -0.2053178E-0052  -0.1640589E-0050
     2.48000  -0.1010229E-0051  -0.8045405E-0050  -0.1413106E-0051  -0.1127290E-0049  -0.5655422E-0052  -0.4502806E-0050
     2.48800  -0.2766476E-0051  -0.2195309E-0049  -0.3881286E-0051  -0.3085224E-0049  -0.1548030E-0051  -0.1228110E-0049
     2.49600  -0.7528829E-0051  -0.5952941E-0049  -0.1059434E-0050  -0.8391313E-0049  -0.4211021E-0051  -0.3328738E-0049
     2.50400  -0.2036285E-0050  -0.1604252E-0048  -0.2873999E-0050  -0.2268207E-0048  -0.1138430E-0050  -0.8966596E-0049
     2.51200  -0.5473655E-0050  -0.4296712E-0048  -0.7748745E-0050  -0.6093432E-0048  -0.3058815E-0050  -0.2400481E-0048
     2.52000  -0.1462382E-0049  -0.1143771E-0047  -0.2076466E-0049  -0.1626989E-0047  -0.8168551E-0050  -0.6387170E-0048
     2.52800  -0.3883342E-0049  -0.3026199E-0047  -0.5530746E-0049  -0.4317850E-0047  -0.2168195E-0049  -0.1689175E-0047
     2.53600  -0.1025010E-0048  -0.7958442E-0047  -0.1464281E-0048  -0.1139008E-0046  -0.5720442E-0049  -0.4440309E-0047
     2.54400  -0.2689329E-0048  -0.2080399E-0046  -0.3853567E-0048  -0.2986608E-0046  -0.1500220E-0048  -0.1160219E-0046
     2.55200  -0.7014061E-0048  -0.5405914E-0046  -0.1008127E-0047  -0.7784631E-0046  -0.3911018E-0048  -0.3013498E-0046
     2.56000  -0.1818529E-0047  -0.1396404E-0045  -0.2621786E-0047  -0.2017073E-0045  -0.1013562E-0047  -0.7780754E-0046
     2.56800  -0.4687181E-0047  -0.3585814E-0045  -0.6778349E-0047  -0.5195704E-0045  -0.2611270E-0047  -0.1997135E-0045
     2.57600  -0.1201044E-0046  -0.9154071E-0045  -0.1742251E-0046  -0.1330520E-0044  -0.6688199E-0047  -0.5096162E-0045
     2.58400  -0.3059685E-0046  -0.2323301E-0044  -0.4452180E-0046  -0.3387411E-0044  -0.1703090E-0046  -0.1292838E-0044
     2.59200  -0.7749613E-0046  -0.5862410E-0044  -0.1131161E-0045  -0.8574289E-0044  -0.4311732E-0046  -0.3260802E-0044
     2.60000  -0.1951566E-0045  -0.1470756E-0043  -0.2857463E-0045  -0.2157877E-0043  -0.1085341E-0045  -0.8177094E-0044
     2.60800  -0.4886532E-0045  -0.3668708E-0043  -0.7177206E-0045  -0.5399678E-0043  -0.2716408E-0045  -0.2038834E-0043
     2.61600  -0.1216597E-0044  -0.9099294E-0043  -0.1792516E-0044  -0.1343494E-0042  -0.6760089E-0045  -0.5054601E-0043
     2.62400  -0.3011860E-0044  -0.2244079E-0042  -0.4451612E-0044  -0.3323871E-0042  -0.1672832E-0044  -0.1246029E-0042
     2.63200  -0.7414448E-0044  -0.5503235E-0042  -0.1099340E-0043  -0.8177237E-0042  -0.4116314E-0044  -0.3054352E-0042
     2.64000  -0.1815065E-0043  -0.1342026E-0041  -0.2699733E-0043  -0.2000491E-0041  -0.1007243E-0043  -0.7445145E-0042
     2.64800  -0.4418638E-0043  -0.3254466E-0041  -0.6593210E-0043  -0.4866846E-0041  -0.2450998E-0043  -0.1804694E-0041
     2.65600  -0.1069745E-0042  -0.7848520E-0041  -0.1601303E-0042  -0.1177477E-0040  -0.5931272E-0043  -0.4350341E-0041
     2.66400  -0.2575617E-0042  -0.1882339E-0040  -0.3867793E-0042  -0.2833113E-0040  -0.1427452E-0042  -0.1042906E-0040
     2.67200  -0.6167419E-0042  -0.4489753E-0040  -0.9291358E-0042  -0.6779456E-0040  -0.3416623E-0042  -0.2486464E-0040
     2.68000  -0.1468790E-0041  -0.1065060E-0039  -0.2219903E-0041  -0.1613458E-0039  -0.8133302E-0042  -0.5895848E-0040
     2.68800  -0.3479064E-0041  -0.2512843E-0039  -0.5275210E-0041  -0.3819134E-0039  -0.1925677E-0041  -0.1390433E-0039
     2.69600  -0.8196413E-0041  -0.5896685E-0039  -0.1246835E-0040  -0.8991424E-0039  -0.4534805E-0041  -0.3261411E-0039
     2.70400  -0.1920684E-0040  -0.1376303E-0038  -0.2931255E-0040  -0.2105525E-0038  -0.1062197E-0040  -0.7608949E-0039
     2.71200  -0.4476829E-0040  -0.3195181E-0038  -0.6854655E-0040  -0.4904250E-0038  -0.2474764E-0040  -0.1765710E-0038
     2.72000  -0.1037957E-0039  -0.7378425E-0038  -0.1594471E-0039  -0.1136257E-0037  -0.5735315E-0040  -0.4075688E-0038
     2.72800  -0.2393833E-0039  -0.1694846E-0037  -0.3689422E-0039  -0.2618689E-0037  -0.1322168E-0039  -0.9357958E-0038
     2.73600  -0.5491940E-0039  -0.3872632E-0037  -0.8492237E-0039  -0.6003518E-0037  -0.3032030E-0039  -0.2137327E-0037
     2.74400  -0.1253389E-0038  -0.8802440E-0037  -0.1944550E-0038  -0.1369158E-0036  -0.6916859E-0039  -0.4856036E-0037
     2.75200  -0.2845677E-0038  -0.1990360E-0036  -0.4429559E-0038  -0.3106261E-0036  -0.1569727E-0038  -0.1097551E-0036
     2.76000  -0.6427406E-0038  -0.4477160E-0036  -0.1003823E-0037  -0.7010841E-0036  -0.3543967E-0038  -0.2467800E-0036
     2.76800  -0.1444265E-0037  -0.1001906E-0035  -0.2263185E-0037  -0.1574202E-0035  -0.7960066E-0038  -0.5520124E-0036
     2.77600  -0.3228717E-0037  -0.2230564E-0035  -0.5076445E-0037  -0.3516575E-0035  -0.1778753E-0037  -0.1228433E-0035
     2.78400  -0.7181170E-0037  -0.4940566E-0035  -0.1132887E-0036  -0.7815531E-0035  -0.3954550E-0037  -0.2719746E-0035
     2.79200  -0.1589107E-0036  -0.1088737E-0034  -0.2515424E-0036  -0.1728171E-0034  -0.8747244E-0037  -0.5990868E-0035
     2.80000  -0.3498756E-0036  -0.2387062E-0034  -0.5557040E-0036  -0.3802020E-0034  -0.1925078E-0036  -0.1312942E-0034
     2.80800  -0.7664558E-0036  -0.5207253E-0034  -0.1221501E-0035  -0.8322463E-0034  -0.4215398E-0036  -0.2862899E-0034
     2.81600  -0.1670642E-0035  -0.1130232E-0033  -0.2671604E-0035  -0.1812628E-0033  -0.9184418E-0036  -0.6211275E-0034
     2.82400  -0.3623365E-0035  -0.2440904E-0033  -0.5814173E-0035  -0.3928211E-0033  -0.1991120E-0035  -0.1340848E-0033
     2.83200  -0.7819574E-0035  -0.5245260E-0033  -0.1259074E-0034  -0.8470706E-0033  -0.4295221E-0035  -0.2880127E-0033
     2.84000  -0.1679213E-0034  -0.1121569E-0032  -0.2713134E-0034  -0.1817576E-0032  -0.9219886E-0035  -0.6155830E-0033
     2.84800  -0.3588307E-0034  -0.2386367E-0032  -0.5817787E-0034  -0.3880815E-0032  -0.1969368E-0034  -0.1309224E-0032
     2.85600  -0.7630338E-0034  -0.5052538E-0032  -0.1241423E-0033  -0.8245558E-0032  -0.4185994E-0034  -0.2770783E-0032
     2.86400  -0.1614647E-0033  -0.1064516E-0031  -0.2636130E-0033  -0.1743383E-0031  -0.8854216E-0034  -0.5835277E-0032
     2.87200  -0.3400163E-0033  -0.2231895E-0031  -0.5570672E-0033  -0.3668177E-0031  -0.1863761E-0033  -0.1222924E-0031
     2.88000  -0.7125567E-0033  -0.4656755E-0031  -0.1171524E-0032  -0.7680706E-0031  -0.3904164E-0033  -0.2550503E-0031
     2.88800  -0.1486091E-0032  -0.9669178E-0031  -0.2451919E-0032  -0.1600494E-0030  -0.8139021E-0033  -0.5293571E-0031
     2.89600  -0.3084511E-0032  -0.1998025E-0030  -0.5107184E-0032  -0.3319081E-0030  -0.1688618E-0032  -0.1093394E-0030
     2.90400  -0.6371631E-0032  -0.4108900E-0030  -0.1058731E-0031  -0.6850159E-0030  -0.3486696E-0032  -0.2247598E-0030
     2.91200  -0.1309926E-0031  -0.8409540E-0030  -0.2184375E-0031  -0.1407054E-0029  -0.7165209E-0032  -0.4598141E-0030
     2.92000  -0.2680300E-0031  -0.1712967E-0029  -0.4485535E-0031  -0.2876450E-0029  -0.1465494E-0031  -0.9362160E-0030
     2.92800  -0.5458437E-0031  -0.3472671E-0029  -0.9167592E-0031  -0.5852570E-0029  -0.2983236E-0031  -0.1897178E-0029
     2.93600  -0.1106394E-0030  -0.7006877E-0029  -0.1864912E-0030  -0.1185191E-0028  -0.6044327E-0031  -0.3826363E-0029
     2.94400  -0.2232111E-0030  -0.1407146E-0028  -0.3775994E-0030  -0.2388853E-0028  -0.1218914E-0030  -0.7681010E-0029
     2.95200  -0.4482231E-0030  -0.2812650E-0028  -0.7609958E-0030  -0.4792455E-0028  -0.2446642E-0030  -0.1534660E-0028
     2.96000  -0.8958865E-0030  -0.5595792E-0028  -0.1526578E-0029  -0.9569777E-0028  -0.4888192E-0030  -0.3051937E-0028
     2.96800  -0.1782377E-0029  -0.1108114E-0027  -0.3048240E-0029  -0.1902078E-0027  -0.9721070E-0030  -0.6041098E-0028
     2.97600  -0.3529733E-0029  -0.2184194E-0027  -0.6058714E-0029  -0.3763092E-0027  -0.1924312E-0029  -0.1190256E-0027
     2.98400  -0.6958042E-0029  -0.4285386E-0027  -0.1198727E-0028  -0.7410694E-0027  -0.3791753E-0029  -0.2334301E-0027
     2.99200  -0.1365346E-0028  -0.8369268E-0027  -0.2360892E-0028  -0.1452706E-0026  -0.7437294E-0029  -0.4556927E-0027
     3.00000  -0.2666956E-0028  -0.1627013E-0026  -0.4628659E-0028  -0.2834708E-0026  -0.1452137E-0028  -0.8855098E-0027
     3.00800  -0.5185779E-0028  -0.3148529E-0026  -0.9033680E-0028  -0.5506277E-0026  -0.2822444E-0028  -0.1712883E-0026
     3.01600  -0.1003793E-0027  -0.6065188E-0026  -0.1755140E-0027  -0.1064715E-0025  -0.5461035E-0028  -0.3298239E-0026
     3.02400  -0.1934253E-0027  -0.1163075E-0025  -0.3394718E-0027  -0.2049471E-0025  -0.1051874E-0027  -0.6322129E-0026
     3.03200  -0.3710465E-0027  -0.2220265E-0025  -0.6536526E-0027  -0.3927260E-0025  -0.2016965E-0027  -0.1206363E-0025
     3.04000  -0.7085918E-0027  -0.4219316E-0025  -0.1252993E-0026  -0.7491757E-0025  -0.3850221E-0027  -0.2291570E-0025
     3.04800  -0.1347173E-0026  -0.7982264E-0025  -0.2391198E-0026  -0.1422756E-0024  -0.7316991E-0027  -0.4333463E-0025
     3.05600  -0.2549862E-0026  -0.1503362E-0024  -0.4543120E-0026  -0.2689902E-0024  -0.1384349E-0026  -0.8158121E-0025
     3.06400  -0.4804882E-0026  -0.2818775E-0024  -0.8593522E-0026  -0.5063003E-0024  -0.2607541E-0026  -0.1528991E-0024
     3.07200  -0.9014215E-0026  -0.5261666E-0024  -0.1618352E-0025  -0.9487500E-0024  -0.4889855E-0026  -0.2852892E-0024
     3.08000  -0.1683677E-0025  -0.9778187E-0024  -0.3034353E-0025  -0.1770001E-0023  -0.9129486E-0026  -0.5299539E-0024
     3.08800  -0.3130987E-0025  -0.1809138E-0023  -0.5664437E-0025  -0.3287605E-0023  -0.1697026E-0025  -0.9800967E-0024
     3.09600  -0.5796981E-0025  -0.3332492E-0023  -0.1052813E-0024  -0.6079613E-0023  -0.3140716E-0025  -0.1804613E-0023
     3.10400  -0.1068628E-0024  -0.6111628E-0023  -0.1948298E-0024  -0.1119357E-0022  -0.5787261E-0025  -0.3308180E-0023
     3.11200  -0.1961380E-0024  -0.1115940E-0022  -0.3589845E-0024  -0.2051933E-0022  -0.1061763E-0024  -0.6037962E-0023
     3.12000  -0.3584372E-0024  -0.2028740E-0022  -0.6585942E-0024  -0.3745121E-0022  -0.1939538E-0024  -0.1097219E-0022
     3.12800  -0.6522087E-0024  -0.3672143E-0022  -0.1203062E-0023  -0.6805846E-0022  -0.3527697E-0024  -0.1985198E-0022
     3.13600  -0.1181648E-0023  -0.6617988E-0022  -0.2188224E-0023  -0.1231452E-0021  -0.6388692E-0024  -0.3576244E-0022
     3.14400  -0.2131686E-0023  -0.1187547E-0021  -0.3963099E-0023  -0.2218593E-0021  -0.1152037E-0023  -0.6414594E-0022
     3.15200  -0.3829109E-0023  -0.2121779E-0021  -0.7146989E-0023  -0.3979863E-0021  -0.2068521E-0023  -0.1145606E-0021
     3.16000  -0.6848844E-0023  -0.3774668E-0021  -0.1283400E-0022  -0.7108762E-0021  -0.3698269E-0023  -0.2037185E-0021
     3.16800  -0.1219796E-0022  -0.6686398E-0021  -0.2294865E-0022  -0.1264331E-0020  -0.6583964E-0023  -0.3607118E-0021
     3.17600  -0.2163283E-0022  -0.1179358E-0020  -0.4086145E-0022  -0.2239100E-0020  -0.1167165E-0022  -0.6359606E-0021
     3.18400  -0.3820327E-0022  -0.2071306E-0020  -0.7244984E-0022  -0.3948549E-0020  -0.2060337E-0022  -0.1116465E-0020
     3.19200  -0.6718224E-0022  -0.3622371E-0020  -0.1279185E-0021  -0.6933584E-0020  -0.3621685E-0022  -0.1951685E-0020
     3.20000  -0.1176468E-0021  -0.6308075E-0020  -0.2249090E-0021  -0.1212381E-0019  -0.6339497E-0022  -0.3397265E-0020
     3.20800  -0.2051555E-0021  -0.1093858E-0019  -0.3937884E-0021  -0.2110993E-0019  -0.1105035E-0021  -0.5888560E-0020
     3.21600  -0.3562608E-0021  -0.1888817E-0019  -0.6866047E-0021  -0.3660203E-0019  -0.1918134E-0021  -0.1016374E-0019
     3.22400  -0.6160844E-0021  -0.3247794E-0019  -0.1192184E-0020  -0.6319742E-0019  -0.3315651E-0021  -0.1746897E-0019
     3.23200  -0.1060973E-0020  -0.5561111E-0019  -0.2061472E-0020  -0.1086610E-0018  -0.5707563E-0021  -0.2989890E-0019
     3.24000  -0.1819557E-0020  -0.9482299E-0019  -0.3549885E-0020  -0.1860516E-0018  -0.9784293E-0021  -0.5095912E-0019
     3.24800  -0.3107627E-0020  -0.1610087E-0018  -0.6087772E-0020  -0.3172358E-0018  -0.1670359E-0020  -0.8649119E-0019
     3.25600  -0.5285652E-0020  -0.2722532E-0018  -0.1039715E-0019  -0.5386729E-0018  -0.2839857E-0020  -0.1461873E-0018
     3.26400  -0.8953228E-0020  -0.4584470E-0018  -0.1768428E-0019  -0.9108908E-0018  -0.4808331E-0020  -0.2460592E-0018
     3.27200  -0.1510347E-0019  -0.7687800E-0018  -0.2995585E-0019  -0.1533946E-0017  -0.8107890E-0020  -0.4124449E-0018
     3.28000  -0.2537431E-0019  -0.1283855E-0017  -0.5053611E-0019  -0.2572532E-0017  -0.1361575E-0019  -0.6884827E-0018
     3.28800  -0.4245579E-0019  -0.2135185E-0017  -0.8490873E-0019  -0.4296577E-0017  -0.2277195E-0019  -0.1144524E-0017
     3.29600  -0.7074717E-0019  -0.3536423E-0017  -0.1420815E-0018  -0.7146599E-0017  -0.3793045E-0019  -0.1894812E-0017
     3.30400  -0.1174127E-0018  -0.5833194E-0017  -0.2367893E-0018  -0.1183847E-0016  -0.6292298E-0019  -0.3124067E-0017
     3.31200  -0.1940705E-0018  -0.9582221E-0017  -0.3930337E-0018  -0.1953056E-0016  -0.1039606E-0018  -0.5129696E-0017
     3.32000  -0.3194820E-0018  -0.1567644E-0016  -0.6497485E-0018  -0.3208934E-0016  -0.1710685E-0018  -0.8388494E-0017
     3.32800  -0.5238175E-0018  -0.2554194E-0016  -0.1069824E-0017  -0.5250949E-0016  -0.2803612E-0018  -0.1366159E-0016
     3.33600  -0.8553908E-0018  -0.4144666E-0016  -0.1754428E-0017  -0.8557550E-0016  -0.4576320E-0018  -0.2215884E-0016
     3.34400  -0.1391247E-0017  -0.6698200E-0016  -0.2865621E-0017  -0.1388991E-0015  -0.7439939E-0018  -0.3579525E-0016
     3.35200  -0.2253735E-0017  -0.1078110E-0015  -0.4661930E-0017  -0.2245386E-0015  -0.1204706E-0017  -0.5758902E-0016
     3.36000  -0.3636342E-0017  -0.1728258E-0015  -0.7554064E-0017  -0.3615167E-0015  -0.1942923E-0017  -0.9227705E-0016
     3.36800  -0.5843775E-0017  -0.2759292E-0015  -0.1219178E-0016  -0.5797149E-0015  -0.3121019E-0017  -0.1472621E-0015
     3.37600  -0.9353911E-0017  -0.4387670E-0015  -0.1959879E-0016  -0.9258764E-0015  -0.4993532E-0017  -0.2340641E-0015
     3.38400  -0.1491309E-0016  -0.6948979E-0015  -0.3138129E-0016  -0.1472812E-0014  -0.7957810E-0017  -0.3705347E-0015
     3.39200  -0.2368214E-0016  -0.1096130E-0014  -0.5004897E-0016  -0.2333460E-0014  -0.1263157E-0016  -0.5842198E-0015
     3.40000  -0.3745901E-0016  -0.1722109E-0014  -0.7950715E-0016  -0.3682272E-0014  -0.1997114E-0016  -0.9174460E-0015
     3.40800  -0.5901707E-0016  -0.2694758E-0014  -0.1258078E-0015  -0.5787575E-0014  -0.3145095E-0016  -0.1434976E-0014
     3.41600  -0.9261656E-0016  -0.4199936E-0014  -0.1982907E-0015  -0.9060369E-0014  -0.4933484E-0016  -0.2235486E-0014
     3.42400  -0.1447748E-0015  -0.6519775E-0014  -0.3113111E-0015  -0.1412754E-0013  -0.7708437E-0016  -0.3468691E-0014
     3.43200  -0.2254207E-0015  -0.1008075E-0013  -0.4868412E-0015  -0.2194127E-0013  -0.1199707E-0015  -0.5360786E-0014
     3.44000  -0.3496190E-0015  -0.1552479E-0013  -0.7583753E-0015  -0.3394175E-0013  -0.1859873E-0015  -0.8252084E-0014
     3.44800  -0.5401321E-0015  -0.2381414E-0013  -0.1176761E-0014  -0.5229822E-0013  -0.2872068E-0015  -0.1265243E-0013
     3.45600  -0.8312125E-0015  -0.3638504E-0013  -0.1818876E-0014  -0.8026432E-0013  -0.4417866E-0015  -0.1932247E-0013
     3.46400  -0.1274191E-0014  -0.5537232E-0013  -0.2800474E-0014  -0.1226998E-0012  -0.6769241E-0015  -0.2939219E-0013
     3.47200  -0.1945677E-0014  -0.8393579E-0013  -0.4295137E-0014  -0.1868328E-0012  -0.1033191E-0014  -0.4453333E-0013
     3.48000  -0.2959540E-0014  -0.1267328E-0012  -0.6562095E-0014  -0.2833698E-0012  -0.1570859E-0014  -0.6720856E-0013
     3.48800  -0.4484332E-0014  -0.1905990E-0012  -0.9986911E-0014  -0.4281020E-0012  -0.2379104E-0014  -0.1010306E-0012
     3.49600  -0.6768536E-0014  -0.2855255E-0012  -0.1514070E-0013  -0.6442237E-0012  -0.3589321E-0014  -0.1512771E-0012
     3.50400  -0.1017697E-0013  -0.4260538E-0012  -0.2286598E-0013  -0.9656602E-0012  -0.5394323E-0014  -0.2256251E-0012
     3.51200  -0.1524304E-0013  -0.6332594E-0012  -0.3440058E-0013  -0.1441825E-0011  -0.8075888E-0014  -0.3351956E-0012
     3.52000  -0.2274352E-0013  -0.9375597E-0012  -0.5155568E-0013  -0.2144387E-0011  -0.1204413E-0013  -0.4960303E-0012
     3.52800  -0.3380489E-0013  -0.1382671E-0011  -0.7697062E-0013  -0.3176867E-0011  -0.1789350E-0013  -0.7311718E-0012
     3.53600  -0.5005415E-0013  -0.2031157E-0011  -0.1144758E-0012  -0.4688153E-0011  -0.2648214E-0013  -0.1073580E-0011
     3.54400  -0.7383161E-0013  -0.2972182E-0011  -0.1696078E-0012  -0.6891499E-0011  -0.3904375E-0013  -0.1570201E-0011
     3.55200  -0.1084899E-0012  -0.4332283E-0011  -0.2503363E-0012  -0.1009106E-0010  -0.5734473E-0013  -0.2287622E-0011
     3.56000  -0.1588121E-0012  -0.6290276E-0011  -0.3680868E-0012  -0.1471881E-0010  -0.8390383E-0013  -0.3319888E-0011
     3.56800  -0.2315945E-0012  -0.9097799E-0011  -0.5391724E-0012  -0.2138570E-0010  -0.1222980E-0012  -0.4799268E-0011
     3.57600  -0.3364542E-0012  -0.1310747E-0010  -0.7867896E-0012  -0.3095216E-0010  -0.1775860E-0012  -0.6911002E-0011
     3.58400  -0.4869447E-0012  -0.1881131E-0010  -0.1143789E-0011  -0.4462486E-0010  -0.2568933E-0012  -0.9913415E-0011
     3.59200  -0.7020886E-0012  -0.2689299E-0010  -0.1656500E-0011  -0.6408889E-0010  -0.3702152E-0012  -0.1416524E-0010
     3.60000  -0.1008476E-0011  -0.3829842E-0010  -0.2390000E-0011  -0.9168755E-0010  -0.5315153E-0012  -0.2016251E-0010
     3.60800  -0.1443122E-0011  -0.5433081E-0010  -0.3435325E-0011  -0.1306656E-0009  -0.7602211E-0012  -0.2858823E-0010
     3.61600  -0.2057347E-0011  -0.7677802E-0010  -0.4919300E-0011  -0.1854969E-0009  -0.1083252E-0011  -0.4037882E-0010
     3.62400  -0.2922005E-0011  -0.1080824E-0009  -0.7017892E-0011  -0.2623240E-0009  -0.1537753E-0011  -0.5681269E-0010
     3.63200  -0.4134533E-0011  -0.1515659E-0009  -0.9974249E-0011  -0.3695446E-0009  -0.2174775E-0011  -0.7962769E-0010
     3.64000  -0.5828359E-0011  -0.2117283E-0009  -0.1412297E-0010  -0.5185902E-0009  -0.3064184E-0011  -0.1111761E-0009
     3.64800  -0.8185460E-0011  -0.2946376E-0009  -0.1992262E-0010  -0.7249559E-0009  -0.4301211E-0011  -0.1546284E-0009
     3.65600  -0.1145300E-0010  -0.4084429E-0009  -0.2799905E-0010  -0.1009555E-0008  -0.6015123E-0011  -0.2142390E-0009
     3.66400  -0.1596532E-0010  -0.5640397E-0009  -0.3920298E-0010  -0.1400490E-0008  -0.8380667E-0011  -0.2956930E-0009
     3.67200  -0.2217279E-0010  -0.7759338E-0009  -0.5468591E-0010  -0.1935367E-0008  -0.1163310E-0010  -0.4065538E-0009
     3.68000  -0.3067962E-0010  -0.1063354E-0008  -0.7600018E-0010  -0.2664283E-0008  -0.1608782E-0010  -0.5568405E-0009
     3.68800  -0.4229304E-0010  -0.1451678E-0008  -0.1052297E-0009  -0.3653694E-0008  -0.2216596E-0010  -0.7597677E-0009
     3.69600  -0.5808709E-0010  -0.1974256E-0008  -0.1451607E-0009  -0.4991368E-0008  -0.3042747E-0010  -0.1032688E-0008
     3.70400  -0.7948487E-0010  -0.2674722E-0008  -0.1995024E-0009  -0.6792712E-0008  -0.4161378E-0010  -0.1398289E-0008
     3.71200  -0.1083642E-0009  -0.3609917E-0008  -0.2731729E-0009  -0.9208814E-0008  -0.5670261E-0010  -0.1886104E-0008
     3.72000  -0.1471927E-0009  -0.4853556E-0008  -0.3726657E-0009  -0.1243660E-0007  -0.7697785E-0010  -0.2534404E-0008
     3.72800  -0.1991993E-0009  -0.6500825E-0008  -0.5065185E-0009  -0.1673160E-0007  -0.1041184E-0009  -0.3392571E-0008
     3.73600  -0.2685919E-0009  -0.8674081E-0008  -0.6859099E-0009  -0.2242392E-0007  -0.1403107E-0009  -0.4524034E-0008
     3.74400  -0.3608312E-0009  -0.1152991E-0007  -0.9254148E-0009  -0.2993811E-0007  -0.1883899E-0009  -0.6009903E-0008
     3.75200  -0.4829739E-0009  -0.1526783E-0007  -0.1243956E-0008  -0.3981770E-0007  -0.2520174E-0009  -0.7953432E-0008
     3.76000  -0.6441007E-0009  -0.2014086E-0007  -0.1666000E-0008  -0.5275542E-0007  -0.3359012E-0009  -0.1048548E-0007
     3.76800  -0.8558487E-0009  -0.2646849E-0007  -0.2223041E-0008  -0.6963013E-0007  -0.4460701E-0009  -0.1377111E-0007
     3.77600  -0.1133067E-0008  -0.3465227E-0007  -0.2955455E-0008  -0.9155177E-0007  -0.5902112E-0009  -0.1801763E-0007
     3.78400  -0.1494624E-0008  -0.4519458E-0007  -0.3914779E-0008  -0.1199156E-0006  -0.7780845E-0009  -0.2348417E-0007
     3.79200  -0.1964392E-0008  -0.5872106E-0007  -0.5166518E-0008  -0.1564673E-0006  -0.1022030E-0008  -0.3049312E-0007
     3.80000  -0.2572450E-0008  -0.7600726E-0007  -0.6793566E-0008  -0.2033811E-0006  -0.1337580E-0008  -0.3944379E-0007
     3.80800  -0.3356531E-0008  -0.9801004E-0007  -0.8900381E-0008  -0.2633518E-0006  -0.1744206E-0008  -0.5082832E-0007
     3.81600  -0.4363766E-0008  -0.1259045E-0006  -0.1161801E-0007  -0.3397040E-0006  -0.2266211E-0008  -0.6525053E-0007
     3.82400  -0.5652779E-0008  -0.1611266E-0006  -0.1511017E-0007  -0.4365190E-0006  -0.2933791E-0008  -0.8344760E-0007
     3.83200  -0.7296166E-0008  -0.2054233E-0006  -0.1958043E-0007  -0.5587830E-0006  -0.3784314E-0008  -0.1063153E-0006
     3.84000  -0.9383439E-0008  -0.2609090E-0006  -0.2528090E-0007  -0.7125584E-0006  -0.4863807E-0008  -0.1349367E-0006
     3.84800  -0.1202448E-0007  -0.3301307E-0006  -0.3252233E-0007  -0.9051785E-0006  -0.6228727E-0008  -0.1706150E-0006
     3.85600  -0.1535361E-0007  -0.4161411E-0006  -0.4168609E-0007  -0.1145471E-0005  -0.7948011E-0008  -0.2149105E-0006
     3.86400  -0.1953426E-0007  -0.5225813E-0006  -0.5323813E-0007  -0.1444006E-0005  -0.1010547E-0007  -0.2696818E-0006
     3.87200  -0.2476444E-0007  -0.6537717E-0006  -0.6774516E-0007  -0.1813377E-0005  -0.1280252E-0007  -0.3371318E-0006
     3.88000  -0.3128294E-0007  -0.8148129E-0006  -0.8589326E-0007  -0.2268513E-0005  -0.1616138E-0007  -0.4198577E-0006
     3.88800  -0.3937650E-0007  -0.1011695E-0005  -0.1085093E-0006  -0.2827007E-0005  -0.2032863E-0007  -0.5209059E-0006
     3.89600  -0.4938785E-0007  -0.1251418E-0005  -0.1365853E-0006  -0.3509495E-0005  -0.2547927E-0007  -0.6438302E-0006
     3.90400  -0.6172474E-0007  -0.1542112E-0005  -0.1713055E-0006  -0.4340034E-0005  -0.3182131E-0007  -0.7927547E-0006
     3.91200  -0.7687016E-0007  -0.1893177E-0005  -0.2140777E-0006  -0.5346525E-0005  -0.3960082E-0007  -0.9724384E-0006
     3.92000  -0.9539349E-0007  -0.2315416E-0005  -0.2665668E-0006  -0.6561136E-0005  -0.4910755E-0007  -0.1188342E-0005
     3.92800  -0.1179629E-0006  -0.2821173E-0005  -0.3307328E-0006  -0.8020739E-0005  -0.6068113E-0007  -0.1446697E-0005
     3.93600  -0.1453587E-0006  -0.3424476E-0005  -0.4088716E-0006  -0.9767350E-0005  -0.7471769E-0007  -0.1754570E-0005
     3.94400  -0.1784880E-0006  -0.4141171E-0005  -0.5036599E-0006  -0.1184855E-0004  -0.9167713E-0007  -0.2119930E-0005
     3.95200  -0.2184004E-0006  -0.4989046E-0005  -0.6182029E-0006  -0.1431787E-0004  -0.1120908E-0006  -0.2551707E-0005
     3.96000  -0.2663040E-0006  -0.5987953E-0005  -0.7560843E-0006  -0.1723518E-0004  -0.1365695E-0006  -0.3059843E-0005
     3.96800  -0.3235832E-0006  -0.7159898E-0005  -0.9214200E-0006  -0.2066696E-0004  -0.1658122E-0006  -0.3655338E-0005
     3.97600  -0.3918162E-0006  -0.8529120E-0005  -0.1118912E-0005  -0.2468652E-0004  -0.2006145E-0006  -0.4350279E-0005
     3.98400  -0.4727933E-0006  -0.1012213E-0004  -0.1353905E-0005  -0.2937414E-0004  -0.2418773E-0006  -0.5157854E-0005
     3.99200  -0.5685351E-0006  -0.1196773E-0004  -0.1632442E-0005  -0.3481706E-0004  -0.2906161E-0006  -0.6092348E-0005
     4.00000  -0.6813109E-0006  -0.1409697E-0004  -0.1961316E-0005  -0.4110930E-0004  -0.3479691E-0006  -0.7169122E-0005
     4.00800  -0.8136554E-0006  -0.1654307E-0004  -0.2348128E-0005  -0.4835144E-0004  -0.4152055E-0006  -0.8404555E-0005
     4.01600  -0.9683857E-0006  -0.1934128E-0004  -0.2801328E-0005  -0.5665004E-0004  -0.4937333E-0006  -0.9815973E-0005
     4.02400  -0.1148615E-0005  -0.2252871E-0004  -0.3330264E-0005  -0.6611700E-0004  -0.5851056E-0006  -0.1142154E-0004
     4.03200  -0.1357768E-0005  -0.2614405E-0004  -0.3945213E-0005  -0.7686864E-0004  -0.6910265E-0006  -0.1324011E-0004
     4.04000  -0.1599586E-0005  -0.3022726E-0004  -0.4657410E-0005  -0.8902456E-0004  -0.8133551E-0006  -0.1529108E-0004
     4.04800  -0.1878139E-0005  -0.3481918E-0004  -0.5479060E-0005  -0.1027063E-0003  -0.9541084E-0006  -0.1759416E-0004
     4.05600  -0.2197828E-0005  -0.3996111E-0004  -0.6423346E-0005  -0.1180358E-0003  -0.1115462E-0005  -0.2016916E-0004
     4.06400  -0.2563382E-0005  -0.4569425E-0004  -0.7504414E-0005  -0.1351334E-0003  -0.1299747E-0005  -0.2303571E-0004
     4.07200  -0.2979856E-0005  -0.5205921E-0004  -0.8737346E-0005  -0.1541165E-0003  -0.1509451E-0005  -0.2621300E-0004
     4.08000  -0.3452619E-0005  -0.5909537E-0004  -0.1013812E-0004  -0.1750966E-0003  -0.1747207E-0005  -0.2971945E-0004
     4.08800  -0.3987341E-0005  -0.6684025E-0004  -0.1172354E-0004  -0.1981778E-0003  -0.2015786E-0005  -0.3357243E-0004
     4.09600  -0.4589972E-0005  -0.7532892E-0004  -0.1351118E-0004  -0.2234544E-0003  -0.2318090E-0005  -0.3778789E-0004
     4.10400  -0.5266719E-0005  -0.8459331E-0004  -0.1551925E-0004  -0.2510087E-0003  -0.2657130E-0005  -0.4238011E-0004
     4.11200  -0.6024012E-0005  -0.9466167E-0004  -0.1776652E-0004  -0.2809089E-0003  -0.3036022E-0005  -0.4736140E-0004
     4.12000  -0.6868477E-0005  -0.1055580E-0003  -0.2027218E-0004  -0.3132076E-0003  -0.3457956E-0005  -0.5274182E-0004
     4.12800  -0.7806890E-0005  -0.1173017E-0003  -0.2305570E-0004  -0.3479400E-0003  -0.3926188E-0005  -0.5852899E-0004
     4.13600  -0.8846147E-0005  -0.1299071E-0003  -0.2613668E-0004  -0.3851230E-0003  -0.4444012E-0005  -0.6472797E-0004
     4.14400  -0.9993212E-0005  -0.1433832E-0003  -0.2953472E-0004  -0.4247549E-0003  -0.5014742E-0005  -0.7134120E-0004
     4.15200  -0.1125508E-0004  -0.1577340E-0003  -0.3326924E-0004  -0.4668153E-0003  -0.5641689E-0005  -0.7836849E-0004
     4.16000  -0.1263875E-0004  -0.1729585E-0003  -0.3735937E-0004  -0.5112661E-0003  -0.6328147E-0005  -0.8580719E-0004
     4.16800  -0.1415116E-0004  -0.1890509E-0003  -0.4182380E-0004  -0.5580535E-0003  -0.7077367E-0005  -0.9365248E-0004
     4.17600  -0.1579917E-0004  -0.2060017E-0003  -0.4668068E-0004  -0.6071100E-0003  -0.7892548E-0005  -0.1018977E-0003
     4.18400  -0.1758956E-0004  -0.2237982E-0003  -0.5194756E-0004  -0.6583590E-0003  -0.8776827E-0005  -0.1105348E-0003
     4.19200  -0.1952897E-0004  -0.2424262E-0003  -0.5764130E-0004  -0.7117184E-0003  -0.9733269E-0005  -0.1195553E-0003
     4.20000  -0.2162394E-0004  -0.2618709E-0003  -0.6377816E-0004  -0.7671067E-0003  -0.1076487E-0004  -0.1289507E-0003
     4.20800  -0.2388089E-0004  -0.2821191E-0003  -0.7037375E-0004  -0.8244489E-0003  -0.1187458E-0004  -0.1387135E-0003
     4.21600  -0.2630618E-0004  -0.3031610E-0003  -0.7744322E-0004  -0.8836842E-0003  -0.1306529E-0004  -0.1488386E-0003
     4.22400  -0.2890611E-0004  -0.3249921E-0003  -0.8500141E-0004  -0.9447734E-0003  -0.1433988E-0004  -0.1593239E-0003
     4.23200  -0.3168704E-0004  -0.3476161E-0003  -0.9306307E-0004  -0.1007707E-0002  -0.1570126E-0004  -0.1701718E-0003
     4.24000  -0.3465542E-0004  -0.3710470E-0003  -0.1016432E-0003  -0.1072515E-0002  -0.1715238E-0004  -0.1813905E-0003
     4.24800  -0.3781791E-0004  -0.3953115E-0003  -0.1107574E-0003  -0.1139272E-0002  -0.1869634E-0004  -0.1929950E-0003
     4.25600  -0.4118152E-0004  -0.4204515E-0003  -0.1204222E-0003  -0.1208110E-0002  -0.2033641E-0004  -0.2050087E-0003
     4.26400  -0.4475374E-0004  -0.4465268E-0003  -0.1306560E-0003  -0.1279222E-0002  -0.2207613E-0004  -0.2174643E-0003
     4.27200  -0.4854267E-0004  -0.4736165E-0003  -0.1414790E-0003  -0.1352870E-0002  -0.2391936E-0004  -0.2304049E-0003
     4.28000  -0.5255725E-0004  -0.5018218E-0003  -0.1529141E-0003  -0.1429390E-0002  -0.2587044E-0004  -0.2438849E-0003
     4.28800  -0.5680738E-0004  -0.5312664E-0003  -0.1649877E-0003  -0.1509196E-0002  -0.2793421E-0004  -0.2579710E-0003
     4.29600  -0.6130416E-0004  -0.5620981E-0003  -0.1777299E-0003  -0.1592778E-0002  -0.3011615E-0004  -0.2727419E-0003
     4.30400  -0.6606007E-0004  -0.5944892E-0003  -0.1911756E-0003  -0.1680708E-0002  -0.3242246E-0004  -0.2882891E-0003
     4.31200  -0.7108916E-0004  -0.6286357E-0003  -0.2053646E-0003  -0.1773629E-0002  -0.3486019E-0004  -0.3047164E-0003
     4.32000  -0.7640722E-0004  -0.6647570E-0003  -0.2203426E-0003  -0.1872254E-0002  -0.3743731E-0004  -0.3221392E-0003
     4.32800  -0.8203197E-0004  -0.7030935E-0003  -0.2361615E-0003  -0.1977355E-0002  -0.4016278E-0004  -0.3406840E-0003
     4.33600  -0.8798320E-0004  -0.7439048E-0003  -0.2528795E-0003  -0.2089754E-0002  -0.4304667E-0004  -0.3604865E-0003
     4.34400  -0.9428293E-0004  -0.7874655E-0003  -0.2705620E-0003  -0.2210305E-0002  -0.4610019E-0004  -0.3816899E-0003
     4.35200  -0.1009554E-0003  -0.8340620E-0003  -0.2892810E-0003  -0.2339879E-0002  -0.4933573E-0004  -0.4044432E-0003
     4.36000  -0.1080273E-0003  -0.8839869E-0003  -0.3091158E-0003  -0.2479346E-0002  -0.5276692E-0004  -0.4288982E-0003
     4.36800  -0.1155276E-0003  -0.9375340E-0003  -0.3301522E-0003  -0.2629555E-0002  -0.5640857E-0004  -0.4552067E-0003
     4.37600  -0.1234875E-0003  -0.9949921E-0003  -0.3524827E-0003  -0.2791309E-0002  -0.6027671E-0004  -0.4835176E-0003
     4.38400  -0.1319406E-0003  -0.1056638E-0002  -0.3762054E-0003  -0.2965345E-0002  -0.6438850E-0004  -0.5139733E-0003
     4.39200  -0.1409225E-0003  -0.1122731E-0002  -0.4014239E-0003  -0.3152308E-0002  -0.6876215E-0004  -0.5467064E-0003
     4.40000  -0.1504705E-0003  -0.1193504E-0002  -0.4282458E-0003  -0.3352732E-0002  -0.7341684E-0004  -0.5818357E-0003
     4.40800  -0.1606238E-0003  -0.1269159E-0002  -0.4567819E-0003  -0.3567018E-0002  -0.7837254E-0004  -0.6194632E-0003
     4.41600  -0.1714226E-0003  -0.1349856E-0002  -0.4871452E-0003  -0.3795412E-0002  -0.8364991E-0004  -0.6596704E-0003
     4.42400  -0.1829083E-0003  -0.1435712E-0002  -0.5194491E-0003  -0.4037991E-0002  -0.8927003E-0004  -0.7025150E-0003
     4.43200  -0.1951227E-0003  -0.1526792E-0002  -0.5538063E-0003  -0.4294649E-0002  -0.9525425E-0004  -0.7480279E-0003
     4.44000  -0.2081075E-0003  -0.1623104E-0002  -0.5903270E-0003  -0.4565083E-0002  -0.1016239E-0003  -0.7962109E-0003
     4.44800  -0.2219043E-0003  -0.1724596E-0002  -0.6291173E-0003  -0.4848793E-0002  -0.1084002E-0003  -0.8470346E-0003
     4.45600  -0.2365535E-0003  -0.1831153E-0002  -0.6702779E-0003  -0.5145076E-0002  -0.1156037E-0003  -0.9004366E-0003
     4.46400  -0.2520942E-0003  -0.1942593E-0002  -0.7139022E-0003  -0.5453031E-0002  -0.1232543E-0003  -0.9563205E-0003
     4.47200  -0.2685636E-0003  -0.2058669E-0002  -0.7600747E-0003  -0.5771563E-0002  -0.1313707E-0003  -0.1014556E-0002
     4.48000  -0.2859961E-0003  -0.2179068E-0002  -0.8088699E-0003  -0.6099398E-0002  -0.1399706E-0003  -0.1074980E-0002
     4.48800  -0.3044235E-0003  -0.2303414E-0002  -0.8603507E-0003  -0.6435098E-0002  -0.1490697E-0003  -0.1137394E-0002
     4.49600  -0.3238736E-0003  -0.2431271E-0002  -0.9145673E-0003  -0.6777078E-0002  -0.1586823E-0003  -0.1201572E-0002
     4.50400  -0.3443708E-0003  -0.2562148E-0002  -0.9715563E-0003  -0.7123630E-0002  -0.1688203E-0003  -0.1267256E-0002
     4.51200  -0.3659349E-0003  -0.2695504E-0002  -0.1031340E-0002  -0.7472948E-0002  -0.1794937E-0003  -0.1334165E-0002
     4.52000  -0.3885809E-0003  -0.2830756E-0002  -0.1093925E-0002  -0.7823152E-0002  -0.1907096E-0003  -0.1401993E-0002
     4.52800  -0.4123192E-0003  -0.2967287E-0002  -0.1159304E-0002  -0.8172316E-0002  -0.2024730E-0003  -0.1470419E-0002
     4.53600  -0.4371548E-0003  -0.3104451E-0002  -0.1227452E-0002  -0.8518495E-0002  -0.2147858E-0003  -0.1539103E-0002
     4.54400  -0.4630875E-0003  -0.3241587E-0002  -0.1298330E-0002  -0.8859750E-0002  -0.2276474E-0003  -0.1607700E-0002
     4.55200  -0.4901117E-0003  -0.3378027E-0002  -0.1371883E-0002  -0.9194173E-0002  -0.2410543E-0003  -0.1675858E-0002
     4.56000  -0.5182165E-0003  -0.3513103E-0002  -0.1448042E-0002  -0.9519907E-0002  -0.2550000E-0003  -0.1743223E-0002
     4.56800  -0.5473858E-0003  -0.3646156E-0002  -0.1526724E-0002  -0.9835171E-0002  -0.2694756E-0003  -0.1809449E-0002
     4.57600  -0.5775982E-0003  -0.3776551E-0002  -0.1607830E-0002  -0.1013827E-0001  -0.2844692E-0003  -0.1874197E-0002
     4.58400  -0.6088276E-0003  -0.3903679E-0002  -0.1691251E-0002  -0.1042761E-0001  -0.2999663E-0003  -0.1937142E-0002
     4.59200  -0.6410434E-0003  -0.4026967E-0002  -0.1776864E-0002  -0.1070171E-0001  -0.3159501E-0003  -0.1997975E-0002
     4.60000  -0.6742105E-0003  -0.4145886E-0002  -0.1864538E-0002  -0.1095921E-0001  -0.3324014E-0003  -0.2056412E-0002
     4.60800  -0.7082901E-0003  -0.4259958E-0002  -0.1954129E-0002  -0.1119887E-0001  -0.3492990E-0003  -0.2112192E-0002
     4.61600  -0.7432402E-0003  -0.4368758E-0002  -0.2045486E-0002  -0.1141958E-0001  -0.3666196E-0003  -0.2165080E-0002
     4.62400  -0.7790156E-0003  -0.4471922E-0002  -0.2138448E-0002  -0.1162034E-0001  -0.3843386E-0003  -0.2214874E-0002
     4.63200  -0.8155688E-0003  -0.4569150E-0002  -0.2232851E-0002  -0.1180031E-0001  -0.4024299E-0003  -0.2261405E-0002
     4.64000  -0.8528504E-0003  -0.4660206E-0002  -0.2328521E-0002  -0.1195873E-0001  -0.4208661E-0003  -0.2304535E-0002
     4.64800  -0.8908098E-0003  -0.4744923E-0002  -0.2425281E-0002  -0.1209501E-0001  -0.4396195E-0003  -0.2344165E-0002
     4.65600  -0.9293954E-0003  -0.4823200E-0002  -0.2522950E-0002  -0.1220865E-0001  -0.4586613E-0003  -0.2380231E-0002
     4.66400  -0.9685555E-0003  -0.4895007E-0002  -0.2621344E-0002  -0.1229929E-0001  -0.4779629E-0003  -0.2412704E-0002
     4.67200  -0.1008239E-0002  -0.4960379E-0002  -0.2720278E-0002  -0.1236669E-0001  -0.4974957E-0003  -0.2441595E-0002
     4.68000  -0.1048394E-0002  -0.5019419E-0002  -0.2819564E-0002  -0.1241076E-0001  -0.5172313E-0003  -0.2466948E-0002
     4.68800  -0.1088972E-0002  -0.5072291E-0002  -0.2919016E-0002  -0.1243154E-0001  -0.5371421E-0003  -0.2488845E-0002
     4.69600  -0.1129926E-0002  -0.5119222E-0002  -0.3018450E-0002  -0.1242920E-0001  -0.5572013E-0003  -0.2507400E-0002
     4.70400  -0.1171210E-0002  -0.5160495E-0002  -0.3117683E-0002  -0.1240409E-0001  -0.5773834E-0003  -0.2522762E-0002
     4.71200  -0.1212782E-0002  -0.5196448E-0002  -0.3216536E-0002  -0.1235668E-0001  -0.5976642E-0003  -0.2535109E-0002
     4.72000  -0.1254601E-0002  -0.5227468E-0002  -0.3314837E-0002  -0.1228763E-0001  -0.6180214E-0003  -0.2544648E-0002
     4.72800  -0.1296633E-0002  -0.5253985E-0002  -0.3412419E-0002  -0.1219775E-0001  -0.6384343E-0003  -0.2551612E-0002
     4.73600  -0.1338845E-0002  -0.5276468E-0002  -0.3509123E-0002  -0.1208803E-0001  -0.6588844E-0003  -0.2556256E-0002
     4.74400  -0.1381208E-0002  -0.5295418E-0002  -0.3604800E-0002  -0.1195958E-0001  -0.6793552E-0003  -0.2558854E-0002
     4.75200  -0.1423699E-0002  -0.5311364E-0002  -0.3699309E-0002  -0.1181368E-0001  -0.6998327E-0003  -0.2559694E-0002
     4.76000  -0.1466298E-0002  -0.5324850E-0002  -0.3792523E-0002  -0.1165172E-0001  -0.7203054E-0003  -0.2559076E-0002
     4.76800  -0.1508989E-0002  -0.5336435E-0002  -0.3884325E-0002  -0.1147522E-0001  -0.7407638E-0003  -0.2557307E-0002
     4.77600  -0.1551763E-0002  -0.5346679E-0002  -0.3974611E-0002  -0.1128575E-0001  -0.7612013E-0003  -0.2554692E-0002
     4.78400  -0.1594612E-0002  -0.5356138E-0002  -0.4063291E-0002  -0.1108495E-0001  -0.7816136E-0003  -0.2551536E-0002
     4.79200  -0.1637535E-0002  -0.5365359E-0002  -0.4150286E-0002  -0.1087443E-0001  -0.8019987E-0003  -0.2548133E-0002
     4.80000  -0.1680534E-0002  -0.5374865E-0002  -0.4235532E-0002  -0.1065580E-0001  -0.8223568E-0003  -0.2544765E-0002
     4.80800  -0.1723615E-0002  -0.5385155E-0002  -0.4318977E-0002  -0.1043058E-0001  -0.8426904E-0003  -0.2541697E-0002
     4.81600  -0.1766789E-0002  -0.5396691E-0002  -0.4400578E-0002  -0.1020019E-0001  -0.8630038E-0003  -0.2539171E-0002
     4.82400  -0.1810068E-0002  -0.5409900E-0002  -0.4480305E-0002  -0.9965877E-0002  -0.8833030E-0003  -0.2537403E-0002
     4.83200  -0.1853469E-0002  -0.5425160E-0002  -0.4558135E-0002  -0.9728730E-0002  -0.9035956E-0003  -0.2536582E-0002
     4.84000  -0.1897011E-0002  -0.5442802E-0002  -0.4634052E-0002  -0.9489617E-0002  -0.9238906E-0003  -0.2536866E-0002
     4.84800  -0.1940716E-0002  -0.5463109E-0002  -0.4708046E-0002  -0.9249186E-0002  -0.9441976E-0003  -0.2538381E-0002
     4.85600  -0.1984607E-0002  -0.5486308E-0002  -0.4780109E-0002  -0.9007859E-0002  -0.9645274E-0003  -0.2541223E-0002
     4.86400  -0.2028707E-0002  -0.5512578E-0002  -0.4850235E-0002  -0.8765836E-0002  -0.9848910E-0003  -0.2545454E-0002
     4.87200  -0.2073044E-0002  -0.5542049E-0002  -0.4918420E-0002  -0.8523115E-0002  -0.1005300E-0002  -0.2551110E-0002
     4.88000  -0.2117642E-0002  -0.5574804E-0002  -0.4984656E-0002  -0.8279518E-0002  -0.1025765E-0002  -0.2558198E-0002
     4.88800  -0.2162529E-0002  -0.5610889E-0002  -0.5048934E-0002  -0.8034736E-0002  -0.1046299E-0002  -0.2566703E-0002
     4.89600  -0.2207732E-0002  -0.5650311E-0002  -0.5111241E-0002  -0.7788377E-0002  -0.1066912E-0002  -0.2576594E-0002
     4.90400  -0.2253276E-0002  -0.5693052E-0002  -0.5171561E-0002  -0.7540018E-0002  -0.1087614E-0002  -0.2587821E-0002
     4.91200  -0.2299189E-0002  -0.5739072E-0002  -0.5229876E-0002  -0.7289269E-0002  -0.1108417E-0002  -0.2600330E-0002
     4.92000  -0.2345495E-0002  -0.5788318E-0002  -0.5286162E-0002  -0.7035831E-0002  -0.1129330E-0002  -0.2614062E-0002
     4.92800  -0.2392221E-0002  -0.5840730E-0002  -0.5340399E-0002  -0.6779552E-0002  -0.1150361E-0002  -0.2628958E-0002
     4.93600  -0.2439391E-0002  -0.5896247E-0002  -0.5392563E-0002  -0.6520481E-0002  -0.1171521E-0002  -0.2644968E-0002
     4.94400  -0.2487030E-0002  -0.5954814E-0002  -0.5442634E-0002  -0.6258902E-0002  -0.1192817E-0002  -0.2662049E-0002
     4.95200  -0.2535161E-0002  -0.6016383E-0002  -0.5490597E-0002  -0.5995370E-0002  -0.1214259E-0002  -0.2680174E-0002
     4.96000  -0.2583808E-0002  -0.6080919E-0002  -0.5536442E-0002  -0.5730715E-0002  -0.1235853E-0002  -0.2699328E-0002
     4.96800  -0.2632995E-0002  -0.6148398E-0002  -0.5580171E-0002  -0.5466046E-0002  -0.1257610E-0002  -0.2719514E-0002
     4.97600  -0.2682746E-0002  -0.6218810E-0002  -0.5621793E-0002  -0.5202722E-0002  -0.1279536E-0002  -0.2740748E-0002
     4.98400  -0.2733083E-0002  -0.6292150E-0002  -0.5661331E-0002  -0.4942318E-0002  -0.1301640E-0002  -0.2763062E-0002
     4.99200  -0.2784030E-0002  -0.6368421E-0002  -0.5698824E-0002  -0.4686566E-0002  -0.1323932E-0002  -0.2786498E-0002
     5.00000  -0.2835611E-0002  -0.6447621E-0002  -0.5734322E-0002  -0.4437295E-0002  -0.1346421E-0002  -0.2811104E-0002
     5.00800  -0.2887849E-0002  -0.6529743E-0002  -0.5767893E-0002  -0.4196346E-0002  -0.1369116E-0002  -0.2836931E-0002
     5.01600  -0.2940767E-0002  -0.6614763E-0002  -0.5799617E-0002  -0.3965490E-0002  -0.1392028E-0002  -0.2864026E-0002
     5.02400  -0.2994388E-0002  -0.6702632E-0002  -0.5829588E-0002  -0.3746349E-0002  -0.1415168E-0002  -0.2892427E-0002
     5.03200  -0.3048735E-0002  -0.6793270E-0002  -0.5857910E-0002  -0.3540307E-0002  -0.1438545E-0002  -0.2922157E-0002
     5.04000  -0.3103827E-0002  -0.6886559E-0002  -0.5884698E-0002  -0.3348443E-0002  -0.1462171E-0002  -0.2953219E-0002
     5.04800  -0.3159686E-0002  -0.6982334E-0002  -0.5910069E-0002  -0.3171469E-0002  -0.1486056E-0002  -0.2985588E-0002
     5.05600  -0.3216329E-0002  -0.7080379E-0002  -0.5934147E-0002  -0.3009687E-0002  -0.1510209E-0002  -0.3019210E-0002
     5.06400  -0.3273772E-0002  -0.7180424E-0002  -0.5957050E-0002  -0.2862965E-0002  -0.1534641E-0002  -0.3053997E-0002
     5.07200  -0.3332029E-0002  -0.7282145E-0002  -0.5978896E-0002  -0.2730738E-0002  -0.1559360E-0002  -0.3089824E-0002
     5.08000  -0.3391111E-0002  -0.7385162E-0002  -0.5999793E-0002  -0.2612024E-0002  -0.1584372E-0002  -0.3126530E-0002
     5.08800  -0.3451023E-0002  -0.7489043E-0002  -0.6019836E-0002  -0.2505471E-0002  -0.1609683E-0002  -0.3163920E-0002
     5.09600  -0.3511770E-0002  -0.7593312E-0002  -0.6039112E-0002  -0.2409420E-0002  -0.1635298E-0002  -0.3201762E-0002
     5.10400  -0.3573349E-0002  -0.7697450E-0002  -0.6057688E-0002  -0.2321979E-0002  -0.1661216E-0002  -0.3239796E-0002
     5.11200  -0.3635756E-0002  -0.7800915E-0002  -0.6075617E-0002  -0.2241118E-0002  -0.1687438E-0002  -0.3277738E-0002
     5.12000  -0.3698982E-0002  -0.7903141E-0002  -0.6092935E-0002  -0.2164770E-0002  -0.1713960E-0002  -0.3315286E-0002
     5.12800  -0.3763010E-0002  -0.8003559E-0002  -0.6109662E-0002  -0.2090928E-0002  -0.1740777E-0002  -0.3352126E-0002
     5.13600  -0.3827823E-0002  -0.8101610E-0002  -0.6125804E-0002  -0.2017746E-0002  -0.1767881E-0002  -0.3387942E-0002
     5.14400  -0.3893397E-0002  -0.8196752E-0002  -0.6141353E-0002  -0.1943625E-0002  -0.1795260E-0002  -0.3422426E-0002
     5.15200  -0.3959705E-0002  -0.8288482E-0002  -0.6156291E-0002  -0.1867291E-0002  -0.1822902E-0002  -0.3455285E-0002
     5.16000  -0.4026716E-0002  -0.8376346E-0002  -0.6170594E-0002  -0.1787844E-0002  -0.1850792E-0002  -0.3486248E-0002
     5.16800  -0.4094395E-0002  -0.8459950E-0002  -0.6184233E-0002  -0.1704798E-0002  -0.1878913E-0002  -0.3515080E-0002
     5.17600  -0.4162707E-0002  -0.8538975E-0002  -0.6197177E-0002  -0.1618089E-0002  -0.1907246E-0002  -0.3541582E-0002
     5.18400  -0.4231612E-0002  -0.8613181E-0002  -0.6209402E-0002  -0.1528061E-0002  -0.1935770E-0002  -0.3565607E-0002
     5.19200  -0.4301072E-0002  -0.8682421E-0002  -0.6220885E-0002  -0.1435434E-0002  -0.1964467E-0002  -0.3587055E-0002
     5.20000  -0.4371045E-0002  -0.8746644E-0002  -0.6231615E-0002  -0.1341242E-0002  -0.1993314E-0002  -0.3605886E-0002
     5.20800  -0.4441492E-0002  -0.8805894E-0002  -0.6241589E-0002  -0.1246762E-0002  -0.2022291E-0002  -0.3622118E-0002
     5.21600  -0.4512375E-0002  -0.8860316E-0002  -0.6250817E-0002  -0.1153431E-0002  -0.2051378E-0002  -0.3635828E-0002
     5.22400  -0.4583656E-0002  -0.8910151E-0002  -0.6259319E-0002  -0.1062750E-0002  -0.2080555E-0002  -0.3647152E-0002
     5.23200  -0.4655302E-0002  -0.8955730E-0002  -0.6267128E-0002  -0.9761948E-0003  -0.2109805E-0002  -0.3656281E-0002
     5.24000  -0.4727281E-0002  -0.8997470E-0002  -0.6274289E-0002  -0.8951207E-0003  -0.2139113E-0002  -0.3663460E-0002
     5.24800  -0.4799568E-0002  -0.9035860E-0002  -0.6280855E-0002  -0.8206877E-0003  -0.2168465E-0002  -0.3668979E-0002
     5.25600  -0.4872140E-0002  -0.9071452E-0002  -0.6286885E-0002  -0.7537919E-0003  -0.2197850E-0002  -0.3673165E-0002
     5.26400  -0.4944979E-0002  -0.9104847E-0002  -0.6292445E-0002  -0.6950177E-0003  -0.2227261E-0002  -0.3676377E-0002
     5.27200  -0.5018072E-0002  -0.9136678E-0002  -0.6297602E-0002  -0.6446087E-0003  -0.2256693E-0002  -0.3678994E-0002
     5.28000  -0.5091413E-0002  -0.9167593E-0002  -0.6302422E-0002  -0.6024598E-0003  -0.2286144E-0002  -0.3681403E-0002
     5.28800  -0.5164999E-0002  -0.9198242E-0002  -0.6306967E-0002  -0.5681284E-0003  -0.2315616E-0002  -0.3683993E-0002
     5.29600  -0.5238833E-0002  -0.9229253E-0002  -0.6311294E-0002  -0.5408661E-0003  -0.2345113E-0002  -0.3687138E-0002
     5.30400  -0.5312923E-0002  -0.9261222E-0002  -0.6315451E-0002  -0.5196644E-0003  -0.2374643E-0002  -0.3691192E-0002
     5.31200  -0.5387280E-0002  -0.9294687E-0002  -0.6319477E-0002  -0.5033136E-0003  -0.2404214E-0002  -0.3696472E-0002
     5.32000  -0.5461921E-0002  -0.9330123E-0002  -0.6323401E-0002  -0.4904690E-0003  -0.2433840E-0002  -0.3703252E-0002
     5.32800  -0.5536865E-0002  -0.9367918E-0002  -0.6327239E-0002  -0.4797201E-0003  -0.2463535E-0002  -0.3711755E-0002
     5.33600  -0.5612131E-0002  -0.9408371E-0002  -0.6330996E-0002  -0.4696589E-0003  -0.2493312E-0002  -0.3722144E-0002
     5.34400  -0.5687745E-0002  -0.9451674E-0002  -0.6334668E-0002  -0.4589411E-0003  -0.2523188E-0002  -0.3734514E-0002
     5.35200  -0.5763728E-0002  -0.9497912E-0002  -0.6338239E-0002  -0.4463398E-0003  -0.2553179E-0002  -0.3748894E-0002
     5.36000  -0.5840105E-0002  -0.9547060E-0002  -0.6341685E-0002  -0.4307850E-0003  -0.2583301E-0002  -0.3765240E-0002
     5.36800  -0.5916896E-0002  -0.9598979E-0002  -0.6344976E-0002  -0.4113907E-0003  -0.2613568E-0002  -0.3783438E-0002
     5.37600  -0.5994124E-0002  -0.9653425E-0002  -0.6348076E-0002  -0.3874670E-0003  -0.2643995E-0002  -0.3803306E-0002
     5.38400  -0.6071804E-0002  -0.9710054E-0002  -0.6350944E-0002  -0.3585184E-0003  -0.2674592E-0002  -0.3824599E-0002
     5.39200  -0.6149952E-0002  -0.9768435E-0002  -0.6353538E-0002  -0.3242301E-0003  -0.2705368E-0002  -0.3847016E-0002
     5.40000  -0.6228576E-0002  -0.9828062E-0002  -0.6355813E-0002  -0.2844440E-0003  -0.2736329E-0002  -0.3870210E-0002
     5.40800  -0.6307683E-0002  -0.9888370E-0002  -0.6357726E-0002  -0.2391287E-0003  -0.2767480E-0002  -0.3893797E-0002
     5.41600  -0.6387273E-0002  -0.9948756E-0002  -0.6359233E-0002  -0.1883453E-0003  -0.2798819E-0002  -0.3917370E-0002
     5.42400  -0.6467342E-0002  -0.1000860E-0001  -0.6360291E-0002  -0.1322147E-0003  -0.2830343E-0002  -0.3940511E-0002
     5.43200  -0.6547880E-0002  -0.1006727E-0001  -0.6360858E-0002  -0.7088707E-0004  -0.2862045E-0002  -0.3962803E-0002
     5.44000  -0.6628874E-0002  -0.1012419E-0001  -0.6360894E-0002  -0.4518977E-0005  -0.2893916E-0002  -0.3983848E-0002
     5.44800  -0.6710304E-0002  -0.1017878E-0001  -0.6360360E-0002   0.6674196E-0004  -0.2925942E-0002  -0.4003275E-0002
     5.45600  -0.6792148E-0002  -0.1023055E-0001  -0.6359218E-0002   0.1427622E-0003  -0.2958108E-0002  -0.4020758E-0002
     5.46400  -0.6874381E-0002  -0.1027910E-0001  -0.6357431E-0002   0.2234179E-0003  -0.2990396E-0002  -0.4036020E-0002
     5.47200  -0.6956974E-0002  -0.1032408E-0001  -0.6354962E-0002   0.3085805E-0003  -0.3022787E-0002  -0.4048851E-0002
     5.48000  -0.7039896E-0002  -0.1036528E-0001  -0.6351777E-0002   0.3980961E-0003  -0.3055260E-0002  -0.4059106E-0002
     5.48800  -0.7123117E-0002  -0.1040257E-0001  -0.6347843E-0002   0.4917581E-0003  -0.3087794E-0002  -0.4066717E-0002
     5.49600  -0.7206604E-0002  -0.1043597E-0001  -0.6343129E-0002   0.5892785E-0003  -0.3120367E-0002  -0.4071691E-0002
     5.50400  -0.7290329E-0002  -0.1046556E-0001  -0.6337607E-0002   0.6902600E-0003  -0.3152960E-0002  -0.4074113E-0002
     5.51200  -0.7374261E-0002  -0.1049157E-0001  -0.6331253E-0002   0.7941715E-0003  -0.3185553E-0002  -0.4074140E-0002
     5.52000  -0.7458376E-0002  -0.1051430E-0001  -0.6324051E-0002   0.9003316E-0003  -0.3218129E-0002  -0.4071998E-0002
     5.52800  -0.7542649E-0002  -0.1053416E-0001  -0.6315988E-0002   0.1007901E-0002  -0.3250673E-0002  -0.4067971E-0002
     5.53600  -0.7627062E-0002  -0.1055161E-0001  -0.6307060E-0002   0.1115887E-0002  -0.3283172E-0002  -0.4062396E-0002
     5.54400  -0.7711599E-0002  -0.1056718E-0001  -0.6297275E-0002   0.1223158E-0002  -0.3315618E-0002  -0.4055651E-0002
     5.55200  -0.7796251E-0002  -0.1058144E-0001  -0.6286647E-0002   0.1328474E-0002  -0.3348003E-0002  -0.4048138E-0002
     5.56000  -0.7881011E-0002  -0.1059497E-0001  -0.6275203E-0002   0.1430523E-0002  -0.3380325E-0002  -0.4040277E-0002
     5.56800  -0.7965878E-0002  -0.1060836E-0001  -0.6262979E-0002   0.1527972E-0002  -0.3412585E-0002  -0.4032488E-0002
     5.57600  -0.8050855E-0002  -0.1062219E-0001  -0.6250023E-0002   0.1619517E-0002  -0.3444786E-0002  -0.4025180E-0002
     5.58400  -0.8135951E-0002  -0.1063698E-0001  -0.6236392E-0002   0.1703943E-0002  -0.3476936E-0002  -0.4018741E-0002
     5.59200  -0.8221177E-0002  -0.1065322E-0001  -0.6222150E-0002   0.1780181E-0002  -0.3509044E-0002  -0.4013524E-0002
     5.60000  -0.8306548E-0002  -0.1067135E-0001  -0.6207371E-0002   0.1847355E-0002  -0.3541123E-0002  -0.4009838E-0002
     5.60800  -0.8392081E-0002  -0.1069173E-0001  -0.6192133E-0002   0.1904829E-0002  -0.3573187E-0002  -0.4007942E-0002
     5.61600  -0.8477798E-0002  -0.1071462E-0001  -0.6176515E-0002   0.1952239E-0002  -0.3605251E-0002  -0.4008039E-0002
     5.62400  -0.8563720E-0002  -0.1074022E-0001  -0.6160599E-0002   0.1989509E-0002  -0.3637333E-0002  -0.4010271E-0002
     5.63200  -0.8649869E-0002  -0.1076863E-0001  -0.6144464E-0002   0.2016859E-0002  -0.3669451E-0002  -0.4014718E-0002
     5.64000  -0.8736268E-0002  -0.1079990E-0001  -0.6128186E-0002   0.2034790E-0002  -0.3701622E-0002  -0.4021402E-0002
     5.64800  -0.8822940E-0002  -0.1083394E-0001  -0.6111833E-0002   0.2044060E-0002  -0.3733864E-0002  -0.4030284E-0002
     5.65600  -0.8909905E-0002  -0.1087065E-0001  -0.6095468E-0002   0.2045642E-0002  -0.3766195E-0002  -0.4041272E-0002
     5.66400  -0.8997183E-0002  -0.1090981E-0001  -0.6079143E-0002   0.2040677E-0002  -0.3798628E-0002  -0.4054226E-0002
     5.67200  -0.9084793E-0002  -0.1095118E-0001  -0.6062899E-0002   0.2030417E-0002  -0.3831180E-0002  -0.4068967E-0002
     5.68000  -0.9172749E-0002  -0.1099447E-0001  -0.6046770E-0002   0.2016157E-0002  -0.3863862E-0002  -0.4085283E-0002
     5.68800  -0.9261064E-0002  -0.1103936E-0001  -0.6030777E-0002   0.1999182E-0002  -0.3896686E-0002  -0.4102941E-0002
     5.69600  -0.9349748E-0002  -0.1108552E-0001  -0.6014931E-0002   0.1980699E-0002  -0.3929659E-0002  -0.4121695E-0002
     5.70400  -0.9438808E-0002  -0.1113259E-0001  -0.5999237E-0002   0.1961795E-0002  -0.3962790E-0002  -0.4141297E-0002
     5.71200  -0.9528250E-0002  -0.1118025E-0001  -0.5983690E-0002   0.1943388E-0002  -0.3996082E-0002  -0.4161506E-0002
     5.72000  -0.9618076E-0002  -0.1122822E-0001  -0.5968280E-0002   0.1926200E-0002  -0.4029539E-0002  -0.4182099E-0002
     5.72800  -0.9708286E-0002  -0.1127621E-0001  -0.5952994E-0002   0.1910741E-0002  -0.4063162E-0002  -0.4202879E-0002
     5.73600  -0.9798878E-0002  -0.1132401E-0001  -0.5937816E-0002   0.1897306E-0002  -0.4096951E-0002  -0.4223682E-0002
     5.74400  -0.9889850E-0002  -0.1137148E-0001  -0.5922728E-0002   0.1885983E-0002  -0.4130906E-0002  -0.4244387E-0002
     5.75200  -0.9981198E-0002  -0.1141851E-0001  -0.5907714E-0002   0.1876680E-0002  -0.4165026E-0002  -0.4264920E-0002
     5.76000  -0.1007292E-0001  -0.1146510E-0001  -0.5892761E-0002   0.1869150E-0002  -0.4199308E-0002  -0.4285255E-0002
     5.76800  -0.1016501E-0001  -0.1151130E-0001  -0.5877857E-0002   0.1863035E-0002  -0.4233751E-0002  -0.4305422E-0002
     5.77600  -0.1025747E-0001  -0.1155725E-0001  -0.5862994E-0002   0.1857905E-0002  -0.4268355E-0002  -0.4325504E-0002
     5.78400  -0.1035029E-0001  -0.1160316E-0001  -0.5848167E-0002   0.1853301E-0002  -0.4303120E-0002  -0.4345639E-0002
     5.79200  -0.1044349E-0001  -0.1164931E-0001  -0.5833377E-0002   0.1848776E-0002  -0.4338048E-0002  -0.4366014E-0002
     5.80000  -0.1053706E-0001  -0.1169605E-0001  -0.5818625E-0002   0.1843933E-0002  -0.4373143E-0002  -0.4386865E-0002
     5.80800  -0.1063101E-0001  -0.1174378E-0001  -0.5803918E-0002   0.1838447E-0002  -0.4408411E-0002  -0.4408466E-0002
     5.81600  -0.1072535E-0001  -0.1179297E-0001  -0.5789261E-0002   0.1832091E-0002  -0.4443860E-0002  -0.4431127E-0002
     5.82400  -0.1082010E-0001  -0.1184409E-0001  -0.5774663E-0002   0.1824742E-0002  -0.4479501E-0002  -0.4455182E-0002
     5.83200  -0.1091528E-0001  -0.1189764E-0001  -0.5760132E-0002   0.1816385E-0002  -0.4515349E-0002  -0.4480978E-0002
     5.84000  -0.1101092E-0001  -0.1195415E-0001  -0.5745675E-0002   0.1807100E-0002  -0.4551420E-0002  -0.4508868E-0002
     5.84800  -0.1110703E-0001  -0.1201410E-0001  -0.5731299E-0002   0.1797051E-0002  -0.4587734E-0002  -0.4539201E-0002
     5.85600  -0.1120365E-0001  -0.1207795E-0001  -0.5717007E-0002   0.1786461E-0002  -0.4624312E-0002  -0.4572303E-0002
     5.86400  -0.1130082E-0001  -0.1214613E-0001  -0.5702803E-0002   0.1775585E-0002  -0.4661180E-0002  -0.4608476E-0002
     5.87200  -0.1139857E-0001  -0.1221900E-0001  -0.5688685E-0002   0.1764687E-0002  -0.4698364E-0002  -0.4647979E-0002
     5.88000  -0.1149695E-0001  -0.1229685E-0001  -0.5674653E-0002   0.1754008E-0002  -0.4735892E-0002  -0.4691024E-0002
     5.88800  -0.1159599E-0001  -0.1237986E-0001  -0.5660703E-0002   0.1743747E-0002  -0.4773794E-0002  -0.4737767E-0002
     5.89600  -0.1169573E-0001  -0.1246816E-0001  -0.5646831E-0002   0.1734040E-0002  -0.4812101E-0002  -0.4788297E-0002
     5.90400  -0.1179623E-0001  -0.1256172E-0001  -0.5633031E-0002   0.1724944E-0002  -0.4850842E-0002  -0.4842636E-0002
     5.91200  -0.1189751E-0001  -0.1266045E-0001  -0.5619300E-0002   0.1716432E-0002  -0.4890048E-0002  -0.4900734E-0002
     5.92000  -0.1199962E-0001  -0.1276412E-0001  -0.5605632E-0002   0.1708395E-0002  -0.4929747E-0002  -0.4962466E-0002
     5.92800  -0.1210260E-0001  -0.1287241E-0001  -0.5592027E-0002   0.1700644E-0002  -0.4969968E-0002  -0.5027637E-0002
     5.93600  -0.1220648E-0001  -0.1298488E-0001  -0.5578484E-0002   0.1692923E-0002  -0.5010736E-0002  -0.5095980E-0002
     5.94400  -0.1231129E-0001  -0.1310101E-0001  -0.5565005E-0002   0.1684930E-0002  -0.5052074E-0002  -0.5167168E-0002
     5.95200  -0.1241705E-0001  -0.1322019E-0001  -0.5551594E-0002   0.1676331E-0002  -0.5094000E-0002  -0.5240812E-0002
     5.96000  -0.1252378E-0001  -0.1334172E-0001  -0.5538260E-0002   0.1666784E-0002  -0.5136532E-0002  -0.5316478E-0002
     5.96800  -0.1263150E-0001  -0.1346487E-0001  -0.5525012E-0002   0.1655962E-0002  -0.5179681E-0002  -0.5393689E-0002
     5.97600  -0.1274021E-0001  -0.1358883E-0001  -0.5511863E-0002   0.1643574E-0002  -0.5223457E-0002  -0.5471940E-0002
     5.98400  -0.1284992E-0001  -0.1371278E-0001  -0.5498828E-0002   0.1629377E-0002  -0.5267863E-0002  -0.5550707E-0002
     5.99200  -0.1296060E-0001  -0.1383588E-0001  -0.5485923E-0002   0.1613198E-0002  -0.5312898E-0002  -0.5629460E-0002
     6.00000  -0.1307226E-0001  -0.1395730E-0001  -0.5473163E-0002   0.1594939E-0002  -0.5358560E-0002  -0.5707668E-0002
     6.00800  -0.1318487E-0001  -0.1407622E-0001  -0.5460567E-0002   0.1574584E-0002  -0.5404838E-0002  -0.5784817E-0002
     6.01600  -0.1329841E-0001  -0.1419183E-0001  -0.5448149E-0002   0.1552198E-0002  -0.5451721E-0002  -0.5860411E-0002
     6.02400  -0.1341283E-0001  -0.1430340E-0001  -0.5435926E-0002   0.1527928E-0002  -0.5499193E-0002  -0.5933988E-0002
     6.03200  -0.1352812E-0001  -0.1441020E-0001  -0.5423910E-0002   0.1501993E-0002  -0.5547234E-0002  -0.6005119E-0002
     6.04000  -0.1364421E-0001  -0.1451162E-0001  -0.5412112E-0002   0.1474671E-0002  -0.5595822E-0002  -0.6073421E-0002
     6.04800  -0.1376106E-0001  -0.1460706E-0001  -0.5400542E-0002   0.1446296E-0002  -0.5644930E-0002  -0.6138554E-0002
     6.05600  -0.1387863E-0001  -0.1469602E-0001  -0.5389204E-0002   0.1417235E-0002  -0.5694532E-0002  -0.6200229E-0002
     6.06400  -0.1399686E-0001  -0.1477808E-0001  -0.5378101E-0002   0.1387882E-0002  -0.5744598E-0002  -0.6258207E-0002
     6.07200  -0.1411568E-0001  -0.1485286E-0001  -0.5367232E-0002   0.1358638E-0002  -0.5795096E-0002  -0.6312298E-0002
     6.08000  -0.1423504E-0001  -0.1492010E-0001  -0.5356593E-0002   0.1329904E-0002  -0.5845995E-0002  -0.6362361E-0002
     6.08800  -0.1435488E-0001  -0.1497957E-0001  -0.5346176E-0002   0.1302065E-0002  -0.5897261E-0002  -0.6408301E-0002
     6.09600  -0.1447513E-0001  -0.1503113E-0001  -0.5335972E-0002   0.1275483E-0002  -0.5948862E-0002  -0.6450068E-0002
     6.10400  -0.1459572E-0001  -0.1507471E-0001  -0.5325968E-0002   0.1250485E-0002  -0.6000763E-0002  -0.6487651E-0002
     6.11200  -0.1471661E-0001  -0.1511028E-0001  -0.5316149E-0002   0.1227358E-0002  -0.6052932E-0002  -0.6521075E-0002
     6.12000  -0.1483771E-0001  -0.1513788E-0001  -0.5306499E-0002   0.1206338E-0002  -0.6105335E-0002  -0.6550397E-0002
     6.12800  -0.1495897E-0001  -0.1515760E-0001  -0.5296998E-0002   0.1187612E-0002  -0.6157940E-0002  -0.6575701E-0002
     6.13600  -0.1508033E-0001  -0.1516956E-0001  -0.5287627E-0002   0.1171309E-0002  -0.6210717E-0002  -0.6597094E-0002
     6.14400  -0.1520172E-0001  -0.1517393E-0001  -0.5278367E-0002   0.1157496E-0002  -0.6263635E-0002  -0.6614703E-0002
     6.15200  -0.1532309E-0001  -0.1517092E-0001  -0.5269198E-0002   0.1146182E-0002  -0.6316664E-0002  -0.6628668E-0002
     6.16000  -0.1544437E-0001  -0.1516075E-0001  -0.5260099E-0002   0.1137311E-0002  -0.6369777E-0002  -0.6639143E-0002
     6.16800  -0.1556552E-0001  -0.1514367E-0001  -0.5251053E-0002   0.1130770E-0002  -0.6422948E-0002  -0.6646286E-0002
     6.17600  -0.1568648E-0001  -0.1511994E-0001  -0.5242042E-0002   0.1126382E-0002  -0.6476150E-0002  -0.6650263E-0002
     6.18400  -0.1580720E-0001  -0.1508985E-0001  -0.5233051E-0002   0.1123922E-0002  -0.6529360E-0002  -0.6651241E-0002
     6.19200  -0.1592763E-0001  -0.1505369E-0001  -0.5224066E-0002   0.1123113E-0002  -0.6582555E-0002  -0.6649386E-0002
     6.20000  -0.1604772E-0001  -0.1501174E-0001  -0.5215077E-0002   0.1123641E-0002  -0.6635714E-0002  -0.6644863E-0002
     6.20800  -0.1616744E-0001  -0.1496432E-0001  -0.5206076E-0002   0.1125163E-0002  -0.6688816E-0002  -0.6637837E-0002
     6.21600  -0.1628673E-0001  -0.1491171E-0001  -0.5197057E-0002   0.1127317E-0002  -0.6741844E-0002  -0.6628465E-0002
     6.22400  -0.1640556E-0001  -0.1485422E-0001  -0.5188019E-0002   0.1129739E-0002  -0.6794779E-0002  -0.6616903E-0002
     6.23200  -0.1652390E-0001  -0.1479215E-0001  -0.5178963E-0002   0.1132072E-0002  -0.6847606E-0002  -0.6603303E-0002
     6.24000  -0.1664171E-0001  -0.1472580E-0001  -0.5169891E-0002   0.1133982E-0002  -0.6900308E-0002  -0.6587816E-0002
     6.24800  -0.1675895E-0001  -0.1465547E-0001  -0.5160809E-0002   0.1135169E-0002  -0.6952873E-0002  -0.6570591E-0002
     6.25600  -0.1687560E-0001  -0.1458147E-0001  -0.5151726E-0002   0.1135378E-0002  -0.7005287E-0002  -0.6551777E-0002
     6.26400  -0.1699164E-0001  -0.1450411E-0001  -0.5142651E-0002   0.1134405E-0002  -0.7057539E-0002  -0.6531528E-0002
     6.27200  -0.1710703E-0001  -0.1442370E-0001  -0.5133594E-0002   0.1132101E-0002  -0.7109619E-0002  -0.6510003E-0002
     6.28000  -0.1722175E-0001  -0.1434057E-0001  -0.5124567E-0002   0.1128371E-0002  -0.7161518E-0002  -0.6487368E-0002
     6.28800  -0.1733579E-0001  -0.1425508E-0001  -0.5115582E-0002   0.1123172E-0002  -0.7213229E-0002  -0.6463804E-0002
     6.29600  -0.1744913E-0001  -0.1416757E-0001  -0.5106650E-0002   0.1116498E-0002  -0.7264745E-0002  -0.6439503E-0002
     6.30400  -0.1756176E-0001  -0.1407844E-0001  -0.5097783E-0002   0.1108372E-0002  -0.7316062E-0002  -0.6414674E-0002
     6.31200  -0.1767366E-0001  -0.1398810E-0001  -0.5088992E-0002   0.1098822E-0002  -0.7367179E-0002  -0.6389547E-0002
     6.32000  -0.1778484E-0001  -0.1389697E-0001  -0.5080289E-0002   0.1087869E-0002  -0.7418094E-0002  -0.6364369E-0002
     6.32800  -0.1789528E-0001  -0.1380553E-0001  -0.5071685E-0002   0.1075501E-0002  -0.7468809E-0002  -0.6339410E-0002
     6.33600  -0.1800500E-0001  -0.1371424E-0001  -0.5063192E-0002   0.1061654E-0002  -0.7519329E-0002  -0.6314963E-0002
     6.34400  -0.1811399E-0001  -0.1362364E-0001  -0.5054823E-0002   0.1046194E-0002  -0.7569659E-0002  -0.6291339E-0002
     6.35200  -0.1822226E-0001  -0.1353425E-0001  -0.5046591E-0002   0.1028901E-0002  -0.7619810E-0002  -0.6268869E-0002
     6.36000  -0.1832983E-0001  -0.1344663E-0001  -0.5038516E-0002   0.1009459E-0002  -0.7669793E-0002  -0.6247900E-0002
     6.36800  -0.1843673E-0001  -0.1336136E-0001  -0.5030616E-0002   0.9874545E-0003  -0.7719624E-0002  -0.6228788E-0002
     6.37600  -0.1854296E-0001  -0.1327900E-0001  -0.5022917E-0002   0.9623754E-0003  -0.7769319E-0002  -0.6211901E-0002
     6.38400  -0.1864856E-0001  -0.1320014E-0001  -0.5015448E-0002   0.9336268E-0003  -0.7818900E-0002  -0.6197603E-0002
     6.39200  -0.1875356E-0001  -0.1312535E-0001  -0.5008244E-0002   0.9005472E-0003  -0.7868390E-0002  -0.6186257E-0002
     6.40000  -0.1885800E-0001  -0.1305517E-0001  -0.5001344E-0002   0.8624349E-0003  -0.7917815E-0002  -0.6178210E-0002
     6.40800  -0.1896192E-0001  -0.1299012E-0001  -0.4994796E-0002   0.8185800E-0003  -0.7967206E-0002  -0.6173791E-0002
     6.41600  -0.1906537E-0001  -0.1293069E-0001  -0.4988649E-0002   0.7683015E-0003  -0.8016592E-0002  -0.6173300E-0002
     6.42400  -0.1916839E-0001  -0.1287731E-0001  -0.4982961E-0002   0.7109869E-0003  -0.8066008E-0002  -0.6177004E-0002
     6.43200  -0.1927103E-0001  -0.1283035E-0001  -0.4977792E-0002   0.6461327E-0003  -0.8115489E-0002  -0.6185124E-0002
     6.44000  -0.1937335E-0001  -0.1279011E-0001  -0.4973205E-0002   0.5733836E-0003  -0.8165072E-0002  -0.6197832E-0002
     6.44800  -0.1947541E-0001  -0.1275680E-0001  -0.4969265E-0002   0.4925683E-0003  -0.8214794E-0002  -0.6215248E-0002
     6.45600  -0.1957725E-0001  -0.1273057E-0001  -0.4966035E-0002   0.4037292E-0003  -0.8264693E-0002  -0.6237426E-0002
     6.46400  -0.1967894E-0001  -0.1271144E-0001  -0.4963578E-0002   0.3071446E-0003  -0.8314808E-0002  -0.6264360E-0002
     6.47200  -0.1978054E-0001  -0.1269936E-0001  -0.4961951E-0002   0.2033417E-0003  -0.8365176E-0002  -0.6295974E-0002
     6.48000  -0.1988209E-0001  -0.1269417E-0001  -0.4961206E-0002   0.9309958E-0004  -0.8415833E-0002  -0.6332125E-0002
     6.48800  -0.1998366E-0001  -0.1269559E-0001  -0.4961387E-0002  -0.2255836E-0004  -0.8466814E-0002  -0.6372604E-0002
     6.49600  -0.2008528E-0001  -0.1270328E-0001  -0.4962526E-0002  -0.1423832E-0003  -0.8518151E-0002  -0.6417135E-0002
     6.50400  -0.2018702E-0001  -0.1271677E-0001  -0.4964645E-0002  -0.2649288E-0003  -0.8569874E-0002  -0.6465383E-0002
     6.51200  -0.2028890E-0001  -0.1273551E-0001  -0.4967754E-0002  -0.3885896E-0003  -0.8622010E-0002  -0.6516955E-0002
     6.52000  -0.2039097E-0001  -0.1275889E-0001  -0.4971847E-0002  -0.5116455E-0003  -0.8674581E-0002  -0.6571415E-0002
     6.52800  -0.2049326E-0001  -0.1278619E-0001  -0.4976905E-0002  -0.6323129E-0003  -0.8727607E-0002  -0.6628284E-0002
     6.53600  -0.2059579E-0001  -0.1281669E-0001  -0.4982896E-0002  -0.7487994E-0003  -0.8781104E-0002  -0.6687058E-0002
     6.54400  -0.2069859E-0001  -0.1284960E-0001  -0.4989771E-0002  -0.8593594E-0003  -0.8835081E-0002  -0.6747214E-0002
     6.55200  -0.2080166E-0001  -0.1288411E-0001  -0.4997469E-0002  -0.9623493E-0003  -0.8889547E-0002  -0.6808230E-0002
     6.56000  -0.2090502E-0001  -0.1291942E-0001  -0.5005920E-0002  -0.1056280E-0002  -0.8944504E-0002  -0.6869588E-0002
     6.56800  -0.2100866E-0001  -0.1295476E-0001  -0.5015039E-0002  -0.1139865E-0002  -0.8999950E-0002  -0.6930798E-0002
     6.57600  -0.2111257E-0001  -0.1298939E-0001  -0.5024735E-0002  -0.1212061E-0002  -0.9055882E-0002  -0.6991408E-0002
     6.58400  -0.2121675E-0001  -0.1302263E-0001  -0.5034912E-0002  -0.1272100E-0002  -0.9112290E-0002  -0.7051014E-0002
     6.59200  -0.2132118E-0001  -0.1305390E-0001  -0.5045468E-0002  -0.1319520E-0002  -0.9169164E-0002  -0.7109280E-0002
     6.60000  -0.2142585E-0001  -0.1308269E-0001  -0.5056301E-0002  -0.1354175E-0002  -0.9226491E-0002  -0.7165944E-0002
     6.60800  -0.2153072E-0001  -0.1310865E-0001  -0.5067311E-0002  -0.1376243E-0002  -0.9284258E-0002  -0.7220829E-0002
     6.61600  -0.2163577E-0001  -0.1313152E-0001  -0.5078401E-0002  -0.1386227E-0002  -0.9342449E-0002  -0.7273855E-0002
     6.62400  -0.2174098E-0001  -0.1315122E-0001  -0.5089481E-0002  -0.1384942E-0002  -0.9401049E-0002  -0.7325040E-0002
     6.63200  -0.2184632E-0001  -0.1316780E-0001  -0.5100469E-0002  -0.1373495E-0002  -0.9460045E-0002  -0.7374505E-0002
     6.64000  -0.2195177E-0001  -0.1318147E-0001  -0.5111295E-0002  -0.1353259E-0002  -0.9519425E-0002  -0.7422475E-0002
     6.64800  -0.2205731E-0001  -0.1319258E-0001  -0.5121902E-0002  -0.1325844E-0002  -0.9579179E-0002  -0.7469273E-0002
     6.65600  -0.2216293E-0001  -0.1320163E-0001  -0.5132246E-0002  -0.1293055E-0002  -0.9639302E-0002  -0.7515320E-0002
     6.66400  -0.2226860E-0001  -0.1320927E-0001  -0.5142301E-0002  -0.1256851E-0002  -0.9699791E-0002  -0.7561119E-0002
     6.67200  -0.2237433E-0001  -0.1321625E-0001  -0.5152055E-0002  -0.1219301E-0002  -0.9760649E-0002  -0.7607246E-0002
     6.68000  -0.2248012E-0001  -0.1322343E-0001  -0.5161516E-0002  -0.1182539E-0002  -0.9821884E-0002  -0.7654336E-0002
     6.68800  -0.2258597E-0001  -0.1323173E-0001  -0.5170705E-0002  -0.1148709E-0002  -0.9883508E-0002  -0.7703063E-0002
     6.69600  -0.2269191E-0001  -0.1324214E-0001  -0.5179665E-0002  -0.1119923E-0002  -0.9945541E-0002  -0.7754122E-0002
     6.70400  -0.2279795E-0001  -0.1325564E-0001  -0.5188450E-0002  -0.1098212E-0002  -0.1000801E-0001  -0.7808209E-0002
     6.71200  -0.2290414E-0001  -0.1327322E-0001  -0.5197134E-0002  -0.1085477E-0002  -0.1007093E-0001  -0.7865996E-0002
     6.72000  -0.2301051E-0001  -0.1329581E-0001  -0.5205802E-0002  -0.1083450E-0002  -0.1013436E-0001  -0.7928113E-0002
     6.72800  -0.2311710E-0001  -0.1332428E-0001  -0.5214551E-0002  -0.1093651E-0002  -0.1019832E-0001  -0.7995126E-0002
     6.73600  -0.2322397E-0001  -0.1335938E-0001  -0.5223490E-0002  -0.1117355E-0002  -0.1026286E-0001  -0.8067513E-0002
     6.74400  -0.2333119E-0001  -0.1340173E-0001  -0.5232734E-0002  -0.1155562E-0002  -0.1032803E-0001  -0.8145651E-0002
     6.75200  -0.2343880E-0001  -0.1345178E-0001  -0.5242406E-0002  -0.1208973E-0002  -0.1039386E-0001  -0.8229797E-0002
     6.76000  -0.2354688E-0001  -0.1350981E-0001  -0.5252630E-0002  -0.1277969E-0002  -0.1046042E-0001  -0.8320076E-0002
     6.76800  -0.2365549E-0001  -0.1357589E-0001  -0.5263531E-0002  -0.1362610E-0002  -0.1052776E-0001  -0.8416473E-0002
     6.77600  -0.2376469E-0001  -0.1364989E-0001  -0.5275232E-0002  -0.1462623E-0002  -0.1059591E-0001  -0.8518827E-0002
     6.78400  -0.2387454E-0001  -0.1373147E-0001  -0.5287851E-0002  -0.1577414E-0002  -0.1066492E-0001  -0.8626831E-0002
     6.79200  -0.2398510E-0001  -0.1382008E-0001  -0.5301500E-0002  -0.1706079E-0002  -0.1073484E-0001  -0.8740034E-0002
     6.80000  -0.2409642E-0001  -0.1391494E-0001  -0.5316279E-0002  -0.1847425E-0002  -0.1080570E-0001  -0.8857852E-0002
     6.80800  -0.2420854E-0001  -0.1401511E-0001  -0.5332279E-0002  -0.1999999E-0002  -0.1087754E-0001  -0.8979576E-0002
     6.81600  -0.2432150E-0001  -0.1411947E-0001  -0.5349576E-0002  -0.2162122E-0002  -0.1095038E-0001  -0.9104389E-0002
     6.82400  -0.2443531E-0001  -0.1422675E-0001  -0.5368231E-0002  -0.2331929E-0002  -0.1102423E-0001  -0.9231389E-0002
     6.83200  -0.2454999E-0001  -0.1433556E-0001  -0.5388291E-0002  -0.2507416E-0002  -0.1109910E-0001  -0.9359606E-0002
     6.84000  -0.2466555E-0001  -0.1444442E-0001  -0.5409783E-0002  -0.2686481E-0002  -0.1117501E-0001  -0.9488027E-0002
     6.84800  -0.2478196E-0001  -0.1455182E-0001  -0.5432718E-0002  -0.2866982E-0002  -0.1125193E-0001  -0.9615625E-0002
     6.85600  -0.2489921E-0001  -0.1465623E-0001  -0.5457093E-0002  -0.3046777E-0002  -0.1132986E-0001  -0.9741383E-0002
     6.86400  -0.2501726E-0001  -0.1475613E-0001  -0.5482883E-0002  -0.3223779E-0002  -0.1140878E-0001  -0.9864320E-0002
     6.87200  -0.2513606E-0001  -0.1485009E-0001  -0.5510051E-0002  -0.3395998E-0002  -0.1148865E-0001  -0.9983518E-0002
     6.88000  -0.2525556E-0001  -0.1493676E-0001  -0.5538544E-0002  -0.3561579E-0002  -0.1156943E-0001  -0.1009814E-0001
     6.88800  -0.2537568E-0001  -0.1501492E-0001  -0.5568294E-0002  -0.3718846E-0002  -0.1165109E-0001  -0.1020747E-0001
     6.89600  -0.2549635E-0001  -0.1508353E-0001  -0.5599225E-0002  -0.3866320E-0002  -0.1173358E-0001  -0.1031090E-0001
     6.90400  -0.2561748E-0001  -0.1514173E-0001  -0.5631247E-0002  -0.4002754E-0002  -0.1181684E-0001  -0.1040797E-0001
     6.91200  -0.2573899E-0001  -0.1518884E-0001  -0.5664264E-0002  -0.4127139E-0002  -0.1190083E-0001  -0.1049836E-0001
     6.92000  -0.2586079E-0001  -0.1522442E-0001  -0.5698174E-0002  -0.4238716E-0002  -0.1198549E-0001  -0.1058193E-0001
     6.92800  -0.2598277E-0001  -0.1524824E-0001  -0.5732870E-0002  -0.4336975E-0002  -0.1207076E-0001  -0.1065867E-0001
     6.93600  -0.2610485E-0001  -0.1526031E-0001  -0.5768243E-0002  -0.4421653E-0002  -0.1215659E-0001  -0.1072874E-0001
     6.94400  -0.2622694E-0001  -0.1526083E-0001  -0.5804184E-0002  -0.4492714E-0002  -0.1224292E-0001  -0.1079243E-0001
     6.95200  -0.2634894E-0001  -0.1525021E-0001  -0.5840587E-0002  -0.4550339E-0002  -0.1232973E-0001  -0.1085017E-0001
     6.96000  -0.2647077E-0001  -0.1522904E-0001  -0.5877346E-0002  -0.4594897E-0002  -0.1241695E-0001  -0.1090250E-0001
     6.96800  -0.2659236E-0001  -0.1519808E-0001  -0.5914362E-0002  -0.4626920E-0002  -0.1250455E-0001  -0.1095007E-0001
     6.97600  -0.2671362E-0001  -0.1515819E-0001  -0.5951538E-0002  -0.4647076E-0002  -0.1259250E-0001  -0.1099357E-0001
     6.98400  -0.2683451E-0001  -0.1511035E-0001  -0.5988787E-0002  -0.4656138E-0002  -0.1268077E-0001  -0.1103376E-0001
     6.99200  -0.2695495E-0001  -0.1505560E-0001  -0.6026027E-0002  -0.4654952E-0002  -0.1276934E-0001  -0.1107142E-0001
     7.00000  -0.2707491E-0001  -0.1499498E-0001  -0.6063182E-0002  -0.4644409E-0002  -0.1285820E-0001  -0.1110731E-0001
     7.00800  -0.2719435E-0001  -0.1492954E-0001  -0.6100186E-0002  -0.4625419E-0002  -0.1294733E-0001  -0.1114215E-0001
     7.01600  -0.2731323E-0001  -0.1486030E-0001  -0.6136977E-0002  -0.4598882E-0002  -0.1303675E-0001  -0.1117662E-0001
     7.02400  -0.2743154E-0001  -0.1478817E-0001  -0.6173502E-0002  -0.4565670E-0002  -0.1312644E-0001  -0.1121129E-0001
     7.03200  -0.2754925E-0001  -0.1471399E-0001  -0.6209715E-0002  -0.4526605E-0002  -0.1321641E-0001  -0.1124665E-0001
     7.04000  -0.2766636E-0001  -0.1463847E-0001  -0.6245575E-0002  -0.4482452E-0002  -0.1330667E-0001  -0.1128304E-0001
     7.04800  -0.2778285E-0001  -0.1456217E-0001  -0.6281046E-0002  -0.4433903E-0002  -0.1339724E-0001  -0.1132068E-0001
     7.05600  -0.2789874E-0001  -0.1448551E-0001  -0.6316098E-0002  -0.4381574E-0002  -0.1348812E-0001  -0.1135965E-0001
     7.06400  -0.2801401E-0001  -0.1440874E-0001  -0.6350706E-0002  -0.4326002E-0002  -0.1357931E-0001  -0.1139986E-0001
     7.07200  -0.2812866E-0001  -0.1433198E-0001  -0.6384848E-0002  -0.4267648E-0002  -0.1367084E-0001  -0.1144110E-0001
     7.08000  -0.2824270E-0001  -0.1425518E-0001  -0.6418503E-0002  -0.4206901E-0002  -0.1376271E-0001  -0.1148298E-0001
     7.08800  -0.2835613E-0001  -0.1417818E-0001  -0.6451655E-0002  -0.4144079E-0002  -0.1385491E-0001  -0.1152501E-0001
     7.09600  -0.2846894E-0001  -0.1410067E-0001  -0.6484291E-0002  -0.4079442E-0002  -0.1394744E-0001  -0.1156657E-0001
     7.10400  -0.2858111E-0001  -0.1402228E-0001  -0.6516397E-0002  -0.4013195E-0002  -0.1404030E-0001  -0.1160693E-0001
     7.11200  -0.2869265E-0001  -0.1394255E-0001  -0.6547961E-0002  -0.3945495E-0002  -0.1413346E-0001  -0.1164530E-0001
     7.12000  -0.2880354E-0001  -0.1386099E-0001  -0.6578972E-0002  -0.3876458E-0002  -0.1422690E-0001  -0.1168084E-0001
     7.12800  -0.2891376E-0001  -0.1377709E-0001  -0.6609421E-0002  -0.3806160E-0002  -0.1432061E-0001  -0.1171269E-0001
     7.13600  -0.2902328E-0001  -0.1369037E-0001  -0.6639299E-0002  -0.3734643E-0002  -0.1441453E-0001  -0.1173999E-0001
     7.14400  -0.2913208E-0001  -0.1360035E-0001  -0.6668594E-0002  -0.3661914E-0002  -0.1450862E-0001  -0.1176195E-0001
     7.15200  -0.2924014E-0001  -0.1350665E-0001  -0.6697297E-0002  -0.3587941E-0002  -0.1460284E-0001  -0.1177783E-0001
     7.16000  -0.2934741E-0001  -0.1340896E-0001  -0.6725399E-0002  -0.3512658E-0002  -0.1469714E-0001  -0.1178704E-0001
     7.16800  -0.2945387E-0001  -0.1330707E-0001  -0.6752886E-0002  -0.3435952E-0002  -0.1479145E-0001  -0.1178911E-0001
     7.17600  -0.2955947E-0001  -0.1320086E-0001  -0.6779748E-0002  -0.3357669E-0002  -0.1488572E-0001  -0.1178377E-0001
     7.18400  -0.2966420E-0001  -0.1309034E-0001  -0.6805969E-0002  -0.3277608E-0002  -0.1497989E-0001  -0.1177094E-0001
     7.19200  -0.2976800E-0001  -0.1297561E-0001  -0.6831533E-0002  -0.3195520E-0002  -0.1507390E-0001  -0.1175080E-0001
     7.20000  -0.2987086E-0001  -0.1285690E-0001  -0.6856422E-0002  -0.3111112E-0002  -0.1516769E-0001  -0.1172379E-0001
     7.20800  -0.2997273E-0001  -0.1273450E-0001  -0.6880614E-0002  -0.3024052E-0002  -0.1526121E-0001  -0.1169066E-0001
     7.21600  -0.3007360E-0001  -0.1260879E-0001  -0.6904086E-0002  -0.2933975E-0002  -0.1535443E-0001  -0.1165244E-0001
     7.22400  -0.3017344E-0001  -0.1248019E-0001  -0.6926810E-0002  -0.2840501E-0002  -0.1544732E-0001  -0.1161050E-0001
     7.23200  -0.3027224E-0001  -0.1234911E-0001  -0.6948756E-0002  -0.2743245E-0002  -0.1553985E-0001  -0.1156655E-0001
     7.24000  -0.3036996E-0001  -0.1221600E-0001  -0.6969891E-0002  -0.2641838E-0002  -0.1563203E-0001  -0.1152263E-0001
     7.24800  -0.3046661E-0001  -0.1208122E-0001  -0.6990178E-0002  -0.2535946E-0002  -0.1572388E-0001  -0.1148113E-0001
     7.25600  -0.3056217E-0001  -0.1194506E-0001  -0.7009580E-0002  -0.2425295E-0002  -0.1581544E-0001  -0.1144476E-0001
     7.26400  -0.3065664E-0001  -0.1180769E-0001  -0.7028058E-0002  -0.2309687E-0002  -0.1590677E-0001  -0.1141657E-0001
     7.27200  -0.3074999E-0001  -0.1166914E-0001  -0.7045570E-0002  -0.2189022E-0002  -0.1599797E-0001  -0.1139990E-0001
     7.28000  -0.3084222E-0001  -0.1152924E-0001  -0.7062077E-0002  -0.2063312E-0002  -0.1608916E-0001  -0.1139835E-0001
     7.28800  -0.3093332E-0001  -0.1138763E-0001  -0.7077538E-0002  -0.1932691E-0002  -0.1618048E-0001  -0.1141580E-0001
     7.29600  -0.3102327E-0001  -0.1124369E-0001  -0.7091917E-0002  -0.1797420E-0002  -0.1627213E-0001  -0.1145630E-0001
     7.30400  -0.3111205E-0001  -0.1109656E-0001  -0.7105181E-0002  -0.1657881E-0002  -0.1636433E-0001  -0.1152407E-0001
     7.31200  -0.3119961E-0001  -0.1094511E-0001  -0.7117297E-0002  -0.1514568E-0002  -0.1645731E-0001  -0.1162346E-0001
     7.32000  -0.3128591E-0001  -0.1078797E-0001  -0.7128242E-0002  -0.1368066E-0002  -0.1655138E-0001  -0.1175882E-0001
     7.32800  -0.3137090E-0001  -0.1062346E-0001  -0.7137994E-0002  -0.1219028E-0002  -0.1664686E-0001  -0.1193453E-0001
     7.33600  -0.3145450E-0001  -0.1044970E-0001  -0.7146539E-0002  -0.1068141E-0002  -0.1674410E-0001  -0.1215487E-0001
     7.34400  -0.3153661E-0001  -0.1026456E-0001  -0.7153868E-0002  -0.9160894E-0003  -0.1684349E-0001  -0.1242397E-0001
     7.35200  -0.3161714E-0001  -0.1006571E-0001  -0.7159976E-0002  -0.7635166E-0003  -0.1694546E-0001  -0.1274572E-0001
     7.36000  -0.3169594E-0001  -0.9850693E-0002  -0.7164864E-0002  -0.6109877E-0003  -0.1705045E-0001  -0.1312372E-0001
     7.36800  -0.3177288E-0001  -0.9616922E-0002  -0.7168535E-0002  -0.4589532E-0003  -0.1715894E-0001  -0.1356118E-0001
     7.37600  -0.3184777E-0001  -0.9361773E-0002  -0.7170997E-0002  -0.3077181E-0003  -0.1727142E-0001  -0.1406085E-0001
     7.38400  -0.3192043E-0001  -0.9082628E-0002  -0.7172256E-0002  -0.1574197E-0003  -0.1738842E-0001  -0.1462494E-0001
     7.39200  -0.3199065E-0001  -0.8776946E-0002  -0.7172321E-0002  -0.8013987E-0005  -0.1751046E-0001  -0.1525506E-0001
     7.40000  -0.3205819E-0001  -0.8442329E-0002  -0.7171195E-0002   0.1407261E-0003  -0.1763808E-0001  -0.1595213E-0001
     7.40800  -0.3212280E-0001  -0.8076595E-0002  -0.7168881E-0002   0.2892012E-0003  -0.1777181E-0001  -0.1671634E-0001
     7.41600  -0.3218422E-0001  -0.7677838E-0002  -0.7165377E-0002   0.4379632E-0003  -0.1791219E-0001  -0.1754707E-0001
     7.42400  -0.3224218E-0001  -0.7244502E-0002  -0.7160676E-0002   0.5876823E-0003  -0.1805973E-0001  -0.1844289E-0001
     7.43200  -0.3229638E-0001  -0.6775433E-0002  -0.7154763E-0002   0.7391040E-0003  -0.1821494E-0001  -0.1940145E-0001
     7.44000  -0.3234654E-0001  -0.6269940E-0002  -0.7147619E-0002   0.8929982E-0003  -0.1837830E-0001  -0.2041954E-0001
     7.44800  -0.3239237E-0001  -0.5727830E-0002  -0.7139218E-0002   0.1050103E-0002  -0.1855024E-0001  -0.2149300E-0001
     7.45600  -0.3243356E-0001  -0.5149452E-0002  -0.7129530E-0002   0.1211069E-0002  -0.1873118E-0001  -0.2261680E-0001
     7.46400  -0.3246985E-0001  -0.4535712E-0002  -0.7118519E-0002   0.1376401E-0002  -0.1892146E-0001  -0.2378499E-0001
     7.47200  -0.3250095E-0001  -0.3888086E-0002  -0.7106147E-0002   0.1546407E-0002  -0.1912138E-0001  -0.2499077E-0001
     7.48000  -0.3252662E-0001  -0.3208619E-0002  -0.7092378E-0002   0.1721160E-0002  -0.1933119E-0001  -0.2622652E-0001
     7.48800  -0.3254662E-0001  -0.2499904E-0002  -0.7077174E-0002   0.1900459E-0002  -0.1955107E-0001  -0.2748389E-0001
     7.49600  -0.3256074E-0001  -0.1765055E-0002  -0.7060504E-0002   0.2083819E-0002  -0.1978110E-0001  -0.2875384E-0001
     7.50400  -0.3256880E-0001  -0.1007662E-0002  -0.7042340E-0002   0.2270459E-0002  -0.2002131E-0001  -0.3002679E-0001
     7.51200  -0.3257066E-0001  -0.2317387E-0003  -0.7022666E-0002   0.2459317E-0002  -0.2027165E-0001  -0.3129269E-0001
     7.52000  -0.3256619E-0001   0.5583431E-0003  -0.7001473E-0002   0.2649078E-0002  -0.2053198E-0001  -0.3254114E-0001
     7.52800  -0.3255533E-0001   0.1357930E-0002  -0.6978767E-0002   0.2838211E-0002  -0.2080207E-0001  -0.3376157E-0001
     7.53600  -0.3253803E-0001   0.2162169E-0002  -0.6954567E-0002   0.3025018E-0002  -0.2108162E-0001  -0.3494335E-0001
     7.54400  -0.3251430E-0001   0.2966091E-0002  -0.6928906E-0002   0.3207702E-0002  -0.2137023E-0001  -0.3607594E-0001
     7.55200  -0.3248418E-0001   0.3764705E-0002  -0.6901830E-0002   0.3384425E-0002  -0.2166742E-0001  -0.3714908E-0001
     7.56000  -0.3244776E-0001   0.4553091E-0002  -0.6873403E-0002   0.3553384E-0002  -0.2197264E-0001  -0.3815292E-0001
     7.56800  -0.3240515E-0001   0.5326486E-0002  -0.6843700E-0002   0.3712875E-0002  -0.2228527E-0001  -0.3907820E-0001
     7.57600  -0.3235650E-0001   0.6080372E-0002  -0.6812809E-0002   0.3861358E-0002  -0.2260460E-0001  -0.3991640E-0001
     7.58400  -0.3230202E-0001   0.6810560E-0002  -0.6780829E-0002   0.3997515E-0002  -0.2292988E-0001  -0.4065988E-0001
     7.59200  -0.3224191E-0001   0.7513262E-0002  -0.6747867E-0002   0.4120295E-0002  -0.2326030E-0001  -0.4130202E-0001
     7.60000  -0.3217643E-0001   0.8185158E-0002  -0.6714035E-0002   0.4228951E-0002  -0.2359500E-0001  -0.4183738E-0001
     7.60800  -0.3210584E-0001   0.8823447E-0002  -0.6679451E-0002   0.4323061E-0002  -0.2393309E-0001  -0.4226174E-0001
     7.61600  -0.3203044E-0001   0.9425895E-0002  -0.6644230E-0002   0.4402538E-0002  -0.2427367E-0001  -0.4257222E-0001
     7.62400  -0.3195051E-0001   0.9990860E-0002  -0.6608489E-0002   0.4467626E-0002  -0.2461581E-0001  -0.4276735E-0001
     7.63200  -0.3186637E-0001   0.1051731E-0001  -0.6572338E-0002   0.4518886E-0002  -0.2495858E-0001  -0.4284710E-0001
     7.64000  -0.3177833E-0001   0.1100484E-0001  -0.6535881E-0002   0.4557165E-0002  -0.2530109E-0001  -0.4281290E-0001
     7.64800  -0.3168670E-0001   0.1145363E-0001  -0.6499212E-0002   0.4583565E-0002  -0.2564243E-0001  -0.4266759E-0001
     7.65600  -0.3159179E-0001   0.1186446E-0001  -0.6462417E-0002   0.4599402E-0002  -0.2598175E-0001  -0.4241542E-0001
     7.66400  -0.3149388E-0001   0.1223864E-0001  -0.6425568E-0002   0.4606156E-0002  -0.2631825E-0001  -0.4206196E-0001
     7.67200  -0.3139325E-0001   0.1257800E-0001  -0.6388724E-0002   0.4605426E-0002  -0.2665116E-0001  -0.4161400E-0001
     7.68000  -0.3129018E-0001   0.1288480E-0001  -0.6351933E-0002   0.4598880E-0002  -0.2697979E-0001  -0.4107944E-0001
     7.68800  -0.3118488E-0001   0.1316169E-0001  -0.6315228E-0002   0.4588211E-0002  -0.2730353E-0001  -0.4046713E-0001
     7.69600  -0.3107759E-0001   0.1341161E-0001  -0.6278627E-0002   0.4575090E-0002  -0.2762182E-0001  -0.3978671E-0001
     7.70400  -0.3096849E-0001   0.1363776E-0001  -0.6242138E-0002   0.4561131E-0002  -0.2793421E-0001  -0.3904846E-0001
     7.71200  -0.3085774E-0001   0.1384346E-0001  -0.6205755E-0002   0.4547851E-0002  -0.2824032E-0001  -0.3826305E-0001
     7.72000  -0.3074548E-0001   0.1403212E-0001  -0.6169462E-0002   0.4536645E-0002  -0.2853985E-0001  -0.3744138E-0001
     7.72800  -0.3063183E-0001   0.1420714E-0001  -0.6133232E-0002   0.4528759E-0002  -0.2883260E-0001  -0.3659436E-0001
     7.73600  -0.3051685E-0001   0.1437183E-0001  -0.6097030E-0002   0.4525269E-0002  -0.2911846E-0001  -0.3573272E-0001
     7.74400  -0.3040062E-0001   0.1452935E-0001  -0.6060813E-0002   0.4527068E-0002  -0.2939740E-0001  -0.3486676E-0001
     7.75200  -0.3028315E-0001   0.1468263E-0001  -0.6024534E-0002   0.4534855E-0002  -0.2966945E-0001  -0.3400623E-0001
     7.76000  -0.3016448E-0001   0.1483436E-0001  -0.5988141E-0002   0.4549124E-0002  -0.2993473E-0001  -0.3316009E-0001
     7.76800  -0.3004458E-0001   0.1498687E-0001  -0.5951580E-0002   0.4570162E-0002  -0.3019342E-0001  -0.3233638E-0001
     7.77600  -0.2992345E-0001   0.1514216E-0001  -0.5914796E-0002   0.4598050E-0002  -0.3044576E-0001  -0.3154210E-0001
     7.78400  -0.2980103E-0001   0.1530186E-0001  -0.5877734E-0002   0.4632664E-0002  -0.3069202E-0001  -0.3078306E-0001
     7.79200  -0.2967730E-0001   0.1546720E-0001  -0.5840345E-0002   0.4673679E-0002  -0.3093253E-0001  -0.3006380E-0001
     7.80000  -0.2955218E-0001   0.1563902E-0001  -0.5802580E-0002   0.4720582E-0002  -0.3116763E-0001  -0.2938759E-0001
     7.80800  -0.2942564E-0001   0.1581780E-0001  -0.5764399E-0002   0.4772682E-0002  -0.3139768E-0001  -0.2875634E-0001
     7.81600  -0.2929761E-0001   0.1600366E-0001  -0.5725766E-0002   0.4829129E-0002  -0.3162305E-0001  -0.2817064E-0001
     7.82400  -0.2916804E-0001   0.1619637E-0001  -0.5686654E-0002   0.4888932E-0002  -0.3184409E-0001  -0.2762981E-0001
     7.83200  -0.2903688E-0001   0.1639547E-0001  -0.5647046E-0002   0.4950987E-0002  -0.3206114E-0001  -0.2713196E-0001
     7.84000  -0.2890408E-0001   0.1660019E-0001  -0.5606934E-0002   0.5014098E-0002  -0.3227453E-0001  -0.2667409E-0001
     7.84800  -0.2876960E-0001   0.1680963E-0001  -0.5566318E-0002   0.5077013E-0002  -0.3248455E-0001  -0.2625223E-0001
     7.85600  -0.2863342E-0001   0.1702271E-0001  -0.5525210E-0002   0.5138455E-0002  -0.3269145E-0001  -0.2586156E-0001
     7.86400  -0.2849551E-0001   0.1723828E-0001  -0.5483633E-0002   0.5197153E-0002  -0.3289542E-0001  -0.2549660E-0001
     7.87200  -0.2835587E-0001   0.1745515E-0001  -0.5441618E-0002   0.5251877E-0002  -0.3309663E-0001  -0.2515139E-0001
     7.88000  -0.2821449E-0001   0.1767215E-0001  -0.5399206E-0002   0.5301471E-0002  -0.3329519E-0001  -0.2481968E-0001
     7.88800  -0.2807139E-0001   0.1788816E-0001  -0.5356447E-0002   0.5344881E-0002  -0.3349115E-0001  -0.2449511E-0001
     7.89600  -0.2792657E-0001   0.1810217E-0001  -0.5313397E-0002   0.5381187E-0002  -0.3368452E-0001  -0.2417142E-0001
     7.90400  -0.2778006E-0001   0.1831331E-0001  -0.5270120E-0002   0.5409618E-0002  -0.3387526E-0001  -0.2384261E-0001
     7.91200  -0.2763190E-0001   0.1852087E-0001  -0.5226684E-0002   0.5429576E-0002  -0.3406328E-0001  -0.2350315E-0001
     7.92000  -0.2748210E-0001   0.1872433E-0001  -0.5183159E-0002   0.5440646E-0002  -0.3424847E-0001  -0.2314809E-0001
     7.92800  -0.2733071E-0001   0.1892336E-0001  -0.5139618E-0002   0.5442601E-0002  -0.3443066E-0001  -0.2277324E-0001
     7.93600  -0.2717777E-0001   0.1911783E-0001  -0.5096135E-0002   0.5435404E-0002  -0.3460966E-0001  -0.2237523E-0001
     7.94400  -0.2702331E-0001   0.1930784E-0001  -0.5052781E-0002   0.5419204E-0002  -0.3478527E-0001  -0.2195166E-0001
     7.95200  -0.2686736E-0001   0.1949365E-0001  -0.5009626E-0002   0.5394327E-0002  -0.3495728E-0001  -0.2150108E-0001
     7.96000  -0.2670995E-0001   0.1967571E-0001  -0.4966736E-0002   0.5361260E-0002  -0.3512546E-0001  -0.2102306E-0001
     7.96800  -0.2655112E-0001   0.1985461E-0001  -0.4924171E-0002   0.5320636E-0002  -0.3528961E-0001  -0.2051817E-0001
     7.97600  -0.2639087E-0001   0.2003109E-0001  -0.4881985E-0002   0.5273218E-0002  -0.3544951E-0001  -0.1998791E-0001
     7.98400  -0.2622922E-0001   0.2020597E-0001  -0.4840226E-0002   0.5219876E-0002  -0.3560499E-0001  -0.1943470E-0001
     7.99200  -0.2606618E-0001   0.2038012E-0001  -0.4798934E-0002   0.5161570E-0002  -0.3575588E-0001  -0.1886175E-0001
     8.00000  -0.2590174E-0001   0.2055445E-0001  -0.4758139E-0002   0.5099325E-0002  -0.3590207E-0001  -0.1827293E-0001
     8.00800  -0.2573590E-0001   0.2072983E-0001  -0.4717865E-0002   0.5034219E-0002  -0.3604345E-0001  -0.1767268E-0001
     8.01600  -0.2556865E-0001   0.2090710E-0001  -0.4678127E-0002   0.4967355E-0002  -0.3617998E-0001  -0.1706580E-0001
     8.02400  -0.2539995E-0001   0.2108698E-0001  -0.4638928E-0002   0.4899850E-0002  -0.3631163E-0001  -0.1645737E-0001
     8.03200  -0.2522979E-0001   0.2127007E-0001  -0.4600265E-0002   0.4832813E-0002  -0.3643845E-0001  -0.1585250E-0001
     8.04000  -0.2505814E-0001   0.2145681E-0001  -0.4562127E-0002   0.4767330E-0002  -0.3656050E-0001  -0.1525625E-0001
     8.04800  -0.2488496E-0001   0.2164742E-0001  -0.4524491E-0002   0.4704441E-0002  -0.3667789E-0001  -0.1467341E-0001
     8.05600  -0.2471022E-0001   0.2184192E-0001  -0.4487330E-0002   0.4645125E-0002  -0.3679076E-0001  -0.1410838E-0001
     8.06400  -0.2453390E-0001   0.2204006E-0001  -0.4450608E-0002   0.4590277E-0002  -0.3689928E-0001  -0.1356506E-0001
     8.07200  -0.2435597E-0001   0.2224136E-0001  -0.4414282E-0002   0.4540689E-0002  -0.3700365E-0001  -0.1304671E-0001
     8.08000  -0.2417641E-0001   0.2244504E-0001  -0.4378306E-0002   0.4497023E-0002  -0.3710410E-0001  -0.1255587E-0001
     8.08800  -0.2399521E-0001   0.2265006E-0001  -0.4342628E-0002   0.4459792E-0002  -0.3720085E-0001  -0.1209432E-0001
     8.09600  -0.2381237E-0001   0.2285509E-0001  -0.4307193E-0002   0.4429333E-0002  -0.3729416E-0001  -0.1166301E-0001
     8.10400  -0.2362790E-0001   0.2305858E-0001  -0.4271947E-0002   0.4405783E-0002  -0.3738426E-0001  -0.1126207E-0001
     8.11200  -0.2344183E-0001   0.2325870E-0001  -0.4236835E-0002   0.4389061E-0002  -0.3747138E-0001  -0.1089082E-0001
     8.12000  -0.2325420E-0001   0.2345342E-0001  -0.4201804E-0002   0.4378846E-0002  -0.3755576E-0001  -0.1054782E-0001
     8.12800  -0.2306508E-0001   0.2364053E-0001  -0.4166807E-0002   0.4374566E-0002  -0.3763761E-0001  -0.1023094E-0001
     8.13600  -0.2287454E-0001   0.2381767E-0001  -0.4131804E-0002   0.4375382E-0002  -0.3771711E-0001  -0.9937449E-0002
     8.14400  -0.2268268E-0001   0.2398239E-0001  -0.4096763E-0002   0.4380197E-0002  -0.3779442E-0001  -0.9664104E-0002
     8.15200  -0.2248962E-0001   0.2413215E-0001  -0.4061661E-0002   0.4387650E-0002  -0.3786968E-0001  -0.9407297E-0002
     8.16000  -0.2229551E-0001   0.2426445E-0001  -0.4026492E-0002   0.4396139E-0002  -0.3794299E-0001  -0.9163176E-0002
     8.16800  -0.2210049E-0001   0.2437680E-0001  -0.3991262E-0002   0.4403837E-0002  -0.3801441E-0001  -0.8927785E-0002
     8.17600  -0.2190476E-0001   0.2446684E-0001  -0.3955992E-0002   0.4408727E-0002  -0.3808399E-0001  -0.8697199E-0002
     8.18400  -0.2170850E-0001   0.2453233E-0001  -0.3920723E-0002   0.4408641E-0002  -0.3815173E-0001  -0.8467663E-0002
     8.19200  -0.2151193E-0001   0.2457126E-0001  -0.3885512E-0002   0.4401304E-0002  -0.3821761E-0001  -0.8235718E-0002
     8.20000  -0.2131527E-0001   0.2458187E-0001  -0.3850437E-0002   0.4384388E-0002  -0.3828160E-0001  -0.7998316E-0002
     8.20800  -0.2111877E-0001   0.2456269E-0001  -0.3815593E-0002   0.4355569E-0002  -0.3834362E-0001  -0.7752914E-0002
     8.21600  -0.2092267E-0001   0.2451259E-0001  -0.3781092E-0002   0.4312582E-0002  -0.3840361E-0001  -0.7497558E-0002
     8.22400  -0.2072723E-0001   0.2443081E-0001  -0.3747066E-0002   0.4253285E-0002  -0.3846145E-0001  -0.7230939E-0002
     8.23200  -0.2053269E-0001   0.2431698E-0001  -0.3713660E-0002   0.4175711E-0002  -0.3851707E-0001  -0.6952423E-0002
     8.24000  -0.2033932E-0001   0.2417116E-0001  -0.3681035E-0002   0.4078125E-0002  -0.3857037E-0001  -0.6662067E-0002
     8.24800  -0.2014737E-0001   0.2399381E-0001  -0.3649362E-0002   0.3959070E-0002  -0.3862125E-0001  -0.6360597E-0002
     8.25600  -0.1995708E-0001   0.2378583E-0001  -0.3618823E-0002   0.3817409E-0002  -0.3866965E-0001  -0.6049374E-0002
     8.26400  -0.1976869E-0001   0.2354854E-0001  -0.3589604E-0002   0.3652357E-0002  -0.3871549E-0001  -0.5730331E-0002
     8.27200  -0.1958243E-0001   0.2328367E-0001  -0.3561896E-0002   0.3463505E-0002  -0.3875874E-0001  -0.5405888E-0002
     8.28000  -0.1939848E-0001   0.2299332E-0001  -0.3535889E-0002   0.3250834E-0002  -0.3879937E-0001  -0.5078862E-0002
     8.28800  -0.1921704E-0001   0.2267996E-0001  -0.3511772E-0002   0.3014720E-0002  -0.3883739E-0001  -0.4752347E-0002
     8.29600  -0.1903827E-0001   0.2234635E-0001  -0.3489724E-0002   0.2755931E-0002  -0.3887282E-0001  -0.4429595E-0002
     8.30400  -0.1886230E-0001   0.2199557E-0001  -0.3469919E-0002   0.2475617E-0002  -0.3890574E-0001  -0.4113889E-0002
     8.31200  -0.1868926E-0001   0.2163088E-0001  -0.3452517E-0002   0.2175285E-0002  -0.3893620E-0001  -0.3808412E-0002
     8.32000  -0.1851921E-0001   0.2125575E-0001  -0.3437663E-0002   0.1856782E-0002  -0.3896433E-0001  -0.3516124E-0002
     8.32800  -0.1835222E-0001   0.2087376E-0001  -0.3425485E-0002   0.1522260E-0002  -0.3899025E-0001  -0.3239641E-0002
     8.33600  -0.1818831E-0001   0.2048856E-0001  -0.3416092E-0002   0.1174146E-0002  -0.3901410E-0001  -0.2981128E-0002
     8.34400  -0.1802748E-0001   0.2010384E-0001  -0.3409571E-0002   0.8151047E-0003  -0.3903604E-0001  -0.2742210E-0002
     8.35200  -0.1786970E-0001   0.1972321E-0001  -0.3405987E-0002   0.4480084E-0003  -0.3905623E-0001  -0.2523888E-0002
     8.36000  -0.1771489E-0001   0.1935022E-0001  -0.3405379E-0002   0.7589696E-0004  -0.3907484E-0001  -0.2326495E-0002
     8.36800  -0.1756299E-0001   0.1898826E-0001  -0.3407764E-0002  -0.2980542E-0003  -0.3909204E-0001  -0.2149656E-0002
     8.37600  -0.1741386E-0001   0.1864056E-0001  -0.3413128E-0002  -0.6705672E-0003  -0.3910797E-0001  -0.1992278E-0002
     8.38400  -0.1726738E-0001   0.1831012E-0001  -0.3421435E-0002  -0.1038293E-0002  -0.3912279E-0001  -0.1852565E-0002
     8.39200  -0.1712338E-0001   0.1799969E-0001  -0.3432618E-0002  -0.1397842E-0002  -0.3913662E-0001  -0.1728053E-0002
     8.40000  -0.1698169E-0001   0.1771172E-0001  -0.3446584E-0002  -0.1745811E-0002  -0.3914954E-0001  -0.1615665E-0002
     8.40800  -0.1684210E-0001   0.1744839E-0001  -0.3463214E-0002  -0.2078810E-0002  -0.3916164E-0001  -0.1511787E-0002
     8.41600  -0.1670441E-0001   0.1721156E-0001  -0.3482362E-0002  -0.2393495E-0002  -0.3917294E-0001  -0.1412361E-0002
     8.42400  -0.1656839E-0001   0.1700277E-0001  -0.3503855E-0002  -0.2686586E-0002  -0.3918344E-0001  -0.1312993E-0002
     8.43200  -0.1643380E-0001   0.1682326E-0001  -0.3527494E-0002  -0.2954906E-0002  -0.3919311E-0001  -0.1209067E-0002
     8.44000  -0.1630041E-0001   0.1667393E-0001  -0.3553058E-0002  -0.3195401E-0002  -0.3920188E-0001  -0.1095870E-0002
     8.44800  -0.1616797E-0001   0.1655542E-0001  -0.3580299E-0002  -0.3405179E-0002  -0.3920963E-0001  -0.9687188E-0003
     8.45600  -0.1603622E-0001   0.1646807E-0001  -0.3608951E-0002  -0.3581538E-0002  -0.3921622E-0001  -0.8230866E-0003
     8.46400  -0.1590493E-0001   0.1641196E-0001  -0.3638727E-0002  -0.3722005E-0002  -0.3922145E-0001  -0.6547226E-0003
     8.47200  -0.1577383E-0001   0.1638693E-0001  -0.3669322E-0002  -0.3824368E-0002  -0.3922513E-0001  -0.4597652E-0003
     8.48000  -0.1564269E-0001   0.1639262E-0001  -0.3700416E-0002  -0.3886719E-0002  -0.3922701E-0001  -0.2348435E-0003
     8.48800  -0.1551126E-0001   0.1642844E-0001  -0.3731676E-0002  -0.3907488E-0002  -0.3922683E-0001   0.2283604E-0004
     8.49600  -0.1537931E-0001   0.1649366E-0001  -0.3762760E-0002  -0.3885480E-0002  -0.3922430E-0001   0.3154196E-0003
     8.50400  -0.1524662E-0001   0.1658737E-0001  -0.3793319E-0002  -0.3819913E-0002  -0.3921915E-0001   0.6443541E-0003
     8.51200  -0.1511295E-0001   0.1670854E-0001  -0.3823003E-0002  -0.3710445E-0002  -0.3921107E-0001   0.1010356E-0002
     8.52000  -0.1497810E-0001   0.1685599E-0001  -0.3851460E-0002  -0.3557202E-0002  -0.3919976E-0001   0.1413397E-0002
     8.52800  -0.1484187E-0001   0.1702843E-0001  -0.3878347E-0002  -0.3360797E-0002  -0.3918494E-0001   0.1852717E-0002
     8.53600  -0.1470408E-0001   0.1722446E-0001  -0.3903325E-0002  -0.3122344E-0002  -0.3916632E-0001   0.2326848E-0002
     8.54400  -0.1456454E-0001   0.1744257E-0001  -0.3926073E-0002  -0.2843462E-0002  -0.3914365E-0001   0.2833661E-0002
     8.55200  -0.1442309E-0001   0.1768112E-0001  -0.3946283E-0002  -0.2526264E-0002  -0.3911669E-0001   0.3370430E-0002
     8.56000  -0.1427958E-0001   0.1793835E-0001  -0.3963670E-0002  -0.2173346E-0002  -0.3908522E-0001   0.3933905E-0002
     8.56800  -0.1413388E-0001   0.1821237E-0001  -0.3977972E-0002  -0.1787755E-0002  -0.3904906E-0001   0.4520404E-0002
     8.57600  -0.1398587E-0001   0.1850117E-0001  -0.3988956E-0002  -0.1372957E-0002  -0.3900805E-0001   0.5125906E-0002
     8.58400  -0.1383545E-0001   0.1880256E-0001  -0.3996418E-0002  -0.9327827E-0003  -0.3896208E-0001   0.5746151E-0002
     8.59200  -0.1368254E-0001   0.1911423E-0001  -0.4000189E-0002  -0.4713771E-0003  -0.3891107E-0001   0.6376748E-0002
     8.60000  -0.1352707E-0001   0.1943369E-0001  -0.4000134E-0002   0.6867404E-0005  -0.3885496E-0001   0.7013273E-0002
     8.60800  -0.1336900E-0001   0.1975829E-0001  -0.3996155E-0002   0.4973801E-0003  -0.3879375E-0001   0.7651371E-0002
     8.61600  -0.1320832E-0001   0.2008522E-0001  -0.3988191E-0002   0.9954860E-0003  -0.3872745E-0001   0.8286842E-0002
     8.62400  -0.1304503E-0001   0.2041151E-0001  -0.3976219E-0002   0.1496481E-0002  -0.3865613E-0001   0.8915730E-0002
     8.63200  -0.1287916E-0001   0.2073407E-0001  -0.3960254E-0002   0.1995710E-0002  -0.3857985E-0001   0.9534387E-0002
     8.64000  -0.1271076E-0001   0.2104968E-0001  -0.3940344E-0002   0.2488638E-0002  -0.3849874E-0001   0.1013954E-0001
     8.64800  -0.1253992E-0001   0.2135502E-0001  -0.3916577E-0002   0.2970922E-0002  -0.3841291E-0001   0.1072831E-0001
     8.65600  -0.1236674E-0001   0.2164673E-0001  -0.3889069E-0002   0.3438472E-0002  -0.3832252E-0001   0.1129828E-0001
     8.66400  -0.1219137E-0001   0.2192142E-0001  -0.3857969E-0002   0.3887514E-0002  -0.3822774E-0001   0.1184749E-0001
     8.67200  -0.1201397E-0001   0.2217574E-0001  -0.3823452E-0002   0.4314630E-0002  -0.3812875E-0001   0.1237441E-0001
     8.68000  -0.1183472E-0001   0.2240640E-0001  -0.3785718E-0002   0.4716806E-0002  -0.3802572E-0001   0.1287797E-0001
     8.68800  -0.1165383E-0001   0.2261028E-0001  -0.3744986E-0002   0.5091456E-0002  -0.3791886E-0001   0.1335751E-0001
     8.69600  -0.1147156E-0001   0.2278444E-0001  -0.3701495E-0002   0.5436444E-0002  -0.3780836E-0001   0.1381275E-0001
     8.70400  -0.1128815E-0001   0.2292618E-0001  -0.3655494E-0002   0.5750096E-0002  -0.3769441E-0001   0.1424376E-0001
     8.71200  -0.1110388E-0001   0.2303316E-0001  -0.3607244E-0002   0.6031205E-0002  -0.3757721E-0001   0.1465088E-0001
     8.72000  -0.1091906E-0001   0.2310338E-0001  -0.3557012E-0002   0.6279019E-0002  -0.3745693E-0001   0.1503468E-0001
     8.72800  -0.1073397E-0001   0.2313529E-0001  -0.3505066E-0002   0.6493238E-0002  -0.3733376E-0001   0.1539593E-0001
     8.73600  -0.1054895E-0001   0.2312783E-0001  -0.3451674E-0002   0.6673987E-0002  -0.3720788E-0001   0.1573549E-0001
     8.74400  -0.1036431E-0001   0.2308044E-0001  -0.3397100E-0002   0.6821800E-0002  -0.3707944E-0001   0.1605431E-0001
     8.75200  -0.1018036E-0001   0.2299314E-0001  -0.3341599E-0002   0.6937587E-0002  -0.3694862E-0001   0.1635337E-0001
     8.76000  -0.9997430E-0002   0.2286653E-0001  -0.3285418E-0002   0.7022608E-0002  -0.3681555E-0001   0.1663361E-0001
     8.76800  -0.9815815E-0002   0.2270178E-0001  -0.3228791E-0002   0.7078434E-0002  -0.3668038E-0001   0.1689595E-0001
     8.77600  -0.9635810E-0002   0.2250068E-0001  -0.3171935E-0002   0.7106915E-0002  -0.3654325E-0001   0.1714121E-0001
     8.78400  -0.9457685E-0002   0.2226559E-0001  -0.3115054E-0002   0.7110138E-0002  -0.3640429E-0001   0.1737013E-0001
     8.79200  -0.9281690E-0002   0.2199942E-0001  -0.3058331E-0002   0.7090393E-0002  -0.3626362E-0001   0.1758337E-0001
     8.80000  -0.9108045E-0002   0.2170561E-0001  -0.3001930E-0002   0.7050122E-0002  -0.3612137E-0001   0.1778147E-0001
     8.80800  -0.8936940E-0002   0.2138805E-0001  -0.2945995E-0002   0.6991884E-0002  -0.3597765E-0001   0.1796490E-0001
     8.81600  -0.8768532E-0002   0.2105105E-0001  -0.2890649E-0002   0.6918306E-0002  -0.3583258E-0001   0.1813408E-0001
     8.82400  -0.8602938E-0002   0.2069924E-0001  -0.2835992E-0002   0.6832041E-0002  -0.3568626E-0001   0.1828938E-0001
     8.83200  -0.8440238E-0002   0.2033749E-0001  -0.2782107E-0002   0.6735721E-0002  -0.3553881E-0001   0.1843116E-0001
     8.84000  -0.8280471E-0002   0.1997085E-0001  -0.2729051E-0002   0.6631912E-0002  -0.3539033E-0001   0.1855981E-0001
     8.84800  -0.8123636E-0002   0.1960445E-0001  -0.2676867E-0002   0.6523073E-0002  -0.3524093E-0001   0.1867577E-0001
     8.85600  -0.7969689E-0002   0.1924337E-0001  -0.2625575E-0002   0.6411511E-0002  -0.3509069E-0001   0.1877957E-0001
     8.86400  -0.7818548E-0002   0.1889260E-0001  -0.2575180E-0002   0.6299349E-0002  -0.3493972E-0001   0.1887187E-0001
     8.87200  -0.7670093E-0002   0.1855692E-0001  -0.2525672E-0002   0.6188490E-0002  -0.3478809E-0001   0.1895346E-0001
     8.88000  -0.7524166E-0002   0.1824080E-0001  -0.2477027E-0002   0.6080588E-0002  -0.3463589E-0001   0.1902533E-0001
     8.88800  -0.7380579E-0002   0.1794835E-0001  -0.2429211E-0002   0.5977034E-0002  -0.3448318E-0001   0.1908863E-0001
     8.89600  -0.7239113E-0002   0.1768325E-0001  -0.2382179E-0002   0.5878937E-0002  -0.3433002E-0001   0.1914471E-0001
     8.90400  -0.7099524E-0002   0.1744864E-0001  -0.2335882E-0002   0.5787123E-0002  -0.3417646E-0001   0.1919510E-0001
     8.91200  -0.6961547E-0002   0.1724713E-0001  -0.2290265E-0002   0.5702139E-0002  -0.3402253E-0001   0.1924153E-0001
     8.92000  -0.6824901E-0002   0.1708074E-0001  -0.2245271E-0002   0.5624264E-0002  -0.3386824E-0001   0.1928587E-0001
     8.92800  -0.6689294E-0002   0.1695087E-0001  -0.2200843E-0002   0.5553530E-0002  -0.3371360E-0001   0.1933015E-0001
     8.93600  -0.6554428E-0002   0.1685829E-0001  -0.2156925E-0002   0.5489750E-0002  -0.3355859E-0001   0.1937647E-0001
     8.94400  -0.6420003E-0002   0.1680315E-0001  -0.2113465E-0002   0.5432546E-0002  -0.3340317E-0001   0.1942701E-0001
     8.95200  -0.6285723E-0002   0.1678501E-0001  -0.2070413E-0002   0.5381390E-0002  -0.3324730E-0001   0.1948395E-0001
     8.96000  -0.6151300E-0002   0.1680284E-0001  -0.2027728E-0002   0.5335640E-0002  -0.3309090E-0001   0.1954945E-0001
     8.96800  -0.6016459E-0002   0.1685508E-0001  -0.1985372E-0002   0.5294582E-0002  -0.3293390E-0001   0.1962556E-0001
     8.97600  -0.5880942E-0002   0.1693966E-0001  -0.1943312E-0002   0.5257465E-0002  -0.3277619E-0001   0.1971419E-0001
     8.98400  -0.5744509E-0002   0.1705412E-0001  -0.1901524E-0002   0.5223538E-0002  -0.3261765E-0001   0.1981706E-0001
     8.99200  -0.5606944E-0002   0.1719559E-0001  -0.1859987E-0002   0.5192081E-0002  -0.3245816E-0001   0.1993564E-0001
     9.00000  -0.5468057E-0002   0.1736091E-0001  -0.1818687E-0002   0.5162430E-0002  -0.3229759E-0001   0.2007111E-0001
     9.00800  -0.5327683E-0002   0.1754671E-0001  -0.1777616E-0002   0.5133999E-0002  -0.3213580E-0001   0.2022436E-0001
     9.01600  -0.5185688E-0002   0.1774943E-0001  -0.1736765E-0002   0.5106290E-0002  -0.3197263E-0001   0.2039591E-0001
     9.02400  -0.5041965E-0002   0.1796542E-0001  -0.1696134E-0002   0.5078903E-0002  -0.3180795E-0001   0.2058593E-0001
     9.03200  -0.4896437E-0002   0.1819101E-0001  -0.1655722E-0002   0.5051538E-0002  -0.3164159E-0001   0.2079422E-0001
     9.04000  -0.4749056E-0002   0.1842256E-0001  -0.1615530E-0002   0.5023992E-0002  -0.3147343E-0001   0.2102023E-0001
     9.04800  -0.4599804E-0002   0.1865652E-0001  -0.1575561E-0002   0.4996148E-0002  -0.3130332E-0001   0.2126306E-0001
     9.05600  -0.4448688E-0002   0.1888947E-0001  -0.1535817E-0002   0.4967971E-0002  -0.3113115E-0001   0.2152149E-0001
     9.06400  -0.4295743E-0002   0.1911819E-0001  -0.1496301E-0002   0.4939495E-0002  -0.3095680E-0001   0.2179404E-0001
     9.07200  -0.4141025E-0002   0.1933965E-0001  -0.1457014E-0002   0.4910810E-0002  -0.3078017E-0001   0.2207899E-0001
     9.08000  -0.3984617E-0002   0.1955106E-0001  -0.1417958E-0002   0.4882050E-0002  -0.3060117E-0001   0.2237443E-0001
     9.08800  -0.3826618E-0002   0.1974988E-0001  -0.1379131E-0002   0.4853388E-0002  -0.3041975E-0001   0.2267834E-0001
     9.09600  -0.3667147E-0002   0.1993384E-0001  -0.1340531E-0002   0.4825021E-0002  -0.3023584E-0001   0.2298864E-0001
     9.10400  -0.3506340E-0002   0.2010091E-0001  -0.1302153E-0002   0.4797169E-0002  -0.3004941E-0001   0.2330325E-0001
     9.11200  -0.3344345E-0002   0.2024932E-0001  -0.1263993E-0002   0.4770066E-0002  -0.2986045E-0001   0.2362015E-0001
     9.12000  -0.3181325E-0002   0.2037754E-0001  -0.1226041E-0002   0.4743956E-0002  -0.2966895E-0001   0.2393744E-0001
     9.12800  -0.3017451E-0002   0.2048423E-0001  -0.1188288E-0002   0.4719092E-0002  -0.2947492E-0001   0.2425339E-0001
     9.13600  -0.2852905E-0002   0.2056828E-0001  -0.1150723E-0002   0.4695727E-0002  -0.2927839E-0001   0.2456649E-0001
     9.14400  -0.2687875E-0002   0.2062871E-0001  -0.1113330E-0002   0.4674116E-0002  -0.2907939E-0001   0.2487549E-0001
     9.15200  -0.2522558E-0002   0.2066470E-0001  -0.1076094E-0002   0.4654500E-0002  -0.2887795E-0001   0.2517942E-0001
     9.16000  -0.2357153E-0002   0.2067553E-0001  -0.1038997E-0002   0.4637106E-0002  -0.2867413E-0001   0.2547758E-0001
     9.16800  -0.2191869E-0002   0.2066058E-0001  -0.1002020E-0002   0.4622128E-0002  -0.2846797E-0001   0.2576961E-0001
     9.17600  -0.2026914E-0002   0.2061927E-0001  -0.9651420E-0003   0.4609720E-0002  -0.2825953E-0001   0.2605541E-0001
     9.18400  -0.1862506E-0002   0.2055108E-0001  -0.9283422E-0003   0.4599978E-0002  -0.2804885E-0001   0.2633517E-0001
     9.19200  -0.1698862E-0002   0.2045549E-0001  -0.8915988E-0003   0.4592923E-0002  -0.2783598E-0001   0.2660932E-0001
     9.20000  -0.1536206E-0002   0.2033202E-0001  -0.8548909E-0003   0.4588484E-0002  -0.2762095E-0001   0.2687850E-0001
     9.20800  -0.1374764E-0002   0.2018019E-0001  -0.8181990E-0003   0.4586487E-0002  -0.2740380E-0001   0.2714351E-0001
     9.21600  -0.1214768E-0002   0.1999953E-0001  -0.7815059E-0003   0.4586636E-0002  -0.2718456E-0001   0.2740525E-0001
     9.22400  -0.1056451E-0002   0.1978958E-0001  -0.7447979E-0003   0.4588505E-0002  -0.2696324E-0001   0.2766468E-0001
     9.23200  -0.9000520E-0003   0.1954991E-0001  -0.7080656E-0003   0.4591534E-0002  -0.2673986E-0001   0.2792277E-0001
     9.24000  -0.7458108E-0003   0.1928014E-0001  -0.6713054E-0003   0.4595028E-0002  -0.2651441E-0001   0.2818040E-0001
     9.24800  -0.5939712E-0003   0.1897995E-0001  -0.6345201E-0003   0.4598164E-0002  -0.2628691E-0001   0.2843833E-0001
     9.25600  -0.4447784E-0003   0.1864910E-0001  -0.5977200E-0003   0.4600004E-0002  -0.2605733E-0001   0.2869717E-0001
     9.26400  -0.2984787E-0003   0.1828746E-0001  -0.5609240E-0003   0.4599511E-0002  -0.2582567E-0001   0.2895727E-0001
     9.27200  -0.1553182E-0003   0.1789506E-0001  -0.5241593E-0003   0.4595578E-0002  -0.2559192E-0001   0.2921875E-0001
     9.28000  -0.1554160E-0004   0.1747207E-0001  -0.4874629E-0003   0.4587057E-0002  -0.2535607E-0001   0.2948141E-0001
     9.28800   0.1206093E-0003   0.1701886E-0001  -0.4508805E-0003   0.4572790E-0002  -0.2511811E-0001   0.2974476E-0001
     9.29600   0.2528974E-0003   0.1653602E-0001  -0.4144674E-0003   0.4551647E-0002  -0.2487805E-0001   0.3000796E-0001
     9.30400   0.3810922E-0003   0.1602434E-0001  -0.3782869E-0003   0.4522561E-0002  -0.2463589E-0001   0.3026986E-0001
     9.31200   0.5049712E-0003   0.1548488E-0001  -0.3424104E-0003   0.4484560E-0002  -0.2439166E-0001   0.3052901E-0001
     9.32000   0.6243229E-0003   0.1491896E-0001  -0.3069159E-0003   0.4436806E-0002  -0.2414539E-0001   0.3078364E-0001
     9.32800   0.7389478E-0003   0.1432811E-0001  -0.2718870E-0003   0.4378614E-0002  -0.2389714E-0001   0.3103175E-0001
     9.33600   0.8486612E-0003   0.1371417E-0001  -0.2374112E-0003   0.4309478E-0002  -0.2364697E-0001   0.3127112E-0001
     9.34400   0.9532946E-0003   0.1307918E-0001  -0.2035785E-0003   0.4229084E-0002  -0.2339497E-0001   0.3149937E-0001
     9.35200   0.1052698E-0002   0.1242541E-0001  -0.1704799E-0003   0.4137323E-0002  -0.2314126E-0001   0.3171403E-0001
     9.36000   0.1146741E-0002   0.1175535E-0001  -0.1382057E-0003   0.4034284E-0002  -0.2288596E-0001   0.3191256E-0001
     9.36800   0.1235314E-0002   0.1107165E-0001  -0.1068436E-0003   0.3920254E-0002  -0.2262922E-0001   0.3209248E-0001
     9.37600   0.1318331E-0002   0.1037712E-0001  -0.7647800E-0004   0.3795704E-0002  -0.2237121E-0001   0.3225138E-0001
     9.38400   0.1395728E-0002   0.9674641E-0002  -0.4718784E-0004   0.3661269E-0002  -0.2211211E-0001   0.3238701E-0001
     9.39200   0.1467465E-0002   0.8967194E-0002  -0.1904599E-0004   0.3517732E-0002  -0.2185213E-0001   0.3249733E-0001
     9.40000   0.1533528E-0002   0.8257762E-0002   0.7881944E-0005   0.3365991E-0002  -0.2159149E-0001   0.3258059E-0001
     9.40800   0.1593922E-0002   0.7549310E-0002   0.3353828E-0004   0.3207042E-0002  -0.2133041E-0001   0.3263535E-0001
     9.41600   0.1648680E-0002   0.6844735E-0002   0.5787383E-0004   0.3041943E-0002  -0.2106912E-0001   0.3266052E-0001
     9.42400   0.1697855E-0002   0.6146828E-0002   0.8084819E-0004   0.2871795E-0002  -0.2080788E-0001   0.3265543E-0001
     9.43200   0.1741520E-0002   0.5458226E-0002   0.1024299E-0003   0.2697712E-0002  -0.2054692E-0001   0.3261980E-0001
     9.44000   0.1779771E-0002   0.4781379E-0002   0.1225963E-0003   0.2520803E-0002  -0.2028649E-0001   0.3255378E-0001
     9.44800   0.1812720E-0002   0.4118518E-0002   0.1413335E-0003   0.2342151E-0002  -0.2002683E-0001   0.3245795E-0001
     9.45600   0.1840493E-0002   0.3471622E-0002   0.1586359E-0003   0.2162795E-0002  -0.1976816E-0001   0.3233328E-0001
     9.46400   0.1863232E-0002   0.2842400E-0002   0.1745056E-0003   0.1983721E-0002  -0.1951071E-0001   0.3218116E-0001
     9.47200   0.1881090E-0002   0.2232272E-0002   0.1889524E-0003   0.1805847E-0002  -0.1925468E-0001   0.3200329E-0001
     9.48000   0.1894229E-0002   0.1642361E-0002   0.2019926E-0003   0.1630020E-0002  -0.1900027E-0001   0.3180173E-0001
     9.48800   0.1902817E-0002   0.1073491E-0002   0.2136487E-0003   0.1457010E-0002  -0.1874764E-0001   0.3157878E-0001
     9.49600   0.1907026E-0002   0.5261889E-0003   0.2239487E-0003   0.1287508E-0002  -0.1849694E-0001   0.3133696E-0001
     9.50400   0.1907032E-0002   0.6971097E-0006   0.2329257E-0003   0.1122126E-0002  -0.1824831E-0001   0.3107897E-0001
     9.51200   0.1903008E-0002  -0.5030086E-0003   0.2406169E-0003   0.9613974E-0003  -0.1800185E-0001   0.3080761E-0001
     9.52000   0.1895126E-0002  -0.9851973E-0003   0.2470632E-0003   0.8057813E-0003  -0.1775765E-0001   0.3052572E-0001
     9.52800   0.1883555E-0002  -0.1446354E-0002   0.2523085E-0003   0.6556672E-0003  -0.1751576E-0001   0.3023616E-0001
     9.53600   0.1868458E-0002  -0.1887148E-0002   0.2563996E-0003   0.5113804E-0003  -0.1727622E-0001   0.2994171E-0001
     9.54400   0.1849991E-0002  -0.2308398E-0002   0.2593851E-0003   0.3731897E-0003  -0.1703906E-0001   0.2964507E-0001
     9.55200   0.1828303E-0002  -0.2711034E-0002   0.2613156E-0003   0.2413152E-0003  -0.1680427E-0001   0.2934880E-0001
     9.56000   0.1803534E-0002  -0.3096060E-0002   0.2622431E-0003   0.1159381E-0003  -0.1657183E-0001   0.2905530E-0001
     9.56800   0.1775818E-0002  -0.3464518E-0002   0.2622208E-0003  -0.2788403E-0005  -0.1634169E-0001   0.2876675E-0001
     9.57600   0.1745278E-0002  -0.3817449E-0002   0.2613030E-0003  -0.1147290E-0003  -0.1611381E-0001   0.2848513E-0001
     9.58400   0.1712032E-0002  -0.4155859E-0002   0.2595449E-0003  -0.2197542E-0003  -0.1588812E-0001   0.2821218E-0001
     9.59200   0.1676186E-0002  -0.4480695E-0002   0.2570031E-0003  -0.3177300E-0003  -0.1566452E-0001   0.2794943E-0001
     9.60000   0.1637844E-0002  -0.4792813E-0002   0.2537350E-0003  -0.4085072E-0003  -0.1544294E-0001   0.2769814E-0001
     9.60800   0.1597100E-0002  -0.5092961E-0002   0.2497997E-0003  -0.4919135E-0003  -0.1522326E-0001   0.2745937E-0001
     9.61600   0.1554046E-0002  -0.5381763E-0002   0.2452578E-0003  -0.5677463E-0003  -0.1500539E-0001   0.2723396E-0001
     9.62400   0.1508768E-0002  -0.5659711E-0002   0.2401716E-0003  -0.6357700E-0003  -0.1478921E-0001   0.2702255E-0001
     9.63200   0.1461351E-0002  -0.5927163E-0002   0.2346059E-0003  -0.6957147E-0003  -0.1457460E-0001   0.2682556E-0001
     9.64000   0.1411876E-0002  -0.6184346E-0002   0.2286276E-0003  -0.7472804E-0003  -0.1436146E-0001   0.2664329E-0001
     9.64800   0.1360425E-0002  -0.6431363E-0002   0.2223065E-0003  -0.7901438E-0003  -0.1414965E-0001   0.2647584E-0001
     9.65600   0.1307079E-0002  -0.6668211E-0002   0.2157147E-0003  -0.8239696E-0003  -0.1393907E-0001   0.2632320E-0001
     9.66400   0.1251921E-0002  -0.6894794E-0002   0.2089273E-0003  -0.8484246E-0003  -0.1372958E-0001   0.2618522E-0001
     9.67200   0.1195033E-0002  -0.7110951E-0002   0.2020218E-0003  -0.8631953E-0003  -0.1352109E-0001   0.2606164E-0001
     9.68000   0.1136502E-0002  -0.7316478E-0002   0.1950777E-0003  -0.8680071E-0003  -0.1331347E-0001   0.2595211E-0001
     9.68800   0.1076412E-0002  -0.7511154E-0002   0.1881765E-0003  -0.8626445E-0003  -0.1310662E-0001   0.2585617E-0001
     9.69600   0.1014854E-0002  -0.7694767E-0002   0.1814008E-0003  -0.8469708E-0003  -0.1290044E-0001   0.2577327E-0001
     9.70400   0.9519170E-0003  -0.7867146E-0002   0.1748332E-0003  -0.8209470E-0003  -0.1269482E-0001   0.2570278E-0001
     9.71200   0.8876916E-0003  -0.8028181E-0002   0.1685560E-0003  -0.7846471E-0003  -0.1248966E-0001   0.2564398E-0001
     9.72000   0.8222688E-0003  -0.8177849E-0002   0.1626499E-0003  -0.7382698E-0003  -0.1228490E-0001   0.2559606E-0001
     9.72800   0.7557389E-0003  -0.8316233E-0002   0.1571927E-0003  -0.6821450E-0003  -0.1208043E-0001   0.2555812E-0001
     9.73600   0.6881906E-0003  -0.8443538E-0002   0.1522588E-0003  -0.6167353E-0003  -0.1187620E-0001   0.2552914E-0001
     9.74400   0.6197098E-0003  -0.8560105E-0002   0.1479178E-0003  -0.5426305E-0003  -0.1167213E-0001   0.2550805E-0001
     9.75200   0.5503785E-0003  -0.8666415E-0002   0.1442335E-0003  -0.4605370E-0003  -0.1146818E-0001   0.2549364E-0001
     9.76000   0.4802737E-0003  -0.8763095E-0002   0.1412634E-0003  -0.3712603E-0003  -0.1126431E-0001   0.2548465E-0001
     9.76800   0.4094664E-0003  -0.8850914E-0002   0.1390579E-0003  -0.2756836E-0003  -0.1106047E-0001   0.2547970E-0001
     9.77600   0.3380202E-0003  -0.8930774E-0002   0.1376600E-0003  -0.1747417E-0003  -0.1085665E-0001   0.2547735E-0001
     9.78400   0.2659906E-0003  -0.9003704E-0002   0.1371049E-0003  -0.6939214E-0004  -0.1065284E-0001   0.2547608E-0001
     9.79200   0.1934238E-0003  -0.9070839E-0002   0.1374202E-0003   0.3941500E-0004  -0.1044905E-0001   0.2547435E-0001
     9.80000   0.1203566E-0003  -0.9133405E-0002   0.1386263E-0003   0.1507667E-0003  -0.1024528E-0001   0.2547057E-0001
     9.80800   0.4681503E-0004  -0.9192696E-0002   0.1407368E-0003   0.2638151E-0003  -0.1004158E-0001   0.2546317E-0001
     9.81600  -0.2718540E-0004  -0.9250053E-0002   0.1437593E-0003   0.3778025E-0003  -0.9837972E-0002   0.2545059E-0001
     9.82400  -0.1016401E-0003  -0.9306840E-0002   0.1476959E-0003   0.4920817E-0003  -0.9634521E-0002   0.2543135E-0001
     9.83200  -0.1765555E-0003  -0.9364420E-0002   0.1525450E-0003   0.6061308E-0003  -0.9431289E-0002   0.2540407E-0001
     9.84000  -0.2519485E-0003  -0.9424130E-0002   0.1583015E-0003   0.7195625E-0003  -0.9228349E-0002   0.2536749E-0001
     9.84800  -0.3278466E-0003  -0.9487263E-0002   0.1649585E-0003   0.8321263E-0003  -0.9025785E-0002   0.2532051E-0001
     9.85600  -0.4042870E-0003  -0.9555049E-0002   0.1725081E-0003   0.9437054E-0003  -0.8823687E-0002   0.2526226E-0001
     9.86400  -0.4813161E-0003  -0.9628633E-0002   0.1809426E-0003   0.1054307E-0002  -0.8622150E-0002   0.2519208E-0001
     9.87200  -0.5589887E-0003  -0.9709072E-0002   0.1902550E-0003   0.1164049E-0002  -0.8421274E-0002   0.2510957E-0001
     9.88000  -0.6373672E-0003  -0.9797317E-0002   0.2004401E-0003   0.1273142E-0002  -0.8221157E-0002   0.2501462E-0001
     9.88800  -0.7165209E-0003  -0.9894213E-0002   0.2114950E-0003   0.1381865E-0002  -0.8021897E-0002   0.2490743E-0001
     9.89600  -0.7965249E-0003  -0.1000050E-0001   0.2234194E-0003   0.1490552E-0002  -0.7823589E-0002   0.2478847E-0001
     9.90400  -0.8774593E-0003  -0.1011680E-0001   0.2362159E-0003   0.1599561E-0002  -0.7626321E-0002   0.2465855E-0001
     9.91200  -0.9594086E-0003  -0.1024366E-0001   0.2498900E-0003   0.1709259E-0002  -0.7430171E-0002   0.2451877E-0001
     9.92000  -0.1042461E-0002  -0.1038152E-0001   0.2644500E-0003   0.1820005E-0002  -0.7235207E-0002   0.2437051E-0001
     9.92800  -0.1126707E-0002  -0.1053075E-0001   0.2799071E-0003   0.1932128E-0002  -0.7041484E-0002   0.2421539E-0001
     9.93600  -0.1212240E-0002  -0.1069165E-0001   0.2962745E-0003   0.2045926E-0002  -0.6849041E-0002   0.2405528E-0001
     9.94400  -0.1299156E-0002  -0.1086448E-0001   0.3135677E-0003   0.2161652E-0002  -0.6657904E-0002   0.2389219E-0001
     9.95200  -0.1387552E-0002  -0.1104947E-0001   0.3318038E-0003   0.2279514E-0002  -0.6468078E-0002   0.2372830E-0001
     9.96000  -0.1477526E-0002  -0.1124684E-0001   0.3510012E-0003   0.2399674E-0002  -0.6279551E-0002   0.2356581E-0001
     9.96800  -0.1569181E-0002  -0.1145680E-0001   0.3711793E-0003   0.2522257E-0002  -0.6092295E-0002   0.2340698E-0001
     9.97600  -0.1662617E-0002  -0.1167956E-0001   0.3923580E-0003   0.2647349E-0002  -0.5906263E-0002   0.2325399E-0001
     9.98400  -0.1757940E-0002  -0.1191536E-0001   0.4145582E-0003   0.2775015E-0002  -0.5721392E-0002   0.2310890E-0001
     9.99200  -0.1855256E-0002  -0.1216446E-0001   0.4378005E-0003   0.2905297E-0002  -0.5537603E-0002   0.2297361E-0001
    10.00000  -0.1954673E-0002  -0.1242716E-0001   0.4621064E-0003   0.3038231E-0002  -0.5354805E-0002   0.2284977E-0001
    10.00800  -0.2056303E-0002  -0.1270376E-0001   0.4874971E-0003   0.3173844E-0002  -0.5172895E-0002   0.2273872E-0001
    10.01600  -0.2160260E-0002  -0.1299459E-0001   0.5139945E-0003   0.3312167E-0002  -0.4991763E-0002   0.2264150E-0001
    10.02400  -0.2266660E-0002  -0.1329997E-0001   0.5416203E-0003   0.3453228E-0002  -0.4811293E-0002   0.2255873E-0001
    10.03200  -0.2375621E-0002  -0.1362023E-0001   0.5703968E-0003   0.3597056E-0002  -0.4631368E-0002   0.2249062E-0001
    10.04000  -0.2487267E-0002  -0.1395567E-0001   0.6003461E-0003   0.3743671E-0002  -0.4451872E-0002   0.2243698E-0001
    10.04800  -0.2601719E-0002  -0.1430653E-0001   0.6314908E-0003   0.3893080E-0002  -0.4272695E-0002   0.2239715E-0001
    10.05600  -0.2719103E-0002  -0.1467299E-0001   0.6638528E-0003   0.4045260E-0002  -0.4093735E-0002   0.2237004E-0001
    10.06400  -0.2839544E-0002  -0.1505514E-0001   0.6974541E-0003   0.4200151E-0002  -0.3914902E-0002   0.2235414E-0001
    10.07200  -0.2963168E-0002  -0.1545293E-0001   0.7323152E-0003   0.4357636E-0002  -0.3736121E-0002   0.2234758E-0001
    10.08000  -0.3090097E-0002  -0.1586621E-0001   0.7684554E-0003   0.4517529E-0002  -0.3557336E-0002   0.2234810E-0001
    10.08800  -0.3220454E-0002  -0.1629463E-0001   0.8058918E-0003   0.4679555E-0002  -0.3378511E-0002   0.2235316E-0001
    10.09600  -0.3354356E-0002  -0.1673768E-0001   0.8446386E-0003   0.4843345E-0002  -0.3199631E-0002   0.2235998E-0001
    10.10400  -0.3491913E-0002  -0.1719465E-0001   0.8847059E-0003   0.5008416E-0002  -0.3020706E-0002   0.2236560E-0001
    10.11200  -0.3633230E-0002  -0.1766465E-0001   0.9260993E-0003   0.5174168E-0002  -0.2841771E-0002   0.2236696E-0001
    10.12000  -0.3778402E-0002  -0.1814654E-0001   0.9688183E-0003   0.5339876E-0002  -0.2662883E-0002   0.2236096E-0001
    10.12800  -0.3927515E-0002  -0.1863901E-0001   0.1012856E-0002   0.5504695E-0002  -0.2484126E-0002   0.2234457E-0001
    10.13600  -0.4080639E-0002  -0.1914053E-0001   0.1058197E-0002   0.5667657E-0002  -0.2305608E-0002   0.2231484E-0001
    10.14400  -0.4237834E-0002  -0.1964940E-0001   0.1104819E-0002   0.5827688E-0002  -0.2127455E-0002   0.2226906E-0001
    10.15200  -0.4399144E-0002  -0.2016372E-0001   0.1152688E-0002   0.5983615E-0002  -0.1949817E-0002   0.2220474E-0001
    10.16000  -0.4564596E-0002  -0.2068149E-0001   0.1201761E-0002   0.6134191E-0002  -0.1772859E-0002   0.2211972E-0001
    10.16800  -0.4734200E-0002  -0.2120056E-0001   0.1251986E-0002   0.6278111E-0002  -0.1596762E-0002   0.2201220E-0001
    10.17600  -0.4907950E-0002  -0.2171870E-0001   0.1303298E-0002   0.6414042E-0002  -0.1421716E-0002   0.2188078E-0001
    10.18400  -0.5085819E-0002  -0.2223366E-0001   0.1355623E-0002   0.6540650E-0002  -0.1247920E-0002   0.2172450E-0001
    10.19200  -0.5267765E-0002  -0.2274317E-0001   0.1408877E-0002   0.6656630E-0002  -0.1075577E-0002   0.2154284E-0001
    10.20000  -0.5453725E-0002  -0.2324500E-0001   0.1462962E-0002   0.6760737E-0002  -0.9048909E-0003   0.2133573E-0001
    10.20800  -0.5643621E-0002  -0.2373700E-0001   0.1517777E-0002   0.6851820E-0002  -0.7360625E-0003   0.2110355E-0001
    10.21600  -0.5837358E-0002  -0.2421714E-0001   0.1573208E-0002   0.6928849E-0002  -0.5692860E-0003   0.2084707E-0001
    10.22400  -0.6034826E-0002  -0.2468355E-0001   0.1629135E-0002   0.6990941E-0002  -0.4047462E-0003   0.2056747E-0001
    10.23200  -0.6235903E-0002  -0.2513457E-0001   0.1685434E-0002   0.7037395E-0002  -0.2426159E-0003   0.2026629E-0001
    10.24000  -0.6440453E-0002  -0.2556874E-0001   0.1741976E-0002   0.7067701E-0002  -0.8305329E-0004   0.1994532E-0001
    10.24800  -0.6648332E-0002  -0.2598491E-0001   0.1798629E-0002   0.7081569E-0002   0.7379966E-0004   0.1960662E-0001
    10.25600  -0.6859389E-0002  -0.2638215E-0001   0.1855260E-0002   0.7078933E-0002   0.2278188E-0003   0.1925240E-0001
    10.26400  -0.7073468E-0002  -0.2675986E-0001   0.1911740E-0002   0.7059963E-0002   0.3788986E-0003   0.1888497E-0001
    10.27200  -0.7290410E-0002  -0.2711774E-0001   0.1967940E-0002   0.7025064E-0002   0.5269523E-0003   0.1850671E-0001
    10.28000  -0.7510056E-0002  -0.2745579E-0001   0.2023739E-0002   0.6974869E-0002   0.6719116E-0003   0.1811992E-0001
    10.28800  -0.7732251E-0002  -0.2777431E-0001   0.2079021E-0002   0.6910231E-0002   0.8137262E-0003   0.1772683E-0001
    10.29600  -0.7956842E-0002  -0.2807389E-0001   0.2133679E-0002   0.6832204E-0002   0.9523623E-0003   0.1732951E-0001
    10.30400  -0.8183685E-0002  -0.2835537E-0001   0.2187615E-0002   0.6742017E-0002   0.1087801E-0002   0.1692981E-0001
    10.31200  -0.8412644E-0002  -0.2861986E-0001   0.2240743E-0002   0.6641052E-0002   0.1220035E-0002   0.1652934E-0001
    10.32000  -0.8643593E-0002  -0.2886866E-0001   0.2292990E-0002   0.6530805E-0002   0.1349071E-0002   0.1612939E-0001
    10.32800  -0.8876419E-0002  -0.2910324E-0001   0.2344293E-0002   0.6412853E-0002   0.1474918E-0002   0.1573096E-0001
    10.33600  -0.9111021E-0002  -0.2932520E-0001   0.2394603E-0002   0.6288816E-0002   0.1597596E-0002   0.1533470E-0001
    10.34400  -0.9347310E-0002  -0.2953624E-0001   0.2443886E-0002   0.6160314E-0002   0.1717123E-0002   0.1494092E-0001
    10.35200  -0.9585215E-0002  -0.2973808E-0001   0.2492117E-0002   0.6028928E-0002   0.1833520E-0002   0.1454960E-0001
    10.36000  -0.9824675E-0002  -0.2993244E-0001   0.2539286E-0002   0.5896162E-0002   0.1946803E-0002   0.1416041E-0001
    10.36800  -0.1006564E-0001  -0.3012101E-0001   0.2585394E-0002   0.5763404E-0002   0.2056985E-0002   0.1377272E-0001
    10.37600  -0.1030809E-0001  -0.3030535E-0001   0.2630449E-0002   0.5631896E-0002   0.2164071E-0002   0.1338568E-0001
    10.38400  -0.1055198E-0001  -0.3048689E-0001   0.2674470E-0002   0.5502705E-0002   0.2268056E-0002   0.1299822E-0001
    10.39200  -0.1079732E-0001  -0.3066689E-0001   0.2717484E-0002   0.5376700E-0002   0.2368929E-0002   0.1260912E-0001
    10.40000  -0.1104409E-0001  -0.3084637E-0001   0.2759520E-0002   0.5254539E-0002   0.2466666E-0002   0.1221706E-0001
    10.40800  -0.1129230E-0001  -0.3102612E-0001   0.2800614E-0002   0.5136658E-0002   0.2561231E-0002   0.1182069E-0001
    10.41600  -0.1154195E-0001  -0.3120666E-0001   0.2840800E-0002   0.5023276E-0002   0.2652581E-0002   0.1141871E-0001
    10.42400  -0.1179305E-0001  -0.3138822E-0001   0.2880115E-0002   0.4914395E-0002   0.2740660E-0002   0.1100987E-0001
    10.43200  -0.1204562E-0001  -0.3157073E-0001   0.2918594E-0002   0.4809822E-0002   0.2825405E-0002   0.1059309E-0001
    10.44000  -0.1229965E-0001  -0.3175381E-0001   0.2956267E-0002   0.4709185E-0002   0.2906745E-0002   0.1016748E-0001
    10.44800  -0.1255515E-0001  -0.3193678E-0001   0.2993163E-0002   0.4611960E-0002   0.2984604E-0002   0.9732375E-0002
    10.45600  -0.1281209E-0001  -0.3211866E-0001   0.3029303E-0002   0.4517505E-0002   0.3058903E-0002   0.9287420E-0002
    10.46400  -0.1307048E-0001  -0.3229821E-0001   0.3064703E-0002   0.4425093E-0002   0.3129563E-0002   0.8832553E-0002
    10.47200  -0.1333027E-0001  -0.3247392E-0001   0.3099375E-0002   0.4333947E-0002   0.3196508E-0002   0.8368048E-0002
    10.48000  -0.1359142E-0001  -0.3264405E-0001   0.3133321E-0002   0.4243276E-0002   0.3259664E-0002   0.7894519E-0002
    10.48800  -0.1385388E-0001  -0.3280666E-0001   0.3166540E-0002   0.4152313E-0002   0.3318967E-0002   0.7412918E-0002
    10.49600  -0.1411755E-0001  -0.3295964E-0001   0.3199022E-0002   0.4060342E-0002   0.3374363E-0002   0.6924524E-0002
    10.50400  -0.1438236E-0001  -0.3310078E-0001   0.3230756E-0002   0.3966732E-0002   0.3425811E-0002   0.6430922E-0002
    10.51200  -0.1464818E-0001  -0.3322777E-0001   0.3261724E-0002   0.3870955E-0002   0.3473283E-0002   0.5933967E-0002
    10.52000  -0.1491489E-0001  -0.3333825E-0001   0.3291905E-0002   0.3772605E-0002   0.3516769E-0002   0.5435748E-0002
    10.52800  -0.1518233E-0001  -0.3342989E-0001   0.3321276E-0002   0.3671411E-0002   0.3556277E-0002   0.4938539E-0002
    10.53600  -0.1545033E-0001  -0.3350040E-0001   0.3349814E-0002   0.3567237E-0002   0.3591835E-0002   0.4444744E-0002
    10.54400  -0.1571871E-0001  -0.3354757E-0001   0.3377495E-0002   0.3460086E-0002   0.3623490E-0002   0.3956841E-0002
    10.55200  -0.1598727E-0001  -0.3356933E-0001   0.3404295E-0002   0.3350089E-0002   0.3651308E-0002   0.3477321E-0002
    10.56000  -0.1625578E-0001  -0.3356377E-0001   0.3430195E-0002   0.3237494E-0002   0.3675377E-0002   0.3008629E-0002
    10.56800  -0.1652401E-0001  -0.3352920E-0001   0.3455177E-0002   0.3122650E-0002   0.3695802E-0002   0.2553102E-0002
    10.57600  -0.1679172E-0001  -0.3346415E-0001   0.3479224E-0002   0.3005987E-0002   0.3712705E-0002   0.2112914E-0002
    10.58400  -0.1705866E-0001  -0.3336741E-0001   0.3502328E-0002   0.2887994E-0002   0.3726225E-0002   0.1690023E-0002
    10.59200  -0.1732457E-0001  -0.3323804E-0001   0.3524482E-0002   0.2769200E-0002   0.3736514E-0002   0.1286127E-0002
    10.60000  -0.1758917E-0001  -0.3307542E-0001   0.3545683E-0002   0.2650148E-0002   0.3743735E-0002   0.9026242E-0003
    10.60800  -0.1785220E-0001  -0.3287922E-0001   0.3565934E-0002   0.2531380E-0002   0.3748060E-0002   0.5405792E-0003
    10.61600  -0.1811340E-0001  -0.3264942E-0001   0.3585242E-0002   0.2413412E-0002   0.3749666E-0002   0.2007055E-0003
    10.62400  -0.1837249E-0001  -0.3238631E-0001   0.3603615E-0002   0.2296722E-0002   0.3748733E-0002  -0.1166496E-0003
    10.63200  -0.1862921E-0001  -0.3209051E-0001   0.3621069E-0002   0.2181738E-0002   0.3745440E-0002  -0.4115078E-0003
    10.64000  -0.1888332E-0001  -0.3176290E-0001   0.3637620E-0002   0.2068825E-0002   0.3739966E-0002  -0.6842535E-0003
    10.64800  -0.1913456E-0001  -0.3140467E-0001   0.3653286E-0002   0.1958278E-0002   0.3732481E-0002  -0.9356193E-0003
    10.65600  -0.1938269E-0001  -0.3101728E-0001   0.3668089E-0002   0.1850321E-0002   0.3723148E-0002  -0.1166662E-0002
    10.66400  -0.1962751E-0001  -0.3060242E-0001   0.3682049E-0002   0.1745099E-0002   0.3712118E-0002  -0.1378734E-0002
    10.67200  -0.1986881E-0001  -0.3016201E-0001   0.3695191E-0002   0.1642687E-0002   0.3699531E-0002  -0.1573442E-0002
    10.68000  -0.2010639E-0001  -0.2969816E-0001   0.3707536E-0002   0.1543081E-0002   0.3685510E-0002  -0.1752612E-0002
    10.68800  -0.2034010E-0001  -0.2921316E-0001   0.3719105E-0002   0.1446208E-0002   0.3670164E-0002  -0.1918235E-0002
    10.69600  -0.2056977E-0001  -0.2870942E-0001   0.3729921E-0002   0.1351927E-0002   0.3653585E-0002  -0.2072425E-0002
    10.70400  -0.2079529E-0001  -0.2818948E-0001   0.3740001E-0002   0.1260030E-0002   0.3635846E-0002  -0.2217366E-0002
    10.71200  -0.2101654E-0001  -0.2765595E-0001   0.3749363E-0002   0.1170251E-0002   0.3617004E-0002  -0.2355263E-0002
    10.72000  -0.2123343E-0001  -0.2711148E-0001   0.3758021E-0002   0.1082263E-0002   0.3597097E-0002  -0.2488293E-0002
    10.72800  -0.2144590E-0001  -0.2655874E-0001   0.3765987E-0002   0.9956897E-0003   0.3576149E-0002  -0.2618560E-0002
    10.73600  -0.2165390E-0001  -0.2600040E-0001   0.3773267E-0002   0.9101033E-0003   0.3554164E-0002  -0.2748054E-0002
    10.74400  -0.2185742E-0001  -0.2543908E-0001   0.3779868E-0002   0.8250347E-0003   0.3531135E-0002  -0.2878610E-0002
    10.75200  -0.2205643E-0001  -0.2487735E-0001   0.3785787E-0002   0.7399779E-0003   0.3507040E-0002  -0.3011880E-0002
    10.76000  -0.2225098E-0001  -0.2431767E-0001   0.3791023E-0002   0.6543985E-0003   0.3481846E-0002  -0.3149302E-0002
    10.76800  -0.2244108E-0001  -0.2376240E-0001   0.3795565E-0002   0.5677430E-0003   0.3455509E-0002  -0.3292081E-0002
    10.77600  -0.2262679E-0001  -0.2321377E-0001   0.3799400E-0002   0.4794502E-0003   0.3427980E-0002  -0.3441179E-0002
    10.78400  -0.2280818E-0001  -0.2267385E-0001   0.3802512E-0002   0.3889648E-0003   0.3399201E-0002  -0.3597301E-0002
    10.79200  -0.2298533E-0001  -0.2214452E-0001   0.3804878E-0002   0.2957521E-0003   0.3369114E-0002  -0.3760898E-0002
    10.80000  -0.2315835E-0001  -0.2162752E-0001   0.3806472E-0002   0.1993143E-0003   0.3337657E-0002  -0.3932171E-0002
    10.80800  -0.2332735E-0001  -0.2112435E-0001   0.3807266E-0002   0.9920829E-0004   0.3304768E-0002  -0.4111082E-0002
    10.81600  -0.2349244E-0001  -0.2063632E-0001   0.3807227E-0002  -0.4936878E-0005   0.3270389E-0002  -0.4297367E-0002
    10.82400  -0.2365375E-0001  -0.2016452E-0001   0.3806319E-0002  -0.1134025E-0003   0.3234465E-0002  -0.4490556E-0002
    10.83200  -0.2381143E-0001  -0.1970981E-0001   0.3804508E-0002  -0.2263642E-0003   0.3196945E-0002  -0.4690000E-0002
    10.84000  -0.2396562E-0001  -0.1927284E-0001   0.3801757E-0002  -0.3438777E-0003   0.3157786E-0002  -0.4894891E-0002
    10.84800  -0.2411645E-0001  -0.1885400E-0001   0.3798031E-0002  -0.4658678E-0003   0.3116951E-0002  -0.5104294E-0002
    10.85600  -0.2426408E-0001  -0.1845350E-0001   0.3793294E-0002  -0.5921216E-0003   0.3074414E-0002  -0.5317175E-0002
    10.86400  -0.2440865E-0001  -0.1807127E-0001   0.3787515E-0002  -0.7222849E-0003   0.3030155E-0002  -0.5532429E-0002
    10.87200  -0.2455030E-0001  -0.1770706E-0001   0.3780668E-0002  -0.8558653E-0003   0.2984163E-0002  -0.5748913E-0002
    10.88000  -0.2468919E-0001  -0.1736041E-0001   0.3772730E-0002  -0.9922389E-0003   0.2936440E-0002  -0.5965468E-0002
    10.88800  -0.2482543E-0001  -0.1703064E-0001   0.3763685E-0002  -0.1130664E-0002   0.2886992E-0002  -0.6180950E-0002
    10.89600  -0.2495917E-0001  -0.1671689E-0001   0.3753523E-0002  -0.1270296E-0002   0.2835838E-0002  -0.6394252E-0002
    10.90400  -0.2509051E-0001  -0.1641815E-0001   0.3742241E-0002  -0.1410217E-0002   0.2783003E-0002  -0.6604329E-0002
    10.91200  -0.2521958E-0001  -0.1613324E-0001   0.3729845E-0002  -0.1549451E-0002   0.2728522E-0002  -0.6810210E-0002
    10.92000  -0.2534646E-0001  -0.1586084E-0001   0.3716349E-0002  -0.1687004E-0002   0.2672433E-0002  -0.7011019E-0002
    10.92800  -0.2547126E-0001  -0.1559954E-0001   0.3701774E-0002  -0.1821888E-0002   0.2614786E-0002  -0.7205986E-0002
    10.93600  -0.2559404E-0001  -0.1534784E-0001   0.3686149E-0002  -0.1953156E-0002   0.2555630E-0002  -0.7394454E-0002
    10.94400  -0.2571488E-0001  -0.1510418E-0001   0.3669510E-0002  -0.2079931E-0002   0.2495023E-0002  -0.7575887E-0002
    10.95200  -0.2583381E-0001  -0.1486697E-0001   0.3651898E-0002  -0.2201437E-0002   0.2433024E-0002  -0.7749868E-0002
    10.96000  -0.2595089E-0001  -0.1463459E-0001   0.3633362E-0002  -0.2317023E-0002   0.2369695E-0002  -0.7916103E-0002
    10.96800  -0.2606613E-0001  -0.1440548E-0001   0.3613952E-0002  -0.2426185E-0002   0.2305100E-0002  -0.8074412E-0002
    10.97600  -0.2617956E-0001  -0.1417811E-0001   0.3593724E-0002  -0.2528584E-0002   0.2239302E-0002  -0.8224725E-0002
    10.98400  -0.2629117E-0001  -0.1395103E-0001   0.3572731E-0002  -0.2624055E-0002   0.2172365E-0002  -0.8367070E-0002
    10.99200  -0.2640095E-0001  -0.1372289E-0001   0.3551030E-0002  -0.2712610E-0002   0.2104353E-0002  -0.8501566E-0002
    11.00000  -0.2650889E-0001  -0.1349246E-0001   0.3528675E-0002  -0.2794442E-0002   0.2035326E-0002  -0.8628404E-0002
    11.00800  -0.2661496E-0001  -0.1325869E-0001   0.3505716E-0002  -0.2869910E-0002   0.1965343E-0002  -0.8747835E-0002
    11.01600  -0.2671912E-0001  -0.1302065E-0001   0.3482199E-0002  -0.2939532E-0002   0.1894462E-0002  -0.8860155E-0002
    11.02400  -0.2682134E-0001  -0.1277763E-0001   0.3458168E-0002  -0.3003959E-0002   0.1822736E-0002  -0.8965683E-0002
    11.03200  -0.2692158E-0001  -0.1252909E-0001   0.3433656E-0002  -0.3063961E-0002   0.1750218E-0002  -0.9064750E-0002
    11.04000  -0.2701977E-0001  -0.1227470E-0001   0.3408693E-0002  -0.3120394E-0002   0.1676957E-0002  -0.9157677E-0002
    11.04800  -0.2711589E-0001  -0.1201434E-0001   0.3383299E-0002  -0.3174176E-0002   0.1602999E-0002  -0.9244758E-0002
    11.05600  -0.2720987E-0001  -0.1174807E-0001   0.3357489E-0002  -0.3226260E-0002   0.1528389E-0002  -0.9326247E-0002
    11.06400  -0.2730168E-0001  -0.1147618E-0001   0.3331269E-0002  -0.3277602E-0002   0.1453170E-0002  -0.9402341E-0002
    11.07200  -0.2739128E-0001  -0.1119912E-0001   0.3304635E-0002  -0.3329138E-0002   0.1377385E-0002  -0.9473166E-0002
    11.08000  -0.2747862E-0001  -0.1091753E-0001   0.3277581E-0002  -0.3381760E-0002   0.1301075E-0002  -0.9538766E-0002
    11.08800  -0.2756367E-0001  -0.1063219E-0001   0.3250091E-0002  -0.3436297E-0002   0.1224282E-0002  -0.9599094E-0002
    11.09600  -0.2764643E-0001  -0.1034403E-0001   0.3222143E-0002  -0.3493494E-0002   0.1147050E-0002  -0.9654006E-0002
    11.10400  -0.2772686E-0001  -0.1005410E-0001   0.3193711E-0002  -0.3554008E-0002   0.1069424E-0002  -0.9703257E-0002
    11.11200  -0.2780497E-0001  -0.9763512E-0002   0.3164764E-0002  -0.3618394E-0002   0.9914517E-0003  -0.9746500E-0002
    11.12000  -0.2788075E-0001  -0.9473458E-0002   0.3135267E-0002  -0.3687105E-0002   0.9131853E-0003  -0.9783290E-0002
    11.12800  -0.2795424E-0001  -0.9185158E-0002   0.3105183E-0002  -0.3760492E-0002   0.8346806E-0003  -0.9813089E-0002
    11.13600  -0.2802543E-0001  -0.8899841E-0002   0.3074473E-0002  -0.3838809E-0002   0.7559984E-0003  -0.9835276E-0002
    11.14400  -0.2809438E-0001  -0.8618713E-0002   0.3043095E-0002  -0.3922219E-0002   0.6772051E-0003  -0.9849159E-0002
    11.15200  -0.2816113E-0001  -0.8342937E-0002   0.3011008E-0002  -0.4010806E-0002   0.5983732E-0003  -0.9853994E-0002
    11.16000  -0.2822572E-0001  -0.8073605E-0002   0.2978172E-0002  -0.4104581E-0002   0.5195812E-0003  -0.9848996E-0002
    11.16800  -0.2828821E-0001  -0.7811722E-0002   0.2944544E-0002  -0.4203494E-0002   0.4409142E-0003  -0.9833369E-0002
    11.17600  -0.2834868E-0001  -0.7558181E-0002   0.2910084E-0002  -0.4307445E-0002   0.3624637E-0003  -0.9806321E-0002
    11.18400  -0.2840719E-0001  -0.7313751E-0002   0.2874754E-0002  -0.4416292E-0002   0.2843269E-0003  -0.9767091E-0002
    11.19200  -0.2846382E-0001  -0.7079065E-0002   0.2838515E-0002  -0.4529861E-0002   0.2066072E-0003  -0.9714973E-0002
    11.20000  -0.2851866E-0001  -0.6854607E-0002   0.2801331E-0002  -0.4647946E-0002   0.1294124E-0003  -0.9649343E-0002
    11.20800  -0.2857178E-0001  -0.6640705E-0002   0.2763169E-0002  -0.4770322E-0002   0.5285498E-0004  -0.9569678E-0002
    11.21600  -0.2862328E-0001  -0.6437532E-0002   0.2723995E-0002  -0.4896738E-0002  -0.2294969E-0004  -0.9475583E-0002
    11.22400  -0.2867324E-0001  -0.6245099E-0002   0.2683779E-0002  -0.5026926E-0002  -0.9788417E-0004  -0.9366810E-0002
    11.23200  -0.2872175E-0001  -0.6063259E-0002   0.2642495E-0002  -0.5160593E-0002  -0.1718304E-0003  -0.9243277E-0002
    11.24000  -0.2876888E-0001  -0.5891709E-0002   0.2600115E-0002  -0.5297430E-0002  -0.2446711E-0003  -0.9105083E-0002
    11.24800  -0.2881472E-0001  -0.5729997E-0002   0.2556618E-0002  -0.5437103E-0002  -0.3162912E-0003  -0.8952517E-0002
    11.25600  -0.2885934E-0001  -0.5577525E-0002   0.2511984E-0002  -0.5579257E-0002  -0.3865797E-0003  -0.8786068E-0002
    11.26400  -0.2890281E-0001  -0.5433563E-0002   0.2466196E-0002  -0.5723518E-0002  -0.4554312E-0003  -0.8606427E-0002
    11.27200  -0.2894519E-0001  -0.5297250E-0002   0.2419240E-0002  -0.5869492E-0002  -0.5227470E-0003  -0.8414483E-0002
    11.28000  -0.2898653E-0001  -0.5167610E-0002   0.2371106E-0002  -0.6016773E-0002  -0.5884376E-0003  -0.8211317E-0002
    11.28800  -0.2902688E-0001  -0.5043561E-0002   0.2321787E-0002  -0.6164944E-0002  -0.6524231E-0003  -0.7998190E-0002
    11.29600  -0.2906627E-0001  -0.4923920E-0002   0.2271278E-0002  -0.6313590E-0002  -0.7146353E-0003  -0.7776526E-0002
    11.30400  -0.2910473E-0001  -0.4807422E-0002   0.2219579E-0002  -0.6462300E-0002  -0.7750184E-0003  -0.7547891E-0002
    11.31200  -0.2914227E-0001  -0.4692727E-0002   0.2166694E-0002  -0.6610676E-0002  -0.8335302E-0003  -0.7313968E-0002
    11.32000  -0.2917890E-0001  -0.4578429E-0002   0.2112627E-0002  -0.6758347E-0002  -0.8901424E-0003  -0.7076529E-0002
    11.32800  -0.2921460E-0001  -0.4463072E-0002   0.2057388E-0002  -0.6904967E-0002  -0.9448416E-0003  -0.6837403E-0002
    11.33600  -0.2924936E-0001  -0.4345163E-0002   0.2000986E-0002  -0.7050231E-0002  -0.9976292E-0003  -0.6598443E-0002
    11.34400  -0.2928315E-0001  -0.4223178E-0002   0.1943435E-0002  -0.7193869E-0002  -0.1048521E-0002  -0.6361493E-0002
    11.35200  -0.2931591E-0001  -0.4095584E-0002   0.1884749E-0002  -0.7335653E-0002  -0.1097548E-0002  -0.6128355E-0002
    11.36000  -0.2934760E-0001  -0.3960847E-0002   0.1824946E-0002  -0.7475394E-0002  -0.1144754E-0002  -0.5900752E-0002
    11.36800  -0.2937814E-0001  -0.3817448E-0002   0.1764043E-0002  -0.7612934E-0002  -0.1190196E-0002  -0.5680300E-0002
    11.37600  -0.2940745E-0001  -0.3663902E-0002   0.1702058E-0002  -0.7748141E-0002  -0.1233944E-0002  -0.5468479E-0002
    11.38400  -0.2943544E-0001  -0.3498772E-0002   0.1639011E-0002  -0.7880898E-0002  -0.1276077E-0002  -0.5266606E-0002
    11.39200  -0.2946201E-0001  -0.3320689E-0002   0.1574922E-0002  -0.8011089E-0002  -0.1316684E-0002  -0.5075817E-0002
    11.40000  -0.2948703E-0001  -0.3128368E-0002   0.1509813E-0002  -0.8138590E-0002  -0.1355860E-0002  -0.4897048E-0002
    11.40800  -0.2951040E-0001  -0.2920628E-0002   0.1443707E-0002  -0.8263249E-0002  -0.1393708E-0002  -0.4731027E-0002
    11.41600  -0.2953197E-0001  -0.2696416E-0002   0.1376628E-0002  -0.8384882E-0002  -0.1430334E-0002  -0.4578269E-0002
    11.42400  -0.2955161E-0001  -0.2454821E-0002   0.1308602E-0002  -0.8503257E-0002  -0.1465847E-0002  -0.4439073E-0002
    11.43200  -0.2956917E-0001  -0.2195098E-0002   0.1239657E-0002  -0.8618089E-0002  -0.1500355E-0002  -0.4313536E-0002
    11.44000  -0.2958450E-0001  -0.1916688E-0002   0.1169825E-0002  -0.8729041E-0002  -0.1533968E-0002  -0.4201556E-0002
    11.44800  -0.2959746E-0001  -0.1619232E-0002   0.1099139E-0002  -0.8835719E-0002  -0.1566791E-0002  -0.4102858E-0002
    11.45600  -0.2960788E-0001  -0.1302594E-0002   0.1027638E-0002  -0.8937684E-0002  -0.1598927E-0002  -0.4017006E-0002
    11.46400  -0.2961561E-0001  -0.9668730E-0003   0.9553620E-0003  -0.9034460E-0002  -0.1630474E-0002  -0.3943434E-0002
    11.47200  -0.2962051E-0001  -0.6124157E-0003   0.8823576E-0003  -0.9125551E-0002  -0.1661526E-0002  -0.3881471E-0002
    11.48000  -0.2962243E-0001  -0.2398263E-0003   0.8086740E-0003  -0.9210457E-0002  -0.1692169E-0002  -0.3830370E-0002
    11.48800  -0.2962123E-0001   0.1500272E-0003   0.7343644E-0003  -0.9288698E-0002  -0.1722484E-0002  -0.3789335E-0002
    11.49600  -0.2961678E-0001   0.5560117E-0003   0.6594857E-0003  -0.9359830E-0002  -0.1752544E-0002  -0.3757553E-0002
    11.50400  -0.2960897E-0001   0.9767310E-0003   0.5840979E-0003  -0.9423473E-0002  -0.1782418E-0002  -0.3734220E-0002
    11.51200  -0.2959768E-0001   0.1410534E-0002   0.5082633E-0003  -0.9479328E-0002  -0.1812166E-0002  -0.3718564E-0002
    11.52000  -0.2958284E-0001   0.1855526E-0002   0.4320458E-0003  -0.9527189E-0002  -0.1841845E-0002  -0.3709871E-0002
    11.52800  -0.2956436E-0001   0.2309587E-0002   0.3555101E-0003  -0.9566963E-0002  -0.1871505E-0002  -0.3707495E-0002
    11.53600  -0.2954220E-0001   0.2770394E-0002   0.2787207E-0003  -0.9598670E-0002  -0.1901192E-0002  -0.3710881E-0002
    11.54400  -0.2951632E-0001   0.3235448E-0002   0.2017412E-0003  -0.9622448E-0002  -0.1930949E-0002  -0.3719564E-0002
    11.55200  -0.2948670E-0001   0.3702105E-0002   0.1246327E-0003  -0.9638550E-0002  -0.1960814E-0002  -0.3733175E-0002
    11.56000  -0.2945336E-0001   0.4167613E-0002   0.4745413E-0004  -0.9647327E-0002  -0.1990826E-0002  -0.3751443E-0002
    11.56800  -0.2941633E-0001   0.4629147E-0002  -0.2973963E-0004  -0.9649219E-0002  -0.2021019E-0002  -0.3774181E-0002
    11.57600  -0.2937566E-0001   0.5083857E-0002  -0.1068975E-0003  -0.9644733E-0002  -0.2051429E-0002  -0.3801277E-0002
    11.58400  -0.2933142E-0001   0.5528904E-0002  -0.1839729E-0003  -0.9634420E-0002  -0.2082091E-0002  -0.3832683E-0002
    11.59200  -0.2928373E-0001   0.5961508E-0002  -0.2609237E-0003  -0.9618848E-0002  -0.2113038E-0002  -0.3868388E-0002
    11.60000  -0.2923270E-0001   0.6378989E-0002  -0.3377123E-0003  -0.9598585E-0002  -0.2144305E-0002  -0.3908401E-0002
    11.60800  -0.2917847E-0001   0.6778809E-0002  -0.4143057E-0003  -0.9574168E-0002  -0.2175927E-0002  -0.3952729E-0002
    11.61600  -0.2912120E-0001   0.7158615E-0002  -0.4906744E-0003  -0.9546084E-0002  -0.2207938E-0002  -0.4001349E-0002
    11.62400  -0.2906107E-0001   0.7516268E-0002  -0.5667924E-0003  -0.9514758E-0002  -0.2240371E-0002  -0.4054187E-0002
    11.63200  -0.2899827E-0001   0.7849883E-0002  -0.6426367E-0003  -0.9480536E-0002  -0.2273260E-0002  -0.4111096E-0002
    11.64000  -0.2893301E-0001   0.8157851E-0002  -0.7181861E-0003  -0.9443678E-0002  -0.2306635E-0002  -0.4171834E-0002
    11.64800  -0.2886550E-0001   0.8438863E-0002  -0.7934210E-0003  -0.9404358E-0002  -0.2340523E-0002  -0.4236049E-0002
    11.65600  -0.2879596E-0001   0.8691921E-0002  -0.8683224E-0003  -0.9362667E-0002  -0.2374949E-0002  -0.4303263E-0002
    11.66400  -0.2872463E-0001   0.8916356E-0002  -0.9428713E-0003  -0.9318622E-0002  -0.2409932E-0002  -0.4372866E-0002
    11.67200  -0.2865174E-0001   0.9111820E-0002  -0.1017049E-0002  -0.9272174E-0002  -0.2445485E-0002  -0.4444111E-0002
    11.68000  -0.2857751E-0001   0.9278290E-0002  -0.1090835E-0002  -0.9223225E-0002  -0.2481614E-0002  -0.4516117E-0002
    11.68800  -0.2850218E-0001   0.9416056E-0002  -0.1164208E-0002  -0.9171646E-0002  -0.2518317E-0002  -0.4587873E-0002
    11.69600  -0.2842598E-0001   0.9525704E-0002  -0.1237146E-0002  -0.9117290E-0002  -0.2555583E-0002  -0.4658257E-0002
    11.70400  -0.2834911E-0001   0.9608097E-0002  -0.1309626E-0002  -0.9060011E-0002  -0.2593391E-0002  -0.4726048E-0002
    11.71200  -0.2827180E-0001   0.9664350E-0002  -0.1381624E-0002  -0.8999677E-0002  -0.2631711E-0002  -0.4789954E-0002
    11.72000  -0.2819423E-0001   0.9695800E-0002  -0.1453113E-0002  -0.8936185E-0002  -0.2670500E-0002  -0.4848639E-0002
    11.72800  -0.2811660E-0001   0.9703979E-0002  -0.1524069E-0002  -0.8869471E-0002  -0.2709706E-0002  -0.4900753E-0002
    11.73600  -0.2803907E-0001   0.9690574E-0002  -0.1594465E-0002  -0.8799515E-0002  -0.2749266E-0002  -0.4944970E-0002
    11.74400  -0.2796181E-0001   0.9657402E-0002  -0.1664276E-0002  -0.8726346E-0002  -0.2789106E-0002  -0.4980019E-0002
    11.75200  -0.2788496E-0001   0.9606368E-0002  -0.1733476E-0002  -0.8650045E-0002  -0.2829144E-0002  -0.5004728E-0002
    11.76000  -0.2780865E-0001   0.9539441E-0002  -0.1802042E-0002  -0.8570746E-0002  -0.2869288E-0002  -0.5018053E-0002
    11.76800  -0.2773298E-0001   0.9458616E-0002  -0.1869951E-0002  -0.8488626E-0002  -0.2909441E-0002  -0.5019120E-0002
    11.77600  -0.2765805E-0001   0.9365889E-0002  -0.1937182E-0002  -0.8403911E-0002  -0.2949499E-0002  -0.5007251E-0002
    11.78400  -0.2758395E-0001   0.9263234E-0002  -0.2003717E-0002  -0.8316863E-0002  -0.2989355E-0002  -0.4981995E-0002
    11.79200  -0.2751073E-0001   0.9152576E-0002  -0.2069539E-0002  -0.8227781E-0002  -0.3028900E-0002  -0.4943147E-0002
    11.80000  -0.2743844E-0001   0.9035779E-0002  -0.2134635E-0002  -0.8136989E-0002  -0.3068027E-0002  -0.4890767E-0002
    11.80800  -0.2736712E-0001   0.8914625E-0002  -0.2198994E-0002  -0.8044839E-0002  -0.3106628E-0002  -0.4825189E-0002
    11.81600  -0.2729680E-0001   0.8790811E-0002  -0.2262608E-0002  -0.7951702E-0002  -0.3144604E-0002  -0.4747022E-0002
    11.82400  -0.2722747E-0001   0.8665935E-0002  -0.2325471E-0002  -0.7857961E-0002  -0.3181861E-0002  -0.4657142E-0002
    11.83200  -0.2715914E-0001   0.8541500E-0002  -0.2387584E-0002  -0.7764013E-0002  -0.3218315E-0002  -0.4556682E-0002
    11.84000  -0.2709179E-0001   0.8418906E-0002  -0.2448946E-0002  -0.7670258E-0002  -0.3253891E-0002  -0.4447007E-0002
    11.84800  -0.2702539E-0001   0.8299458E-0002  -0.2509562E-0002  -0.7577097E-0002  -0.3288528E-0002  -0.4329688E-0002
    11.85600  -0.2695991E-0001   0.8184367E-0002  -0.2569442E-0002  -0.7484927E-0002  -0.3322180E-0002  -0.4206463E-0002
    11.86400  -0.2689532E-0001   0.8074756E-0002  -0.2628595E-0002  -0.7394128E-0002  -0.3354814E-0002  -0.4079203E-0002
    11.87200  -0.2683154E-0001   0.7971668E-0002  -0.2687035E-0002  -0.7305061E-0002  -0.3386413E-0002  -0.3949858E-0002
    11.88000  -0.2676853E-0001   0.7876066E-0002  -0.2744780E-0002  -0.7218055E-0002  -0.3416976E-0002  -0.3820418E-0002
    11.88800  -0.2670622E-0001   0.7788846E-0002  -0.2801847E-0002  -0.7133397E-0002  -0.3446519E-0002  -0.3692857E-0002
    11.89600  -0.2664454E-0001   0.7710839E-0002  -0.2858258E-0002  -0.7051323E-0002  -0.3475071E-0002  -0.3569084E-0002
    11.90400  -0.2658339E-0001   0.7642810E-0002  -0.2914034E-0002  -0.6972008E-0002  -0.3502679E-0002  -0.3450898E-0002
    11.91200  -0.2652271E-0001   0.7585466E-0002  -0.2969198E-0002  -0.6895554E-0002  -0.3529398E-0002  -0.3339937E-0002
    11.92000  -0.2646240E-0001   0.7539451E-0002  -0.3023774E-0002  -0.6821985E-0002  -0.3555299E-0002  -0.3237639E-0002
    11.92800  -0.2640235E-0001   0.7505342E-0002  -0.3077784E-0002  -0.6751240E-0002  -0.3580461E-0002  -0.3145209E-0002
    11.93600  -0.2634248E-0001   0.7483649E-0002  -0.3131249E-0002  -0.6683169E-0002  -0.3604970E-0002  -0.3063583E-0002
    11.94400  -0.2628268E-0001   0.7474803E-0002  -0.3184190E-0002  -0.6617540E-0002  -0.3628917E-0002  -0.2993408E-0002
    11.95200  -0.2622285E-0001   0.7479148E-0002  -0.3236622E-0002  -0.6554037E-0002  -0.3652397E-0002  -0.2935031E-0002
    11.96000  -0.2616288E-0001   0.7496933E-0002  -0.3288560E-0002  -0.6492269E-0002  -0.3675505E-0002  -0.2888489E-0002
    11.96800  -0.2610265E-0001   0.7528298E-0002  -0.3340014E-0002  -0.6431789E-0002  -0.3698333E-0002  -0.2853514E-0002
    11.97600  -0.2604206E-0001   0.7573262E-0002  -0.3390991E-0002  -0.6372099E-0002  -0.3720970E-0002  -0.2829545E-0002
    11.98400  -0.2598101E-0001   0.7631714E-0002  -0.3441492E-0002  -0.6312676E-0002  -0.3743495E-0002  -0.2815744E-0002
    11.99200  -0.2591938E-0001   0.7703399E-0002  -0.3491516E-0002  -0.6252989E-0002  -0.3765984E-0002  -0.2811028E-0002
    12.00000  -0.2585708E-0001   0.7787912E-0002  -0.3541057E-0002  -0.6192517E-0002  -0.3788496E-0002  -0.2814098E-0002
    12.00800  -0.2579400E-0001   0.7884690E-0002  -0.3590103E-0002  -0.6130772E-0002  -0.3811084E-0002  -0.2823481E-0002
    12.01600  -0.2573006E-0001   0.7993006E-0002  -0.3638641E-0002  -0.6067314E-0002  -0.3833785E-0002  -0.2837575E-0002
    12.02400  -0.2566516E-0001   0.8111970E-0002  -0.3686655E-0002  -0.6001773E-0002  -0.3856622E-0002  -0.2854693E-0002
    12.03200  -0.2559924E-0001   0.8240534E-0002  -0.3734126E-0002  -0.5933854E-0002  -0.3879607E-0002  -0.2873112E-0002
    12.04000  -0.2553222E-0001   0.8377494E-0002  -0.3781033E-0002  -0.5863354E-0002  -0.3902736E-0002  -0.2891127E-0002
    12.04800  -0.2546405E-0001   0.8521504E-0002  -0.3827354E-0002  -0.5790161E-0002  -0.3925993E-0002  -0.2907094E-0002
    12.05600  -0.2539468E-0001   0.8671094E-0002  -0.3873068E-0002  -0.5714260E-0002  -0.3949349E-0002  -0.2919479E-0002
    12.06400  -0.2532408E-0001   0.8824685E-0002  -0.3918154E-0002  -0.5635724E-0002  -0.3972764E-0002  -0.2926900E-0002
    12.07200  -0.2525223E-0001   0.8980615E-0002  -0.3962592E-0002  -0.5554712E-0002  -0.3996189E-0002  -0.2928162E-0002
    12.08000  -0.2517914E-0001   0.9137165E-0002  -0.4006364E-0002  -0.5471457E-0002  -0.4019568E-0002  -0.2922293E-0002
    12.08800  -0.2510480E-0001   0.9292590E-0002  -0.4049454E-0002  -0.5386255E-0002  -0.4042836E-0002  -0.2908565E-0002
    12.09600  -0.2502924E-0001   0.9445149E-0002  -0.4091849E-0002  -0.5299448E-0002  -0.4065928E-0002  -0.2886511E-0002
    12.10400  -0.2495249E-0001   0.9593139E-0002  -0.4133541E-0002  -0.5211412E-0002  -0.4088776E-0002  -0.2855939E-0002
    12.11200  -0.2487461E-0001   0.9734925E-0002  -0.4174521E-0002  -0.5122543E-0002  -0.4111311E-0002  -0.2816927E-0002
    12.12000  -0.2479566E-0001   0.9868978E-0002  -0.4214787E-0002  -0.5033245E-0002  -0.4133470E-0002  -0.2769820E-0002
    12.12800  -0.2471571E-0001   0.9993903E-0002  -0.4254338E-0002  -0.4943915E-0002  -0.4155192E-0002  -0.2715214E-0002
    12.13600  -0.2463484E-0001   0.1010847E-0001  -0.4293178E-0002  -0.4854934E-0002  -0.4176423E-0002  -0.2653937E-0002
    12.14400  -0.2455315E-0001   0.1021163E-0001  -0.4331311E-0002  -0.4766661E-0002  -0.4197119E-0002  -0.2587014E-0002
    12.15200  -0.2447073E-0001   0.1030254E-0001  -0.4368746E-0002  -0.4679429E-0002  -0.4217244E-0002  -0.2515643E-0002
    12.16000  -0.2438768E-0001   0.1038061E-0001  -0.4405495E-0002  -0.4593536E-0002  -0.4236774E-0002  -0.2441146E-0002
    12.16800  -0.2430412E-0001   0.1044545E-0001  -0.4441569E-0002  -0.4509249E-0002  -0.4255693E-0002  -0.2364936E-0002
    12.17600  -0.2422014E-0001   0.1049694E-0001  -0.4476983E-0002  -0.4426802E-0002  -0.4274001E-0002  -0.2288469E-0002
    12.18400  -0.2413586E-0001   0.1053518E-0001  -0.4511754E-0002  -0.4346393E-0002  -0.4291706E-0002  -0.2213203E-0002
    12.19200  -0.2405138E-0001   0.1056051E-0001  -0.4545900E-0002  -0.4268192E-0002  -0.4308831E-0002  -0.2140554E-0002
    12.20000  -0.2396679E-0001   0.1057351E-0001  -0.4579438E-0002  -0.4192338E-0002  -0.4325406E-0002  -0.2071855E-0002
    12.20800  -0.2388219E-0001   0.1057495E-0001  -0.4612390E-0002  -0.4118941E-0002  -0.4341472E-0002  -0.2008322E-0002
    12.21600  -0.2379766E-0001   0.1056576E-0001  -0.4644775E-0002  -0.4048087E-0002  -0.4357080E-0002  -0.1951018E-0002
    12.22400  -0.2371329E-0001   0.1054705E-0001  -0.4676613E-0002  -0.3979835E-0002  -0.4372287E-0002  -0.1900831E-0002
    12.23200  -0.2362913E-0001   0.1052003E-0001  -0.4707927E-0002  -0.3914220E-0002  -0.4387155E-0002  -0.1858450E-0002
    12.24000  -0.2354524E-0001   0.1048602E-0001  -0.4738737E-0002  -0.3851257E-0002  -0.4401750E-0002  -0.1824358E-0002
    12.24800  -0.2346167E-0001   0.1044636E-0001  -0.4769065E-0002  -0.3790936E-0002  -0.4416140E-0002  -0.1798818E-0002
    12.25600  -0.2337845E-0001   0.1040240E-0001  -0.4798931E-0002  -0.3733232E-0002  -0.4430395E-0002  -0.1781881E-0002
    12.26400  -0.2329560E-0001   0.1035549E-0001  -0.4828355E-0002  -0.3678103E-0002  -0.4444582E-0002  -0.1773393E-0002
    12.27200  -0.2321315E-0001   0.1030690E-0001  -0.4857359E-0002  -0.3625493E-0002  -0.4458766E-0002  -0.1773007E-0002
    12.28000  -0.2313109E-0001   0.1025777E-0001  -0.4885962E-0002  -0.3575339E-0002  -0.4473008E-0002  -0.1780207E-0002
    12.28800  -0.2304941E-0001   0.1020917E-0001  -0.4914183E-0002  -0.3527577E-0002  -0.4487363E-0002  -0.1794332E-0002
    12.29600  -0.2296812E-0001   0.1016196E-0001  -0.4942040E-0002  -0.3482142E-0002  -0.4501879E-0002  -0.1814607E-0002
    12.30400  -0.2288718E-0001   0.1011683E-0001  -0.4969552E-0002  -0.3438983E-0002  -0.4516601E-0002  -0.1840172E-0002
    12.31200  -0.2280659E-0001   0.1007430E-0001  -0.4996736E-0002  -0.3398061E-0002  -0.4531562E-0002  -0.1870119E-0002
    12.32000  -0.2272631E-0001   0.1003463E-0001  -0.5023611E-0002  -0.3359361E-0002  -0.4546790E-0002  -0.1903524E-0002
    12.32800  -0.2264633E-0001   0.9997903E-0002  -0.5050194E-0002  -0.3322893E-0002  -0.4562306E-0002  -0.1939482E-0002
    12.33600  -0.2256662E-0001   0.9963964E-0002  -0.5076504E-0002  -0.3288700E-0002  -0.4578123E-0002  -0.1977137E-0002
    12.34400  -0.2248716E-0001   0.9932452E-0002  -0.5102559E-0002  -0.3256853E-0002  -0.4594249E-0002  -0.2015712E-0002
    12.35200  -0.2240794E-0001   0.9902812E-0002  -0.5128378E-0002  -0.3227458E-0002  -0.4610685E-0002  -0.2054532E-0002
    12.36000  -0.2232894E-0001   0.9874306E-0002  -0.5153983E-0002  -0.3200650E-0002  -0.4627429E-0002  -0.2093043E-0002
    12.36800  -0.2225017E-0001   0.9846040E-0002  -0.5179396E-0002  -0.3176586E-0002  -0.4644476E-0002  -0.2130832E-0002
    12.37600  -0.2217164E-0001   0.9816995E-0002  -0.5204640E-0002  -0.3155443E-0002  -0.4661817E-0002  -0.2167631E-0002
    12.38400  -0.2209335E-0001   0.9786053E-0002  -0.5229739E-0002  -0.3137408E-0002  -0.4679444E-0002  -0.2203320E-0002
    12.39200  -0.2201533E-0001   0.9752033E-0002  -0.5254720E-0002  -0.3122666E-0002  -0.4697347E-0002  -0.2237933E-0002
    12.40000  -0.2193762E-0001   0.9713728E-0002  -0.5279611E-0002  -0.3111391E-0002  -0.4715520E-0002  -0.2271642E-0002
    12.40800  -0.2186026E-0001   0.9669941E-0002  -0.5304441E-0002  -0.3103736E-0002  -0.4733958E-0002  -0.2304749E-0002
    12.41600  -0.2178331E-0001   0.9619522E-0002  -0.5329240E-0002  -0.3099823E-0002  -0.4752659E-0002  -0.2337670E-0002
    12.42400  -0.2170682E-0001   0.9561398E-0002  -0.5354038E-0002  -0.3099732E-0002  -0.4771627E-0002  -0.2370913E-0002
    12.43200  -0.2163086E-0001   0.9494611E-0002  -0.5378866E-0002  -0.3103499E-0002  -0.4790867E-0002  -0.2405054E-0002
    12.44000  -0.2155551E-0001   0.9418345E-0002  -0.5403755E-0002  -0.3111105E-0002  -0.4810393E-0002  -0.2440713E-0002
    12.44800  -0.2148086E-0001   0.9331950E-0002  -0.5428734E-0002  -0.3122481E-0002  -0.4830221E-0002  -0.2478527E-0002
    12.45600  -0.2140698E-0001   0.9234960E-0002  -0.5453834E-0002  -0.3137503E-0002  -0.4850374E-0002  -0.2519120E-0002
    12.46400  -0.2133396E-0001   0.9127114E-0002  -0.5479082E-0002  -0.3155996E-0002  -0.4870879E-0002  -0.2563083E-0002
    12.47200  -0.2126189E-0001   0.9008359E-0002  -0.5504504E-0002  -0.3177741E-0002  -0.4891766E-0002  -0.2610940E-0002
    12.48000  -0.2119086E-0001   0.8878857E-0002  -0.5530124E-0002  -0.3202479E-0002  -0.4913071E-0002  -0.2663131E-0002
    12.48800  -0.2112095E-0001   0.8738979E-0002  -0.5555964E-0002  -0.3229924E-0002  -0.4934831E-0002  -0.2719992E-0002
    12.49600  -0.2105224E-0001   0.8589301E-0002  -0.5582042E-0002  -0.3259764E-0002  -0.4957085E-0002  -0.2781735E-0002
    12.50400  -0.2098479E-0001   0.8430590E-0002  -0.5608375E-0002  -0.3291674E-0002  -0.4979873E-0002  -0.2848438E-0002
    12.51200  -0.2091868E-0001   0.8263785E-0002  -0.5634978E-0002  -0.3325323E-0002  -0.5003233E-0002  -0.2920039E-0002
    12.52000  -0.2085396E-0001   0.8089972E-0002  -0.5661861E-0002  -0.3360380E-0002  -0.5027204E-0002  -0.2996327E-0002
    12.52800  -0.2079068E-0001   0.7910368E-0002  -0.5689033E-0002  -0.3396517E-0002  -0.5051819E-0002  -0.3076947E-0002
    12.53600  -0.2072887E-0001   0.7726283E-0002  -0.5716500E-0002  -0.3433416E-0002  -0.5077110E-0002  -0.3161409E-0002
    12.54400  -0.2066855E-0001   0.7539099E-0002  -0.5744266E-0002  -0.3470762E-0002  -0.5103103E-0002  -0.3249089E-0002
    12.55200  -0.2060975E-0001   0.7350234E-0002  -0.5772332E-0002  -0.3508251E-0002  -0.5129817E-0002  -0.3339251E-0002
    12.56000  -0.2055246E-0001   0.7161119E-0002  -0.5800697E-0002  -0.3545580E-0002  -0.5157266E-0002  -0.3431062E-0002
    12.56800  -0.2049668E-0001   0.6973164E-0002  -0.5829356E-0002  -0.3582447E-0002  -0.5185455E-0002  -0.3523608E-0002
    12.57600  -0.2044238E-0001   0.6787736E-0002  -0.5858305E-0002  -0.3618545E-0002  -0.5214382E-0002  -0.3615922E-0002
    12.58400  -0.2038953E-0001   0.6606134E-0002  -0.5887533E-0002  -0.3653559E-0002  -0.5244038E-0002  -0.3707003E-0002
    12.59200  -0.2033809E-0001   0.6429567E-0002  -0.5917031E-0002  -0.3687158E-0002  -0.5274405E-0002  -0.3795839E-0002
    12.60000  -0.2028802E-0001   0.6259143E-0002  -0.5946783E-0002  -0.3718998E-0002  -0.5305456E-0002  -0.3881433E-0002
    12.60800  -0.2023925E-0001   0.6095852E-0002  -0.5976772E-0002  -0.3748714E-0002  -0.5337159E-0002  -0.3962823E-0002
    12.61600  -0.2019173E-0001   0.5940559E-0002  -0.6006980E-0002  -0.3775925E-0002  -0.5369472E-0002  -0.4039104E-0002
    12.62400  -0.2014537E-0001   0.5794003E-0002  -0.6037382E-0002  -0.3800234E-0002  -0.5402347E-0002  -0.4109442E-0002
    12.63200  -0.2010012E-0001   0.5656794E-0002  -0.6067951E-0002  -0.3821232E-0002  -0.5435732E-0002  -0.4173091E-0002
    12.64000  -0.2005588E-0001   0.5529422E-0002  -0.6098659E-0002  -0.3838505E-0002  -0.5469567E-0002  -0.4229408E-0002
    12.64800  -0.2001259E-0001   0.5412260E-0002  -0.6129473E-0002  -0.3851640E-0002  -0.5503790E-0002  -0.4277853E-0002
    12.65600  -0.1997014E-0001   0.5305580E-0002  -0.6160354E-0002  -0.3860238E-0002  -0.5538334E-0002  -0.4317999E-0002
    12.66400  -0.1992847E-0001   0.5209562E-0002  -0.6191266E-0002  -0.3863916E-0002  -0.5573130E-0002  -0.4349532E-0002
    12.67200  -0.1988747E-0001   0.5124315E-0002  -0.6222164E-0002  -0.3862325E-0002  -0.5608108E-0002  -0.4372244E-0002
    12.68000  -0.1984707E-0001   0.5049888E-0002  -0.6253006E-0002  -0.3855152E-0002  -0.5643196E-0002  -0.4386034E-0002
    12.68800  -0.1980718E-0001   0.4986291E-0002  -0.6283743E-0002  -0.3842132E-0002  -0.5678323E-0002  -0.4390891E-0002
    12.69600  -0.1976771E-0001   0.4933510E-0002  -0.6314327E-0002  -0.3823056E-0002  -0.5713419E-0002  -0.4386888E-0002
    12.70400  -0.1972858E-0001   0.4891523E-0002  -0.6344709E-0002  -0.3797772E-0002  -0.5748412E-0002  -0.4374168E-0002
    12.71200  -0.1968970E-0001   0.4860313E-0002  -0.6374839E-0002  -0.3766190E-0002  -0.5783235E-0002  -0.4352931E-0002
    12.72000  -0.1965098E-0001   0.4839884E-0002  -0.6404665E-0002  -0.3728286E-0002  -0.5817823E-0002  -0.4323419E-0002
    12.72800  -0.1961234E-0001   0.4830266E-0002  -0.6434138E-0002  -0.3684097E-0002  -0.5852110E-0002  -0.4285900E-0002
    12.73600  -0.1957369E-0001   0.4831525E-0002  -0.6463208E-0002  -0.3633720E-0002  -0.5886035E-0002  -0.4240661E-0002
    12.74400  -0.1953494E-0001   0.4843766E-0002  -0.6491826E-0002  -0.3577306E-0002  -0.5919539E-0002  -0.4187989E-0002
    12.75200  -0.1949600E-0001   0.4867132E-0002  -0.6519947E-0002  -0.3515055E-0002  -0.5952564E-0002  -0.4128169E-0002
    12.76000  -0.1945678E-0001   0.4901805E-0002  -0.6547524E-0002  -0.3447212E-0002  -0.5985056E-0002  -0.4061468E-0002
    12.76800  -0.1941720E-0001   0.4947998E-0002  -0.6574517E-0002  -0.3374054E-0002  -0.6016961E-0002  -0.3988137E-0002
    12.77600  -0.1937715E-0001   0.5005948E-0002  -0.6600884E-0002  -0.3295886E-0002  -0.6048229E-0002  -0.3908406E-0002
    12.78400  -0.1933654E-0001   0.5075904E-0002  -0.6626588E-0002  -0.3213032E-0002  -0.6078808E-0002  -0.3822483E-0002
    12.79200  -0.1929528E-0001   0.5158119E-0002  -0.6651595E-0002  -0.3125830E-0002  -0.6108653E-0002  -0.3730557E-0002
    12.80000  -0.1925326E-0001   0.5252831E-0002  -0.6675872E-0002  -0.3034623E-0002  -0.6137715E-0002  -0.3632805E-0002
    12.80800  -0.1921038E-0001   0.5360254E-0002  -0.6699390E-0002  -0.2939755E-0002  -0.6165951E-0002  -0.3529397E-0002
    12.81600  -0.1916653E-0001   0.5480559E-0002  -0.6722122E-0002  -0.2841564E-0002  -0.6193315E-0002  -0.3420503E-0002
    12.82400  -0.1912162E-0001   0.5613863E-0002  -0.6744045E-0002  -0.2740382E-0002  -0.6219765E-0002  -0.3306309E-0002
    12.83200  -0.1907554E-0001   0.5760217E-0002  -0.6765137E-0002  -0.2636530E-0002  -0.6245261E-0002  -0.3187018E-0002
    12.84000  -0.1902818E-0001   0.5919588E-0002  -0.6785380E-0002  -0.2530314E-0002  -0.6269764E-0002  -0.3062870E-0002
    12.84800  -0.1897945E-0001   0.6091857E-0002  -0.6804756E-0002  -0.2422027E-0002  -0.6293237E-0002  -0.2934145E-0002
    12.85600  -0.1892923E-0001   0.6276807E-0002  -0.6823252E-0002  -0.2311944E-0002  -0.6315647E-0002  -0.2801174E-0002
    12.86400  -0.1887744E-0001   0.6474118E-0002  -0.6840854E-0002  -0.2200325E-0002  -0.6336961E-0002  -0.2664348E-0002
    12.87200  -0.1882397E-0001   0.6683369E-0002  -0.6857554E-0002  -0.2087411E-0002  -0.6357154E-0002  -0.2524122E-0002
    12.88000  -0.1876874E-0001   0.6904032E-0002  -0.6873341E-0002  -0.1973424E-0002  -0.6376203E-0002  -0.2381021E-0002
    12.88800  -0.1871166E-0001   0.7135482E-0002  -0.6888210E-0002  -0.1858569E-0002  -0.6394088E-0002  -0.2235633E-0002
    12.89600  -0.1865264E-0001   0.7377000E-0002  -0.6902154E-0002  -0.1743029E-0002  -0.6410797E-0002  -0.2088617E-0002
    12.90400  -0.1859162E-0001   0.7627780E-0002  -0.6915170E-0002  -0.1626966E-0002  -0.6426322E-0002  -0.1940692E-0002
    12.91200  -0.1852852E-0001   0.7886945E-0002  -0.6927254E-0002  -0.1510522E-0002  -0.6440663E-0002  -0.1792628E-0002
    12.92000  -0.1846329E-0001   0.8153553E-0002  -0.6938404E-0002  -0.1393815E-0002  -0.6453825E-0002  -0.1645240E-0002
    12.92800  -0.1839588E-0001   0.8426614E-0002  -0.6948620E-0002  -0.1276941E-0002  -0.6465820E-0002  -0.1499372E-0002
    12.93600  -0.1832624E-0001   0.8705105E-0002  -0.6957900E-0002  -0.1159970E-0002  -0.6476667E-0002  -0.1355881E-0002
    12.94400  -0.1825434E-0001   0.8987982E-0002  -0.6966243E-0002  -0.1042950E-0002  -0.6486392E-0002  -0.1215622E-0002
    12.95200  -0.1818014E-0001   0.9274198E-0002  -0.6973650E-0002  -0.9259030E-0003  -0.6495028E-0002  -0.1079431E-0002
    12.96000  -0.1810364E-0001   0.9562712E-0002  -0.6980121E-0002  -0.8088283E-0003  -0.6502612E-0002  -0.9481022E-0003
    12.96800  -0.1802482E-0001   0.9852506E-0002  -0.6985655E-0002  -0.6917028E-0003  -0.6509191E-0002  -0.8223738E-0003
    12.97600  -0.1794368E-0001   0.1014259E-0001  -0.6990250E-0002  -0.5744822E-0003  -0.6514815E-0002  -0.7029073E-0003
    12.98400  -0.1786022E-0001   0.1043202E-0001  -0.6993907E-0002  -0.4571038E-0003  -0.6519537E-0002  -0.5902723E-0003
    12.99200  -0.1777446E-0001   0.1071991E-0001  -0.6996623E-0002  -0.3394890E-0003  -0.6523416E-0002  -0.4849312E-0003
    13.00000  -0.1768642E-0001   0.1100539E-0001  -0.6998396E-0002  -0.2215466E-0003  -0.6526514E-0002  -0.3872274E-0003
    13.00800  -0.1759612E-0001   0.1128769E-0001  -0.6999221E-0002  -0.1031769E-0003  -0.6528893E-0002  -0.2973756E-0003
    13.01600  -0.1750359E-0001   0.1156607E-0001  -0.6999095E-0002   0.1572415E-0004  -0.6530617E-0002  -0.2154563E-0003
    13.02400  -0.1740887E-0001   0.1183985E-0001  -0.6998013E-0002   0.1352605E-0003  -0.6531748E-0002  -0.1414134E-0003
    13.03200  -0.1731201E-0001   0.1210841E-0001  -0.6995969E-0002   0.2555310E-0003  -0.6532348E-0002  -0.7505565E-0004
    13.04000  -0.1721304E-0001   0.1237116E-0001  -0.6992956E-0002   0.3766247E-0003  -0.6532477E-0002  -0.1606213E-0004
    13.04800  -0.1711202E-0001   0.1262755E-0001  -0.6988967E-0002   0.4986160E-0003  -0.6532189E-0002   0.3600864E-0004
    13.05600  -0.1700900E-0001   0.1287708E-0001  -0.6983994E-0002   0.6215601E-0003  -0.6531535E-0002   0.8170594E-0004
    13.06400  -0.1690404E-0001   0.1311927E-0001  -0.6978031E-0002   0.7454891E-0003  -0.6530562E-0002   0.1216709E-0003
    13.07200  -0.1679722E-0001   0.1335363E-0001  -0.6971067E-0002   0.8704076E-0003  -0.6529309E-0002   0.1566179E-0003
    13.08000  -0.1668858E-0001   0.1357972E-0001  -0.6963097E-0002   0.9962907E-0003  -0.6527810E-0002   0.1873134E-0003
    13.08800  -0.1657820E-0001   0.1379707E-0001  -0.6954112E-0002   0.1123081E-0002  -0.6526094E-0002   0.2145535E-0003
    13.09600  -0.1646616E-0001   0.1400524E-0001  -0.6944107E-0002   0.1250687E-0002  -0.6524181E-0002   0.2391403E-0003
    13.10400  -0.1635253E-0001   0.1420375E-0001  -0.6933075E-0002   0.1378984E-0002  -0.6522086E-0002   0.2618580E-0003
    13.11200  -0.1623739E-0001   0.1439215E-0001  -0.6921012E-0002   0.1507814E-0002  -0.6519818E-0002   0.2834502E-0003
    13.12000  -0.1612083E-0001   0.1456994E-0001  -0.6907917E-0002   0.1636985E-0002  -0.6517382E-0002   0.3045969E-0003
    13.12800  -0.1600294E-0001   0.1473665E-0001  -0.6893786E-0002   0.1766279E-0002  -0.6514774E-0002   0.3258948E-0003
    13.13600  -0.1588381E-0001   0.1489180E-0001  -0.6878623E-0002   0.1895448E-0002  -0.6511992E-0002   0.3478397E-0003
    13.14400  -0.1576353E-0001   0.1503490E-0001  -0.6862429E-0002   0.2024225E-0002  -0.6509025E-0002   0.3708113E-0003
    13.15200  -0.1564220E-0001   0.1516549E-0001  -0.6845210E-0002   0.2152324E-0002  -0.6505865E-0002   0.3950623E-0003
    13.16000  -0.1551994E-0001   0.1528310E-0001  -0.6826975E-0002   0.2279445E-0002  -0.6502499E-0002   0.4207108E-0003
    13.16800  -0.1539684E-0001   0.1538734E-0001  -0.6807733E-0002   0.2405282E-0002  -0.6498917E-0002   0.4477367E-0003
    13.17600  -0.1527302E-0001   0.1547781E-0001  -0.6787496E-0002   0.2529527E-0002  -0.6495109E-0002   0.4759829E-0003
    13.18400  -0.1514858E-0001   0.1555420E-0001  -0.6766281E-0002   0.2651873E-0002  -0.6491068E-0002   0.5051594E-0003
    13.19200  -0.1502365E-0001   0.1561625E-0001  -0.6744105E-0002   0.2772023E-0002  -0.6486789E-0002   0.5348523E-0003
    13.20000  -0.1489834E-0001   0.1566377E-0001  -0.6720988E-0002   0.2889687E-0002  -0.6482273E-0002   0.5645360E-0003
    13.20800  -0.1477277E-0001   0.1569668E-0001  -0.6696951E-0002   0.3004592E-0002  -0.6477524E-0002   0.5935886E-0003
    13.21600  -0.1464705E-0001   0.1571498E-0001  -0.6672019E-0002   0.3116485E-0002  -0.6472554E-0002   0.6213103E-0003
    13.22400  -0.1452130E-0001   0.1571878E-0001  -0.6646218E-0002   0.3225128E-0002  -0.6467378E-0002   0.6469436E-0003
    13.23200  -0.1439563E-0001   0.1570830E-0001  -0.6619576E-0002   0.3330307E-0002  -0.6462021E-0002   0.6696956E-0003
    13.24000  -0.1427016E-0001   0.1568387E-0001  -0.6592121E-0002   0.3431832E-0002  -0.6456511E-0002   0.6887606E-0003
    13.24800  -0.1414499E-0001   0.1564596E-0001  -0.6563885E-0002   0.3529533E-0002  -0.6450884E-0002   0.7033430E-0003
    13.25600  -0.1402023E-0001   0.1559512E-0001  -0.6534899E-0002   0.3623267E-0002  -0.6445182E-0002   0.7126803E-0003
    13.26400  -0.1389598E-0001   0.1553205E-0001  -0.6505195E-0002   0.3712911E-0002  -0.6439454E-0002   0.7160643E-0003
    13.27200  -0.1377232E-0001   0.1545752E-0001  -0.6474808E-0002   0.3798370E-0002  -0.6433751E-0002   0.7128604E-0003
    13.28000  -0.1364934E-0001   0.1537243E-0001  -0.6443772E-0002   0.3879573E-0002  -0.6428131E-0002   0.7025253E-0003
    13.28800  -0.1352711E-0001   0.1527773E-0001  -0.6412120E-0002   0.3956473E-0002  -0.6422654E-0002   0.6846213E-0003
    13.29600  -0.1340572E-0001   0.1517448E-0001  -0.6379887E-0002   0.4029052E-0002  -0.6417383E-0002   0.6588275E-0003
    13.30400  -0.1328521E-0001   0.1506378E-0001  -0.6347109E-0002   0.4097319E-0002  -0.6412384E-0002   0.6249477E-0003
    13.31200  -0.1316563E-0001   0.1494676E-0001  -0.6313818E-0002   0.4161311E-0002  -0.6407720E-0002   0.5829144E-0003
    13.32000  -0.1304704E-0001   0.1482459E-0001  -0.6280050E-0002   0.4221100E-0002  -0.6403458E-0002   0.5327896E-0003
    13.32800  -0.1292945E-0001   0.1469844E-0001  -0.6245835E-0002   0.4276790E-0002  -0.6399660E-0002   0.4747612E-0003
    13.33600  -0.1281289E-0001   0.1456949E-0001  -0.6211207E-0002   0.4328517E-0002  -0.6396387E-0002   0.4091368E-0003
    13.34400  -0.1269738E-0001   0.1443886E-0001  -0.6176196E-0002   0.4376456E-0002  -0.6393696E-0002   0.3363341E-0003
    13.35200  -0.1258292E-0001   0.1430765E-0001  -0.6140829E-0002   0.4420816E-0002  -0.6391641E-0002   0.2568681E-0003
    13.36000  -0.1246951E-0001   0.1417689E-0001  -0.6105134E-0002   0.4461844E-0002  -0.6390270E-0002   0.1713368E-0003
    13.36800  -0.1235713E-0001   0.1404755E-0001  -0.6069136E-0002   0.4499820E-0002  -0.6389627E-0002   0.8040499E-0004
    13.37600  -0.1224576E-0001   0.1392050E-0001  -0.6032855E-0002   0.4535055E-0002  -0.6389749E-0002  -0.1521399E-0004
    13.38400  -0.1213539E-0001   0.1379653E-0001  -0.5996312E-0002   0.4567890E-0002  -0.6390667E-0002  -0.1147757E-0003
    13.39200  -0.1202598E-0001   0.1367633E-0001  -0.5959523E-0002   0.4598688E-0002  -0.6392407E-0002  -0.2175228E-0003
    13.40000  -0.1191750E-0001   0.1356049E-0001  -0.5922500E-0002   0.4627829E-0002  -0.6394989E-0002  -0.3227028E-0003
    13.40800  -0.1180990E-0001   0.1344948E-0001  -0.5885254E-0002   0.4655700E-0002  -0.6398426E-0002  -0.4295837E-0003
    13.41600  -0.1170315E-0001   0.1334369E-0001  -0.5847793E-0002   0.4682692E-0002  -0.6402725E-0002  -0.5374692E-0003
    13.42400  -0.1159720E-0001   0.1324338E-0001  -0.5810119E-0002   0.4709185E-0002  -0.6407891E-0002  -0.6457109E-0003
    13.43200  -0.1149201E-0001   0.1314873E-0001  -0.5772235E-0002   0.4735541E-0002  -0.6413921E-0002  -0.7537181E-0003
    13.44000  -0.1138754E-0001   0.1305981E-0001  -0.5734138E-0002   0.4762095E-0002  -0.6420809E-0002  -0.8609658E-0003
    13.44800  -0.1128372E-0001   0.1297662E-0001  -0.5695825E-0002   0.4789145E-0002  -0.6428545E-0002  -0.9669988E-0003
    13.45600  -0.1118053E-0001   0.1289908E-0001  -0.5657290E-0002   0.4816942E-0002  -0.6437116E-0002  -0.1071434E-0002
    13.46400  -0.1107791E-0001   0.1282703E-0001  -0.5618524E-0002   0.4845681E-0002  -0.6446508E-0002  -0.1173959E-0002
    13.47200  -0.1097583E-0001   0.1276025E-0001  -0.5579520E-0002   0.4875498E-0002  -0.6456702E-0002  -0.1274328E-0002
    13.48000  -0.1087424E-0001   0.1269849E-0001  -0.5540268E-0002   0.4906460E-0002  -0.6467681E-0002  -0.1372359E-0002
    13.48800  -0.1077311E-0001   0.1264142E-0001  -0.5500760E-0002   0.4938564E-0002  -0.6479425E-0002  -0.1467921E-0002
    13.49600  -0.1067240E-0001   0.1258870E-0001  -0.5460986E-0002   0.4971731E-0002  -0.6491912E-0002  -0.1560928E-0002
    13.50400  -0.1057208E-0001   0.1253995E-0001  -0.5420940E-0002   0.5005810E-0002  -0.6505123E-0002  -0.1651328E-0002
    13.51200  -0.1047212E-0001   0.1249477E-0001  -0.5380615E-0002   0.5040579E-0002  -0.6519035E-0002  -0.1739089E-0002
    13.52000  -0.1037250E-0001   0.1245275E-0001  -0.5340009E-0002   0.5075742E-0002  -0.6533629E-0002  -0.1824193E-0002
    13.52800  -0.1027320E-0001   0.1241344E-0001  -0.5299121E-0002   0.5110944E-0002  -0.6548882E-0002  -0.1906618E-0002
    13.53600  -0.1017418E-0001   0.1237640E-0001  -0.5257955E-0002   0.5145770E-0002  -0.6564772E-0002  -0.1986331E-0002
    13.54400  -0.1007545E-0001   0.1234116E-0001  -0.5216517E-0002   0.5179758E-0002  -0.6581279E-0002  -0.2063281E-0002
    13.55200  -0.9976997E-0002   0.1230725E-0001  -0.5174818E-0002   0.5212405E-0002  -0.6598378E-0002  -0.2137385E-0002
    13.56000  -0.9878803E-0002   0.1227417E-0001  -0.5132873E-0002   0.5243183E-0002  -0.6616046E-0002  -0.2208528E-0002
    13.56800  -0.9780872E-0002   0.1224143E-0001  -0.5090700E-0002   0.5271545E-0002  -0.6634258E-0002  -0.2276556E-0002
    13.57600  -0.9683204E-0002   0.1220850E-0001  -0.5048325E-0002   0.5296942E-0002  -0.6652989E-0002  -0.2341276E-0002
    13.58400  -0.9585805E-0002   0.1217486E-0001  -0.5005774E-0002   0.5318834E-0002  -0.6672208E-0002  -0.2402454E-0002
    13.59200  -0.9488686E-0002   0.1213994E-0001  -0.4963080E-0002   0.5336703E-0002  -0.6691887E-0002  -0.2459823E-0002
    13.60000  -0.9391860E-0002   0.1210318E-0001  -0.4920280E-0002   0.5350065E-0002  -0.6711992E-0002  -0.2513085E-0002
    13.60800  -0.9295348E-0002   0.1206398E-0001  -0.4877412E-0002   0.5358484E-0002  -0.6732487E-0002  -0.2561918E-0002
    13.61600  -0.9199174E-0002   0.1202176E-0001  -0.4834519E-0002   0.5361579E-0002  -0.6753335E-0002  -0.2605988E-0002
    13.62400  -0.9103367E-0002   0.1197588E-0001  -0.4791647E-0002   0.5359040E-0002  -0.6774494E-0002  -0.2644958E-0002
    13.63200  -0.9007961E-0002   0.1192573E-0001  -0.4748842E-0002   0.5350631E-0002  -0.6795922E-0002  -0.2678499E-0002
    13.64000  -0.8912996E-0002   0.1187068E-0001  -0.4706152E-0002   0.5336202E-0002  -0.6817573E-0002  -0.2706305E-0002
    13.64800  -0.8818515E-0002   0.1181012E-0001  -0.4663627E-0002   0.5315688E-0002  -0.6839398E-0002  -0.2728105E-0002
    13.65600  -0.8724567E-0002   0.1174344E-0001  -0.4621314E-0002   0.5289119E-0002  -0.6861347E-0002  -0.2743671E-0002
    13.66400  -0.8631207E-0002   0.1167005E-0001  -0.4579261E-0002   0.5256618E-0002  -0.6883370E-0002  -0.2752838E-0002
    13.67200  -0.8538492E-0002   0.1158942E-0001  -0.4537514E-0002   0.5218398E-0002  -0.6905414E-0002  -0.2755507E-0002
    13.68000  -0.8446483E-0002   0.1150105E-0001  -0.4496116E-0002   0.5174763E-0002  -0.6927427E-0002  -0.2751657E-0002
    13.68800  -0.8355247E-0002   0.1140449E-0001  -0.4455107E-0002   0.5126099E-0002  -0.6949358E-0002  -0.2741354E-0002
    13.69600  -0.8264852E-0002   0.1129939E-0001  -0.4414524E-0002   0.5072870E-0002  -0.6971156E-0002  -0.2724753E-0002
    13.70400  -0.8175368E-0002   0.1118546E-0001  -0.4374399E-0002   0.5015607E-0002  -0.6992773E-0002  -0.2702098E-0002
    13.71200  -0.8086868E-0002   0.1106251E-0001  -0.4334760E-0002   0.4954899E-0002  -0.7014163E-0002  -0.2673730E-0002
    13.72000  -0.7999425E-0002   0.1093044E-0001  -0.4295629E-0002   0.4891380E-0002  -0.7035283E-0002  -0.2640075E-0002
    13.72800  -0.7913111E-0002   0.1078929E-0001  -0.4257023E-0002   0.4825717E-0002  -0.7056096E-0002  -0.2601645E-0002
    13.73600  -0.7827997E-0002   0.1063919E-0001  -0.4218954E-0002   0.4758598E-0002  -0.7076569E-0002  -0.2559026E-0002
    13.74400  -0.7744154E-0002   0.1048041E-0001  -0.4181429E-0002   0.4690715E-0002  -0.7096672E-0002  -0.2512871E-0002
    13.75200  -0.7661647E-0002   0.1031331E-0001  -0.4144446E-0002   0.4622756E-0002  -0.7116383E-0002  -0.2463885E-0002
    13.76000  -0.7580540E-0002   0.1013841E-0001  -0.4108003E-0002   0.4555386E-0002  -0.7135685E-0002  -0.2412813E-0002
    13.76800  -0.7500889E-0002   0.9956306E-0002  -0.4072089E-0002   0.4489240E-0002  -0.7154569E-0002  -0.2360426E-0002
    13.77600  -0.7422748E-0002   0.9767721E-0002  -0.4036690E-0002   0.4424907E-0002  -0.7173029E-0002  -0.2307501E-0002
    13.78400  -0.7346160E-0002   0.9573463E-0002  -0.4001787E-0002   0.4362921E-0002  -0.7191067E-0002  -0.2254812E-0002
    13.79200  -0.7271165E-0002   0.9374422E-0002  -0.3967357E-0002   0.4303756E-0002  -0.7208692E-0002  -0.2203106E-0002
    13.80000  -0.7197792E-0002   0.9171554E-0002  -0.3933374E-0002   0.4247812E-0002  -0.7225917E-0002  -0.2153095E-0002
    13.80800  -0.7126065E-0002   0.8965854E-0002  -0.3899811E-0002   0.4195413E-0002  -0.7242760E-0002  -0.2105438E-0002
    13.81600  -0.7055999E-0002   0.8758348E-0002  -0.3866637E-0002   0.4146804E-0002  -0.7259246E-0002  -0.2060730E-0002
    13.82400  -0.6987598E-0002   0.8550059E-0002  -0.3833819E-0002   0.4102145E-0002  -0.7275402E-0002  -0.2019491E-0002
    13.83200  -0.6920862E-0002   0.8341995E-0002  -0.3801327E-0002   0.4061513E-0002  -0.7291259E-0002  -0.1982159E-0002
    13.84000  -0.6855781E-0002   0.8135119E-0002  -0.3769128E-0002   0.4024901E-0002  -0.7306852E-0002  -0.1949082E-0002
    13.84800  -0.6792339E-0002   0.7930329E-0002  -0.3737190E-0002   0.3992224E-0002  -0.7322216E-0002  -0.1920517E-0002
    13.85600  -0.6730511E-0002   0.7728438E-0002  -0.3705484E-0002   0.3963319E-0002  -0.7337389E-0002  -0.1896627E-0002
    13.86400  -0.6670270E-0002   0.7530154E-0002  -0.3673980E-0002   0.3937953E-0002  -0.7352409E-0002  -0.1877487E-0002
    13.87200  -0.6611581E-0002   0.7336062E-0002  -0.3642653E-0002   0.3915832E-0002  -0.7367314E-0002  -0.1863084E-0002
    13.88000  -0.6554408E-0002   0.7146607E-0002  -0.3611481E-0002   0.3896605E-0002  -0.7382140E-0002  -0.1853327E-0002
    13.88800  -0.6498712E-0002   0.6962089E-0002  -0.3580442E-0002   0.3879879E-0002  -0.7396925E-0002  -0.1848053E-0002
    13.89600  -0.6444451E-0002   0.6782648E-0002  -0.3549520E-0002   0.3865224E-0002  -0.7411701E-0002  -0.1847043E-0002
    13.90400  -0.6391584E-0002   0.6608264E-0002  -0.3518702E-0002   0.3852188E-0002  -0.7426501E-0002  -0.1850026E-0002
    13.91200  -0.6340074E-0002   0.6438756E-0002  -0.3487980E-0002   0.3840306E-0002  -0.7441355E-0002  -0.1856700E-0002
    13.92000  -0.6289884E-0002   0.6273784E-0002  -0.3457347E-0002   0.3829116E-0002  -0.7456289E-0002  -0.1866740E-0002
    13.92800  -0.6240981E-0002   0.6112861E-0002  -0.3426802E-0002   0.3818165E-0002  -0.7471327E-0002  -0.1879813E-0002
    13.93600  -0.6193338E-0002   0.5955362E-0002  -0.3396345E-0002   0.3807024E-0002  -0.7486492E-0002  -0.1895592E-0002
    13.94400  -0.6146934E-0002   0.5800538E-0002  -0.3365983E-0002   0.3795299E-0002  -0.7501802E-0002  -0.1913766E-0002
    13.95200  -0.6101754E-0002   0.5647538E-0002  -0.3335722E-0002   0.3782638E-0002  -0.7517275E-0002  -0.1934054E-0002
    13.96000  -0.6057790E-0002   0.5495428E-0002  -0.3305572E-0002   0.3768743E-0002  -0.7532924E-0002  -0.1956212E-0002
    13.96800  -0.6015045E-0002   0.5343217E-0002  -0.3275545E-0002   0.3753371E-0002  -0.7548765E-0002  -0.1980041E-0002
    13.97600  -0.5973525E-0002   0.5189879E-0002  -0.3245654E-0002   0.3736348E-0002  -0.7564808E-0002  -0.2005391E-0002
    13.98400  -0.5933250E-0002   0.5034381E-0002  -0.3215914E-0002   0.3717562E-0002  -0.7581065E-0002  -0.2032169E-0002
    13.99200  -0.5894245E-0002   0.4875709E-0002  -0.3186338E-0002   0.3696973E-0002  -0.7597548E-0002  -0.2060334E-0002
    14.00000  -0.5856542E-0002   0.4712894E-0002  -0.3156941E-0002   0.3674607E-0002  -0.7614267E-0002  -0.2089900E-0002
    14.00800  -0.5820181E-0002   0.4545040E-0002  -0.3127737E-0002   0.3650555E-0002  -0.7631234E-0002  -0.2120927E-0002
    14.01600  -0.5785211E-0002   0.4371339E-0002  -0.3098737E-0002   0.3624970E-0002  -0.7648462E-0002  -0.2153523E-0002
    14.02400  -0.5751682E-0002   0.4191102E-0002  -0.3069952E-0002   0.3598058E-0002  -0.7665965E-0002  -0.2187828E-0002
    14.03200  -0.5719652E-0002   0.4003770E-0002  -0.3041392E-0002   0.3570070E-0002  -0.7683757E-0002  -0.2224012E-0002
    14.04000  -0.5689180E-0002   0.3808930E-0002  -0.3013061E-0002   0.3541300E-0002  -0.7701855E-0002  -0.2262260E-0002
    14.04800  -0.5660330E-0002   0.3606328E-0002  -0.2984965E-0002   0.3512064E-0002  -0.7720277E-0002  -0.2302762E-0002
    14.05600  -0.5633163E-0002   0.3395876E-0002  -0.2957103E-0002   0.3482702E-0002  -0.7739043E-0002  -0.2345704E-0002
    14.06400  -0.5607741E-0002   0.3177653E-0002  -0.2929475E-0002   0.3453560E-0002  -0.7758173E-0002  -0.2391253E-0002
    14.07200  -0.5584126E-0002   0.2951906E-0002  -0.2902075E-0002   0.3424982E-0002  -0.7777689E-0002  -0.2439548E-0002
    14.08000  -0.5562374E-0002   0.2719044E-0002  -0.2874897E-0002   0.3397302E-0002  -0.7797615E-0002  -0.2490692E-0002
    14.08800  -0.5542537E-0002   0.2479631E-0002  -0.2847930E-0002   0.3370833E-0002  -0.7817973E-0002  -0.2544739E-0002
    14.09600  -0.5524662E-0002   0.2234373E-0002  -0.2821163E-0002   0.3345861E-0002  -0.7838786E-0002  -0.2601690E-0002
    14.10400  -0.5508789E-0002   0.1984104E-0002  -0.2794582E-0002   0.3322640E-0002  -0.7860078E-0002  -0.2661489E-0002
    14.11200  -0.5494951E-0002   0.1729766E-0002  -0.2768171E-0002   0.3301380E-0002  -0.7881870E-0002  -0.2724017E-0002
    14.12000  -0.5483172E-0002   0.1472393E-0002  -0.2741913E-0002   0.3282252E-0002  -0.7904183E-0002  -0.2789093E-0002
    14.12800  -0.5473467E-0002   0.1213088E-0002  -0.2715790E-0002   0.3265376E-0002  -0.7927035E-0002  -0.2856476E-0002
    14.13600  -0.5465843E-0002   0.9529998E-0003  -0.2689783E-0002   0.3250827E-0002  -0.7950442E-0002  -0.2925869E-0002
    14.14400  -0.5460296E-0002   0.6933032E-0003  -0.2663874E-0002   0.3238628E-0002  -0.7974417E-0002  -0.2996922E-0002
    14.15200  -0.5456815E-0002   0.4351760E-0003  -0.2638044E-0002   0.3228755E-0002  -0.7998971E-0002  -0.3069246E-0002
    14.16000  -0.5455377E-0002   0.1797781E-0003  -0.2612275E-0002   0.3221138E-0002  -0.8024111E-0002  -0.3142418E-0002
    14.16800  -0.5455951E-0002  -0.7176808E-0004  -0.2586550E-0002   0.3215660E-0002  -0.8049839E-0002  -0.3215992E-0002
    14.17600  -0.5458498E-0002  -0.3183951E-0003  -0.2560852E-0002   0.3212164E-0002  -0.8076155E-0002  -0.3289516E-0002
    14.18400  -0.5462971E-0002  -0.5591062E-0003  -0.2535169E-0002   0.3210455E-0002  -0.8103055E-0002  -0.3362538E-0002
    14.19200  -0.5469315E-0002  -0.7929884E-0003  -0.2509486E-0002   0.3210303E-0002  -0.8130532E-0002  -0.3434625E-0002
    14.20000  -0.5477469E-0002  -0.1019222E-0002  -0.2483795E-0002   0.3211451E-0002  -0.8158575E-0002  -0.3505370E-0002
    14.20800  -0.5487365E-0002  -0.1237089E-0002  -0.2458086E-0002   0.3213616E-0002  -0.8187170E-0002  -0.3574408E-0002
    14.21600  -0.5498933E-0002  -0.1445975E-0002  -0.2432354E-0002   0.3216498E-0002  -0.8216302E-0002  -0.3641424E-0002
    14.22400  -0.5512096E-0002  -0.1645375E-0002  -0.2406596E-0002   0.3219784E-0002  -0.8245951E-0002  -0.3706165E-0002
    14.23200  -0.5526775E-0002  -0.1834889E-0002  -0.2380810E-0002   0.3223154E-0002  -0.8276099E-0002  -0.3768443E-0002
    14.24000  -0.5542889E-0002  -0.2014217E-0002  -0.2355000E-0002   0.3226285E-0002  -0.8306724E-0002  -0.3828142E-0002
    14.24800  -0.5560354E-0002  -0.2183158E-0002  -0.2329169E-0002   0.3228860E-0002  -0.8337805E-0002  -0.3885223E-0002
    14.25600  -0.5579087E-0002  -0.2341600E-0002  -0.2303325E-0002   0.3230571E-0002  -0.8369323E-0002  -0.3939718E-0002
    14.26400  -0.5599003E-0002  -0.2489508E-0002  -0.2277476E-0002   0.3231127E-0002  -0.8401257E-0002  -0.3991735E-0002
    14.27200  -0.5620019E-0002  -0.2626920E-0002  -0.2251634E-0002   0.3230256E-0002  -0.8433589E-0002  -0.4041449E-0002
    14.28000  -0.5642050E-0002  -0.2753932E-0002  -0.2225812E-0002   0.3227708E-0002  -0.8466301E-0002  -0.4089095E-0002
    14.28800  -0.5665015E-0002  -0.2870687E-0002  -0.2200026E-0002   0.3223266E-0002  -0.8499381E-0002  -0.4134960E-0002
    14.29600  -0.5688834E-0002  -0.2977370E-0002  -0.2174292E-0002   0.3216740E-0002  -0.8532816E-0002  -0.4179370E-0002
    14.30400  -0.5713428E-0002  -0.3074190E-0002  -0.2148628E-0002   0.3207977E-0002  -0.8566598E-0002  -0.4222681E-0002
    14.31200  -0.5738719E-0002  -0.3161380E-0002  -0.2123053E-0002   0.3196856E-0002  -0.8600720E-0002  -0.4265263E-0002
    14.32000  -0.5764632E-0002  -0.3239181E-0002  -0.2097587E-0002   0.3183292E-0002  -0.8635179E-0002  -0.4307484E-0002
    14.32800  -0.5791095E-0002  -0.3307842E-0002  -0.2072249E-0002   0.3167237E-0002  -0.8669977E-0002  -0.4349698E-0002
    14.33600  -0.5818036E-0002  -0.3367614E-0002  -0.2047060E-0002   0.3148673E-0002  -0.8705115E-0002  -0.4392230E-0002
    14.34400  -0.5845386E-0002  -0.3418744E-0002  -0.2022039E-0002   0.3127617E-0002  -0.8740598E-0002  -0.4435363E-0002
    14.35200  -0.5873078E-0002  -0.3461480E-0002  -0.1997206E-0002   0.3104112E-0002  -0.8776432E-0002  -0.4479322E-0002
    14.36000  -0.5901046E-0002  -0.3496066E-0002  -0.1972580E-0002   0.3078228E-0002  -0.8812627E-0002  -0.4524266E-0002
    14.36800  -0.5929228E-0002  -0.3522744E-0002  -0.1948179E-0002   0.3050057E-0002  -0.8849189E-0002  -0.4570278E-0002
    14.37600  -0.5957562E-0002  -0.3541762E-0002  -0.1924022E-0002   0.3019710E-0002  -0.8886128E-0002  -0.4617358E-0002
    14.38400  -0.5985989E-0002  -0.3553374E-0002  -0.1900123E-0002   0.2987311E-0002  -0.8923451E-0002  -0.4665419E-0002
    14.39200  -0.6014452E-0002  -0.3557847E-0002  -0.1876499E-0002   0.2952996E-0002  -0.8961165E-0002  -0.4714283E-0002
    14.40000  -0.6042896E-0002  -0.3555465E-0002  -0.1853164E-0002   0.2916907E-0002  -0.8999275E-0002  -0.4763684E-0002
    14.40800  -0.6071268E-0002  -0.3546536E-0002  -0.1830130E-0002   0.2879190E-0002  -0.9037781E-0002  -0.4813271E-0002
    14.41600  -0.6099519E-0002  -0.3531399E-0002  -0.1807411E-0002   0.2839991E-0002  -0.9076682E-0002  -0.4862613E-0002
    14.42400  -0.6127603E-0002  -0.3510427E-0002  -0.1785015E-0002   0.2799455E-0002  -0.9115971E-0002  -0.4911212E-0002
    14.43200  -0.6155475E-0002  -0.3484030E-0002  -0.1762953E-0002   0.2757721E-0002  -0.9155640E-0002  -0.4958508E-0002
    14.44000  -0.6183096E-0002  -0.3452662E-0002  -0.1741234E-0002   0.2714923E-0002  -0.9195671E-0002  -0.5003897E-0002
    14.44800  -0.6210431E-0002  -0.3416823E-0002  -0.1719864E-0002   0.2671187E-0002  -0.9236045E-0002  -0.5046743E-0002
    14.45600  -0.6237447E-0002  -0.3377057E-0002  -0.1698851E-0002   0.2626630E-0002  -0.9276736E-0002  -0.5086398E-0002
    14.46400  -0.6264119E-0002  -0.3333954E-0002  -0.1678200E-0002   0.2581359E-0002  -0.9317714E-0002  -0.5122212E-0002
    14.47200  -0.6290424E-0002  -0.3288147E-0002  -0.1657917E-0002   0.2535470E-0002  -0.9358942E-0002  -0.5153559E-0002
    14.48000  -0.6316347E-0002  -0.3240307E-0002  -0.1638004E-0002   0.2489050E-0002  -0.9400381E-0002  -0.5179846E-0002
    14.48800  -0.6341876E-0002  -0.3191141E-0002  -0.1618467E-0002   0.2442173E-0002  -0.9441985E-0002  -0.5200536E-0002
    14.49600  -0.6367007E-0002  -0.3141383E-0002  -0.1599308E-0002   0.2394901E-0002  -0.9483706E-0002  -0.5215158E-0002
    14.50400  -0.6391741E-0002  -0.3091788E-0002  -0.1580529E-0002   0.2347285E-0002  -0.9525493E-0002  -0.5223324E-0002
    14.51200  -0.6416086E-0002  -0.3043120E-0002  -0.1562134E-0002   0.2299367E-0002  -0.9567291E-0002  -0.5224740E-0002
    14.52000  -0.6440055E-0002  -0.2996147E-0002  -0.1544125E-0002   0.2251174E-0002  -0.9609045E-0002  -0.5219214E-0002
    14.52800  -0.6463668E-0002  -0.2951627E-0002  -0.1526503E-0002   0.2202726E-0002  -0.9650698E-0002  -0.5206665E-0002
    14.53600  -0.6486951E-0002  -0.2910301E-0002  -0.1509271E-0002   0.2154032E-0002  -0.9692195E-0002  -0.5187125E-0002
    14.54400  -0.6509934E-0002  -0.2872880E-0002  -0.1492430E-0002   0.2105093E-0002  -0.9733481E-0002  -0.5160742E-0002
    14.55200  -0.6532654E-0002  -0.2840035E-0002  -0.1475983E-0002   0.2055902E-0002  -0.9774503E-0002  -0.5127775E-0002
    14.56000  -0.6555153E-0002  -0.2812393E-0002  -0.1459931E-0002   0.2006448E-0002  -0.9815212E-0002  -0.5088595E-0002
    14.56800  -0.6577477E-0002  -0.2790520E-0002  -0.1444278E-0002   0.1956713E-0002  -0.9855561E-0002  -0.5043670E-0002
    14.57600  -0.6599677E-0002  -0.2774921E-0002  -0.1429024E-0002   0.1906682E-0002  -0.9895510E-0002  -0.4993563E-0002
    14.58400  -0.6621805E-0002  -0.2766030E-0002  -0.1414174E-0002   0.1856335E-0002  -0.9935021E-0002  -0.4938912E-0002
    14.59200  -0.6643919E-0002  -0.2764208E-0002  -0.1399728E-0002   0.1805656E-0002  -0.9974064E-0002  -0.4880421E-0002
    14.60000  -0.6666077E-0002  -0.2769737E-0002  -0.1385691E-0002   0.1754634E-0002  -0.1001262E-0001  -0.4818841E-0002
    14.60800  -0.6688339E-0002  -0.2782821E-0002  -0.1372065E-0002   0.1703262E-0002  -0.1005065E-0001  -0.4754956E-0002
    14.61600  -0.6710768E-0002  -0.2803585E-0002  -0.1358853E-0002   0.1651540E-0002  -0.1008817E-0001  -0.4689562E-0002
    14.62400  -0.6733424E-0002  -0.2832077E-0002  -0.1346057E-0002   0.1599475E-0002  -0.1012516E-0001  -0.4623452E-0002
    14.63200  -0.6756371E-0002  -0.2868270E-0002  -0.1333680E-0002   0.1547086E-0002  -0.1016162E-0001  -0.4557394E-0002
    14.64000  -0.6779667E-0002  -0.2912068E-0002  -0.1321725E-0002   0.1494396E-0002  -0.1019755E-0001  -0.4492121E-0002
    14.64800  -0.6803374E-0002  -0.2963312E-0002  -0.1310194E-0002   0.1441440E-0002  -0.1023298E-0001  -0.4428307E-0002
    14.65600  -0.6827548E-0002  -0.3021784E-0002  -0.1299088E-0002   0.1388259E-0002  -0.1026791E-0001  -0.4366559E-0002
    14.66400  -0.6852246E-0002  -0.3087215E-0002  -0.1288408E-0002   0.1334902E-0002  -0.1030237E-0001  -0.4307401E-0002
    14.67200  -0.6877520E-0002  -0.3159296E-0002  -0.1278157E-0002   0.1281422E-0002  -0.1033638E-0001  -0.4251265E-0002
    14.68000  -0.6903421E-0002  -0.3237681E-0002  -0.1268334E-0002   0.1227878E-0002  -0.1036997E-0001  -0.4198483E-0002
    14.68800  -0.6929997E-0002  -0.3321997E-0002  -0.1258939E-0002   0.1174331E-0002  -0.1040317E-0001  -0.4149281E-0002
    14.69600  -0.6957292E-0002  -0.3411852E-0002  -0.1249973E-0002   0.1120843E-0002  -0.1043600E-0001  -0.4103777E-0002
    14.70400  -0.6985347E-0002  -0.3506842E-0002  -0.1241433E-0002   0.1067479E-0002  -0.1046849E-0001  -0.4061979E-0002
    14.71200  -0.7014199E-0002  -0.3606558E-0002  -0.1233318E-0002   0.1014301E-0002  -0.1050068E-0001  -0.4023790E-0002
    14.72000  -0.7043884E-0002  -0.3710590E-0002  -0.1225627E-0002   0.9613700E-0003  -0.1053259E-0001  -0.3989012E-0002
    14.72800  -0.7074432E-0002  -0.3818533E-0002  -0.1218357E-0002   0.9087475E-0003  -0.1056425E-0001  -0.3957353E-0002
    14.73600  -0.7105872E-0002  -0.3929990E-0002  -0.1211505E-0002   0.8564926E-0003  -0.1059568E-0001  -0.3928438E-0002
    14.74400  -0.7138229E-0002  -0.4044578E-0002  -0.1205068E-0002   0.8046644E-0003  -0.1062689E-0001  -0.3901815E-0002
    14.75200  -0.7171524E-0002  -0.4161925E-0002  -0.1199042E-0002   0.7533215E-0003  -0.1065791E-0001  -0.3876975E-0002
    14.76000  -0.7205778E-0002  -0.4281673E-0002  -0.1193421E-0002   0.7025237E-0003  -0.1068874E-0001  -0.3853362E-0002
    14.76800  -0.7241006E-0002  -0.4403481E-0002  -0.1188203E-0002   0.6523319E-0003  -0.1071938E-0001  -0.3830386E-0002
    14.77600  -0.7277222E-0002  -0.4527018E-0002  -0.1183380E-0002   0.6028096E-0003  -0.1074984E-0001  -0.3807441E-0002
    14.78400  -0.7314437E-0002  -0.4651967E-0002  -0.1178948E-0002   0.5540226E-0003  -0.1078011E-0001  -0.3783917E-0002
    14.79200  -0.7352662E-0002  -0.4778021E-0002  -0.1174900E-0002   0.5060399E-0003  -0.1081019E-0001  -0.3759218E-0002
    14.80000  -0.7391901E-0002  -0.4904880E-0002  -0.1171228E-0002   0.4589328E-0003  -0.1084005E-0001  -0.3732770E-0002
    14.80800  -0.7432159E-0002  -0.5032252E-0002  -0.1167926E-0002   0.4127747E-0003  -0.1086968E-0001  -0.3704040E-0002
    14.81600  -0.7473438E-0002  -0.5159848E-0002  -0.1164985E-0002   0.3676397E-0003  -0.1089906E-0001  -0.3672541E-0002
    14.82400  -0.7515737E-0002  -0.5287380E-0002  -0.1162396E-0002   0.3236012E-0003  -0.1092816E-0001  -0.3637846E-0002
    14.83200  -0.7559053E-0002  -0.5414561E-0002  -0.1160150E-0002   0.2807301E-0003  -0.1095696E-0001  -0.3599592E-0002
    14.84000  -0.7603382E-0002  -0.5541105E-0002  -0.1158238E-0002   0.2390923E-0003  -0.1098542E-0001  -0.3557488E-0002
    14.84800  -0.7648716E-0002  -0.5666724E-0002  -0.1156648E-0002   0.1987469E-0003  -0.1101351E-0001  -0.3511318E-0002
    14.85600  -0.7695045E-0002  -0.5791130E-0002  -0.1155370E-0002   0.1597435E-0003  -0.1104120E-0001  -0.3460943E-0002
    14.86400  -0.7742357E-0002  -0.5914036E-0002  -0.1154393E-0002   0.1221202E-0003  -0.1106845E-0001  -0.3406298E-0002
    14.87200  -0.7790638E-0002  -0.6035156E-0002  -0.1153705E-0002   0.8590186E-0004  -0.1109523E-0001  -0.3347393E-0002
    14.88000  -0.7839872E-0002  -0.6154210E-0002  -0.1153297E-0002   0.5109845E-0004  -0.1112150E-0001  -0.3284306E-0002
    14.88800  -0.7890039E-0002  -0.6270924E-0002  -0.1153155E-0002   0.1770417E-0004  -0.1114724E-0001  -0.3217182E-0002
    14.89600  -0.7941120E-0002  -0.6385035E-0002  -0.1153269E-0002  -0.1430290E-0004  -0.1117241E-0001  -0.3146221E-0002
    14.90400  -0.7993090E-0002  -0.6496293E-0002  -0.1153629E-0002  -0.4496066E-0004  -0.1119698E-0001  -0.3071671E-0002
    14.91200  -0.8045926E-0002  -0.6604469E-0002  -0.1154224E-0002  -0.7432211E-0004  -0.1122093E-0001  -0.2993821E-0002
    14.92000  -0.8099601E-0002  -0.6709350E-0002  -0.1155043E-0002  -0.1024540E-0003  -0.1124424E-0001  -0.2912993E-0002
    14.92800  -0.8154087E-0002  -0.6810751E-0002  -0.1156079E-0002  -0.1294350E-0003  -0.1126687E-0001  -0.2829527E-0002
    14.93600  -0.8209355E-0002  -0.6908513E-0002  -0.1157322E-0002  -0.1553535E-0003  -0.1128882E-0001  -0.2743779E-0002
    14.94400  -0.8265375E-0002  -0.7002506E-0002  -0.1158764E-0002  -0.1803050E-0003  -0.1131007E-0001  -0.2656106E-0002
    14.95200  -0.8322116E-0002  -0.7092632E-0002  -0.1160399E-0002  -0.2043896E-0003  -0.1133061E-0001  -0.2566858E-0002
    14.96000  -0.8379546E-0002  -0.7178824E-0002  -0.1162221E-0002  -0.2277094E-0003  -0.1135042E-0001  -0.2476377E-0002
    14.96800  -0.8437635E-0002  -0.7261048E-0002  -0.1164224E-0002  -0.2503663E-0003  -0.1136950E-0001  -0.2384980E-0002
    14.97600  -0.8496349E-0002  -0.7339298E-0002  -0.1166403E-0002  -0.2724593E-0003  -0.1138784E-0001  -0.2292962E-0002
    14.98400  -0.8555658E-0002  -0.7413598E-0002  -0.1168756E-0002  -0.2940832E-0003  -0.1140545E-0001  -0.2200588E-0002
    14.99200  -0.8615530E-0002  -0.7483997E-0002  -0.1171279E-0002  -0.3153266E-0003  -0.1142231E-0001  -0.2108089E-0002
    15.00000  -0.8675934E-0002  -0.7550564E-0002  -0.1173969E-0002  -0.3362713E-0003  -0.1143844E-0001  -0.2015663E-0002
    15.00800  -0.8736841E-0002  -0.7613384E-0002  -0.1176825E-0002  -0.3569916E-0003  -0.1145382E-0001  -0.1923472E-0002
    15.01600  -0.8798222E-0002  -0.7672552E-0002  -0.1179845E-0002  -0.3775539E-0003  -0.1146848E-0001  -0.1831645E-0002
    15.02400  -0.8860047E-0002  -0.7728167E-0002  -0.1183029E-0002  -0.3980170E-0003  -0.1148240E-0001  -0.1740277E-0002
    15.03200  -0.8922290E-0002  -0.7780325E-0002  -0.1186377E-0002  -0.4184329E-0003  -0.1149559E-0001  -0.1649435E-0002
    15.04000  -0.8984923E-0002  -0.7829112E-0002  -0.1189888E-0002  -0.4388467E-0003  -0.1150807E-0001  -0.1559157E-0002
    15.04800  -0.9047920E-0002  -0.7874599E-0002  -0.1193562E-0002  -0.4592983E-0003  -0.1151982E-0001  -0.1469463E-0002
    15.05600  -0.9111254E-0002  -0.7916833E-0002  -0.1197401E-0002  -0.4798228E-0003  -0.1153087E-0001  -0.1380354E-0002
    15.06400  -0.9174901E-0002  -0.7955833E-0002  -0.1201404E-0002  -0.5004520E-0003  -0.1154120E-0001  -0.1291820E-0002
    15.07200  -0.9238834E-0002  -0.7991584E-0002  -0.1205574E-0002  -0.5212148E-0003  -0.1155083E-0001  -0.1203845E-0002
    15.08000  -0.9303026E-0002  -0.8024037E-0002  -0.1209911E-0002  -0.5421386E-0003  -0.1155976E-0001  -0.1116412E-0002
    15.08800  -0.9367451E-0002  -0.8053099E-0002  -0.1214417E-0002  -0.5632499E-0003  -0.1156800E-0001  -0.1029508E-0002
    15.09600  -0.9432080E-0002  -0.8078639E-0002  -0.1219094E-0002  -0.5845751E-0003  -0.1157554E-0001  -0.9431283E-0003
    15.10400  -0.9496884E-0002  -0.8100483E-0002  -0.1223943E-0002  -0.6061415E-0003  -0.1158240E-0001  -0.8572825E-0003
    15.11200  -0.9561831E-0002  -0.8118418E-0002  -0.1228967E-0002  -0.6279774E-0003  -0.1158858E-0001  -0.7719952E-0003
    15.12000  -0.9626889E-0002  -0.8132197E-0002  -0.1234168E-0002  -0.6501131E-0003  -0.1159408E-0001  -0.6873103E-0003
    15.12800  -0.9692021E-0002  -0.8141537E-0002  -0.1239548E-0002  -0.6725810E-0003  -0.1159890E-0001  -0.6032922E-0003
    15.13600  -0.9757190E-0002  -0.8146134E-0002  -0.1245111E-0002  -0.6954162E-0003  -0.1160306E-0001  -0.5200270E-0003
    15.14400  -0.9822355E-0002  -0.8145664E-0002  -0.1250861E-0002  -0.7186568E-0003  -0.1160656E-0001  -0.4376223E-0003
    15.15200  -0.9887474E-0002  -0.8139792E-0002  -0.1256799E-0002  -0.7423436E-0003  -0.1160941E-0001  -0.3562060E-0003
    15.16000  -0.9952499E-0002  -0.8128186E-0002  -0.1262932E-0002  -0.7665208E-0003  -0.1161162E-0001  -0.2759246E-0003
    15.16800  -0.1001738E-0001  -0.8110523E-0002  -0.1269262E-0002  -0.7912353E-0003  -0.1161320E-0001  -0.1969403E-0003
    15.17600  -0.1008208E-0001  -0.8086500E-0002  -0.1275794E-0002  -0.8165364E-0003  -0.1161415E-0001  -0.1194281E-0003
    15.18400  -0.1014652E-0001  -0.8055846E-0002  -0.1282534E-0002  -0.8424754E-0003  -0.1161450E-0001  -0.4357098E-0004
    15.19200  -0.1021067E-0001  -0.8018332E-0002  -0.1289486E-0002  -0.8691041E-0003  -0.1161426E-0001   0.3044409E-0004
    15.20000  -0.1027446E-0001  -0.7973779E-0002  -0.1296658E-0002  -0.8964740E-0003  -0.1161344E-0001   0.1024311E-0003
    15.20800  -0.1033784E-0001  -0.7922070E-0002  -0.1304055E-0002  -0.9246342E-0003  -0.1161206E-0001   0.1722103E-0003
    15.21600  -0.1040074E-0001  -0.7863156E-0002  -0.1311684E-0002  -0.9536298E-0003  -0.1161014E-0001   0.2396126E-0003
    15.22400  -0.1046312E-0001  -0.7797064E-0002  -0.1319552E-0002  -0.9834995E-0003  -0.1160771E-0001   0.3044853E-0003
    15.23200  -0.1052491E-0001  -0.7723898E-0002  -0.1327667E-0002  -0.1014273E-0002  -0.1160477E-0001   0.3666960E-0003
    15.24000  -0.1058606E-0001  -0.7643849E-0002  -0.1336034E-0002  -0.1045969E-0002  -0.1160136E-0001   0.4261371E-0003
    15.24800  -0.1064652E-0001  -0.7557189E-0002  -0.1344663E-0002  -0.1078591E-0002  -0.1159750E-0001   0.4827293E-0003
    15.25600  -0.1070623E-0001  -0.7464274E-0002  -0.1353560E-0002  -0.1112127E-0002  -0.1159321E-0001   0.5364244E-0003
    15.26400  -0.1076516E-0001  -0.7365543E-0002  -0.1362732E-0002  -0.1146545E-0002  -0.1158851E-0001   0.5872072E-0003
    15.27200  -0.1082325E-0001  -0.7261507E-0002  -0.1372187E-0002  -0.1181791E-0002  -0.1158343E-0001   0.6350972E-0003
    15.28000  -0.1088047E-0001  -0.7152749E-0002  -0.1381929E-0002  -0.1217790E-0002  -0.1157799E-0001   0.6801485E-0003
    15.28800  -0.1093679E-0001  -0.7039912E-0002  -0.1391965E-0002  -0.1254441E-0002  -0.1157221E-0001   0.7224493E-0003
    15.29600  -0.1099218E-0001  -0.6923686E-0002  -0.1402298E-0002  -0.1291621E-0002  -0.1156612E-0001   0.7621206E-0003
    15.30400  -0.1104662E-0001  -0.6804805E-0002  -0.1412931E-0002  -0.1329181E-0002  -0.1155972E-0001   0.7993136E-0003
    15.31200  -0.1110009E-0001  -0.6684024E-0002  -0.1423867E-0002  -0.1366948E-0002  -0.1155305E-0001   0.8342069E-0003
    15.32000  -0.1115259E-0001  -0.6562113E-0002  -0.1435104E-0002  -0.1404729E-0002  -0.1154611E-0001   0.8670021E-0003
    15.32800  -0.1120410E-0001  -0.6439841E-0002  -0.1446643E-0002  -0.1442314E-0002  -0.1153893E-0001   0.8979200E-0003
    15.33600  -0.1125465E-0001  -0.6317960E-0002  -0.1458479E-0002  -0.1479473E-0002  -0.1153151E-0001   0.9271953E-0003
    15.34400  -0.1130423E-0001  -0.6197193E-0002  -0.1470606E-0002  -0.1515968E-0002  -0.1152387E-0001   0.9550711E-0003
    15.35200  -0.1135285E-0001  -0.6078222E-0002  -0.1483019E-0002  -0.1551551E-0002  -0.1151602E-0001   0.9817941E-0003
    15.36000  -0.1140054E-0001  -0.5961672E-0002  -0.1495707E-0002  -0.1585973E-0002  -0.1150795E-0001   0.1007608E-0002
    15.36800  -0.1144733E-0001  -0.5848105E-0002  -0.1508659E-0002  -0.1618985E-0002  -0.1149969E-0001   0.1032750E-0002
    15.37600  -0.1149323E-0001  -0.5738003E-0002  -0.1521861E-0002  -0.1650344E-0002  -0.1149123E-0001   0.1057442E-0002
    15.38400  -0.1153829E-0001  -0.5631770E-0002  -0.1535300E-0002  -0.1679820E-0002  -0.1148258E-0001   0.1081889E-0002
    15.39200  -0.1158253E-0001  -0.5529716E-0002  -0.1548957E-0002  -0.1707199E-0002  -0.1147373E-0001   0.1106275E-0002
    15.40000  -0.1162598E-0001  -0.5432060E-0002  -0.1562816E-0002  -0.1732284E-0002  -0.1146468E-0001   0.1130756E-0002
    15.40800  -0.1166869E-0001  -0.5338927E-0002  -0.1576855E-0002  -0.1754906E-0002  -0.1145544E-0001   0.1155458E-0002
    15.41600  -0.1171070E-0001  -0.5250346E-0002  -0.1591054E-0002  -0.1774919E-0002  -0.1144599E-0001   0.1180477E-0002
    15.42400  -0.1175203E-0001  -0.5166256E-0002  -0.1605392E-0002  -0.1792209E-0002  -0.1143635E-0001   0.1205874E-0002
    15.43200  -0.1179272E-0001  -0.5086506E-0002  -0.1619846E-0002  -0.1806691E-0002  -0.1142649E-0001   0.1231678E-0002
    15.44000  -0.1183281E-0001  -0.5010868E-0002  -0.1634392E-0002  -0.1818315E-0002  -0.1141643E-0001   0.1257881E-0002
    15.44800  -0.1187232E-0001  -0.4939040E-0002  -0.1649009E-0002  -0.1827063E-0002  -0.1140615E-0001   0.1284443E-0002
    15.45600  -0.1191128E-0001  -0.4870661E-0002  -0.1663672E-0002  -0.1832950E-0002  -0.1139566E-0001   0.1311294E-0002
    15.46400  -0.1194973E-0001  -0.4805318E-0002  -0.1678360E-0002  -0.1836025E-0002  -0.1138496E-0001   0.1338333E-0002
    15.47200  -0.1198767E-0001  -0.4742559E-0002  -0.1693051E-0002  -0.1836367E-0002  -0.1137403E-0001   0.1365434E-0002
    15.48000  -0.1202512E-0001  -0.4681907E-0002  -0.1707724E-0002  -0.1834086E-0002  -0.1136289E-0001   0.1392446E-0002
    15.48800  -0.1206210E-0001  -0.4622876E-0002  -0.1722359E-0002  -0.1829318E-0002  -0.1135154E-0001   0.1419202E-0002
    15.49600  -0.1209862E-0001  -0.4564977E-0002  -0.1736936E-0002  -0.1822225E-0002  -0.1133998E-0001   0.1445522E-0002
    15.50400  -0.1213469E-0001  -0.4507739E-0002  -0.1751440E-0002  -0.1812992E-0002  -0.1132821E-0001   0.1471214E-0002
    15.51200  -0.1217029E-0001  -0.4450714E-0002  -0.1765855E-0002  -0.1801822E-0002  -0.1131624E-0001   0.1496083E-0002
    15.52000  -0.1220544E-0001  -0.4393495E-0002  -0.1780166E-0002  -0.1788935E-0002  -0.1130408E-0001   0.1519933E-0002
    15.52800  -0.1224013E-0001  -0.4335719E-0002  -0.1794363E-0002  -0.1774562E-0002  -0.1129174E-0001   0.1542575E-0002
    15.53600  -0.1227434E-0001  -0.4277083E-0002  -0.1808434E-0002  -0.1758944E-0002  -0.1127923E-0001   0.1563828E-0002
    15.54400  -0.1230808E-0001  -0.4217344E-0002  -0.1822373E-0002  -0.1742327E-0002  -0.1126656E-0001   0.1583523E-0002
    15.55200  -0.1234133E-0001  -0.4156330E-0002  -0.1836173E-0002  -0.1724960E-0002  -0.1125375E-0001   0.1601511E-0002
    15.56000  -0.1237408E-0001  -0.4093937E-0002  -0.1849829E-0002  -0.1707090E-0002  -0.1124081E-0001   0.1617659E-0002
    15.56800  -0.1240632E-0001  -0.4030137E-0002  -0.1863341E-0002  -0.1688959E-0002  -0.1122775E-0001   0.1631860E-0002
    15.57600  -0.1243804E-0001  -0.3964974E-0002  -0.1876707E-0002  -0.1670804E-0002  -0.1121460E-0001   0.1644029E-0002
    15.58400  -0.1246923E-0001  -0.3898559E-0002  -0.1889930E-0002  -0.1652851E-0002  -0.1120137E-0001   0.1654107E-0002
    15.59200  -0.1249988E-0001  -0.3831072E-0002  -0.1903013E-0002  -0.1635316E-0002  -0.1118807E-0001   0.1662061E-0002
    15.60000  -0.1252998E-0001  -0.3762751E-0002  -0.1915960E-0002  -0.1618400E-0002  -0.1117473E-0001   0.1667886E-0002
    15.60800  -0.1255953E-0001  -0.3693886E-0002  -0.1928778E-0002  -0.1602289E-0002  -0.1116135E-0001   0.1671598E-0002
    15.61600  -0.1258853E-0001  -0.3624812E-0002  -0.1941476E-0002  -0.1587153E-0002  -0.1114797E-0001   0.1673243E-0002
    15.62400  -0.1261698E-0001  -0.3555901E-0002  -0.1954061E-0002  -0.1573147E-0002  -0.1113459E-0001   0.1672885E-0002
    15.63200  -0.1264488E-0001  -0.3487544E-0002  -0.1966544E-0002  -0.1560407E-0002  -0.1112122E-0001   0.1670610E-0002
    15.64000  -0.1267224E-0001  -0.3420153E-0002  -0.1978936E-0002  -0.1549052E-0002  -0.1110789E-0001   0.1666525E-0002
    15.64800  -0.1269907E-0001  -0.3354139E-0002  -0.1991250E-0002  -0.1539185E-0002  -0.1109460E-0001   0.1660748E-0002
    15.65600  -0.1272539E-0001  -0.3289908E-0002  -0.2003497E-0002  -0.1530891E-0002  -0.1108137E-0001   0.1653416E-0002
    15.66400  -0.1275122E-0001  -0.3227849E-0002  -0.2015691E-0002  -0.1524239E-0002  -0.1106822E-0001   0.1644670E-0002
    15.67200  -0.1277656E-0001  -0.3168324E-0002  -0.2027845E-0002  -0.1519285E-0002  -0.1105514E-0001   0.1634664E-0002
    15.68000  -0.1280146E-0001  -0.3111661E-0002  -0.2039974E-0002  -0.1516067E-0002  -0.1104215E-0001   0.1623555E-0002
    15.68800  -0.1282592E-0001  -0.3058145E-0002  -0.2052091E-0002  -0.1514612E-0002  -0.1102926E-0001   0.1611501E-0002
    15.69600  -0.1284999E-0001  -0.3008011E-0002  -0.2064210E-0002  -0.1514931E-0002  -0.1101647E-0001   0.1598664E-0002
    15.70400  -0.1287368E-0001  -0.2961442E-0002  -0.2076346E-0002  -0.1517026E-0002  -0.1100379E-0001   0.1585202E-0002
    15.71200  -0.1289703E-0001  -0.2918561E-0002  -0.2088513E-0002  -0.1520882E-0002  -0.1099122E-0001   0.1571270E-0002
    15.72000  -0.1292006E-0001  -0.2879435E-0002  -0.2100725E-0002  -0.1526478E-0002  -0.1097876E-0001   0.1557021E-0002
    15.72800  -0.1294281E-0001  -0.2844065E-0002  -0.2112995E-0002  -0.1533778E-0002  -0.1096642E-0001   0.1542600E-0002
    15.73600  -0.1296531E-0001  -0.2812396E-0002  -0.2125337E-0002  -0.1542735E-0002  -0.1095420E-0001   0.1528148E-0002
    15.74400  -0.1298759E-0001  -0.2784313E-0002  -0.2137764E-0002  -0.1553294E-0002  -0.1094209E-0001   0.1513800E-0002
    15.75200  -0.1300966E-0001  -0.2759646E-0002  -0.2150287E-0002  -0.1565388E-0002  -0.1093009E-0001   0.1499684E-0002
    15.76000  -0.1303157E-0001  -0.2738176E-0002  -0.2162918E-0002  -0.1578938E-0002  -0.1091820E-0001   0.1485923E-0002
    15.76800  -0.1305333E-0001  -0.2719636E-0002  -0.2175669E-0002  -0.1593857E-0002  -0.1090642E-0001   0.1472636E-0002
    15.77600  -0.1307496E-0001  -0.2703720E-0002  -0.2188550E-0002  -0.1610048E-0002  -0.1089474E-0001   0.1459936E-0002
    15.78400  -0.1309648E-0001  -0.2690091E-0002  -0.2201569E-0002  -0.1627402E-0002  -0.1088316E-0001   0.1447932E-0002
    15.79200  -0.1311790E-0001  -0.2678383E-0002  -0.2214735E-0002  -0.1645804E-0002  -0.1087166E-0001   0.1436731E-0002
    15.80000  -0.1313925E-0001  -0.2668213E-0002  -0.2228056E-0002  -0.1665127E-0002  -0.1086025E-0001   0.1426440E-0002
    15.80800  -0.1316052E-0001  -0.2659187E-0002  -0.2241538E-0002  -0.1685239E-0002  -0.1084891E-0001   0.1417161E-0002
    15.81600  -0.1318173E-0001  -0.2650906E-0002  -0.2255186E-0002  -0.1705998E-0002  -0.1083764E-0001   0.1408999E-0002
    15.82400  -0.1320287E-0001  -0.2642974E-0002  -0.2269004E-0002  -0.1727257E-0002  -0.1082643E-0001   0.1402058E-0002
    15.83200  -0.1322395E-0001  -0.2635004E-0002  -0.2282995E-0002  -0.1748864E-0002  -0.1081525E-0001   0.1396444E-0002
    15.84000  -0.1324497E-0001  -0.2626625E-0002  -0.2297160E-0002  -0.1770662E-0002  -0.1080412E-0001   0.1392262E-0002
    15.84800  -0.1326591E-0001  -0.2617485E-0002  -0.2311500E-0002  -0.1792489E-0002  -0.1079300E-0001   0.1389620E-0002
    15.85600  -0.1328677E-0001  -0.2607258E-0002  -0.2326014E-0002  -0.1814186E-0002  -0.1078189E-0001   0.1388627E-0002
    15.86400  -0.1330753E-0001  -0.2595647E-0002  -0.2340698E-0002  -0.1835588E-0002  -0.1077078E-0001   0.1389394E-0002
    15.87200  -0.1332819E-0001  -0.2582387E-0002  -0.2355551E-0002  -0.1856533E-0002  -0.1075964E-0001   0.1392029E-0002
    15.88000  -0.1334873E-0001  -0.2567248E-0002  -0.2370566E-0002  -0.1876862E-0002  -0.1074847E-0001   0.1396643E-0002
    15.88800  -0.1336913E-0001  -0.2550034E-0002  -0.2385737E-0002  -0.1896419E-0002  -0.1073724E-0001   0.1403343E-0002
    15.89600  -0.1338937E-0001  -0.2530587E-0002  -0.2401057E-0002  -0.1915051E-0002  -0.1072594E-0001   0.1412235E-0002
    15.90400  -0.1340944E-0001  -0.2508785E-0002  -0.2416518E-0002  -0.1932615E-0002  -0.1071455E-0001   0.1423421E-0002
    15.91200  -0.1342932E-0001  -0.2484543E-0002  -0.2432110E-0002  -0.1948971E-0002  -0.1070306E-0001   0.1436998E-0002
    15.92000  -0.1344898E-0001  -0.2457810E-0002  -0.2447822E-0002  -0.1963993E-0002  -0.1069143E-0001   0.1453054E-0002
    15.92800  -0.1346841E-0001  -0.2428568E-0002  -0.2463643E-0002  -0.1977562E-0002  -0.1067966E-0001   0.1471673E-0002
    15.93600  -0.1348759E-0001  -0.2396833E-0002  -0.2479559E-0002  -0.1989573E-0002  -0.1066772E-0001   0.1492925E-0002
    15.94400  -0.1350649E-0001  -0.2362648E-0002  -0.2495559E-0002  -0.1999931E-0002  -0.1065558E-0001   0.1516873E-0002
    15.95200  -0.1352510E-0001  -0.2326084E-0002  -0.2511627E-0002  -0.2008558E-0002  -0.1064323E-0001   0.1543564E-0002
    15.96000  -0.1354339E-0001  -0.2287235E-0002  -0.2527750E-0002  -0.2015389E-0002  -0.1063065E-0001   0.1573035E-0002
    15.96800  -0.1356136E-0001  -0.2246219E-0002  -0.2543913E-0002  -0.2020376E-0002  -0.1061781E-0001   0.1605307E-0002
    15.97600  -0.1357899E-0001  -0.2203171E-0002  -0.2560101E-0002  -0.2023485E-0002  -0.1060468E-0001   0.1640385E-0002
    15.98400  -0.1359625E-0001  -0.2158245E-0002  -0.2576299E-0002  -0.2024701E-0002  -0.1059126E-0001   0.1678259E-0002
    15.99200  -0.1361315E-0001  -0.2111607E-0002  -0.2592491E-0002  -0.2024024E-0002  -0.1057751E-0001   0.1718903E-0002
    16.00000  -0.1362965E-0001  -0.2063436E-0002  -0.2608663E-0002  -0.2021468E-0002  -0.1056341E-0001   0.1762273E-0002
    16.00800  -0.1364577E-0001  -0.2013922E-0002  -0.2624799E-0002  -0.2017065E-0002  -0.1054894E-0001   0.1808311E-0002
    16.01600  -0.1366147E-0001  -0.1963261E-0002  -0.2640886E-0002  -0.2010859E-0002  -0.1053409E-0001   0.1856942E-0002
    16.02400  -0.1367677E-0001  -0.1911656E-0002  -0.2656909E-0002  -0.2002908E-0002  -0.1051882E-0001   0.1908073E-0002
    16.03200  -0.1369164E-0001  -0.1859315E-0002  -0.2672855E-0002  -0.1993280E-0002  -0.1050313E-0001   0.1961599E-0002
    16.04000  -0.1370609E-0001  -0.1806447E-0002  -0.2688712E-0002  -0.1982052E-0002  -0.1048699E-0001   0.2017401E-0002
    16.04800  -0.1372012E-0001  -0.1753265E-0002  -0.2704466E-0002  -0.1969310E-0002  -0.1047039E-0001   0.2075344E-0002
    16.05600  -0.1373372E-0001  -0.1699980E-0002  -0.2720107E-0002  -0.1955143E-0002  -0.1045330E-0001   0.2135285E-0002
    16.06400  -0.1374689E-0001  -0.1646802E-0002  -0.2735625E-0002  -0.1939643E-0002  -0.1043573E-0001   0.2197068E-0002
    16.07200  -0.1375964E-0001  -0.1593938E-0002  -0.2751008E-0002  -0.1922902E-0002  -0.1041764E-0001   0.2260526E-0002
    16.08000  -0.1377198E-0001  -0.1541593E-0002  -0.2766248E-0002  -0.1905010E-0002  -0.1039904E-0001   0.2325486E-0002
    16.08800  -0.1378390E-0001  -0.1489966E-0002  -0.2781336E-0002  -0.1886055E-0002  -0.1037991E-0001   0.2391768E-0002
    16.09600  -0.1379541E-0001  -0.1439249E-0002  -0.2796265E-0002  -0.1866119E-0002  -0.1036023E-0001   0.2459184E-0002
    16.10400  -0.1380653E-0001  -0.1389625E-0002  -0.2811028E-0002  -0.1845275E-0002  -0.1034001E-0001   0.2527542E-0002
    16.11200  -0.1381726E-0001  -0.1341272E-0002  -0.2825616E-0002  -0.1823591E-0002  -0.1031924E-0001   0.2596647E-0002
    16.12000  -0.1382761E-0001  -0.1294355E-0002  -0.2840025E-0002  -0.1801126E-0002  -0.1029791E-0001   0.2666300E-0002
    16.12800  -0.1383760E-0001  -0.1249026E-0002  -0.2854249E-0002  -0.1777931E-0002  -0.1027602E-0001   0.2736299E-0002
    16.13600  -0.1384725E-0001  -0.1205429E-0002  -0.2868281E-0002  -0.1754046E-0002  -0.1025357E-0001   0.2806441E-0002
    16.14400  -0.1385656E-0001  -0.1163689E-0002  -0.2882117E-0002  -0.1729508E-0002  -0.1023055E-0001   0.2876522E-0002
    16.15200  -0.1386555E-0001  -0.1123919E-0002  -0.2895752E-0002  -0.1704343E-0002  -0.1020698E-0001   0.2946337E-0002
    16.16000  -0.1387424E-0001  -0.1086215E-0002  -0.2909180E-0002  -0.1678575E-0002  -0.1018286E-0001   0.3015681E-0002
    16.16800  -0.1388264E-0001  -0.1050658E-0002  -0.2922398E-0002  -0.1652220E-0002  -0.1015818E-0001   0.3084347E-0002
    16.17600  -0.1389078E-0001  -0.1017309E-0002  -0.2935401E-0002  -0.1625294E-0002  -0.1013297E-0001   0.3152130E-0002
    16.18400  -0.1389867E-0001  -0.9862123E-0003  -0.2948183E-0002  -0.1597813E-0002  -0.1010722E-0001   0.3218825E-0002
    16.19200  -0.1390633E-0001  -0.9573954E-0003  -0.2960741E-0002  -0.1569791E-0002  -0.1008094E-0001   0.3284225E-0002
    16.20000  -0.1391378E-0001  -0.9308665E-0003  -0.2973071E-0002  -0.1541247E-0002  -0.1005416E-0001   0.3348126E-0002
    16.20800  -0.1392103E-0001  -0.9066166E-0003  -0.2985169E-0002  -0.1512202E-0002  -0.1002687E-0001   0.3410323E-0002
    16.21600  -0.1392811E-0001  -0.8846193E-0003  -0.2997030E-0002  -0.1482682E-0002  -0.9999109E-0002   0.3470614E-0002
    16.22400  -0.1393503E-0001  -0.8648316E-0003  -0.3008652E-0002  -0.1452720E-0002  -0.9970879E-0002   0.3528797E-0002
    16.23200  -0.1394180E-0001  -0.8471951E-0003  -0.3020031E-0002  -0.1422355E-0002  -0.9942201E-0002   0.3584674E-0002
    16.24000  -0.1394846E-0001  -0.8316365E-0003  -0.3031164E-0002  -0.1391633E-0002  -0.9913097E-0002   0.3638047E-0002
    16.24800  -0.1395500E-0001  -0.8180690E-0003  -0.3042049E-0002  -0.1360607E-0002  -0.9883587E-0002   0.3688728E-0002
    16.25600  -0.1396145E-0001  -0.8063940E-0003  -0.3052684E-0002  -0.1329336E-0002  -0.9853695E-0002   0.3736528E-0002
    16.26400  -0.1396782E-0001  -0.7965019E-0003  -0.3063067E-0002  -0.1297887E-0002  -0.9823445E-0002   0.3781270E-0002
    16.27200  -0.1397413E-0001  -0.7882738E-0003  -0.3073197E-0002  -0.1266330E-0002  -0.9792862E-0002   0.3822783E-0002
    16.28000  -0.1398038E-0001  -0.7815834E-0003  -0.3083075E-0002  -0.1234743E-0002  -0.9761975E-0002   0.3860908E-0002
    16.28800  -0.1398659E-0001  -0.7762975E-0003  -0.3092701E-0002  -0.1203203E-0002  -0.9730811E-0002   0.3895497E-0002
    16.29600  -0.1399277E-0001  -0.7722784E-0003  -0.3102075E-0002  -0.1171792E-0002  -0.9699400E-0002   0.3926418E-0002
    16.30400  -0.1399893E-0001  -0.7693845E-0003  -0.3111200E-0002  -0.1140590E-0002  -0.9667771E-0002   0.3953554E-0002
    16.31200  -0.1400507E-0001  -0.7674722E-0003  -0.3120077E-0002  -0.1109678E-0002  -0.9635957E-0002   0.3976809E-0002
    16.32000  -0.1401120E-0001  -0.7663964E-0003  -0.3128711E-0002  -0.1079132E-0002  -0.9603988E-0002   0.3996105E-0002
    16.32800  -0.1401733E-0001  -0.7660122E-0003  -0.3137103E-0002  -0.1049024E-0002  -0.9571897E-0002   0.4011390E-0002
    16.33600  -0.1402346E-0001  -0.7661753E-0003  -0.3145258E-0002  -0.1019421E-0002  -0.9539716E-0002   0.4022634E-0002
    16.34400  -0.1402959E-0001  -0.7667434E-0003  -0.3153181E-0002  -0.9903827E-0003  -0.9507477E-0002   0.4029836E-0002
    16.35200  -0.1403573E-0001  -0.7675767E-0003  -0.3160877E-0002  -0.9619606E-0003  -0.9475213E-0002   0.4033021E-0002
    16.36000  -0.1404188E-0001  -0.7685383E-0003  -0.3168350E-0002  -0.9341966E-0003  -0.9442955E-0002   0.4032242E-0002
    16.36800  -0.1404803E-0001  -0.7694957E-0003  -0.3175607E-0002  -0.9071231E-0003  -0.9410734E-0002   0.4027584E-0002
    16.37600  -0.1405420E-0001  -0.7703206E-0003  -0.3182653E-0002  -0.8807617E-0003  -0.9378581E-0002   0.4019157E-0002
    16.38400  -0.1406036E-0001  -0.7708899E-0003  -0.3189494E-0002  -0.8551236E-0003  -0.9346524E-0002   0.4007103E-0002
    16.39200  -0.1406653E-0001  -0.7710862E-0003  -0.3196136E-0002  -0.8302091E-0003  -0.9314592E-0002   0.3991592E-0002
    16.40000  -0.1407270E-0001  -0.7707985E-0003  -0.3202584E-0002  -0.8060080E-0003  -0.9282809E-0002   0.3972818E-0002
    16.40800  -0.1407886E-0001  -0.7699227E-0003  -0.3208844E-0002  -0.7825000E-0003  -0.9251201E-0002   0.3951003E-0002
    16.41600  -0.1408501E-0001  -0.7683622E-0003  -0.3214921E-0002  -0.7596554E-0003  -0.9219790E-0002   0.3926386E-0002
    16.42400  -0.1409113E-0001  -0.7660291E-0003  -0.3220821E-0002  -0.7374356E-0003  -0.9188596E-0002   0.3899230E-0002
    16.43200  -0.1409724E-0001  -0.7628440E-0003  -0.3226547E-0002  -0.7157947E-0003  -0.9157638E-0002   0.3869812E-0002
    16.44000  -0.1410331E-0001  -0.7587376E-0003  -0.3232105E-0002  -0.6946797E-0003  -0.9126930E-0002   0.3838419E-0002
    16.44800  -0.1410934E-0001  -0.7536510E-0003  -0.3237497E-0002  -0.6740323E-0003  -0.9096487E-0002   0.3805348E-0002
    16.45600  -0.1411532E-0001  -0.7475364E-0003  -0.3242727E-0002  -0.6537897E-0003  -0.9066320E-0002   0.3770901E-0002
    16.46400  -0.1412124E-0001  -0.7403578E-0003  -0.3247798E-0002  -0.6338861E-0003  -0.9036437E-0002   0.3735375E-0002
    16.47200  -0.1412710E-0001  -0.7320915E-0003  -0.3252712E-0002  -0.6142533E-0003  -0.9006845E-0002   0.3699067E-0002
    16.48000  -0.1413288E-0001  -0.7227266E-0003  -0.3257471E-0002  -0.5948222E-0003  -0.8977547E-0002   0.3662262E-0002
    16.48800  -0.1413857E-0001  -0.7122650E-0003  -0.3262075E-0002  -0.5755234E-0003  -0.8948545E-0002   0.3625232E-0002
    16.49600  -0.1414418E-0001  -0.7007220E-0003  -0.3266526E-0002  -0.5562883E-0003  -0.8919839E-0002   0.3588234E-0002
    16.50400  -0.1414969E-0001  -0.6881253E-0003  -0.3270822E-0002  -0.5370493E-0003  -0.8891427E-0002   0.3551503E-0002
    16.51200  -0.1415508E-0001  -0.6745156E-0003  -0.3274964E-0002  -0.5177406E-0003  -0.8863305E-0002   0.3515251E-0002
    16.52000  -0.1416036E-0001  -0.6599451E-0003  -0.3278950E-0002  -0.4982985E-0003  -0.8835468E-0002   0.3479666E-0002
    16.52800  -0.1416552E-0001  -0.6444770E-0003  -0.3282780E-0002  -0.4786615E-0003  -0.8807908E-0002   0.3444907E-0002
    16.53600  -0.1417054E-0001  -0.6281841E-0003  -0.3286450E-0002  -0.4587701E-0003  -0.8780619E-0002   0.3411106E-0002
    16.54400  -0.1417543E-0001  -0.6111473E-0003  -0.3289958E-0002  -0.4385670E-0003  -0.8753593E-0002   0.3378365E-0002
    16.55200  -0.1418018E-0001  -0.5934540E-0003  -0.3293302E-0002  -0.4179970E-0003  -0.8726818E-0002   0.3346759E-0002
    16.56000  -0.1418478E-0001  -0.5751960E-0003  -0.3296478E-0002  -0.3970062E-0003  -0.8700288E-0002   0.3316335E-0002
    16.56800  -0.1418923E-0001  -0.5564673E-0003  -0.3299483E-0002  -0.3755424E-0003  -0.8673991E-0002   0.3287111E-0002
    16.57600  -0.1419353E-0001  -0.5373621E-0003  -0.3302311E-0002  -0.3535540E-0003  -0.8647918E-0002   0.3259086E-0002
    16.58400  -0.1419768E-0001  -0.5179721E-0003  -0.3304959E-0002  -0.3309906E-0003  -0.8622060E-0002   0.3232234E-0002
    16.59200  -0.1420166E-0001  -0.4983845E-0003  -0.3307421E-0002  -0.3078020E-0003  -0.8596408E-0002   0.3206510E-0002
    16.60000  -0.1420549E-0001  -0.4786796E-0003  -0.3309693E-0002  -0.2839386E-0003  -0.8570953E-0002   0.3181857E-0002
    16.60800  -0.1420916E-0001  -0.4589286E-0003  -0.3311768E-0002  -0.2593511E-0003  -0.8545688E-0002   0.3158203E-0002
    16.61600  -0.1421268E-0001  -0.4391922E-0003  -0.3313640E-0002  -0.2339906E-0003  -0.8520604E-0002   0.3135469E-0002
    16.62400  -0.1421603E-0001  -0.4195185E-0003  -0.3315302E-0002  -0.2078091E-0003  -0.8495695E-0002   0.3113573E-0002
    16.63200  -0.1421923E-0001  -0.3999420E-0003  -0.3316748E-0002  -0.1807594E-0003  -0.8470956E-0002   0.3092431E-0002
    16.64000  -0.1422228E-0001  -0.3804830E-0003  -0.3317970E-0002  -0.1527961E-0003  -0.8446380E-0002   0.3071962E-0002
    16.64800  -0.1422517E-0001  -0.3611473E-0003  -0.3318962E-0002  -0.1238757E-0003  -0.8421964E-0002   0.3052090E-0002
    16.65600  -0.1422790E-0001  -0.3419264E-0003  -0.3319713E-0002  -0.9395806E-0004  -0.8397702E-0002   0.3032748E-0002
    16.66400  -0.1423048E-0001  -0.3227980E-0003  -0.3320217E-0002  -0.6300649E-0004  -0.8373591E-0002   0.3013880E-0002
    16.67200  -0.1423291E-0001  -0.3037279E-0003  -0.3320465E-0002  -0.3098925E-0004  -0.8349627E-0002   0.2995441E-0002
    16.68000  -0.1423519E-0001  -0.2846711E-0003  -0.3320448E-0002   0.2119701E-0005  -0.8325808E-0002   0.2977398E-0002
    16.68800  -0.1423732E-0001  -0.2655749E-0003  -0.3320157E-0002   0.3633965E-0004  -0.8302130E-0002   0.2959735E-0002
    16.69600  -0.1423929E-0001  -0.2463809E-0003  -0.3319584E-0002   0.7168211E-0004  -0.8278590E-0002   0.2942445E-0002
    16.70400  -0.1424110E-0001  -0.2270285E-0003  -0.3318719E-0002   0.1081499E-0003  -0.8255186E-0002   0.2925536E-0002
    16.71200  -0.1424276E-0001  -0.2074578E-0003  -0.3317553E-0002   0.1457363E-0003  -0.8231914E-0002   0.2909028E-0002
    16.72000  -0.1424426E-0001  -0.1876139E-0003  -0.3316078E-0002   0.1844243E-0003  -0.8208770E-0002   0.2892948E-0002
    16.72800  -0.1424560E-0001  -0.1674496E-0003  -0.3314284E-0002   0.2241857E-0003  -0.8185752E-0002   0.2877331E-0002
    16.73600  -0.1424678E-0001  -0.1469294E-0003  -0.3312164E-0002   0.2649813E-0003  -0.8162854E-0002   0.2862217E-0002
    16.74400  -0.1424779E-0001  -0.1260328E-0003  -0.3309710E-0002   0.3067604E-0003  -0.8140073E-0002   0.2847647E-0002
    16.75200  -0.1424862E-0001  -0.1047574E-0003  -0.3306914E-0002   0.3494604E-0003  -0.8117403E-0002   0.2833660E-0002
    16.76000  -0.1424929E-0001  -0.8312126E-0004  -0.3303770E-0002   0.3930079E-0003  -0.8094841E-0002   0.2820293E-0002
    16.76800  -0.1424978E-0001  -0.6116541E-0004  -0.3300272E-0002   0.4373187E-0003  -0.8072380E-0002   0.2807573E-0002
    16.77600  -0.1425009E-0001  -0.3895523E-0004  -0.3296413E-0002   0.4822989E-0003  -0.8050016E-0002   0.2795519E-0002
    16.78400  -0.1425022E-0001  -0.1658136E-0004  -0.3292191E-0002   0.5278456E-0003  -0.8027743E-0002   0.2784137E-0002
    16.79200  -0.1425018E-0001   0.5840160E-0005  -0.3287600E-0002   0.5738489E-0003  -0.8005556E-0002   0.2773417E-0002
    16.80000  -0.1424995E-0001   0.2816853E-0004  -0.3282638E-0002   0.6201926E-0003  -0.7983449E-0002   0.2763336E-0002
    16.80800  -0.1424955E-0001   0.5023957E-0004  -0.3277304E-0002   0.6667565E-0003  -0.7961418E-0002   0.2753852E-0002
    16.81600  -0.1424897E-0001   0.7186797E-0004  -0.3271597E-0002   0.7134181E-0003  -0.7939459E-0002   0.2744907E-0002
    16.82400  -0.1424823E-0001   0.9285021E-0004  -0.3265516E-0002   0.7600545E-0003  -0.7917568E-0002   0.2736423E-0002
    16.83200  -0.1424733E-0001   0.1129682E-0003  -0.3259064E-0002   0.8065445E-0003  -0.7895741E-0002   0.2728309E-0002
    16.84000  -0.1424627E-0001   0.1319936E-0003  -0.3252242E-0002   0.8527704E-0003  -0.7873978E-0002   0.2720455E-0002
    16.84800  -0.1424507E-0001   0.1496924E-0003  -0.3245053E-0002   0.8986199E-0003  -0.7852276E-0002   0.2712742E-0002
    16.85600  -0.1424375E-0001   0.1658304E-0003  -0.3237501E-0002   0.9439882E-0003  -0.7830635E-0002   0.2705036E-0002
    16.86400  -0.1424231E-0001   0.1801782E-0003  -0.3229591E-0002   0.9887791E-0003  -0.7809058E-0002   0.2697197E-0002
    16.87200  -0.1424077E-0001   0.1925172E-0003  -0.3221328E-0002   0.1032907E-0002  -0.7787545E-0002   0.2689079E-0002
    16.88000  -0.1423914E-0001   0.2026447E-0003  -0.3212717E-0002   0.1076296E-0002  -0.7766101E-0002   0.2680535E-0002
    16.88800  -0.1423746E-0001   0.2103793E-0003  -0.3203766E-0002   0.1118884E-0002  -0.7744730E-0002   0.2671420E-0002
    16.89600  -0.1423574E-0001   0.2155662E-0003  -0.3194481E-0002   0.1160621E-0002  -0.7723437E-0002   0.2661593E-0002
    16.90400  -0.1423399E-0001   0.2180808E-0003  -0.3184869E-0002   0.1201469E-0002  -0.7702229E-0002   0.2650923E-0002
    16.91200  -0.1423225E-0001   0.2178333E-0003  -0.3174938E-0002   0.1241401E-0002  -0.7681115E-0002   0.2639291E-0002
    16.92000  -0.1423053E-0001   0.2147714E-0003  -0.3164695E-0002   0.1280405E-0002  -0.7660102E-0002   0.2626593E-0002
    16.92800  -0.1422886E-0001   0.2088821E-0003  -0.3154147E-0002   0.1318478E-0002  -0.7639200E-0002   0.2612743E-0002
    16.93600  -0.1422726E-0001   0.2001935E-0003  -0.3143302E-0002   0.1355626E-0002  -0.7618419E-0002   0.2597673E-0002
    16.94400  -0.1422575E-0001   0.1887745E-0003  -0.3132167E-0002   0.1391864E-0002  -0.7597768E-0002   0.2581339E-0002
    16.95200  -0.1422435E-0001   0.1747341E-0003  -0.3120750E-0002   0.1427215E-0002  -0.7577259E-0002   0.2563718E-0002
    16.96000  -0.1422309E-0001   0.1582194E-0003  -0.3109056E-0002   0.1461705E-0002  -0.7556900E-0002   0.2544808E-0002
    16.96800  -0.1422197E-0001   0.1394128E-0003  -0.3097093E-0002   0.1495367E-0002  -0.7536703E-0002   0.2524632E-0002
    16.97600  -0.1422102E-0001   0.1185279E-0003  -0.3084867E-0002   0.1528233E-0002  -0.7516677E-0002   0.2503233E-0002
    16.98400  -0.1422026E-0001   0.9580514E-0004  -0.3072384E-0002   0.1560336E-0002  -0.7496832E-0002   0.2480674E-0002
    16.99200  -0.1421968E-0001   0.7150598E-0004  -0.3059651E-0002   0.1591707E-0002  -0.7477175E-0002   0.2457035E-0002
    17.00000  -0.1421932E-0001   0.4590697E-0004  -0.3046672E-0002   0.1622375E-0002  -0.7457716E-0002   0.2432413E-0002
    17.00800  -0.1421916E-0001   0.1929326E-0004  -0.3033453E-0002   0.1652363E-0002  -0.7438461E-0002   0.2406918E-0002
    17.01600  -0.1421923E-0001  -0.8048258E-0005  -0.3019999E-0002   0.1681689E-0002  -0.7419416E-0002   0.2380665E-0002
    17.02400  -0.1421951E-0001  -0.3583578E-0004  -0.3006316E-0002   0.1710366E-0002  -0.7400585E-0002   0.2353779E-0002
    17.03200  -0.1422002E-0001  -0.6379940E-0004  -0.2992409E-0002   0.1738396E-0002  -0.7381974E-0002   0.2326386E-0002
    17.04000  -0.1422076E-0001  -0.9168758E-0004  -0.2978283E-0002   0.1765776E-0002  -0.7363585E-0002   0.2298610E-0002
    17.04800  -0.1422171E-0001  -0.1192732E-0003  -0.2963943E-0002   0.1792493E-0002  -0.7345421E-0002   0.2270570E-0002
    17.05600  -0.1422288E-0001  -0.1463590E-0003  -0.2949395E-0002   0.1818527E-0002  -0.7327482E-0002   0.2242379E-0002
    17.06400  -0.1422426E-0001  -0.1727822E-0003  -0.2934644E-0002   0.1843846E-0002  -0.7309769E-0002   0.2214139E-0002
    17.07200  -0.1422585E-0001  -0.1984180E-0003  -0.2919697E-0002   0.1868414E-0002  -0.7292281E-0002   0.2185936E-0002
    17.08000  -0.1422764E-0001  -0.2231825E-0003  -0.2904559E-0002   0.1892186E-0002  -0.7275018E-0002   0.2157846E-0002
    17.08800  -0.1422961E-0001  -0.2470343E-0003  -0.2889238E-0002   0.1915108E-0002  -0.7257979E-0002   0.2129926E-0002
    17.09600  -0.1423177E-0001  -0.2699746E-0003  -0.2873741E-0002   0.1937122E-0002  -0.7241161E-0002   0.2102216E-0002
    17.10400  -0.1423411E-0001  -0.2920469E-0003  -0.2858076E-0002   0.1958164E-0002  -0.7224563E-0002   0.2074741E-0002
    17.11200  -0.1423662E-0001  -0.3133347E-0003  -0.2842251E-0002   0.1978164E-0002  -0.7208183E-0002   0.2047505E-0002
    17.12000  -0.1423929E-0001  -0.3339588E-0003  -0.2826274E-0002   0.1997051E-0002  -0.7192019E-0002   0.2020502E-0002
    17.12800  -0.1424212E-0001  -0.3540730E-0003  -0.2810156E-0002   0.2014750E-0002  -0.7176070E-0002   0.1993707E-0002
    17.13600  -0.1424511E-0001  -0.3738595E-0003  -0.2793907E-0002   0.2031186E-0002  -0.7160333E-0002   0.1967084E-0002
    17.14400  -0.1424826E-0001  -0.3935229E-0003  -0.2777537E-0002   0.2046281E-0002  -0.7144808E-0002   0.1940588E-0002
    17.15200  -0.1425157E-0001  -0.4132839E-0003  -0.2761057E-0002   0.2059962E-0002  -0.7129495E-0002   0.1914165E-0002
    17.16000  -0.1425503E-0001  -0.4333726E-0003  -0.2744480E-0002   0.2072154E-0002  -0.7114393E-0002   0.1887756E-0002
    17.16800  -0.1425866E-0001  -0.4540212E-0003  -0.2727817E-0002   0.2082786E-0002  -0.7099502E-0002   0.1861302E-0002
    17.17600  -0.1426247E-0001  -0.4754569E-0003  -0.2711083E-0002   0.2091790E-0002  -0.7084824E-0002   0.1834742E-0002
    17.18400  -0.1426645E-0001  -0.4978946E-0003  -0.2694290E-0002   0.2099103E-0002  -0.7070360E-0002   0.1808020E-0002
    17.19200  -0.1427062E-0001  -0.5215304E-0003  -0.2677453E-0002   0.2104667E-0002  -0.7056112E-0002   0.1781085E-0002
    17.20000  -0.1427500E-0001  -0.5465350E-0003  -0.2660586E-0002   0.2108427E-0002  -0.7042080E-0002   0.1753895E-0002
    17.20800  -0.1427958E-0001  -0.5730479E-0003  -0.2643703E-0002   0.2110336E-0002  -0.7028269E-0002   0.1726418E-0002
    17.21600  -0.1428439E-0001  -0.6011729E-0003  -0.2626820E-0002   0.2110352E-0002  -0.7014680E-0002   0.1698632E-0002
    17.22400  -0.1428944E-0001  -0.6309732E-0003  -0.2609953E-0002   0.2108439E-0002  -0.7001316E-0002   0.1670526E-0002
    17.23200  -0.1429474E-0001  -0.6624693E-0003  -0.2593116E-0002   0.2104569E-0002  -0.6988179E-0002   0.1642105E-0002
    17.24000  -0.1430030E-0001  -0.6956365E-0003  -0.2576326E-0002   0.2098718E-0002  -0.6975272E-0002   0.1613382E-0002
    17.24800  -0.1430615E-0001  -0.7304042E-0003  -0.2559599E-0002   0.2090872E-0002  -0.6962597E-0002   0.1584383E-0002
    17.25600  -0.1431228E-0001  -0.7666562E-0003  -0.2542951E-0002   0.2081022E-0002  -0.6950156E-0002   0.1555146E-0002
    17.26400  -0.1431871E-0001  -0.8042323E-0003  -0.2526398E-0002   0.2069167E-0002  -0.6937950E-0002   0.1525715E-0002
    17.27200  -0.1432546E-0001  -0.8429309E-0003  -0.2509955E-0002   0.2055311E-0002  -0.6925981E-0002   0.1496142E-0002
    17.28000  -0.1433252E-0001  -0.8825125E-0003  -0.2493640E-0002   0.2039467E-0002  -0.6914249E-0002   0.1466484E-0002
    17.28800  -0.1433990E-0001  -0.9227041E-0003  -0.2477466E-0002   0.2021655E-0002  -0.6902755E-0002   0.1436799E-0002
    17.29600  -0.1434760E-0001  -0.9632048E-0003  -0.2461451E-0002   0.2001900E-0002  -0.6891497E-0002   0.1407145E-0002
    17.30400  -0.1435563E-0001  -0.1003692E-0002  -0.2445609E-0002   0.1980237E-0002  -0.6880477E-0002   0.1377576E-0002
    17.31200  -0.1436398E-0001  -0.1043826E-0002  -0.2429956E-0002   0.1956703E-0002  -0.6869692E-0002   0.1348143E-0002
    17.32000  -0.1437265E-0001  -0.1083262E-0002  -0.2414505E-0002   0.1931347E-0002  -0.6859141E-0002   0.1318887E-0002
    17.32800  -0.1438162E-0001  -0.1121650E-0002  -0.2399271E-0002   0.1904221E-0002  -0.6848822E-0002   0.1289840E-0002
    17.33600  -0.1439089E-0001  -0.1158647E-0002  -0.2384268E-0002   0.1875383E-0002  -0.6838734E-0002   0.1261023E-0002
    17.34400  -0.1440044E-0001  -0.1193923E-0002  -0.2369509E-0002   0.1844897E-0002  -0.6828874E-0002   0.1232445E-0002
    17.35200  -0.1441026E-0001  -0.1227167E-0002  -0.2355006E-0002   0.1812831E-0002  -0.6819241E-0002   0.1204100E-0002
    17.36000  -0.1442033E-0001  -0.1258091E-0002  -0.2340772E-0002   0.1779261E-0002  -0.6809834E-0002   0.1175971E-0002
    17.36800  -0.1443062E-0001  -0.1286439E-0002  -0.2326818E-0002   0.1744262E-0002  -0.6800649E-0002   0.1148027E-0002
    17.37600  -0.1444111E-0001  -0.1311990E-0002  -0.2313155E-0002   0.1707916E-0002  -0.6791688E-0002   0.1120226E-0002
    17.38400  -0.1445179E-0001  -0.1334562E-0002  -0.2299792E-0002   0.1670306E-0002  -0.6782947E-0002   0.1092515E-0002
    17.39200  -0.1446262E-0001  -0.1354014E-0002  -0.2286740E-0002   0.1631516E-0002  -0.6774429E-0002   0.1064834E-0002
    17.40000  -0.1447358E-0001  -0.1370250E-0002  -0.2274007E-0002   0.1591633E-0002  -0.6766132E-0002   0.1037117E-0002
    17.40800  -0.1448465E-0001  -0.1383216E-0002  -0.2261601E-0002   0.1550744E-0002  -0.6758057E-0002   0.1009294E-0002
    17.41600  -0.1449579E-0001  -0.1392904E-0002  -0.2249530E-0002   0.1508935E-0002  -0.6750207E-0002   0.9812965E-0003
    17.42400  -0.1450699E-0001  -0.1399349E-0002  -0.2237799E-0002   0.1466293E-0002  -0.6742583E-0002   0.9530596E-0003
    17.43200  -0.1451821E-0001  -0.1402627E-0002  -0.2226416E-0002   0.1422905E-0002  -0.6735186E-0002   0.9245253E-0003
    17.44000  -0.1452943E-0001  -0.1402851E-0002  -0.2215385E-0002   0.1378854E-0002  -0.6728021E-0002   0.8956459E-0003
    17.44800  -0.1454063E-0001  -0.1400170E-0002  -0.2204711E-0002   0.1334226E-0002  -0.6721090E-0002   0.8663876E-0003
    17.45600  -0.1455179E-0001  -0.1394761E-0002  -0.2194398E-0002   0.1289101E-0002  -0.6714396E-0002   0.8367329E-0003
    17.46400  -0.1456289E-0001  -0.1386828E-0002  -0.2184450E-0002   0.1243561E-0002  -0.6707943E-0002   0.8066830E-0003
    17.47200  -0.1457390E-0001  -0.1376592E-0002  -0.2174868E-0002   0.1197688E-0002  -0.6701733E-0002   0.7762605E-0003
    17.48000  -0.1458481E-0001  -0.1364291E-0002  -0.2165656E-0002   0.1151561E-0002  -0.6695769E-0002   0.7455100E-0003
    17.48800  -0.1459561E-0001  -0.1350169E-0002  -0.2156814E-0002   0.1105259E-0002  -0.6690053E-0002   0.7144992E-0003
    17.49600  -0.1460629E-0001  -0.1334471E-0002  -0.2148343E-0002   0.1058860E-0002  -0.6684586E-0002   0.6833189E-0003
    17.50400  -0.1461683E-0001  -0.1317444E-0002  -0.2140244E-0002   0.1012443E-0002  -0.6679369E-0002   0.6520822E-0003
    17.51200  -0.1462722E-0001  -0.1299321E-0002  -0.2132515E-0002   0.9660876E-0003  -0.6674402E-0002   0.6209230E-0003
    17.52000  -0.1463747E-0001  -0.1280325E-0002  -0.2125156E-0002   0.9198707E-0003  -0.6669682E-0002   0.5899936E-0003
    17.52800  -0.1464755E-0001  -0.1260661E-0002  -0.2118165E-0002   0.8738709E-0003  -0.6665206E-0002   0.5594620E-0003
    17.53600  -0.1465748E-0001  -0.1240512E-0002  -0.2111540E-0002   0.8281660E-0003  -0.6660970E-0002   0.5295082E-0003
    17.54400  -0.1466724E-0001  -0.1220039E-0002  -0.2105277E-0002   0.7828330E-0003  -0.6656968E-0002   0.5003199E-0003
    17.55200  -0.1467683E-0001  -0.1199373E-0002  -0.2099373E-0002   0.7379477E-0003  -0.6653191E-0002   0.4720880E-0003
    17.56000  -0.1468626E-0001  -0.1178622E-0002  -0.2093825E-0002   0.6935842E-0003  -0.6649631E-0002   0.4450015E-0003
    17.56800  -0.1469552E-0001  -0.1157861E-0002  -0.2088626E-0002   0.6498140E-0003  -0.6646277E-0002   0.4192425E-0003
    17.57600  -0.1470462E-0001  -0.1137139E-0002  -0.2083772E-0002   0.6067056E-0003  -0.6643117E-0002   0.3949807E-0003
    17.58400  -0.1471355E-0001  -0.1116480E-0002  -0.2079258E-0002   0.5643234E-0003  -0.6640138E-0002   0.3723683E-0003
    17.59200  -0.1472232E-0001  -0.1095878E-0002  -0.2075076E-0002   0.5227271E-0003  -0.6637326E-0002   0.3515354E-0003
    17.60000  -0.1473092E-0001  -0.1075308E-0002  -0.2071220E-0002   0.4819705E-0003  -0.6634665E-0002   0.3325850E-0003
    17.60800  -0.1473936E-0001  -0.1054720E-0002  -0.2067683E-0002   0.4421015E-0003  -0.6632141E-0002   0.3155891E-0003
    17.61600  -0.1474763E-0001  -0.1034052E-0002  -0.2064458E-0002   0.4031605E-0003  -0.6629736E-0002   0.3005856E-0003
    17.62400  -0.1475574E-0001  -0.1013226E-0002  -0.2061537E-0002   0.3651808E-0003  -0.6627435E-0002   0.2875756E-0003
    17.63200  -0.1476367E-0001  -0.9921537E-0003  -0.2058911E-0002   0.3281873E-0003  -0.6625223E-0002   0.2765214E-0003
    17.64000  -0.1477144E-0001  -0.9707436E-0003  -0.2056574E-0002   0.2921966E-0003  -0.6623084E-0002   0.2673460E-0003
    17.64800  -0.1477903E-0001  -0.9489020E-0003  -0.2054516E-0002   0.2572170E-0003  -0.6621005E-0002   0.2599335E-0003
    17.65600  -0.1478644E-0001  -0.9265384E-0003  -0.2052730E-0002   0.2232480E-0003  -0.6618972E-0002   0.2541297E-0003
    17.66400  -0.1479367E-0001  -0.9035688E-0003  -0.2051208E-0002   0.1902808E-0003  -0.6616974E-0002   0.2497448E-0003
    17.67200  -0.1480071E-0001  -0.8799196E-0003  -0.2049941E-0002   0.1582987E-0003  -0.6615002E-0002   0.2465564E-0003
    17.68000  -0.1480756E-0001  -0.8555305E-0003  -0.2048923E-0002   0.1272770E-0003  -0.6613047E-0002   0.2443134E-0003
    17.68800  -0.1481420E-0001  -0.8303573E-0003  -0.2048146E-0002   0.9718412E-0004  -0.6611105E-0002   0.2427409E-0003
    17.69600  -0.1482063E-0001  -0.8043738E-0003  -0.2047602E-0002   0.6798187E-0004  -0.6609173E-0002   0.2415460E-0003
    17.70400  -0.1482685E-0001  -0.7775737E-0003  -0.2047285E-0002   0.3962625E-0004  -0.6607249E-0002   0.2404232E-0003
    17.71200  -0.1483285E-0001  -0.7499712E-0003  -0.2047188E-0002   0.1206829E-0004  -0.6605337E-0002   0.2390615E-0003
    17.72000  -0.1483863E-0001  -0.7216013E-0003  -0.2047306E-0002  -0.1474515E-0004  -0.6603440E-0002   0.2371508E-0003
    17.72800  -0.1484417E-0001  -0.6925199E-0003  -0.2047633E-0002  -0.4087052E-0004  -0.6601565E-0002   0.2343885E-0003
    17.73600  -0.1484947E-0001  -0.6628022E-0003  -0.2048164E-0002  -0.6636669E-0004  -0.6599721E-0002   0.2304864E-0003
    17.74400  -0.1485453E-0001  -0.6325419E-0003  -0.2048894E-0002  -0.9129404E-0004  -0.6597919E-0002   0.2251766E-0003
    17.75200  -0.1485934E-0001  -0.6018485E-0003  -0.2049820E-0002  -0.1157137E-0003  -0.6596173E-0002   0.2182178E-0003
    17.76000  -0.1486391E-0001  -0.5708454E-0003  -0.2050938E-0002  -0.1396864E-0003  -0.6594498E-0002   0.2094001E-0003
    17.76800  -0.1486823E-0001  -0.5396663E-0003  -0.2052244E-0002  -0.1632722E-0003  -0.6592910E-0002   0.1985494E-0003
    17.77600  -0.1487230E-0001  -0.5084528E-0003  -0.2053736E-0002  -0.1865290E-0003  -0.6591426E-0002   0.1855314E-0003
    17.78400  -0.1487612E-0001  -0.4773502E-0003  -0.2055412E-0002  -0.2095123E-0003  -0.6590064E-0002   0.1702538E-0003
    17.79200  -0.1487969E-0001  -0.4465044E-0003  -0.2057270E-0002  -0.2322744E-0003  -0.6588842E-0002   0.1526676E-0003
    17.80000  -0.1488302E-0001  -0.4160579E-0003  -0.2059309E-0002  -0.2548636E-0003  -0.6587780E-0002   0.1327682E-0003
    17.80800  -0.1488610E-0001  -0.3861464E-0003  -0.2061528E-0002  -0.2773238E-0003  -0.6586895E-0002   0.1105941E-0003
    17.81600  -0.1488896E-0001  -0.3568955E-0003  -0.2063925E-0002  -0.2996939E-0003  -0.6586206E-0002   0.8622541E-0004
    17.82400  -0.1489159E-0001  -0.3284171E-0003  -0.2066501E-0002  -0.3220073E-0003  -0.6585727E-0002   0.5978123E-0004
    17.83200  -0.1489399E-0001  -0.3008064E-0003  -0.2069256E-0002  -0.3442918E-0003  -0.6585476E-0002   0.3141585E-0004
    17.84000  -0.1489619E-0001  -0.2741398E-0003  -0.2072188E-0002  -0.3665689E-0003  -0.6585465E-0002   0.1314329E-0005
    17.84800  -0.1489817E-0001  -0.2484722E-0003  -0.2075299E-0002  -0.3888540E-0003  -0.6585708E-0002  -0.3031262E-0004
    17.85600  -0.1489997E-0001  -0.2238355E-0003  -0.2078588E-0002  -0.4111561E-0003  -0.6586214E-0002  -0.6323433E-0004
    17.86400  -0.1490157E-0001  -0.2002378E-0003  -0.2082056E-0002  -0.4334778E-0003  -0.6586991E-0002  -0.9720618E-0004
    17.87200  -0.1490299E-0001  -0.1776620E-0003  -0.2085703E-0002  -0.4558153E-0003  -0.6588047E-0002  -0.1319758E-0003
    17.88000  -0.1490424E-0001  -0.1560664E-0003  -0.2089528E-0002  -0.4781587E-0003  -0.6589386E-0002  -0.1672892E-0003
    17.88800  -0.1490532E-0001  -0.1353849E-0003  -0.2093532E-0002  -0.5004921E-0003  -0.6591009E-0002  -0.2028971E-0003
    17.89600  -0.1490624E-0001  -0.1155283E-0003  -0.2097714E-0002  -0.5227943E-0003  -0.6592917E-0002  -0.2385601E-0003
    17.90400  -0.1490702E-0001  -0.9638544E-0004  -0.2102075E-0002  -0.5450387E-0003  -0.6595110E-0002  -0.2740544E-0003
    17.91200  -0.1490764E-0001  -0.7782579E-0004  -0.2106612E-0002  -0.5671940E-0003  -0.6597583E-0002  -0.3091758E-0003
    17.92000  -0.1490812E-0001  -0.5970166E-0004  -0.2111326E-0002  -0.5892249E-0003  -0.6600333E-0002  -0.3437441E-0003
    17.92800  -0.1490845E-0001  -0.4185123E-0004  -0.2116215E-0002  -0.6110926E-0003  -0.6603354E-0002  -0.3776056E-0003
    17.93600  -0.1490864E-0001  -0.2410184E-0004  -0.2121277E-0002  -0.6327556E-0003  -0.6606639E-0002  -0.4106352E-0003
    17.94400  -0.1490869E-0001  -0.6273511E-0005  -0.2126510E-0002  -0.6541703E-0003  -0.6610181E-0002  -0.4427374E-0003
    17.95200  -0.1490860E-0001   0.1181730E-0004  -0.2131912E-0002  -0.6752919E-0003  -0.6613972E-0002  -0.4738467E-0003
    17.96000  -0.1490836E-0001   0.3035388E-0004  -0.2137481E-0002  -0.6960750E-0003  -0.6618003E-0002  -0.5039264E-0003
    17.96800  -0.1490796E-0001   0.4951533E-0004  -0.2143213E-0002  -0.7164747E-0003  -0.6622267E-0002  -0.5329673E-0003
    17.97600  -0.1490740E-0001   0.6947279E-0004  -0.2149104E-0002  -0.7364474E-0003  -0.6626755E-0002  -0.5609845E-0003
    17.98400  -0.1490668E-0001   0.9038568E-0004  -0.2155152E-0002  -0.7559512E-0003  -0.6631459E-0002  -0.5880152E-0003
    17.99200  -0.1490578E-0001   0.1123982E-0003  -0.2161352E-0002  -0.7749472E-0003  -0.6636372E-0002  -0.6141138E-0003
    18.00000  -0.1490470E-0001   0.1356362E-0003  -0.2167699E-0002  -0.7934001E-0003  -0.6641487E-0002  -0.6393486E-0003
