 # SCECTPV35
 # Author=D.Liu
 # date =  1/17/2017 19:47:14
 # code = EQdyna3d
 # code_version = 4.1.3
 # element_size =   100.000000000000
 # time_step =  0.0080  s
 # num_time_steps =  2250
 # Time series in 8 columns in format e15.7
 # Column #1 = Time (s)
 # Column #2 = horizontal slip (m)
 # Column #3 = horizontal slip rate (m/s)
 # Column #4 = horizontal shear stress (MPa)
 # Column #5 = down-dip slip (m)
 # Column #6 = down-dip slip rate (m/s)
 # Column #7 = down-dip shear stress (MPa)
 # Column #8 = normal stress (MPa)
 # The line below lists the names of the data fields:
 t h-slip h-slip-rate h-shear-stress v-slip v-slip-rate v-shear-stress n-stress
 #
     0.00800   0.0000000E+0000   0.0000000E+0000   0.2016389E+0002   0.0000000E+0000   0.0000000E+0000   0.0000000E+0000  -0.6000000E+0002
     0.01600   0.0000000E+0000   0.0000000E+0000   0.2016389E+0002   0.0000000E+0000   0.0000000E+0000   0.0000000E+0000  -0.6000000E+0002
     0.02400   0.0000000E+0000   0.0000000E+0000   0.2016389E+0002   0.0000000E+0000   0.0000000E+0000   0.0000000E+0000  -0.6000000E+0002
     0.03200   0.0000000E+0000   0.0000000E+0000   0.2016389E+0002   0.0000000E+0000   0.0000000E+0000   0.0000000E+0000  -0.6000000E+0002
     0.04000   0.0000000E+0000   0.0000000E+0000   0.2016389E+0002   0.0000000E+0000   0.0000000E+0000   0.0000000E+0000  -0.6000000E+0002
     0.04800   0.0000000E+0000   0.0000000E+0000   0.2016389E+0002   0.0000000E+0000   0.0000000E+0000   0.0000000E+0000  -0.6000000E+0002
     0.05600   0.0000000E+0000   0.0000000E+0000   0.2016389E+0002   0.0000000E+0000   0.0000000E+0000   0.0000000E+0000  -0.6000000E+0002
     0.06400   0.0000000E+0000   0.0000000E+0000   0.2016389E+0002   0.0000000E+0000   0.0000000E+0000   0.0000000E+0000  -0.6000000E+0002
     0.07200   0.0000000E+0000   0.0000000E+0000   0.2016389E+0002   0.0000000E+0000   0.0000000E+0000   0.0000000E+0000  -0.6000000E+0002
     0.08000   0.0000000E+0000   0.0000000E+0000   0.2016389E+0002   0.0000000E+0000   0.0000000E+0000   0.0000000E+0000  -0.6000000E+0002
     0.08800   0.0000000E+0000   0.0000000E+0000   0.2016389E+0002   0.0000000E+0000   0.0000000E+0000   0.0000000E+0000  -0.6000000E+0002
     0.09600   0.0000000E+0000   0.0000000E+0000   0.2016389E+0002   0.0000000E+0000   0.0000000E+0000   0.0000000E+0000  -0.6000000E+0002
     0.10400   0.0000000E+0000   0.0000000E+0000   0.2016389E+0002   0.0000000E+0000   0.0000000E+0000   0.0000000E+0000  -0.6000000E+0002
     0.11200   0.0000000E+0000   0.0000000E+0000   0.2016389E+0002   0.0000000E+0000   0.0000000E+0000   0.0000000E+0000  -0.6000000E+0002
     0.12000   0.0000000E+0000   0.0000000E+0000   0.2016389E+0002   0.0000000E+0000   0.0000000E+0000   0.0000000E+0000  -0.6000000E+0002
     0.12800   0.0000000E+0000   0.0000000E+0000   0.2016389E+0002   0.0000000E+0000   0.0000000E+0000   0.0000000E+0000  -0.6000000E+0002
     0.13600   0.0000000E+0000   0.0000000E+0000   0.2016389E+0002   0.0000000E+0000   0.0000000E+0000   0.0000000E+0000  -0.6000000E+0002
     0.14400   0.0000000E+0000   0.0000000E+0000   0.2016389E+0002   0.0000000E+0000   0.0000000E+0000   0.0000000E+0000  -0.6000000E+0002
     0.15200   0.0000000E+0000   0.0000000E+0000   0.2016389E+0002   0.0000000E+0000   0.0000000E+0000   0.0000000E+0000  -0.6000000E+0002
     0.16000   0.0000000E+0000   0.0000000E+0000   0.2016389E+0002   0.0000000E+0000   0.0000000E+0000   0.0000000E+0000  -0.6000000E+0002
     0.16800   0.0000000E+0000   0.0000000E+0000   0.2016389E+0002   0.0000000E+0000   0.0000000E+0000   0.0000000E+0000  -0.6000000E+0002
     0.17600   0.0000000E+0000   0.0000000E+0000   0.2016389E+0002   0.0000000E+0000   0.0000000E+0000   0.0000000E+0000  -0.6000000E+0002
     0.18400   0.0000000E+0000   0.0000000E+0000   0.2016389E+0002   0.0000000E+0000   0.0000000E+0000   0.0000000E+0000  -0.6000000E+0002
     0.19200   0.0000000E+0000   0.0000000E+0000   0.2016389E+0002   0.0000000E+0000   0.0000000E+0000   0.0000000E+0000  -0.6000000E+0002
     0.20000   0.0000000E+0000   0.0000000E+0000   0.2016389E+0002   0.0000000E+0000   0.0000000E+0000   0.0000000E+0000  -0.6000000E+0002
     0.20800   0.0000000E+0000   0.0000000E+0000   0.2016389E+0002   0.0000000E+0000   0.0000000E+0000   0.0000000E+0000  -0.6000000E+0002
     0.21600   0.0000000E+0000   0.0000000E+0000   0.2016389E+0002   0.0000000E+0000   0.0000000E+0000   0.0000000E+0000  -0.6000000E+0002
     0.22400   0.0000000E+0000   0.0000000E+0000   0.2016389E+0002   0.0000000E+0000   0.0000000E+0000   0.0000000E+0000  -0.6000000E+0002
     0.23200   0.0000000E+0000   0.0000000E+0000   0.2016389E+0002   0.0000000E+0000   0.0000000E+0000   0.0000000E+0000  -0.6000000E+0002
     0.24000   0.0000000E+0000   0.0000000E+0000   0.2016389E+0002   0.0000000E+0000   0.0000000E+0000   0.0000000E+0000  -0.6000000E+0002
     0.24800   0.0000000E+0000   0.0000000E+0000   0.2016389E+0002   0.0000000E+0000   0.0000000E+0000   0.0000000E+0000  -0.6000000E+0002
     0.25600   0.0000000E+0000   0.0000000E+0000   0.2016389E+0002   0.0000000E+0000   0.0000000E+0000   0.0000000E+0000  -0.6000000E+0002
     0.26400   0.0000000E+0000   0.0000000E+0000   0.2016389E+0002   0.0000000E+0000   0.0000000E+0000   0.0000000E+0000  -0.6000000E+0002
     0.27200   0.0000000E+0000   0.0000000E+0000   0.2016389E+0002   0.0000000E+0000   0.0000000E+0000   0.0000000E+0000  -0.6000000E+0002
     0.28000   0.0000000E+0000   0.0000000E+0000   0.2016389E+0002   0.0000000E+0000   0.0000000E+0000   0.0000000E+0000  -0.6000000E+0002
     0.28800   0.0000000E+0000   0.0000000E+0000   0.2016389E+0002   0.0000000E+0000   0.0000000E+0000   0.0000000E+0000  -0.6000000E+0002
     0.29600   0.0000000E+0000   0.0000000E+0000   0.2016389E+0002   0.0000000E+0000   0.0000000E+0000   0.0000000E+0000  -0.6000000E+0002
     0.30400   0.0000000E+0000   0.0000000E+0000   0.2016389E+0002   0.0000000E+0000   0.0000000E+0000   0.0000000E+0000  -0.6000000E+0002
     0.31200   0.0000000E+0000   0.0000000E+0000   0.2016389E+0002   0.0000000E+0000   0.0000000E+0000   0.0000000E+0000  -0.6000000E+0002
     0.32000   0.0000000E+0000   0.0000000E+0000   0.2016389E+0002   0.0000000E+0000   0.0000000E+0000   0.0000000E+0000  -0.6000000E+0002
     0.32800   0.0000000E+0000   0.0000000E+0000   0.2016389E+0002   0.0000000E+0000   0.0000000E+0000   0.0000000E+0000  -0.6000000E+0002
     0.33600   0.0000000E+0000   0.0000000E+0000   0.2016389E+0002   0.0000000E+0000   0.0000000E+0000   0.0000000E+0000  -0.6000000E+0002
     0.34400   0.0000000E+0000   0.0000000E+0000   0.2016389E+0002   0.0000000E+0000   0.0000000E+0000   0.0000000E+0000  -0.6000000E+0002
     0.35200   0.0000000E+0000   0.0000000E+0000   0.2016389E+0002   0.0000000E+0000   0.0000000E+0000   0.0000000E+0000  -0.6000000E+0002
     0.36000   0.0000000E+0000   0.0000000E+0000   0.2016389E+0002   0.0000000E+0000   0.0000000E+0000   0.0000000E+0000  -0.6000000E+0002
     0.36800   0.0000000E+0000   0.0000000E+0000   0.2016389E+0002   0.0000000E+0000   0.0000000E+0000   0.0000000E+0000  -0.6000000E+0002
     0.37600   0.0000000E+0000   0.0000000E+0000   0.2016389E+0002   0.0000000E+0000   0.0000000E+0000   0.0000000E+0000  -0.6000000E+0002
     0.38400   0.0000000E+0000   0.0000000E+0000   0.2016389E+0002   0.0000000E+0000   0.0000000E+0000   0.0000000E+0000  -0.6000000E+0002
     0.39200   0.0000000E+0000   0.0000000E+0000   0.2016389E+0002   0.0000000E+0000   0.0000000E+0000   0.0000000E+0000  -0.6000000E+0002
     0.40000   0.0000000E+0000   0.0000000E+0000   0.2016389E+0002   0.0000000E+0000   0.0000000E+0000   0.0000000E+0000  -0.6000000E+0002
     0.40800   0.0000000E+0000   0.0000000E+0000   0.2016389E+0002   0.0000000E+0000   0.0000000E+0000   0.0000000E+0000  -0.6000000E+0002
     0.41600   0.0000000E+0000   0.0000000E+0000   0.2016389E+0002   0.0000000E+0000   0.0000000E+0000   0.0000000E+0000  -0.6000000E+0002
     0.42400   0.0000000E+0000   0.0000000E+0000   0.2016389E+0002   0.0000000E+0000   0.0000000E+0000   0.0000000E+0000  -0.6000000E+0002
     0.43200   0.0000000E+0000   0.0000000E+0000   0.2016389E+0002   0.0000000E+0000   0.0000000E+0000   0.0000000E+0000  -0.6000000E+0002
     0.44000   0.0000000E+0000   0.0000000E+0000   0.2016389E+0002   0.0000000E+0000   0.0000000E+0000   0.0000000E+0000  -0.6000000E+0002
     0.44800   0.0000000E+0000   0.0000000E+0000   0.2016389E+0002   0.0000000E+0000   0.0000000E+0000   0.0000000E+0000  -0.6000000E+0002
     0.45600   0.0000000E+0000   0.0000000E+0000   0.2016389E+0002   0.0000000E+0000   0.0000000E+0000   0.0000000E+0000  -0.6000000E+0002
     0.46400   0.0000000E+0000   0.0000000E+0000   0.2016389E+0002   0.0000000E+0000   0.0000000E+0000   0.0000000E+0000  -0.6000000E+0002
     0.47200   0.0000000E+0000   0.0000000E+0000   0.2016389E+0002   0.0000000E+0000   0.0000000E+0000   0.0000000E+0000  -0.6000000E+0002
     0.48000   0.0000000E+0000   0.0000000E+0000   0.2016389E+0002   0.0000000E+0000   0.0000000E+0000   0.0000000E+0000  -0.6000000E+0002
     0.48800   0.0000000E+0000   0.0000000E+0000   0.2016389E+0002   0.0000000E+0000   0.0000000E+0000   0.0000000E+0000  -0.6000000E+0002
     0.49600   0.0000000E+0000   0.0000000E+0000   0.2016389E+0002   0.0000000E+0000   0.0000000E+0000   0.0000000E+0000  -0.6000000E+0002
     0.50400   0.0000000E+0000   0.0000000E+0000   0.2016389E+0002   0.0000000E+0000   0.0000000E+0000   0.0000000E+0000  -0.6000000E+0002
     0.51200   0.0000000E+0000   0.0000000E+0000   0.2016389E+0002   0.0000000E+0000   0.0000000E+0000   0.0000000E+0000  -0.6000000E+0002
     0.52000   0.0000000E+0000   0.0000000E+0000   0.2016389E+0002   0.0000000E+0000   0.0000000E+0000   0.0000000E+0000  -0.6000000E+0002
     0.52800   0.0000000E+0000   0.0000000E+0000   0.2016389E+0002   0.0000000E+0000   0.0000000E+0000   0.0000000E+0000  -0.6000000E+0002
     0.53600   0.0000000E+0000   0.0000000E+0000   0.2016389E+0002   0.0000000E+0000   0.0000000E+0000   0.0000000E+0000  -0.6000000E+0002
     0.54400   0.0000000E+0000   0.0000000E+0000   0.2016389E+0002   0.0000000E+0000   0.0000000E+0000   0.0000000E+0000  -0.6000000E+0002
     0.55200   0.0000000E+0000   0.0000000E+0000   0.2016389E+0002   0.0000000E+0000   0.0000000E+0000   0.0000000E+0000  -0.6000000E+0002
     0.56000   0.0000000E+0000   0.0000000E+0000   0.2016389E+0002   0.0000000E+0000   0.0000000E+0000   0.0000000E+0000  -0.6000000E+0002
     0.56800   0.0000000E+0000   0.0000000E+0000   0.2016389E+0002   0.0000000E+0000   0.0000000E+0000   0.0000000E+0000  -0.6000000E+0002
     0.57600   0.0000000E+0000   0.0000000E+0000   0.2016389E+0002   0.0000000E+0000   0.0000000E+0000   0.0000000E+0000  -0.6000000E+0002
     0.58400   0.0000000E+0000   0.0000000E+0000   0.2016389E+0002   0.0000000E+0000   0.0000000E+0000   0.0000000E+0000  -0.6000000E+0002
     0.59200   0.0000000E+0000   0.0000000E+0000   0.2016389E+0002   0.0000000E+0000   0.0000000E+0000   0.0000000E+0000  -0.6000000E+0002
     0.60000   0.0000000E+0000   0.0000000E+0000   0.2016389E+0002   0.0000000E+0000   0.0000000E+0000   0.0000000E+0000  -0.6000000E+0002
     0.60800   0.0000000E+0000   0.0000000E+0000   0.2016389E+0002   0.0000000E+0000   0.0000000E+0000   0.0000000E+0000  -0.6000000E+0002
     0.61600   0.0000000E+0000   0.0000000E+0000   0.2016389E+0002   0.0000000E+0000   0.0000000E+0000   0.0000000E+0000  -0.6000000E+0002
     0.62400   0.0000000E+0000   0.0000000E+0000   0.2016389E+0002   0.0000000E+0000   0.0000000E+0000   0.0000000E+0000  -0.6000000E+0002
     0.63200   0.0000000E+0000   0.0000000E+0000   0.2016389E+0002   0.0000000E+0000   0.0000000E+0000   0.0000000E+0000  -0.6000000E+0002
     0.64000   0.0000000E+0000   0.0000000E+0000   0.2016389E+0002   0.0000000E+0000   0.0000000E+0000   0.0000000E+0000  -0.6000000E+0002
     0.64800   0.0000000E+0000   0.0000000E+0000   0.2016389E+0002   0.0000000E+0000   0.0000000E+0000   0.0000000E+0000  -0.6000000E+0002
     0.65600   0.0000000E+0000   0.0000000E+0000   0.2016389E+0002   0.0000000E+0000   0.0000000E+0000   0.0000000E+0000  -0.6000000E+0002
     0.66400   0.0000000E+0000   0.0000000E+0000   0.2016389E+0002   0.0000000E+0000   0.0000000E+0000   0.0000000E+0000  -0.6000000E+0002
     0.67200   0.0000000E+0000   0.0000000E+0000   0.2016389E+0002   0.0000000E+0000   0.0000000E+0000   0.0000000E+0000  -0.6000000E+0002
     0.68000   0.0000000E+0000   0.0000000E+0000   0.2016389E+0002   0.0000000E+0000   0.0000000E+0000   0.0000000E+0000  -0.6000000E+0002
     0.68800   0.0000000E+0000   0.0000000E+0000   0.2016389E+0002   0.0000000E+0000   0.0000000E+0000   0.0000000E+0000  -0.6000000E+0002
     0.69600   0.0000000E+0000   0.0000000E+0000   0.2016389E+0002   0.0000000E+0000   0.0000000E+0000   0.0000000E+0000  -0.6000000E+0002
     0.70400   0.0000000E+0000   0.0000000E+0000   0.2016389E+0002   0.0000000E+0000   0.0000000E+0000   0.0000000E+0000  -0.6000000E+0002
     0.71200   0.0000000E+0000   0.0000000E+0000   0.2016389E+0002   0.0000000E+0000   0.0000000E+0000   0.0000000E+0000  -0.6000000E+0002
     0.72000   0.0000000E+0000   0.0000000E+0000   0.2016389E+0002   0.0000000E+0000   0.0000000E+0000   0.0000000E+0000  -0.6000000E+0002
     0.72800   0.0000000E+0000   0.0000000E+0000   0.2016389E+0002   0.0000000E+0000   0.0000000E+0000   0.0000000E+0000  -0.6000000E+0002
     0.73600   0.0000000E+0000   0.0000000E+0000   0.2016389E+0002   0.0000000E+0000   0.0000000E+0000   0.0000000E+0000  -0.6000000E+0002
     0.74400   0.0000000E+0000   0.0000000E+0000   0.2016389E+0002   0.0000000E+0000   0.0000000E+0000   0.0000000E+0000  -0.6000000E+0002
     0.75200   0.0000000E+0000   0.0000000E+0000   0.2016389E+0002   0.0000000E+0000   0.0000000E+0000   0.6528660E-0061  -0.6000000E+0002
     0.76000   0.0000000E+0000   0.0000000E+0000   0.2016389E+0002   0.0000000E+0000   0.0000000E+0000   0.7886978E-0059  -0.6000000E+0002
     0.76800   0.0000000E+0000   0.0000000E+0000   0.2016389E+0002   0.0000000E+0000   0.0000000E+0000   0.4690108E-0057  -0.6000000E+0002
     0.77600   0.0000000E+0000   0.0000000E+0000   0.2016389E+0002   0.0000000E+0000   0.0000000E+0000   0.1825154E-0055  -0.6000000E+0002
     0.78400   0.0000000E+0000   0.0000000E+0000   0.2016389E+0002   0.0000000E+0000   0.0000000E+0000   0.5234675E-0054  -0.6000000E+0002
     0.79200   0.0000000E+0000   0.0000000E+0000   0.2016389E+0002   0.0000000E+0000   0.0000000E+0000   0.1190129E-0052  -0.6000000E+0002
     0.80000   0.0000000E+0000   0.0000000E+0000   0.2016389E+0002   0.0000000E+0000   0.0000000E+0000   0.2264036E-0051  -0.6000000E+0002
     0.80800   0.0000000E+0000   0.0000000E+0000   0.2016389E+0002   0.0000000E+0000   0.0000000E+0000   0.3761830E-0050  -0.6000000E+0002
     0.81600   0.0000000E+0000   0.0000000E+0000   0.2016389E+0002   0.0000000E+0000   0.0000000E+0000   0.5637518E-0049  -0.6000000E+0002
     0.82400   0.0000000E+0000   0.0000000E+0000   0.2016389E+0002   0.0000000E+0000   0.0000000E+0000   0.7768468E-0048  -0.6000000E+0002
     0.83200   0.0000000E+0000   0.0000000E+0000   0.2016389E+0002   0.0000000E+0000   0.0000000E+0000   0.9912268E-0047  -0.6000000E+0002
     0.84000   0.0000000E+0000   0.0000000E+0000   0.2016389E+0002   0.0000000E+0000   0.0000000E+0000   0.1170748E-0045  -0.6000000E+0002
     0.84800   0.0000000E+0000   0.0000000E+0000   0.2016389E+0002   0.0000000E+0000   0.0000000E+0000   0.1278683E-0044  -0.6000000E+0002
     0.85600   0.0000000E+0000   0.0000000E+0000   0.2016389E+0002   0.0000000E+0000   0.0000000E+0000   0.1294793E-0043  -0.6000000E+0002
     0.86400   0.0000000E+0000   0.0000000E+0000   0.2016389E+0002   0.0000000E+0000   0.0000000E+0000   0.1224314E-0042  -0.6000000E+0002
     0.87200   0.0000000E+0000   0.0000000E+0000   0.2016389E+0002   0.0000000E+0000   0.0000000E+0000   0.1092067E-0041  -0.6000000E+0002
     0.88000   0.0000000E+0000   0.0000000E+0000   0.2016389E+0002   0.0000000E+0000   0.0000000E+0000   0.9282772E-0041  -0.6000000E+0002
     0.88800   0.0000000E+0000   0.0000000E+0000   0.2016389E+0002   0.0000000E+0000   0.0000000E+0000   0.7572593E-0040  -0.6000000E+0002
     0.89600   0.0000000E+0000   0.0000000E+0000   0.2016389E+0002   0.0000000E+0000   0.0000000E+0000   0.5941867E-0039  -0.6000000E+0002
     0.90400   0.0000000E+0000   0.0000000E+0000   0.2016389E+0002   0.0000000E+0000   0.0000000E+0000   0.4474813E-0038  -0.6000000E+0002
     0.91200   0.0000000E+0000   0.0000000E+0000   0.2016389E+0002   0.0000000E+0000   0.0000000E+0000   0.3219662E-0037  -0.6000000E+0002
     0.92000   0.0000000E+0000   0.0000000E+0000   0.2016389E+0002   0.0000000E+0000   0.0000000E+0000   0.2202466E-0036  -0.6000000E+0002
     0.92800   0.0000000E+0000   0.0000000E+0000   0.2016389E+0002   0.0000000E+0000   0.0000000E+0000   0.1426946E-0035  -0.6000000E+0002
     0.93600   0.0000000E+0000   0.0000000E+0000   0.2016389E+0002   0.0000000E+0000   0.0000000E+0000   0.8736069E-0035  -0.6000000E+0002
     0.94400   0.0000000E+0000   0.0000000E+0000   0.2016389E+0002   0.0000000E+0000   0.0000000E+0000   0.5050333E-0034  -0.6000000E+0002
     0.95200   0.0000000E+0000   0.0000000E+0000   0.2016389E+0002   0.0000000E+0000   0.0000000E+0000   0.2758830E-0033  -0.6000000E+0002
     0.96000   0.0000000E+0000   0.0000000E+0000   0.2016389E+0002   0.0000000E+0000   0.0000000E+0000   0.1427038E-0032  -0.6000000E+0002
     0.96800   0.0000000E+0000   0.0000000E+0000   0.2016389E+0002   0.0000000E+0000   0.0000000E+0000   0.7013881E-0032  -0.6000000E+0002
     0.97600   0.0000000E+0000   0.0000000E+0000   0.2016389E+0002   0.0000000E+0000   0.0000000E+0000   0.3291175E-0031  -0.6000000E+0002
     0.98400   0.0000000E+0000   0.0000000E+0000   0.2016389E+0002   0.0000000E+0000   0.0000000E+0000   0.1482316E-0030  -0.6000000E+0002
     0.99200   0.0000000E+0000   0.0000000E+0000   0.2016389E+0002   0.0000000E+0000   0.0000000E+0000   0.6443360E-0030  -0.6000000E+0002
     1.00000   0.0000000E+0000   0.0000000E+0000   0.2016389E+0002   0.0000000E+0000   0.0000000E+0000   0.2716487E-0029  -0.6000000E+0002
     1.00800   0.0000000E+0000   0.0000000E+0000   0.2016389E+0002   0.0000000E+0000   0.0000000E+0000   0.1111741E-0028  -0.6000000E+0002
     1.01600   0.0000000E+0000   0.0000000E+0000   0.2016389E+0002   0.0000000E+0000   0.0000000E+0000   0.4449953E-0028  -0.6000000E+0002
     1.02400   0.0000000E+0000   0.0000000E+0000   0.2016389E+0002   0.0000000E+0000   0.0000000E+0000   0.1758060E-0027  -0.6000000E+0002
     1.03200   0.0000000E+0000   0.0000000E+0000   0.2016389E+0002   0.0000000E+0000   0.0000000E+0000   0.6780402E-0027  -0.6000000E+0002
     1.04000   0.0000000E+0000   0.0000000E+0000   0.2016389E+0002   0.0000000E+0000   0.0000000E+0000   0.2689844E-0026  -0.6000000E+0002
     1.04800   0.0000000E+0000   0.0000000E+0000   0.2016389E+0002   0.0000000E+0000   0.0000000E+0000   0.1061250E-0025  -0.6000000E+0002
     1.05600   0.0000000E+0000   0.0000000E+0000   0.2016389E+0002   0.0000000E+0000   0.0000000E+0000   0.4421076E-0025  -0.6000000E+0002
     1.06400   0.0000000E+0000   0.0000000E+0000   0.2016389E+0002   0.0000000E+0000   0.0000000E+0000   0.1981329E-0024  -0.6000000E+0002
     1.07200   0.0000000E+0000   0.0000000E+0000   0.2016389E+0002   0.0000000E+0000   0.0000000E+0000   0.9777225E-0024  -0.6000000E+0002
     1.08000   0.0000000E+0000   0.0000000E+0000   0.2016389E+0002   0.0000000E+0000   0.0000000E+0000   0.1316190E-0022  -0.6000000E+0002
     1.08800   0.0000000E+0000   0.0000000E+0000   0.2016389E+0002   0.0000000E+0000   0.0000000E+0000   0.2597501E-0022  -0.6000000E+0002
     1.09600   0.0000000E+0000   0.0000000E+0000   0.2016389E+0002   0.0000000E+0000   0.0000000E+0000   0.1611053E-0021  -0.6000000E+0002
     1.10400   0.0000000E+0000   0.0000000E+0000   0.2016389E+0002   0.1724672E-0024   0.2155839E-0022   0.2991157E-0021  -0.6000000E+0002
     1.11200   0.0000000E+0000   0.0000000E+0000   0.2016389E+0002   0.0000000E+0000  -0.2155839E-0022   0.3153781E-0022  -0.6000000E+0002
     1.12000   0.0000000E+0000   0.0000000E+0000   0.2016389E+0002   0.0000000E+0000   0.0000000E+0000  -0.2200625E-0022  -0.6000000E+0002
     1.12800   0.0000000E+0000   0.0000000E+0000   0.2016389E+0002  -0.1724672E-0024  -0.2155839E-0022  -0.1806430E-0020  -0.6000000E+0002
     1.13600   0.0000000E+0000   0.0000000E+0000   0.2016389E+0002   0.0000000E+0000   0.2155839E-0022  -0.8918390E-0020  -0.6000000E+0002
     1.14400   0.0000000E+0000   0.0000000E+0000   0.2016389E+0002   0.1724672E-0024   0.2155839E-0022   0.3204703E-0019  -0.6000000E+0002
     1.15200   0.0000000E+0000   0.0000000E+0000   0.2016389E+0002   0.5174015E-0024   0.4311679E-0022   0.1026538E-0017  -0.6000000E+0002
     1.16000   0.0000000E+0000   0.0000000E+0000   0.2016389E+0002   0.5174015E-0024  -0.1203706E-0034   0.3865638E-0017  -0.6000000E+0002
     1.16800   0.1446759E-0017   0.1808449E-0015   0.2016389E+0002   0.3449343E-0024  -0.2155839E-0022   0.1572198E-0016  -0.6000000E+0002
     1.17600   0.1446759E-0017   0.0000000E+0000   0.2016389E+0002   0.3449343E-0024  -0.1925930E-0033   0.3717382E-0016  -0.6000000E+0002
     1.18400   0.1446760E-0017   0.9485979E-0022   0.2016389E+0002   0.5978938E-0024   0.3161993E-0022   0.2710959E-0016  -0.6000000E+0002
     1.19200   0.1446760E-0017   0.0000000E+0000   0.2016389E+0002   0.9428281E-0024   0.4311679E-0022   0.7935336E-0017  -0.6000000E+0002
     1.20000   0.2893520E-0017   0.1808449E-0015   0.2016389E+0002   0.9428281E-0024   0.1038461E-0029  -0.7017944E-0016  -0.6000000E+0002
     1.20800   0.5787038E-0017   0.3616897E-0015   0.2016389E+0002   0.1207270E-0023   0.3305525E-0022  -0.3502267E-0015  -0.6000000E+0002
     1.21600   0.8680556E-0017   0.3616898E-0015   0.2016389E+0002   0.8623358E-0024  -0.4311679E-0022  -0.1059835E-0014  -0.6000000E+0002
     1.22400   0.1012732E-0016   0.1808449E-0015   0.2016389E+0002   0.1207270E-0023   0.4311679E-0022  -0.2202644E-0014  -0.6000000E+0002
     1.23200   0.1012732E-0016  -0.9485980E-0022   0.2016389E+0002   0.1299245E-0023   0.1149686E-0022  -0.5141369E-0014  -0.6000000E+0002
     1.24000   0.8680556E-0017  -0.1808449E-0015   0.2016389E+0002   0.1299245E-0023  -0.1084684E-0029  -0.1163332E-0013  -0.6000000E+0002
     1.24800   0.1157408E-0016   0.3616900E-0015   0.2016389E+0002   0.1460230E-0023   0.2012308E-0022  -0.2629440E-0013  -0.6000000E+0002
     1.25600   0.1302084E-0016   0.1808449E-0015   0.2016389E+0002   0.1632697E-0023   0.2155839E-0022  -0.5841236E-0013  -0.6000000E+0002
     1.26400   0.1446759E-0016   0.1808448E-0015   0.2016389E+0002   0.1552205E-0023  -0.1006154E-0022  -0.1272133E-0012  -0.6000000E+0002
     1.27200   0.1446759E-0016  -0.1615587E-0026   0.2016389E+0002   0.1552205E-0023   0.0000000E+0000  -0.2715694E-0012  -0.6000000E+0002
     1.28000   0.1446759E-0016   0.9485435E-0022   0.2016389E+0002   0.2150098E-0023   0.7473672E-0022  -0.5694508E-0012  -0.6000000E+0002
     1.28800   0.1446759E-0016   0.0000000E+0000   0.2016389E+0002   0.2495032E-0023   0.4311678E-0022  -0.1173757E-0011  -0.6000000E+0002
     1.29600   0.1591435E-0016   0.1808448E-0015   0.2016389E+0002   0.2414540E-0023  -0.1006155E-0022  -0.2378983E-0011  -0.6000000E+0002
     1.30400   0.1736111E-0016   0.1808450E-0015   0.2016389E+0002   0.2667499E-0023   0.3161992E-0022  -0.4742307E-0011  -0.6000000E+0002
     1.31200   0.1880787E-0016   0.1808448E-0015   0.2016389E+0002   0.2587007E-0023  -0.1006157E-0022  -0.9298396E-0011  -0.6000000E+0002
     1.32000   0.1880787E-0016  -0.5169879E-0025   0.2016389E+0002   0.2414539E-0023  -0.2155839E-0022  -0.1793585E-0010  -0.6000000E+0002
     1.32800   0.2025463E-0016   0.1808450E-0015   0.2016389E+0002   0.2667498E-0023   0.3162007E-0022  -0.3403983E-0010  -0.6000000E+0002
     1.33600   0.2314815E-0016   0.3616897E-0015   0.2016389E+0002   0.2587003E-0023  -0.1006147E-0022  -0.6356953E-0010  -0.6000000E+0002
     1.34400   0.2748843E-0016   0.5425347E-0015   0.2016389E+0002   0.1989103E-0023  -0.7473625E-0022  -0.1168272E-0009  -0.6000000E+0002
     1.35200   0.2893519E-0016   0.1808449E-0015   0.2016389E+0002   0.1471699E-0023  -0.6467518E-0022  -0.2113036E-0009  -0.6000000E+0002
     1.36000   0.3182871E-0016   0.3616899E-0015   0.2016389E+0002   0.6898809E-0024  -0.9773010E-0022  -0.3761533E-0009  -0.6000000E+0002
     1.36800   0.3327547E-0016   0.1808448E-0015   0.2016389E+0002  -0.8042595E-0025  -0.9629546E-0022  -0.6590906E-0009  -0.6000000E+0002
     1.37600   0.3906250E-0016   0.7233797E-0015   0.2016389E+0002  -0.1287724E-0023  -0.1509088E-0021  -0.1136766E-0008  -0.6000000E+0002
     1.38400   0.4195602E-0016   0.3616899E-0015   0.2016389E+0002  -0.3794307E-0023  -0.3133205E-0021  -0.1930029E-0008  -0.6000000E+0002
     1.39200   0.4195602E-0016  -0.7940934E-0022   0.2016389E+0002  -0.7151800E-0023  -0.4196649E-0021  -0.3225835E-0008  -0.6000000E+0002
     1.40000   0.4484954E-0016   0.3616899E-0015   0.2016389E+0002  -0.1267105E-0022  -0.6898686E-0021  -0.5307894E-0008  -0.6000000E+0002
     1.40800   0.4629630E-0016   0.1808451E-0015   0.2016389E+0002  -0.2104100E-0022  -0.1046280E-0020  -0.8598416E-0008  -0.6000000E+0002
     1.41600   0.4918982E-0016   0.3616899E-0015   0.2016389E+0002  -0.3380374E-0022  -0.1595321E-0020  -0.1371334E-0007  -0.6000000E+0002
     1.42400   0.4918982E-0016   0.1058791E-0021   0.2016389E+0002  -0.5407370E-0022  -0.2533835E-0020  -0.2153313E-0007  -0.6000000E+0002
     1.43200   0.4918982E-0016  -0.2117582E-0021   0.2016389E+0002  -0.8510751E-0022  -0.3879063E-0020  -0.3329044E-0007  -0.6000000E+0002
     1.44000   0.5063658E-0016   0.1808449E-0015   0.2016389E+0002  -0.1313295E-0021  -0.5777650E-0020  -0.5067443E-0007  -0.6000001E+0002
     1.44800   0.4774307E-0016  -0.3616898E-0015   0.2016390E+0002  -0.1990290E-0021  -0.8462387E-0020  -0.7594908E-0007  -0.6000001E+0002
     1.45600   0.5063659E-0016   0.3616898E-0015   0.2016390E+0002  -0.2969902E-0021  -0.1224517E-0019  -0.1120800E-0006  -0.6000001E+0002
     1.46400   0.5208334E-0016   0.1808449E-0015   0.2016391E+0002  -0.4368596E-0021  -0.1748370E-0019  -0.1628593E-0006  -0.6000002E+0002
     1.47200   0.5642362E-0016   0.5425348E-0015   0.2016391E+0002  -0.6329515E-0021  -0.2451184E-0019  -0.2330157E-0006  -0.6000003E+0002
     1.48000   0.5931713E-0016   0.3616890E-0015   0.2016392E+0002  -0.9050067E-0021  -0.3400788E-0019  -0.3282884E-0006  -0.6000004E+0002
     1.48800   0.6076389E-0016   0.1808449E-0015   0.2016393E+0002  -0.1274957E-0020  -0.4624436E-0019  -0.4554456E-0006  -0.6000005E+0002
     1.49600   0.6221065E-0016   0.1808449E-0015   0.2016395E+0002  -0.1772286E-0020  -0.6216593E-0019  -0.6222200E-0006  -0.6000007E+0002
     1.50400   0.6365738E-0016   0.1808449E-0015   0.2016397E+0002  -0.2431032E-0020  -0.8234748E-0019  -0.8371410E-0006  -0.6000009E+0002
     1.51200   0.6365749E-0016   0.0000000E+0000   0.2016399E+0002  -0.3290731E-0020  -0.1074607E-0018  -0.1109243E-0005  -0.6000011E+0002
     1.52000   0.6365749E-0016   0.0000000E+0000   0.2016402E+0002  -0.4396672E-0020  -0.1382517E-0018  -0.1447644E-0005  -0.6000014E+0002
     1.52800   0.6655117E-0016   0.3616898E-0015   0.2016405E+0002  -0.5801224E-0020  -0.1755476E-0018  -0.1860998E-0005  -0.6000017E+0002
     1.53600   0.6799790E-0016   0.1808449E-0015   0.2016409E+0002  -0.7557536E-0020  -0.2195536E-0018  -0.2356844E-0005  -0.6000021E+0002
     1.54400   0.6655117E-0016  -0.1808449E-0015   0.2016413E+0002  -0.9725162E-0020  -0.2709711E-0018  -0.2940897E-0005  -0.6000026E+0002
     1.55200   0.6799811E-0016   0.1808449E-0015   0.2016418E+0002  -0.1236718E-0019  -0.3302899E-0018  -0.3616331E-0005  -0.6000031E+0002
     1.56000   0.7233873E-0016   0.5425348E-0015   0.2016423E+0002  -0.1554603E-0019  -0.3971526E-0018  -0.4383129E-0005  -0.6000037E+0002
     1.56800   0.7378546E-0016   0.1808449E-0015   0.2016429E+0002  -0.1931963E-0019  -0.4717444E-0018  -0.5237556E-0005  -0.6000044E+0002
     1.57600   0.7812608E-0016   0.5425348E-0015   0.2016436E+0002  -0.2375001E-0019  -0.5537478E-0018  -0.6171817E-0005  -0.6000051E+0002
     1.58400   0.7957282E-0016   0.1808449E-0015   0.2016443E+0002  -0.2888846E-0019  -0.6424745E-0018  -0.7173921E-0005  -0.6000058E+0002
     1.59200   0.8246713E-0016   0.3616898E-0015   0.2016450E+0002  -0.3479453E-0019  -0.7375539E-0018  -0.8227729E-0005  -0.6000066E+0002
     1.60000   0.8246713E-0016   0.0000000E+0000   0.2016458E+0002  -0.4151123E-0019  -0.8394097E-0018  -0.9313152E-0005  -0.6000074E+0002
     1.60800   0.8246713E-0016   0.0000000E+0000   0.2016466E+0002  -0.4906835E-0019  -0.9450770E-0018  -0.1040637E-0004  -0.6000083E+0002
     1.61600   0.8680732E-0016   0.5425348E-0015   0.2016475E+0002  -0.5750560E-0019  -0.1055827E-0017  -0.1147999E-0004  -0.6000092E+0002
     1.62400   0.8680732E-0016   0.0000000E+0000   0.2016483E+0002  -0.6684943E-0019  -0.1169329E-0017  -0.1250300E-0004  -0.6000101E+0002
     1.63200   0.8825406E-0016   0.1808449E-0015   0.2016492E+0002  -0.7714617E-0019  -0.1287490E-0017  -0.1344041E-0004  -0.6000111E+0002
     1.64000   0.8970079E-0016   0.1808449E-0015   0.2016501E+0002  -0.8840906E-0019  -0.1407769E-0017  -0.1425270E-0004  -0.6000120E+0002
     1.64800   0.9114752E-0016   0.1808449E-0015   0.2016511E+0002  -0.1006381E-0018  -0.1530589E-0017  -0.1489487E-0004  -0.6000130E+0002
     1.65600   0.9693445E-0016   0.7233797E-0015   0.2016520E+0002  -0.1138730E-0018  -0.1655949E-0017  -0.1531566E-0004  -0.6000139E+0002
     1.66400   0.9838118E-0016   0.1808449E-0015   0.2016529E+0002  -0.1281667E-0018  -0.1783851E-0017  -0.1545686E-0004  -0.6000149E+0002
     1.67200   0.9838457E-0016   0.0000000E+0000   0.2016539E+0002  -0.1434662E-0018  -0.1912600E-0017  -0.1525325E-0004  -0.6000159E+0002
     1.68000   0.1012780E-0015   0.3616898E-0015   0.2016549E+0002  -0.1598245E-0018  -0.2043043E-0017  -0.1463344E-0004  -0.6000168E+0002
     1.68800   0.1012780E-0015   0.0000000E+0000   0.2016558E+0002  -0.1772416E-0018  -0.2173487E-0017  -0.1352191E-0004  -0.6000177E+0002
     1.69600   0.1056148E-0015   0.5425348E-0015   0.2016568E+0002  -0.1956646E-0018  -0.2305624E-0017  -0.1184225E-0004  -0.6000186E+0002
     1.70400   0.1085083E-0015   0.3616898E-0015   0.2016578E+0002  -0.2152522E-0018  -0.2439455E-0017  -0.9521747E-0005  -0.6000195E+0002
     1.71200   0.1085083E-0015   0.0000000E+0000   0.2016588E+0002  -0.2358987E-0018  -0.2571592E-0017  -0.6496745E-0005  -0.6000203E+0002
     1.72000   0.1085083E-0015   0.0000000E+0000   0.2016598E+0002  -0.2577098E-0018  -0.2703729E-0017  -0.2718564E-0005  -0.6000211E+0002
     1.72800   0.1114018E-0015   0.3616898E-0015   0.2016608E+0002  -0.2805797E-0018  -0.2839254E-0017   0.1840838E-0005  -0.6000218E+0002
     1.73600   0.1142952E-0015   0.3616898E-0015   0.2016618E+0002  -0.3042966E-0018  -0.2974780E-0017   0.7184079E-0005  -0.6000226E+0002
     1.74400   0.1186320E-0015   0.5425348E-0015   0.2016629E+0002  -0.3292841E-0018  -0.3117081E-0017   0.1328507E-0004  -0.6000233E+0002
     1.75200   0.1200754E-0015   0.1808449E-0015   0.2016641E+0002  -0.3557538E-0018  -0.3272935E-0017   0.2008773E-0004  -0.6000241E+0002
     1.76000   0.1200754E-0015   0.0000000E+0000   0.2016655E+0002  -0.3832824E-0018  -0.3435566E-0017   0.2750695E-0004  -0.6000249E+0002
     1.76800   0.1229621E-0015   0.3616898E-0015   0.2016669E+0002  -0.4125050E-0018  -0.3618525E-0017   0.3543181E-0004  -0.6000258E+0002
     1.77600   0.1229756E-0015   0.0000000E+0000   0.2016686E+0002  -0.4429982E-0018  -0.3815036E-0017   0.4373068E-0004  -0.6000268E+0002
     1.78400   0.1273260E-0015   0.5425348E-0015   0.2016705E+0002  -0.4756090E-0018  -0.4045429E-0017   0.5225795E-0004  -0.6000280E+0002
     1.79200   0.1302127E-0015   0.3616898E-0015   0.2016727E+0002  -0.5099138E-0018  -0.4302927E-0017   0.6086143E-0004  -0.6000295E+0002
     1.80000   0.1316628E-0015   0.1808449E-0015   0.2016753E+0002  -0.5463363E-0018  -0.4601083E-0017   0.6939004E-0004  -0.6000312E+0002
     1.80800   0.1316628E-0015   0.0000000E+0000   0.2016783E+0002  -0.5861468E-0018  -0.4953449E-0017   0.7770092E-0004  -0.6000332E+0002
     1.81600   0.1331129E-0015   0.1808449E-0015   0.2016817E+0002  -0.6284984E-0018  -0.5353248E-0017   0.8566541E-0004  -0.6000356E+0002
     1.82400   0.1360132E-0015   0.3616898E-0015   0.2016855E+0002  -0.6750853E-0018  -0.5814034E-0017   0.9317346E-0004  -0.6000384E+0002
     1.83200   0.1374497E-0015   0.1808449E-0015   0.2016899E+0002  -0.7259072E-0018  -0.6329030E-0017   0.1001360E-0003  -0.6000417E+0002
     1.84000   0.1417865E-0015   0.5425348E-0015   0.2016948E+0002  -0.7809644E-0018  -0.6938894E-0017   0.1064854E-0003  -0.6000454E+0002
     1.84800   0.1417865E-0015   0.0000000E+0000   0.2017003E+0002  -0.8419507E-0018  -0.7602968E-0017   0.1121735E-0003  -0.6000496E+0002
     1.85600   0.1432231E-0015   0.1808449E-0015   0.2017064E+0002  -0.9097134E-0018  -0.8348357E-0017   0.1171683E-0003  -0.6000543E+0002
     1.86400   0.1446868E-0015   0.1808449E-0015   0.2017130E+0002  -0.9825582E-0018  -0.9161508E-0017   0.1214486E-0003  -0.6000594E+0002
     1.87200   0.1461233E-0015   0.1808449E-0015   0.2017201E+0002  -0.1063873E-0017  -0.1006953E-0016   0.1249984E-0003  -0.6000651E+0002
     1.88000   0.1475599E-0015   0.1808449E-0015   0.2017278E+0002  -0.1151965E-0017  -0.1103176E-0016   0.1278007E-0003  -0.6000712E+0002
     1.88800   0.1518967E-0015   0.5425348E-0015   0.2017360E+0002  -0.1246832E-0017  -0.1207530E-0016   0.1298326E-0003  -0.6000777E+0002
     1.89600   0.1533333E-0015   0.1808449E-0015   0.2017447E+0002  -0.1351865E-0017  -0.1320016E-0016   0.1310610E-0003  -0.6000846E+0002
     1.90400   0.1547699E-0015   0.1808449E-0015   0.2017538E+0002  -0.1465367E-0017  -0.1436568E-0016   0.1314418E-0003  -0.6000919E+0002
     1.91200   0.1591067E-0015   0.5425348E-0015   0.2017634E+0002  -0.1590728E-0017  -0.1561251E-0016   0.1309206E-0003  -0.6000995E+0002
     1.92000   0.1605703E-0015   0.1808449E-0015   0.2017733E+0002  -0.1727947E-0017  -0.1694066E-0016   0.1294380E-0003  -0.6001073E+0002
     1.92800   0.1619798E-0015   0.1808449E-0015   0.2017836E+0002  -0.1873637E-0017  -0.1824170E-0016   0.1269378E-0003  -0.6001154E+0002
     1.93600   0.1649072E-0015   0.3616898E-0015   0.2017941E+0002  -0.2032879E-0017  -0.1965116E-0016   0.1233798E-0003  -0.6001236E+0002
     1.94400   0.1663708E-0015   0.1808449E-0015   0.2018050E+0002  -0.2202286E-0017  -0.2111484E-0016   0.1187572E-0003  -0.6001320E+0002
     1.95200   0.1663166E-0015   0.0000000E+0000   0.2018161E+0002  -0.2381857E-0017  -0.2257851E-0016   0.1131179E-0003  -0.6001405E+0002
     1.96000   0.1677803E-0015   0.1808449E-0015   0.2018275E+0002  -0.2574980E-0017  -0.2406929E-0016   0.1065920E-0003  -0.6001491E+0002
     1.96800   0.1692440E-0015   0.1808449E-0015   0.2018392E+0002  -0.2781656E-0017  -0.2558717E-0016   0.9942233E-0004  -0.6001577E+0002
     1.97600   0.1692440E-0015   0.0000000E+0000   0.2018511E+0002  -0.3001885E-0017  -0.2726768E-0016   0.9199975E-0004  -0.6001662E+0002
     1.98400   0.1735808E-0015   0.5429684E-0015   0.2018632E+0002  -0.3232278E-0017  -0.2883978E-0016   0.8489817E-0004  -0.6001746E+0002
     1.99200   0.1735808E-0015   0.8673617E-0018   0.2018755E+0002  -0.3476223E-0017  -0.3046608E-0016   0.7890778E-0004  -0.6001829E+0002
     2.00000   0.1735808E-0015   0.8673617E-0018   0.2018881E+0002  -0.3733721E-0017  -0.3214659E-0016   0.7506025E-0004  -0.6001909E+0002
     2.00800   0.1749902E-0015   0.1821460E-0015   0.2019008E+0002  -0.4004772E-0017  -0.3388132E-0016   0.7464013E-0004  -0.6001986E+0002
     2.01600   0.1763997E-0015   0.1821460E-0015   0.2019137E+0002  -0.4289375E-0017  -0.3561604E-0016   0.7917581E-0004  -0.6002058E+0002
     2.02400   0.1749902E-0015  -0.1795439E-0015   0.2019267E+0002  -0.4587530E-0017  -0.3735076E-0016   0.9040396E-0004  -0.6002125E+0002
     2.03200   0.1779176E-0015   0.3634246E-0015   0.2019397E+0002  -0.4906015E-0017  -0.3913970E-0016   0.1102036E-0003  -0.6002184E+0002
     2.04000   0.1779176E-0015   0.1734723E-0017   0.2019528E+0002  -0.5231275E-0017  -0.4087442E-0016   0.1404987E-0003  -0.6002236E+0002
     2.04800   0.1808449E-0015   0.3634246E-0015   0.2019660E+0002  -0.5576865E-0017  -0.4260915E-0016   0.1831333E-0003  -0.6002278E+0002
     2.05600   0.1822544E-0015   0.1821460E-0015   0.2019792E+0002  -0.5922454E-0017  -0.4445229E-0016   0.2397261E-0003  -0.6002311E+0002
     2.06400   0.1880007E-0015   0.7251144E-0015   0.2019925E+0002  -0.6288373E-0017  -0.4618701E-0016   0.3115201E-0003  -0.6002334E+0002
     2.07200   0.1923375E-0015   0.5438358E-0015   0.2020060E+0002  -0.6681396E-0017  -0.4803016E-0016   0.3992415E-0003  -0.6002348E+0002
     2.08000   0.1908196E-0015  -0.1795439E-0015   0.2020198E+0002  -0.7074419E-0017  -0.4987330E-0016   0.5029893E-0003  -0.6002352E+0002
     2.08800   0.1908196E-0015   0.1734723E-0017   0.2020340E+0002  -0.7480995E-0017  -0.5171644E-0016   0.6221741E-0003  -0.6002347E+0002
     2.09600   0.1910364E-0015   0.1734723E-0017   0.2020487E+0002  -0.7901123E-0017  -0.5366801E-0016   0.7555235E-0003  -0.6002334E+0002
     2.10400   0.1923375E-0015   0.1830133E-0015   0.2020641E+0002  -0.8348357E-0017  -0.5572799E-0016   0.9011650E-0003  -0.6002312E+0002
     2.11200   0.1936385E-0015   0.1830133E-0015   0.2020801E+0002  -0.8809143E-0017  -0.5789640E-0016   0.1056790E-0002  -0.6002283E+0002
     2.12000   0.1979753E-0015   0.5447032E-0015   0.2020969E+0002  -0.9283481E-0017  -0.5984796E-0016   0.1219893E-0002  -0.6002244E+0002
     2.12800   0.1979753E-0015   0.1734723E-0017   0.2021144E+0002  -0.9784925E-0017  -0.6223320E-0016   0.1388059E-0002  -0.6002197E+0002
     2.13600   0.1951564E-0015  -0.3599551E-0015   0.2021325E+0002  -0.1029992E-0016  -0.6461845E-0016   0.1559283E-0002  -0.6002138E+0002
     2.14400   0.1979753E-0015   0.3634246E-0015   0.2021513E+0002  -0.1084202E-0016  -0.6700369E-0016   0.1732250E-0002  -0.6002068E+0002
     2.15200   0.1992764E-0015   0.1830133E-0015   0.2021705E+0002  -0.1138412E-0016  -0.6960578E-0016   0.1906556E-0002  -0.6001983E+0002
     2.16000   0.1992764E-0015   0.1734723E-0017   0.2021901E+0002  -0.1195333E-0016  -0.7220786E-0016   0.2082790E-0002  -0.6001882E+0002
     2.16800   0.2036132E-0015   0.5447032E-0015   0.2022101E+0002  -0.1254964E-0016  -0.7480995E-0016   0.2262453E-0002  -0.6001764E+0002
     2.17600   0.2064321E-0015   0.3634246E-0015   0.2022305E+0002  -0.1317306E-0016  -0.7762888E-0016   0.2447681E-0002  -0.6001629E+0002
     2.18400   0.2094679E-0015   0.3634246E-0015   0.2022515E+0002  -0.1382358E-0016  -0.8044780E-0016   0.2640789E-0002  -0.6001478E+0002
     2.19200   0.2079500E-0015  -0.1795439E-0015   0.2022733E+0002  -0.1450120E-0016  -0.8326673E-0016   0.2843675E-0002  -0.6001311E+0002
     2.20000   0.2064321E-0015  -0.1795439E-0015   0.2022961E+0002  -0.1520594E-0016  -0.8608565E-0016   0.3057164E-0002  -0.6001131E+0002
     2.20800   0.2079500E-0015   0.1821460E-0015   0.2023204E+0002  -0.1593777E-0016  -0.8933826E-0016   0.3280401E-0002  -0.6000942E+0002
     2.21600   0.2122868E-0015   0.5438358E-0015   0.2023466E+0002  -0.1669671E-0016  -0.9259087E-0016   0.3510406E-0002  -0.6000748E+0002
     2.22400   0.2153226E-0015   0.3629909E-0015   0.2023749E+0002  -0.1745565E-0016  -0.9606031E-0016   0.3741872E-0002  -0.6000554E+0002
     2.23200   0.2168404E-0015   0.1821460E-0015   0.2024058E+0002  -0.1826881E-0016  -0.9974660E-0016   0.3967285E-0002  -0.6000363E+0002
     2.24000   0.2183583E-0015   0.1821460E-0015   0.2024394E+0002  -0.1908196E-0016  -0.1040834E-0015   0.4177353E-0002  -0.6000179E+0002
     2.24800   0.2170573E-0015  -0.1795439E-0015   0.2024758E+0002  -0.1994932E-0016  -0.1086371E-0015   0.4361683E-0002  -0.6000006E+0002
     2.25600   0.2198762E-0015   0.3629909E-0015   0.2025151E+0002  -0.2087089E-0016  -0.1136244E-0015   0.4509632E-0002  -0.5999846E+0002
     2.26400   0.2213941E-0015   0.1821460E-0015   0.2025572E+0002  -0.2179246E-0016  -0.1188286E-0015   0.4611176E-0002  -0.5999701E+0002
     2.27200   0.2244298E-0015   0.3629909E-0015   0.2026017E+0002  -0.2282246E-0016  -0.1246832E-0015   0.4657701E-0002  -0.5999573E+0002
     2.28000   0.2259477E-0015   0.1819291E-0015   0.2026483E+0002  -0.2390666E-0016  -0.1307548E-0015   0.4642626E-0002  -0.5999461E+0002
     2.28800   0.2333203E-0015   0.9053088E-0015   0.2026967E+0002  -0.2499086E-0016  -0.1370432E-0015   0.4561816E-0002  -0.5999365E+0002
     2.29600   0.2361392E-0015   0.3627740E-0015   0.2027464E+0002  -0.2612927E-0016  -0.1435484E-0015   0.4413795E-0002  -0.5999284E+0002
     2.30400   0.2435118E-0015   0.9053088E-0015   0.2027970E+0002  -0.2737610E-0016  -0.1504873E-0015   0.4199787E-0002  -0.5999219E+0002
     2.31200   0.2476318E-0015   0.5436190E-0015   0.2028479E+0002  -0.2867715E-0016  -0.1574262E-0015   0.3923634E-0002  -0.5999166E+0002
     2.32000   0.2563054E-0015   0.1086154E-0014   0.2028986E+0002  -0.2997819E-0016  -0.1643650E-0015   0.3591600E-0002  -0.5999124E+0002
     2.32800   0.2606422E-0015   0.5436190E-0015   0.2029488E+0002  -0.3133344E-0016  -0.1710871E-0015   0.3212073E-0002  -0.5999091E+0002
     2.33600   0.2667137E-0015   0.7244639E-0015   0.2029981E+0002  -0.3274291E-0016  -0.1780260E-0015   0.2795122E-0002  -0.5999064E+0002
     2.34400   0.2710505E-0015   0.5436190E-0015   0.2030462E+0002  -0.3420658E-0016  -0.1845312E-0015   0.2351887E-0002  -0.5999041E+0002
     2.35200   0.2740863E-0015   0.3627740E-0015   0.2030931E+0002  -0.3572446E-0016  -0.1912533E-0015   0.1893794E-0002  -0.5999020E+0002
     2.36000   0.2810252E-0015   0.9053088E-0015   0.2031387E+0002  -0.3729655E-0016  -0.1977585E-0015   0.1431619E-0002  -0.5998999E+0002
     2.36800   0.2853620E-0015   0.5436190E-0015   0.2031834E+0002  -0.3892286E-0016  -0.2038300E-0015   0.9744950E-0003  -0.5998977E+0002
     2.37600   0.2896988E-0015   0.5436190E-0015   0.2032274E+0002  -0.4054916E-0016  -0.2096847E-0015   0.5289988E-0003  -0.5998954E+0002
     2.38400   0.2966377E-0015   0.9053088E-0015   0.2032712E+0002  -0.4228388E-0016  -0.2157562E-0015   0.9846256E-0004  -0.5998930E+0002
     2.39200   0.2996735E-0015   0.3627740E-0015   0.2033152E+0002  -0.4401861E-0016  -0.2218278E-0015  -0.3173294E-0003  -0.5998906E+0002
     2.40000   0.3070461E-0015   0.9053088E-0015   0.2033597E+0002  -0.4586175E-0016  -0.2277909E-0015  -0.7219692E-0003  -0.5998884E+0002
     2.40800   0.3126839E-0015   0.7244774E-0015   0.2034050E+0002  -0.4770490E-0016  -0.2338624E-0015  -0.1121757E-0002  -0.5998863E+0002
     2.41600   0.3170207E-0015   0.5436190E-0015   0.2034512E+0002  -0.4965646E-0016  -0.2400424E-0015  -0.1524615E-0002  -0.5998847E+0002
     2.42400   0.3213575E-0015   0.5436190E-0015   0.2034983E+0002  -0.5171644E-0016  -0.2463307E-0015  -0.1938748E-0002  -0.5998835E+0002
     2.43200   0.3256943E-0015   0.5436190E-0015   0.2035462E+0002  -0.5377643E-0016  -0.2527275E-0015  -0.2371298E-0002  -0.5998829E+0002
     2.44000   0.3317659E-0015   0.7244639E-0015   0.2035945E+0002  -0.5583641E-0016  -0.2592327E-0015  -0.2827244E-0002  -0.5998829E+0002
     2.44800   0.3348016E-0015   0.3627740E-0015   0.2036431E+0002  -0.5800482E-0016  -0.2657922E-0015  -0.3308781E-0002  -0.5998836E+0002
     2.45600   0.3391384E-0015   0.5436461E-0015   0.2036916E+0002  -0.6017322E-0016  -0.2724058E-0015  -0.3815306E-0002  -0.5998849E+0002
     2.46400   0.3465110E-0015   0.9053359E-0015   0.2037401E+0002  -0.6245005E-0016  -0.2788026E-0015  -0.4344023E-0002  -0.5998868E+0002
     2.47200   0.3495468E-0015   0.3627740E-0015   0.2037884E+0002  -0.6472687E-0016  -0.2854975E-0015  -0.4891015E-0002  -0.5998894E+0002
     2.48000   0.3525825E-0015   0.3627740E-0015   0.2038367E+0002  -0.6711211E-0016  -0.2920976E-0015  -0.5452516E-0002  -0.5998926E+0002
     2.48800   0.3569194E-0015   0.5436190E-0015   0.2038850E+0002  -0.6949736E-0016  -0.2986977E-0015  -0.6026082E-0002  -0.5998964E+0002
     2.49600   0.3595214E-0015   0.3627740E-0015   0.2039335E+0002  -0.7199102E-0016  -0.3052029E-0015  -0.6611360E-0002  -0.5999007E+0002
     2.50400   0.3651593E-0015   0.7244639E-0015   0.2039823E+0002  -0.7448469E-0016  -0.3116539E-0015  -0.7210280E-0002  -0.5999057E+0002
     2.51200   0.3681951E-0015   0.3627740E-0015   0.2040313E+0002  -0.7708677E-0016  -0.3184302E-0015  -0.7826673E-0002  -0.5999112E+0002
     2.52000   0.3751340E-0015   0.9053088E-0015   0.2040805E+0002  -0.7968886E-0016  -0.3251522E-0015  -0.8465467E-0002  -0.5999172E+0002
     2.52800   0.3781697E-0015   0.3627740E-0015   0.2041295E+0002  -0.8239937E-0016  -0.3317659E-0015  -0.9131742E-0002  -0.5999238E+0002
     2.53600   0.3825065E-0015   0.5436190E-0015   0.2041781E+0002  -0.8510987E-0016  -0.3382711E-0015  -0.9829960E-0002  -0.5999308E+0002
     2.54400   0.3853255E-0015   0.3627740E-0015   0.2042257E+0002  -0.8782038E-0016  -0.3447763E-0015  -0.1056363E-0001  -0.5999381E+0002
     2.55200   0.3881444E-0015   0.3627740E-0015   0.2042720E+0002  -0.9063930E-0016  -0.3514983E-0015  -0.1133547E-0001  -0.5999455E+0002
     2.56000   0.3924812E-0015   0.5436190E-0015   0.2043165E+0002  -0.9356665E-0016  -0.3580036E-0015  -0.1214802E-0001  -0.5999528E+0002
     2.56800   0.3968180E-0015   0.5436190E-0015   0.2043588E+0002  -0.9649399E-0016  -0.3640751E-0015  -0.1300446E-0001  -0.5999598E+0002
     2.57600   0.4039737E-0015   0.9053088E-0015   0.2043983E+0002  -0.9942134E-0016  -0.3694961E-0015  -0.1390924E-0001  -0.5999662E+0002
     2.58400   0.4083105E-0015   0.5436190E-0015   0.2044345E+0002  -0.1024029E-0015  -0.3755676E-0015  -0.1486835E-0001  -0.5999718E+0002
     2.59200   0.4126473E-0015   0.5436190E-0015   0.2044668E+0002  -0.1054387E-0015  -0.3794708E-0015  -0.1588900E-0001  -0.5999763E+0002
     2.60000   0.4169842E-0015   0.5436190E-0015   0.2044945E+0002  -0.1085286E-0015  -0.3842412E-0015  -0.1697871E-0001  -0.5999795E+0002
     2.60800   0.4213210E-0015   0.5436190E-0015   0.2045167E+0002  -0.1116186E-0015  -0.3881444E-0015  -0.1814412E-0001  -0.5999812E+0002
     2.61600   0.4241399E-0015   0.3627740E-0015   0.2045327E+0002  -0.1147086E-0015  -0.3911801E-0015  -0.1938972E-0001  -0.5999811E+0002
     2.62400   0.4299946E-0015   0.7244639E-0015   0.2045414E+0002  -0.1178528E-0015  -0.3937822E-0015  -0.2071676E-0001  -0.5999790E+0002
     2.63200   0.4343314E-0015   0.5436190E-0015   0.2045422E+0002  -0.1209970E-0015  -0.3946496E-0015  -0.2212261E-0001  -0.5999747E+0002
     2.64000   0.4414871E-0015   0.9053088E-0015   0.2045344E+0002  -0.1241411E-0015  -0.3946496E-0015  -0.2360050E-0001  -0.5999681E+0002
     2.64800   0.4473418E-0015   0.7244639E-0015   0.2045175E+0002  -0.1272853E-0015  -0.3933485E-0015  -0.2513950E-0001  -0.5999590E+0002
     2.65600   0.4531965E-0015   0.7244639E-0015   0.2044916E+0002  -0.1304024E-0015  -0.3916138E-0015  -0.2672478E-0001  -0.5999476E+0002
     2.66400   0.4560154E-0015   0.3627740E-0015   0.2044566E+0002  -0.1335195E-0015  -0.3877107E-0015  -0.2833788E-0001  -0.5999339E+0002
     2.67200   0.4588344E-0015   0.3627740E-0015   0.2044129E+0002  -0.1365824E-0015  -0.3842412E-0015  -0.2995705E-0001  -0.5999183E+0002
     2.68000   0.4603522E-0015   0.1819291E-0015   0.2043611E+0002  -0.1396181E-0015  -0.3773024E-0015  -0.3155777E-0001  -0.5999011E+0002
     2.68800   0.4616533E-0015   0.1819291E-0015   0.2043019E+0002  -0.1425861E-0015  -0.3703635E-0015  -0.3311340E-0001  -0.5998828E+0002
     2.69600   0.4631712E-0015   0.1819291E-0015   0.2042365E+0002  -0.1454728E-0015  -0.3625572E-0015  -0.3459599E-0001  -0.5998641E+0002
     2.70400   0.4646891E-0015   0.1819291E-0015   0.2041660E+0002  -0.1483121E-0015  -0.3547510E-0015  -0.3597740E-0001  -0.5998454E+0002
     2.71200   0.4703269E-0015   0.7244639E-0015   0.2040919E+0002  -0.1510632E-0015  -0.3434752E-0015  -0.3723047E-0001  -0.5998274E+0002
     2.72000   0.4746637E-0015   0.5436190E-0015   0.2040157E+0002  -0.1537331E-0015  -0.3339343E-0015  -0.3833037E-0001  -0.5998107E+0002
     2.72800   0.4818194E-0015   0.9052004E-0015   0.2039393E+0002  -0.1563284E-0015  -0.3235259E-0015  -0.3925608E-0001  -0.5997959E+0002
     2.73600   0.4861563E-0015   0.5436190E-0015   0.2038644E+0002  -0.1588085E-0015  -0.3122502E-0015  -0.3999174E-0001  -0.5997833E+0002
     2.74400   0.4874573E-0015   0.1819291E-0015   0.2037928E+0002  -0.1612209E-0015  -0.3027092E-0015  -0.4052794E-0001  -0.5997736E+0002
     2.75200   0.4902762E-0015   0.3627740E-0015   0.2037261E+0002  -0.1635519E-0015  -0.2940356E-0015  -0.4086268E-0001  -0.5997669E+0002
     2.76000   0.4961309E-0015   0.7244097E-0015   0.2036657E+0002  -0.1658287E-0015  -0.2853620E-0015  -0.4100202E-0001  -0.5997633E+0002
     2.76800   0.4991667E-0015   0.3627198E-0015   0.2036125E+0002  -0.1679971E-0015  -0.2749537E-0015  -0.4096018E-0001  -0.5997629E+0002
     2.77600   0.5050214E-0015   0.7244232E-0015   0.2035673E+0002  -0.1701655E-0015  -0.2688821E-0015  -0.4075945E-0001  -0.5997654E+0002
     2.78400   0.5065393E-0015   0.1818749E-0015   0.2035303E+0002  -0.1722797E-0015  -0.2628106E-0015  -0.4042959E-0001  -0.5997704E+0002
     2.79200   0.5123939E-0015   0.7244097E-0015   0.2035015E+0002  -0.1743397E-0015  -0.2576064E-0015  -0.4000707E-0001  -0.5997774E+0002
     2.80000   0.5167308E-0015   0.5435648E-0015   0.2034805E+0002  -0.1763455E-0015  -0.2532696E-0015  -0.3953390E-0001  -0.5997856E+0002
     2.80800   0.5195497E-0015   0.3627198E-0015   0.2034666E+0002  -0.1783513E-0015  -0.2506675E-0015  -0.3905631E-0001  -0.5997944E+0002
     2.81600   0.5223686E-0015   0.3627198E-0015   0.2034585E+0002  -0.1804112E-0015  -0.2480655E-0015  -0.3862314E-0001  -0.5998029E+0002
     2.82400   0.5282233E-0015   0.7244097E-0015   0.2034551E+0002  -0.1823628E-0015  -0.2463307E-0015  -0.3828412E-0001  -0.5998103E+0002
     2.83200   0.5325601E-0015   0.5435715E-0015   0.2034547E+0002  -0.1843144E-0015  -0.2471981E-0015  -0.3808806E-0001  -0.5998159E+0002
     2.84000   0.5371138E-0015   0.5435783E-0015   0.2034557E+0002  -0.1862659E-0015  -0.2471981E-0015  -0.3808128E-0001  -0.5998189E+0002
     2.84800   0.5414506E-0015   0.5435648E-0015   0.2034564E+0002  -0.1882175E-0015  -0.2471981E-0015  -0.3830608E-0001  -0.5998189E+0002
     2.85600   0.5470884E-0015   0.7244368E-0015   0.2034551E+0002  -0.1902775E-0015  -0.2471981E-0015  -0.3879970E-0001  -0.5998154E+0002
     2.86400   0.5514252E-0015   0.5435648E-0015   0.2034503E+0002  -0.1922290E-0015  -0.2463307E-0015  -0.3959343E-0001  -0.5998080E+0002
     2.87200   0.5557620E-0015   0.5435648E-0015   0.2034406E+0002  -0.1942890E-0015  -0.2463307E-0015  -0.4071220E-0001  -0.5997967E+0002
     2.88000   0.5616167E-0015   0.7244097E-0015   0.2034250E+0002  -0.1963490E-0015  -0.2463307E-0015  -0.4217430E-0001  -0.5997813E+0002
     2.88800   0.5674714E-0015   0.7244097E-0015   0.2034025E+0002  -0.1983006E-0015  -0.2437286E-0015  -0.4399147E-0001  -0.5997620E+0002
     2.89600   0.5733261E-0015   0.7244097E-0015   0.2033725E+0002  -0.2001437E-0015  -0.2385245E-0015  -0.4616920E-0001  -0.5997391E+0002
     2.90400   0.5761450E-0015   0.3627198E-0015   0.2033346E+0002  -0.2020953E-0015  -0.2350550E-0015  -0.4870731E-0001  -0.5997129E+0002
     2.91200   0.5774461E-0015   0.1818749E-0015   0.2032886E+0002  -0.2040468E-0015  -0.2315856E-0015  -0.5160078E-0001  -0.5996837E+0002
     2.92000   0.5789640E-0015   0.1818749E-0015   0.2032345E+0002  -0.2059984E-0015  -0.2246467E-0015  -0.5484083E-0001  -0.5996520E+0002
     2.92800   0.5819997E-0015   0.3627198E-0015   0.2031723E+0002  -0.2077331E-0015  -0.2185752E-0015  -0.5841587E-0001  -0.5996181E+0002
     2.93600   0.5863365E-0015   0.5435648E-0015   0.2031023E+0002  -0.2094679E-0015  -0.2072995E-0015  -0.6231215E-0001  -0.5995824E+0002
     2.94400   0.5906733E-0015   0.5435648E-0015   0.2030245E+0002  -0.2109857E-0015  -0.2003606E-0015  -0.6651397E-0001  -0.5995453E+0002
     2.95200   0.5921912E-0015   0.1818749E-0015   0.2029394E+0002  -0.2125036E-0015  -0.1899522E-0015  -0.7100313E-0001  -0.5995069E+0002
     2.96000   0.5952270E-0015   0.3627198E-0015   0.2028474E+0002  -0.2140215E-0015  -0.1786765E-0015  -0.7575802E-0001  -0.5994675E+0002
     2.96800   0.6010817E-0015   0.7244097E-0015   0.2027489E+0002  -0.2153226E-0015  -0.1639314E-0015  -0.8075254E-0001  -0.5994274E+0002
     2.97600   0.6069364E-0015   0.7244097E-0015   0.2026449E+0002  -0.2164068E-0015  -0.1526557E-0015  -0.8595524E-0001  -0.5993871E+0002
     2.98400   0.6112732E-0015   0.5436190E-0015   0.2025363E+0002  -0.2174910E-0015  -0.1370432E-0015  -0.9132895E-0001  -0.5993469E+0002
     2.99200   0.6097553E-0015  -0.1797607E-0015   0.2024243E+0002  -0.2185752E-0015  -0.1231654E-0015  -0.9683124E-0001  -0.5993074E+0002
     3.00000   0.6140921E-0015   0.5436190E-0015   0.2023107E+0002  -0.2194425E-0015  -0.1097213E-0015  -0.1024154E+0000  -0.5992690E+0002
     3.00800   0.6169110E-0015   0.3627740E-0015   0.2021970E+0002  -0.2200930E-0015  -0.9367507E-0016  -0.1080322E+0000  -0.5992324E+0002
     3.01600   0.6169110E-0015   0.1084202E-0017   0.2020853E+0002  -0.2207436E-0015  -0.7806256E-0016  -0.1136311E+0000  -0.5991982E+0002
     3.02400   0.6182121E-0015   0.1819291E-0015   0.2019775E+0002  -0.2211772E-0015  -0.6114900E-0016  -0.1191622E+0000  -0.5991668E+0002
     3.03200   0.6212478E-0015   0.3625572E-0015   0.2018758E+0002  -0.2216109E-0015  -0.4922278E-0016  -0.1245776E+0000  -0.5991388E+0002
     3.04000   0.6242836E-0015   0.3625572E-0015   0.2017821E+0002  -0.2218278E-0015  -0.3436921E-0016  -0.1298321E+0000  -0.5991146E+0002
     3.04800   0.6286204E-0015   0.5434021E-0015   0.2016983E+0002  -0.2220446E-0015  -0.2092510E-0016  -0.1348847E+0000  -0.5990946E+0002
     3.05600   0.6301383E-0015   0.1817123E-0015   0.2016263E+0002  -0.2222614E-0015  -0.1181780E-0016  -0.1396988E+0000  -0.5990789E+0002
     3.06400   0.6329572E-0015   0.3625572E-0015   0.2015678E+0002  -0.2222614E-0015  -0.2602085E-0017  -0.1442439E+0000  -0.5990678E+0002
     3.07200   0.6372940E-0015   0.5434021E-0015   0.2015244E+0002  -0.2220446E-0015   0.8023096E-0017  -0.1484961E+0000  -0.5990614E+0002
     3.08000   0.6401130E-0015   0.3625572E-0015   0.2014974E+0002  -0.2218278E-0015   0.1301043E-0016  -0.1524391E+0000  -0.5990595E+0002
     3.08800   0.6444498E-0015   0.5438358E-0015   0.2014879E+0002  -0.2216109E-0015   0.1951564E-0016  -0.1560652E+0000  -0.5990622E+0002
     3.09600   0.6457508E-0015   0.1821460E-0015   0.2014970E+0002  -0.2216109E-0015   0.1734723E-0016  -0.1593748E+0000  -0.5990693E+0002
     3.10400   0.6500876E-0015   0.5438358E-0015   0.2015251E+0002  -0.2213941E-0015   0.1517883E-0016  -0.1623761E+0000  -0.5990803E+0002
     3.11200   0.6531234E-0015   0.3625572E-0015   0.2015727E+0002  -0.2213941E-0015   0.1301043E-0016  -0.1650838E+0000  -0.5990948E+0002
     3.12000   0.6578939E-0015   0.5438358E-0015   0.2016399E+0002  -0.2211772E-0015   0.6938894E-0017  -0.1675179E+0000  -0.5991121E+0002
     3.12800   0.6609296E-0015   0.3634246E-0015   0.2017270E+0002  -0.2211772E-0015  -0.3469447E-0017  -0.1697019E+0000  -0.5991317E+0002
     3.13600   0.6639654E-0015   0.3634246E-0015   0.2018337E+0002  -0.2213941E-0015  -0.1214306E-0016  -0.1716618E+0000  -0.5991525E+0002
     3.14400   0.6683022E-0015   0.5438358E-0015   0.2019600E+0002  -0.2216109E-0015  -0.2688821E-0016  -0.1734251E+0000  -0.5991738E+0002
     3.15200   0.6713380E-0015   0.3625572E-0015   0.2021059E+0002  -0.2220446E-0015  -0.4336809E-0016  -0.1750210E+0000  -0.5991946E+0002
     3.16000   0.6743738E-0015   0.3625572E-0015   0.2022712E+0002  -0.2224783E-0015  -0.6245005E-0016  -0.1764804E+0000  -0.5992140E+0002
     3.16800   0.6774095E-0015   0.3625572E-0015   0.2024555E+0002  -0.2231288E-0015  -0.8413409E-0016  -0.1778368E+0000  -0.5992308E+0002
     3.17600   0.6800116E-0015   0.3625572E-0015   0.2026584E+0002  -0.2242130E-0015  -0.1101549E-0015  -0.1791261E+0000  -0.5992438E+0002
     3.18400   0.6886852E-0015   0.1085937E-0014   0.2028785E+0002  -0.2252972E-0015  -0.1370432E-0015  -0.1803874E+0000  -0.5992519E+0002
     3.19200   0.6960578E-0015   0.9046583E-0015   0.2031136E+0002  -0.2268151E-0015  -0.1717376E-0015  -0.1816620E+0000  -0.5992533E+0002
     3.20000   0.7021293E-0015   0.7233797E-0015   0.2033606E+0002  -0.2284414E-0015  -0.2046974E-0015  -0.1829896E+0000  -0.5992466E+0002
     3.20800   0.7064661E-0015   0.5429684E-0015   0.2036144E+0002  -0.2303930E-0015  -0.2341877E-0015  -0.1844092E+0000  -0.5992299E+0002
     3.21600   0.7151398E-0015   0.1085070E-0014   0.2038683E+0002  -0.2325614E-0015  -0.2723516E-0015  -0.1859630E+0000  -0.5992015E+0002
     3.22400   0.7194766E-0015   0.5429684E-0015   0.2041131E+0002  -0.2349466E-0015  -0.3027092E-0015  -0.1876325E+0000  -0.5991600E+0002
     3.23200   0.7281502E-0015   0.1085937E-0014   0.2043376E+0002  -0.2376571E-0015  -0.3374037E-0015  -0.1893829E+0000  -0.5991042E+0002
     3.24000   0.7324870E-0015   0.5438358E-0015   0.2045296E+0002  -0.2405845E-0015  -0.3733992E-0015  -0.1912624E+0000  -0.5990334E+0002
     3.24800   0.7350891E-0015   0.3625572E-0015   0.2046838E+0002  -0.2437286E-0015  -0.3950833E-0015  -0.1935962E+0000  -0.5989492E+0002
     3.25600   0.7381248E-0015   0.3625572E-0015   0.2049505E+0002  -0.2470897E-0015  -0.4185020E-0015  -0.1985176E+0000  -0.5988577E+0002
     3.26400   0.7398596E-0015   0.1821460E-0015   0.2055067E+0002  -0.2507760E-0015  -0.4544976E-0015  -0.2041395E+0000  -0.5987675E+0002
     3.27200   0.7398596E-0015   0.8673617E-0018   0.2063744E+0002  -0.2550044E-0015  -0.5299580E-0015  -0.2086709E+0000  -0.5986849E+0002
     3.28000   0.7411606E-0015   0.1821460E-0015   0.2074784E+0002  -0.2602085E-0015  -0.6465098E-0015  -0.2111879E+0000  -0.5986188E+0002
     3.28800   0.7454974E-0015   0.5438358E-0015   0.2076283E+0002  -0.2664969E-0015  -0.7927686E-0015  -0.2107641E+0000  -0.5985829E+0002
     3.29600   0.1085780E-0003   0.1357225E-0001   0.2076111E+0002  -0.1102179E-0005  -0.1377723E-0003  -0.2093020E+0000  -0.5985915E+0002
     3.30400   0.3940433E-0003   0.3568316E-0001   0.2075790E+0002  -0.3980082E-0005  -0.3597378E-0003  -0.2082073E+0000  -0.5986527E+0002
     3.31200   0.8480151E-0003   0.5674647E-0001   0.2075326E+0002  -0.8533542E-0005  -0.5691825E-0003  -0.2078479E+0000  -0.5987638E+0002
     3.32000   0.1416132E-0002   0.7101461E-0001   0.2074786E+0002  -0.1422334E-0004  -0.7112252E-0003  -0.2076570E+0000  -0.5989148E+0002
     3.32800   0.2046069E-0002   0.7874206E-0001   0.2074233E+0002  -0.2052813E-0004  -0.7880977E-0003  -0.2055845E+0000  -0.5990951E+0002
     3.33600   0.2719443E-0002   0.8417185E-0001   0.2073678E+0002  -0.2720218E-0004  -0.8342565E-0003  -0.2006730E+0000  -0.5992978E+0002
     3.34400   0.3474569E-0002   0.9439064E-0001   0.2073057E+0002  -0.3450964E-0004  -0.9134327E-0003  -0.1944503E+0000  -0.5995254E+0002
     3.35200   0.4379421E-0002   0.1131066E+0000   0.2072243E+0002  -0.4299706E-0004  -0.1060927E-0002  -0.1885839E+0000  -0.5997791E+0002
     3.36000   0.5481898E-0002   0.1378096E+0000   0.2071099E+0002  -0.5303012E-0004  -0.1254133E-0002  -0.1840754E+0000  -0.6000452E+0002
     3.36800   0.6777938E-0002   0.1620050E+0000   0.2069533E+0002  -0.6454908E-0004  -0.1439870E-0002  -0.1810313E+0000  -0.6002953E+0002
     3.37600   0.8217733E-0002   0.1799744E+0000   0.2067547E+0002  -0.7714361E-0004  -0.1574317E-0002  -0.1786767E+0000  -0.6005028E+0002
     3.38400   0.9740233E-0002   0.1903124E+0000   0.2065232E+0002  -0.9030100E-0004  -0.1644673E-0002  -0.1760128E+0000  -0.6006599E+0002
     3.39200   0.1131162E-0001   0.1964234E+0000   0.2062703E+0002  -0.1036934E-0003  -0.1674051E-0002  -0.1724753E+0000  -0.6007818E+0002
     3.40000   0.1294111E-0001   0.2036868E+0000   0.2060023E+0002  -0.1173186E-0003  -0.1703150E-0002  -0.1681917E+0000  -0.6008916E+0002
     3.40800   0.1466531E-0001   0.2155249E+0000   0.2057159E+0002  -0.1313959E-0003  -0.1759665E-0002  -0.1638032E+0000  -0.6010001E+0002
     3.41600   0.1651518E-0001   0.2312335E+0000   0.2054019E+0002  -0.1461257E-0003  -0.1841218E-0002  -0.1600503E+0000  -0.6010972E+0002
     3.42400   0.1849014E-0001   0.2468691E+0000   0.2050535E+0002  -0.1615146E-0003  -0.1923618E-0002  -0.1573346E+0000  -0.6011630E+0002
     3.43200   0.2055606E-0001   0.2582405E+0000   0.2046736E+0002  -0.1773662E-0003  -0.1981442E-0002  -0.1555053E+0000  -0.6011872E+0002
     3.44000   0.2266637E-0001   0.2637886E+0000   0.2042748E+0002  -0.1933997E-0003  -0.2004191E-0002  -0.1539609E+0000  -0.6011801E+0002
     3.44800   0.2478976E-0001   0.2654240E+0000   0.2038710E+0002  -0.2094036E-0003  -0.2000488E-0002  -0.1520191E+0000  -0.6011656E+0002
     3.45600   0.2692535E-0001   0.2669484E+0000   0.2034692E+0002  -0.2253279E-0003  -0.1990535E-0002  -0.1493508E+0000  -0.6011636E+0002
     3.46400   0.2909626E-0001   0.2713644E+0000   0.2030660E+0002  -0.2412629E-0003  -0.1991873E-0002  -0.1461885E+0000  -0.6011770E+0002
     3.47200   0.3132828E-0001   0.2790021E+0000   0.2026528E+0002  -0.2573313E-0003  -0.2008554E-0002  -0.1431413E+0000  -0.6011948E+0002
     3.48000   0.3362940E-0001   0.2876400E+0000   0.2022240E+0002  -0.2735850E-0003  -0.2031709E-0002  -0.1407533E+0000  -0.6012049E+0002
     3.48800   0.3598398E-0001   0.2943229E+0000   0.2017816E+0002  -0.2899735E-0003  -0.2048566E-0002  -0.1391277E+0000  -0.6012050E+0002
     3.49600   0.3836360E-0001   0.2974521E+0000   0.2013334E+0002  -0.3063809E-0003  -0.2050922E-0002  -0.1378738E+0000  -0.6012015E+0002
     3.50400   0.4074520E-0001   0.2977000E+0000   0.2008853E+0002  -0.3226902E-0003  -0.2038660E-0002  -0.1364045E+0000  -0.6011998E+0002
     3.51200   0.4312345E-0001   0.2972810E+0000   0.2004376E+0002  -0.3388389E-0003  -0.2018587E-0002  -0.1343618E+0000  -0.6011971E+0002
     3.52000   0.4550984E-0001   0.2982987E+0000   0.1999855E+0002  -0.3548358E-0003  -0.1999622E-0002  -0.1318511E+0000  -0.6011855E+0002
     3.52800   0.4792121E-0001   0.3014207E+0000   0.1995247E+0002  -0.3707341E-0003  -0.1987277E-0002  -0.1293206E+0000  -0.6011619E+0002
     3.53600   0.5036698E-0001   0.3057214E+0000   0.1990558E+0002  -0.3865862E-0003  -0.1981512E-0002  -0.1272125E+0000  -0.6011332E+0002
     3.54400   0.5284380E-0001   0.3096028E+0000   0.1985836E+0002  -0.4024150E-0003  -0.1978608E-0002  -0.1256649E+0000  -0.6011124E+0002
     3.55200   0.5533971E-0001   0.3119890E+0000   0.1981130E+0002  -0.4182093E-0003  -0.1974286E-0002  -0.1244646E+0000  -0.6011071E+0002
     3.56000   0.5784330E-0001   0.3129488E+0000   0.1976445E+0002  -0.4339381E-0003  -0.1966102E-0002  -0.1232417E+0000  -0.6011126E+0002
     3.56800   0.6035093E-0001   0.3134534E+0000   0.1971747E+0002  -0.4495745E-0003  -0.1954547E-0002  -0.1217387E+0000  -0.6011166E+0002
     3.57600   0.6286779E-0001   0.3146076E+0000   0.1967004E+0002  -0.4651140E-0003  -0.1942435E-0002  -0.1199583E+0000  -0.6011119E+0002
     3.58400   0.6540349E-0001   0.3169622E+0000   0.1962219E+0002  -0.4805780E-0003  -0.1933004E-0002  -0.1181179E+0000  -0.6011054E+0002
     3.59200   0.6796604E-0001   0.3203193E+0000   0.1957432E+0002  -0.4960036E-0003  -0.1928197E-0002  -0.1164783E+0000  -0.6011136E+0002
     3.60000   0.7055820E-0001   0.3240201E+0000   0.1952676E+0002  -0.5114284E-0003  -0.1928102E-0002  -0.1151808E+0000  -0.6011487E+0002
     3.60800   0.7317751E-0001   0.3274135E+0000   0.1947940E+0002  -0.5268787E-0003  -0.1931285E-0002  -0.1141842E+0000  -0.6012058E+0002
     3.61600   0.7581897E-0001   0.3301825E+0000   0.1943166E+0002  -0.5423624E-0003  -0.1935461E-0002  -0.1133143E+0000  -0.6012644E+0002
     3.62400   0.7847812E-0001   0.3323942E+0000   0.1938293E+0002  -0.5578690E-0003  -0.1938332E-0002  -0.1123809E+0000  -0.6013029E+0002
     3.63200   0.8115284E-0001   0.3343391E+0000   0.1933306E+0002  -0.5733768E-0003  -0.1938475E-0002  -0.1112941E+0000  -0.6013151E+0002
     3.64000   0.8384332E-0001   0.3363110E+0000   0.1928247E+0002  -0.5888651E-0003  -0.1936032E-0002  -0.1101177E+0000  -0.6013143E+0002
     3.64800   0.8655094E-0001   0.3384516E+0000   0.1923184E+0002  -0.6043276E-0003  -0.1932818E-0002  -0.1090295E+0000  -0.6013221E+0002
     3.65600   0.8927657E-0001   0.3407037E+0000   0.1918152E+0002  -0.6197798E-0003  -0.1931523E-0002  -0.1082021E+0000  -0.6013504E+0002
     3.66400   0.9201944E-0001   0.3428593E+0000   0.1913126E+0002  -0.6352522E-0003  -0.1934054E-0002  -0.1076748E+0000  -0.6013911E+0002
     3.67200   0.9477673E-0001   0.3446608E+0000   0.1908043E+0002  -0.6507708E-0003  -0.1939824E-0002  -0.1073022E+0000  -0.6014225E+0002
     3.68000   0.9754394E-0001   0.3459010E+0000   0.1902851E+0002  -0.6663327E-0003  -0.1945236E-0002  -0.1068292E+0000  -0.6014259E+0002
     3.68800   0.1003158E+0000   0.3464820E+0000   0.1897556E+0002  -0.6818944E-0003  -0.1945207E-0002  -0.1060532E+0000  -0.6013990E+0002
     3.69600   0.1030871E+0000   0.3464157E+0000   0.1892214E+0002  -0.6973831E-0003  -0.1936095E-0002  -0.1049606E+0000  -0.6013565E+0002
     3.70400   0.1058534E+0000   0.3457868E+0000   0.1886891E+0002  -0.7127277E-0003  -0.1918070E-0002  -0.1037321E+0000  -0.6013171E+0002
     3.71200   0.1086111E+0000   0.3447111E+0000   0.1881620E+0002  -0.7278881E-0003  -0.1895054E-0002  -0.1025989E+0000  -0.6012889E+0002
     3.72000   0.1113576E+0000   0.3433086E+0000   0.1876382E+0002  -0.7428638E-0003  -0.1871956E-0002  -0.1016527E+0000  -0.6012641E+0002
     3.72800   0.1140910E+0000   0.3416780E+0000   0.1871130E+0002  -0.7576721E-0003  -0.1851035E-0002  -0.1007490E+0000  -0.6012273E+0002
     3.73600   0.1168099E+0000   0.3398578E+0000   0.1865839E+0002  -0.7723115E-0003  -0.1829928E-0002  -0.9958421E-0001  -0.6011684E+0002
     3.74400   0.1195122E+0000   0.3377889E+0000   0.1860524E+0002  -0.7867344E-0003  -0.1802859E-0002  -0.9789095E-0001  -0.6010917E+0002
     3.75200   0.1221948E+0000   0.3353307E+0000   0.1855242E+0002  -0.8008490E-0003  -0.1764333E-0002  -0.9560288E-0001  -0.6010129E+0002
     3.76000   0.1248537E+0000   0.3323664E+0000   0.1850050E+0002  -0.8145508E-0003  -0.1712724E-0002  -0.9286031E-0001  -0.6009483E+0002
     3.76800   0.1274853E+0000   0.3289457E+0000   0.1844972E+0002  -0.8277595E-0003  -0.1651091E-0002  -0.8986186E-0001  -0.6009040E+0002
     3.77600   0.1300881E+0000   0.3253499E+0000   0.1839992E+0002  -0.8404368E-0003  -0.1584661E-0002  -0.8665693E-0001  -0.6008736E+0002
     3.78400   0.1326639E+0000   0.3219723E+0000   0.1835069E+0002  -0.8525678E-0003  -0.1516373E-0002  -0.8302436E-0001  -0.6008451E+0002
     3.79200   0.1352162E+0000   0.3190364E+0000   0.1830170E+0002  -0.8641152E-0003  -0.1443422E-0002  -0.7863961E-0001  -0.6008099E+0002
     3.80000   0.1377472E+0000   0.3163772E+0000   0.1825294E+0002  -0.8749906E-0003  -0.1359425E-0002  -0.7315338E-0001  -0.6007685E+0002
     3.80800   0.1402544E+0000   0.3133964E+0000   0.1820465E+0002  -0.8850387E-0003  -0.1256017E-0002  -0.6635089E-0001  -0.6007279E+0002
     3.81600   0.1427292E+0000   0.3093578E+0000   0.1815722E+0002  -0.8940589E-0003  -0.1127523E-0002  -0.5890363E-0001  -0.6006951E+0002
     3.82400   0.1451619E+0000   0.3040845E+0000   0.1811082E+0002  -0.9019507E-0003  -0.9864773E-0003  -0.5194093E-0001  -0.6006704E+0002
     3.83200   0.1475443E+0000   0.2978015E+0000   0.1806541E+0002  -0.9087834E-0003  -0.8540800E-0003  -0.4635856E-0001  -0.6006473E+0002
     3.84000   0.1498731E+0000   0.2910960E+0000   0.1802080E+0002  -0.9147593E-0003  -0.7469962E-0003  -0.4230624E-0001  -0.6006173E+0002
     3.84800   0.1521522E+0000   0.2848927E+0000   0.1801724E+0002  -0.9201099E-0003  -0.6688239E-0003  -0.3955097E-0001  -0.6005760E+0002
     3.85600   0.1543545E+0000   0.2752777E+0000   0.1801572E+0002  -0.9249442E-0003  -0.6042825E-0003  -0.3772868E-0001  -0.6005254E+0002
     3.86400   0.1564809E+0000   0.2658028E+0000   0.1801417E+0002  -0.9293974E-0003  -0.5566465E-0003  -0.3705817E-0001  -0.6004734E+0002
     3.87200   0.1585553E+0000   0.2592998E+0000   0.1801278E+0002  -0.9336648E-0003  -0.5334232E-0003  -0.3759934E-0001  -0.6004274E+0002
     3.88000   0.1605992E+0000   0.2554926E+0000   0.1801165E+0002  -0.9379312E-0003  -0.5333074E-0003  -0.3889103E-0001  -0.6003898E+0002
     3.88800   0.1626129E+0000   0.2517105E+0000   0.1801071E+0002  -0.9422792E-0003  -0.5434970E-0003  -0.4019819E-0001  -0.6003585E+0002
     3.89600   0.1645771E+0000   0.2455248E+0000   0.1800981E+0002  -0.9466631E-0003  -0.5479879E-0003  -0.4094600E-0001  -0.6003285E+0002
     3.90400   0.1664778E+0000   0.2375891E+0000   0.1800884E+0002  -0.9509844E-0003  -0.5401680E-0003  -0.4112875E-0001  -0.6002962E+0002
     3.91200   0.1683237E+0000   0.2307331E+0000   0.1800783E+0002  -0.9552000E-0003  -0.5269503E-0003  -0.4044254E-0001  -0.6002627E+0002
     3.92000   0.1701371E+0000   0.2266812E+0000   0.1800687E+0002  -0.9592727E-0003  -0.5090876E-0003  -0.3914174E-0001  -0.6002303E+0002
     3.92800   0.1719314E+0000   0.2242818E+0000   0.1800599E+0002  -0.9631729E-0003  -0.4875240E-0003  -0.3770028E-0001  -0.6002009E+0002
     3.93600   0.1736978E+0000   0.2207970E+0000   0.1800519E+0002  -0.9668713E-0003  -0.4622968E-0003  -0.3647164E-0001  -0.6001742E+0002
     3.94400   0.1754162E+0000   0.2148110E+0000   0.1800447E+0002  -0.9703523E-0003  -0.4351250E-0003  -0.3554521E-0001  -0.6001500E+0002
     3.95200   0.1770774E+0000   0.2076503E+0000   0.1800383E+0002  -0.9736319E-0003  -0.4099523E-0003  -0.3470452E-0001  -0.6001287E+0002
     3.96000   0.1786930E+0000   0.2019454E+0000   0.1800328E+0002  -0.9767461E-0003  -0.3892737E-0003  -0.3361663E-0001  -0.6001103E+0002
     3.96800   0.1802849E+0000   0.1989904E+0000   0.1800279E+0002  -0.9797186E-0003  -0.3715650E-0003  -0.3209950E-0001  -0.6000940E+0002
     3.97600   0.1818657E+0000   0.1975974E+0000   0.1800230E+0002  -0.9825372E-0003  -0.3523219E-0003  -0.3026443E-0001  -0.6000776E+0002
     3.98400   0.1834289E+0000   0.1954002E+0000   0.1800179E+0002  -0.9851652E-0003  -0.3284955E-0003  -0.2845142E-0001  -0.6000603E+0002
     3.99200   0.1849577E+0000   0.1910988E+0000   0.1800130E+0002  -0.9875814E-0003  -0.3020274E-0003  -0.2699974E-0001  -0.6000438E+0002
     4.00000   0.1864414E+0000   0.1854624E+0000   0.1800092E+0002  -0.9898068E-0003  -0.2781709E-0003  -0.2600672E-0001  -0.6000312E+0002
     4.00800   0.1878844E+0000   0.1803799E+0000   0.1800069E+0002  -0.9918916E-0003  -0.2606029E-0003  -0.2525151E-0001  -0.6000237E+0002
     4.01600   0.1893014E+0000   0.1771224E+0000   0.1800057E+0002  -0.9938793E-0003  -0.2484687E-0003  -0.2435098E-0001  -0.6000194E+0002
     4.02400   0.1907049E+0000   0.1754394E+0000   0.1800043E+0002  -0.9957780E-0003  -0.2373326E-0003  -0.2303621E-0001  -0.6000147E+0002
     4.03200   0.1920972E+0000   0.1740374E+0000   0.1800022E+0002  -0.9975598E-0003  -0.2227260E-0003  -0.2133835E-0001  -0.6000076E+0002
     4.04000   0.1934710E+0000   0.1717174E+0000   0.1799999E+0002  -0.9991883E-0003  -0.2035623E-0003  -0.1954337E-0001  -0.5999999E+0002
     4.04800   0.1948162E+0000   0.1681528E+0000   0.1799983E+0002  -0.1000649E-0002  -0.1825708E-0003  -0.1795178E-0001  -0.5999948E+0002
     4.05600   0.1961274E+0000   0.1638983E+0000   0.1799979E+0002  -0.1001957E-0002  -0.1634608E-0003  -0.1662866E-0001  -0.5999934E+0002
     4.06400   0.1974065E+0000   0.1598865E+0000   0.1799979E+0002  -0.1003138E-0002  -0.1477072E-0003  -0.1534518E-0001  -0.5999932E+0002
     4.07200   0.1986612E+0000   0.1568381E+0000   0.1799969E+0002  -0.1004208E-0002  -0.1337076E-0003  -0.1376394E-0001  -0.5999899E+0002
     4.08000   0.1999000E+0000   0.1548492E+0000   0.1799944E+0002  -0.1005155E-0002  -0.1184095E-0003  -0.1171718E-0001  -0.5999815E+0002
     4.08800   0.2011264E+0000   0.1533042E+0000   0.1799910E+0002  -0.1005954E-0002  -0.9979716E-0004  -0.9346699E-0002  -0.5999701E+0002
     4.09600   0.2023362E+0000   0.1512226E+0000   0.1799878E+0002  -0.1006582E-0002  -0.7852792E-0004  -0.6992388E-0002  -0.5999594E+0002
     4.10400   0.2035197E+0000   0.1479433E+0000   0.1799854E+0002  -0.1007042E-0002  -0.5747483E-0004  -0.4926933E-0002  -0.5999513E+0002
     4.11200   0.2046693E+0000   0.1436995E+0000   0.1799833E+0002  -0.1007356E-0002  -0.3933641E-0004  -0.3158532E-0002  -0.5999444E+0002
     4.12000   0.2057857E+0000   0.1395482E+0000   0.1799808E+0002  -0.1007552E-0002  -0.2448936E-0004  -0.1464678E-0002  -0.5999359E+0002
     4.12800   0.2068783E+0000   0.1365676E+0000   0.1799773E+0002  -0.1007641E-0002  -0.1111383E-0004   0.3786140E-0003  -0.5999242E+0002
     4.13600   0.2079577E+0000   0.1349329E+0000   0.1799734E+0002  -0.1007618E-0002   0.2838551E-0005   0.2379337E-0002  -0.5999113E+0002
     4.14400   0.2090274E+0000   0.1337078E+0000   0.1799701E+0002  -0.1007477E-0002   0.1767684E-0004   0.4314159E-0002  -0.5999005E+0002
     4.15200   0.2100803E+0000   0.1316164E+0000   0.1799682E+0002  -0.1007225E-0002   0.3155045E-0004   0.5917320E-0002  -0.5998939E+0002
     4.16000   0.2111055E+0000   0.1281508E+0000   0.1799672E+0002  -0.1006887E-0002   0.4213576E-0004   0.7100257E-0002  -0.5998906E+0002
     4.16800   0.2120977E+0000   0.1240191E+0000   0.1799662E+0002  -0.1006496E-0002   0.4892934E-0004   0.8013432E-0002  -0.5998873E+0002
     4.17600   0.2130618E+0000   0.1205140E+0000   0.1799644E+0002  -0.1006067E-0002   0.5366180E-0004   0.8907337E-0002  -0.5998814E+0002
     4.18400   0.2140088E+0000   0.1183796E+0000   0.1799620E+0002  -0.1005598E-0002   0.5859200E-0004   0.9928889E-0002  -0.5998733E+0002
     4.19200   0.2149464E+0000   0.1172020E+0000   0.1799597E+0002  -0.1005081E-0002   0.6466285E-0004   0.1103689E-0001  -0.5998656E+0002
     4.20000   0.2158732E+0000   0.1158451E+0000   0.1799584E+0002  -0.1004512E-0002   0.7104757E-0004   0.1209324E-0001  -0.5998614E+0002
     4.20800   0.2167811E+0000   0.1134886E+0000   0.1799584E+0002  -0.1003902E-0002   0.7626461E-0004   0.1302331E-0001  -0.5998614E+0002
     4.21600   0.2176636E+0000   0.1103102E+0000   0.1799590E+0002  -0.1003264E-0002   0.7982977E-0004   0.1389296E-0001  -0.5998634E+0002
     4.22400   0.2185215E+0000   0.1072416E+0000   0.1799591E+0002  -0.1002601E-0002   0.8279130E-0004   0.1484341E-0001  -0.5998638E+0002
     4.23200   0.2193623E+0000   0.1050917E+0000   0.1799580E+0002  -0.1001908E-0002   0.8668190E-0004   0.1596124E-0001  -0.5998602E+0002
     4.24000   0.2201931E+0000   0.1038550E+0000   0.1799560E+0002  -0.1001171E-0002   0.9211344E-0004   0.1721194E-0001  -0.5998536E+0002
     4.24800   0.2210154E+0000   0.1027846E+0000   0.1799540E+0002  -0.1000384E-0002   0.9830859E-0004   0.1848922E-0001  -0.5998470E+0002
     4.25600   0.2218240E+0000   0.1010842E+0000   0.1799529E+0002  -0.9995535E-0003   0.1038581E-0003   0.1971799E-0001  -0.5998434E+0002
     4.26400   0.2226126E+0000   0.9856685E-0001   0.1799529E+0002  -0.9986895E-0003   0.1080027E-0003   0.2091078E-0001  -0.5998432E+0002
     4.27200   0.2233784E+0000   0.9573260E-0001   0.1799531E+0002  -0.9977996E-0003   0.1112427E-0003   0.2213554E-0001  -0.5998440E+0002
     4.28000   0.2241247E+0000   0.9327727E-0001   0.1799526E+0002  -0.9968817E-0003   0.1147378E-0003   0.2343892E-0001  -0.5998423E+0002
     4.28800   0.2248567E+0000   0.9150884E-0001   0.1799508E+0002  -0.9959281E-0003   0.1191908E-0003   0.2480130E-0001  -0.5998367E+0002
     4.29600   0.2255780E+0000   0.9015819E-0001   0.1799484E+0002  -0.9949341E-0003   0.1242584E-0003   0.2615527E-0001  -0.5998284E+0002
     4.30400   0.2262874E+0000   0.8867930E-0001   0.1799461E+0002  -0.9939029E-0003   0.1288943E-0003   0.2743564E-0001  -0.5998209E+0002
     4.31200   0.2269812E+0000   0.8672694E-0001   0.1799447E+0002  -0.9928451E-0003   0.1322290E-0003   0.2861087E-0001  -0.5998164E+0002
     4.32000   0.2276565E+0000   0.8440558E-0001   0.1799442E+0002  -0.9917715E-0003   0.1342033E-0003   0.2967963E-0001  -0.5998148E+0002
     4.32800   0.2283135E+0000   0.8212594E-0001   0.1799439E+0002  -0.9906878E-0003   0.1354568E-0003   0.3065372E-0001  -0.5998138E+0002
     4.33600   0.2289554E+0000   0.8023954E-0001   0.1799432E+0002  -0.9895943E-0003   0.1366893E-0003   0.3155131E-0001  -0.5998115E+0002
     4.34400   0.2295856E+0000   0.7877081E-0001   0.1799420E+0002  -0.9884893E-0003   0.1381171E-0003   0.3239866E-0001  -0.5998076E+0002
     4.35200   0.2302051E+0000   0.7744441E-0001   0.1799408E+0002  -0.9873738E-0003   0.1394391E-0003   0.3322196E-0001  -0.5998035E+0002
     4.36000   0.2308127E+0000   0.7594613E-0001   0.1799400E+0002  -0.9862521E-0003   0.1402172E-0003   0.3402639E-0001  -0.5998011E+0002
     4.36800   0.2314062E+0000   0.7418056E-0001   0.1799399E+0002  -0.9851299E-0003   0.1402744E-0003   0.3478479E-0001  -0.5998006E+0002
     4.37600   0.2319847E+0000   0.7232110E-0001   0.1799399E+0002  -0.9840115E-0003   0.1398064E-0003   0.3545857E-0001  -0.5998009E+0002
     4.38400   0.2325498E+0000   0.7063706E-0001   0.1799397E+0002  -0.9828979E-0003   0.1391959E-0003   0.3604100E-0001  -0.5998001E+0002
     4.39200   0.2331039E+0000   0.6926223E-0001   0.1799388E+0002  -0.9817881E-0003   0.1387287E-0003   0.3658188E-0001  -0.5997973E+0002
     4.40000   0.2336487E+0000   0.6809745E-0001   0.1799375E+0002  -0.9806805E-0003   0.1384433E-0003   0.3716231E-0001  -0.5997930E+0002
     4.40800   0.2341840E+0000   0.6691121E-0001   0.1799361E+0002  -0.9795750E-0003   0.1381910E-0003   0.3783449E-0001  -0.5997885E+0002
     4.41600   0.2347083E+0000   0.6553560E-0001   0.1799350E+0002  -0.9784726E-0003   0.1377992E-0003   0.3858015E-0001  -0.5997847E+0002
     4.42400   0.2352202E+0000   0.6398938E-0001   0.1799342E+0002  -0.9773750E-0003   0.1372007E-0003   0.3932929E-0001  -0.5997821E+0002
     4.43200   0.2357197E+0000   0.6243823E-0001   0.1799336E+0002  -0.9762832E-0003   0.1364750E-0003   0.4002669E-0001  -0.5997802E+0002
     4.44000   0.2362080E+0000   0.6104448E-0001   0.1799329E+0002  -0.9751968E-0003   0.1357950E-0003   0.4068674E-0001  -0.5997780E+0002
     4.44800   0.2366868E+0000   0.5984064E-0001   0.1799318E+0002  -0.9741143E-0003   0.1353127E-0003   0.4138498E-0001  -0.5997744E+0002
     4.45600   0.2371566E+0000   0.5872350E-0001   0.1799302E+0002  -0.9730338E-0003   0.1350662E-0003   0.4219259E-0001  -0.5997690E+0002
     4.46400   0.2376170E+0000   0.5755486E-0001   0.1799281E+0002  -0.9719541E-0003   0.1349628E-0003   0.4311337E-0001  -0.5997620E+0002
     4.47200   0.2380672E+0000   0.5627328E-0001   0.1799258E+0002  -0.9708754E-0003   0.1348389E-0003   0.4408075E-0001  -0.5997544E+0002
     4.48000   0.2385066E+0000   0.5492956E-0001   0.1799237E+0002  -0.9697988E-0003   0.1345742E-0003   0.4501676E-0001  -0.5997475E+0002
     4.48800   0.2389357E+0000   0.5363394E-0001   0.1799220E+0002  -0.9687253E-0003   0.1341917E-0003   0.4589811E-0001  -0.5997420E+0002
     4.49600   0.2393555E+0000   0.5247099E-0001   0.1799208E+0002  -0.9676544E-0003   0.1338535E-0003   0.4676882E-0001  -0.5997380E+0002
     4.50400   0.2397670E+0000   0.5144769E-0001   0.1799197E+0002  -0.9665846E-0003   0.1337337E-0003   0.4768896E-0001  -0.5997346E+0002
     4.51200   0.2401710E+0000   0.5050008E-0001   0.1799187E+0002  -0.9655137E-0003   0.1338539E-0003   0.4866839E-0001  -0.5997311E+0002
     4.52000   0.2405674E+0000   0.4953948E-0001   0.1799176E+0002  -0.9644417E-0003   0.1340054E-0003   0.4964722E-0001  -0.5997276E+0002
     4.52800   0.2409554E+0000   0.4850450E-0001   0.1799166E+0002  -0.9633709E-0003   0.1338454E-0003   0.5054102E-0001  -0.5997244E+0002
     4.53600   0.2413345E+0000   0.4739429E-0001   0.1799159E+0002  -0.9623058E-0003   0.1331370E-0003   0.5131034E-0001  -0.5997222E+0002
     4.54400   0.2417047E+0000   0.4627169E-0001   0.1799156E+0002  -0.9612501E-0003   0.1319625E-0003   0.5199240E-0001  -0.5997213E+0002
     4.55200   0.2420666E+0000   0.4523246E-0001   0.1799157E+0002  -0.9602044E-0003   0.1307137E-0003   0.5266719E-0001  -0.5997214E+0002
     4.56000   0.2424214E+0000   0.4434860E-0001   0.1799159E+0002  -0.9591658E-0003   0.1298228E-0003   0.5338742E-0001  -0.5997222E+0002
     4.56800   0.2427703E+0000   0.4361453E-0001   0.1799162E+0002  -0.9581305E-0003   0.1294198E-0003   0.5413174E-0001  -0.5997234E+0002
     4.57600   0.2431138E+0000   0.4293690E-0001   0.1799167E+0002  -0.9570970E-0003   0.1291851E-0003   0.5481954E-0001  -0.5997250E+0002
     4.58400   0.2434513E+0000   0.4218950E-0001   0.1799172E+0002  -0.9560686E-0003   0.1285489E-0003   0.5537333E-0001  -0.5997269E+0002
     4.59200   0.2437817E+0000   0.4130540E-0001   0.1799178E+0002  -0.9550516E-0003   0.1271261E-0003   0.5577799E-0001  -0.5997290E+0002
     4.60000   0.2441044E+0000   0.4033807E-0001   0.1799184E+0002  -0.9540511E-0003   0.1250558E-0003   0.5609267E-0001  -0.5997308E+0002
     4.60800   0.2444199E+0000   0.3943464E-0001   0.1799187E+0002  -0.9530676E-0003   0.1229443E-0003   0.5641051E-0001  -0.5997319E+0002
     4.61600   0.2447298E+0000   0.3872971E-0001   0.1799188E+0002  -0.9520961E-0003   0.1214306E-0003   0.5680002E-0001  -0.5997322E+0002
     4.62400   0.2450357E+0000   0.3823770E-0001   0.1799186E+0002  -0.9511304E-0003   0.1207157E-0003   0.5726994E-0001  -0.5997318E+0002
     4.63200   0.2453383E+0000   0.3783147E-0001   0.1799184E+0002  -0.9501670E-0003   0.1204214E-0003   0.5777566E-0001  -0.5997312E+0002
     4.64000   0.2456370E+0000   0.3733030E-0001   0.1799183E+0002  -0.9492080E-0003   0.1198756E-0003   0.5825403E-0001  -0.5997308E+0002
     4.64800   0.2459300E+0000   0.3663068E-0001   0.1799183E+0002  -0.9482592E-0003   0.1186030E-0003   0.5865866E-0001  -0.5997310E+0002
     4.65600   0.2462162E+0000   0.3577666E-0001   0.1799186E+0002  -0.9473261E-0003   0.1166424E-0003   0.5897652E-0001  -0.5997317E+0002
     4.66400   0.2464955E+0000   0.3491557E-0001   0.1799189E+0002  -0.9464105E-0003   0.1144517E-0003   0.5922470E-0001  -0.5997330E+0002
     4.67200   0.2467690E+0000   0.3417955E-0001   0.1799194E+0002  -0.9455104E-0003   0.1125103E-0003   0.5943759E-0001  -0.5997346E+0002
     4.68000   0.2470377E+0000   0.3359139E-0001   0.1799199E+0002  -0.9446226E-0003   0.1109714E-0003   0.5965428E-0001  -0.5997363E+0002
     4.68800   0.2473022E+0000   0.3306776E-0001   0.1799203E+0002  -0.9437455E-0003   0.1096395E-0003   0.5990857E-0001  -0.5997376E+0002
     4.69600   0.2475623E+0000   0.3250693E-0001   0.1799204E+0002  -0.9428796E-0003   0.1082393E-0003   0.6022022E-0001  -0.5997381E+0002
     4.70400   0.2478173E+0000   0.3187945E-0001   0.1799202E+0002  -0.9420260E-0003   0.1067020E-0003   0.6058803E-0001  -0.5997374E+0002
     4.71200   0.2480673E+0000   0.3124442E-0001   0.1799196E+0002  -0.9411842E-0003   0.1052154E-0003   0.6098913E-0001  -0.5997354E+0002
     4.72000   0.2483128E+0000   0.3068419E-0001   0.1799188E+0002  -0.9403521E-0003   0.1040132E-0003   0.6138730E-0001  -0.5997327E+0002
     4.72800   0.2485545E+0000   0.3022103E-0001   0.1799179E+0002  -0.9395272E-0003   0.1031125E-0003   0.6174797E-0001  -0.5997298E+0002
     4.73600   0.2487929E+0000   0.2979064E-0001   0.1799172E+0002  -0.9387093E-0003   0.1022417E-0003   0.6205199E-0001  -0.5997276E+0002
     4.74400   0.2490272E+0000   0.2929390E-0001   0.1799169E+0002  -0.9379010E-0003   0.1010323E-0003   0.6230088E-0001  -0.5997267E+0002
     4.75200   0.2492567E+0000   0.2868057E-0001   0.1799170E+0002  -0.9371065E-0003   0.9931388E-0004   0.6251208E-0001  -0.5997268E+0002
     4.76000   0.2494806E+0000   0.2799376E-0001   0.1799172E+0002  -0.9363284E-0003   0.9726422E-0004   0.6270860E-0001  -0.5997275E+0002
     4.76800   0.2496993E+0000   0.2734017E-0001   0.1799173E+0002  -0.9355661E-0003   0.9529185E-0004   0.6290958E-0001  -0.5997279E+0002
     4.77600   0.2499138E+0000   0.2681247E-0001   0.1799172E+0002  -0.9348161E-0003   0.9375206E-0004   0.6312518E-0001  -0.5997277E+0002
     4.78400   0.2501252E+0000   0.2642577E-0001   0.1799170E+0002  -0.9340743E-0003   0.9271661E-0004   0.6335493E-0001  -0.5997270E+0002
     4.79200   0.2503341E+0000   0.2611380E-0001   0.1799168E+0002  -0.9333387E-0003   0.9195561E-0004   0.6358737E-0001  -0.5997263E+0002
     4.80000   0.2505404E+0000   0.2578155E-0001   0.1799167E+0002  -0.9326097E-0003   0.9111887E-0004   0.6380048E-0001  -0.5997260E+0002
     4.80800   0.2507434E+0000   0.2537024E-0001   0.1799168E+0002  -0.9318900E-0003   0.8996575E-0004   0.6396506E-0001  -0.5997263E+0002
     4.81600   0.2509425E+0000   0.2488800E-0001   0.1799170E+0002  -0.9311821E-0003   0.8848328E-0004   0.6405380E-0001  -0.5997271E+0002
     4.82400   0.2511376E+0000   0.2439111E-0001   0.1799174E+0002  -0.9304874E-0003   0.8683690E-0004   0.6405499E-0001  -0.5997283E+0002
     4.83200   0.2513291E+0000   0.2393778E-0001   0.1799179E+0002  -0.9298057E-0003   0.8522435E-0004   0.6398507E-0001  -0.5997301E+0002
     4.84000   0.2515175E+0000   0.2355146E-0001   0.1799186E+0002  -0.9291356E-0003   0.8375719E-0004   0.6389140E-0001  -0.5997326E+0002
     4.84800   0.2517032E+0000   0.2321682E-0001   0.1799196E+0002  -0.9284760E-0003   0.8244590E-0004   0.6383986E-0001  -0.5997358E+0002
     4.85600   0.2518865E+0000   0.2290324E-0001   0.1799207E+0002  -0.9278259E-0003   0.8126629E-0004   0.6388921E-0001  -0.5997394E+0002
     4.86400   0.2520672E+0000   0.2259177E-0001   0.1799216E+0002  -0.9271841E-0003   0.8022257E-0004   0.6406313E-0001  -0.5997425E+0002
     4.87200   0.2522455E+0000   0.2228363E-0001   0.1799222E+0002  -0.9265494E-0003   0.7934338E-0004   0.6433477E-0001  -0.5997445E+0002
     4.88000   0.2524214E+0000   0.2198717E-0001   0.1799224E+0002  -0.9259204E-0003   0.7861950E-0004   0.6463434E-0001  -0.5997450E+0002
     4.88800   0.2525950E+0000   0.2169858E-0001   0.1799222E+0002  -0.9252968E-0003   0.7794880E-0004   0.6487878E-0001  -0.5997447E+0002
     4.89600   0.2527661E+0000   0.2139609E-0001   0.1799222E+0002  -0.9246796E-0003   0.7715289E-0004   0.6501008E-0001  -0.5997444E+0002
     4.90400   0.2529346E+0000   0.2105428E-0001   0.1799224E+0002  -0.9240710E-0003   0.7607405E-0004   0.6502289E-0001  -0.5997452E+0002
     4.91200   0.2530999E+0000   0.2066677E-0001   0.1799231E+0002  -0.9234735E-0003   0.7468849E-0004   0.6496657E-0001  -0.5997474E+0002
     4.92000   0.2532620E+0000   0.2025713E-0001   0.1799241E+0002  -0.9228883E-0003   0.7314439E-0004   0.6492045E-0001  -0.5997507E+0002
     4.92800   0.2534209E+0000   0.1986660E-0001   0.1799251E+0002  -0.9223149E-0003   0.7168295E-0004   0.6495486E-0001  -0.5997542E+0002
     4.93600   0.2535771E+0000   0.1952637E-0001   0.1799259E+0002  -0.9217509E-0003   0.7049226E-0004   0.6509807E-0001  -0.5997569E+0002
     4.94400   0.2537310E+0000   0.1923598E-0001   0.1799263E+0002  -0.9211942E-0003   0.6959674E-0004   0.6532506E-0001  -0.5997584E+0002
     4.95200   0.2538827E+0000   0.1896581E-0001   0.1799265E+0002  -0.9206433E-0003   0.6885833E-0004   0.6557273E-0001  -0.5997589E+0002
     4.96000   0.2540322E+0000   0.1868218E-0001   0.1799265E+0002  -0.9200986E-0003   0.6808569E-0004   0.6577256E-0001  -0.5997590E+0002
     4.96800   0.2541792E+0000   0.1837517E-0001   0.1799266E+0002  -0.9195613E-0003   0.6717088E-0004   0.6588427E-0001  -0.5997593E+0002
     4.97600   0.2543237E+0000   0.1806580E-0001   0.1799268E+0002  -0.9190320E-0003   0.6615208E-0004   0.6591446E-0001  -0.5997599E+0002
     4.98400   0.2544660E+0000   0.1778618E-0001   0.1799271E+0002  -0.9185108E-0003   0.6515799E-0004   0.6591243E-0001  -0.5997609E+0002
     4.99200   0.2546064E+0000   0.1754869E-0001   0.1799273E+0002  -0.9179965E-0003   0.6428587E-0004   0.6594624E-0001  -0.5997618E+0002
     5.00000   0.2547450E+0000   0.1733013E-0001   0.1799276E+0002  -0.9174883E-0003   0.6351770E-0004   0.6607125E-0001  -0.5997627E+0002
     5.00800   0.2548817E+0000   0.1708585E-0001   0.1799279E+0002  -0.9169864E-0003   0.6274098E-0004   0.6630647E-0001  -0.5997636E+0002
     5.01600   0.2550160E+0000   0.1678416E-0001   0.1799281E+0002  -0.9164916E-0003   0.6185248E-0004   0.6662992E-0001  -0.5997644E+0002
     5.02400   0.2551474E+0000   0.1643441E-0001   0.1799283E+0002  -0.9160047E-0003   0.6085895E-0004   0.6699395E-0001  -0.5997652E+0002
     5.03200   0.2552761E+0000   0.1608570E-0001   0.1799285E+0002  -0.9155256E-0003   0.5989300E-0004   0.6735149E-0001  -0.5997658E+0002
     5.04000   0.2554025E+0000   0.1579522E-0001   0.1799285E+0002  -0.9150526E-0003   0.5912525E-0004   0.6767828E-0001  -0.5997658E+0002
     5.04800   0.2555272E+0000   0.1558861E-0001   0.1799283E+0002  -0.9145835E-0003   0.5863496E-0004   0.6797957E-0001  -0.5997652E+0002
     5.05600   0.2556507E+0000   0.1544092E-0001   0.1799280E+0002  -0.9141168E-0003   0.5833807E-0004   0.6827916E-0001  -0.5997644E+0002
     5.06400   0.2557731E+0000   0.1529189E-0001   0.1799278E+0002  -0.9136526E-0003   0.5802972E-0004   0.6859931E-0001  -0.5997637E+0002
     5.07200   0.2558937E+0000   0.1508448E-0001   0.1799277E+0002  -0.9131925E-0003   0.5751113E-0004   0.6894468E-0001  -0.5997634E+0002
     5.08000   0.2560121E+0000   0.1479993E-0001   0.1799277E+0002  -0.9127388E-0003   0.5671036E-0004   0.6929990E-0001  -0.5997634E+0002
     5.08800   0.2561279E+0000   0.1446628E-0001   0.1799277E+0002  -0.9122930E-0003   0.5571748E-0004   0.6964081E-0001  -0.5997635E+0002
     5.09600   0.2562410E+0000   0.1413683E-0001   0.1799276E+0002  -0.9118553E-0003   0.5471643E-0004   0.6995090E-0001  -0.5997632E+0002
     5.10400   0.2563518E+0000   0.1385532E-0001   0.1799274E+0002  -0.9114244E-0003   0.5386566E-0004   0.7023222E-0001  -0.5997625E+0002
     5.11200   0.2564609E+0000   0.1363187E-0001   0.1799271E+0002  -0.9109987E-0003   0.5321016E-0004   0.7050422E-0001  -0.5997617E+0002
     5.12000   0.2565684E+0000   0.1344415E-0001   0.1799269E+0002  -0.9105773E-0003   0.5268072E-0004   0.7079231E-0001  -0.5997609E+0002
     5.12800   0.2566745E+0000   0.1325966E-0001   0.1799267E+0002  -0.9101599E-0003   0.5217020E-0004   0.7111367E-0001  -0.5997602E+0002
     5.13600   0.2567790E+0000   0.1306137E-0001   0.1799263E+0002  -0.9097469E-0003   0.5162336E-0004   0.7146875E-0001  -0.5997592E+0002
     5.14400   0.2568819E+0000   0.1285792E-0001   0.1799259E+0002  -0.9093383E-0003   0.5107309E-0004   0.7184215E-0001  -0.5997576E+0002
     5.15200   0.2569832E+0000   0.1267266E-0001   0.1799252E+0002  -0.9089335E-0003   0.5060037E-0004   0.7221128E-0001  -0.5997554E+0002
     5.16000   0.2570834E+0000   0.1252112E-0001   0.1799243E+0002  -0.9085315E-0003   0.5025232E-0004   0.7255679E-0001  -0.5997527E+0002
     5.16800   0.2571826E+0000   0.1239499E-0001   0.1799235E+0002  -0.9081316E-0003   0.4998438E-0004   0.7286954E-0001  -0.5997499E+0002
     5.17600   0.2572807E+0000   0.1226558E-0001   0.1799228E+0002  -0.9077342E-0003   0.4967596E-0004   0.7315148E-0001  -0.5997474E+0002
     5.18400   0.2573775E+0000   0.1210446E-0001   0.1799222E+0002  -0.9073405E-0003   0.4921328E-0004   0.7341226E-0001  -0.5997455E+0002
     5.19200   0.2574728E+0000   0.1190591E-0001   0.1799217E+0002  -0.9069519E-0003   0.4857879E-0004   0.7366478E-0001  -0.5997440E+0002
     5.20000   0.2575663E+0000   0.1169373E-0001   0.1799213E+0002  -0.9065689E-0003   0.4787729E-0004   0.7392238E-0001  -0.5997426E+0002
     5.20800   0.2576584E+0000   0.1150622E-0001   0.1799208E+0002  -0.9061907E-0003   0.4727442E-0004   0.7419801E-0001  -0.5997412E+0002
     5.21600   0.2577493E+0000   0.1137022E-0001   0.1799204E+0002  -0.9058156E-0003   0.4688995E-0004   0.7450338E-0001  -0.5997399E+0002
     5.22400   0.2578396E+0000   0.1128362E-0001   0.1799201E+0002  -0.9054418E-0003   0.4672443E-0004   0.7484652E-0001  -0.5997388E+0002
     5.23200   0.2579294E+0000   0.1121966E-0001   0.1799198E+0002  -0.9050684E-0003   0.4667364E-0004   0.7522790E-0001  -0.5997378E+0002
     5.24000   0.2580186E+0000   0.1114924E-0001   0.1799194E+0002  -0.9046954E-0003   0.4661712E-0004   0.7563763E-0001  -0.5997367E+0002
     5.24800   0.2581071E+0000   0.1106310E-0001   0.1799191E+0002  -0.9043234E-0003   0.4650896E-0004   0.7605663E-0001  -0.5997355E+0002
     5.25600   0.2581949E+0000   0.1097572E-0001   0.1799186E+0002  -0.9039522E-0003   0.4639731E-0004   0.7646291E-0001  -0.5997339E+0002
     5.26400   0.2582821E+0000   0.1090814E-0001   0.1799180E+0002  -0.9035813E-0003   0.4635809E-0004   0.7684069E-0001  -0.5997320E+0002
     5.27200   0.2583690E+0000   0.1086456E-0001   0.1799174E+0002  -0.9032101E-0003   0.4640115E-0004   0.7718779E-0001  -0.5997302E+0002
     5.28000   0.2584556E+0000   0.1082349E-0001   0.1799170E+0002  -0.9028386E-0003   0.4643470E-0004   0.7751735E-0001  -0.5997288E+0002
     5.28800   0.2585417E+0000   0.1075261E-0001   0.1799168E+0002  -0.9024680E-0003   0.4632769E-0004   0.7785258E-0001  -0.5997282E+0002
     5.29600   0.2586267E+0000   0.1063655E-0001   0.1799169E+0002  -0.9020998E-0003   0.4602587E-0004   0.7821721E-0001  -0.5997285E+0002
     5.30400   0.2587107E+0000   0.1049505E-0001   0.1799171E+0002  -0.9017348E-0003   0.4562625E-0004   0.7862620E-0001  -0.5997294E+0002
     5.31200   0.2587937E+0000   0.1037566E-0001   0.1799175E+0002  -0.9013720E-0003   0.4534304E-0004   0.7908075E-0001  -0.5997307E+0002
     5.32000   0.2588763E+0000   0.1032484E-0001   0.1799178E+0002  -0.9010090E-0003   0.4538168E-0004   0.7956926E-0001  -0.5997318E+0002
     5.32800   0.2589592E+0000   0.1035833E-0001   0.1799181E+0002  -0.9006425E-0003   0.4581006E-0004   0.8007271E-0001  -0.5997328E+0002
     5.33600   0.2590428E+0000   0.1045267E-0001   0.1799182E+0002  -0.9002704E-0003   0.4651971E-0004   0.8057114E-0001  -0.5997334E+0002
     5.34400   0.2591273E+0000   0.1056298E-0001   0.1799184E+0002  -0.8998919E-0003   0.4730325E-0004   0.8104861E-0001  -0.5997339E+0002
     5.35200   0.2592125E+0000   0.1065271E-0001   0.1799185E+0002  -0.8995080E-0003   0.4798775E-0004   0.8149509E-0001  -0.5997343E+0002
     5.36000   0.2592982E+0000   0.1071311E-0001   0.1799185E+0002  -0.8991198E-0003   0.4852566E-0004   0.8190595E-0001  -0.5997346E+0002
     5.36800   0.2593843E+0000   0.1075998E-0001   0.1799185E+0002  -0.8987280E-0003   0.4898363E-0004   0.8228050E-0001  -0.5997347E+0002
     5.37600   0.2594708E+0000   0.1081353E-0001   0.1799186E+0002  -0.8983323E-0003   0.4945254E-0004   0.8262074E-0001  -0.5997349E+0002
     5.38400   0.2595579E+0000   0.1087946E-0001   0.1799187E+0002  -0.8979327E-0003   0.4995976E-0004   0.8293068E-0001  -0.5997353E+0002
     5.39200   0.2596454E+0000   0.1094586E-0001   0.1799189E+0002  -0.8975290E-0003   0.5045319E-0004   0.8321566E-0001  -0.5997362E+0002
     5.40000   0.2597334E+0000   0.1099660E-0001   0.1799193E+0002  -0.8971221E-0003   0.5086119E-0004   0.8348115E-0001  -0.5997375E+0002
     5.40800   0.2598216E+0000   0.1102822E-0001   0.1799198E+0002  -0.8967128E-0003   0.5117008E-0004   0.8373130E-0001  -0.5997392E+0002
     5.41600   0.2599101E+0000   0.1105574E-0001   0.1799204E+0002  -0.8963012E-0003   0.5145133E-0004   0.8396814E-0001  -0.5997412E+0002
     5.42400   0.2599989E+0000   0.1110288E-0001   0.1799210E+0002  -0.8958866E-0003   0.5181670E-0004   0.8419228E-0001  -0.5997431E+0002
     5.43200   0.2600884E+0000   0.1118500E-0001   0.1799215E+0002  -0.8954679E-0003   0.5233913E-0004   0.8440502E-0001  -0.5997449E+0002
     5.44000   0.2601788E+0000   0.1129821E-0001   0.1799220E+0002  -0.8950439E-0003   0.5300232E-0004   0.8461062E-0001  -0.5997467E+0002
     5.44800   0.2602701E+0000   0.1142255E-0001   0.1799226E+0002  -0.8946142E-0003   0.5371601E-0004   0.8481664E-0001  -0.5997486E+0002
     5.45600   0.2603624E+0000   0.1153604E-0001   0.1799232E+0002  -0.8941791E-0003   0.5438161E-0004   0.8503160E-0001  -0.5997507E+0002
     5.46400   0.2604554E+0000   0.1162860E-0001   0.1799239E+0002  -0.8937395E-0003   0.5495670E-0004   0.8526074E-0001  -0.5997530E+0002
     5.47200   0.2605491E+0000   0.1170629E-0001   0.1799245E+0002  -0.8932957E-0003   0.5547272E-0004   0.8550226E-0001  -0.5997552E+0002
     5.48000   0.2606434E+0000   0.1178394E-0001   0.1799251E+0002  -0.8928477E-0003   0.5599869E-0004   0.8574658E-0001  -0.5997573E+0002
     5.48800   0.2607384E+0000   0.1187294E-0001   0.1799257E+0002  -0.8923950E-0003   0.5658264E-0004   0.8597943E-0001  -0.5997590E+0002
     5.49600   0.2608341E+0000   0.1197299E-0001   0.1799261E+0002  -0.8919373E-0003   0.5721424E-0004   0.8618743E-0001  -0.5997606E+0002
     5.50400   0.2609307E+0000   0.1207303E-0001   0.1799266E+0002  -0.8914747E-0003   0.5783170E-0004   0.8636313E-0001  -0.5997621E+0002
     5.51200   0.2610280E+0000   0.1215916E-0001   0.1799270E+0002  -0.8910078E-0003   0.5836288E-0004   0.8650718E-0001  -0.5997637E+0002
     5.52000   0.2611258E+0000   0.1222333E-0001   0.1799276E+0002  -0.8905376E-0003   0.5876857E-0004   0.8662672E-0001  -0.5997656E+0002
     5.52800   0.2612239E+0000   0.1226679E-0001   0.1799282E+0002  -0.8900651E-0003   0.5905886E-0004   0.8673128E-0001  -0.5997677E+0002
     5.53600   0.2613223E+0000   0.1229714E-0001   0.1799289E+0002  -0.8895909E-0003   0.5927622E-0004   0.8682885E-0001  -0.5997700E+0002
     5.54400   0.2614209E+0000   0.1232189E-0001   0.1799296E+0002  -0.8891152E-0003   0.5946213E-0004   0.8692378E-0001  -0.5997724E+0002
     5.55200   0.2615196E+0000   0.1234365E-0001   0.1799304E+0002  -0.8886382E-0003   0.5963201E-0004   0.8701745E-0001  -0.5997750E+0002
     5.56000   0.2616185E+0000   0.1235955E-0001   0.1799312E+0002  -0.8881600E-0003   0.5977292E-0004   0.8711041E-0001  -0.5997777E+0002
     5.56800   0.2617174E+0000   0.1236449E-0001   0.1799321E+0002  -0.8876811E-0003   0.5986040E-0004   0.8720459E-0001  -0.5997805E+0002
     5.57600   0.2618162E+0000   0.1235497E-0001   0.1799329E+0002  -0.8872021E-0003   0.5987870E-0004   0.8730399E-0001  -0.5997834E+0002
     5.58400   0.2619149E+0000   0.1233091E-0001   0.1799338E+0002  -0.8867234E-0003   0.5982997E-0004   0.8741371E-0001  -0.5997863E+0002
     5.59200   0.2620133E+0000   0.1229478E-0001   0.1799347E+0002  -0.8862456E-0003   0.5972933E-0004   0.8753796E-0001  -0.5997893E+0002
     5.60000   0.2621113E+0000   0.1224957E-0001   0.1799356E+0002  -0.8857689E-0003   0.5959400E-0004   0.8767813E-0001  -0.5997924E+0002
     5.60800   0.2622088E+0000   0.1219784E-0001   0.1799366E+0002  -0.8852934E-0003   0.5943703E-0004   0.8783208E-0001  -0.5997957E+0002
     5.61600   0.2623060E+0000   0.1214218E-0001   0.1799376E+0002  -0.8848192E-0003   0.5926936E-0004   0.8799497E-0001  -0.5997991E+0002
     5.62400   0.2624027E+0000   0.1208609E-0001   0.1799386E+0002  -0.8843464E-0003   0.5910466E-0004   0.8816106E-0001  -0.5998025E+0002
     5.63200   0.2624989E+0000   0.1203364E-0001   0.1799395E+0002  -0.8838747E-0003   0.5895891E-0004   0.8832574E-0001  -0.5998057E+0002
     5.64000   0.2625948E+0000   0.1198751E-0001   0.1799404E+0002  -0.8834040E-0003   0.5884229E-0004   0.8848652E-0001  -0.5998087E+0002
     5.64800   0.2626904E+0000   0.1194702E-0001   0.1799412E+0002  -0.8829340E-0003   0.5875001E-0004   0.8864281E-0001  -0.5998114E+0002
     5.65600   0.2627857E+0000   0.1190808E-0001   0.1799420E+0002  -0.8824647E-0003   0.5866167E-0004   0.8879452E-0001  -0.5998140E+0002
     5.66400   0.2628806E+0000   0.1186571E-0001   0.1799428E+0002  -0.8819962E-0003   0.5855276E-0004   0.8894057E-0001  -0.5998167E+0002
     5.67200   0.2629751E+0000   0.1181762E-0001   0.1799436E+0002  -0.8815290E-0003   0.5841111E-0004   0.8907802E-0001  -0.5998195E+0002
     5.68000   0.2630693E+0000   0.1176600E-0001   0.1799445E+0002  -0.8810630E-0003   0.5824554E-0004   0.8920248E-0001  -0.5998224E+0002
     5.68800   0.2631630E+0000   0.1171607E-0001   0.1799454E+0002  -0.8805984E-0003   0.5807915E-0004   0.8930935E-0001  -0.5998255E+0002
     5.69600   0.2632564E+0000   0.1167235E-0001   0.1799464E+0002  -0.8801349E-0003   0.5793147E-0004   0.8939515E-0001  -0.5998286E+0002
     5.70400   0.2633495E+0000   0.1163545E-0001   0.1799473E+0002  -0.8796725E-0003   0.5780347E-0004   0.8945828E-0001  -0.5998318E+0002
     5.71200   0.2634423E+0000   0.1160191E-0001   0.1799483E+0002  -0.8792111E-0003   0.5767726E-0004   0.8949869E-0001  -0.5998349E+0002
     5.72000   0.2635348E+0000   0.1156732E-0001   0.1799492E+0002  -0.8787508E-0003   0.5753098E-0004   0.8951696E-0001  -0.5998381E+0002
     5.72800   0.2636270E+0000   0.1153003E-0001   0.1799502E+0002  -0.8782920E-0003   0.5735692E-0004   0.8951307E-0001  -0.5998415E+0002
     5.73600   0.2637190E+0000   0.1149267E-0001   0.1799512E+0002  -0.8778346E-0003   0.5716828E-0004   0.8948576E-0001  -0.5998448E+0002
     5.74400   0.2638107E+0000   0.1146021E-0001   0.1799522E+0002  -0.8773787E-0003   0.5698909E-0004   0.8943234E-0001  -0.5998482E+0002
     5.75200   0.2639022E+0000   0.1143615E-0001   0.1799532E+0002  -0.8769240E-0003   0.5683515E-0004   0.8934906E-0001  -0.5998514E+0002
     5.76000   0.2639935E+0000   0.1141982E-0001   0.1799541E+0002  -0.8764704E-0003   0.5670087E-0004   0.8923182E-0001  -0.5998545E+0002
     5.76800   0.2640848E+0000   0.1140682E-0001   0.1799550E+0002  -0.8760179E-0003   0.5656172E-0004   0.8907689E-0001  -0.5998572E+0002
     5.77600   0.2641759E+0000   0.1139195E-0001   0.1799558E+0002  -0.8755668E-0003   0.5638964E-0004   0.8888155E-0001  -0.5998598E+0002
     5.78400   0.2642669E+0000   0.1137238E-0001   0.1799565E+0002  -0.8751174E-0003   0.5616906E-0004   0.8864454E-0001  -0.5998622E+0002
     5.79200   0.2643577E+0000   0.1134857E-0001   0.1799572E+0002  -0.8746702E-0003   0.5590179E-0004   0.8836612E-0001  -0.5998644E+0002
     5.80000   0.2644483E+0000   0.1132250E-0001   0.1799578E+0002  -0.8742254E-0003   0.5559797E-0004   0.8804777E-0001  -0.5998664E+0002
     5.80800   0.2645386E+0000   0.1129471E-0001   0.1799583E+0002  -0.8737834E-0003   0.5526150E-0004   0.8769198E-0001  -0.5998682E+0002
     5.81600   0.2646287E+0000   0.1126254E-0001   0.1799588E+0002  -0.8733443E-0003   0.5488128E-0004   0.8730215E-0001  -0.5998696E+0002
     5.82400   0.2647185E+0000   0.1122064E-0001   0.1799591E+0002  -0.8729088E-0003   0.5443392E-0004   0.8688320E-0001  -0.5998707E+0002
     5.83200   0.2648078E+0000   0.1116305E-0001   0.1799594E+0002  -0.8724777E-0003   0.5389455E-0004   0.8644234E-0001  -0.5998714E+0002
     5.84000   0.2648965E+0000   0.1108507E-0001   0.1799595E+0002  -0.8720517E-0003   0.5324645E-0004   0.8598973E-0001  -0.5998719E+0002
     5.84800   0.2649843E+0000   0.1098364E-0001   0.1799596E+0002  -0.8716318E-0003   0.5248294E-0004   0.8553831E-0001  -0.5998721E+0002
     5.85600   0.2650712E+0000   0.1085623E-0001   0.1799596E+0002  -0.8712190E-0003   0.5160178E-0004   0.8510267E-0001  -0.5998720E+0002
     5.86400   0.2651568E+0000   0.1069967E-0001   0.1799594E+0002  -0.8708142E-0003   0.5059863E-0004   0.8469753E-0001  -0.5998713E+0002
     5.87200   0.2652409E+0000   0.1051016E-0001   0.1799591E+0002  -0.8704185E-0003   0.4946585E-0004   0.8433646E-0001  -0.5998702E+0002
     5.88000   0.2653231E+0000   0.1028458E-0001   0.1799586E+0002  -0.8700329E-0003   0.4819788E-0004   0.8403156E-0001  -0.5998685E+0002
     5.88800   0.2654033E+0000   0.1002210E-0001   0.1799579E+0002  -0.8696585E-0003   0.4679816E-0004   0.8379405E-0001  -0.5998661E+0002
     5.89600   0.2654811E+0000   0.9724593E-0002   0.1799570E+0002  -0.8692963E-0003   0.4528076E-0004   0.8363509E-0001  -0.5998630E+0002
     5.90400   0.2655563E+0000   0.9395137E-0002   0.1799558E+0002  -0.8689470E-0003   0.4366395E-0004   0.8356600E-0001  -0.5998590E+0002
     5.91200   0.2656286E+0000   0.9035651E-0002   0.1799543E+0002  -0.8686113E-0003   0.4195883E-0004   0.8359758E-0001  -0.5998541E+0002
     5.92000   0.2656977E+0000   0.8645127E-0002   0.1799525E+0002  -0.8682900E-0003   0.4016085E-0004   0.8373859E-0001  -0.5998482E+0002
     5.92800   0.2657635E+0000   0.8219924E-0002   0.1799505E+0002  -0.8679840E-0003   0.3825036E-0004   0.8399438E-0001  -0.5998415E+0002
     5.93600   0.2658255E+0000   0.7756118E-0002   0.1799482E+0002  -0.8676944E-0003   0.3620275E-0004   0.8436613E-0001  -0.5998339E+0002
     5.94400   0.2658835E+0000   0.7252526E-0002   0.1799457E+0002  -0.8674224E-0003   0.3400243E-0004   0.8485107E-0001  -0.5998256E+0002
     5.95200   0.2659373E+0000   0.6712594E-0002   0.1799430E+0002  -0.8671692E-0003   0.3165237E-0004   0.8544324E-0001  -0.5998167E+0002
     5.96000   0.2659864E+0000   0.6144088E-0002   0.1799402E+0002  -0.8669358E-0003   0.2917428E-0004   0.8613419E-0001  -0.5998074E+0002
     5.96800   0.2660309E+0000   0.5557009E-0002   0.1799373E+0002  -0.8667230E-0003   0.2660042E-0004   0.8691342E-0001  -0.5997980E+0002
     5.97600   0.2660705E+0000   0.4961241E-0002   0.1799344E+0002  -0.8665313E-0003   0.2396382E-0004   0.8776835E-0001  -0.5997884E+0002
     5.98400   0.2661055E+0000   0.4365430E-0002   0.1799315E+0002  -0.8663609E-0003   0.2129368E-0004   0.8868458E-0001  -0.5997791E+0002
     5.99200   0.2661357E+0000   0.3777530E-0002   0.1799288E+0002  -0.8662120E-0003   0.1861867E-0004   0.8964662E-0001  -0.5997701E+0002
     6.00000   0.2661613E+0000   0.3206190E-0002   0.1799262E+0002  -0.8660842E-0003   0.1597432E-0004   0.9063909E-0001  -0.5997615E+0002
     6.00800   0.2661826E+0000   0.2661556E-0002   0.1799238E+0002  -0.8659769E-0003   0.1340778E-0004   0.9164831E-0001  -0.5997536E+0002
     6.01600   0.2661999E+0000   0.2154588E-0002   0.1799215E+0002  -0.8658891E-0003   0.1097489E-0004   0.9266350E-0001  -0.5997463E+0002
     6.02400   0.2662134E+0000   0.1695145E-0002   0.1799195E+0002  -0.8658193E-0003   0.8730366E-0005   0.9367744E-0001  -0.5997398E+0002
     6.03200   0.2662238E+0000   0.1289982E-0002   0.1799177E+0002  -0.8657655E-0003   0.6716461E-0005   0.9468626E-0001  -0.5997339E+0002
     6.04000   0.2662313E+0000   0.9419488E-0003   0.1799161E+0002  -0.8657259E-0003   0.4957245E-0005   0.9568758E-0001  -0.5997288E+0002
     6.04800   0.2662365E+0000   0.6509814E-0003   0.1799147E+0002  -0.8656982E-0003   0.3462216E-0005   0.9667926E-0001  -0.5997243E+0002
     6.05600   0.2662398E+0000   0.4171860E-0003   0.1799136E+0002  -0.8656802E-0003   0.2241798E-0005   0.9765912E-0001  -0.5997207E+0002
     6.06400   0.2662418E+0000   0.2403675E-0003   0.1799126E+0002  -0.8656698E-0003   0.1304742E-0005   0.9863094E-0001  -0.5997177E+0002
     6.07200   0.2662427E+0000   0.1218923E-0003   0.1799119E+0002  -0.8656645E-0003   0.6682329E-0006   0.9959386E-0001  -0.5997156E+0002
     6.08000   0.2662431E+0000   0.5110107E-0004   0.1799115E+0002  -0.8656622E-0003   0.2828803E-0006   0.1005411E+0000  -0.5997142E+0002
     6.08800   0.2662433E+0000   0.1374995E-0004   0.1799112E+0002  -0.8656616E-0003   0.7683979E-0007   0.1014626E+0000  -0.5997137E+0002
     6.09600   0.2662433E+0000   0.3115997E-0015   0.1799113E+0002  -0.8656616E-0003   0.2956131E-0014   0.1023379E+0000  -0.5997140E+0002
     6.10400   0.2662433E+0000   0.8774290E-0006   0.1799115E+0002  -0.8656615E-0003   0.4991031E-0008   0.1031450E+0000  -0.5997150E+0002
     6.11200   0.2662434E+0000   0.1633034E-0004   0.1799120E+0002  -0.8656608E-0003   0.9362345E-0007   0.1038645E+0000  -0.5997166E+0002
     6.12000   0.2662438E+0000   0.4951434E-0004   0.1799126E+0002  -0.8656585E-0003   0.2858498E-0006   0.1044826E+0000  -0.5997188E+0002
     6.12800   0.2662446E+0000   0.1029739E-0003   0.1799134E+0002  -0.8656537E-0003   0.5980116E-0006   0.1049953E+0000  -0.5997214E+0002
     6.13600   0.2662460E+0000   0.1762614E-0003   0.1799142E+0002  -0.8656455E-0003   0.1028641E-0005   0.1054048E+0000  -0.5997244E+0002
     6.14400   0.2662484E+0000   0.2935465E-0003   0.1799152E+0002  -0.8656317E-0003   0.1719776E-0005   0.1057138E+0000  -0.5997278E+0002
     6.15200   0.2662522E+0000   0.4835394E-0003   0.1799163E+0002  -0.8656090E-0003   0.2841160E-0005   0.1059224E+0000  -0.5997314E+0002
     6.16000   0.2662582E+0000   0.7482899E-0003   0.1799175E+0002  -0.8655738E-0003   0.4405420E-0005   0.1060239E+0000  -0.5997353E+0002
     6.16800   0.2662666E+0000   0.1052301E-0002   0.1799187E+0002  -0.8655241E-0003   0.6201120E-0005   0.1060270E+0000  -0.5997393E+0002
     6.17600   0.2662774E+0000   0.1346740E-0002   0.1799199E+0002  -0.8654607E-0003   0.7936413E-0005   0.1059585E+0000  -0.5997435E+0002
     6.18400   0.2662903E+0000   0.1610622E-0002   0.1799212E+0002  -0.8653848E-0003   0.9485275E-0005   0.1058429E+0000  -0.5997478E+0002
     6.19200   0.2663051E+0000   0.1855468E-0002   0.1799226E+0002  -0.8652975E-0003   0.1091522E-0004   0.1056970E+0000  -0.5997523E+0002
     6.20000   0.2663220E+0000   0.2106728E-0002   0.1799240E+0002  -0.8651984E-0003   0.1237614E-0004   0.1055281E+0000  -0.5997568E+0002
     6.20800   0.2663411E+0000   0.2382026E-0002   0.1799253E+0002  -0.8650867E-0003   0.1397094E-0004   0.1053367E+0000  -0.5997611E+0002
     6.21600   0.2663625E+0000   0.2683183E-0002   0.1799265E+0002  -0.8649610E-0003   0.1570861E-0004   0.1051217E+0000  -0.5997652E+0002
     6.22400   0.2663865E+0000   0.3001598E-0002   0.1799277E+0002  -0.8648207E-0003   0.1753677E-0004   0.1048816E+0000  -0.5997691E+0002
     6.23200   0.2664131E+0000   0.3325366E-0002   0.1799288E+0002  -0.8646656E-0003   0.1938389E-0004   0.1046156E+0000  -0.5997727E+0002
     6.24000   0.2664423E+0000   0.3641000E-0002   0.1799298E+0002  -0.8644963E-0003   0.2116978E-0004   0.1043242E+0000  -0.5997759E+0002
     6.24800   0.2664737E+0000   0.3933850E-0002   0.1799306E+0002  -0.8643138E-0003   0.2280866E-0004   0.1040104E+0000  -0.5997788E+0002
     6.25600   0.2665073E+0000   0.4192756E-0002   0.1799314E+0002  -0.8641199E-0003   0.2423657E-0004   0.1036796E+0000  -0.5997812E+0002
     6.26400   0.2665426E+0000   0.4416718E-0002   0.1799320E+0002  -0.8639163E-0003   0.2544991E-0004   0.1033402E+0000  -0.5997832E+0002
     6.27200   0.2665795E+0000   0.4616123E-0002   0.1799325E+0002  -0.8637042E-0003   0.2651174E-0004   0.1030024E+0000  -0.5997848E+0002
     6.28000   0.2666180E+0000   0.4805712E-0002   0.1799329E+0002  -0.8634841E-0003   0.2751031E-0004   0.1026771E+0000  -0.5997861E+0002
     6.28800   0.2666579E+0000   0.4995554E-0002   0.1799332E+0002  -0.8632561E-0003   0.2850668E-0004   0.1023726E+0000  -0.5997870E+0002
     6.29600   0.2666995E+0000   0.5188463E-0002   0.1799334E+0002  -0.8630199E-0003   0.2951966E-0004   0.1020916E+0000  -0.5997876E+0002
     6.30400   0.2667425E+0000   0.5384756E-0002   0.1799334E+0002  -0.8627755E-0003   0.3055233E-0004   0.1018296E+0000  -0.5997877E+0002
     6.31200   0.2667872E+0000   0.5587002E-0002   0.1799334E+0002  -0.8625226E-0003   0.3161847E-0004   0.1015783E+0000  -0.5997875E+0002
     6.32000   0.2668336E+0000   0.5798336E-0002   0.1799333E+0002  -0.8622607E-0003   0.3273352E-0004   0.1013313E+0000  -0.5997871E+0002
     6.32800   0.2668817E+0000   0.6016713E-0002   0.1799331E+0002  -0.8619896E-0003   0.3388375E-0004   0.1010876E+0000  -0.5997865E+0002
     6.33600   0.2669316E+0000   0.6233259E-0002   0.1799329E+0002  -0.8617095E-0003   0.3501886E-0004   0.1008510E+0000  -0.5997859E+0002
     6.34400   0.2669831E+0000   0.6438556E-0002   0.1799327E+0002  -0.8614208E-0003   0.3608761E-0004   0.1006250E+0000  -0.5997852E+0002
     6.35200   0.2670362E+0000   0.6631203E-0002   0.1799325E+0002  -0.8611241E-0003   0.3708413E-0004   0.1004082E+0000  -0.5997844E+0002
     6.36000   0.2670907E+0000   0.6819518E-0002   0.1799323E+0002  -0.8608197E-0003   0.3805514E-0004   0.1001940E+0000  -0.5997835E+0002
     6.36800   0.2671468E+0000   0.7014230E-0002   0.1799320E+0002  -0.8605072E-0003   0.3905826E-0004   0.9997404E-0001  -0.5997826E+0002
     6.37600   0.2672046E+0000   0.7219626E-0002   0.1799317E+0002  -0.8601863E-0003   0.4011378E-0004   0.9974145E-0001  -0.5997816E+0002
     6.38400   0.2672641E+0000   0.7432167E-0002   0.1799315E+0002  -0.8598567E-0003   0.4119869E-0004   0.9949146E-0001  -0.5997807E+0002
     6.39200   0.2673252E+0000   0.7647335E-0002   0.1799312E+0002  -0.8595184E-0003   0.4228524E-0004   0.9921951E-0001  -0.5997799E+0002
     6.40000   0.2673882E+0000   0.7866638E-0002   0.1799310E+0002  -0.8591714E-0003   0.4337901E-0004   0.9892040E-0001  -0.5997790E+0002
     6.40800   0.2674529E+0000   0.8096920E-0002   0.1799308E+0002  -0.8588153E-0003   0.4451432E-0004   0.9858983E-0001  -0.5997782E+0002
     6.41600   0.2675197E+0000   0.8342815E-0002   0.1799305E+0002  -0.8584496E-0003   0.4571296E-0004   0.9822639E-0001  -0.5997774E+0002
     6.42400   0.2675885E+0000   0.8600630E-0002   0.1799303E+0002  -0.8580740E-0003   0.4695194E-0004   0.9783132E-0001  -0.5997767E+0002
     6.43200   0.2676594E+0000   0.8860233E-0002   0.1799302E+0002  -0.8576886E-0003   0.4817466E-0004   0.9740602E-0001  -0.5997761E+0002
     6.44000   0.2677323E+0000   0.9112963E-0002   0.1799301E+0002  -0.8572939E-0003   0.4933343E-0004   0.9694991E-0001  -0.5997757E+0002
     6.44800   0.2678071E+0000   0.9357560E-0002   0.1799300E+0002  -0.8568905E-0003   0.5042040E-0004   0.9646157E-0001  -0.5997754E+0002
     6.45600   0.2678839E+0000   0.9598777E-0002   0.1799301E+0002  -0.8564788E-0003   0.5145961E-0004   0.9594185E-0001  -0.5997753E+0002
     6.46400   0.2679627E+0000   0.9841073E-0002   0.1799301E+0002  -0.8560591E-0003   0.5247432E-0004   0.9539571E-0001  -0.5997754E+0002
     6.47200   0.2680433E+0000   0.1008424E-0001   0.1799302E+0002  -0.8556313E-0003   0.5346485E-0004   0.9483001E-0001  -0.5997757E+0002
     6.48000   0.2681259E+0000   0.1032484E-0001   0.1799304E+0002  -0.8551960E-0003   0.5441578E-0004   0.9424931E-0001  -0.5997762E+0002
     6.48800   0.2682104E+0000   0.1056074E-0001   0.1799306E+0002  -0.8547535E-0003   0.5531820E-0004   0.9365362E-0001  -0.5997768E+0002
     6.49600   0.2682968E+0000   0.1079360E-0001   0.1799309E+0002  -0.8543040E-0003   0.5618051E-0004   0.9304039E-0001  -0.5997776E+0002
     6.50400   0.2683850E+0000   0.1102677E-0001   0.1799312E+0002  -0.8538479E-0003   0.5701827E-0004   0.9240863E-0001  -0.5997786E+0002
     6.51200   0.2684751E+0000   0.1126168E-0001   0.1799316E+0002  -0.8533852E-0003   0.5783745E-0004   0.9176098E-0001  -0.5997798E+0002
     6.52000   0.2685670E+0000   0.1149648E-0001   0.1799320E+0002  -0.8529161E-0003   0.5862939E-0004   0.9110176E-0001  -0.5997811E+0002
     6.52800   0.2686609E+0000   0.1172801E-0001   0.1799325E+0002  -0.8524411E-0003   0.5938031E-0004   0.9043327E-0001  -0.5997826E+0002
     6.53600   0.2687565E+0000   0.1195445E-0001   0.1799331E+0002  -0.8519604E-0003   0.6008253E-0004   0.8975424E-0001  -0.5997844E+0002
     6.54400   0.2688539E+0000   0.1217590E-0001   0.1799337E+0002  -0.8514745E-0003   0.6073583E-0004   0.8906182E-0001  -0.5997863E+0002
     6.55200   0.2689531E+0000   0.1239286E-0001   0.1799343E+0002  -0.8509838E-0003   0.6134096E-0004   0.8835482E-0001  -0.5997883E+0002
     6.56000   0.2690539E+0000   0.1260501E-0001   0.1799350E+0002  -0.8504887E-0003   0.6189554E-0004   0.8763477E-0001  -0.5997906E+0002
     6.56800   0.2691564E+0000   0.1281162E-0001   0.1799358E+0002  -0.8499895E-0003   0.6239715E-0004   0.8690395E-0001  -0.5997930E+0002
     6.57600   0.2692605E+0000   0.1301281E-0001   0.1799366E+0002  -0.8494867E-0003   0.6284822E-0004   0.8616271E-0001  -0.5997956E+0002
     6.58400   0.2693662E+0000   0.1320979E-0001   0.1799374E+0002  -0.8489807E-0003   0.6325511E-0004   0.8540904E-0001  -0.5997982E+0002
     6.59200   0.2694734E+0000   0.1340358E-0001   0.1799383E+0002  -0.8484717E-0003   0.6362141E-0004   0.8464053E-0001  -0.5998009E+0002
     6.60000   0.2695821E+0000   0.1359372E-0001   0.1799391E+0002  -0.8479601E-0003   0.6394302E-0004   0.8385688E-0001  -0.5998035E+0002
     6.60800   0.2696924E+0000   0.1377829E-0001   0.1799400E+0002  -0.8474464E-0003   0.6421083E-0004   0.8306034E-0001  -0.5998062E+0002
     6.61600   0.2698040E+0000   0.1395536E-0001   0.1799408E+0002  -0.8469311E-0003   0.6441797E-0004   0.8225425E-0001  -0.5998089E+0002
     6.62400   0.2699170E+0000   0.1412413E-0001   0.1799417E+0002  -0.8464146E-0003   0.6456399E-0004   0.8144114E-0001  -0.5998116E+0002
     6.63200   0.2700313E+0000   0.1428469E-0001   0.1799425E+0002  -0.8458974E-0003   0.6465217E-0004   0.8062226E-0001  -0.5998144E+0002
     6.64000   0.2701468E+0000   0.1443701E-0001   0.1799433E+0002  -0.8453799E-0003   0.6468426E-0004   0.7979813E-0001  -0.5998170E+0002
     6.64800   0.2702634E+0000   0.1458050E-0001   0.1799442E+0002  -0.8448626E-0003   0.6465906E-0004   0.7896907E-0001  -0.5998196E+0002
     6.65600   0.2703811E+0000   0.1471474E-0001   0.1799450E+0002  -0.8443460E-0003   0.6457613E-0004   0.7813492E-0001  -0.5998221E+0002
     6.66400   0.2704999E+0000   0.1484043E-0001   0.1799457E+0002  -0.8438305E-0003   0.6443950E-0004   0.7729475E-0001  -0.5998245E+0002
     6.67200   0.2706195E+0000   0.1495922E-0001   0.1799464E+0002  -0.8433165E-0003   0.6425654E-0004   0.7644732E-0001  -0.5998268E+0002
     6.68000   0.2707401E+0000   0.1507249E-0001   0.1799471E+0002  -0.8428042E-0003   0.6403301E-0004   0.7559234E-0001  -0.5998289E+0002
     6.68800   0.2708616E+0000   0.1518036E-0001   0.1799478E+0002  -0.8422940E-0003   0.6376978E-0004   0.7473125E-0001  -0.5998310E+0002
     6.69600   0.2709838E+0000   0.1528187E-0001   0.1799484E+0002  -0.8417863E-0003   0.6346474E-0004   0.7386681E-0001  -0.5998330E+0002
     6.70400   0.2711068E+0000   0.1537618E-0001   0.1799490E+0002  -0.8412814E-0003   0.6311752E-0004   0.7300184E-0001  -0.5998348E+0002
     6.71200   0.2712305E+0000   0.1546329E-0001   0.1799495E+0002  -0.8407795E-0003   0.6273162E-0004   0.7213870E-0001  -0.5998364E+0002
     6.72000   0.2713549E+0000   0.1554365E-0001   0.1799500E+0002  -0.8402810E-0003   0.6231187E-0004   0.7127984E-0001  -0.5998379E+0002
     6.72800   0.2714798E+0000   0.1561698E-0001   0.1799504E+0002  -0.8397861E-0003   0.6186029E-0004   0.7042880E-0001  -0.5998392E+0002
     6.73600   0.2716053E+0000   0.1568173E-0001   0.1799507E+0002  -0.8392951E-0003   0.6137498E-0004   0.6959022E-0001  -0.5998403E+0002
     6.74400   0.2717312E+0000   0.1573576E-0001   0.1799511E+0002  -0.8388083E-0003   0.6085303E-0004   0.6876851E-0001  -0.5998412E+0002
     6.75200   0.2718574E+0000   0.1577747E-0001   0.1799513E+0002  -0.8383260E-0003   0.6029381E-0004   0.6796632E-0001  -0.5998420E+0002
     6.76000   0.2719838E+0000   0.1580629E-0001   0.1799516E+0002  -0.8378484E-0003   0.5969922E-0004   0.6718414E-0001  -0.5998427E+0002
     6.76800   0.2721104E+0000   0.1582206E-0001   0.1799517E+0002  -0.8373758E-0003   0.5907097E-0004   0.6642152E-0001  -0.5998432E+0002
     6.77600   0.2722370E+0000   0.1582424E-0001   0.1799519E+0002  -0.8369085E-0003   0.5840846E-0004   0.6567844E-0001  -0.5998436E+0002
     6.78400   0.2723635E+0000   0.1581191E-0001   0.1799520E+0002  -0.8364469E-0003   0.5770998E-0004   0.6495578E-0001  -0.5998439E+0002
     6.79200   0.2724898E+0000   0.1578449E-0001   0.1799521E+0002  -0.8359910E-0003   0.5697597E-0004   0.6425448E-0001  -0.5998441E+0002
     6.80000   0.2726157E+0000   0.1574252E-0001   0.1799522E+0002  -0.8355414E-0003   0.5621094E-0004   0.6357471E-0001  -0.5998443E+0002
     6.80800   0.2727412E+0000   0.1568757E-0001   0.1799522E+0002  -0.8350980E-0003   0.5542209E-0004   0.6291601E-0001  -0.5998444E+0002
     6.81600   0.2728662E+0000   0.1562135E-0001   0.1799523E+0002  -0.8346611E-0003   0.5461633E-0004   0.6227839E-0001  -0.5998446E+0002
     6.82400   0.2729905E+0000   0.1554511E-0001   0.1799524E+0002  -0.8342307E-0003   0.5379894E-0004   0.6166328E-0001  -0.5998447E+0002
     6.83200   0.2731142E+0000   0.1545969E-0001   0.1799524E+0002  -0.8338069E-0003   0.5297485E-0004   0.6107318E-0001  -0.5998449E+0002
     6.84000   0.2732372E+0000   0.1536613E-0001   0.1799525E+0002  -0.8333897E-0003   0.5215036E-0004   0.6051033E-0001  -0.5998451E+0002
     6.84800   0.2733593E+0000   0.1526580E-0001   0.1799526E+0002  -0.8329790E-0003   0.5133236E-0004   0.5997551E-0001  -0.5998453E+0002
     6.85600   0.2734806E+0000   0.1515968E-0001   0.1799527E+0002  -0.8325748E-0003   0.5052494E-0004   0.5946795E-0001  -0.5998455E+0002
     6.86400   0.2736009E+0000   0.1504740E-0001   0.1799528E+0002  -0.8321770E-0003   0.4972629E-0004   0.5898614E-0001  -0.5998458E+0002
     6.87200   0.2737204E+0000   0.1492719E-0001   0.1799529E+0002  -0.8317856E-0003   0.4892935E-0004   0.5852879E-0001  -0.5998462E+0002
     6.88000   0.2738387E+0000   0.1479692E-0001   0.1799530E+0002  -0.8314005E-0003   0.4812625E-0004   0.5809480E-0001  -0.5998466E+0002
     6.88800   0.2739560E+0000   0.1465569E-0001   0.1799532E+0002  -0.8310220E-0003   0.4731344E-0004   0.5768266E-0001  -0.5998469E+0002
     6.89600   0.2740720E+0000   0.1450455E-0001   0.1799533E+0002  -0.8306501E-0003   0.4649326E-0004   0.5728986E-0001  -0.5998473E+0002
     6.90400   0.2741868E+0000   0.1434582E-0001   0.1799534E+0002  -0.8302847E-0003   0.4567131E-0004   0.5691312E-0001  -0.5998476E+0002
     6.91200   0.2743002E+0000   0.1418172E-0001   0.1799535E+0002  -0.8299259E-0003   0.4485195E-0004   0.5654923E-0001  -0.5998480E+0002
     6.92000   0.2744123E+0000   0.1401325E-0001   0.1799536E+0002  -0.8295736E-0003   0.4403573E-0004   0.5619592E-0001  -0.5998484E+0002
     6.92800   0.2745231E+0000   0.1384018E-0001   0.1799538E+0002  -0.8292279E-0003   0.4322013E-0004   0.5585230E-0001  -0.5998488E+0002
     6.93600   0.2746324E+0000   0.1366174E-0001   0.1799540E+0002  -0.8288886E-0003   0.4240199E-0004   0.5551873E-0001  -0.5998494E+0002
     6.94400   0.2747402E+0000   0.1347703E-0001   0.1799542E+0002  -0.8285560E-0003   0.4157882E-0004   0.5519642E-0001  -0.5998500E+0002
     6.95200   0.2748464E+0000   0.1328484E-0001   0.1799544E+0002  -0.8282300E-0003   0.4074790E-0004   0.5488696E-0001  -0.5998508E+0002
     6.96000   0.2749511E+0000   0.1308328E-0001   0.1799547E+0002  -0.8279108E-0003   0.3990464E-0004   0.5459170E-0001  -0.5998517E+0002
     6.96800   0.2750541E+0000   0.1286997E-0001   0.1799550E+0002  -0.8275985E-0003   0.3904282E-0004   0.5431115E-0001  -0.5998528E+0002
     6.97600   0.2751552E+0000   0.1264308E-0001   0.1799554E+0002  -0.8272932E-0003   0.3815733E-0004   0.5404455E-0001  -0.5998541E+0002
     6.98400   0.2752544E+0000   0.1240264E-0001   0.1799559E+0002  -0.8269952E-0003   0.3724783E-0004   0.5379012E-0001  -0.5998556E+0002
     6.99200   0.2753516E+0000   0.1215105E-0001   0.1799564E+0002  -0.8267046E-0003   0.3632038E-0004   0.5354576E-0001  -0.5998573E+0002
     7.00000   0.2754468E+0000   0.1189241E-0001   0.1799569E+0002  -0.8264216E-0003   0.3538568E-0004   0.5330994E-0001  -0.5998591E+0002
     7.00800   0.2755398E+0000   0.1163089E-0001   0.1799575E+0002  -0.8261459E-0003   0.3445503E-0004   0.5308197E-0001  -0.5998609E+0002
     7.01600   0.2756308E+0000   0.1136956E-0001   0.1799581E+0002  -0.8258776E-0003   0.3353673E-0004   0.5286166E-0001  -0.5998629E+0002
     7.02400   0.2757197E+0000   0.1111004E-0001   0.1799587E+0002  -0.8256165E-0003   0.3263512E-0004   0.5264849E-0001  -0.5998649E+0002
     7.03200   0.2758065E+0000   0.1085328E-0001   0.1799593E+0002  -0.8253625E-0003   0.3175221E-0004   0.5244127E-0001  -0.5998669E+0002
     7.04000   0.2758913E+0000   0.1060035E-0001   0.1799599E+0002  -0.8251154E-0003   0.3089009E-0004   0.5223838E-0001  -0.5998689E+0002
     7.04800   0.2759741E+0000   0.1035287E-0001   0.1799605E+0002  -0.8248750E-0003   0.3005210E-0004   0.5203848E-0001  -0.5998709E+0002
     7.05600   0.2760550E+0000   0.1011264E-0001   0.1799611E+0002  -0.8246411E-0003   0.2924233E-0004   0.5184108E-0001  -0.5998728E+0002
     7.06400   0.2761341E+0000   0.9881060E-0002   0.1799616E+0002  -0.8244133E-0003   0.2846420E-0004   0.5164636E-0001  -0.5998745E+0002
     7.07200   0.2762113E+0000   0.9658810E-0002   0.1799621E+0002  -0.8241916E-0003   0.2771938E-0004   0.5145449E-0001  -0.5998761E+0002
     7.08000   0.2762869E+0000   0.9445948E-0002   0.1799625E+0002  -0.8239755E-0003   0.2700771E-0004   0.5126468E-0001  -0.5998775E+0002
     7.08800   0.2763608E+0000   0.9242284E-0002   0.1799629E+0002  -0.8237649E-0003   0.2632786E-0004   0.5107465E-0001  -0.5998786E+0002
     7.09600   0.2764332E+0000   0.9047712E-0002   0.1799632E+0002  -0.8235595E-0003   0.2567801E-0004   0.5088066E-0001  -0.5998795E+0002
     7.10400   0.2765041E+0000   0.8862321E-0002   0.1799634E+0002  -0.8233590E-0003   0.2505628E-0004   0.5067802E-0001  -0.5998803E+0002
     7.11200   0.2765736E+0000   0.8686304E-0002   0.1799636E+0002  -0.8231633E-0003   0.2446079E-0004   0.5046184E-0001  -0.5998808E+0002
     7.12000   0.2766418E+0000   0.8519762E-0002   0.1799637E+0002  -0.8229722E-0003   0.2388944E-0004   0.5022779E-0001  -0.5998812E+0002
     7.12800   0.2767087E+0000   0.8362506E-0002   0.1799638E+0002  -0.8227855E-0003   0.2333972E-0004   0.4997257E-0001  -0.5998815E+0002
     7.13600   0.2767744E+0000   0.8213953E-0002   0.1799638E+0002  -0.8226030E-0003   0.2280861E-0004   0.4969411E-0001  -0.5998817E+0002
     7.14400   0.2768390E+0000   0.8073165E-0002   0.1799639E+0002  -0.8224247E-0003   0.2229274E-0004   0.4939149E-0001  -0.5998818E+0002
     7.15200   0.2769025E+0000   0.7939058E-0002   0.1799639E+0002  -0.8222504E-0003   0.2178892E-0004   0.4906464E-0001  -0.5998818E+0002
     7.16000   0.2769650E+0000   0.7810620E-0002   0.1799639E+0002  -0.8220800E-0003   0.2129456E-0004   0.4871405E-0001  -0.5998818E+0002
     7.16800   0.2770265E+0000   0.7686980E-0002   0.1799639E+0002  -0.8219136E-0003   0.2080773E-0004   0.4834072E-0001  -0.5998817E+0002
     7.17600   0.2770870E+0000   0.7567253E-0002   0.1799639E+0002  -0.8217510E-0003   0.2032666E-0004   0.4794623E-0001  -0.5998816E+0002
     7.18400   0.2771466E+0000   0.7450352E-0002   0.1799638E+0002  -0.8215922E-0003   0.1984934E-0004   0.4753280E-0001  -0.5998816E+0002
     7.19200   0.2772053E+0000   0.7335042E-0002   0.1799639E+0002  -0.8214372E-0003   0.1937362E-0004   0.4710303E-0001  -0.5998815E+0002
     7.20000   0.2772630E+0000   0.7220369E-0002   0.1799639E+0002  -0.8212860E-0003   0.1889831E-0004   0.4665943E-0001  -0.5998815E+0002
     7.20800   0.2773199E+0000   0.7106190E-0002   0.1799639E+0002  -0.8211386E-0003   0.1842430E-0004   0.4620380E-0001  -0.5998815E+0002
     7.21600   0.2773758E+0000   0.6993365E-0002   0.1799639E+0002  -0.8209949E-0003   0.1795472E-0004   0.4573690E-0001  -0.5998815E+0002
     7.22400   0.2774309E+0000   0.6883312E-0002   0.1799639E+0002  -0.8208550E-0003   0.1749359E-0004   0.4525857E-0001  -0.5998814E+0002
     7.23200   0.2774851E+0000   0.6777153E-0002   0.1799638E+0002  -0.8207187E-0003   0.1704366E-0004   0.4476831E-0001  -0.5998813E+0002
     7.24000   0.2775385E+0000   0.6674998E-0002   0.1799638E+0002  -0.8205858E-0003   0.1660491E-0004   0.4426590E-0001  -0.5998811E+0002
     7.24800   0.2775911E+0000   0.6575862E-0002   0.1799637E+0002  -0.8204564E-0003   0.1617472E-0004   0.4375188E-0001  -0.5998808E+0002
     7.25600   0.2776430E+0000   0.6478204E-0002   0.1799636E+0002  -0.8203304E-0003   0.1574948E-0004   0.4322751E-0001  -0.5998805E+0002
     7.26400   0.2776940E+0000   0.6380612E-0002   0.1799636E+0002  -0.8202078E-0003   0.1532632E-0004   0.4269451E-0001  -0.5998803E+0002
     7.27200   0.2777443E+0000   0.6282091E-0002   0.1799635E+0002  -0.8200886E-0003   0.1490362E-0004   0.4215459E-0001  -0.5998801E+0002
     7.28000   0.2777937E+0000   0.6181810E-0002   0.1799635E+0002  -0.8199727E-0003   0.1448025E-0004   0.4160917E-0001  -0.5998800E+0002
     7.28800   0.2778423E+0000   0.6078641E-0002   0.1799635E+0002  -0.8198603E-0003   0.1405436E-0004   0.4105938E-0001  -0.5998800E+0002
     7.29600   0.2778901E+0000   0.5970971E-0002   0.1799636E+0002  -0.8197513E-0003   0.1362300E-0004   0.4050624E-0001  -0.5998803E+0002
     7.30400   0.2779370E+0000   0.5857018E-0002   0.1799638E+0002  -0.8196459E-0003   0.1318298E-0004   0.3995090E-0001  -0.5998807E+0002
     7.31200   0.2779829E+0000   0.5735453E-0002   0.1799640E+0002  -0.8195440E-0003   0.1273237E-0004   0.3939483E-0001  -0.5998814E+0002
     7.32000   0.2780277E+0000   0.5605897E-0002   0.1799643E+0002  -0.8194458E-0003   0.1227153E-0004   0.3883974E-0001  -0.5998823E+0002
     7.32800   0.2780715E+0000   0.5468991E-0002   0.1799646E+0002  -0.8193514E-0003   0.1180313E-0004   0.3828745E-0001  -0.5998835E+0002
     7.33600   0.2781141E+0000   0.5326054E-0002   0.1799650E+0002  -0.8192607E-0003   0.1133117E-0004   0.3773975E-0001  -0.5998847E+0002
     7.34400   0.2781555E+0000   0.5178576E-0002   0.1799654E+0002  -0.8191739E-0003   0.1085979E-0004   0.3719827E-0001  -0.5998860E+0002
     7.35200   0.2781957E+0000   0.5027816E-0002   0.1799658E+0002  -0.8190907E-0003   0.1039233E-0004   0.3666448E-0001  -0.5998874E+0002
     7.36000   0.2782347E+0000   0.4874661E-0002   0.1799662E+0002  -0.8190113E-0003   0.9931156E-0005   0.3613961E-0001  -0.5998886E+0002
     7.36800   0.2782725E+0000   0.4719716E-0002   0.1799666E+0002  -0.8189355E-0003   0.9477817E-0005   0.3562461E-0001  -0.5998898E+0002
     7.37600   0.2783090E+0000   0.4563525E-0002   0.1799669E+0002  -0.8188632E-0003   0.9033555E-0005   0.3511999E-0001  -0.5998909E+0002
     7.38400   0.2783442E+0000   0.4406756E-0002   0.1799672E+0002  -0.8187944E-0003   0.8599648E-0005   0.3462574E-0001  -0.5998917E+0002
     7.39200   0.2783782E+0000   0.4250218E-0002   0.1799674E+0002  -0.8187290E-0003   0.8177431E-0005   0.3414143E-0001  -0.5998924E+0002
     7.40000   0.2784110E+0000   0.4094623E-0002   0.1799675E+0002  -0.8186668E-0003   0.7767869E-0005   0.3366645E-0001  -0.5998928E+0002
     7.40800   0.2784425E+0000   0.3940153E-0002   0.1799676E+0002  -0.8186079E-0003   0.7370828E-0005   0.3320020E-0001  -0.5998931E+0002
     7.41600   0.2784728E+0000   0.3786064E-0002   0.1799676E+0002  -0.8185520E-0003   0.6984483E-0005   0.3274224E-0001  -0.5998931E+0002
     7.42400   0.2785018E+0000   0.3630611E-0002   0.1799676E+0002  -0.8184991E-0003   0.6605319E-0005   0.3229216E-0001  -0.5998930E+0002
     7.43200   0.2785296E+0000   0.3471444E-0002   0.1799675E+0002  -0.8184493E-0003   0.6228923E-0005   0.3184921E-0001  -0.5998927E+0002
     7.44000   0.2785561E+0000   0.3306328E-0002   0.1799675E+0002  -0.8184025E-0003   0.5851273E-0005   0.3141193E-0001  -0.5998925E+0002
     7.44800   0.2785811E+0000   0.3133857E-0002   0.1799674E+0002  -0.8183587E-0003   0.5469906E-0005   0.3097793E-0001  -0.5998922E+0002
     7.45600   0.2786048E+0000   0.2953788E-0002   0.1799673E+0002  -0.8183181E-0003   0.5084378E-0005   0.3054377E-0001  -0.5998919E+0002
     7.46400   0.2786269E+0000   0.2766885E-0002   0.1799673E+0002  -0.8182805E-0003   0.4695913E-0005   0.3010503E-0001  -0.5998917E+0002
     7.47200   0.2786475E+0000   0.2574490E-0002   0.1799672E+0002  -0.8182461E-0003   0.4306622E-0005   0.2965644E-0001  -0.5998915E+0002
     7.48000   0.2786665E+0000   0.2378215E-0002   0.1799672E+0002  -0.8182147E-0003   0.3919013E-0005   0.2919182E-0001  -0.5998913E+0002
     7.48800   0.2786840E+0000   0.2180093E-0002   0.1799671E+0002  -0.8181864E-0003   0.3536250E-0005   0.2870441E-0001  -0.5998909E+0002
     7.49600   0.2786998E+0000   0.1983054E-0002   0.1799669E+0002  -0.8181611E-0003   0.3162935E-0005   0.2818786E-0001  -0.5998904E+0002
     7.50400   0.2787142E+0000   0.1791342E-0002   0.1799666E+0002  -0.8181387E-0003   0.2805744E-0005   0.2763879E-0001  -0.5998895E+0002
     7.51200   0.2787270E+0000   0.1610240E-0002   0.1799662E+0002  -0.8181189E-0003   0.2472963E-0005   0.2705997E-0001  -0.5998881E+0002
     7.52000   0.2787386E+0000   0.1444753E-0002   0.1799657E+0002  -0.8181015E-0003   0.2172350E-0005   0.2646249E-0001  -0.5998863E+0002
     7.52800   0.2787490E+0000   0.1297592E-0002   0.1799650E+0002  -0.8180862E-0003   0.1908004E-0005   0.2586546E-0001  -0.5998840E+0002
     7.53600   0.2787583E+0000   0.1167539E-0002   0.1799642E+0002  -0.8180728E-0003   0.1678045E-0005   0.2529318E-0001  -0.5998813E+0002
     7.54400   0.2787667E+0000   0.1049380E-0002   0.1799634E+0002  -0.8180610E-0003   0.1474857E-0005   0.2477094E-0001  -0.5998785E+0002
     7.55200   0.2787742E+0000   0.9357582E-0003   0.1799625E+0002  -0.8180507E-0003   0.1288018E-0005   0.2432128E-0001  -0.5998755E+0002
     7.56000   0.2787808E+0000   0.8200538E-0003   0.1799617E+0002  -0.8180418E-0003   0.1108273E-0005   0.2396078E-0001  -0.5998727E+0002
     7.56800   0.2787864E+0000   0.6987944E-0003   0.1799608E+0002  -0.8180344E-0003   0.9304016E-0006   0.2369846E-0001  -0.5998700E+0002
     7.57600   0.2787909E+0000   0.5723479E-0003   0.1799601E+0002  -0.8180284E-0003   0.7537063E-0006   0.2353565E-0001  -0.5998674E+0002
     7.58400   0.2787945E+0000   0.4437228E-0003   0.1799593E+0002  -0.8180237E-0003   0.5803122E-0006   0.2346176E-0001  -0.5998648E+0002
     7.59200   0.2787970E+0000   0.3179178E-0003   0.1799585E+0002  -0.8180204E-0003   0.4144777E-0006   0.2347329E-0001  -0.5998622E+0002
     7.60000   0.2787986E+0000   0.1998114E-0003   0.1799577E+0002  -0.8180183E-0003   0.2606285E-0006   0.2356915E-0001  -0.5998596E+0002
     7.60800   0.2787994E+0000   0.1005442E-0003   0.1799569E+0002  -0.8180173E-0003   0.1316832E-0006   0.2375655E-0001  -0.5998569E+0002
     7.61600   0.2787996E+0000   0.2764464E-0004   0.1799541E+0002  -0.8180170E-0003   0.3649436E-0007   0.2405829E-0001  -0.5998540E+0002
     7.62400   0.2787996E+0000  -0.4991396E-0016   0.1799502E+0002  -0.8180170E-0003   0.2947295E-0014   0.2449105E-0001  -0.5998509E+0002
     7.63200   0.2787996E+0000   0.3117759E-0015   0.1799457E+0002  -0.8180170E-0003   0.2947078E-0014   0.2506752E-0001  -0.5998477E+0002
     7.64000   0.2787996E+0000   0.1309310E-0015   0.1799391E+0002  -0.8180170E-0003   0.2947729E-0014   0.2579298E-0001  -0.5998443E+0002
     7.64800   0.2787996E+0000   0.6734793E-0015   0.1799310E+0002  -0.8180170E-0003   0.2948813E-0014   0.2666850E-0001  -0.5998407E+0002
     7.65600   0.2787996E+0000  -0.2307453E-0015   0.1799217E+0002  -0.8180170E-0003   0.2950114E-0014   0.2769203E-0001  -0.5998367E+0002
     7.66400   0.2787996E+0000  -0.4990040E-0016   0.1799112E+0002  -0.8180170E-0003   0.2951415E-0014   0.2885908E-0001  -0.5998324E+0002
     7.67200   0.2787996E+0000  -0.4992751E-0016   0.1798994E+0002  -0.8180170E-0003   0.2952716E-0014   0.3016667E-0001  -0.5998277E+0002
     7.68000   0.2787996E+0000   0.1309174E-0015   0.1798866E+0002  -0.8180170E-0003   0.2954234E-0014   0.3161251E-0001  -0.5998228E+0002
     7.68800   0.2787996E+0000  -0.4992751E-0016   0.1798732E+0002  -0.8180170E-0003   0.2956836E-0014   0.3319385E-0001  -0.5998176E+0002
     7.69600   0.2787996E+0000   0.1309174E-0015   0.1798593E+0002  -0.8180170E-0003   0.2957270E-0014   0.3490643E-0001  -0.5998122E+0002
     7.70400   0.2787996E+0000   0.4925530E-0015   0.1798451E+0002  -0.8180170E-0003   0.2961173E-0014   0.3673830E-0001  -0.5998068E+0002
     7.71200   0.2787996E+0000   0.4925530E-0015   0.1798305E+0002  -0.8180170E-0003   0.2960956E-0014   0.3867976E-0001  -0.5998014E+0002
     7.72000   0.2787996E+0000   0.1308632E-0015   0.1798155E+0002  -0.8180170E-0003   0.2963341E-0014   0.4072492E-0001  -0.5997959E+0002
     7.72800   0.2787996E+0000   0.6733980E-0015   0.1798001E+0002  -0.8180170E-0003   0.2966377E-0014   0.4286751E-0001  -0.5997906E+0002
     7.73600   0.2787996E+0000   0.1308632E-0015   0.1797843E+0002  -0.8180170E-0003   0.2966811E-0014   0.4510150E-0001  -0.5997853E+0002
     7.74400   0.2787996E+0000   0.3117081E-0015   0.1797680E+0002  -0.8180170E-0003   0.2970280E-0014   0.4742178E-0001  -0.5997802E+0002
     7.75200   0.2787996E+0000   0.3117081E-0015   0.1797513E+0002  -0.8180170E-0003   0.2971581E-0014   0.4982394E-0001  -0.5997752E+0002
     7.76000   0.2787996E+0000   0.1308632E-0015   0.1797344E+0002  -0.8180170E-0003   0.2974183E-0014   0.5230415E-0001  -0.5997704E+0002
     7.76800   0.2787996E+0000   0.3117081E-0015   0.1797172E+0002  -0.8180170E-0003   0.2975051E-0014   0.5485900E-0001  -0.5997658E+0002
     7.77600   0.2787996E+0000   0.4926615E-0015   0.1796999E+0002  -0.8180170E-0003   0.2980255E-0014   0.5748518E-0001  -0.5997613E+0002
     7.78400   0.2787996E+0000   0.3118165E-0015   0.1796825E+0002  -0.8180170E-0003   0.2982423E-0014   0.6017918E-0001  -0.5997569E+0002
     7.79200   0.2787996E+0000   0.3118165E-0015   0.1796651E+0002  -0.8180170E-0003   0.2982423E-0014   0.6293699E-0001  -0.5997525E+0002
     7.80000   0.2787996E+0000   0.4926615E-0015   0.1796476E+0002  -0.8180170E-0003   0.2985893E-0014   0.6575371E-0001  -0.5997482E+0002
     7.80800   0.2787996E+0000   0.1309716E-0015   0.1796303E+0002  -0.8180170E-0003   0.2988929E-0014   0.6862313E-0001  -0.5997438E+0002
     7.81600   0.2787996E+0000   0.3118165E-0015   0.1796131E+0002  -0.8180170E-0003   0.2994133E-0014   0.7153743E-0001  -0.5997393E+0002
     7.82400   0.2787996E+0000   0.4926615E-0015   0.1795961E+0002  -0.8180170E-0003   0.2992832E-0014   0.7448740E-0001  -0.5997349E+0002
     7.83200   0.2787996E+0000   0.1309716E-0015   0.1795795E+0002  -0.8180170E-0003   0.2996301E-0014   0.7746307E-0001  -0.5997306E+0002
     7.84000   0.2787996E+0000   0.1309716E-0015   0.1795632E+0002  -0.8180170E-0003   0.2997168E-0014   0.8045439E-0001  -0.5997263E+0002
     7.84800   0.2787996E+0000   0.1309716E-0015   0.1795474E+0002  -0.8180170E-0003   0.2999987E-0014   0.8345138E-0001  -0.5997223E+0002
     7.85600   0.2787996E+0000   0.3118165E-0015   0.1795320E+0002  -0.8180170E-0003   0.3001505E-0014   0.8644368E-0001  -0.5997185E+0002
     7.86400   0.2787996E+0000   0.3118165E-0015   0.1795172E+0002  -0.8180170E-0003   0.3005192E-0014   0.8941988E-0001  -0.5997150E+0002
     7.87200   0.2787996E+0000   0.4926615E-0015   0.1795030E+0002  -0.8180170E-0003   0.3005842E-0014   0.9236717E-0001  -0.5997119E+0002
     7.88000   0.2787996E+0000   0.1309716E-0015   0.1794894E+0002  -0.8180170E-0003   0.3008878E-0014   0.9527176E-0001  -0.5997091E+0002
     7.88800   0.2787996E+0000   0.6735064E-0015   0.1794764E+0002  -0.8180170E-0003   0.3012347E-0014   0.9811955E-0001  -0.5997068E+0002
     7.89600   0.2787996E+0000  -0.4987330E-0016   0.1794642E+0002  -0.8180170E-0003   0.3011697E-0014   0.1008967E+0000  -0.5997049E+0002
     7.90400   0.2787996E+0000   0.3118165E-0015   0.1794526E+0002  -0.8180170E-0003   0.3012347E-0014   0.1035899E+0000  -0.5997035E+0002
     7.91200   0.2787996E+0000   0.6735064E-0015   0.1794418E+0002  -0.8180170E-0003   0.3017985E-0014   0.1061861E+0000  -0.5997027E+0002
     7.92000   0.2787996E+0000   0.3118165E-0015   0.1794318E+0002  -0.8180170E-0003   0.3019503E-0014   0.1086725E+0000  -0.5997023E+0002
     7.92800   0.2787996E+0000   0.3118165E-0015   0.1794226E+0002  -0.8180170E-0003   0.3016684E-0014   0.1110367E+0000  -0.5997024E+0002
     7.93600   0.2787996E+0000   0.1309716E-0015   0.1794143E+0002  -0.8180170E-0003   0.3021671E-0014   0.1132666E+0000  -0.5997031E+0002
     7.94400   0.2787996E+0000  -0.2307182E-0015   0.1794068E+0002  -0.8180170E-0003   0.3021021E-0014   0.1153506E+0000  -0.5997042E+0002
     7.95200   0.2787996E+0000   0.1309716E-0015   0.1794003E+0002  -0.8180170E-0003   0.3023406E-0014   0.1172775E+0000  -0.5997058E+0002
     7.96000   0.2787996E+0000   0.4926615E-0015   0.1793947E+0002  -0.8180170E-0003   0.3024165E-0014   0.1190365E+0000  -0.5997080E+0002
     7.96800   0.2787996E+0000   0.3118165E-0015   0.1793902E+0002  -0.8180170E-0003   0.3023515E-0014   0.1206182E+0000  -0.5997106E+0002
     7.97600   0.2787996E+0000   0.4926615E-0015   0.1793869E+0002  -0.8180170E-0003   0.3024274E-0014   0.1220148E+0000  -0.5997137E+0002
     7.98400   0.2787996E+0000   0.3118165E-0015   0.1793846E+0002  -0.8180170E-0003   0.3022322E-0014   0.1232213E+0000  -0.5997173E+0002
     7.99200   0.2787996E+0000   0.6735064E-0015   0.1793836E+0002  -0.8180170E-0003   0.3021671E-0014   0.1242360E+0000  -0.5997214E+0002
     8.00000   0.2787996E+0000   0.1309716E-0015   0.1793838E+0002  -0.8180170E-0003   0.3025358E-0014   0.1250603E+0000  -0.5997258E+0002
     8.00800   0.2787996E+0000   0.6735064E-0015   0.1793854E+0002  -0.8180170E-0003   0.3027580E-0014   0.1256985E+0000  -0.5997306E+0002
     8.01600   0.2787996E+0000   0.6735064E-0015   0.1793882E+0002  -0.8180170E-0003   0.3024111E-0014   0.1261570E+0000  -0.5997356E+0002
     8.02400   0.2787996E+0000   0.6735064E-0015   0.1793923E+0002  -0.8180170E-0003   0.3023487E-0014   0.1264439E+0000  -0.5997407E+0002
     8.03200   0.2787996E+0000   0.1309716E-0015   0.1793977E+0002  -0.8180170E-0003   0.3027092E-0014   0.1265684E+0000  -0.5997459E+0002
     8.04000   0.2787996E+0000   0.1309716E-0015   0.1794043E+0002  -0.8180170E-0003   0.3026455E-0014   0.1265400E+0000  -0.5997510E+0002
     8.04800   0.2787996E+0000   0.3118165E-0015   0.1794120E+0002  -0.8180170E-0003   0.3021563E-0014   0.1263686E+0000  -0.5997560E+0002
     8.05600   0.2787996E+0000   0.3118165E-0015   0.1794207E+0002  -0.8180170E-0003   0.3023745E-0014   0.1260640E+0000  -0.5997608E+0002
     8.06400   0.2787996E+0000   0.3118165E-0015   0.1794303E+0002  -0.8180170E-0003   0.3018853E-0014   0.1256356E+0000  -0.5997655E+0002
     8.07200   0.2787996E+0000   0.4926615E-0015   0.1794407E+0002  -0.8180170E-0003   0.3018202E-0014   0.1250929E+0000  -0.5997701E+0002
     8.08000   0.2787996E+0000   0.6735064E-0015   0.1794519E+0002  -0.8180170E-0003   0.3016142E-0014   0.1244451E+0000  -0.5997745E+0002
     8.08800   0.2787996E+0000   0.3118165E-0015   0.1794637E+0002  -0.8180170E-0003   0.3014082E-0014   0.1237016E+0000  -0.5997787E+0002
     8.09600   0.2787996E+0000   0.1309716E-0015   0.1794763E+0002  -0.8180170E-0003   0.3013432E-0014   0.1228713E+0000  -0.5997828E+0002
     8.10400   0.2787996E+0000  -0.4987330E-0016   0.1794895E+0002  -0.8180170E-0003   0.3011372E-0014   0.1219630E+0000  -0.5997868E+0002
     8.11200   0.2787996E+0000   0.1309716E-0015   0.1795033E+0002  -0.8180170E-0003   0.3009312E-0014   0.1209850E+0000  -0.5997906E+0002
     8.12000   0.2787996E+0000  -0.4115631E-0015   0.1795178E+0002  -0.8180170E-0003   0.3005842E-0014   0.1199450E+0000  -0.5997943E+0002
     8.12800   0.2787996E+0000   0.4926615E-0015   0.1795329E+0002  -0.8180170E-0003   0.3008011E-0014   0.1188507E+0000  -0.5997979E+0002
     8.13600   0.2787996E+0000   0.3118165E-0015   0.1795486E+0002  -0.8180170E-0003   0.3005951E-0014   0.1177093E+0000  -0.5998014E+0002
     8.14400   0.2787996E+0000   0.4926615E-0015   0.1795648E+0002  -0.8180170E-0003   0.3005408E-0014   0.1165280E+0000  -0.5998048E+0002
     8.15200   0.2787996E+0000   0.1309716E-0015   0.1795815E+0002  -0.8180170E-0003   0.3001939E-0014   0.1153135E+0000  -0.5998080E+0002
     8.16000   0.2787996E+0000   0.4926615E-0015   0.1795987E+0002  -0.8180170E-0003   0.2999987E-0014   0.1140725E+0000  -0.5998112E+0002
     8.16800   0.2787996E+0000   0.4926615E-0015   0.1796162E+0002  -0.8180170E-0003   0.2996518E-0014   0.1128116E+0000  -0.5998142E+0002
     8.17600   0.2787996E+0000   0.4926615E-0015   0.1796340E+0002  -0.8180170E-0003   0.2994458E-0014   0.1115371E+0000  -0.5998172E+0002
     8.18400   0.2787996E+0000   0.3118165E-0015   0.1796520E+0002  -0.8180170E-0003   0.2995325E-0014   0.1102553E+0000  -0.5998200E+0002
     8.19200   0.2787996E+0000   0.1309716E-0015   0.1796700E+0002  -0.8180170E-0003   0.2987628E-0014   0.1089722E+0000  -0.5998228E+0002
     8.20000   0.2787996E+0000   0.1309716E-0015   0.1796881E+0002  -0.8180170E-0003   0.2986977E-0014   0.1076938E+0000  -0.5998254E+0002
     8.20800   0.2787996E+0000   0.3118165E-0015   0.1797060E+0002  -0.8180170E-0003   0.2984917E-0014   0.1064259E+0000  -0.5998280E+0002
     8.21600   0.2787996E+0000  -0.4987330E-0016   0.1797237E+0002  -0.8180170E-0003   0.2980038E-0014   0.1051740E+0000  -0.5998305E+0002
     8.22400   0.2787996E+0000   0.1309716E-0015   0.1797411E+0002  -0.8180170E-0003   0.2976569E-0014   0.1039437E+0000  -0.5998329E+0002
     8.23200   0.2787996E+0000   0.3118098E-0015   0.1797580E+0002  -0.8180170E-0003   0.2976677E-0014   0.1027405E+0000  -0.5998352E+0002
     8.24000   0.2787996E+0000   0.3118098E-0015   0.1797745E+0002  -0.8180170E-0003   0.2975376E-0014   0.1015694E+0000  -0.5998374E+0002
     8.24800   0.2787996E+0000   0.3118098E-0015   0.1797904E+0002  -0.8180170E-0003   0.2971907E-0014   0.1004351E+0000  -0.5998394E+0002
     8.25600   0.2787996E+0000   0.3118165E-0015   0.1798057E+0002  -0.8180170E-0003   0.2971256E-0014   0.9934175E-0001  -0.5998413E+0002
     8.26400   0.2787996E+0000   0.3118165E-0015   0.1798202E+0002  -0.8180170E-0003   0.2966377E-0014   0.9829308E-0001  -0.5998430E+0002
     8.27200   0.2787996E+0000   0.3118165E-0015   0.1798340E+0002  -0.8180170E-0003   0.2962908E-0014   0.9729217E-0001  -0.5998445E+0002
     8.28000   0.2787996E+0000   0.4926615E-0015   0.1798470E+0002  -0.8180170E-0003   0.2963016E-0014   0.9634149E-0001  -0.5998458E+0002
     8.28800   0.2787996E+0000   0.3118165E-0015   0.1798592E+0002  -0.8180170E-0003   0.2964534E-0014   0.9544284E-0001  -0.5998469E+0002
     8.29600   0.2787996E+0000   0.1309716E-0015   0.1798706E+0002  -0.8180170E-0003   0.2960414E-0014   0.9459720E-0001  -0.5998477E+0002
     8.30400   0.2787996E+0000   0.4926615E-0015   0.1798810E+0002  -0.8180170E-0003   0.2961173E-0014   0.9380485E-0001  -0.5998483E+0002
     8.31200   0.2787996E+0000   0.1309716E-0015   0.1798906E+0002  -0.8180170E-0003   0.2955535E-0014   0.9306539E-0001  -0.5998486E+0002
     8.32000   0.2787996E+0000   0.3118165E-0015   0.1798993E+0002  -0.8180170E-0003   0.2954234E-0014   0.9237792E-0001  -0.5998487E+0002
     8.32800   0.2787996E+0000  -0.4987330E-0016   0.1799072E+0002  -0.8180170E-0003   0.2954993E-0014   0.9174107E-0001  -0.5998485E+0002
     8.33600   0.2787996E+0000   0.3118165E-0015   0.1799142E+0002  -0.8180170E-0003   0.2953692E-0014   0.9115258E-0001  -0.5998481E+0002
     8.34400   0.2787996E+0000   0.3118165E-0015   0.1799205E+0002  -0.8180170E-0003   0.2953041E-0014   0.9060909E-0001  -0.5998475E+0002
     8.35200   0.2787996E+0000  -0.2307182E-0015   0.1799262E+0002  -0.8180170E-0003   0.2952391E-0014   0.9010739E-0001  -0.5998467E+0002
     8.36000   0.2787996E+0000   0.3118165E-0015   0.1799311E+0002  -0.8180170E-0003   0.2948271E-0014   0.8964524E-0001  -0.5998456E+0002
     8.36800   0.2787996E+0000  -0.4987330E-0016   0.1799353E+0002  -0.8180170E-0003   0.2949789E-0014   0.8922058E-0001  -0.5998443E+0002
     8.37600   0.2787996E+0000  -0.2307182E-0015   0.1799397E+0002  -0.8180170E-0003   0.2949897E-0014   0.8883908E-0001  -0.5998429E+0002
     8.38400   0.2787996E+0000   0.3118165E-0015   0.1799453E+0002  -0.8180170E-0003   0.2948596E-0014   0.8850129E-0001  -0.5998414E+0002
     8.39200   0.2787996E+0000   0.4926615E-0015   0.1799498E+0002  -0.8180170E-0003   0.2945777E-0014   0.8819220E-0001  -0.5998398E+0002
     8.40000   0.2788000E+0000   0.4321576E-0004   0.1799494E+0002  -0.8180153E-0003   0.2117975E-0006   0.8788696E-0001  -0.5998383E+0002
     8.40800   0.2788015E+0000   0.1879620E-0003   0.1799490E+0002  -0.8180079E-0003   0.9180031E-0006   0.8757061E-0001  -0.5998369E+0002
     8.41600   0.2788043E+0000   0.3506618E-0003   0.1799486E+0002  -0.8179943E-0003   0.1706465E-0005   0.8723529E-0001  -0.5998358E+0002
     8.42400   0.2788078E+0000   0.4348892E-0003   0.1799484E+0002  -0.8179774E-0003   0.2108251E-0005   0.8687133E-0001  -0.5998351E+0002
     8.43200   0.2788111E+0000   0.4095393E-0003   0.1799483E+0002  -0.8179616E-0003   0.1977079E-0005   0.8645126E-0001  -0.5998346E+0002
     8.44000   0.2788138E+0000   0.3438241E-0003   0.1799482E+0002  -0.8179484E-0003   0.1651809E-0005   0.8596366E-0001  -0.5998342E+0002
     8.44800   0.2788164E+0000   0.3272862E-0003   0.1799482E+0002  -0.8179359E-0003   0.1563490E-0005   0.8541102E-0001  -0.5998339E+0002
     8.45600   0.2788195E+0000   0.3860244E-0003   0.1799481E+0002  -0.8179212E-0003   0.1832236E-0005   0.8480066E-0001  -0.5998337E+0002
     8.46400   0.2788233E+0000   0.4714740E-0003   0.1799482E+0002  -0.8179034E-0003   0.2221824E-0005   0.8413633E-0001  -0.5998337E+0002
     8.47200   0.2788274E+0000   0.5201742E-0003   0.1799483E+0002  -0.8178840E-0003   0.2432120E-0005   0.8341677E-0001  -0.5998340E+0002
     8.48000   0.2788316E+0000   0.5168139E-0003   0.1799485E+0002  -0.8178648E-0003   0.2395741E-0005   0.8263699E-0001  -0.5998346E+0002
     8.48800   0.2788356E+0000   0.5010868E-0003   0.1799488E+0002  -0.8178464E-0003   0.2301120E-0005   0.8179059E-0001  -0.5998356E+0002
     8.49600   0.2788398E+0000   0.5232670E-0003   0.1799493E+0002  -0.8178274E-0003   0.2378360E-0005   0.8087180E-0001  -0.5998370E+0002
     8.50400   0.2788446E+0000   0.5999350E-0003   0.1799498E+0002  -0.8178058E-0003   0.2696194E-0005   0.7987748E-0001  -0.5998387E+0002
     8.51200   0.2788503E+0000   0.7090075E-0003   0.1799505E+0002  -0.8177806E-0003   0.3147195E-0005   0.7880904E-0001  -0.5998406E+0002
     8.52000   0.2788568E+0000   0.8210159E-0003   0.1799511E+0002  -0.8177519E-0003   0.3595627E-0005   0.7767366E-0001  -0.5998427E+0002
     8.52800   0.2788642E+0000   0.9259803E-0003   0.1799519E+0002  -0.8177199E-0003   0.3996878E-0005   0.7648351E-0001  -0.5998449E+0002
     8.53600   0.2788725E+0000   0.1030766E-0002   0.1799527E+0002  -0.8176849E-0003   0.4380981E-0005   0.7525265E-0001  -0.5998474E+0002
     8.54400   0.2788816E+0000   0.1140022E-0002   0.1799536E+0002  -0.8176467E-0003   0.4767347E-0005   0.7399233E-0001  -0.5998503E+0002
     8.55200   0.2788916E+0000   0.1248414E-0002   0.1799546E+0002  -0.8176057E-0003   0.5133161E-0005   0.7270839E-0001  -0.5998535E+0002
     8.56000   0.2789024E+0000   0.1351161E-0002   0.1799557E+0002  -0.8175620E-0003   0.5459195E-0005   0.7140483E-0001  -0.5998570E+0002
     8.56800   0.2789140E+0000   0.1454311E-0002   0.1799568E+0002  -0.8175158E-0003   0.5770579E-0005   0.7008792E-0001  -0.5998605E+0002
     8.57600   0.2789266E+0000   0.1568716E-0002   0.1799579E+0002  -0.8174669E-0003   0.6109691E-0005   0.6876632E-0001  -0.5998642E+0002
     8.58400   0.2789401E+0000   0.1694324E-0002   0.1799591E+0002  -0.8174151E-0003   0.6474426E-0005   0.6744820E-0001  -0.5998679E+0002
     8.59200   0.2789546E+0000   0.1814321E-0002   0.1799603E+0002  -0.8173607E-0003   0.6800027E-0005   0.6613920E-0001  -0.5998717E+0002
     8.60000   0.2789699E+0000   0.1908008E-0002   0.1799615E+0002  -0.8173046E-0003   0.7012330E-0005   0.6484346E-0001  -0.5998756E+0002
     8.60800   0.2789857E+0000   0.1968566E-0002   0.1799627E+0002  -0.8172479E-0003   0.7093106E-0005   0.6356632E-0001  -0.5998793E+0002
     8.61600   0.2790017E+0000   0.2005045E-0002   0.1799638E+0002  -0.8171912E-0003   0.7082210E-0005   0.6231583E-0001  -0.5998830E+0002
     8.62400   0.2790179E+0000   0.2026145E-0002   0.1799649E+0002  -0.8171351E-0003   0.7015905E-0005   0.6110237E-0001  -0.5998865E+0002
     8.63200   0.2790341E+0000   0.2024845E-0002   0.1799659E+0002  -0.8170801E-0003   0.6874829E-0005   0.5993640E-0001  -0.5998897E+0002
     8.64000   0.2790500E+0000   0.1982626E-0002   0.1799668E+0002  -0.8170273E-0003   0.6602999E-0005   0.5882600E-0001  -0.5998926E+0002
     8.64800   0.2790651E+0000   0.1889278E-0002   0.1799676E+0002  -0.8169779E-0003   0.6175507E-0005   0.5777604E-0001  -0.5998950E+0002
     8.65600   0.2790791E+0000   0.1755727E-0002   0.1799681E+0002  -0.8169328E-0003   0.5636512E-0005   0.5678952E-0001  -0.5998968E+0002
     8.66400   0.2790920E+0000   0.1604801E-0002   0.1799685E+0002  -0.8168923E-0003   0.5064000E-0005   0.5586976E-0001  -0.5998979E+0002
     8.67200   0.2791036E+0000   0.1449656E-0002   0.1799687E+0002  -0.8168563E-0003   0.4500339E-0005   0.5502175E-0001  -0.5998984E+0002
     8.68000   0.2791138E+0000   0.1282981E-0002   0.1799687E+0002  -0.8168249E-0003   0.3922452E-0005   0.5425214E-0001  -0.5998984E+0002
     8.68800   0.2791225E+0000   0.1087693E-0002   0.1799686E+0002  -0.8167987E-0003   0.3278884E-0005   0.5356651E-0001  -0.5998980E+0002
     8.69600   0.2791294E+0000   0.8564817E-0003   0.1799683E+0002  -0.8167783E-0003   0.2549263E-0005   0.5296608E-0001  -0.5998968E+0002
     8.70400   0.2791342E+0000   0.5999597E-0003   0.1799678E+0002  -0.8167641E-0003   0.1765728E-0005   0.5242807E-0001  -0.5998951E+0002
     8.71200   0.2791369E+0000   0.3452293E-0003   0.1799671E+0002  -0.8167561E-0003   0.1005719E-0005   0.5196414E-0001  -0.5998928E+0002
     8.72000   0.2791379E+0000   0.1177999E-0003   0.1799603E+0002  -0.8167534E-0003   0.3401383E-0006   0.5159352E-0001  -0.5998900E+0002
     8.72800   0.2791379E+0000   0.3115997E-0015   0.1799493E+0002  -0.8167534E-0003   0.2946645E-0014   0.5133763E-0001  -0.5998869E+0002
     8.73600   0.2791379E+0000   0.4924446E-0015   0.1799416E+0002  -0.8167534E-0003   0.2948488E-0014   0.5121360E-0001  -0.5998837E+0002
     8.74400   0.2791379E+0000  -0.5009014E-0016   0.1799307E+0002  -0.8167534E-0003   0.2947837E-0014   0.5125294E-0001  -0.5998806E+0002
     8.75200   0.2791379E+0000  -0.5009014E-0016   0.1799189E+0002  -0.8167534E-0003   0.2950765E-0014   0.5147330E-0001  -0.5998777E+0002
     8.76000   0.2791379E+0000   0.4924446E-0015   0.1799075E+0002  -0.8167534E-0003   0.2951903E-0014   0.5184925E-0001  -0.5998751E+0002
     8.76800   0.2791379E+0000   0.3115997E-0015   0.1798962E+0002  -0.8167534E-0003   0.2952662E-0014   0.5236730E-0001  -0.5998727E+0002
     8.77600   0.2791379E+0000   0.1307548E-0015   0.1798846E+0002  -0.8167534E-0003   0.2954180E-0014   0.5300268E-0001  -0.5998705E+0002
     8.78400   0.2791379E+0000   0.3115997E-0015   0.1798728E+0002  -0.8167534E-0003   0.2957107E-0014   0.5372512E-0001  -0.5998685E+0002
     8.79200   0.2791379E+0000   0.1307548E-0015   0.1798608E+0002  -0.8167534E-0003   0.2957866E-0014   0.5450687E-0001  -0.5998668E+0002
     8.80000   0.2791379E+0000   0.4924446E-0015   0.1798492E+0002  -0.8167534E-0003   0.2960794E-0014   0.5532652E-0001  -0.5998653E+0002
     8.80800   0.2791379E+0000   0.3115997E-0015   0.1798379E+0002  -0.8167534E-0003   0.2960143E-0014   0.5616761E-0001  -0.5998643E+0002
     8.81600   0.2791379E+0000   0.6732895E-0015   0.1798269E+0002  -0.8167534E-0003   0.2963775E-0014   0.5701530E-0001  -0.5998635E+0002
     8.82400   0.2791379E+0000   0.3115997E-0015   0.1798162E+0002  -0.8167534E-0003   0.2964588E-0014   0.5785467E-0001  -0.5998632E+0002
     8.83200   0.2791379E+0000   0.1307548E-0015   0.1798058E+0002  -0.8167534E-0003   0.2966811E-0014   0.5867210E-0001  -0.5998631E+0002
     8.84000   0.2791379E+0000   0.4924446E-0015   0.1797960E+0002  -0.8167534E-0003   0.2969033E-0014   0.5945794E-0001  -0.5998632E+0002
     8.84800   0.2791379E+0000   0.4924446E-0015   0.1797867E+0002  -0.8167534E-0003   0.2967678E-0014   0.6020736E-0001  -0.5998635E+0002
     8.85600   0.2791379E+0000   0.1307548E-0015   0.1797780E+0002  -0.8167534E-0003   0.2969142E-0014   0.6091807E-0001  -0.5998641E+0002
     8.86400   0.2791379E+0000   0.6732895E-0015   0.1797699E+0002  -0.8167534E-0003   0.2970606E-0014   0.6158653E-0001  -0.5998648E+0002
     8.87200   0.2791379E+0000   0.3115997E-0015   0.1797625E+0002  -0.8167534E-0003   0.2969955E-0014   0.6220602E-0001  -0.5998656E+0002
     8.88000   0.2791379E+0000   0.4924446E-0015   0.1797557E+0002  -0.8167534E-0003   0.2972123E-0014   0.6276816E-0001  -0.5998667E+0002
     8.88800   0.2791379E+0000   0.3115997E-0015   0.1797495E+0002  -0.8167534E-0003   0.2972882E-0014   0.6326664E-0001  -0.5998678E+0002
     8.89600   0.2791379E+0000   0.3115997E-0015   0.1797438E+0002  -0.8167534E-0003   0.2973696E-0014   0.6369971E-0001  -0.5998690E+0002
     8.90400   0.2791379E+0000   0.3115997E-0015   0.1797386E+0002  -0.8167534E-0003   0.2975864E-0014   0.6406965E-0001  -0.5998703E+0002
     8.91200   0.2791379E+0000   0.3115997E-0015   0.1797338E+0002  -0.8167534E-0003   0.2975918E-0014   0.6438017E-0001  -0.5998715E+0002
     8.92000   0.2791379E+0000   0.1307548E-0015   0.1797296E+0002  -0.8167534E-0003   0.2977382E-0014   0.6463446E-0001  -0.5998728E+0002
     8.92800   0.2791379E+0000   0.3115997E-0015   0.1797259E+0002  -0.8167534E-0003   0.2976785E-0014   0.6483520E-0001  -0.5998742E+0002
     8.93600   0.2791379E+0000   0.4924446E-0015   0.1797227E+0002  -0.8167534E-0003   0.2978195E-0014   0.6498589E-0001  -0.5998756E+0002
     8.94400   0.2791379E+0000   0.1307548E-0015   0.1797200E+0002  -0.8167534E-0003   0.2979062E-0014   0.6509129E-0001  -0.5998770E+0002
     8.95200   0.2791379E+0000   0.1307548E-0015   0.1797177E+0002  -0.8167534E-0003   0.2977761E-0014   0.6515639E-0001  -0.5998784E+0002
     8.96000   0.2791379E+0000   0.3115997E-0015   0.1797157E+0002  -0.8167534E-0003   0.2977870E-0014   0.6518501E-0001  -0.5998797E+0002
     8.96800   0.2791379E+0000   0.6732895E-0015   0.1797140E+0002  -0.8167534E-0003   0.2978629E-0014   0.6517966E-0001  -0.5998808E+0002
     8.97600   0.2791379E+0000   0.3115997E-0015   0.1797126E+0002  -0.8167534E-0003   0.2977328E-0014   0.6514300E-0001  -0.5998818E+0002
     8.98400   0.2791379E+0000   0.1307548E-0015   0.1797114E+0002  -0.8167534E-0003   0.2979604E-0014   0.6507933E-0001  -0.5998827E+0002
     8.99200   0.2791379E+0000   0.3115997E-0015   0.1797105E+0002  -0.8167534E-0003   0.2978954E-0014   0.6499460E-0001  -0.5998836E+0002
     9.00000   0.2791379E+0000   0.1307548E-0015   0.1797096E+0002  -0.8167534E-0003   0.2978303E-0014   0.6489510E-0001  -0.5998843E+0002
     9.00800   0.2791379E+0000  -0.2309351E-0015   0.1797089E+0002  -0.8167534E-0003   0.2978303E-0014   0.6478605E-0001  -0.5998850E+0002
     9.01600   0.2791379E+0000   0.1307548E-0015   0.1797082E+0002  -0.8167534E-0003   0.2981231E-0014   0.6467146E-0001  -0.5998856E+0002
     9.02400   0.2791379E+0000   0.1307548E-0015   0.1797077E+0002  -0.8167534E-0003   0.2980689E-0014   0.6455503E-0001  -0.5998861E+0002
     9.03200   0.2791379E+0000   0.3115997E-0015   0.1797073E+0002  -0.8167534E-0003   0.2980038E-0014   0.6444074E-0001  -0.5998865E+0002
     9.04000   0.2791379E+0000   0.3115997E-0015   0.1797070E+0002  -0.8167534E-0003   0.2979388E-0014   0.6433225E-0001  -0.5998868E+0002
     9.04800   0.2791379E+0000   0.1307548E-0015   0.1797068E+0002  -0.8167534E-0003   0.2980851E-0014   0.6423185E-0001  -0.5998869E+0002
     9.05600   0.2791379E+0000   0.3115997E-0015   0.1797067E+0002  -0.8167534E-0003   0.2980255E-0014   0.6413998E-0001  -0.5998870E+0002
     9.06400   0.2791379E+0000   0.3115997E-0015   0.1797066E+0002  -0.8167534E-0003   0.2981014E-0014   0.6405605E-0001  -0.5998869E+0002
     9.07200   0.2791379E+0000  -0.5009014E-0016   0.1797065E+0002  -0.8167534E-0003   0.2980363E-0014   0.6397971E-0001  -0.5998867E+0002
     9.08000   0.2791379E+0000   0.1307548E-0015   0.1797065E+0002  -0.8167534E-0003   0.2981122E-0014   0.6391139E-0001  -0.5998865E+0002
     9.08800   0.2791379E+0000   0.1307548E-0015   0.1797065E+0002  -0.8167534E-0003   0.2981122E-0014   0.6385169E-0001  -0.5998861E+0002
     9.09600   0.2791379E+0000   0.3115997E-0015   0.1797064E+0002  -0.8167534E-0003   0.2980472E-0014   0.6380045E-0001  -0.5998858E+0002
     9.10400   0.2791379E+0000   0.6732895E-0015   0.1797065E+0002  -0.8167534E-0003   0.2979930E-0014   0.6375643E-0001  -0.5998854E+0002
     9.11200   0.2791379E+0000   0.1307548E-0015   0.1797065E+0002  -0.8167534E-0003   0.2980038E-0014   0.6371790E-0001  -0.5998849E+0002
     9.12000   0.2791379E+0000   0.3115997E-0015   0.1797067E+0002  -0.8167534E-0003   0.2980797E-0014   0.6368332E-0001  -0.5998845E+0002
     9.12800   0.2791379E+0000   0.3115997E-0015   0.1797070E+0002  -0.8167534E-0003   0.2981556E-0014   0.6365142E-0001  -0.5998841E+0002
     9.13600   0.2791379E+0000   0.3115997E-0015   0.1797074E+0002  -0.8167534E-0003   0.2980255E-0014   0.6362058E-0001  -0.5998836E+0002
     9.14400   0.2791379E+0000   0.3115997E-0015   0.1797079E+0002  -0.8167534E-0003   0.2982423E-0014   0.6358841E-0001  -0.5998832E+0002
     9.15200   0.2791379E+0000   0.4924446E-0015   0.1797085E+0002  -0.8167534E-0003   0.2979604E-0014   0.6355203E-0001  -0.5998829E+0002
     9.16000   0.2791379E+0000   0.3115997E-0015   0.1797093E+0002  -0.8167534E-0003   0.2980363E-0014   0.6350884E-0001  -0.5998825E+0002
     9.16800   0.2791379E+0000   0.4924446E-0015   0.1797101E+0002  -0.8167534E-0003   0.2981122E-0014   0.6345706E-0001  -0.5998823E+0002
     9.17600   0.2791379E+0000   0.1307548E-0015   0.1797112E+0002  -0.8167534E-0003   0.2979171E-0014   0.6339557E-0001  -0.5998821E+0002
     9.18400   0.2791379E+0000   0.4924446E-0015   0.1797124E+0002  -0.8167534E-0003   0.2978520E-0014   0.6332330E-0001  -0.5998820E+0002
     9.19200   0.2791379E+0000   0.6732895E-0015   0.1797137E+0002  -0.8167534E-0003   0.2979279E-0014   0.6323880E-0001  -0.5998820E+0002
     9.20000   0.2791379E+0000   0.1307548E-0015   0.1797151E+0002  -0.8167534E-0003   0.2978629E-0014   0.6314059E-0001  -0.5998822E+0002
     9.20800   0.2791379E+0000   0.6732895E-0015   0.1797167E+0002  -0.8167534E-0003   0.2977328E-0014   0.6302767E-0001  -0.5998825E+0002
     9.21600   0.2791379E+0000   0.4924446E-0015   0.1797185E+0002  -0.8167534E-0003   0.2977328E-0014   0.6289978E-0001  -0.5998829E+0002
     9.22400   0.2791379E+0000   0.4924446E-0015   0.1797204E+0002  -0.8167534E-0003   0.2977436E-0014   0.6275702E-0001  -0.5998834E+0002
     9.23200   0.2791379E+0000   0.4924446E-0015   0.1797224E+0002  -0.8167534E-0003   0.2977544E-0014   0.6259930E-0001  -0.5998840E+0002
     9.24000   0.2791379E+0000   0.1307548E-0015   0.1797245E+0002  -0.8167534E-0003   0.2977653E-0014   0.6242610E-0001  -0.5998847E+0002
     9.24800   0.2791379E+0000   0.1307548E-0015   0.1797268E+0002  -0.8167534E-0003   0.2978412E-0014   0.6223679E-0001  -0.5998854E+0002
     9.25600   0.2791379E+0000   0.3115997E-0015   0.1797291E+0002  -0.8167534E-0003   0.2977761E-0014   0.6203117E-0001  -0.5998862E+0002
     9.26400   0.2791379E+0000   0.4924446E-0015   0.1797314E+0002  -0.8167534E-0003   0.2978629E-0014   0.6180971E-0001  -0.5998870E+0002
     9.27200   0.2791379E+0000   0.3115997E-0015   0.1797337E+0002  -0.8167534E-0003   0.2975268E-0014   0.6157336E-0001  -0.5998878E+0002
     9.28000   0.2791379E+0000   0.3115997E-0015   0.1797361E+0002  -0.8167534E-0003   0.2976027E-0014   0.6132321E-0001  -0.5998886E+0002
     9.28800   0.2791379E+0000   0.4924446E-0015   0.1797385E+0002  -0.8167534E-0003   0.2976135E-0014   0.6106030E-0001  -0.5998893E+0002
     9.29600   0.2791379E+0000   0.3115997E-0015   0.1797409E+0002  -0.8167534E-0003   0.2975484E-0014   0.6078569E-0001  -0.5998901E+0002
     9.30400   0.2791379E+0000   0.1307548E-0015   0.1797432E+0002  -0.8167534E-0003   0.2975593E-0014   0.6050058E-0001  -0.5998908E+0002
     9.31200   0.2791379E+0000   0.4924446E-0015   0.1797455E+0002  -0.8167534E-0003   0.2975051E-0014   0.6020622E-0001  -0.5998915E+0002
     9.32000   0.2791379E+0000   0.3115997E-0015   0.1797478E+0002  -0.8167534E-0003   0.2975810E-0014   0.5990369E-0001  -0.5998921E+0002
     9.32800   0.2791379E+0000   0.4924446E-0015   0.1797501E+0002  -0.8167534E-0003   0.2976569E-0014   0.5959378E-0001  -0.5998927E+0002
     9.33600   0.2791379E+0000   0.4924446E-0015   0.1797523E+0002  -0.8167534E-0003   0.2973858E-0014   0.5927709E-0001  -0.5998933E+0002
     9.34400   0.2791379E+0000   0.4924446E-0015   0.1797545E+0002  -0.8167534E-0003   0.2973967E-0014   0.5895427E-0001  -0.5998938E+0002
     9.35200   0.2791379E+0000   0.1307548E-0015   0.1797566E+0002  -0.8167534E-0003   0.2973967E-0014   0.5862619E-0001  -0.5998943E+0002
     9.36000   0.2791379E+0000   0.1307548E-0015   0.1797587E+0002  -0.8167534E-0003   0.2974075E-0014   0.5829383E-0001  -0.5998948E+0002
     9.36800   0.2791379E+0000   0.3115997E-0015   0.1797607E+0002  -0.8167534E-0003   0.2972774E-0014   0.5795803E-0001  -0.5998952E+0002
     9.37600   0.2791379E+0000   0.4924446E-0015   0.1797627E+0002  -0.8167534E-0003   0.2974183E-0014   0.5761928E-0001  -0.5998956E+0002
     9.38400   0.2791379E+0000   0.3115997E-0015   0.1797646E+0002  -0.8167534E-0003   0.2973533E-0014   0.5727767E-0001  -0.5998961E+0002
     9.39200   0.2791379E+0000   0.6732895E-0015   0.1797665E+0002  -0.8167534E-0003   0.2972882E-0014   0.5693301E-0001  -0.5998965E+0002
     9.40000   0.2791379E+0000  -0.5009014E-0016   0.1797684E+0002  -0.8167534E-0003   0.2974400E-0014   0.5658491E-0001  -0.5998969E+0002
     9.40800   0.2791379E+0000   0.3115997E-0015   0.1797702E+0002  -0.8167534E-0003   0.2972991E-0014   0.5623277E-0001  -0.5998973E+0002
     9.41600   0.2791379E+0000   0.1307548E-0015   0.1797720E+0002  -0.8167534E-0003   0.2973099E-0014   0.5587573E-0001  -0.5998976E+0002
     9.42400   0.2791379E+0000   0.6732895E-0015   0.1797738E+0002  -0.8167534E-0003   0.2972449E-0014   0.5551269E-0001  -0.5998980E+0002
     9.43200   0.2791379E+0000   0.3115997E-0015   0.1797755E+0002  -0.8167534E-0003   0.2973967E-0014   0.5514252E-0001  -0.5998983E+0002
     9.44000   0.2791379E+0000   0.1307548E-0015   0.1797773E+0002  -0.8167534E-0003   0.2970497E-0014   0.5476433E-0001  -0.5998987E+0002
     9.44800   0.2791379E+0000   0.3115997E-0015   0.1797791E+0002  -0.8167534E-0003   0.2971256E-0014   0.5437758E-0001  -0.5998991E+0002
     9.45600   0.2791379E+0000   0.1307548E-0015   0.1797809E+0002  -0.8167534E-0003   0.2971364E-0014   0.5398208E-0001  -0.5998995E+0002
     9.46400   0.2791379E+0000   0.1307548E-0015   0.1797828E+0002  -0.8167534E-0003   0.2971473E-0014   0.5357790E-0001  -0.5998999E+0002
     9.47200   0.2791379E+0000   0.4924446E-0015   0.1797848E+0002  -0.8167534E-0003   0.2970063E-0014   0.5316522E-0001  -0.5999004E+0002
     9.48000   0.2791379E+0000   0.3115997E-0015   0.1797869E+0002  -0.8167534E-0003   0.2970063E-0014   0.5274414E-0001  -0.5999010E+0002
     9.48800   0.2791379E+0000   0.3115997E-0015   0.1797892E+0002  -0.8167534E-0003   0.2970172E-0014   0.5231466E-0001  -0.5999017E+0002
     9.49600   0.2791379E+0000   0.3115997E-0015   0.1797917E+0002  -0.8167534E-0003   0.2969196E-0014   0.5187649E-0001  -0.5999024E+0002
     9.50400   0.2791379E+0000   0.3115997E-0015   0.1797943E+0002  -0.8167534E-0003   0.2969630E-0014   0.5142897E-0001  -0.5999031E+0002
     9.51200   0.2791379E+0000  -0.5009014E-0016   0.1797972E+0002  -0.8167534E-0003   0.2968329E-0014   0.5097097E-0001  -0.5999040E+0002
     9.52000   0.2791379E+0000   0.4924446E-0015   0.1798002E+0002  -0.8167534E-0003   0.2969521E-0014   0.5050100E-0001  -0.5999048E+0002
     9.52800   0.2791379E+0000   0.1307548E-0015   0.1798035E+0002  -0.8167534E-0003   0.2967895E-0014   0.5001737E-0001  -0.5999057E+0002
     9.53600   0.2791379E+0000   0.4924446E-0015   0.1798069E+0002  -0.8167534E-0003   0.2966919E-0014   0.4951840E-0001  -0.5999067E+0002
     9.54400   0.2791379E+0000   0.1307548E-0015   0.1798105E+0002  -0.8167534E-0003   0.2967353E-0014   0.4900259E-0001  -0.5999076E+0002
     9.55200   0.2791379E+0000   0.1307548E-0015   0.1798142E+0002  -0.8167534E-0003   0.2966702E-0014   0.4846865E-0001  -0.5999086E+0002
     9.56000   0.2791379E+0000   0.1307548E-0015   0.1798181E+0002  -0.8167534E-0003   0.2966377E-0014   0.4791559E-0001  -0.5999096E+0002
     9.56800   0.2791379E+0000   0.6732895E-0015   0.1798221E+0002  -0.8167534E-0003   0.2964317E-0014   0.4734267E-0001  -0.5999106E+0002
     9.57600   0.2791379E+0000   0.3115997E-0015   0.1798263E+0002  -0.8167534E-0003   0.2965076E-0014   0.4674952E-0001  -0.5999115E+0002
     9.58400   0.2791379E+0000   0.4924446E-0015   0.1798305E+0002  -0.8167534E-0003   0.2964426E-0014   0.4613618E-0001  -0.5999125E+0002
     9.59200   0.2791379E+0000   0.3115997E-0015   0.1798349E+0002  -0.8167534E-0003   0.2963125E-0014   0.4550313E-0001  -0.5999134E+0002
     9.60000   0.2791379E+0000   0.3115997E-0015   0.1798392E+0002  -0.8167534E-0003   0.2963125E-0014   0.4485125E-0001  -0.5999143E+0002
     9.60800   0.2791379E+0000   0.6732895E-0015   0.1798437E+0002  -0.8167534E-0003   0.2962908E-0014   0.4418169E-0001  -0.5999152E+0002
     9.61600   0.2791379E+0000   0.3115997E-0015   0.1798482E+0002  -0.8167534E-0003   0.2961607E-0014   0.4349571E-0001  -0.5999160E+0002
     9.62400   0.2791379E+0000   0.1307548E-0015   0.1798527E+0002  -0.8167534E-0003   0.2960956E-0014   0.4279459E-0001  -0.5999169E+0002
     9.63200   0.2791379E+0000   0.1307548E-0015   0.1798573E+0002  -0.8167534E-0003   0.2961065E-0014   0.4207959E-0001  -0.5999177E+0002
     9.64000   0.2791379E+0000   0.3115997E-0015   0.1798619E+0002  -0.8167534E-0003   0.2960848E-0014   0.4135202E-0001  -0.5999185E+0002
     9.64800   0.2791379E+0000   0.1307548E-0015   0.1798666E+0002  -0.8167534E-0003   0.2959221E-0014   0.4061337E-0001  -0.5999192E+0002
     9.65600   0.2791379E+0000   0.3115997E-0015   0.1798713E+0002  -0.8167534E-0003   0.2958571E-0014   0.3986551E-0001  -0.5999200E+0002
     9.66400   0.2791379E+0000   0.4924446E-0015   0.1798760E+0002  -0.8167534E-0003   0.2957920E-0014   0.3911070E-0001  -0.5999207E+0002
     9.67200   0.2791379E+0000  -0.5009014E-0016   0.1798807E+0002  -0.8167534E-0003   0.2957595E-0014   0.3835162E-0001  -0.5999215E+0002
     9.68000   0.2791379E+0000   0.3115997E-0015   0.1798854E+0002  -0.8167534E-0003   0.2956945E-0014   0.3759125E-0001  -0.5999222E+0002
     9.68800   0.2791379E+0000   0.3115997E-0015   0.1798901E+0002  -0.8167534E-0003   0.2954559E-0014   0.3683274E-0001  -0.5999228E+0002
     9.69600   0.2791379E+0000   0.4924446E-0015   0.1798947E+0002  -0.8167534E-0003   0.2954993E-0014   0.3607930E-0001  -0.5999235E+0002
     9.70400   0.2791379E+0000   0.1307548E-0015   0.1798993E+0002  -0.8167534E-0003   0.2954668E-0014   0.3533407E-0001  -0.5999240E+0002
     9.71200   0.2791379E+0000   0.4924446E-0015   0.1799037E+0002  -0.8167534E-0003   0.2953692E-0014   0.3459999E-0001  -0.5999245E+0002
     9.72000   0.2791379E+0000   0.1307548E-0015   0.1799081E+0002  -0.8167534E-0003   0.2953367E-0014   0.3387972E-0001  -0.5999250E+0002
     9.72800   0.2791379E+0000  -0.5009014E-0016   0.1799123E+0002  -0.8167534E-0003   0.2953800E-0014   0.3317548E-0001  -0.5999253E+0002
     9.73600   0.2791379E+0000   0.1307548E-0015   0.1799163E+0002  -0.8167534E-0003   0.2953584E-0014   0.3248903E-0001  -0.5999256E+0002
     9.74400   0.2791379E+0000   0.3115997E-0015   0.1799202E+0002  -0.8167534E-0003   0.2951198E-0014   0.3182164E-0001  -0.5999258E+0002
     9.75200   0.2791379E+0000   0.1307548E-0015   0.1799239E+0002  -0.8167534E-0003   0.2951957E-0014   0.3117417E-0001  -0.5999259E+0002
     9.76000   0.2791379E+0000   0.4924446E-0015   0.1799274E+0002  -0.8167534E-0003   0.2949897E-0014   0.3054718E-0001  -0.5999259E+0002
     9.76800   0.2791379E+0000   0.3115996E-0015   0.1799308E+0002  -0.8167534E-0003   0.2949897E-0014   0.2994101E-0001  -0.5999259E+0002
     9.77600   0.2791379E+0000   0.1307548E-0015   0.1799340E+0002  -0.8167534E-0003   0.2949951E-0014   0.2935596E-0001  -0.5999258E+0002
     9.78400   0.2791379E+0000   0.4924446E-0015   0.1799370E+0002  -0.8167534E-0003   0.2949301E-0014   0.2879244E-0001  -0.5999256E+0002
     9.79200   0.2791379E+0000  -0.5009014E-0016   0.1799399E+0002  -0.8167534E-0003   0.2949409E-0014   0.2825112E-0001  -0.5999254E+0002
     9.80000   0.2791379E+0000   0.1307548E-0015   0.1799428E+0002  -0.8167534E-0003   0.2949464E-0014   0.2773314E-0001  -0.5999251E+0002
     9.80800   0.2791379E+0000   0.1307548E-0015   0.1799456E+0002  -0.8167534E-0003   0.2948867E-0014   0.2723959E-0001  -0.5999248E+0002
     9.81600   0.2791379E+0000   0.3115997E-0015   0.1799483E+0002  -0.8167534E-0003   0.2948271E-0014   0.2677122E-0001  -0.5999243E+0002
     9.82400   0.2791379E+0000   0.3115997E-0015   0.1799518E+0002  -0.8167534E-0003   0.2947675E-0014   0.2632078E-0001  -0.5999238E+0002
     9.83200   0.2791379E+0000   0.3115997E-0015   0.1799589E+0002  -0.8167534E-0003   0.2947241E-0014   0.2589484E-0001  -0.5999233E+0002
     9.84000   0.2791379E+0000  -0.5009014E-0016   0.1799703E+0002  -0.8167534E-0003   0.2946265E-0014   0.2550458E-0001  -0.5999228E+0002
     9.84800   0.2791379E+0000   0.1307548E-0015   0.1799766E+0002  -0.8167534E-0003   0.2943826E-0014   0.2516067E-0001  -0.5999225E+0002
     9.85600   0.2791386E+0000   0.9365046E-0004   0.1799765E+0002  -0.8167523E-0003   0.1309231E-0006   0.2487060E-0001  -0.5999221E+0002
     9.86400   0.2791412E+0000   0.3185411E-0003   0.1799763E+0002  -0.8167488E-0003   0.4401857E-0006   0.2463301E-0001  -0.5999216E+0002
     9.87200   0.2791455E+0000   0.5456987E-0003   0.1799760E+0002  -0.8167428E-0003   0.7468871E-0006   0.2443940E-0001  -0.5999206E+0002
     9.88000   0.2791508E+0000   0.6617749E-0003   0.1799756E+0002  -0.8167356E-0003   0.8986409E-0006   0.2428776E-0001  -0.5999193E+0002
     9.88800   0.2791560E+0000   0.6440022E-0003   0.1799752E+0002  -0.8167287E-0003   0.8690828E-0006   0.2418890E-0001  -0.5999178E+0002
     9.89600   0.2791607E+0000   0.5862431E-0003   0.1799748E+0002  -0.8167224E-0003   0.7879183E-0006   0.2413030E-0001  -0.5999164E+0002
     9.90400   0.2791655E+0000   0.6001295E-0003   0.1799744E+0002  -0.8167160E-0003   0.8046297E-0006   0.2409978E-0001  -0.5999151E+0002
     9.91200   0.2791712E+0000   0.7158493E-0003   0.1799740E+0002  -0.8167083E-0003   0.9585704E-0006   0.2408927E-0001  -0.5999137E+0002
     9.92000   0.2791782E+0000   0.8686007E-0003   0.1799736E+0002  -0.8166990E-0003   0.1162610E-0005   0.2409876E-0001  -0.5999124E+0002
     9.92800   0.2791859E+0000   0.9654891E-0003   0.1799732E+0002  -0.8166886E-0003   0.1292806E-0005   0.2413859E-0001  -0.5999112E+0002
     9.93600   0.2791936E+0000   0.9663772E-0003   0.1799729E+0002  -0.8166783E-0003   0.1296136E-0005   0.2422120E-0001  -0.5999102E+0002
     9.94400   0.2792009E+0000   0.9088358E-0003   0.1799727E+0002  -0.8166685E-0003   0.1223134E-0005   0.2435162E-0001  -0.5999095E+0002
     9.95200   0.2792078E+0000   0.8654872E-0003   0.1799725E+0002  -0.8166591E-0003   0.1171067E-0005   0.2452439E-0001  -0.5999087E+0002
     9.96000   0.2792149E+0000   0.8804752E-0003   0.1799722E+0002  -0.8166495E-0003   0.1199801E-0005   0.2472749E-0001  -0.5999079E+0002
     9.96800   0.2792224E+0000   0.9399072E-0003   0.1799719E+0002  -0.8166392E-0003   0.1291396E-0005   0.2495009E-0001  -0.5999070E+0002
     9.97600   0.2792303E+0000   0.9926501E-0003   0.1799717E+0002  -0.8166282E-0003   0.1376143E-0005   0.2518886E-0001  -0.5999063E+0002
     9.98400   0.2792383E+0000   0.9951738E-0003   0.1799716E+0002  -0.8166170E-0003   0.1392846E-0005   0.2544843E-0001  -0.5999059E+0002
     9.99200   0.2792458E+0000   0.9417562E-0003   0.1799716E+0002  -0.8166064E-0003   0.1331667E-0005   0.2573573E-0001  -0.5999058E+0002
    10.00000   0.2792527E+0000   0.8612640E-0003   0.1799716E+0002  -0.8165965E-0003   0.1231598E-0005   0.2605219E-0001  -0.5999058E+0002
    10.00800   0.2792590E+0000   0.7904230E-0003   0.1799715E+0002  -0.8165874E-0003   0.1144195E-0005   0.2639010E-0001  -0.5999058E+0002
    10.01600   0.2792650E+0000   0.7475775E-0003   0.1799715E+0002  -0.8165786E-0003   0.1096209E-0005   0.2673616E-0001  -0.5999057E+0002
    10.02400   0.2792708E+0000   0.7246168E-0003   0.1799716E+0002  -0.8165700E-0003   0.1076474E-0005   0.2707952E-0001  -0.5999059E+0002
    10.03200   0.2792764E+0000   0.6981579E-0003   0.1799717E+0002  -0.8165616E-0003   0.1050487E-0005   0.2741775E-0001  -0.5999064E+0002
    10.04000   0.2792816E+0000   0.6482530E-0003   0.1799720E+0002  -0.8165537E-0003   0.9875794E-0006   0.2775597E-0001  -0.5999072E+0002
    10.04800   0.2792861E+0000   0.5710699E-0003   0.1799722E+0002  -0.8165466E-0003   0.8807260E-0006   0.2810059E-0001  -0.5999081E+0002
    10.05600   0.2792900E+0000   0.4789820E-0003   0.1799725E+0002  -0.8165407E-0003   0.7478751E-0006   0.2845277E-0001  -0.5999089E+0002
    10.06400   0.2792931E+0000   0.3905832E-0003   0.1799727E+0002  -0.8165357E-0003   0.6174931E-0006   0.2880682E-0001  -0.5999097E+0002
    10.07200   0.2792956E+0000   0.3186184E-0003   0.1799729E+0002  -0.8165316E-0003   0.5099876E-0006   0.2915410E-0001  -0.5999105E+0002
    10.08000   0.2792978E+0000   0.2635687E-0003   0.1799731E+0002  -0.8165282E-0003   0.4269591E-0006   0.2948973E-0001  -0.5999113E+0002
    10.08800   0.2792995E+0000   0.2160795E-0003   0.1799734E+0002  -0.8165254E-0003   0.3540598E-0006   0.2981572E-0001  -0.5999121E+0002
    10.09600   0.2793008E+0000   0.1652685E-0003   0.1799737E+0002  -0.8165232E-0003   0.2737960E-0006   0.3014437E-0001  -0.5999131E+0002
    10.10400   0.2793017E+0000   0.1081122E-0003   0.1799739E+0002  -0.8165218E-0003   0.1810806E-0006   0.3048184E-0001  -0.5999140E+0002
    10.11200   0.2793021E+0000   0.5206939E-0004   0.1799742E+0002  -0.8165211E-0003   0.8818894E-0007   0.3083174E-0001  -0.5999149E+0002
    10.12000   0.2793022E+0000   0.8333836E-0005   0.1799731E+0002  -0.8165209E-0003   0.1427686E-0007   0.3119023E-0001  -0.5999158E+0002
    10.12800   0.2793022E+0000   0.4921194E-0015   0.1799732E+0002  -0.8165209E-0003   0.2944747E-0014   0.3154344E-0001  -0.5999167E+0002
    10.13600   0.2793022E+0000   0.1304295E-0015   0.1799734E+0002  -0.8165209E-0003   0.2944124E-0014   0.3188484E-0001  -0.5999175E+0002
    10.14400   0.2793022E+0000   0.1304295E-0015   0.1799732E+0002  -0.8165209E-0003   0.2943121E-0014   0.3220820E-0001  -0.5999182E+0002
    10.15200   0.2793022E+0000  -0.5041540E-0016   0.1799727E+0002  -0.8165209E-0003   0.2943555E-0014   0.3251100E-0001  -0.5999189E+0002
    10.16000   0.2793022E+0000   0.3112744E-0015   0.1799718E+0002  -0.8165209E-0003   0.2942904E-0014   0.3279281E-0001  -0.5999196E+0002
    10.16800   0.2793022E+0000   0.3112744E-0015   0.1799706E+0002  -0.8165209E-0003   0.2944043E-0014   0.3305535E-0001  -0.5999203E+0002
    10.17600   0.2793022E+0000   0.1304295E-0015   0.1799688E+0002  -0.8165209E-0003   0.2945886E-0014   0.3330365E-0001  -0.5999210E+0002
    10.18400   0.2793022E+0000   0.3112744E-0015   0.1799669E+0002  -0.8165209E-0003   0.2945588E-0014   0.3354422E-0001  -0.5999216E+0002
    10.19200   0.2793022E+0000   0.6729643E-0015   0.1799648E+0002  -0.8165209E-0003   0.2945317E-0014   0.3378221E-0001  -0.5999222E+0002
    10.20000   0.2793022E+0000   0.4921194E-0015   0.1799627E+0002  -0.8165209E-0003   0.2945398E-0014   0.3401834E-0001  -0.5999226E+0002
    10.20800   0.2793022E+0000   0.3112744E-0015   0.1799604E+0002  -0.8165209E-0003   0.2945479E-0014   0.3425066E-0001  -0.5999230E+0002
    10.21600   0.2793022E+0000   0.1304295E-0015   0.1799580E+0002  -0.8165209E-0003   0.2946618E-0014   0.3447799E-0001  -0.5999233E+0002
    10.22400   0.2793022E+0000   0.1304295E-0015   0.1799553E+0002  -0.8165209E-0003   0.2946699E-0014   0.3470253E-0001  -0.5999235E+0002
    10.23200   0.2793022E+0000   0.3112744E-0015   0.1799522E+0002  -0.8165209E-0003   0.2947133E-0014   0.3492977E-0001  -0.5999236E+0002
    10.24000   0.2793022E+0000   0.3112744E-0015   0.1799487E+0002  -0.8165209E-0003   0.2947566E-0014   0.3516599E-0001  -0.5999237E+0002
    10.24800   0.2793022E+0000   0.4921194E-0015   0.1799448E+0002  -0.8165209E-0003   0.2947295E-0014   0.3541557E-0001  -0.5999237E+0002
    10.25600   0.2793022E+0000   0.6729643E-0015   0.1799406E+0002  -0.8165209E-0003   0.2947024E-0014   0.3568017E-0001  -0.5999237E+0002
    10.26400   0.2793022E+0000   0.3112744E-0015   0.1799361E+0002  -0.8165209E-0003   0.2949572E-0014   0.3596024E-0001  -0.5999235E+0002
    10.27200   0.2793022E+0000  -0.2312603E-0015   0.1799312E+0002  -0.8165209E-0003   0.2949626E-0014   0.3625728E-0001  -0.5999231E+0002
    10.28000   0.2793022E+0000  -0.5041540E-0016   0.1799259E+0002  -0.8165209E-0003   0.2948976E-0014   0.3657475E-0001  -0.5999226E+0002
    10.28800   0.2793022E+0000   0.4921194E-0015   0.1799201E+0002  -0.8165209E-0003   0.2950114E-0014   0.3691691E-0001  -0.5999220E+0002
    10.29600   0.2793022E+0000   0.4921194E-0015   0.1799139E+0002  -0.8165209E-0003   0.2950195E-0014   0.3728663E-0001  -0.5999213E+0002
    10.30400   0.2793022E+0000   0.3112744E-0015   0.1799072E+0002  -0.8165209E-0003   0.2951686E-0014   0.3768420E-0001  -0.5999206E+0002
    10.31200   0.2793022E+0000   0.4921194E-0015   0.1799000E+0002  -0.8165209E-0003   0.2951768E-0014   0.3810813E-0001  -0.5999198E+0002
    10.32000   0.2793022E+0000   0.1304295E-0015   0.1798924E+0002  -0.8165209E-0003   0.2952906E-0014   0.3855722E-0001  -0.5999188E+0002
    10.32800   0.2793022E+0000   0.3112744E-0015   0.1798844E+0002  -0.8165209E-0003   0.2954383E-0014   0.3903202E-0001  -0.5999178E+0002
    10.33600   0.2793022E+0000   0.3112744E-0015   0.1798760E+0002  -0.8165209E-0003   0.2955874E-0014   0.3953435E-0001  -0.5999166E+0002
    10.34400   0.2793022E+0000  -0.5041540E-0016   0.1798671E+0002  -0.8165209E-0003   0.2957365E-0014   0.4006547E-0001  -0.5999153E+0002
    10.35200   0.2793022E+0000   0.4921194E-0015   0.1798578E+0002  -0.8165209E-0003   0.2960265E-0014   0.4062451E-0001  -0.5999139E+0002
    10.36000   0.2793022E+0000   0.3112744E-0015   0.1798482E+0002  -0.8165209E-0003   0.2959994E-0014   0.4120857E-0001  -0.5999125E+0002
    10.36800   0.2793022E+0000   0.6729643E-0015   0.1798383E+0002  -0.8165209E-0003   0.2961485E-0014   0.4181438E-0001  -0.5999110E+0002
    10.37600   0.2793022E+0000   0.4921194E-0015   0.1798282E+0002  -0.8165209E-0003   0.2963328E-0014   0.4243997E-0001  -0.5999093E+0002
    10.38400   0.2793022E+0000   0.4921194E-0015   0.1798179E+0002  -0.8165209E-0003   0.2964114E-0014   0.4308495E-0001  -0.5999077E+0002
    10.39200   0.2793022E+0000  -0.5041540E-0016   0.1798073E+0002  -0.8165209E-0003   0.2965252E-0014   0.4374926E-0001  -0.5999059E+0002
    10.40000   0.2793022E+0000   0.3112744E-0015   0.1797967E+0002  -0.8165209E-0003   0.2966391E-0014   0.4443173E-0001  -0.5999042E+0002
    10.40800   0.2793022E+0000   0.8538092E-0015   0.1797858E+0002  -0.8165209E-0003   0.2966824E-0014   0.4512951E-0001  -0.5999024E+0002
    10.41600   0.2793022E+0000   0.1304295E-0015   0.1797749E+0002  -0.8165209E-0003   0.2970077E-0014   0.4583895E-0001  -0.5999006E+0002
    10.42400   0.2793022E+0000   0.3112744E-0015   0.1797638E+0002  -0.8165209E-0003   0.2971568E-0014   0.4655687E-0001  -0.5998987E+0002
    10.43200   0.2793022E+0000   0.3112744E-0015   0.1797528E+0002  -0.8165209E-0003   0.2971995E-0014   0.4728113E-0001  -0.5998969E+0002
    10.44000   0.2793022E+0000  -0.5041540E-0016   0.1797417E+0002  -0.8165209E-0003   0.2973838E-0014   0.4801029E-0001  -0.5998950E+0002
    10.44800   0.2793022E+0000   0.4921194E-0015   0.1797307E+0002  -0.8165209E-0003   0.2976035E-0014   0.4874284E-0001  -0.5998932E+0002
    10.45600   0.2793022E+0000   0.4921194E-0015   0.1797196E+0002  -0.8165209E-0003   0.2976814E-0014   0.4947681E-0001  -0.5998915E+0002
    10.46400   0.2793022E+0000   0.1304295E-0015   0.1797086E+0002  -0.8165209E-0003   0.2978303E-0014   0.5021009E-0001  -0.5998897E+0002
    10.47200   0.2793022E+0000   0.4921194E-0015   0.1796977E+0002  -0.8165209E-0003   0.2980851E-0014   0.5094080E-0001  -0.5998881E+0002
    10.48000   0.2793022E+0000   0.6729643E-0015   0.1796869E+0002  -0.8165209E-0003   0.2981637E-0014   0.5166739E-0001  -0.5998865E+0002
    10.48800   0.2793022E+0000   0.4921194E-0015   0.1796762E+0002  -0.8165209E-0003   0.2983833E-0014   0.5238821E-0001  -0.5998850E+0002
    10.49600   0.2793022E+0000   0.3112744E-0015   0.1796657E+0002  -0.8165209E-0003   0.2984266E-0014   0.5310118E-0001  -0.5998835E+0002
    10.50400   0.2793022E+0000   0.1304295E-0015   0.1796553E+0002  -0.8165209E-0003   0.2985405E-0014   0.5380377E-0001  -0.5998821E+0002
    10.51200   0.2793022E+0000   0.4921194E-0015   0.1796451E+0002  -0.8165209E-0003   0.2985839E-0014   0.5449341E-0001  -0.5998809E+0002
    10.52000   0.2793022E+0000   0.3112744E-0015   0.1796350E+0002  -0.8165209E-0003   0.2990148E-0014   0.5516778E-0001  -0.5998797E+0002
    10.52800   0.2793022E+0000   0.1304295E-0015   0.1796252E+0002  -0.8165209E-0003   0.2991639E-0014   0.5582478E-0001  -0.5998786E+0002
    10.53600   0.2793022E+0000   0.4921194E-0015   0.1796156E+0002  -0.8165209E-0003   0.2991720E-0014   0.5646231E-0001  -0.5998776E+0002
    10.54400   0.2793022E+0000   0.1304295E-0015   0.1796063E+0002  -0.8165209E-0003   0.2993211E-0014   0.5707808E-0001  -0.5998768E+0002
    10.55200   0.2793022E+0000   0.3112744E-0015   0.1795972E+0002  -0.8165209E-0003   0.2994729E-0014   0.5766980E-0001  -0.5998760E+0002
    10.56000   0.2793022E+0000   0.4921194E-0015   0.1795884E+0002  -0.8165209E-0003   0.2995488E-0014   0.5823543E-0001  -0.5998754E+0002
    10.56800   0.2793022E+0000   0.1304295E-0015   0.1795799E+0002  -0.8165209E-0003   0.2994837E-0014   0.5877329E-0001  -0.5998750E+0002
    10.57600   0.2793022E+0000   0.4921194E-0015   0.1795716E+0002  -0.8165209E-0003   0.2999879E-0014   0.5928181E-0001  -0.5998747E+0002
    10.58400   0.2793022E+0000   0.1304295E-0015   0.1795637E+0002  -0.8165209E-0003   0.2997114E-0014   0.5975925E-0001  -0.5998745E+0002
    10.59200   0.2793022E+0000   0.3112744E-0015   0.1795560E+0002  -0.8165209E-0003   0.2999987E-0014   0.6020364E-0001  -0.5998745E+0002
    10.60000   0.2793022E+0000   0.3112744E-0015   0.1795487E+0002  -0.8165209E-0003   0.3000801E-0014   0.6061310E-0001  -0.5998746E+0002
    10.60800   0.2793022E+0000   0.3112744E-0015   0.1795416E+0002  -0.8165209E-0003   0.3001614E-0014   0.6098613E-0001  -0.5998748E+0002
    10.61600   0.2793022E+0000   0.1304295E-0015   0.1795350E+0002  -0.8165209E-0003   0.3002373E-0014   0.6132170E-0001  -0.5998752E+0002
    10.62400   0.2793022E+0000   0.3112744E-0015   0.1795286E+0002  -0.8165209E-0003   0.3002481E-0014   0.6161902E-0001  -0.5998757E+0002
    10.63200   0.2793022E+0000   0.3112744E-0015   0.1795226E+0002  -0.8165209E-0003   0.3003999E-0014   0.6187727E-0001  -0.5998762E+0002
    10.64000   0.2793022E+0000   0.1304295E-0015   0.1795169E+0002  -0.8165209E-0003   0.3005517E-0014   0.6209556E-0001  -0.5998769E+0002
    10.64800   0.2793022E+0000   0.4921194E-0015   0.1795116E+0002  -0.8165209E-0003   0.3008444E-0014   0.6227315E-0001  -0.5998777E+0002
    10.65600   0.2793022E+0000   0.1304295E-0015   0.1795067E+0002  -0.8165209E-0003   0.3007035E-0014   0.6240982E-0001  -0.5998786E+0002
    10.66400   0.2793022E+0000  -0.5041540E-0016   0.1795021E+0002  -0.8165209E-0003   0.3007035E-0014   0.6250593E-0001  -0.5998796E+0002
    10.67200   0.2793022E+0000   0.4921194E-0015   0.1794978E+0002  -0.8165209E-0003   0.3009203E-0014   0.6256227E-0001  -0.5998807E+0002
    10.68000   0.2793022E+0000   0.1304295E-0015   0.1794939E+0002  -0.8165209E-0003   0.3009312E-0014   0.6257986E-0001  -0.5998818E+0002
    10.68800   0.2793022E+0000  -0.5041540E-0016   0.1794903E+0002  -0.8165209E-0003   0.3010179E-0014   0.6255988E-0001  -0.5998830E+0002
    10.69600   0.2793022E+0000   0.1304295E-0015   0.1794870E+0002  -0.8165209E-0003   0.3009528E-0014   0.6250380E-0001  -0.5998843E+0002
    10.70400   0.2793022E+0000  -0.5041540E-0016   0.1794840E+0002  -0.8165209E-0003   0.3010287E-0014   0.6241360E-0001  -0.5998855E+0002
    10.71200   0.2793022E+0000   0.1304295E-0015   0.1794814E+0002  -0.8165209E-0003   0.3010396E-0014   0.6229174E-0001  -0.5998869E+0002
    10.72000   0.2793022E+0000   0.6729643E-0015   0.1794790E+0002  -0.8165209E-0003   0.3011155E-0014   0.6214105E-0001  -0.5998882E+0002
    10.72800   0.2793022E+0000   0.1304295E-0015   0.1794769E+0002  -0.8165209E-0003   0.3011263E-0014   0.6196461E-0001  -0.5998895E+0002
    10.73600   0.2793022E+0000   0.3112744E-0015   0.1794750E+0002  -0.8165209E-0003   0.3012022E-0014   0.6176568E-0001  -0.5998908E+0002
    10.74400   0.2793022E+0000   0.4921194E-0015   0.1794733E+0002  -0.8165209E-0003   0.3012130E-0014   0.6154781E-0001  -0.5998921E+0002
    10.75200   0.2793022E+0000  -0.5041540E-0016   0.1794718E+0002  -0.8165209E-0003   0.3012130E-0014   0.6131490E-0001  -0.5998934E+0002
    10.76000   0.2793022E+0000   0.8538092E-0015   0.1794705E+0002  -0.8165209E-0003   0.3012239E-0014   0.6107116E-0001  -0.5998946E+0002
    10.76800   0.2793022E+0000   0.1304295E-0015   0.1794693E+0002  -0.8165209E-0003   0.3012347E-0014   0.6082091E-0001  -0.5998958E+0002
    10.77600   0.2793022E+0000   0.3112744E-0015   0.1794682E+0002  -0.8165209E-0003   0.3012456E-0014   0.6056847E-0001  -0.5998969E+0002
    10.78400   0.2793022E+0000   0.3112744E-0015   0.1794671E+0002  -0.8165209E-0003   0.3012564E-0014   0.6031807E-0001  -0.5998979E+0002
    10.79200   0.2793022E+0000   0.4921194E-0015   0.1794661E+0002  -0.8165209E-0003   0.3013323E-0014   0.6007390E-0001  -0.5998988E+0002
    10.80000   0.2793022E+0000   0.3112744E-0015   0.1794651E+0002  -0.8165209E-0003   0.3011263E-0014   0.5984012E-0001  -0.5998996E+0002
    10.80800   0.2793022E+0000  -0.5041540E-0016   0.1794640E+0002  -0.8165209E-0003   0.3011263E-0014   0.5962076E-0001  -0.5999002E+0002
    10.81600   0.2793022E+0000   0.3112744E-0015   0.1794629E+0002  -0.8165209E-0003   0.3012022E-0014   0.5941960E-0001  -0.5999008E+0002
    10.82400   0.2793022E+0000   0.1304295E-0015   0.1794617E+0002  -0.8165209E-0003   0.3014949E-0014   0.5924004E-0001  -0.5999012E+0002
    10.83200   0.2793022E+0000  -0.5041540E-0016   0.1794604E+0002  -0.8165209E-0003   0.3012889E-0014   0.5908502E-0001  -0.5999015E+0002
    10.84000   0.2793022E+0000   0.1304295E-0015   0.1794590E+0002  -0.8165209E-0003   0.3013648E-0014   0.5895707E-0001  -0.5999017E+0002
    10.84800   0.2793022E+0000   0.4921194E-0015   0.1794574E+0002  -0.8165209E-0003   0.3013648E-0014   0.5885827E-0001  -0.5999017E+0002
    10.85600   0.2793022E+0000   0.3112744E-0015   0.1794557E+0002  -0.8165209E-0003   0.3014407E-0014   0.5879023E-0001  -0.5999016E+0002
    10.86400   0.2793022E+0000   0.1304295E-0015   0.1794538E+0002  -0.8165209E-0003   0.3014516E-0014   0.5875401E-0001  -0.5999013E+0002
    10.87200   0.2793022E+0000  -0.5041540E-0016   0.1794517E+0002  -0.8165209E-0003   0.3015275E-0014   0.5875008E-0001  -0.5999009E+0002
    10.88000   0.2793022E+0000   0.4921194E-0015   0.1794495E+0002  -0.8165209E-0003   0.3015275E-0014   0.5877837E-0001  -0.5999004E+0002
    10.88800   0.2793022E+0000   0.3112744E-0015   0.1794471E+0002  -0.8165209E-0003   0.3016034E-0014   0.5883831E-0001  -0.5998997E+0002
    10.89600   0.2793022E+0000   0.1304295E-0015   0.1794447E+0002  -0.8165209E-0003   0.3014624E-0014   0.5892893E-0001  -0.5998989E+0002
    10.90400   0.2793022E+0000   0.3112744E-0015   0.1794421E+0002  -0.8165209E-0003   0.3013974E-0014   0.5904888E-0001  -0.5998980E+0002
    10.91200   0.2793022E+0000   0.3112744E-0015   0.1794394E+0002  -0.8165209E-0003   0.3015383E-0014   0.5919642E-0001  -0.5998969E+0002
    10.92000   0.2793022E+0000   0.6729643E-0015   0.1794366E+0002  -0.8165209E-0003   0.3017551E-0014   0.5936948E-0001  -0.5998957E+0002
    10.92800   0.2793022E+0000   0.6729643E-0015   0.1794338E+0002  -0.8165209E-0003   0.3018310E-0014   0.5956569E-0001  -0.5998945E+0002
    10.93600   0.2793022E+0000   0.4921194E-0015   0.1794309E+0002  -0.8165209E-0003   0.3017660E-0014   0.5978249E-0001  -0.5998931E+0002
    10.94400   0.2793022E+0000   0.6729643E-0015   0.1794280E+0002  -0.8165209E-0003   0.3019828E-0014   0.6001718E-0001  -0.5998917E+0002
    10.95200   0.2793022E+0000   0.1304295E-0015   0.1794250E+0002  -0.8165209E-0003   0.3018473E-0014   0.6026693E-0001  -0.5998902E+0002
    10.96000   0.2793022E+0000   0.3112744E-0015   0.1794221E+0002  -0.8165209E-0003   0.3017118E-0014   0.6052884E-0001  -0.5998887E+0002
    10.96800   0.2793022E+0000   0.4921194E-0015   0.1794192E+0002  -0.8165209E-0003   0.3018581E-0014   0.6079996E-0001  -0.5998871E+0002
    10.97600   0.2793022E+0000   0.1304295E-0015   0.1794162E+0002  -0.8165209E-0003   0.3018636E-0014   0.6107732E-0001  -0.5998855E+0002
    10.98400   0.2793022E+0000   0.4921194E-0015   0.1794133E+0002  -0.8165209E-0003   0.3019449E-0014   0.6135804E-0001  -0.5998839E+0002
    10.99200   0.2793022E+0000  -0.5041540E-0016   0.1794105E+0002  -0.8165209E-0003   0.3020967E-0014   0.6163931E-0001  -0.5998823E+0002
    11.00000   0.2793022E+0000   0.4921194E-0015   0.1794077E+0002  -0.8165209E-0003   0.3021021E-0014   0.6191849E-0001  -0.5998807E+0002
    11.00800   0.2793022E+0000   0.3112744E-0015   0.1794049E+0002  -0.8165209E-0003   0.3021834E-0014   0.6219305E-0001  -0.5998792E+0002
    11.01600   0.2793022E+0000   0.6729643E-0015   0.1794022E+0002  -0.8165209E-0003   0.3021238E-0014   0.6246064E-0001  -0.5998776E+0002
    11.02400   0.2793022E+0000   0.3112744E-0015   0.1793996E+0002  -0.8165209E-0003   0.3022051E-0014   0.6271913E-0001  -0.5998761E+0002
    11.03200   0.2793022E+0000   0.4921194E-0015   0.1793970E+0002  -0.8165209E-0003   0.3022159E-0014   0.6296666E-0001  -0.5998747E+0002
    11.04000   0.2793022E+0000   0.3112744E-0015   0.1793945E+0002  -0.8165209E-0003   0.3022972E-0014   0.6320164E-0001  -0.5998733E+0002
    11.04800   0.2793022E+0000   0.3112744E-0015   0.1793922E+0002  -0.8165209E-0003   0.3022376E-0014   0.6342278E-0001  -0.5998719E+0002
    11.05600   0.2793022E+0000   0.3112744E-0015   0.1793899E+0002  -0.8165209E-0003   0.3023081E-0014   0.6362914E-0001  -0.5998706E+0002
    11.06400   0.2793022E+0000   0.4921194E-0015   0.1793877E+0002  -0.8165209E-0003   0.3023894E-0014   0.6382006E-0001  -0.5998694E+0002
    11.07200   0.2793022E+0000   0.3112744E-0015   0.1793857E+0002  -0.8165209E-0003   0.3023244E-0014   0.6399527E-0001  -0.5998682E+0002
    11.08000   0.2793022E+0000   0.1304295E-0015   0.1793838E+0002  -0.8165209E-0003   0.3024002E-0014   0.6415484E-0001  -0.5998671E+0002
    11.08800   0.2793022E+0000   0.1304295E-0015   0.1793820E+0002  -0.8165209E-0003   0.3022647E-0014   0.6429918E-0001  -0.5998660E+0002
    11.09600   0.2793022E+0000  -0.5041540E-0016   0.1793804E+0002  -0.8165209E-0003   0.3024870E-0014   0.6442905E-0001  -0.5998650E+0002
    11.10400   0.2793022E+0000  -0.2312603E-0015   0.1793788E+0002  -0.8165209E-0003   0.3023515E-0014   0.6454548E-0001  -0.5998641E+0002
    11.11200   0.2793022E+0000  -0.5041540E-0016   0.1793774E+0002  -0.8165209E-0003   0.3023569E-0014   0.6464980E-0001  -0.5998632E+0002
    11.12000   0.2793022E+0000   0.1304295E-0015   0.1793762E+0002  -0.8165209E-0003   0.3023623E-0014   0.6474355E-0001  -0.5998623E+0002
    11.12800   0.2793022E+0000   0.1304295E-0015   0.1793750E+0002  -0.8165209E-0003   0.3024409E-0014   0.6482846E-0001  -0.5998614E+0002
    11.13600   0.2793022E+0000   0.4921194E-0015   0.1793740E+0002  -0.8165209E-0003   0.3025195E-0014   0.6490642E-0001  -0.5998606E+0002
    11.14400   0.2793022E+0000   0.3112744E-0015   0.1793730E+0002  -0.8165209E-0003   0.3024572E-0014   0.6497935E-0001  -0.5998598E+0002
    11.15200   0.2793022E+0000   0.6729643E-0015   0.1793722E+0002  -0.8165209E-0003   0.3024653E-0014   0.6504922E-0001  -0.5998590E+0002
    11.16000   0.2793022E+0000   0.3112744E-0015   0.1793715E+0002  -0.8165209E-0003   0.3025439E-0014   0.6511792E-0001  -0.5998583E+0002
    11.16800   0.2793022E+0000   0.4921194E-0015   0.1793708E+0002  -0.8165209E-0003   0.3026930E-0014   0.6518725E-0001  -0.5998575E+0002
    11.17600   0.2793022E+0000  -0.2312603E-0015   0.1793703E+0002  -0.8165209E-0003   0.3024192E-0014   0.6525887E-0001  -0.5998568E+0002
    11.18400   0.2793022E+0000   0.3112744E-0015   0.1793698E+0002  -0.8165209E-0003   0.3027092E-0014   0.6533425E-0001  -0.5998561E+0002
    11.19200   0.2793022E+0000   0.4921194E-0015   0.1793694E+0002  -0.8165209E-0003   0.3026455E-0014   0.6541466E-0001  -0.5998553E+0002
    11.20000   0.2793022E+0000  -0.2312603E-0015   0.1793690E+0002  -0.8165209E-0003   0.3025832E-0014   0.6550115E-0001  -0.5998547E+0002
    11.20800   0.2793022E+0000   0.4921194E-0015   0.1793687E+0002  -0.8165209E-0003   0.3025195E-0014   0.6559459E-0001  -0.5998541E+0002
    11.21600   0.2793022E+0000  -0.5041540E-0016   0.1793684E+0002  -0.8165209E-0003   0.3029518E-0014   0.6569563E-0001  -0.5998535E+0002
    11.22400   0.2793022E+0000   0.1304295E-0015   0.1793681E+0002  -0.8165209E-0003   0.3028881E-0014   0.6580482E-0001  -0.5998530E+0002
    11.23200   0.2793022E+0000   0.4921194E-0015   0.1793679E+0002  -0.8165209E-0003   0.3028251E-0014   0.6592254E-0001  -0.5998525E+0002
    11.24000   0.2793022E+0000   0.8538092E-0015   0.1793677E+0002  -0.8165209E-0003   0.3029037E-0014   0.6604908E-0001  -0.5998522E+0002
    11.24800   0.2793022E+0000   0.3112744E-0015   0.1793676E+0002  -0.8165209E-0003   0.3028410E-0014   0.6618458E-0001  -0.5998519E+0002
    11.25600   0.2793022E+0000   0.6729643E-0015   0.1793675E+0002  -0.8165209E-0003   0.3029905E-0014   0.6632908E-0001  -0.5998518E+0002
    11.26400   0.2793022E+0000   0.4921194E-0015   0.1793674E+0002  -0.8165209E-0003   0.3028570E-0014   0.6648245E-0001  -0.5998517E+0002
    11.27200   0.2793022E+0000   0.1304295E-0015   0.1793675E+0002  -0.8165209E-0003   0.3028651E-0014   0.6664436E-0001  -0.5998517E+0002
    11.28000   0.2793022E+0000   0.3112744E-0015   0.1793677E+0002  -0.8165209E-0003   0.3028732E-0014   0.6681428E-0001  -0.5998517E+0002
    11.28800   0.2793022E+0000   0.4921194E-0015   0.1793681E+0002  -0.8165209E-0003   0.3027391E-0014   0.6699146E-0001  -0.5998518E+0002
    11.29600   0.2793022E+0000   0.1304295E-0015   0.1793686E+0002  -0.8165209E-0003   0.3027472E-0014   0.6717493E-0001  -0.5998520E+0002
    11.30400   0.2793022E+0000   0.6729643E-0015   0.1793694E+0002  -0.8165209E-0003   0.3027540E-0014   0.6736357E-0001  -0.5998521E+0002
    11.31200   0.2793022E+0000  -0.5041540E-0016   0.1793704E+0002  -0.8165209E-0003   0.3028339E-0014   0.6755613E-0001  -0.5998523E+0002
    11.32000   0.2793022E+0000   0.3112744E-0015   0.1793717E+0002  -0.8165209E-0003   0.3027716E-0014   0.6775130E-0001  -0.5998525E+0002
    11.32800   0.2793022E+0000   0.1304295E-0015   0.1793732E+0002  -0.8165209E-0003   0.3027092E-0014   0.6794779E-0001  -0.5998526E+0002
    11.33600   0.2793022E+0000   0.3112744E-0015   0.1793750E+0002  -0.8165209E-0003   0.3027174E-0014   0.6814430E-0001  -0.5998528E+0002
    11.34400   0.2793022E+0000   0.1304295E-0015   0.1793771E+0002  -0.8165209E-0003   0.3027255E-0014   0.6833960E-0001  -0.5998529E+0002
    11.35200   0.2793022E+0000   0.3112744E-0015   0.1793794E+0002  -0.8165209E-0003   0.3024490E-0014   0.6853250E-0001  -0.5998529E+0002
    11.36000   0.2793022E+0000  -0.2312603E-0015   0.1793820E+0002  -0.8165209E-0003   0.3025276E-0014   0.6872184E-0001  -0.5998530E+0002
    11.36800   0.2793022E+0000   0.4921194E-0015   0.1793848E+0002  -0.8165209E-0003   0.3024653E-0014   0.6890653E-0001  -0.5998530E+0002
    11.37600   0.2793022E+0000  -0.2312603E-0015   0.1793878E+0002  -0.8165209E-0003   0.3025439E-0014   0.6908548E-0001  -0.5998529E+0002
    11.38400   0.2793022E+0000   0.3112744E-0015   0.1793911E+0002  -0.8165209E-0003   0.3026225E-0014   0.6925773E-0001  -0.5998528E+0002
    11.39200   0.2793022E+0000   0.3112744E-0015   0.1793946E+0002  -0.8165209E-0003   0.3023487E-0014   0.6942240E-0001  -0.5998527E+0002
    11.40000   0.2793022E+0000   0.3112744E-0015   0.1793984E+0002  -0.8165209E-0003   0.3024978E-0014   0.6957880E-0001  -0.5998526E+0002
    11.40800   0.2793022E+0000   0.1304295E-0015   0.1794024E+0002  -0.8165209E-0003   0.3021509E-0014   0.6972642E-0001  -0.5998525E+0002
    11.41600   0.2793022E+0000   0.1304295E-0015   0.1794067E+0002  -0.8165209E-0003   0.3020858E-0014   0.6986497E-0001  -0.5998524E+0002
    11.42400   0.2793022E+0000   0.3112744E-0015   0.1794113E+0002  -0.8165209E-0003   0.3022322E-0014   0.6999439E-0001  -0.5998522E+0002
    11.43200   0.2793022E+0000   0.4921194E-0015   0.1794162E+0002  -0.8165209E-0003   0.3019557E-0014   0.7011479E-0001  -0.5998520E+0002
    11.44000   0.2793022E+0000   0.4921194E-0015   0.1794214E+0002  -0.8165209E-0003   0.3021021E-0014   0.7022646E-0001  -0.5998518E+0002
    11.44800   0.2793022E+0000  -0.5041540E-0016   0.1794268E+0002  -0.8165209E-0003   0.3019666E-0014   0.7032983E-0001  -0.5998516E+0002
    11.45600   0.2793022E+0000   0.3112744E-0015   0.1794325E+0002  -0.8165209E-0003   0.3018310E-0014   0.7042542E-0001  -0.5998514E+0002
    11.46400   0.2793022E+0000   0.3112744E-0015   0.1794385E+0002  -0.8165209E-0003   0.3017660E-0014   0.7051385E-0001  -0.5998512E+0002
    11.47200   0.2793022E+0000   0.3112744E-0015   0.1794446E+0002  -0.8165209E-0003   0.3017714E-0014   0.7059578E-0001  -0.5998509E+0002
    11.48000   0.2793022E+0000  -0.5041540E-0016   0.1794510E+0002  -0.8165209E-0003   0.3017768E-0014   0.7067195E-0001  -0.5998507E+0002
    11.48800   0.2793022E+0000   0.4921194E-0015   0.1794577E+0002  -0.8165209E-0003   0.3017118E-0014   0.7074318E-0001  -0.5998504E+0002
    11.49600   0.2793022E+0000   0.3112744E-0015   0.1794645E+0002  -0.8165209E-0003   0.3015058E-0014   0.7081030E-0001  -0.5998502E+0002
    11.50400   0.2793022E+0000   0.1304295E-0015   0.1794715E+0002  -0.8165209E-0003   0.3013703E-0014   0.7087425E-0001  -0.5998499E+0002
    11.51200   0.2793022E+0000   0.4921194E-0015   0.1794787E+0002  -0.8165209E-0003   0.3013757E-0014   0.7093597E-0001  -0.5998497E+0002
    11.52000   0.2793022E+0000   0.1304295E-0015   0.1794860E+0002  -0.8165209E-0003   0.3012402E-0014   0.7099648E-0001  -0.5998495E+0002
    11.52800   0.2793022E+0000   0.3112744E-0015   0.1794936E+0002  -0.8165209E-0003   0.3011100E-0014   0.7105677E-0001  -0.5998493E+0002
    11.53600   0.2793022E+0000   0.4921194E-0015   0.1795013E+0002  -0.8165209E-0003   0.3010450E-0014   0.7111783E-0001  -0.5998491E+0002
    11.54400   0.2793022E+0000   0.1304295E-0015   0.1795091E+0002  -0.8165209E-0003   0.3007685E-0014   0.7118059E-0001  -0.5998489E+0002
    11.55200   0.2793022E+0000   0.4921194E-0015   0.1795170E+0002  -0.8165209E-0003   0.3007794E-0014   0.7124589E-0001  -0.5998487E+0002
    11.56000   0.2793022E+0000   0.1304295E-0015   0.1795250E+0002  -0.8165209E-0003   0.3006438E-0014   0.7131445E-0001  -0.5998485E+0002
    11.56800   0.2793022E+0000   0.4921194E-0015   0.1795330E+0002  -0.8165209E-0003   0.3006520E-0014   0.7138688E-0001  -0.5998483E+0002
    11.57600   0.2793022E+0000   0.3112744E-0015   0.1795410E+0002  -0.8165209E-0003   0.3005896E-0014   0.7146367E-0001  -0.5998482E+0002
    11.58400   0.2793022E+0000   0.6729643E-0015   0.1795490E+0002  -0.8165209E-0003   0.3004568E-0014   0.7154516E-0001  -0.5998480E+0002
    11.59200   0.2793022E+0000   0.1304295E-0015   0.1795569E+0002  -0.8165209E-0003   0.3001831E-0014   0.7163155E-0001  -0.5998479E+0002
    11.60000   0.2793022E+0000  -0.5041540E-0016   0.1795647E+0002  -0.8165209E-0003   0.3003321E-0014   0.7172289E-0001  -0.5998479E+0002
    11.60800   0.2793022E+0000   0.1304295E-0015   0.1795723E+0002  -0.8165209E-0003   0.2999852E-0014   0.7181902E-0001  -0.5998479E+0002
    11.61600   0.2793022E+0000   0.3112744E-0015   0.1795798E+0002  -0.8165209E-0003   0.2998497E-0014   0.7191954E-0001  -0.5998479E+0002
    11.62400   0.2793022E+0000   0.4921194E-0015   0.1795870E+0002  -0.8165209E-0003   0.3000719E-0014   0.7202380E-0001  -0.5998481E+0002
    11.63200   0.2793022E+0000   0.3112744E-0015   0.1795940E+0002  -0.8165209E-0003   0.2998686E-0014   0.7213085E-0001  -0.5998483E+0002
    11.64000   0.2793022E+0000   0.1304295E-0015   0.1796007E+0002  -0.8165209E-0003   0.2994512E-0014   0.7223944E-0001  -0.5998485E+0002
    11.64800   0.2793022E+0000   0.1304295E-0015   0.1796071E+0002  -0.8165209E-0003   0.2994594E-0014   0.7234801E-0001  -0.5998488E+0002
    11.65600   0.2793022E+0000   0.4921194E-0015   0.1796132E+0002  -0.8165209E-0003   0.2993970E-0014   0.7245471E-0001  -0.5998493E+0002
    11.66400   0.2793022E+0000  -0.5041540E-0016   0.1796190E+0002  -0.8165209E-0003   0.2992628E-0014   0.7255746E-0001  -0.5998497E+0002
    11.67200   0.2793022E+0000   0.3112744E-0015   0.1796245E+0002  -0.8165209E-0003   0.2993414E-0014   0.7265394E-0001  -0.5998503E+0002
    11.68000   0.2793022E+0000  -0.5041540E-0016   0.1796297E+0002  -0.8165209E-0003   0.2990677E-0014   0.7274174E-0001  -0.5998509E+0002
    11.68800   0.2793022E+0000   0.3112744E-0015   0.1796347E+0002  -0.8165209E-0003   0.2990040E-0014   0.7281837E-0001  -0.5998515E+0002
    11.69600   0.2793022E+0000  -0.5041540E-0016   0.1796394E+0002  -0.8165209E-0003   0.2990121E-0014   0.7288138E-0001  -0.5998522E+0002
    11.70400   0.2793022E+0000   0.1304295E-0015   0.1796440E+0002  -0.8165209E-0003   0.2989491E-0014   0.7292849E-0001  -0.5998529E+0002
    11.71200   0.2793022E+0000   0.4921194E-0015   0.1796485E+0002  -0.8165209E-0003   0.2990275E-0014   0.7295770E-0001  -0.5998536E+0002
    11.72000   0.2793022E+0000   0.4921194E-0015   0.1796528E+0002  -0.8165209E-0003   0.2988940E-0014   0.7296737E-0001  -0.5998543E+0002
    11.72800   0.2793022E+0000   0.1304295E-0015   0.1796571E+0002  -0.8165209E-0003   0.2987607E-0014   0.7295638E-0001  -0.5998549E+0002
    11.73600   0.2793022E+0000   0.3112744E-0015   0.1796614E+0002  -0.8165209E-0003   0.2986272E-0014   0.7292419E-0001  -0.5998556E+0002
    11.74400   0.2793022E+0000   0.6729643E-0015   0.1796657E+0002  -0.8165209E-0003   0.2987763E-0014   0.7287087E-0001  -0.5998562E+0002
    11.75200   0.2793022E+0000   0.3112744E-0015   0.1796699E+0002  -0.8165209E-0003   0.2985730E-0014   0.7279714E-0001  -0.5998567E+0002
    11.76000   0.2793022E+0000   0.4921194E-0015   0.1796742E+0002  -0.8165209E-0003   0.2986516E-0014   0.7270438E-0001  -0.5998573E+0002
    11.76800   0.2793022E+0000   0.3112744E-0015   0.1796785E+0002  -0.8165209E-0003   0.2985188E-0014   0.7259454E-0001  -0.5998577E+0002
    11.77600   0.2793022E+0000   0.4921194E-0015   0.1796827E+0002  -0.8165209E-0003   0.2985974E-0014   0.7247008E-0001  -0.5998582E+0002
    11.78400   0.2793022E+0000   0.4921194E-0015   0.1796869E+0002  -0.8165209E-0003   0.2984646E-0014   0.7233383E-0001  -0.5998586E+0002
    11.79200   0.2793022E+0000   0.1304295E-0015   0.1796910E+0002  -0.8165209E-0003   0.2982613E-0014   0.7218889E-0001  -0.5998590E+0002
    11.80000   0.2793022E+0000   0.4921194E-0015   0.1796949E+0002  -0.8165209E-0003   0.2981963E-0014   0.7203850E-0001  -0.5998593E+0002
    11.80800   0.2793022E+0000   0.1304295E-0015   0.1796986E+0002  -0.8165209E-0003   0.2982749E-0014   0.7188583E-0001  -0.5998597E+0002
    11.81600   0.2793022E+0000  -0.2312603E-0015   0.1797021E+0002  -0.8165209E-0003   0.2983535E-0014   0.7173392E-0001  -0.5998601E+0002
    11.82400   0.2793022E+0000   0.4921194E-0015   0.1797052E+0002  -0.8165209E-0003   0.2980065E-0014   0.7158551E-0001  -0.5998605E+0002
    11.83200   0.2793022E+0000   0.4921194E-0015   0.1797080E+0002  -0.8165209E-0003   0.2980851E-0014   0.7144294E-0001  -0.5998610E+0002
    11.84000   0.2793022E+0000   0.3112744E-0015   0.1797104E+0002  -0.8165209E-0003   0.2981637E-0014   0.7130813E-0001  -0.5998615E+0002
    11.84800   0.2793022E+0000   0.3112744E-0015   0.1797124E+0002  -0.8165209E-0003   0.2979577E-0014   0.7118248E-0001  -0.5998621E+0002
    11.85600   0.2793022E+0000   0.4921194E-0015   0.1797139E+0002  -0.8165209E-0003   0.2980363E-0014   0.7106692E-0001  -0.5998627E+0002
    11.86400   0.2793022E+0000  -0.2312603E-0015   0.1797150E+0002  -0.8165209E-0003   0.2979035E-0014   0.7096188E-0001  -0.5998635E+0002
    11.87200   0.2793022E+0000   0.3112744E-0015   0.1797156E+0002  -0.8165209E-0003   0.2978412E-0014   0.7086740E-0001  -0.5998642E+0002
    11.88000   0.2793022E+0000  -0.5041540E-0016   0.1797158E+0002  -0.8165209E-0003   0.2979875E-0014   0.7078312E-0001  -0.5998651E+0002
    11.88800   0.2793022E+0000   0.4921194E-0015   0.1797156E+0002  -0.8165209E-0003   0.2978574E-0014   0.7070837E-0001  -0.5998659E+0002
    11.89600   0.2793022E+0000   0.3112744E-0015   0.1797150E+0002  -0.8165209E-0003   0.2979333E-0014   0.7064229E-0001  -0.5998669E+0002
    11.90400   0.2793022E+0000   0.3112744E-0015   0.1797140E+0002  -0.8165209E-0003   0.2981556E-0014   0.7058383E-0001  -0.5998678E+0002
    11.91200   0.2793022E+0000   0.4921194E-0015   0.1797127E+0002  -0.8165209E-0003   0.2980255E-0014   0.7053188E-0001  -0.5998688E+0002
    11.92000   0.2793022E+0000   0.1304295E-0015   0.1797111E+0002  -0.8165209E-0003   0.2980309E-0014   0.7048531E-0001  -0.5998698E+0002
    11.92800   0.2793022E+0000   0.3112744E-0015   0.1797093E+0002  -0.8165209E-0003   0.2981773E-0014   0.7044306E-0001  -0.5998708E+0002
    11.93600   0.2793022E+0000   0.1304295E-0015   0.1797072E+0002  -0.8165209E-0003   0.2980472E-0014   0.7040414E-0001  -0.5998718E+0002
    11.94400   0.2793022E+0000   0.4921194E-0015   0.1797049E+0002  -0.8165209E-0003   0.2983399E-0014   0.7036775E-0001  -0.5998728E+0002
    11.95200   0.2793022E+0000   0.6729643E-0015   0.1797025E+0002  -0.8165209E-0003   0.2980634E-0014   0.7033320E-0001  -0.5998738E+0002
    11.96000   0.2793022E+0000   0.4921194E-0015   0.1796998E+0002  -0.8165209E-0003   0.2982803E-0014   0.7030003E-0001  -0.5998747E+0002
    11.96800   0.2793022E+0000   0.3112744E-0015   0.1796971E+0002  -0.8165209E-0003   0.2981502E-0014   0.7026790E-0001  -0.5998755E+0002
    11.97600   0.2793022E+0000   0.1304295E-0015   0.1796943E+0002  -0.8165209E-0003   0.2983020E-0014   0.7023665E-0001  -0.5998763E+0002
    11.98400   0.2793022E+0000   0.6729643E-0015   0.1796913E+0002  -0.8165209E-0003   0.2983128E-0014   0.7020623E-0001  -0.5998771E+0002
    11.99200   0.2793022E+0000   0.1304295E-0015   0.1796882E+0002  -0.8165209E-0003   0.2982532E-0014   0.7017666E-0001  -0.5998779E+0002
    12.00000   0.2793022E+0000   0.3112744E-0015   0.1796851E+0002  -0.8165209E-0003   0.2983995E-0014   0.7014802E-0001  -0.5998786E+0002
    12.00800   0.2793022E+0000   0.1304295E-0015   0.1796818E+0002  -0.8165209E-0003   0.2986218E-0014   0.7012035E-0001  -0.5998793E+0002
    12.01600   0.2793022E+0000   0.3112744E-0015   0.1796784E+0002  -0.8165209E-0003   0.2987031E-0014   0.7009365E-0001  -0.5998799E+0002
    12.02400   0.2793022E+0000   0.1304295E-0015   0.1796749E+0002  -0.8165209E-0003   0.2985730E-0014   0.7006786E-0001  -0.5998806E+0002
    12.03200   0.2793022E+0000  -0.2312603E-0015   0.1796714E+0002  -0.8165209E-0003   0.2985839E-0014   0.7004276E-0001  -0.5998812E+0002
    12.04000   0.2793022E+0000   0.1304295E-0015   0.1796677E+0002  -0.8165209E-0003   0.2986652E-0014   0.7001804E-0001  -0.5998819E+0002
    12.04800   0.2793022E+0000   0.3112744E-0015   0.1796641E+0002  -0.8165209E-0003   0.2986055E-0014   0.6999324E-0001  -0.5998825E+0002
    12.05600   0.2793022E+0000   0.6729643E-0015   0.1796604E+0002  -0.8165209E-0003   0.2987519E-0014   0.6996779E-0001  -0.5998832E+0002
    12.06400   0.2793022E+0000   0.6729643E-0015   0.1796566E+0002  -0.8165209E-0003   0.2987573E-0014   0.6994103E-0001  -0.5998838E+0002
    12.07200   0.2793022E+0000   0.3112744E-0015   0.1796529E+0002  -0.8165209E-0003   0.2986245E-0014   0.6991222E-0001  -0.5998845E+0002
    12.08000   0.2793022E+0000   0.3112744E-0015   0.1796493E+0002  -0.8165209E-0003   0.2989145E-0014   0.6988061E-0001  -0.5998851E+0002
    12.08800   0.2793022E+0000   0.1304295E-0015   0.1796457E+0002  -0.8165209E-0003   0.2989227E-0014   0.6984545E-0001  -0.5998857E+0002
    12.09600   0.2793022E+0000   0.3112744E-0015   0.1796422E+0002  -0.8165209E-0003   0.2987167E-0014   0.6980604E-0001  -0.5998864E+0002
    12.10400   0.2793022E+0000   0.3112744E-0015   0.1796388E+0002  -0.8165209E-0003   0.2990772E-0014   0.6976177E-0001  -0.5998870E+0002
    12.11200   0.2793022E+0000   0.1304295E-0015   0.1796355E+0002  -0.8165209E-0003   0.2992262E-0014   0.6971212E-0001  -0.5998876E+0002
    12.12000   0.2793022E+0000   0.1304295E-0015   0.1796324E+0002  -0.8165209E-0003   0.2990230E-0014   0.6965669E-0001  -0.5998883E+0002
    12.12800   0.2793022E+0000   0.6729643E-0015   0.1796294E+0002  -0.8165209E-0003   0.2992425E-0014   0.6959522E-0001  -0.5998889E+0002
    12.13600   0.2793022E+0000   0.4921194E-0015   0.1796266E+0002  -0.8165209E-0003   0.2992506E-0014   0.6952757E-0001  -0.5998896E+0002
    12.14400   0.2793022E+0000   0.4921194E-0015   0.1796239E+0002  -0.8165209E-0003   0.2993320E-0014   0.6945372E-0001  -0.5998902E+0002
    12.15200   0.2793022E+0000   0.3112744E-0015   0.1796214E+0002  -0.8165209E-0003   0.2994783E-0014   0.6937380E-0001  -0.5998908E+0002
    12.16000   0.2793022E+0000   0.3112744E-0015   0.1796190E+0002  -0.8165209E-0003   0.2992019E-0014   0.6928805E-0001  -0.5998915E+0002
    12.16800   0.2793022E+0000   0.3112744E-0015   0.1796167E+0002  -0.8165209E-0003   0.2992777E-0014   0.6919681E-0001  -0.5998921E+0002
    12.17600   0.2793022E+0000   0.1304295E-0015   0.1796146E+0002  -0.8165209E-0003   0.2995000E-0014   0.6910053E-0001  -0.5998927E+0002
    12.18400   0.2793022E+0000  -0.2312603E-0015   0.1796126E+0002  -0.8165209E-0003   0.2993645E-0014   0.6899974E-0001  -0.5998933E+0002
    12.19200   0.2793022E+0000   0.1304295E-0015   0.1796107E+0002  -0.8165209E-0003   0.2994458E-0014   0.6889504E-0001  -0.5998939E+0002
    12.20000   0.2793022E+0000   0.3112744E-0015   0.1796090E+0002  -0.8165209E-0003   0.2993103E-0014   0.6878710E-0001  -0.5998945E+0002
    12.20800   0.2793022E+0000   0.1304295E-0015   0.1796073E+0002  -0.8165209E-0003   0.2993916E-0014   0.6867657E-0001  -0.5998950E+0002
    12.21600   0.2793022E+0000   0.3112744E-0015   0.1796057E+0002  -0.8165209E-0003   0.2996789E-0014   0.6856417E-0001  -0.5998955E+0002
    12.22400   0.2793022E+0000   0.1304363E-0015   0.1796041E+0002  -0.8165209E-0003   0.2993320E-0014   0.6845059E-0001  -0.5998960E+0002
    12.23200   0.2793022E+0000   0.4921194E-0015   0.1796027E+0002  -0.8165209E-0003   0.2994837E-0014   0.6833649E-0001  -0.5998965E+0002
    12.24000   0.2793022E+0000   0.1304295E-0015   0.1796012E+0002  -0.8165209E-0003   0.2995651E-0014   0.6822251E-0001  -0.5998970E+0002
    12.24800   0.2793022E+0000   0.3112744E-0015   0.1795999E+0002  -0.8165209E-0003   0.2996464E-0014   0.6810924E-0001  -0.5998974E+0002
    12.25600   0.2793022E+0000   0.4921194E-0015   0.1795985E+0002  -0.8165209E-0003   0.2996518E-0014   0.6799722E-0001  -0.5998978E+0002
    12.26400   0.2793022E+0000   0.1304295E-0015   0.1795972E+0002  -0.8165209E-0003   0.2997277E-0014   0.6788693E-0001  -0.5998981E+0002
    12.27200   0.2793022E+0000   0.8538092E-0015   0.1795959E+0002  -0.8165209E-0003   0.2995217E-0014   0.6777879E-0001  -0.5998984E+0002
    12.28000   0.2793022E+0000   0.3112744E-0015   0.1795946E+0002  -0.8165209E-0003   0.2998849E-0014   0.6767314E-0001  -0.5998987E+0002
    12.28800   0.2793022E+0000   0.3112744E-0015   0.1795934E+0002  -0.8165209E-0003   0.2996084E-0014   0.6757030E-0001  -0.5998989E+0002
    12.29600   0.2793022E+0000   0.3112744E-0015   0.1795921E+0002  -0.8165209E-0003   0.2998280E-0014   0.6747049E-0001  -0.5998991E+0002
    12.30400   0.2793022E+0000   0.4921194E-0015   0.1795909E+0002  -0.8165209E-0003   0.2996247E-0014   0.6737389E-0001  -0.5998993E+0002
    12.31200   0.2793022E+0000   0.4921194E-0015   0.1795897E+0002  -0.8165209E-0003   0.2998442E-0014   0.6728062E-0001  -0.5998994E+0002
    12.32000   0.2793022E+0000   0.3112744E-0015   0.1795884E+0002  -0.8165209E-0003   0.2997087E-0014   0.6719070E-0001  -0.5998995E+0002
    12.32800   0.2793022E+0000   0.3112744E-0015   0.1795872E+0002  -0.8165209E-0003   0.2998578E-0014   0.6710413E-0001  -0.5998996E+0002
    12.33600   0.2793022E+0000   0.6729643E-0015   0.1795859E+0002  -0.8165209E-0003   0.2997955E-0014   0.6702080E-0001  -0.5998997E+0002
    12.34400   0.2793022E+0000   0.4921194E-0015   0.1795846E+0002  -0.8165209E-0003   0.2998036E-0014   0.6694053E-0001  -0.5998997E+0002
    12.35200   0.2793022E+0000   0.4921194E-0015   0.1795833E+0002  -0.8165209E-0003   0.2997412E-0014   0.6686310E-0001  -0.5998997E+0002
    12.36000   0.2793022E+0000   0.3112744E-0015   0.1795820E+0002  -0.8165209E-0003   0.2997494E-0014   0.6678821E-0001  -0.5998997E+0002
    12.36800   0.2793022E+0000  -0.2312603E-0015   0.1795807E+0002  -0.8165209E-0003   0.3000394E-0014   0.6671552E-0001  -0.5998997E+0002
    12.37600   0.2793022E+0000   0.3112744E-0015   0.1795793E+0002  -0.8165209E-0003   0.3001180E-0014   0.6664468E-0001  -0.5998997E+0002
    12.38400   0.2793022E+0000   0.3112744E-0015   0.1795779E+0002  -0.8165209E-0003   0.2997738E-0014   0.6657532E-0001  -0.5998996E+0002
    12.39200   0.2793022E+0000   0.3112744E-0015   0.1795765E+0002  -0.8165209E-0003   0.3000638E-0014   0.6650708E-0001  -0.5998996E+0002
    12.40000   0.2793022E+0000   0.1304295E-0015   0.1795751E+0002  -0.8165209E-0003   0.3001424E-0014   0.6643966E-0001  -0.5998995E+0002
    12.40800   0.2793022E+0000   0.3112744E-0015   0.1795737E+0002  -0.8165209E-0003   0.2999364E-0014   0.6637279E-0001  -0.5998994E+0002
    12.41600   0.2793022E+0000   0.6729643E-0015   0.1795723E+0002  -0.8165209E-0003   0.3002264E-0014   0.6630629E-0001  -0.5998993E+0002
    12.42400   0.2793022E+0000   0.1304295E-0015   0.1795709E+0002  -0.8165209E-0003   0.2998117E-0014   0.6624004E-0001  -0.5998992E+0002
    12.43200   0.2793022E+0000   0.6729643E-0015   0.1795695E+0002  -0.8165209E-0003   0.3000313E-0014   0.6617403E-0001  -0.5998991E+0002
    12.44000   0.2793022E+0000   0.4921194E-0015   0.1795681E+0002  -0.8165209E-0003   0.3001099E-0014   0.6610835E-0001  -0.5998989E+0002
    12.44800   0.2793022E+0000   0.3112744E-0015   0.1795667E+0002  -0.8165209E-0003   0.3000475E-0014   0.6604317E-0001  -0.5998988E+0002
    12.45600   0.2793022E+0000   0.3112744E-0015   0.1795652E+0002  -0.8165209E-0003   0.3001261E-0014   0.6597878E-0001  -0.5998986E+0002
    12.46400   0.2793022E+0000   0.3112744E-0015   0.1795638E+0002  -0.8165209E-0003   0.3001343E-0014   0.6591555E-0001  -0.5998984E+0002
    12.47200   0.2793022E+0000   0.4921194E-0015   0.1795624E+0002  -0.8165209E-0003   0.3000719E-0014   0.6585393E-0001  -0.5998982E+0002
    12.48000   0.2793022E+0000   0.4921194E-0015   0.1795609E+0002  -0.8165209E-0003   0.3000801E-0014   0.6579448E-0001  -0.5998979E+0002
    12.48800   0.2793022E+0000   0.1304295E-0015   0.1795595E+0002  -0.8165209E-0003   0.3002291E-0014   0.6573779E-0001  -0.5998976E+0002
    12.49600   0.2793022E+0000   0.3112744E-0015   0.1795580E+0002  -0.8165209E-0003   0.3001654E-0014   0.6568452E-0001  -0.5998973E+0002
    12.50400   0.2793022E+0000   0.3112744E-0015   0.1795565E+0002  -0.8165209E-0003   0.3003850E-0014   0.6563538E-0001  -0.5998970E+0002
    12.51200   0.2793022E+0000   0.3112744E-0015   0.1795551E+0002  -0.8165209E-0003   0.3001803E-0014   0.6559107E-0001  -0.5998966E+0002
    12.52000   0.2793022E+0000   0.6729643E-0015   0.1795535E+0002  -0.8165209E-0003   0.3002589E-0014   0.6555231E-0001  -0.5998962E+0002
    12.52800   0.2793022E+0000   0.4921194E-0015   0.1795520E+0002  -0.8165209E-0003   0.3003376E-0014   0.6551979E-0001  -0.5998957E+0002
    12.53600   0.2793022E+0000   0.3112744E-0015   0.1795505E+0002  -0.8165209E-0003   0.3000624E-0014   0.6549416E-0001  -0.5998952E+0002
    12.54400   0.2793022E+0000  -0.5041540E-0016   0.1795489E+0002  -0.8165209E-0003   0.3002115E-0014   0.6547597E-0001  -0.5998947E+0002
    12.55200   0.2793022E+0000  -0.5041540E-0016   0.1795473E+0002  -0.8165209E-0003   0.3000076E-0014   0.6546570E-0001  -0.5998941E+0002
    12.56000   0.2793022E+0000  -0.5041540E-0016   0.1795457E+0002  -0.8165209E-0003   0.3000855E-0014   0.6546371E-0001  -0.5998935E+0002
    12.56800   0.2793022E+0000   0.3112744E-0015   0.1795440E+0002  -0.8165209E-0003   0.3001637E-0014   0.6547022E-0001  -0.5998928E+0002
    12.57600   0.2793022E+0000   0.1304295E-0015   0.1795423E+0002  -0.8165209E-0003   0.3003128E-0014   0.6548528E-0001  -0.5998921E+0002
    12.58400   0.2793022E+0000   0.8538092E-0015   0.1795407E+0002  -0.8165209E-0003   0.3003204E-0014   0.6550877E-0001  -0.5998913E+0002
    12.59200   0.2793022E+0000   0.1304295E-0015   0.1795390E+0002  -0.8165209E-0003   0.3002576E-0014   0.6554037E-0001  -0.5998906E+0002
    12.60000   0.2793022E+0000   0.1304295E-0015   0.1795373E+0002  -0.8165209E-0003   0.3003359E-0014   0.6557957E-0001  -0.5998897E+0002
    12.60800   0.2793022E+0000   0.4921194E-0015   0.1795356E+0002  -0.8165209E-0003   0.3004846E-0014   0.6562562E-0001  -0.5998889E+0002
    12.61600   0.2793022E+0000  -0.5041540E-0016   0.1795339E+0002  -0.8165209E-0003   0.3003511E-0014   0.6567759E-0001  -0.5998880E+0002
    12.62400   0.2793022E+0000   0.1304295E-0015   0.1795323E+0002  -0.8165209E-0003   0.3004290E-0014   0.6573430E-0001  -0.5998871E+0002
    12.63200   0.2793022E+0000   0.3112744E-0015   0.1795306E+0002  -0.8165209E-0003   0.3005076E-0014   0.6579442E-0001  -0.5998862E+0002
    12.64000   0.2793022E+0000   0.1304295E-0015   0.1795290E+0002  -0.8165209E-0003   0.3006574E-0014   0.6585637E-0001  -0.5998853E+0002
    12.64800   0.2793022E+0000   0.1304295E-0015   0.1795274E+0002  -0.8165209E-0003   0.3006642E-0014   0.6591845E-0001  -0.5998844E+0002
    12.65600   0.2793022E+0000   0.3112744E-0015   0.1795259E+0002  -0.8165209E-0003   0.3005314E-0014   0.6597880E-0001  -0.5998835E+0002
    12.66400   0.2793022E+0000   0.4921194E-0015   0.1795245E+0002  -0.8165209E-0003   0.3007509E-0014   0.6603545E-0001  -0.5998826E+0002
    12.67200   0.2793022E+0000   0.3112744E-0015   0.1795231E+0002  -0.8165209E-0003   0.3007577E-0014   0.6608635E-0001  -0.5998817E+0002
    12.68000   0.2793022E+0000  -0.5041540E-0016   0.1795218E+0002  -0.8165209E-0003   0.3006235E-0014   0.6612942E-0001  -0.5998809E+0002
    12.68800   0.2793022E+0000   0.3112744E-0015   0.1795206E+0002  -0.8165209E-0003   0.3009840E-0014   0.6616259E-0001  -0.5998801E+0002
    12.69600   0.2793022E+0000   0.1304295E-0015   0.1795195E+0002  -0.8165209E-0003   0.3006384E-0014   0.6618384E-0001  -0.5998793E+0002
    12.70400   0.2793022E+0000   0.3112744E-0015   0.1795185E+0002  -0.8165209E-0003   0.3007875E-0014   0.6619121E-0001  -0.5998785E+0002
    12.71200   0.2793022E+0000   0.3112744E-0015   0.1795176E+0002  -0.8165209E-0003   0.3009366E-0014   0.6618291E-0001  -0.5998778E+0002
    12.72000   0.2793022E+0000   0.1304295E-0015   0.1795169E+0002  -0.8165209E-0003   0.3006628E-0014   0.6615730E-0001  -0.5998772E+0002
    12.72800   0.2793022E+0000   0.1304295E-0015   0.1795163E+0002  -0.8165209E-0003   0.3008119E-0014   0.6611293E-0001  -0.5998765E+0002
    12.73600   0.2793022E+0000   0.8538092E-0015   0.1795158E+0002  -0.8165209E-0003   0.3007468E-0014   0.6604861E-0001  -0.5998759E+0002
    12.74400   0.2793022E+0000   0.4921194E-0015   0.1795154E+0002  -0.8165209E-0003   0.3006845E-0014   0.6596338E-0001  -0.5998754E+0002
    12.75200   0.2793022E+0000   0.4921194E-0015   0.1795152E+0002  -0.8165209E-0003   0.3006926E-0014   0.6585661E-0001  -0.5998748E+0002
    12.76000   0.2793022E+0000  -0.2312603E-0015   0.1795152E+0002  -0.8165209E-0003   0.3010558E-0014   0.6572790E-0001  -0.5998743E+0002
    12.76800   0.2793022E+0000   0.4921194E-0015   0.1795152E+0002  -0.8165209E-0003   0.3009935E-0014   0.6557722E-0001  -0.5998739E+0002
    12.77600   0.2793022E+0000   0.1304295E-0015   0.1795154E+0002  -0.8165209E-0003   0.3006493E-0014   0.6540481E-0001  -0.5998734E+0002
    12.78400   0.2793022E+0000   0.1304295E-0015   0.1795157E+0002  -0.8165209E-0003   0.3007279E-0014   0.6521123E-0001  -0.5998730E+0002
    12.79200   0.2793022E+0000   0.3112744E-0015   0.1795162E+0002  -0.8165209E-0003   0.3007360E-0014   0.6499735E-0001  -0.5998726E+0002
    12.80000   0.2793022E+0000  -0.5041540E-0016   0.1795167E+0002  -0.8165209E-0003   0.3006709E-0014   0.6476433E-0001  -0.5998722E+0002
    12.80800   0.2793022E+0000   0.1304295E-0015   0.1795173E+0002  -0.8165209E-0003   0.3005381E-0014   0.6451360E-0001  -0.5998718E+0002
    12.81600   0.2793022E+0000  -0.5041540E-0016   0.1795181E+0002  -0.8165209E-0003   0.3006167E-0014   0.6424685E-0001  -0.5998715E+0002
    12.82400   0.2793022E+0000   0.3112744E-0015   0.1795189E+0002  -0.8165209E-0003   0.3005517E-0014   0.6396601E-0001  -0.5998711E+0002
    12.83200   0.2793022E+0000  -0.5041540E-0016   0.1795198E+0002  -0.8165209E-0003   0.3006303E-0014   0.6367318E-0001  -0.5998707E+0002
    12.84000   0.2793022E+0000   0.3112744E-0015   0.1795208E+0002  -0.8165209E-0003   0.3006384E-0014   0.6337067E-0001  -0.5998704E+0002
    12.84800   0.2793022E+0000   0.3112744E-0015   0.1795218E+0002  -0.8165209E-0003   0.3005761E-0014   0.6306088E-0001  -0.5998700E+0002
    12.85600   0.2793022E+0000  -0.2312603E-0015   0.1795229E+0002  -0.8165209E-0003   0.3004406E-0014   0.6274635E-0001  -0.5998696E+0002
    12.86400   0.2793022E+0000   0.1304295E-0015   0.1795240E+0002  -0.8165209E-0003   0.3003782E-0014   0.6242964E-0001  -0.5998692E+0002
    12.87200   0.2793022E+0000   0.1304295E-0015   0.1795252E+0002  -0.8165209E-0003   0.3006682E-0014   0.6211338E-0001  -0.5998688E+0002
    12.88000   0.2793022E+0000   0.3112744E-0015   0.1795263E+0002  -0.8165209E-0003   0.3003945E-0014   0.6180015E-0001  -0.5998684E+0002
    12.88800   0.2793022E+0000   0.4921194E-0015   0.1795274E+0002  -0.8165209E-0003   0.3004053E-0014   0.6149248E-0001  -0.5998680E+0002
    12.89600   0.2793022E+0000   0.3112744E-0015   0.1795285E+0002  -0.8165209E-0003   0.3003403E-0014   0.6119285E-0001  -0.5998675E+0002
    12.90400   0.2793022E+0000   0.1304295E-0015   0.1795297E+0002  -0.8165209E-0003   0.3003457E-0014   0.6090359E-0001  -0.5998671E+0002
    12.91200   0.2793022E+0000   0.4921194E-0015   0.1795307E+0002  -0.8165209E-0003   0.3003511E-0014   0.6062688E-0001  -0.5998666E+0002
    12.92000   0.2793022E+0000   0.1304295E-0015   0.1795318E+0002  -0.8165209E-0003   0.3004324E-0014   0.6036475E-0001  -0.5998662E+0002
    12.92800   0.2793022E+0000   0.1304295E-0015   0.1795328E+0002  -0.8165209E-0003   0.3003674E-0014   0.6011900E-0001  -0.5998657E+0002
    12.93600   0.2793022E+0000   0.4921194E-0015   0.1795337E+0002  -0.8165209E-0003   0.3003077E-0014   0.5989124E-0001  -0.5998652E+0002
    12.94400   0.2793022E+0000   0.1304295E-0015   0.1795346E+0002  -0.8165209E-0003   0.3004595E-0014   0.5968283E-0001  -0.5998647E+0002
    12.95200   0.2793022E+0000  -0.2312603E-0015   0.1795355E+0002  -0.8165209E-0003   0.3003240E-0014   0.5949490E-0001  -0.5998642E+0002
    12.96000   0.2793022E+0000   0.3112744E-0015   0.1795363E+0002  -0.8165209E-0003   0.3003348E-0014   0.5932833E-0001  -0.5998637E+0002
    12.96800   0.2793022E+0000   0.3112744E-0015   0.1795371E+0002  -0.8165209E-0003   0.3002698E-0014   0.5918376E-0001  -0.5998632E+0002
    12.97600   0.2793022E+0000  -0.5041540E-0016   0.1795378E+0002  -0.8165209E-0003   0.3002806E-0014   0.5906157E-0001  -0.5998627E+0002
    12.98400   0.2793022E+0000   0.3112744E-0015   0.1795384E+0002  -0.8165209E-0003   0.3005029E-0014   0.5896195E-0001  -0.5998622E+0002
    12.99200   0.2793022E+0000   0.1304295E-0015   0.1795390E+0002  -0.8165209E-0003   0.3003674E-0014   0.5888485E-0001  -0.5998617E+0002
    13.00000   0.2793022E+0000   0.6729643E-0015   0.1795396E+0002  -0.8165209E-0003   0.3003728E-0014   0.5883002E-0001  -0.5998612E+0002
    13.00800   0.2793022E+0000   0.3112744E-0015   0.1795401E+0002  -0.8165209E-0003   0.3003132E-0014   0.5879703E-0001  -0.5998608E+0002
    13.01600   0.2793022E+0000  -0.5041540E-0016   0.1795406E+0002  -0.8165209E-0003   0.3005300E-0014   0.5878532E-0001  -0.5998604E+0002
    13.02400   0.2793022E+0000   0.3112744E-0015   0.1795411E+0002  -0.8165209E-0003   0.3003240E-0014   0.5879418E-0001  -0.5998600E+0002
    13.03200   0.2793022E+0000   0.3112744E-0015   0.1795416E+0002  -0.8165209E-0003   0.3004053E-0014   0.5882278E-0001  -0.5998596E+0002
    13.04000   0.2793022E+0000   0.3112744E-0015   0.1795420E+0002  -0.8165209E-0003   0.3004812E-0014   0.5887024E-0001  -0.5998592E+0002
    13.04800   0.2793022E+0000   0.3112744E-0015   0.1795424E+0002  -0.8165209E-0003   0.3003457E-0014   0.5893558E-0001  -0.5998589E+0002
    13.05600   0.2793022E+0000   0.3112744E-0015   0.1795428E+0002  -0.8165209E-0003   0.3000692E-0014   0.5901782E-0001  -0.5998586E+0002
    13.06400   0.2793022E+0000   0.3112744E-0015   0.1795432E+0002  -0.8165209E-0003   0.3001451E-0014   0.5911593E-0001  -0.5998583E+0002
    13.07200   0.2793022E+0000   0.1304295E-0015   0.1795437E+0002  -0.8165209E-0003   0.3002969E-0014   0.5922891E-0001  -0.5998580E+0002
    13.08000   0.2793022E+0000   0.3112744E-0015   0.1795441E+0002  -0.8165209E-0003   0.3002318E-0014   0.5935577E-0001  -0.5998578E+0002
    13.08800   0.2793022E+0000   0.1304295E-0015   0.1795445E+0002  -0.8165209E-0003   0.3000963E-0014   0.5949553E-0001  -0.5998575E+0002
    13.09600   0.2793022E+0000   0.6729643E-0015   0.1795450E+0002  -0.8165209E-0003   0.3002481E-0014   0.5964729E-0001  -0.5998573E+0002
    13.10400   0.2793022E+0000   0.4921194E-0015   0.1795454E+0002  -0.8165209E-0003   0.3001831E-0014   0.5981017E-0001  -0.5998571E+0002
    13.11200   0.2793022E+0000   0.3112744E-0015   0.1795459E+0002  -0.8165209E-0003   0.3003348E-0014   0.5998338E-0001  -0.5998569E+0002
    13.12000   0.2793022E+0000   0.4921194E-0015   0.1795464E+0002  -0.8165209E-0003   0.3000584E-0014   0.6016619E-0001  -0.5998567E+0002
    13.12800   0.2793022E+0000   0.1304295E-0015   0.1795470E+0002  -0.8165209E-0003   0.3002806E-0014   0.6035790E-0001  -0.5998565E+0002
    13.13600   0.2793022E+0000   0.1304295E-0015   0.1795475E+0002  -0.8165209E-0003   0.3002156E-0014   0.6055793E-0001  -0.5998563E+0002
    13.14400   0.2793022E+0000  -0.5041540E-0016   0.1795481E+0002  -0.8165209E-0003   0.3001505E-0014   0.6076573E-0001  -0.5998561E+0002
    13.15200   0.2793022E+0000   0.3112744E-0015   0.1795487E+0002  -0.8165209E-0003   0.3001560E-0014   0.6098082E-0001  -0.5998559E+0002
    13.16000   0.2793022E+0000   0.3112744E-0015   0.1795494E+0002  -0.8165209E-0003   0.3001668E-0014   0.6120280E-0001  -0.5998557E+0002
    13.16800   0.2793022E+0000   0.3112744E-0015   0.1795500E+0002  -0.8165209E-0003   0.3001776E-0014   0.6143129E-0001  -0.5998554E+0002
    13.17600   0.2793022E+0000   0.4921194E-0015   0.1795507E+0002  -0.8165209E-0003   0.3001180E-0014   0.6166599E-0001  -0.5998552E+0002
    13.18400   0.2793022E+0000   0.4921194E-0015   0.1795514E+0002  -0.8165209E-0003   0.2999174E-0014   0.6190663E-0001  -0.5998550E+0002
    13.19200   0.2793022E+0000   0.1304295E-0015   0.1795522E+0002  -0.8165209E-0003   0.3002102E-0014   0.6215298E-0001  -0.5998547E+0002
    13.20000   0.2793022E+0000   0.4921194E-0015   0.1795529E+0002  -0.8165209E-0003   0.3002210E-0014   0.6240484E-0001  -0.5998544E+0002
    13.20800   0.2793022E+0000   0.4921194E-0015   0.1795536E+0002  -0.8165209E-0003   0.3002264E-0014   0.6266204E-0001  -0.5998542E+0002
    13.21600   0.2793022E+0000   0.3112744E-0015   0.1795544E+0002  -0.8165209E-0003   0.3000909E-0014   0.6292443E-0001  -0.5998539E+0002
    13.22400   0.2793022E+0000  -0.5041540E-0016   0.1795552E+0002  -0.8165209E-0003   0.3003077E-0014   0.6319188E-0001  -0.5998536E+0002
    13.23200   0.2793022E+0000   0.1304295E-0015   0.1795559E+0002  -0.8165209E-0003   0.3001017E-0014   0.6346427E-0001  -0.5998533E+0002
    13.24000   0.2793022E+0000   0.4921194E-0015   0.1795567E+0002  -0.8165209E-0003   0.3001072E-0014   0.6374148E-0001  -0.5998530E+0002
    13.24800   0.2793022E+0000   0.1304295E-0015   0.1795575E+0002  -0.8165209E-0003   0.3000475E-0014   0.6402341E-0001  -0.5998527E+0002
    13.25600   0.2793022E+0000   0.3112744E-0015   0.1795582E+0002  -0.8165209E-0003   0.3001234E-0014   0.6430997E-0001  -0.5998523E+0002
    13.26400   0.2793022E+0000   0.3112744E-0015   0.1795589E+0002  -0.8165209E-0003   0.3000584E-0014   0.6460104E-0001  -0.5998520E+0002
    13.27200   0.2793022E+0000  -0.5041540E-0016   0.1795596E+0002  -0.8165209E-0003   0.2999933E-0014   0.6489652E-0001  -0.5998517E+0002
    13.28000   0.2793022E+0000   0.3112744E-0015   0.1795603E+0002  -0.8165209E-0003   0.3002156E-0014   0.6519631E-0001  -0.5998514E+0002
    13.28800   0.2793022E+0000   0.3112744E-0015   0.1795610E+0002  -0.8165209E-0003   0.3001560E-0014   0.6550031E-0001  -0.5998510E+0002
    13.29600   0.2793022E+0000   0.3112744E-0015   0.1795617E+0002  -0.8165209E-0003   0.3000963E-0014   0.6580838E-0001  -0.5998507E+0002
    13.30400   0.2793022E+0000   0.1304295E-0015   0.1795623E+0002  -0.8165209E-0003   0.3001072E-0014   0.6612042E-0001  -0.5998504E+0002
    13.31200   0.2793022E+0000   0.1304295E-0015   0.1795629E+0002  -0.8165209E-0003   0.3003240E-0014   0.6643628E-0001  -0.5998501E+0002
    13.32000   0.2793022E+0000   0.3112744E-0015   0.1795634E+0002  -0.8165209E-0003   0.3001180E-0014   0.6675583E-0001  -0.5998497E+0002
    13.32800   0.2793022E+0000   0.4921194E-0015   0.1795639E+0002  -0.8165209E-0003   0.2999879E-0014   0.6707890E-0001  -0.5998494E+0002
    13.33600   0.2793022E+0000   0.1304295E-0015   0.1795644E+0002  -0.8165209E-0003   0.2999933E-0014   0.6740532E-0001  -0.5998491E+0002
    13.34400   0.2793022E+0000   0.4921194E-0015   0.1795649E+0002  -0.8165209E-0003   0.2997873E-0014   0.6773490E-0001  -0.5998488E+0002
    13.35200   0.2793022E+0000   0.3112744E-0015   0.1795653E+0002  -0.8165209E-0003   0.3000042E-0014   0.6806742E-0001  -0.5998485E+0002
    13.36000   0.2793022E+0000   0.4921194E-0015   0.1795657E+0002  -0.8165209E-0003   0.2997982E-0014   0.6840263E-0001  -0.5998482E+0002
    13.36800   0.2793022E+0000   0.4921194E-0015   0.1795660E+0002  -0.8165209E-0003   0.3000150E-0014   0.6874026E-0001  -0.5998478E+0002
    13.37600   0.2793022E+0000  -0.5041540E-0016   0.1795663E+0002  -0.8165209E-0003   0.2999500E-0014   0.6908001E-0001  -0.5998476E+0002
    13.38400   0.2793022E+0000  -0.5041540E-0016   0.1795666E+0002  -0.8165209E-0003   0.3001017E-0014   0.6942153E-0001  -0.5998473E+0002
    13.39200   0.2793022E+0000   0.4921194E-0015   0.1795668E+0002  -0.8165209E-0003   0.2998253E-0014   0.6976444E-0001  -0.5998470E+0002
    13.40000   0.2793022E+0000   0.6729643E-0015   0.1795669E+0002  -0.8165209E-0003   0.3001180E-0014   0.7010832E-0001  -0.5998467E+0002
    13.40800   0.2793022E+0000   0.1304295E-0015   0.1795671E+0002  -0.8165209E-0003   0.2999825E-0014   0.7045269E-0001  -0.5998464E+0002
    13.41600   0.2793022E+0000   0.3112744E-0015   0.1795671E+0002  -0.8165209E-0003   0.2997765E-0014   0.7079705E-0001  -0.5998462E+0002
    13.42400   0.2793022E+0000   0.3112744E-0015   0.1795672E+0002  -0.8165209E-0003   0.2999228E-0014   0.7114081E-0001  -0.5998459E+0002
    13.43200   0.2793022E+0000  -0.5041540E-0016   0.1795671E+0002  -0.8165209E-0003   0.2999987E-0014   0.7148337E-0001  -0.5998457E+0002
    13.44000   0.2793022E+0000   0.1304295E-0015   0.1795670E+0002  -0.8165209E-0003   0.3000096E-0014   0.7182408E-0001  -0.5998454E+0002
    13.44800   0.2793022E+0000   0.8538092E-0015   0.1795669E+0002  -0.8165209E-0003   0.3000204E-0014   0.7216222E-0001  -0.5998452E+0002
    13.45600   0.2793022E+0000  -0.2312603E-0015   0.1795667E+0002  -0.8165209E-0003   0.3000258E-0014   0.7249705E-0001  -0.5998450E+0002
    13.46400   0.2793022E+0000   0.3112744E-0015   0.1795664E+0002  -0.8165209E-0003   0.2998957E-0014   0.7282778E-0001  -0.5998447E+0002
    13.47200   0.2793022E+0000   0.8538092E-0015   0.1795661E+0002  -0.8165209E-0003   0.2999066E-0014   0.7315358E-0001  -0.5998445E+0002
    13.48000   0.2793022E+0000  -0.5041540E-0016   0.1795657E+0002  -0.8165209E-0003   0.2999825E-0014   0.7347361E-0001  -0.5998444E+0002
    13.48800   0.2793022E+0000   0.4921194E-0015   0.1795652E+0002  -0.8165209E-0003   0.2998524E-0014   0.7378698E-0001  -0.5998442E+0002
    13.49600   0.2793022E+0000   0.4921194E-0015   0.1795647E+0002  -0.8165209E-0003   0.2999987E-0014   0.7409279E-0001  -0.5998440E+0002
    13.50400   0.2793022E+0000   0.1304295E-0015   0.1795641E+0002  -0.8165209E-0003   0.2997982E-0014   0.7439013E-0001  -0.5998439E+0002
    13.51200   0.2793022E+0000   0.4921194E-0015   0.1795635E+0002  -0.8165209E-0003   0.2999500E-0014   0.7467809E-0001  -0.5998438E+0002
    13.52000   0.2793022E+0000   0.6729643E-0015   0.1795628E+0002  -0.8165209E-0003   0.2999608E-0014   0.7495576E-0001  -0.5998437E+0002
    13.52800   0.2793022E+0000   0.6729643E-0015   0.1795620E+0002  -0.8165209E-0003   0.3000367E-0014   0.7522224E-0001  -0.5998437E+0002
    13.53600   0.2793022E+0000   0.1304295E-0015   0.1795612E+0002  -0.8165209E-0003   0.2999771E-0014   0.7547665E-0001  -0.5998436E+0002
    13.54400   0.2793022E+0000   0.4921194E-0015   0.1795603E+0002  -0.8165209E-0003   0.3000530E-0014   0.7571814E-0001  -0.5998436E+0002
    13.55200   0.2793022E+0000   0.4921194E-0015   0.1795593E+0002  -0.8165209E-0003   0.2999879E-0014   0.7594590E-0001  -0.5998436E+0002
    13.56000   0.2793022E+0000   0.3112744E-0015   0.1795583E+0002  -0.8165209E-0003   0.2999933E-0014   0.7615917E-0001  -0.5998437E+0002
    13.56800   0.2793022E+0000  -0.5041540E-0016   0.1795572E+0002  -0.8165209E-0003   0.3000042E-0014   0.7635723E-0001  -0.5998438E+0002
    13.57600   0.2793022E+0000   0.4921194E-0015   0.1795561E+0002  -0.8165209E-0003   0.2999445E-0014   0.7653944E-0001  -0.5998439E+0002
    13.58400   0.2793022E+0000   0.1304295E-0015   0.1795549E+0002  -0.8165209E-0003   0.3000231E-0014   0.7670523E-0001  -0.5998441E+0002
    13.59200   0.2793022E+0000   0.3112744E-0015   0.1795537E+0002  -0.8165209E-0003   0.3001017E-0014   0.7685408E-0001  -0.5998443E+0002
    13.60000   0.2793022E+0000  -0.5041540E-0016   0.1795524E+0002  -0.8165209E-0003   0.3000394E-0014   0.7698558E-0001  -0.5998445E+0002
    13.60800   0.2793022E+0000   0.4921194E-0015   0.1795511E+0002  -0.8165209E-0003   0.3001180E-0014   0.7709940E-0001  -0.5998447E+0002
    13.61600   0.2793022E+0000   0.1304295E-0015   0.1795498E+0002  -0.8165209E-0003   0.3001261E-0014   0.7719528E-0001  -0.5998450E+0002
    13.62400   0.2793022E+0000   0.3112744E-0015   0.1795485E+0002  -0.8165209E-0003   0.3001316E-0014   0.7727308E-0001  -0.5998453E+0002
    13.63200   0.2793022E+0000   0.1304295E-0015   0.1795471E+0002  -0.8165209E-0003   0.3001397E-0014   0.7733274E-0001  -0.5998457E+0002
    13.64000   0.2793022E+0000   0.4921194E-0015   0.1795457E+0002  -0.8165209E-0003   0.3002183E-0014   0.7737429E-0001  -0.5998461E+0002
    13.64800   0.2793022E+0000   0.1304295E-0015   0.1795443E+0002  -0.8165209E-0003   0.3000855E-0014   0.7739786E-0001  -0.5998465E+0002
    13.65600   0.2793022E+0000  -0.5041540E-0016   0.1795429E+0002  -0.8165209E-0003   0.3002346E-0014   0.7740370E-0001  -0.5998469E+0002
    13.66400   0.2793022E+0000   0.3112744E-0015   0.1795415E+0002  -0.8165209E-0003   0.3000990E-0014   0.7739212E-0001  -0.5998473E+0002
    13.67200   0.2793022E+0000   0.3112744E-0015   0.1795401E+0002  -0.8165209E-0003   0.3001776E-0014   0.7736354E-0001  -0.5998478E+0002
    13.68000   0.2793022E+0000   0.4921194E-0015   0.1795387E+0002  -0.8165209E-0003   0.3003972E-0014   0.7731847E-0001  -0.5998482E+0002
    13.68800   0.2793022E+0000   0.3112744E-0015   0.1795372E+0002  -0.8165209E-0003   0.3002644E-0014   0.7725752E-0001  -0.5998487E+0002
    13.69600   0.2793022E+0000  -0.5041540E-0016   0.1795358E+0002  -0.8165209E-0003   0.3002725E-0014   0.7718135E-0001  -0.5998492E+0002
    13.70400   0.2793022E+0000   0.4921194E-0015   0.1795344E+0002  -0.8165209E-0003   0.3003511E-0014   0.7709074E-0001  -0.5998497E+0002
    13.71200   0.2793022E+0000  -0.5041540E-0016   0.1795330E+0002  -0.8165209E-0003   0.3002888E-0014   0.7698650E-0001  -0.5998501E+0002
    13.72000   0.2793022E+0000   0.3112744E-0015   0.1795316E+0002  -0.8165209E-0003   0.3002969E-0014   0.7686953E-0001  -0.5998506E+0002
    13.72800   0.2793022E+0000   0.1304295E-0015   0.1795302E+0002  -0.8165209E-0003   0.3003755E-0014   0.7674077E-0001  -0.5998511E+0002
    13.73600   0.2793022E+0000   0.6729643E-0015   0.1795288E+0002  -0.8165209E-0003   0.3003118E-0014   0.7660123E-0001  -0.5998516E+0002
    13.74400   0.2793022E+0000   0.4921194E-0015   0.1795274E+0002  -0.8165209E-0003   0.3006018E-0014   0.7645192E-0001  -0.5998520E+0002
    13.75200   0.2793022E+0000   0.3112744E-0015   0.1795260E+0002  -0.8165209E-0003   0.3003267E-0014   0.7629391E-0001  -0.5998524E+0002
    13.76000   0.2793022E+0000   0.6729643E-0015   0.1795246E+0002  -0.8165209E-0003   0.3002630E-0014   0.7612825E-0001  -0.5998529E+0002
    13.76800   0.2793022E+0000   0.6729643E-0015   0.1795232E+0002  -0.8165209E-0003   0.3004826E-0014   0.7595603E-0001  -0.5998533E+0002
    13.77600   0.2793022E+0000  -0.2312603E-0015   0.1795219E+0002  -0.8165209E-0003   0.3004189E-0014   0.7577828E-0001  -0.5998536E+0002
    13.78400   0.2793022E+0000   0.3112744E-0015   0.1795205E+0002  -0.8165209E-0003   0.3004975E-0014   0.7559606E-0001  -0.5998540E+0002
    13.79200   0.2793022E+0000  -0.5041540E-0016   0.1795191E+0002  -0.8165209E-0003   0.3006466E-0014   0.7541035E-0001  -0.5998543E+0002
    13.80000   0.2793022E+0000   0.1304295E-0015   0.1795178E+0002  -0.8165209E-0003   0.3007956E-0014   0.7522212E-0001  -0.5998546E+0002
    13.80800   0.2793022E+0000   0.3112744E-0015   0.1795165E+0002  -0.8165209E-0003   0.3004500E-0014   0.7503227E-0001  -0.5998549E+0002
    13.81600   0.2793022E+0000   0.4921194E-0015   0.1795152E+0002  -0.8165209E-0003   0.3006696E-0014   0.7484163E-0001  -0.5998551E+0002
    13.82400   0.2793022E+0000   0.1304295E-0015   0.1795139E+0002  -0.8165209E-0003   0.3006777E-0014   0.7465098E-0001  -0.5998553E+0002
    13.83200   0.2793022E+0000   0.3112744E-0015   0.1795126E+0002  -0.8165209E-0003   0.3006140E-0014   0.7446101E-0001  -0.5998555E+0002
    13.84000   0.2793022E+0000   0.3112744E-0015   0.1795114E+0002  -0.8165209E-0003   0.3006926E-0014   0.7427232E-0001  -0.5998557E+0002
    13.84800   0.2793022E+0000  -0.5041540E-0016   0.1795101E+0002  -0.8165209E-0003   0.3007712E-0014   0.7408545E-0001  -0.5998558E+0002
    13.85600   0.2793022E+0000   0.1304295E-0015   0.1795090E+0002  -0.8165209E-0003   0.3007780E-0014   0.7390083E-0001  -0.5998559E+0002
    13.86400   0.2793022E+0000   0.3112744E-0015   0.1795078E+0002  -0.8165209E-0003   0.3006438E-0014   0.7371885E-0001  -0.5998560E+0002
    13.87200   0.2793022E+0000   0.4921194E-0015   0.1795067E+0002  -0.8165209E-0003   0.3008634E-0014   0.7353977E-0001  -0.5998561E+0002
    13.88000   0.2793022E+0000   0.3112744E-0015   0.1795057E+0002  -0.8165209E-0003   0.3008011E-0014   0.7336381E-0001  -0.5998561E+0002
    13.88800   0.2793022E+0000  -0.2312603E-0015   0.1795047E+0002  -0.8165209E-0003   0.3008078E-0014   0.7319111E-0001  -0.5998561E+0002
    13.89600   0.2793022E+0000   0.1304295E-0015   0.1795038E+0002  -0.8165209E-0003   0.3008878E-0014   0.7302174E-0001  -0.5998561E+0002
    13.90400   0.2793022E+0000   0.3112744E-0015   0.1795030E+0002  -0.8165209E-0003   0.3007523E-0014   0.7285575E-0001  -0.5998561E+0002
    13.91200   0.2793022E+0000   0.3112744E-0015   0.1795022E+0002  -0.8165209E-0003   0.3007577E-0014   0.7269310E-0001  -0.5998561E+0002
    13.92000   0.2793022E+0000   0.1304295E-0015   0.1795015E+0002  -0.8165209E-0003   0.3007658E-0014   0.7253376E-0001  -0.5998561E+0002
    13.92800   0.2793022E+0000   0.6729643E-0015   0.1795009E+0002  -0.8165209E-0003   0.3009149E-0014   0.7237764E-0001  -0.5998560E+0002
    13.93600   0.2793022E+0000   0.3112744E-0015   0.1795004E+0002  -0.8165209E-0003   0.3007821E-0014   0.7222467E-0001  -0.5998560E+0002
    13.94400   0.2793022E+0000   0.1304295E-0015   0.1795000E+0002  -0.8165209E-0003   0.3010016E-0014   0.7207477E-0001  -0.5998559E+0002
    13.95200   0.2793022E+0000   0.1304295E-0015   0.1794997E+0002  -0.8165209E-0003   0.3009366E-0014   0.7192787E-0001  -0.5998559E+0002
    13.96000   0.2793022E+0000  -0.2312603E-0015   0.1794995E+0002  -0.8165209E-0003   0.3009447E-0014   0.7178392E-0001  -0.5998558E+0002
    13.96800   0.2793022E+0000   0.4921194E-0015   0.1794994E+0002  -0.8165209E-0003   0.3007414E-0014   0.7164292E-0001  -0.5998557E+0002
    13.97600   0.2793022E+0000   0.3112744E-0015   0.1794994E+0002  -0.8165209E-0003   0.3008905E-0014   0.7150491E-0001  -0.5998556E+0002
    13.98400   0.2793022E+0000  -0.5041540E-0016   0.1794995E+0002  -0.8165209E-0003   0.3009691E-0014   0.7136997E-0001  -0.5998556E+0002
    13.99200   0.2793022E+0000   0.3112744E-0015   0.1794996E+0002  -0.8165209E-0003   0.3009040E-0014   0.7123824E-0001  -0.5998555E+0002
    14.00000   0.2793022E+0000   0.3112744E-0015   0.1794999E+0002  -0.8165209E-0003   0.3008390E-0014   0.7110994E-0001  -0.5998554E+0002
    14.00800   0.2793022E+0000   0.3112744E-0015   0.1795003E+0002  -0.8165209E-0003   0.3010585E-0014   0.7098532E-0001  -0.5998553E+0002
    14.01600   0.2793022E+0000   0.4921194E-0015   0.1795007E+0002  -0.8165209E-0003   0.3009230E-0014   0.7086472E-0001  -0.5998552E+0002
    14.02400   0.2793022E+0000   0.1304295E-0015   0.1795012E+0002  -0.8165209E-0003   0.3006466E-0014   0.7074850E-0001  -0.5998551E+0002
    14.03200   0.2793022E+0000   0.3112744E-0015   0.1795018E+0002  -0.8165209E-0003   0.3008661E-0014   0.7063712E-0001  -0.5998550E+0002
    14.04000   0.2793022E+0000   0.4921194E-0015   0.1795025E+0002  -0.8165209E-0003   0.3008038E-0014   0.7053105E-0001  -0.5998549E+0002
    14.04800   0.2793022E+0000  -0.2312603E-0015   0.1795032E+0002  -0.8165209E-0003   0.3008119E-0014   0.7043083E-0001  -0.5998548E+0002
    14.05600   0.2793022E+0000   0.3112744E-0015   0.1795040E+0002  -0.8165209E-0003   0.3007496E-0014   0.7033701E-0001  -0.5998547E+0002
    14.06400   0.2793022E+0000   0.3112744E-0015   0.1795048E+0002  -0.8165209E-0003   0.3011100E-0014   0.7025019E-0001  -0.5998545E+0002
    14.07200   0.2793022E+0000   0.4921194E-0015   0.1795056E+0002  -0.8165209E-0003   0.3009068E-0014   0.7017096E-0001  -0.5998543E+0002
    14.08000   0.2793022E+0000   0.4921194E-0015   0.1795065E+0002  -0.8165209E-0003   0.3007739E-0014   0.7009992E-0001  -0.5998542E+0002
    14.08800   0.2793022E+0000   0.4921194E-0015   0.1795074E+0002  -0.8165209E-0003   0.3007821E-0014   0.7003765E-0001  -0.5998540E+0002
    14.09600   0.2793022E+0000   0.6729643E-0015   0.1795083E+0002  -0.8165209E-0003   0.3007197E-0014   0.6998471E-0001  -0.5998537E+0002
    14.10400   0.2793022E+0000   0.4921194E-0015   0.1795092E+0002  -0.8165209E-0003   0.3009393E-0014   0.6994161E-0001  -0.5998535E+0002
    14.11200   0.2793022E+0000   0.3112744E-0015   0.1795101E+0002  -0.8165209E-0003   0.3008065E-0014   0.6990881E-0001  -0.5998532E+0002
    14.12000   0.2793022E+0000   0.1304295E-0015   0.1795111E+0002  -0.8165209E-0003   0.3007441E-0014   0.6988671E-0001  -0.5998530E+0002
    14.12800   0.2793022E+0000   0.4921194E-0015   0.1795120E+0002  -0.8165209E-0003   0.3008227E-0014   0.6987561E-0001  -0.5998527E+0002
    14.13600   0.2793022E+0000   0.3112744E-0015   0.1795129E+0002  -0.8165209E-0003   0.3006194E-0014   0.6987576E-0001  -0.5998523E+0002
    14.14400   0.2793022E+0000   0.6729643E-0015   0.1795138E+0002  -0.8165209E-0003   0.3006953E-0014   0.6988729E-0001  -0.5998520E+0002
    14.15200   0.2793022E+0000   0.4921194E-0015   0.1795147E+0002  -0.8165209E-0003   0.3006303E-0014   0.6991024E-0001  -0.5998517E+0002
    14.16000   0.2793022E+0000   0.3112744E-0015   0.1795156E+0002  -0.8165209E-0003   0.3008498E-0014   0.6994456E-0001  -0.5998513E+0002
    14.16800   0.2793022E+0000   0.4921194E-0015   0.1795164E+0002  -0.8165209E-0003   0.3007875E-0014   0.6999006E-0001  -0.5998509E+0002
    14.17600   0.2793022E+0000   0.1304295E-0015   0.1795173E+0002  -0.8165209E-0003   0.3007252E-0014   0.7004648E-0001  -0.5998506E+0002
    14.18400   0.2793022E+0000   0.1304295E-0015   0.1795181E+0002  -0.8165209E-0003   0.3007333E-0014   0.7011341E-0001  -0.5998502E+0002
    14.19200   0.2793022E+0000   0.1304295E-0015   0.1795189E+0002  -0.8165209E-0003   0.3008119E-0014   0.7019035E-0001  -0.5998498E+0002
    14.20000   0.2793022E+0000   0.3112744E-0015   0.1795197E+0002  -0.8165209E-0003   0.3007468E-0014   0.7027670E-0001  -0.5998494E+0002
    14.20800   0.2793022E+0000   0.3112744E-0015   0.1795204E+0002  -0.8165209E-0003   0.3005436E-0014   0.7037176E-0001  -0.5998490E+0002
    14.21600   0.2793022E+0000   0.3112744E-0015   0.1795211E+0002  -0.8165209E-0003   0.3006222E-0014   0.7047472E-0001  -0.5998486E+0002
    14.22400   0.2793022E+0000   0.4921194E-0015   0.1795218E+0002  -0.8165209E-0003   0.3007008E-0014   0.7058470E-0001  -0.5998482E+0002
    14.23200   0.2793022E+0000   0.1304295E-0015   0.1795225E+0002  -0.8165209E-0003   0.3005652E-0014   0.7070078E-0001  -0.5998479E+0002
    14.24000   0.2793022E+0000   0.1304295E-0015   0.1795232E+0002  -0.8165209E-0003   0.3004324E-0014   0.7082194E-0001  -0.5998475E+0002
    14.24800   0.2793022E+0000   0.4921194E-0015   0.1795238E+0002  -0.8165209E-0003   0.3002996E-0014   0.7094716E-0001  -0.5998472E+0002
    14.25600   0.2793022E+0000   0.4921194E-0015   0.1795245E+0002  -0.8165209E-0003   0.3005192E-0014   0.7107540E-0001  -0.5998469E+0002
    14.26400   0.2793022E+0000   0.1304295E-0015   0.1795251E+0002  -0.8165209E-0003   0.3006682E-0014   0.7120558E-0001  -0.5998465E+0002
    14.27200   0.2793022E+0000   0.1304295E-0015   0.1795257E+0002  -0.8165209E-0003   0.3004649E-0014   0.7133669E-0001  -0.5998463E+0002
    14.28000   0.2793022E+0000   0.1304295E-0015   0.1795263E+0002  -0.8165209E-0003   0.3004026E-0014   0.7146771E-0001  -0.5998460E+0002
    14.28800   0.2793022E+0000   0.4921194E-0015   0.1795270E+0002  -0.8165209E-0003   0.3005517E-0014   0.7159768E-0001  -0.5998458E+0002
    14.29600   0.2793022E+0000   0.6729643E-0015   0.1795276E+0002  -0.8165209E-0003   0.3006303E-0014   0.7172568E-0001  -0.5998456E+0002
    14.30400   0.2793022E+0000   0.1304295E-0015   0.1795282E+0002  -0.8165209E-0003   0.3004270E-0014   0.7185087E-0001  -0.5998454E+0002
    14.31200   0.2793022E+0000   0.3112744E-0015   0.1795288E+0002  -0.8165209E-0003   0.3005761E-0014   0.7197247E-0001  -0.5998452E+0002
    14.32000   0.2793022E+0000   0.4921194E-0015   0.1795294E+0002  -0.8165209E-0003   0.3005110E-0014   0.7208978E-0001  -0.5998451E+0002
    14.32800   0.2793022E+0000  -0.2312603E-0015   0.1795301E+0002  -0.8165209E-0003   0.3003782E-0014   0.7220220E-0001  -0.5998450E+0002
    14.33600   0.2793022E+0000   0.4921194E-0015   0.1795308E+0002  -0.8165209E-0003   0.3006682E-0014   0.7230921E-0001  -0.5998449E+0002
    14.34400   0.2793022E+0000   0.4921194E-0015   0.1795314E+0002  -0.8165209E-0003   0.3003213E-0014   0.7241041E-0001  -0.5998449E+0002
    14.35200   0.2793022E+0000   0.1304295E-0015   0.1795321E+0002  -0.8165209E-0003   0.3002562E-0014   0.7250546E-0001  -0.5998449E+0002
    14.36000   0.2793022E+0000   0.6729643E-0015   0.1795328E+0002  -0.8165209E-0003   0.3004758E-0014   0.7259417E-0001  -0.5998449E+0002
    14.36800   0.2793022E+0000   0.3112744E-0015   0.1795335E+0002  -0.8165209E-0003   0.3004134E-0014   0.7267642E-0001  -0.5998449E+0002
    14.37600   0.2793022E+0000   0.4921194E-0015   0.1795342E+0002  -0.8165209E-0003   0.3006330E-0014   0.7275218E-0001  -0.5998450E+0002
    14.38400   0.2793022E+0000  -0.5041540E-0016   0.1795349E+0002  -0.8165209E-0003   0.3003565E-0014   0.7282153E-0001  -0.5998451E+0002
    14.39200   0.2793022E+0000   0.3112744E-0015   0.1795357E+0002  -0.8165209E-0003   0.3003647E-0014   0.7288464E-0001  -0.5998452E+0002
    14.40000   0.2793022E+0000   0.1304295E-0015   0.1795364E+0002  -0.8165209E-0003   0.3003728E-0014   0.7294176E-0001  -0.5998453E+0002
    14.40800   0.2793022E+0000   0.6729643E-0015   0.1795372E+0002  -0.8165209E-0003   0.3003782E-0014   0.7299319E-0001  -0.5998454E+0002
    14.41600   0.2793022E+0000   0.3112744E-0015   0.1795379E+0002  -0.8165209E-0003   0.3005246E-0014   0.7303933E-0001  -0.5998456E+0002
    14.42400   0.2793022E+0000   0.1304295E-0015   0.1795386E+0002  -0.8165209E-0003   0.3004622E-0014   0.7308062E-0001  -0.5998458E+0002
    14.43200   0.2793022E+0000   0.3112744E-0015   0.1795394E+0002  -0.8165209E-0003   0.3003999E-0014   0.7311754E-0001  -0.5998460E+0002
    14.44000   0.2793022E+0000   0.4921194E-0015   0.1795401E+0002  -0.8165209E-0003   0.3003376E-0014   0.7315065E-0001  -0.5998462E+0002
    14.44800   0.2793022E+0000   0.4921194E-0015   0.1795408E+0002  -0.8165209E-0003   0.3002725E-0014   0.7318049E-0001  -0.5998464E+0002
    14.45600   0.2793022E+0000   0.1304295E-0015   0.1795415E+0002  -0.8165209E-0003   0.3004921E-0014   0.7320767E-0001  -0.5998467E+0002
    14.46400   0.2793022E+0000   0.1304295E-0015   0.1795422E+0002  -0.8165209E-0003   0.3004297E-0014   0.7323278E-0001  -0.5998469E+0002
    14.47200   0.2793022E+0000   0.3112740E-0015   0.1795429E+0002  -0.8165209E-0003   0.3001560E-0014   0.7325643E-0001  -0.5998472E+0002
    14.48000   0.2793022E+0000   0.1304295E-0015   0.1795435E+0002  -0.8165209E-0003   0.3001641E-0014   0.7327924E-0001  -0.5998474E+0002
    14.48800   0.2793022E+0000   0.3112740E-0015   0.1795441E+0002  -0.8165209E-0003   0.3003132E-0014   0.7330181E-0001  -0.5998477E+0002
    14.49600   0.2793022E+0000   0.4921194E-0015   0.1795447E+0002  -0.8165209E-0003   0.3001099E-0014   0.7332470E-0001  -0.5998479E+0002
    14.50400   0.2793022E+0000   0.4921194E-0015   0.1795453E+0002  -0.8165209E-0003   0.3000448E-0014   0.7334848E-0001  -0.5998482E+0002
    14.51200   0.2793022E+0000  -0.5041540E-0016   0.1795458E+0002  -0.8165209E-0003   0.3000502E-0014   0.7337367E-0001  -0.5998484E+0002
    14.52000   0.2793022E+0000   0.1304295E-0015   0.1795464E+0002  -0.8165209E-0003   0.3001288E-0014   0.7340076E-0001  -0.5998487E+0002
    14.52800   0.2793022E+0000   0.1304295E-0015   0.1795468E+0002  -0.8165209E-0003   0.3001370E-0014   0.7343017E-0001  -0.5998490E+0002
    14.53600   0.2793022E+0000   0.4921194E-0015   0.1795473E+0002  -0.8165209E-0003   0.3002156E-0014   0.7346231E-0001  -0.5998492E+0002
    14.54400   0.2793022E+0000   0.3112744E-0015   0.1795477E+0002  -0.8165209E-0003   0.3001532E-0014   0.7349749E-0001  -0.5998495E+0002
    14.55200   0.2793022E+0000   0.1304295E-0015   0.1795481E+0002  -0.8165209E-0003   0.3001614E-0014   0.7353600E-0001  -0.5998497E+0002
    14.56000   0.2793022E+0000   0.3112744E-0015   0.1795484E+0002  -0.8165209E-0003   0.3000990E-0014   0.7357804E-0001  -0.5998499E+0002
    14.56800   0.2793022E+0000  -0.5041540E-0016   0.1795487E+0002  -0.8165209E-0003   0.3000367E-0014   0.7362376E-0001  -0.5998502E+0002
    14.57600   0.2793022E+0000   0.4921194E-0015   0.1795489E+0002  -0.8165209E-0003   0.3001153E-0014   0.7367324E-0001  -0.5998504E+0002
    14.58400   0.2793022E+0000   0.1304295E-0015   0.1795491E+0002  -0.8165209E-0003   0.2999825E-0014   0.7372650E-0001  -0.5998506E+0002
    14.59200   0.2793022E+0000   0.6729643E-0015   0.1795493E+0002  -0.8165209E-0003   0.3000611E-0014   0.7378350E-0001  -0.5998509E+0002
    14.60000   0.2793022E+0000   0.3112744E-0015   0.1795494E+0002  -0.8165209E-0003   0.2999987E-0014   0.7384412E-0001  -0.5998511E+0002
    14.60800   0.2793022E+0000   0.3112744E-0015   0.1795495E+0002  -0.8165209E-0003   0.3000773E-0014   0.7390820E-0001  -0.5998513E+0002
    14.61600   0.2793022E+0000   0.3112744E-0015   0.1795495E+0002  -0.8165209E-0003   0.3001560E-0014   0.7397554E-0001  -0.5998515E+0002
    14.62400   0.2793022E+0000   0.4921194E-0015   0.1795495E+0002  -0.8165209E-0003   0.3001614E-0014   0.7404588E-0001  -0.5998517E+0002
    14.63200   0.2793022E+0000   0.1304295E-0015   0.1795494E+0002  -0.8165209E-0003   0.2999581E-0014   0.7411891E-0001  -0.5998519E+0002
    14.64000   0.2793022E+0000   0.3112744E-0015   0.1795493E+0002  -0.8165209E-0003   0.3001045E-0014   0.7419431E-0001  -0.5998521E+0002
    14.64800   0.2793022E+0000   0.3112744E-0015   0.1795491E+0002  -0.8165209E-0003   0.3001099E-0014   0.7427172E-0001  -0.5998523E+0002
    14.65600   0.2793022E+0000   0.1304295E-0015   0.1795489E+0002  -0.8165209E-0003   0.3000475E-0014   0.7435076E-0001  -0.5998525E+0002
    14.66400   0.2793022E+0000   0.3112744E-0015   0.1795486E+0002  -0.8165209E-0003   0.3000530E-0014   0.7443105E-0001  -0.5998527E+0002
    14.67200   0.2793022E+0000   0.1304295E-0015   0.1795482E+0002  -0.8165209E-0003   0.3001316E-0014   0.7451220E-0001  -0.5998528E+0002
    14.68000   0.2793022E+0000  -0.5042895E-0016   0.1795479E+0002  -0.8165209E-0003   0.2999283E-0014   0.7459382E-0001  -0.5998530E+0002
    14.68800   0.2793022E+0000   0.3112609E-0015   0.1795474E+0002  -0.8165209E-0003   0.3002183E-0014   0.7467554E-0001  -0.5998532E+0002
    14.69600   0.2793022E+0000   0.1304160E-0015   0.1795469E+0002  -0.8165209E-0003   0.3001532E-0014   0.7475698E-0001  -0.5998533E+0002
    14.70400   0.2793022E+0000   0.1304160E-0015   0.1795464E+0002  -0.8165209E-0003   0.3003728E-0014   0.7483780E-0001  -0.5998535E+0002
    14.71200   0.2793022E+0000   0.3112609E-0015   0.1795458E+0002  -0.8165209E-0003   0.3001695E-0014   0.7491765E-0001  -0.5998536E+0002
    14.72000   0.2793022E+0000   0.1304160E-0015   0.1795452E+0002  -0.8165209E-0003   0.3000367E-0014   0.7499621E-0001  -0.5998538E+0002
    14.72800   0.2793022E+0000   0.1304160E-0015   0.1795446E+0002  -0.8165209E-0003   0.3001153E-0014   0.7507320E-0001  -0.5998539E+0002
    14.73600   0.2793022E+0000  -0.5042895E-0016   0.1795439E+0002  -0.8165209E-0003   0.2999825E-0014   0.7514833E-0001  -0.5998540E+0002
    14.74400   0.2793022E+0000   0.1304160E-0015   0.1795431E+0002  -0.8165209E-0003   0.3001316E-0014   0.7522133E-0001  -0.5998541E+0002
    14.75200   0.2793022E+0000   0.1304160E-0015   0.1795424E+0002  -0.8165209E-0003   0.3003511E-0014   0.7529195E-0001  -0.5998542E+0002
    14.76000   0.2793022E+0000   0.1304160E-0015   0.1795416E+0002  -0.8165209E-0003   0.3000746E-0014   0.7535993E-0001  -0.5998543E+0002
    14.76800   0.2793022E+0000   0.1304160E-0015   0.1795408E+0002  -0.8165209E-0003   0.3002942E-0014   0.7542505E-0001  -0.5998543E+0002
    14.77600   0.2793022E+0000   0.6729507E-0015   0.1795399E+0002  -0.8165209E-0003   0.3003023E-0014   0.7548706E-0001  -0.5998544E+0002
    14.78400   0.2793022E+0000   0.3112609E-0015   0.1795390E+0002  -0.8165209E-0003   0.3004514E-0014   0.7554572E-0001  -0.5998544E+0002
    14.79200   0.2793022E+0000   0.1304160E-0015   0.1795381E+0002  -0.8165209E-0003   0.3003891E-0014   0.7560079E-0001  -0.5998545E+0002
    14.80000   0.2793022E+0000   0.4921058E-0015   0.1795372E+0002  -0.8165209E-0003   0.3002562E-0014   0.7565201E-0001  -0.5998545E+0002
    14.80800   0.2793022E+0000   0.4921058E-0015   0.1795363E+0002  -0.8165209E-0003   0.3001912E-0014   0.7569911E-0001  -0.5998545E+0002
    14.81600   0.2793022E+0000   0.6729507E-0015   0.1795353E+0002  -0.8165209E-0003   0.3004107E-0014   0.7574182E-0001  -0.5998545E+0002
    14.82400   0.2793022E+0000   0.4921058E-0015   0.1795344E+0002  -0.8165209E-0003   0.3002061E-0014   0.7577983E-0001  -0.5998545E+0002
    14.83200   0.2793022E+0000   0.4921058E-0015   0.1795334E+0002  -0.8165209E-0003   0.3004975E-0014   0.7581283E-0001  -0.5998545E+0002
    14.84000   0.2793022E+0000   0.1304160E-0015   0.1795324E+0002  -0.8165209E-0003   0.3001519E-0014   0.7584050E-0001  -0.5998545E+0002
    14.84800   0.2793022E+0000   0.1304160E-0015   0.1795314E+0002  -0.8165209E-0003   0.3002305E-0014   0.7586249E-0001  -0.5998545E+0002
    14.85600   0.2793022E+0000  -0.2312739E-0015   0.1795304E+0002  -0.8165209E-0003   0.3004500E-0014   0.7587845E-0001  -0.5998545E+0002
    14.86400   0.2793022E+0000  -0.5042895E-0016   0.1795293E+0002  -0.8165209E-0003   0.3003159E-0014   0.7588802E-0001  -0.5998546E+0002
    14.87200   0.2793022E+0000   0.1304160E-0015   0.1795283E+0002  -0.8165209E-0003   0.3002535E-0014   0.7589082E-0001  -0.5998546E+0002
    14.88000   0.2793022E+0000   0.3112609E-0015   0.1795272E+0002  -0.8165209E-0003   0.3004731E-0014   0.7588649E-0001  -0.5998546E+0002
    14.88800   0.2793022E+0000   0.4921058E-0015   0.1795262E+0002  -0.8165209E-0003   0.3004107E-0014   0.7587465E-0001  -0.5998547E+0002
    14.89600   0.2793022E+0000  -0.5042895E-0016   0.1795251E+0002  -0.8165209E-0003   0.3004893E-0014   0.7585495E-0001  -0.5998548E+0002
    14.90400   0.2793022E+0000   0.1304160E-0015   0.1795241E+0002  -0.8165209E-0003   0.3003552E-0014   0.7582704E-0001  -0.5998549E+0002
    14.91200   0.2793022E+0000   0.3112609E-0015   0.1795230E+0002  -0.8165209E-0003   0.3003633E-0014   0.7579059E-0001  -0.5998550E+0002
    14.92000   0.2793022E+0000   0.1304160E-0015   0.1795219E+0002  -0.8165209E-0003   0.3003708E-0014   0.7574529E-0001  -0.5998551E+0002
    14.92800   0.2793022E+0000   0.4921058E-0015   0.1795209E+0002  -0.8165209E-0003   0.3005192E-0014   0.7569086E-0001  -0.5998553E+0002
    14.93600   0.2793022E+0000   0.1304160E-0015   0.1795198E+0002  -0.8165209E-0003   0.3005266E-0014   0.7562707E-0001  -0.5998555E+0002
    14.94400   0.2793022E+0000   0.1304160E-0015   0.1795187E+0002  -0.8165209E-0003   0.3006757E-0014   0.7555369E-0001  -0.5998557E+0002
    14.95200   0.2793022E+0000   0.3112473E-0015   0.1795176E+0002  -0.8165209E-0003   0.3004006E-0014   0.7547059E-0001  -0.5998559E+0002
    14.96000   0.2793022E+0000   0.3112473E-0015   0.1795166E+0002  -0.8165209E-0003   0.3006906E-0014   0.7537763E-0001  -0.5998562E+0002
    14.96800   0.2793022E+0000   0.4920923E-0015   0.1795155E+0002  -0.8165209E-0003   0.3005568E-0014   0.7527475E-0001  -0.5998565E+0002
    14.97600   0.2793022E+0000   0.1304024E-0015   0.1795145E+0002  -0.8165209E-0003   0.3006347E-0014   0.7516196E-0001  -0.5998568E+0002
    14.98400   0.2793022E+0000   0.6729372E-0015   0.1795134E+0002  -0.8165209E-0003   0.3005717E-0014   0.7503929E-0001  -0.5998572E+0002
    14.99200   0.2793022E+0000   0.1304024E-0015   0.1795124E+0002  -0.8165209E-0003   0.3005795E-0014   0.7490685E-0001  -0.5998575E+0002
    15.00000   0.2793022E+0000   0.3112473E-0015   0.1795113E+0002  -0.8165209E-0003   0.3006576E-0014   0.7476482E-0001  -0.5998579E+0002
    15.00800   0.2793022E+0000   0.4920923E-0015   0.1795103E+0002  -0.8165209E-0003   0.3006651E-0014   0.7461343E-0001  -0.5998583E+0002
    15.01600   0.2793022E+0000   0.1304024E-0015   0.1795093E+0002  -0.8165209E-0003   0.3006020E-0014   0.7445296E-0001  -0.5998587E+0002
    15.02400   0.2793022E+0000  -0.2312874E-0015   0.1795083E+0002  -0.8165209E-0003   0.3006803E-0014   0.7428378E-0001  -0.5998591E+0002
    15.03200   0.2793022E+0000  -0.2312874E-0015   0.1795074E+0002  -0.8165209E-0003   0.3004760E-0014   0.7410630E-0001  -0.5998596E+0002
    15.04000   0.2793022E+0000   0.6729372E-0015   0.1795064E+0002  -0.8165209E-0003   0.3006250E-0014   0.7392099E-0001  -0.5998600E+0002
    15.04800   0.2793022E+0000   0.4920923E-0015   0.1795054E+0002  -0.8165209E-0003   0.3007033E-0014   0.7372838E-0001  -0.5998604E+0002
    15.05600   0.2793022E+0000   0.3112473E-0015   0.1795045E+0002  -0.8165209E-0003   0.3006405E-0014   0.7352904E-0001  -0.5998609E+0002
    15.06400   0.2793022E+0000   0.4920923E-0015   0.1795036E+0002  -0.8165209E-0003   0.3006482E-0014   0.7332357E-0001  -0.5998613E+0002
    15.07200   0.2793022E+0000   0.6729372E-0015   0.1795027E+0002  -0.8165209E-0003   0.3007973E-0014   0.7311264E-0001  -0.5998618E+0002
    15.08000   0.2793022E+0000   0.4920923E-0015   0.1795018E+0002  -0.8165209E-0003   0.3008051E-0014   0.7289692E-0001  -0.5998622E+0002
    15.08800   0.2793022E+0000   0.3112473E-0015   0.1795009E+0002  -0.8165209E-0003   0.3006716E-0014   0.7267710E-0001  -0.5998626E+0002
    15.09600   0.2793022E+0000   0.1304024E-0015   0.1795000E+0002  -0.8165209E-0003   0.3008207E-0014   0.7245389E-0001  -0.5998630E+0002
    15.10400   0.2793022E+0000   0.3112473E-0015   0.1794991E+0002  -0.8165209E-0003   0.3008990E-0014   0.7222800E-0001  -0.5998634E+0002
    15.11200   0.2793022E+0000   0.3112473E-0015   0.1794982E+0002  -0.8165209E-0003   0.3009772E-0014   0.7200011E-0001  -0.5998638E+0002
    15.12000   0.2793022E+0000   0.4920923E-0015   0.1794974E+0002  -0.8165209E-0003   0.3011263E-0014   0.7177092E-0001  -0.5998641E+0002
    15.12800   0.2793022E+0000  -0.5044251E-0016   0.1794965E+0002  -0.8165209E-0003   0.3009223E-0014   0.7154106E-0001  -0.5998645E+0002
    15.13600   0.2793022E+0000   0.3112473E-0015   0.1794956E+0002  -0.8165209E-0003   0.3009305E-0014   0.7131114E-0001  -0.5998648E+0002
    15.14400   0.2793022E+0000   0.1304024E-0015   0.1794947E+0002  -0.8165209E-0003   0.3009379E-0014   0.7108173E-0001  -0.5998651E+0002
    15.15200   0.2793022E+0000   0.1304024E-0015   0.1794938E+0002  -0.8165209E-0003   0.3009461E-0014   0.7085334E-0001  -0.5998654E+0002
    15.16000   0.2793022E+0000   0.4920923E-0015   0.1794929E+0002  -0.8165209E-0003   0.3012361E-0014   0.7062640E-0001  -0.5998657E+0002
    15.16800   0.2793022E+0000   0.4920923E-0015   0.1794919E+0002  -0.8165209E-0003   0.3008905E-0014   0.7040129E-0001  -0.5998660E+0002
    15.17600   0.2793022E+0000   0.1304024E-0015   0.1794909E+0002  -0.8165209E-0003   0.3009684E-0014   0.7017834E-0001  -0.5998662E+0002
    15.18400   0.2793022E+0000   0.3112473E-0015   0.1794900E+0002  -0.8165209E-0003   0.3009766E-0014   0.6995776E-0001  -0.5998665E+0002
    15.19200   0.2793022E+0000  -0.2312874E-0015   0.1794889E+0002  -0.8165209E-0003   0.3009840E-0014   0.6973972E-0001  -0.5998667E+0002
    15.20000   0.2793022E+0000   0.4920923E-0015   0.1794879E+0002  -0.8165209E-0003   0.3011331E-0014   0.6952430E-0001  -0.5998669E+0002
    15.20800   0.2793022E+0000  -0.5044251E-0016   0.1794868E+0002  -0.8165209E-0003   0.3009291E-0014   0.6931152E-0001  -0.5998671E+0002
    15.21600   0.2793022E+0000   0.6729372E-0015   0.1794857E+0002  -0.8165209E-0003   0.3012191E-0014   0.6910131E-0001  -0.5998673E+0002
    15.22400   0.2793022E+0000   0.4920923E-0015   0.1794846E+0002  -0.8165209E-0003   0.3009440E-0014   0.6889356E-0001  -0.5998675E+0002
    15.23200   0.2793022E+0000  -0.2312874E-0015   0.1794835E+0002  -0.8165209E-0003   0.3012341E-0014   0.6868809E-0001  -0.5998677E+0002
    15.24000   0.2793022E+0000   0.3112473E-0015   0.1794823E+0002  -0.8165209E-0003   0.3011006E-0014   0.6848467E-0001  -0.5998679E+0002
    15.24800   0.2793022E+0000   0.3112473E-0015   0.1794810E+0002  -0.8165209E-0003   0.3013201E-0014   0.6828301E-0001  -0.5998681E+0002
    15.25600   0.2793022E+0000   0.4920923E-0015   0.1794798E+0002  -0.8165209E-0003   0.3011859E-0014   0.6808282E-0001  -0.5998683E+0002
    15.26400   0.2793022E+0000   0.1304024E-0015   0.1794785E+0002  -0.8165209E-0003   0.3011934E-0014   0.6788375E-0001  -0.5998684E+0002
    15.27200   0.2793022E+0000   0.6729372E-0015   0.1794772E+0002  -0.8165209E-0003   0.3014834E-0014   0.6768547E-0001  -0.5998686E+0002
    15.28000   0.2793022E+0000   0.1304024E-0015   0.1794759E+0002  -0.8165209E-0003   0.3014909E-0014   0.6748762E-0001  -0.5998688E+0002
    15.28800   0.2793022E+0000   0.3112473E-0015   0.1794746E+0002  -0.8165209E-0003   0.3012164E-0014   0.6728986E-0001  -0.5998690E+0002
    15.29600   0.2793022E+0000   0.3112473E-0015   0.1794732E+0002  -0.8165209E-0003   0.3012246E-0014   0.6709186E-0001  -0.5998692E+0002
    15.30400   0.2793022E+0000   0.3112473E-0015   0.1794719E+0002  -0.8165209E-0003   0.3012327E-0014   0.6689332E-0001  -0.5998694E+0002
    15.31200   0.2793022E+0000   0.3112473E-0015   0.1794705E+0002  -0.8165209E-0003   0.3012402E-0014   0.6669397E-0001  -0.5998696E+0002
    15.32000   0.2793022E+0000   0.4920923E-0015   0.1794691E+0002  -0.8165209E-0003   0.3013892E-0014   0.6649360E-0001  -0.5998698E+0002
    15.32800   0.2793022E+0000   0.1304024E-0015   0.1794678E+0002  -0.8165209E-0003   0.3014675E-0014   0.6629203E-0001  -0.5998700E+0002
    15.33600   0.2793022E+0000  -0.5044251E-0016   0.1794664E+0002  -0.8165209E-0003   0.3012632E-0014   0.6608916E-0001  -0.5998702E+0002
    15.34400   0.2793022E+0000   0.1304024E-0015   0.1794650E+0002  -0.8165209E-0003   0.3014123E-0014   0.6588493E-0001  -0.5998704E+0002
    15.35200   0.2793022E+0000  -0.5044251E-0016   0.1794637E+0002  -0.8165209E-0003   0.3015610E-0014   0.6567937E-0001  -0.5998706E+0002
    15.36000   0.2793022E+0000   0.1304024E-0015   0.1794624E+0002  -0.8165209E-0003   0.3014980E-0014   0.6547257E-0001  -0.5998708E+0002
    15.36800   0.2793022E+0000   0.3112473E-0015   0.1794611E+0002  -0.8165209E-0003   0.3012232E-0014   0.6526469E-0001  -0.5998710E+0002
    15.37600   0.2793022E+0000   0.1304024E-0015   0.1794599E+0002  -0.8165209E-0003   0.3012310E-0014   0.6505598E-0001  -0.5998712E+0002
    15.38400   0.2793022E+0000  -0.5044251E-0016   0.1794586E+0002  -0.8165209E-0003   0.3013093E-0014   0.6484672E-0001  -0.5998713E+0002
    15.39200   0.2793022E+0000   0.3112473E-0015   0.1794574E+0002  -0.8165209E-0003   0.3013875E-0014   0.6463730E-0001  -0.5998715E+0002
    15.40000   0.2793022E+0000   0.6729372E-0015   0.1794563E+0002  -0.8165209E-0003   0.3015363E-0014   0.6442816E-0001  -0.5998716E+0002
    15.40800   0.2793022E+0000   0.1304024E-0015   0.1794552E+0002  -0.8165209E-0003   0.3016854E-0014   0.6421977E-0001  -0.5998718E+0002
    15.41600   0.2793022E+0000  -0.2312874E-0015   0.1794541E+0002  -0.8165209E-0003   0.3014102E-0014   0.6401269E-0001  -0.5998719E+0002
    15.42400   0.2793022E+0000   0.1304024E-0015   0.1794531E+0002  -0.8165209E-0003   0.3015591E-0014   0.6380751E-0001  -0.5998720E+0002
    15.43200   0.2793022E+0000   0.4920923E-0015   0.1794522E+0002  -0.8165209E-0003   0.3014255E-0014   0.6360484E-0001  -0.5998721E+0002
    15.44000   0.2793022E+0000   0.3112473E-0015   0.1794513E+0002  -0.8165209E-0003   0.3015039E-0014   0.6340533E-0001  -0.5998721E+0002
    15.44800   0.2793022E+0000   0.3112473E-0015   0.1794504E+0002  -0.8165209E-0003   0.3013703E-0014   0.6320965E-0001  -0.5998722E+0002
    15.45600   0.2793022E+0000  -0.2312874E-0015   0.1794496E+0002  -0.8165209E-0003   0.3015192E-0014   0.6301845E-0001  -0.5998722E+0002
    15.46400   0.2793022E+0000   0.1304024E-0015   0.1794489E+0002  -0.8165209E-0003   0.3015269E-0014   0.6283241E-0001  -0.5998722E+0002
    15.47200   0.2793022E+0000   0.8537821E-0015   0.1794482E+0002  -0.8165209E-0003   0.3016052E-0014   0.6265216E-0001  -0.5998722E+0002
    15.48000   0.2793022E+0000   0.3112473E-0015   0.1794475E+0002  -0.8165209E-0003   0.3015420E-0014   0.6247835E-0001  -0.5998721E+0002
    15.48800   0.2793022E+0000   0.6729372E-0015   0.1794469E+0002  -0.8165209E-0003   0.3016910E-0014   0.6231156E-0001  -0.5998720E+0002
    15.49600   0.2793022E+0000  -0.2312874E-0015   0.1794464E+0002  -0.8165209E-0003   0.3016279E-0014   0.6215233E-0001  -0.5998719E+0002
    15.50400   0.2793022E+0000   0.3112473E-0015   0.1794459E+0002  -0.8165209E-0003   0.3015649E-0014   0.6200117E-0001  -0.5998718E+0002
    15.51200   0.2793022E+0000   0.4920923E-0015   0.1794455E+0002  -0.8165209E-0003   0.3015725E-0014   0.6185853E-0001  -0.5998716E+0002
    15.52000   0.2793022E+0000  -0.5044251E-0016   0.1794451E+0002  -0.8165209E-0003   0.3015803E-0014   0.6172478E-0001  -0.5998715E+0002
    15.52800   0.2793022E+0000   0.3112473E-0015   0.1794448E+0002  -0.8165209E-0003   0.3016586E-0014   0.6160023E-0001  -0.5998713E+0002
    15.53600   0.2793022E+0000   0.1304024E-0015   0.1794445E+0002  -0.8165209E-0003   0.3017365E-0014   0.6148513E-0001  -0.5998711E+0002
    15.54400   0.2793022E+0000   0.1304024E-0015   0.1794442E+0002  -0.8165209E-0003   0.3013913E-0014   0.6137964E-0001  -0.5998708E+0002
    15.55200   0.2793022E+0000  -0.5044251E-0016   0.1794440E+0002  -0.8165209E-0003   0.3014699E-0014   0.6128384E-0001  -0.5998706E+0002
    15.56000   0.2793022E+0000   0.1304024E-0015   0.1794438E+0002  -0.8165209E-0003   0.3014773E-0014   0.6119776E-0001  -0.5998703E+0002
    15.56800   0.2793022E+0000   0.1303889E-0015   0.1794437E+0002  -0.8165209E-0003   0.3015559E-0014   0.6112133E-0001  -0.5998700E+0002
    15.57600   0.2793022E+0000   0.4920923E-0015   0.1794436E+0002  -0.8165209E-0003   0.3014929E-0014   0.6105439E-0001  -0.5998698E+0002
    15.58400   0.2793022E+0000   0.3112473E-0015   0.1794435E+0002  -0.8165209E-0003   0.3013594E-0014   0.6099675E-0001  -0.5998695E+0002
    15.59200   0.2793022E+0000   0.3112473E-0015   0.1794435E+0002  -0.8165209E-0003   0.3015085E-0014   0.6094812E-0001  -0.5998692E+0002
    15.60000   0.2793022E+0000   0.1304024E-0015   0.1794435E+0002  -0.8165209E-0003   0.3015871E-0014   0.6090815E-0001  -0.5998689E+0002
    15.60800   0.2793022E+0000   0.1304024E-0015   0.1794435E+0002  -0.8165209E-0003   0.3014543E-0014   0.6087643E-0001  -0.5998686E+0002
    15.61600   0.2793022E+0000  -0.2312874E-0015   0.1794435E+0002  -0.8165209E-0003   0.3015329E-0014   0.6085250E-0001  -0.5998683E+0002
    15.62400   0.2793022E+0000   0.8537821E-0015   0.1794435E+0002  -0.8165209E-0003   0.3017524E-0014   0.6083585E-0001  -0.5998680E+0002
    15.63200   0.2793022E+0000   0.6729372E-0015   0.1794436E+0002  -0.8165209E-0003   0.3015478E-0014   0.6082592E-0001  -0.5998677E+0002
    15.64000   0.2793022E+0000   0.1304024E-0015   0.1794437E+0002  -0.8165209E-0003   0.3016264E-0014   0.6082215E-0001  -0.5998674E+0002
    15.64800   0.2793022E+0000   0.1304024E-0015   0.1794438E+0002  -0.8165209E-0003   0.3016332E-0014   0.6082392E-0001  -0.5998671E+0002
    15.65600   0.2793022E+0000   0.4920923E-0015   0.1794440E+0002  -0.8165209E-0003   0.3016400E-0014   0.6083060E-0001  -0.5998668E+0002
    15.66400   0.2793022E+0000   0.4920923E-0015   0.1794441E+0002  -0.8165209E-0003   0.3015763E-0014   0.6084158E-0001  -0.5998665E+0002
    15.67200   0.2793022E+0000   0.4920923E-0015   0.1794442E+0002  -0.8165209E-0003   0.3015126E-0014   0.6085622E-0001  -0.5998662E+0002
    15.68000   0.2793022E+0000   0.3112473E-0015   0.1794444E+0002  -0.8165209E-0003   0.3016616E-0014   0.6087389E-0001  -0.5998660E+0002
    15.68800   0.2793022E+0000   0.6729372E-0015   0.1794446E+0002  -0.8165209E-0003   0.3016698E-0014   0.6089400E-0001  -0.5998657E+0002
    15.69600   0.2793022E+0000   0.4920923E-0015   0.1794448E+0002  -0.8165209E-0003   0.3015370E-0014   0.6091597E-0001  -0.5998654E+0002
    15.70400   0.2793022E+0000  -0.2312874E-0015   0.1794450E+0002  -0.8165209E-0003   0.3016860E-0014   0.6093925E-0001  -0.5998652E+0002
    15.71200   0.2793022E+0000   0.3112473E-0015   0.1794452E+0002  -0.8165209E-0003   0.3014814E-0014   0.6096332E-0001  -0.5998650E+0002
    15.72000   0.2793022E+0000   0.3112473E-0015   0.1794454E+0002  -0.8165209E-0003   0.3015600E-0014   0.6098773E-0001  -0.5998648E+0002
    15.72800   0.2793022E+0000   0.4920923E-0015   0.1794457E+0002  -0.8165209E-0003   0.3014258E-0014   0.6101205E-0001  -0.5998646E+0002
    15.73600   0.2793022E+0000   0.4920923E-0015   0.1794459E+0002  -0.8165209E-0003   0.3017863E-0014   0.6103591E-0001  -0.5998644E+0002
    15.74400   0.2793022E+0000   0.3112473E-0015   0.1794462E+0002  -0.8165209E-0003   0.3015126E-0014   0.6105900E-0001  -0.5998642E+0002
    15.75200   0.2793022E+0000   0.4920923E-0015   0.1794465E+0002  -0.8165209E-0003   0.3015207E-0014   0.6108106E-0001  -0.5998640E+0002
    15.76000   0.2793022E+0000   0.1304024E-0015   0.1794468E+0002  -0.8165209E-0003   0.3015993E-0014   0.6110190E-0001  -0.5998639E+0002
    15.76800   0.2793022E+0000   0.6729372E-0015   0.1794470E+0002  -0.8165209E-0003   0.3015356E-0014   0.6112137E-0001  -0.5998637E+0002
    15.77600   0.2793022E+0000   0.4920923E-0015   0.1794473E+0002  -0.8165209E-0003   0.3016142E-0014   0.6113937E-0001  -0.5998636E+0002
    15.78400   0.2793022E+0000   0.3112473E-0015   0.1794476E+0002  -0.8165209E-0003   0.3015519E-0014   0.6115589E-0001  -0.5998634E+0002
    15.79200   0.2793022E+0000   0.1304024E-0015   0.1794480E+0002  -0.8165209E-0003   0.3015600E-0014   0.6117093E-0001  -0.5998633E+0002
    15.80000   0.2793022E+0000   0.3112473E-0015   0.1794483E+0002  -0.8165209E-0003   0.3013567E-0014   0.6118455E-0001  -0.5998632E+0002
    15.80800   0.2793022E+0000   0.4920923E-0015   0.1794486E+0002  -0.8165209E-0003   0.3014353E-0014   0.6119687E-0001  -0.5998630E+0002
    15.81600   0.2793022E+0000   0.4921194E-0015   0.1794489E+0002  -0.8165209E-0003   0.3015844E-0014   0.6120804E-0001  -0.5998629E+0002
    15.82400   0.2793022E+0000  -0.5041540E-0016   0.1794493E+0002  -0.8165209E-0003   0.3013106E-0014   0.6121823E-0001  -0.5998628E+0002
    15.83200   0.2793022E+0000  -0.2312603E-0015   0.1794496E+0002  -0.8165209E-0003   0.3016006E-0014   0.6122765E-0001  -0.5998626E+0002
    15.84000   0.2793022E+0000   0.1304295E-0015   0.1794499E+0002  -0.8165209E-0003   0.3014678E-0014   0.6123654E-0001  -0.5998625E+0002
    15.84800   0.2793022E+0000   0.4921194E-0015   0.1794503E+0002  -0.8165209E-0003   0.3014055E-0014   0.6124515E-0001  -0.5998624E+0002
    15.85600   0.2793022E+0000   0.3112744E-0015   0.1794506E+0002  -0.8165209E-0003   0.3014841E-0014   0.6125374E-0001  -0.5998622E+0002
    15.86400   0.2793022E+0000   0.1304295E-0015   0.1794509E+0002  -0.8165209E-0003   0.3014922E-0014   0.6126257E-0001  -0.5998621E+0002
    15.87200   0.2793022E+0000   0.6729643E-0015   0.1794513E+0002  -0.8165209E-0003   0.3015004E-0014   0.6127194E-0001  -0.5998619E+0002
    15.88000   0.2793022E+0000  -0.5041540E-0016   0.1794516E+0002  -0.8165209E-0003   0.3015058E-0014   0.6128209E-0001  -0.5998618E+0002
    15.88800   0.2793022E+0000   0.4921194E-0015   0.1794519E+0002  -0.8165209E-0003   0.3015112E-0014   0.6129330E-0001  -0.5998616E+0002
    15.89600   0.2793022E+0000   0.3112744E-0015   0.1794522E+0002  -0.8165209E-0003   0.3016603E-0014   0.6130581E-0001  -0.5998615E+0002
    15.90400   0.2793022E+0000   0.1304295E-0015   0.1794525E+0002  -0.8165209E-0003   0.3016684E-0014   0.6131986E-0001  -0.5998613E+0002
    15.91200   0.2793022E+0000   0.4921194E-0015   0.1794528E+0002  -0.8165209E-0003   0.3015329E-0014   0.6133567E-0001  -0.5998611E+0002
    15.92000   0.2793022E+0000  -0.5041540E-0016   0.1794532E+0002  -0.8165209E-0003   0.3015410E-0014   0.6135345E-0001  -0.5998609E+0002
    15.92800   0.2793022E+0000  -0.5041540E-0016   0.1794535E+0002  -0.8165209E-0003   0.3014787E-0014   0.6137335E-0001  -0.5998607E+0002
    15.93600   0.2793022E+0000  -0.5041540E-0016   0.1794538E+0002  -0.8165209E-0003   0.3014868E-0014   0.6139555E-0001  -0.5998605E+0002
    15.94400   0.2793022E+0000   0.3112744E-0015   0.1794541E+0002  -0.8165209E-0003   0.3014245E-0014   0.6142018E-0001  -0.5998603E+0002
    15.95200   0.2793022E+0000   0.3112744E-0015   0.1794544E+0002  -0.8165209E-0003   0.3015708E-0014   0.6144734E-0001  -0.5998601E+0002
    15.96000   0.2793022E+0000   0.6729643E-0015   0.1794547E+0002  -0.8165209E-0003   0.3014380E-0014   0.6147711E-0001  -0.5998599E+0002
    15.96800   0.2793022E+0000   0.3112744E-0015   0.1794551E+0002  -0.8165209E-0003   0.3015166E-0014   0.6150957E-0001  -0.5998597E+0002
    15.97600   0.2793022E+0000   0.4921194E-0015   0.1794555E+0002  -0.8165209E-0003   0.3015248E-0014   0.6154476E-0001  -0.5998594E+0002
    15.98400   0.2793022E+0000  -0.5041540E-0016   0.1794559E+0002  -0.8165209E-0003   0.3013919E-0014   0.6158271E-0001  -0.5998592E+0002
    15.99200   0.2793022E+0000  -0.2312603E-0015   0.1794563E+0002  -0.8165209E-0003   0.3016115E-0014   0.6162343E-0001  -0.5998590E+0002
    16.00000   0.2793022E+0000   0.1304295E-0015   0.1794567E+0002  -0.8165209E-0003   0.3014787E-0014   0.6166692E-0001  -0.5998588E+0002
    16.00800   0.2793022E+0000   0.3112744E-0015   0.1794572E+0002  -0.8165209E-0003   0.3014841E-0014   0.6171316E-0001  -0.5998585E+0002
    16.01600   0.2793022E+0000   0.1304295E-0015   0.1794578E+0002  -0.8165209E-0003   0.3014922E-0014   0.6176214E-0001  -0.5998583E+0002
    16.02400   0.2793022E+0000   0.4921194E-0015   0.1794584E+0002  -0.8165209E-0003   0.3014299E-0014   0.6181384E-0001  -0.5998581E+0002
    16.03200   0.2793022E+0000   0.1304295E-0015   0.1794590E+0002  -0.8165209E-0003   0.3015085E-0014   0.6186824E-0001  -0.5998579E+0002
    16.04000   0.2793022E+0000   0.6729643E-0015   0.1794597E+0002  -0.8165209E-0003   0.3013757E-0014   0.6192531E-0001  -0.5998577E+0002
    16.04800   0.2793022E+0000   0.1304295E-0015   0.1794605E+0002  -0.8165209E-0003   0.3013811E-0014   0.6198504E-0001  -0.5998575E+0002
    16.05600   0.2793022E+0000   0.4921194E-0015   0.1794614E+0002  -0.8165209E-0003   0.3013892E-0014   0.6204743E-0001  -0.5998573E+0002
    16.06400   0.2793022E+0000   0.3112744E-0015   0.1794623E+0002  -0.8165209E-0003   0.3013974E-0014   0.6211249E-0001  -0.5998571E+0002
    16.07200   0.2793022E+0000   0.4921194E-0015   0.1794633E+0002  -0.8165209E-0003   0.3015464E-0014   0.6218024E-0001  -0.5998569E+0002
    16.08000   0.2793022E+0000   0.1304295E-0015   0.1794644E+0002  -0.8165209E-0003   0.3014109E-0014   0.6225071E-0001  -0.5998567E+0002
    16.08800   0.2793022E+0000   0.6729643E-0015   0.1794656E+0002  -0.8165209E-0003   0.3012781E-0014   0.6232397E-0001  -0.5998565E+0002
    16.09600   0.2793022E+0000  -0.5041540E-0016   0.1794668E+0002  -0.8165209E-0003   0.3012130E-0014   0.6240009E-0001  -0.5998563E+0002
    16.10400   0.2793022E+0000  -0.5041540E-0016   0.1794681E+0002  -0.8165209E-0003   0.3012917E-0014   0.6247917E-0001  -0.5998561E+0002
    16.11200   0.2793022E+0000   0.6729643E-0015   0.1794696E+0002  -0.8165209E-0003   0.3013703E-0014   0.6256134E-0001  -0.5998559E+0002
    16.12000   0.2793022E+0000   0.3112744E-0015   0.1794711E+0002  -0.8165209E-0003   0.3012374E-0014   0.6264672E-0001  -0.5998557E+0002
    16.12800   0.2793022E+0000   0.3112744E-0015   0.1794726E+0002  -0.8165209E-0003   0.3011724E-0014   0.6273549E-0001  -0.5998555E+0002
    16.13600   0.2793022E+0000   0.1304295E-0015   0.1794743E+0002  -0.8165209E-0003   0.3011805E-0014   0.6282780E-0001  -0.5998553E+0002
    16.14400   0.2793022E+0000   0.3112744E-0015   0.1794760E+0002  -0.8165209E-0003   0.3012591E-0014   0.6292387E-0001  -0.5998551E+0002
    16.15200   0.2793022E+0000  -0.2312603E-0015   0.1794778E+0002  -0.8165209E-0003   0.3010558E-0014   0.6302388E-0001  -0.5998549E+0002
    16.16000   0.2793022E+0000   0.3112744E-0015   0.1794797E+0002  -0.8165209E-0003   0.3010640E-0014   0.6312805E-0001  -0.5998547E+0002
    16.16800   0.2793022E+0000   0.8538092E-0015   0.1794816E+0002  -0.8165209E-0003   0.3011426E-0014   0.6323659E-0001  -0.5998545E+0002
    16.17600   0.2793022E+0000   0.3112744E-0015   0.1794836E+0002  -0.8165209E-0003   0.3009366E-0014   0.6334971E-0001  -0.5998543E+0002
    16.18400   0.2793022E+0000   0.4921194E-0015   0.1794857E+0002  -0.8165209E-0003   0.3010152E-0014   0.6346760E-0001  -0.5998541E+0002
    16.19200   0.2793022E+0000   0.3112744E-0015   0.1794877E+0002  -0.8165209E-0003   0.3010938E-0014   0.6359045E-0001  -0.5998538E+0002
    16.20000   0.2793022E+0000   0.4921194E-0015   0.1794899E+0002  -0.8165209E-0003   0.3010314E-0014   0.6371842E-0001  -0.5998536E+0002
    16.20800   0.2793022E+0000   0.3112744E-0015   0.1794920E+0002  -0.8165209E-0003   0.3010396E-0014   0.6385166E-0001  -0.5998533E+0002
    16.21600   0.2793022E+0000   0.4921194E-0015   0.1794941E+0002  -0.8165209E-0003   0.3009772E-0014   0.6399025E-0001  -0.5998531E+0002
    16.22400   0.2793022E+0000   0.3112744E-0015   0.1794963E+0002  -0.8165209E-0003   0.3009854E-0014   0.6413427E-0001  -0.5998528E+0002
    16.23200   0.2793022E+0000  -0.5041540E-0016   0.1794985E+0002  -0.8165209E-0003   0.3009935E-0014   0.6428372E-0001  -0.5998526E+0002
    16.24000   0.2793022E+0000   0.1304295E-0015   0.1795007E+0002  -0.8165209E-0003   0.3008607E-0014   0.6443858E-0001  -0.5998523E+0002
    16.24800   0.2793022E+0000   0.1304295E-0015   0.1795028E+0002  -0.8165209E-0003   0.3008688E-0014   0.6459877E-0001  -0.5998520E+0002
    16.25600   0.2793022E+0000   0.4921194E-0015   0.1795050E+0002  -0.8165209E-0003   0.3008038E-0014   0.6476412E-0001  -0.5998517E+0002
    16.26400   0.2793022E+0000   0.6729643E-0015   0.1795071E+0002  -0.8165209E-0003   0.3006709E-0014   0.6493445E-0001  -0.5998515E+0002
    16.27200   0.2793022E+0000   0.3112744E-0015   0.1795092E+0002  -0.8165209E-0003   0.3006059E-0014   0.6510949E-0001  -0.5998512E+0002
    16.28000   0.2793022E+0000   0.1304295E-0015   0.1795112E+0002  -0.8165209E-0003   0.3007550E-0014   0.6528891E-0001  -0.5998509E+0002
    16.28800   0.2793022E+0000   0.3112744E-0015   0.1795133E+0002  -0.8165209E-0003   0.3006926E-0014   0.6547232E-0001  -0.5998506E+0002
    16.29600   0.2793022E+0000  -0.2312603E-0015   0.1795152E+0002  -0.8165209E-0003   0.3006303E-0014   0.6565929E-0001  -0.5998503E+0002
    16.30400   0.2793022E+0000   0.3112744E-0015   0.1795171E+0002  -0.8165209E-0003   0.3009203E-0014   0.6584933E-0001  -0.5998501E+0002
    16.31200   0.2793022E+0000   0.1304295E-0015   0.1795190E+0002  -0.8165209E-0003   0.3007170E-0014   0.6604188E-0001  -0.5998498E+0002
    16.32000   0.2793022E+0000   0.1304295E-0015   0.1795208E+0002  -0.8165209E-0003   0.3007252E-0014   0.6623637E-0001  -0.5998495E+0002
    16.32800   0.2793022E+0000   0.3112744E-0015   0.1795226E+0002  -0.8165209E-0003   0.3008038E-0014   0.6643218E-0001  -0.5998493E+0002
    16.33600   0.2793022E+0000   0.4921194E-0015   0.1795242E+0002  -0.8165209E-0003   0.3007414E-0014   0.6662864E-0001  -0.5998491E+0002
    16.34400   0.2793022E+0000   0.1304295E-0015   0.1795258E+0002  -0.8165209E-0003   0.3006086E-0014   0.6682509E-0001  -0.5998488E+0002
    16.35200   0.2793022E+0000   0.4921194E-0015   0.1795274E+0002  -0.8165209E-0003   0.3005463E-0014   0.6702083E-0001  -0.5998487E+0002
    16.36000   0.2793022E+0000   0.1304295E-0015   0.1795289E+0002  -0.8165209E-0003   0.3005517E-0014   0.6721518E-0001  -0.5998485E+0002
    16.36800   0.2793022E+0000   0.4921194E-0015   0.1795302E+0002  -0.8165209E-0003   0.3004866E-0014   0.6740744E-0001  -0.5998483E+0002
    16.37600   0.2793022E+0000   0.1304295E-0015   0.1795316E+0002  -0.8165209E-0003   0.3005652E-0014   0.6759694E-0001  -0.5998482E+0002
    16.38400   0.2793022E+0000   0.4921194E-0015   0.1795328E+0002  -0.8165209E-0003   0.3005015E-0014   0.6778300E-0001  -0.5998481E+0002
    16.39200   0.2793022E+0000   0.1304295E-0015   0.1795340E+0002  -0.8165209E-0003   0.3005801E-0014   0.6796501E-0001  -0.5998480E+0002
    16.40000   0.2793022E+0000  -0.5041540E-0016   0.1795350E+0002  -0.8165209E-0003   0.3003755E-0014   0.6814236E-0001  -0.5998479E+0002
    16.40800   0.2793022E+0000   0.3112744E-0015   0.1795361E+0002  -0.8165209E-0003   0.3004541E-0014   0.6831448E-0001  -0.5998479E+0002
    16.41600   0.2793022E+0000   0.3112744E-0015   0.1795370E+0002  -0.8165209E-0003   0.3003904E-0014   0.6848086E-0001  -0.5998479E+0002
    16.42400   0.2793022E+0000   0.3112744E-0015   0.1795379E+0002  -0.8165209E-0003   0.3006100E-0014   0.6864105E-0001  -0.5998479E+0002
    16.43200   0.2793022E+0000   0.3112744E-0015   0.1795386E+0002  -0.8165209E-0003   0.3005463E-0014   0.6879463E-0001  -0.5998479E+0002
    16.44000   0.2793022E+0000   0.6729643E-0015   0.1795394E+0002  -0.8165209E-0003   0.3002711E-0014   0.6894125E-0001  -0.5998480E+0002
    16.44800   0.2793022E+0000   0.3112744E-0015   0.1795400E+0002  -0.8165209E-0003   0.3004907E-0014   0.6908062E-0001  -0.5998481E+0002
    16.45600   0.2793022E+0000   0.3112744E-0015   0.1795406E+0002  -0.8165209E-0003   0.3005693E-0014   0.6921251E-0001  -0.5998482E+0002
    16.46400   0.2793022E+0000   0.1304295E-0015   0.1795411E+0002  -0.8165209E-0003   0.3004351E-0014   0.6933674E-0001  -0.5998484E+0002
    16.47200   0.2793022E+0000   0.6729643E-0015   0.1795415E+0002  -0.8165209E-0003   0.3005842E-0014   0.6945322E-0001  -0.5998485E+0002
    16.48000   0.2793022E+0000   0.4921194E-0015   0.1795419E+0002  -0.8165209E-0003   0.3005917E-0014   0.6956190E-0001  -0.5998487E+0002
    16.48800   0.2793022E+0000   0.1304295E-0015   0.1795422E+0002  -0.8165209E-0003   0.3001749E-0014   0.6966277E-0001  -0.5998489E+0002
    16.49600   0.2793022E+0000   0.4921194E-0015   0.1795425E+0002  -0.8165209E-0003   0.3003945E-0014   0.6975591E-0001  -0.5998491E+0002
    16.50400   0.2793022E+0000   0.3112744E-0015   0.1795427E+0002  -0.8165209E-0003   0.3002603E-0014   0.6984144E-0001  -0.5998493E+0002
    16.51200   0.2793022E+0000   0.1304295E-0015   0.1795429E+0002  -0.8165209E-0003   0.3001973E-0014   0.6991950E-0001  -0.5998495E+0002
    16.52000   0.2793022E+0000  -0.5041540E-0016   0.1795430E+0002  -0.8165209E-0003   0.3003457E-0014   0.6999032E-0001  -0.5998498E+0002
    16.52800   0.2793022E+0000   0.3112744E-0015   0.1795431E+0002  -0.8165209E-0003   0.3002827E-0014   0.7005414E-0001  -0.5998500E+0002
    16.53600   0.2793022E+0000   0.1304295E-0015   0.1795432E+0002  -0.8165209E-0003   0.3002901E-0014   0.7011124E-0001  -0.5998502E+0002
    16.54400   0.2793022E+0000   0.3112744E-0015   0.1795432E+0002  -0.8165209E-0003   0.3001566E-0014   0.7016194E-0001  -0.5998505E+0002
    16.55200   0.2793022E+0000   0.3112744E-0015   0.1795432E+0002  -0.8165209E-0003   0.3002349E-0014   0.7020658E-0001  -0.5998507E+0002
    16.56000   0.2793022E+0000   0.1304295E-0015   0.1795431E+0002  -0.8165209E-0003   0.3002425E-0014   0.7024554E-0001  -0.5998510E+0002
    16.56800   0.2793022E+0000   0.3112744E-0015   0.1795431E+0002  -0.8165209E-0003   0.3001795E-0014   0.7027919E-0001  -0.5998512E+0002
    16.57600   0.2793022E+0000  -0.5041540E-0016   0.1795430E+0002  -0.8165209E-0003   0.3002578E-0014   0.7030794E-0001  -0.5998514E+0002
    16.58400   0.2793022E+0000   0.6729643E-0015   0.1795429E+0002  -0.8165209E-0003   0.3001947E-0014   0.7033222E-0001  -0.5998517E+0002
    16.59200   0.2793022E+0000   0.3112744E-0015   0.1795429E+0002  -0.8165209E-0003   0.3002729E-0014   0.7035245E-0001  -0.5998519E+0002
    16.60000   0.2793022E+0000   0.6729643E-0015   0.1795428E+0002  -0.8165209E-0003   0.3003512E-0014   0.7036909E-0001  -0.5998521E+0002
    16.60800   0.2793022E+0000  -0.5041540E-0016   0.1795427E+0002  -0.8165209E-0003   0.3002176E-0014   0.7038257E-0001  -0.5998523E+0002
    16.61600   0.2793022E+0000   0.1304295E-0015   0.1795426E+0002  -0.8165209E-0003   0.3003665E-0014   0.7039336E-0001  -0.5998525E+0002
    16.62400   0.2793022E+0000   0.1304295E-0015   0.1795425E+0002  -0.8165209E-0003   0.3004448E-0014   0.7040191E-0001  -0.5998527E+0002
    16.63200   0.2793022E+0000  -0.2312603E-0015   0.1795425E+0002  -0.8165209E-0003   0.3001700E-0014   0.7040870E-0001  -0.5998528E+0002
    16.64000   0.2793022E+0000   0.3112744E-0015   0.1795425E+0002  -0.8165209E-0003   0.3002483E-0014   0.7041420E-0001  -0.5998530E+0002
    16.64800   0.2793022E+0000   0.3112744E-0015   0.1795424E+0002  -0.8165209E-0003   0.3004678E-0014   0.7041888E-0001  -0.5998531E+0002
    16.65600   0.2793022E+0000   0.3112744E-0015   0.1795424E+0002  -0.8165209E-0003   0.3001929E-0014   0.7042320E-0001  -0.5998533E+0002
    16.66400   0.2793022E+0000   0.6729643E-0015   0.1795425E+0002  -0.8165209E-0003   0.3004832E-0014   0.7042765E-0001  -0.5998534E+0002
    16.67200   0.2793022E+0000   0.3112744E-0015   0.1795425E+0002  -0.8165209E-0003   0.3002789E-0014   0.7043270E-0001  -0.5998535E+0002
    16.68000   0.2793022E+0000  -0.5041540E-0016   0.1795426E+0002  -0.8165209E-0003   0.3003572E-0014   0.7043881E-0001  -0.5998537E+0002
    16.68800   0.2793022E+0000   0.3112744E-0015   0.1795427E+0002  -0.8165209E-0003   0.3005063E-0014   0.7044645E-0001  -0.5998538E+0002
    16.69600   0.2793022E+0000   0.3112744E-0015   0.1795428E+0002  -0.8165209E-0003   0.3002312E-0014   0.7045608E-0001  -0.5998539E+0002
    16.70400   0.2793022E+0000   0.4921194E-0015   0.1795430E+0002  -0.8165209E-0003   0.3003094E-0014   0.7046814E-0001  -0.5998540E+0002
    16.71200   0.2793022E+0000   0.1304295E-0015   0.1795432E+0002  -0.8165209E-0003   0.3003172E-0014   0.7048307E-0001  -0.5998541E+0002
    16.72000   0.2793022E+0000  -0.2312603E-0015   0.1795434E+0002  -0.8165209E-0003   0.3002545E-0014   0.7050129E-0001  -0.5998542E+0002
    16.72800   0.2793022E+0000  -0.5041540E-0016   0.1795436E+0002  -0.8165209E-0003   0.3001915E-0014   0.7052319E-0001  -0.5998543E+0002
    16.73600   0.2793022E+0000   0.1304295E-0015   0.1795439E+0002  -0.8165209E-0003   0.3004111E-0014   0.7054915E-0001  -0.5998543E+0002
    16.74400   0.2793022E+0000   0.3112744E-0015   0.1795442E+0002  -0.8165209E-0003   0.3003481E-0014   0.7057951E-0001  -0.5998544E+0002
    16.75200   0.2793022E+0000   0.4921194E-0015   0.1795444E+0002  -0.8165209E-0003   0.3002142E-0014   0.7061458E-0001  -0.5998545E+0002
    16.76000   0.2793022E+0000   0.4921194E-0015   0.1795448E+0002  -0.8165209E-0003   0.3001512E-0014   0.7065465E-0001  -0.5998546E+0002
    16.76800   0.2793022E+0000  -0.5041540E-0016   0.1795451E+0002  -0.8165209E-0003   0.3002999E-0014   0.7069995E-0001  -0.5998546E+0002
    16.77600   0.2793022E+0000   0.4921194E-0015   0.1795454E+0002  -0.8165209E-0003   0.3001661E-0014   0.7075067E-0001  -0.5998547E+0002
    16.78400   0.2793022E+0000   0.1304295E-0015   0.1795458E+0002  -0.8165209E-0003   0.3003152E-0014   0.7080694E-0001  -0.5998547E+0002
    16.79200   0.2793022E+0000   0.6729643E-0015   0.1795461E+0002  -0.8165209E-0003   0.3001109E-0014   0.7086886E-0001  -0.5998547E+0002
    16.80000   0.2793022E+0000   0.4921194E-0015   0.1795464E+0002  -0.8165209E-0003   0.3001892E-0014   0.7093646E-0001  -0.5998547E+0002
    16.80800   0.2793022E+0000   0.6729643E-0015   0.1795468E+0002  -0.8165209E-0003   0.3001966E-0014   0.7100971E-0001  -0.5998548E+0002
    16.81600   0.2793022E+0000   0.1304295E-0015   0.1795471E+0002  -0.8165209E-0003   0.3002745E-0014   0.7108854E-0001  -0.5998548E+0002
    16.82400   0.2793022E+0000   0.3112744E-0015   0.1795474E+0002  -0.8165209E-0003   0.3002115E-0014   0.7117279E-0001  -0.5998547E+0002
    16.83200   0.2793022E+0000   0.3112744E-0015   0.1795477E+0002  -0.8165209E-0003   0.3001485E-0014   0.7126226E-0001  -0.5998547E+0002
    16.84000   0.2793022E+0000   0.1304295E-0015   0.1795479E+0002  -0.8165209E-0003   0.3003680E-0014   0.7135668E-0001  -0.5998547E+0002
    16.84800   0.2793022E+0000   0.1304295E-0015   0.1795482E+0002  -0.8165209E-0003   0.3001634E-0014   0.7145573E-0001  -0.5998546E+0002
    16.85600   0.2793022E+0000   0.1304295E-0015   0.1795484E+0002  -0.8165209E-0003   0.3002420E-0014   0.7155903E-0001  -0.5998546E+0002
    16.86400   0.2793022E+0000   0.4921194E-0015   0.1795486E+0002  -0.8165209E-0003   0.3001085E-0014   0.7166615E-0001  -0.5998545E+0002
    16.87200   0.2793022E+0000   0.3112744E-0015   0.1795488E+0002  -0.8165209E-0003   0.3001871E-0014   0.7177659E-0001  -0.5998544E+0002
    16.88000   0.2793022E+0000   0.3112744E-0015   0.1795489E+0002  -0.8165209E-0003   0.3002657E-0014   0.7188985E-0001  -0.5998544E+0002
    16.88800   0.2793022E+0000  -0.5041540E-0016   0.1795490E+0002  -0.8165209E-0003   0.3002027E-0014   0.7200534E-0001  -0.5998543E+0002
    16.89600   0.2793022E+0000   0.1304295E-0015   0.1795491E+0002  -0.8165209E-0003   0.3002102E-0014   0.7212248E-0001  -0.5998542E+0002
    16.90400   0.2793022E+0000   0.3112744E-0015   0.1795491E+0002  -0.8165209E-0003   0.3002183E-0014   0.7224063E-0001  -0.5998541E+0002
    16.91200   0.2793022E+0000   0.3112744E-0015   0.1795491E+0002  -0.8165209E-0003   0.3002264E-0014   0.7235916E-0001  -0.5998540E+0002
    16.92000   0.2793022E+0000   0.1304295E-0015   0.1795491E+0002  -0.8165209E-0003   0.3002339E-0014   0.7247740E-0001  -0.5998539E+0002
    16.92800   0.2793022E+0000  -0.5041540E-0016   0.1795491E+0002  -0.8165209E-0003   0.3003118E-0014   0.7259468E-0001  -0.5998538E+0002
    16.93600   0.2793022E+0000   0.1304295E-0015   0.1795490E+0002  -0.8165209E-0003   0.3003199E-0014   0.7271036E-0001  -0.5998537E+0002
    16.94400   0.2793022E+0000   0.3112744E-0015   0.1795489E+0002  -0.8165209E-0003   0.3000455E-0014   0.7282377E-0001  -0.5998536E+0002
    16.95200   0.2793022E+0000   0.1304295E-0015   0.1795488E+0002  -0.8165209E-0003   0.3003355E-0014   0.7293427E-0001  -0.5998535E+0002
    16.96000   0.2793022E+0000   0.6729643E-0015   0.1795487E+0002  -0.8165209E-0003   0.2999906E-0014   0.7304126E-0001  -0.5998534E+0002
    16.96800   0.2793022E+0000   0.3112744E-0015   0.1795485E+0002  -0.8165209E-0003   0.2999981E-0014   0.7314413E-0001  -0.5998533E+0002
    16.97600   0.2793022E+0000   0.3112812E-0015   0.1795484E+0002  -0.8165209E-0003   0.2999357E-0014   0.7324233E-0001  -0.5998533E+0002
    16.98400   0.2793022E+0000   0.3112744E-0015   0.1795482E+0002  -0.8165209E-0003   0.3002251E-0014   0.7333534E-0001  -0.5998532E+0002
    16.99200   0.2793022E+0000   0.6729643E-0015   0.1795481E+0002  -0.8165209E-0003   0.3000916E-0014   0.7342268E-0001  -0.5998532E+0002
    17.00000   0.2793022E+0000   0.3112744E-0015   0.1795479E+0002  -0.8165209E-0003   0.3003111E-0014   0.7350393E-0001  -0.5998532E+0002
    17.00800   0.2793022E+0000   0.4921194E-0015   0.1795477E+0002  -0.8165209E-0003   0.3001065E-0014   0.7357870E-0001  -0.5998531E+0002
    17.01600   0.2793022E+0000   0.1304295E-0015   0.1795475E+0002  -0.8165209E-0003   0.3000435E-0014   0.7364666E-0001  -0.5998531E+0002
    17.02400   0.2793022E+0000   0.3112744E-0015   0.1795473E+0002  -0.8165209E-0003   0.3001925E-0014   0.7370753E-0001  -0.5998532E+0002
    17.03200   0.2793022E+0000   0.4921194E-0015   0.1795471E+0002  -0.8165209E-0003   0.3002000E-0014   0.7376109E-0001  -0.5998532E+0002
    17.04000   0.2793022E+0000   0.4921194E-0015   0.1795470E+0002  -0.8165209E-0003   0.3001370E-0014   0.7380716E-0001  -0.5998532E+0002
    17.04800   0.2793022E+0000   0.3112744E-0015   0.1795468E+0002  -0.8165209E-0003   0.3001444E-0014   0.7384563E-0001  -0.5998533E+0002
    17.05600   0.2793022E+0000   0.1304295E-0015   0.1795466E+0002  -0.8165209E-0003   0.3002935E-0014   0.7387643E-0001  -0.5998534E+0002
    17.06400   0.2793022E+0000   0.1304295E-0015   0.1795464E+0002  -0.8165209E-0003   0.3000184E-0014   0.7389953E-0001  -0.5998534E+0002
    17.07200   0.2793022E+0000   0.4921194E-0015   0.1795462E+0002  -0.8165209E-0003   0.3002379E-0014   0.7391499E-0001  -0.5998535E+0002
    17.08000   0.2793022E+0000  -0.2312603E-0015   0.1795461E+0002  -0.8165209E-0003   0.3000333E-0014   0.7392287E-0001  -0.5998537E+0002
    17.08800   0.2793022E+0000  -0.5041540E-0016   0.1795459E+0002  -0.8165209E-0003   0.3001119E-0014   0.7392329E-0001  -0.5998538E+0002
    17.09600   0.2793022E+0000   0.4921194E-0015   0.1795457E+0002  -0.8165209E-0003   0.2999784E-0014   0.7391642E-0001  -0.5998539E+0002
    17.10400   0.2793022E+0000   0.1304295E-0015   0.1795455E+0002  -0.8165209E-0003   0.3001275E-0014   0.7390245E-0001  -0.5998541E+0002
    17.11200   0.2793022E+0000   0.1304295E-0015   0.1795453E+0002  -0.8165209E-0003   0.3001356E-0014   0.7388161E-0001  -0.5998542E+0002
    17.12000   0.2793022E+0000   0.1304295E-0015   0.1795450E+0002  -0.8165209E-0003   0.3002129E-0014   0.7385416E-0001  -0.5998544E+0002
    17.12800   0.2793022E+0000   0.1304295E-0015   0.1795448E+0002  -0.8165209E-0003   0.3000787E-0014   0.7382038E-0001  -0.5998545E+0002
    17.13600   0.2793022E+0000  -0.5041540E-0016   0.1795446E+0002  -0.8165209E-0003   0.3002983E-0014   0.7378057E-0001  -0.5998547E+0002
    17.14400   0.2793022E+0000   0.3112744E-0015   0.1795443E+0002  -0.8165209E-0003   0.3003064E-0014   0.7373504E-0001  -0.5998549E+0002
    17.15200   0.2793022E+0000   0.4921194E-0015   0.1795440E+0002  -0.8165209E-0003   0.3002440E-0014   0.7368413E-0001  -0.5998551E+0002
    17.16000   0.2793022E+0000   0.4921194E-0015   0.1795437E+0002  -0.8165209E-0003   0.3001099E-0014   0.7362817E-0001  -0.5998553E+0002
    17.16800   0.2793022E+0000   0.1304295E-0015   0.1795434E+0002  -0.8165209E-0003   0.3001180E-0014   0.7356751E-0001  -0.5998555E+0002
    17.17600   0.2793022E+0000   0.4921194E-0015   0.1795430E+0002  -0.8165209E-0003   0.3001261E-0014   0.7350248E-0001  -0.5998557E+0002
    17.18400   0.2793022E+0000   0.4921194E-0015   0.1795426E+0002  -0.8165209E-0003   0.2999920E-0014   0.7343343E-0001  -0.5998559E+0002
    17.19200   0.2793022E+0000  -0.2312603E-0015   0.1795422E+0002  -0.8165209E-0003   0.3000706E-0014   0.7336070E-0001  -0.5998562E+0002
    17.20000   0.2793022E+0000   0.4921194E-0015   0.1795418E+0002  -0.8165209E-0003   0.3004311E-0014   0.7328461E-0001  -0.5998564E+0002
    17.20800   0.2793022E+0000   0.3112744E-0015   0.1795413E+0002  -0.8165209E-0003   0.3000855E-0014   0.7320549E-0001  -0.5998566E+0002
    17.21600   0.2793022E+0000   0.1304295E-0015   0.1795408E+0002  -0.8165209E-0003   0.3005164E-0014   0.7312365E-0001  -0.5998568E+0002
    17.22400   0.2793022E+0000  -0.5041540E-0016   0.1795403E+0002  -0.8165209E-0003   0.3004541E-0014   0.7303938E-0001  -0.5998571E+0002
    17.23200   0.2793022E+0000  -0.5040862E-0016   0.1795398E+0002  -0.8165209E-0003   0.3003918E-0014   0.7295296E-0001  -0.5998573E+0002
    17.24000   0.2793022E+0000   0.1304295E-0015   0.1795392E+0002  -0.8165209E-0003   0.3004704E-0014   0.7286468E-0001  -0.5998575E+0002
    17.24800   0.2793022E+0000  -0.2312603E-0015   0.1795386E+0002  -0.8165209E-0003   0.3004067E-0014   0.7277478E-0001  -0.5998578E+0002
    17.25600   0.2793022E+0000   0.1304295E-0015   0.1795380E+0002  -0.8165209E-0003   0.3003430E-0014   0.7268351E-0001  -0.5998580E+0002
    17.26400   0.2793022E+0000   0.3112744E-0015   0.1795374E+0002  -0.8165209E-0003   0.3003511E-0014   0.7259110E-0001  -0.5998582E+0002
    17.27200   0.2793022E+0000   0.1304295E-0015   0.1795368E+0002  -0.8165209E-0003   0.3005002E-0014   0.7249777E-0001  -0.5998584E+0002
    17.28000   0.2793022E+0000   0.3112744E-0015   0.1795361E+0002  -0.8165209E-0003   0.3003660E-0014   0.7240372E-0001  -0.5998587E+0002
    17.28800   0.2793022E+0000   0.4921194E-0015   0.1795354E+0002  -0.8165209E-0003   0.3002318E-0014   0.7230915E-0001  -0.5998589E+0002
    17.29600   0.2793022E+0000   0.4921194E-0015   0.1795347E+0002  -0.8165209E-0003   0.3002386E-0014   0.7221424E-0001  -0.5998591E+0002
    17.30400   0.2793022E+0000   0.3112609E-0015   0.1795340E+0002  -0.8165209E-0003   0.3004582E-0014   0.7211917E-0001  -0.5998593E+0002
    17.31200   0.2793022E+0000   0.1304295E-0015   0.1795333E+0002  -0.8165209E-0003   0.3004663E-0014   0.7202410E-0001  -0.5998595E+0002
    17.32000   0.2793022E+0000   0.1304295E-0015   0.1795325E+0002  -0.8165209E-0003   0.3005449E-0014   0.7192921E-0001  -0.5998597E+0002
    17.32800   0.2793022E+0000   0.1304295E-0015   0.1795317E+0002  -0.8165209E-0003   0.3002711E-0014   0.7183464E-0001  -0.5998599E+0002
    17.33600   0.2793022E+0000   0.3112744E-0015   0.1795310E+0002  -0.8165209E-0003   0.3005612E-0014   0.7174055E-0001  -0.5998601E+0002
    17.34400   0.2793022E+0000   0.3112744E-0015   0.1795302E+0002  -0.8165209E-0003   0.3003565E-0014   0.7164710E-0001  -0.5998603E+0002
    17.35200   0.2793022E+0000   0.1304295E-0015   0.1795293E+0002  -0.8165209E-0003   0.3002224E-0014   0.7155441E-0001  -0.5998605E+0002
    17.36000   0.2793022E+0000   0.1304295E-0015   0.1795285E+0002  -0.8165209E-0003   0.3005124E-0014   0.7146263E-0001  -0.5998606E+0002
    17.36800   0.2793022E+0000   0.3112744E-0015   0.1795276E+0002  -0.8165209E-0003   0.3005896E-0014   0.7137191E-0001  -0.5998608E+0002
    17.37600   0.2793022E+0000  -0.5041540E-0016   0.1795267E+0002  -0.8165209E-0003   0.3006682E-0014   0.7128236E-0001  -0.5998609E+0002
    17.38400   0.2793022E+0000   0.3112744E-0015   0.1795258E+0002  -0.8165209E-0003   0.3006045E-0014   0.7119412E-0001  -0.5998611E+0002
    17.39200   0.2793022E+0000   0.3112744E-0015   0.1795249E+0002  -0.8165209E-0003   0.3004704E-0014   0.7110730E-0001  -0.5998612E+0002
    17.40000   0.2793022E+0000  -0.5041540E-0016   0.1795240E+0002  -0.8165209E-0003   0.3004771E-0014   0.7102202E-0001  -0.5998613E+0002
    17.40800   0.2793022E+0000   0.4921194E-0015   0.1795230E+0002  -0.8165209E-0003   0.3004134E-0014   0.7093838E-0001  -0.5998614E+0002
    17.41600   0.2793022E+0000   0.3112744E-0015   0.1795220E+0002  -0.8165209E-0003   0.3005625E-0014   0.7085646E-0001  -0.5998615E+0002
    17.42400   0.2793022E+0000   0.3112744E-0015   0.1795210E+0002  -0.8165209E-0003   0.3006411E-0014   0.7077635E-0001  -0.5998616E+0002
    17.43200   0.2793022E+0000   0.1304295E-0015   0.1795200E+0002  -0.8165209E-0003   0.3007197E-0014   0.7069810E-0001  -0.5998616E+0002
    17.44000   0.2793022E+0000   0.1304295E-0015   0.1795189E+0002  -0.8165209E-0003   0.3007265E-0014   0.7062176E-0001  -0.5998617E+0002
    17.44800   0.2793022E+0000   0.3112744E-0015   0.1795179E+0002  -0.8165209E-0003   0.3007346E-0014   0.7054737E-0001  -0.5998617E+0002
    17.45600   0.2793022E+0000  -0.5041540E-0016   0.1795168E+0002  -0.8165209E-0003   0.3006723E-0014   0.7047492E-0001  -0.5998618E+0002
    17.46400   0.2793022E+0000  -0.5041540E-0016   0.1795157E+0002  -0.8165209E-0003   0.3007496E-0014   0.7040441E-0001  -0.5998618E+0002
    17.47200   0.2793022E+0000   0.3112744E-0015   0.1795146E+0002  -0.8165209E-0003   0.3007577E-0014   0.7033581E-0001  -0.5998619E+0002
    17.48000   0.2793022E+0000   0.3112744E-0015   0.1795134E+0002  -0.8165209E-0003   0.3007658E-0014   0.7026905E-0001  -0.5998619E+0002
    17.48800   0.2793022E+0000  -0.5041540E-0016   0.1795123E+0002  -0.8165209E-0003   0.3008444E-0014   0.7020407E-0001  -0.5998619E+0002
    17.49600   0.2793022E+0000   0.1304295E-0015   0.1795112E+0002  -0.8165209E-0003   0.3007102E-0014   0.7014078E-0001  -0.5998619E+0002
    17.50400   0.2793022E+0000  -0.5041540E-0016   0.1795100E+0002  -0.8165209E-0003   0.3007875E-0014   0.7007906E-0001  -0.5998620E+0002
    17.51200   0.2793022E+0000  -0.5041540E-0016   0.1795089E+0002  -0.8165209E-0003   0.3006533E-0014   0.7001879E-0001  -0.5998620E+0002
    17.52000   0.2793022E+0000  -0.5041540E-0016   0.1795078E+0002  -0.8165209E-0003   0.3008729E-0014   0.6995982E-0001  -0.5998620E+0002
    17.52800   0.2793022E+0000   0.1304295E-0015   0.1795067E+0002  -0.8165209E-0003   0.3008810E-0014   0.6990201E-0001  -0.5998620E+0002
    17.53600   0.2793022E+0000   0.4921194E-0015   0.1795056E+0002  -0.8165209E-0003   0.3007468E-0014   0.6984520E-0001  -0.5998620E+0002
    17.54400   0.2793022E+0000   0.3112744E-0015   0.1795045E+0002  -0.8165209E-0003   0.3006831E-0014   0.6978923E-0001  -0.5998621E+0002
    17.55200   0.2793022E+0000   0.4921194E-0015   0.1795034E+0002  -0.8165209E-0003   0.3006899E-0014   0.6973394E-0001  -0.5998621E+0002
    17.56000   0.2793022E+0000   0.3112744E-0015   0.1795023E+0002  -0.8165209E-0003   0.3006981E-0014   0.6967917E-0001  -0.5998621E+0002
    17.56800   0.2793022E+0000   0.3112744E-0015   0.1795013E+0002  -0.8165209E-0003   0.3007767E-0014   0.6962478E-0001  -0.5998622E+0002
    17.57600   0.2793022E+0000   0.1304295E-0015   0.1795003E+0002  -0.8165209E-0003   0.3007848E-0014   0.6957064E-0001  -0.5998622E+0002
    17.58400   0.2793022E+0000   0.1304295E-0015   0.1794994E+0002  -0.8165209E-0003   0.3009339E-0014   0.6951664E-0001  -0.5998622E+0002
    17.59200   0.2793022E+0000   0.3112744E-0015   0.1794985E+0002  -0.8165209E-0003   0.3011534E-0014   0.6946268E-0001  -0.5998623E+0002
    17.60000   0.2793022E+0000   0.6729643E-0015   0.1794976E+0002  -0.8165209E-0003   0.3010206E-0014   0.6940871E-0001  -0.5998623E+0002
    17.60800   0.2793022E+0000   0.3112744E-0015   0.1794967E+0002  -0.8165209E-0003   0.3010287E-0014   0.6935468E-0001  -0.5998624E+0002
    17.61600   0.2793022E+0000   0.1304295E-0015   0.1794959E+0002  -0.8165209E-0003   0.3010369E-0014   0.6930058E-0001  -0.5998624E+0002
    17.62400   0.2793022E+0000   0.3112744E-0015   0.1794951E+0002  -0.8165209E-0003   0.3010436E-0014   0.6924645E-0001  -0.5998625E+0002
    17.63200   0.2793022E+0000   0.1304295E-0015   0.1794943E+0002  -0.8165209E-0003   0.3009813E-0014   0.6919232E-0001  -0.5998625E+0002
    17.64000   0.2793022E+0000  -0.2312603E-0015   0.1794936E+0002  -0.8165209E-0003   0.3012009E-0014   0.6913831E-0001  -0.5998626E+0002
    17.64800   0.2793022E+0000   0.3112744E-0015   0.1794929E+0002  -0.8165209E-0003   0.3012795E-0014   0.6908452E-0001  -0.5998626E+0002
    17.65600   0.2793022E+0000  -0.5041540E-0016   0.1794923E+0002  -0.8165209E-0003   0.3010057E-0014   0.6903110E-0001  -0.5998627E+0002
    17.66400   0.2793022E+0000   0.3112744E-0015   0.1794916E+0002  -0.8165209E-0003   0.3010138E-0014   0.6897823E-0001  -0.5998628E+0002
    17.67200   0.2793022E+0000   0.1304295E-0015   0.1794910E+0002  -0.8165209E-0003   0.3012334E-0014   0.6892612E-0001  -0.5998628E+0002
    17.68000   0.2793022E+0000   0.1304295E-0015   0.1794904E+0002  -0.8165209E-0003   0.3008891E-0014   0.6887498E-0001  -0.5998629E+0002
    17.68800   0.2793022E+0000   0.6729643E-0015   0.1794899E+0002  -0.8165209E-0003   0.3010382E-0014   0.6882505E-0001  -0.5998629E+0002
    17.69600   0.2793022E+0000   0.4921194E-0015   0.1794893E+0002  -0.8165209E-0003   0.3010450E-0014   0.6877657E-0001  -0.5998630E+0002
    17.70400   0.2793022E+0000   0.6729643E-0015   0.1794888E+0002  -0.8165209E-0003   0.3011236E-0014   0.6872980E-0001  -0.5998630E+0002
    17.71200   0.2793022E+0000   0.3112744E-0015   0.1794883E+0002  -0.8165209E-0003   0.3011317E-0014   0.6868498E-0001  -0.5998630E+0002
    17.72000   0.2793022E+0000   0.6729643E-0015   0.1794878E+0002  -0.8165209E-0003   0.3010680E-0014   0.6864236E-0001  -0.5998631E+0002
    17.72800   0.2793022E+0000   0.3112744E-0015   0.1794873E+0002  -0.8165209E-0003   0.3012171E-0014   0.6860215E-0001  -0.5998631E+0002
    17.73600   0.2793022E+0000   0.1304295E-0015   0.1794868E+0002  -0.8165209E-0003   0.3011548E-0014   0.6856458E-0001  -0.5998631E+0002
    17.74400   0.2793022E+0000   0.3112744E-0015   0.1794864E+0002  -0.8165209E-0003   0.3010220E-0014   0.6852981E-0001  -0.5998632E+0002
    17.75200   0.2793022E+0000   0.1304295E-0015   0.1794859E+0002  -0.8165209E-0003   0.3011006E-0014   0.6849800E-0001  -0.5998632E+0002
    17.76000   0.2793022E+0000   0.1304295E-0015   0.1794854E+0002  -0.8165209E-0003   0.3011087E-0014   0.6846926E-0001  -0.5998632E+0002
    17.76800   0.2793022E+0000   0.3112744E-0015   0.1794849E+0002  -0.8165209E-0003   0.3010450E-0014   0.6844367E-0001  -0.5998632E+0002
    17.77600   0.2793022E+0000   0.6729643E-0015   0.1794844E+0002  -0.8165209E-0003   0.3013364E-0014   0.6842126E-0001  -0.5998632E+0002
    17.78400   0.2793022E+0000   0.1304295E-0015   0.1794839E+0002  -0.8165209E-0003   0.3011317E-0014   0.6840202E-0001  -0.5998632E+0002
    17.79200   0.2793022E+0000   0.1304295E-0015   0.1794834E+0002  -0.8165209E-0003   0.3011399E-0014   0.6838587E-0001  -0.5998632E+0002
    17.80000   0.2793022E+0000   0.1304295E-0015   0.1794829E+0002  -0.8165209E-0003   0.3010775E-0014   0.6837272E-0001  -0.5998632E+0002
    17.80800   0.2793022E+0000  -0.5041540E-0016   0.1794823E+0002  -0.8165209E-0003   0.3010857E-0014   0.6836240E-0001  -0.5998633E+0002
    17.81600   0.2793022E+0000   0.4921194E-0015   0.1794818E+0002  -0.8165209E-0003   0.3013757E-0014   0.6835472E-0001  -0.5998633E+0002
    17.82400   0.2793022E+0000   0.1304295E-0015   0.1794812E+0002  -0.8165209E-0003   0.3011710E-0014   0.6834943E-0001  -0.5998633E+0002
    17.83200   0.2793022E+0000   0.4921194E-0015   0.1794806E+0002  -0.8165209E-0003   0.3010369E-0014   0.6834624E-0001  -0.5998633E+0002
    17.84000   0.2793022E+0000   0.4921194E-0015   0.1794800E+0002  -0.8165209E-0003   0.3011155E-0014   0.6834484E-0001  -0.5998633E+0002
    17.84800   0.2793022E+0000   0.6729641E-0015   0.1794794E+0002  -0.8165209E-0003   0.3012645E-0014   0.6834488E-0001  -0.5998633E+0002
    17.85600   0.2793022E+0000   0.4921194E-0015   0.1794787E+0002  -0.8165209E-0003   0.3012713E-0014   0.6834599E-0001  -0.5998634E+0002
    17.86400   0.2793022E+0000  -0.5041540E-0016   0.1794780E+0002  -0.8165209E-0003   0.3014204E-0014   0.6834778E-0001  -0.5998634E+0002
    17.87200   0.2793022E+0000   0.3112744E-0015   0.1794773E+0002  -0.8165209E-0003   0.3012171E-0014   0.6834986E-0001  -0.5998634E+0002
    17.88000   0.2793022E+0000   0.1304295E-0015   0.1794766E+0002  -0.8165209E-0003   0.3013662E-0014   0.6835182E-0001  -0.5998635E+0002
    17.88800   0.2793022E+0000   0.3112744E-0015   0.1794758E+0002  -0.8165209E-0003   0.3014448E-0014   0.6835326E-0001  -0.5998635E+0002
    17.89600   0.2793022E+0000   0.1304295E-0015   0.1794750E+0002  -0.8165209E-0003   0.3013106E-0014   0.6835381E-0001  -0.5998636E+0002
    17.90400   0.2793022E+0000   0.1304295E-0015   0.1794741E+0002  -0.8165209E-0003   0.3014597E-0014   0.6835309E-0001  -0.5998637E+0002
    17.91200   0.2793022E+0000   0.1304295E-0015   0.1794733E+0002  -0.8165209E-0003   0.3013255E-0014   0.6835076E-0001  -0.5998637E+0002
    17.92000   0.2793022E+0000   0.4921194E-0015   0.1794724E+0002  -0.8165209E-0003   0.3013323E-0014   0.6834651E-0001  -0.5998638E+0002
    17.92800   0.2793022E+0000   0.1304295E-0015   0.1794714E+0002  -0.8165209E-0003   0.3012700E-0014   0.6834006E-0001  -0.5998639E+0002
    17.93600   0.2793022E+0000  -0.5041540E-0016   0.1794704E+0002  -0.8165209E-0003   0.3012781E-0014   0.6833119E-0001  -0.5998640E+0002
    17.94400   0.2793022E+0000   0.6729643E-0015   0.1794694E+0002  -0.8165209E-0003   0.3013567E-0014   0.6831969E-0001  -0.5998641E+0002
    17.95200   0.2793022E+0000   0.3112744E-0015   0.1794683E+0002  -0.8165209E-0003   0.3012944E-0014   0.6830542E-0001  -0.5998642E+0002
    17.96000   0.2793022E+0000   0.1304295E-0015   0.1794672E+0002  -0.8165209E-0003   0.3013730E-0014   0.6828828E-0001  -0.5998644E+0002
    17.96800   0.2793022E+0000   0.4921194E-0015   0.1794660E+0002  -0.8165209E-0003   0.3014502E-0014   0.6826823E-0001  -0.5998645E+0002
    17.97600   0.2793022E+0000   0.6729643E-0015   0.1794648E+0002  -0.8165209E-0003   0.3013865E-0014   0.6824526E-0001  -0.5998646E+0002
    17.98400   0.2793022E+0000   0.4921194E-0015   0.1794636E+0002  -0.8165209E-0003   0.3014651E-0014   0.6821941E-0001  -0.5998648E+0002
    17.99200   0.2793022E+0000   0.6729643E-0015   0.1794624E+0002  -0.8165209E-0003   0.3014719E-0014   0.6819078E-0001  -0.5998649E+0002
    18.00000   0.2793022E+0000   0.1304295E-0015   0.1794611E+0002  -0.8165209E-0003   0.3014800E-0014   0.6815950E-0001  -0.5998650E+0002
